ISO-10303-21;
HEADER;
FILE_DESCRIPTION(('Open CASCADE Model'),'2;1');
FILE_NAME('Open CASCADE Shape Model','2026-09-16T17:13:41',('Author'),(
    'Open CASCADE'),'Open CASCADE STEP processor 7.9','build123d',
  'Unknown');
FILE_SCHEMA(('AUTOMOTIVE_DESIGN { 1 0 10303 214 1 1 1 1 }'));
ENDSEC;
DATA;
#1 = APPLICATION_PROTOCOL_DEFINITION('international standard',
  'automotive_design',2000,#2);
#2 = APPLICATION_CONTEXT(
  'core data for automotive mechanical design processes');
#3 = SHAPE_DEFINITION_REPRESENTATION(#4,#10);
#4 = PRODUCT_DEFINITION_SHAPE('','',#5);
#5 = PRODUCT_DEFINITION('design','',#6,#9);
#6 = PRODUCT_DEFINITION_FORMATION('','',#7);
#7 = PRODUCT('COMPOUND','COMPOUND','',(#8));
#8 = PRODUCT_CONTEXT('',#2,'mechanical');
#9 = PRODUCT_DEFINITION_CONTEXT('part definition',#2,'design');
#10 = ADVANCED_BREP_SHAPE_REPRESENTATION('',(#11,#15),#14005);
#11 = AXIS2_PLACEMENT_3D('',#12,#13,#14);
#12 = CARTESIAN_POINT('',(0.,0.,0.));
#13 = DIRECTION('',(0.,0.,1.));
#14 = DIRECTION('',(1.,0.,-0.));
#15 = MANIFOLD_SOLID_BREP('',#16);
#16 = CLOSED_SHELL('',(#17,#311,#1265,#1320,#1470,#1519,#1566,#1599,
    #1675,#1724,#1773,#1800,#2737,#2831,#2878,#2975,#3180,#3256,#4663,
    #5910,#5937,#5964,#5991,#6018,#6045,#6072,#6099,#6126,#6153,#6180,
    #6207,#6234,#6261,#6288,#6315,#6390,#6439,#6487,#6600,#6645,#6690,
    #7120,#7166,#7219,#7264,#7365,#7410,#7457,#7512,#7559,#7614,#7659,
    #7704,#7795,#7842,#7896,#7941,#8122,#8167,#8212,#8237,#8282,#8327,
    #8352,#8453,#8669,#8694,#8749,#8804,#8859,#8866,#8911,#8936,#8982,
    #9187,#9261,#9268,#9323,#9330,#9357,#9364,#9371,#9378,#9385,#9392,
    #9399,#9426,#9453,#9480,#9487,#9514,#9541,#9548,#9575,#9602,#9609,
    #9636,#9663,#9670,#9697,#9724,#9731,#9758,#9785,#9792,#9819,#9846,
    #9853,#9880,#9907,#9914,#9944,#10020,#10069,#10219,#10246,#10351,
    #10376,#10389,#10396,#10403,#10452,#11008,#11035,#11169,#11218,
    #11365,#11392,#11447,#11502,#11557,#11606,#11753,#11780,#11807,
    #11862,#12165,#12234,#12283,#12330,#12337,#12363,#12461,#12510,
    #12559,#12608,#12656,#12684,#12691,#12767,#12816,#12865,#12914,
    #12962,#13031,#13038,#13064,#13094,#13101,#13156,#13160,#13164,
    #13168,#13223,#13227,#13282,#13337,#13392,#13447,#13487,#13527,
    #13562,#13597,#13632,#13667,#13697,#13727,#13782,#13837,#13864,
    #13891,#13941,#13991,#13998));
#17 = ADVANCED_FACE('',(#18,#205),#32,.T.);
#18 = FACE_BOUND('',#19,.T.);
#19 = EDGE_LOOP('',(#20,#55,#91,#119,#151,#179));
#20 = ORIENTED_EDGE('',*,*,#21,.F.);
#21 = EDGE_CURVE('',#22,#24,#26,.T.);
#22 = VERTEX_POINT('',#23);
#23 = CARTESIAN_POINT('',(-50.,-66.,35.047619047619));
#24 = VERTEX_POINT('',#25);
#25 = CARTESIAN_POINT('',(-50.,140.,89.));
#26 = SURFACE_CURVE('',#27,(#31,#43),.PCURVE_S1.);
#27 = LINE('',#28,#29);
#28 = CARTESIAN_POINT('',(-50.,-70.,34.));
#29 = VECTOR('',#30,1.);
#30 = DIRECTION('',(0.,0.96737222338,0.253359391838));
#31 = PCURVE('',#32,#37);
#32 = PLANE('',#33);
#33 = AXIS2_PLACEMENT_3D('',#34,#35,#36);
#34 = CARTESIAN_POINT('',(0.,60.,68.047619047619));
#35 = DIRECTION('',(0.,-0.253359391838,0.96737222338));
#36 = DIRECTION('',(1.,0.,0.));
#37 = DEFINITIONAL_REPRESENTATION('',(#38),#42);
#38 = LINE('',#39,#40);
#39 = CARTESIAN_POINT('',(-50.,-134.3846730948));
#40 = VECTOR('',#41,1.);
#41 = DIRECTION('',(0.,1.));
#42 = ( GEOMETRIC_REPRESENTATION_CONTEXT(2) 
PARAMETRIC_REPRESENTATION_CONTEXT() REPRESENTATION_CONTEXT('2D SPACE',''
  ) );
#43 = PCURVE('',#44,#49);
#44 = PLANE('',#45);
#45 = AXIS2_PLACEMENT_3D('',#46,#47,#48);
#46 = CARTESIAN_POINT('',(-50.,60.563089947655,35.690677038067));
#47 = DIRECTION('',(-1.,-0.,-0.));
#48 = DIRECTION('',(0.,-1.,0.));
#49 = DEFINITIONAL_REPRESENTATION('',(#50),#54);
#50 = LINE('',#51,#52);
#51 = CARTESIAN_POINT('',(130.56308994765,-1.690677038067));
#52 = VECTOR('',#53,1.);
#53 = DIRECTION('',(-0.96737222338,0.253359391838));
#54 = ( GEOMETRIC_REPRESENTATION_CONTEXT(2) 
PARAMETRIC_REPRESENTATION_CONTEXT() REPRESENTATION_CONTEXT('2D SPACE',''
  ) );
#55 = ORIENTED_EDGE('',*,*,#56,.F.);
#56 = EDGE_CURVE('',#57,#22,#59,.T.);
#57 = VERTEX_POINT('',#58);
#58 = CARTESIAN_POINT('',(-46.,-70.,34.));
#59 = SURFACE_CURVE('',#60,(#65,#76),.PCURVE_S1.);
#60 = ELLIPSE('',#61,4.134913018303,4.);
#61 = AXIS2_PLACEMENT_3D('',#62,#63,#64);
#62 = CARTESIAN_POINT('',(-46.,-66.,35.047619047619));
#63 = DIRECTION('',(0.,0.253359391838,-0.96737222338));
#64 = DIRECTION('',(0.,0.96737222338,0.253359391838));
#65 = PCURVE('',#32,#66);
#66 = DEFINITIONAL_REPRESENTATION('',(#67),#75);
#67 = ( BOUNDED_CURVE() B_SPLINE_CURVE(2,(#68,#69,#70,#71,#72,#73,#74),
.UNSPECIFIED.,.T.,.F.) B_SPLINE_CURVE_WITH_KNOTS((1,2,2,2,2,1),(
    -2.094395102393,0.,2.094395102393,4.188790204786,6.28318530718,
8.377580409573),.UNSPECIFIED.) CURVE() GEOMETRIC_REPRESENTATION_ITEM() 
RATIONAL_B_SPLINE_CURVE((1.,0.5,1.,0.5,1.,0.5,1.)) REPRESENTATION_ITEM(
  '') );
#68 = CARTESIAN_POINT('',(-46.,-126.1148470582));
#69 = CARTESIAN_POINT('',(-39.07179676972,-126.1148470582));
#70 = CARTESIAN_POINT('',(-42.53589838486,-132.3172165857));
#71 = CARTESIAN_POINT('',(-46.,-138.5195861131));
#72 = CARTESIAN_POINT('',(-49.46410161513,-132.3172165857));
#73 = CARTESIAN_POINT('',(-52.92820323027,-126.1148470582));
#74 = CARTESIAN_POINT('',(-46.,-126.1148470582));
#75 = ( GEOMETRIC_REPRESENTATION_CONTEXT(2) 
PARAMETRIC_REPRESENTATION_CONTEXT() REPRESENTATION_CONTEXT('2D SPACE',''
  ) );
#76 = PCURVE('',#77,#82);
#77 = CYLINDRICAL_SURFACE('',#78,4.);
#78 = AXIS2_PLACEMENT_3D('',#79,#80,#81);
#79 = CARTESIAN_POINT('',(-46.,-66.,0.));
#80 = DIRECTION('',(0.,0.,1.));
#81 = DIRECTION('',(0.,-1.,0.));
#82 = DEFINITIONAL_REPRESENTATION('',(#83),#90);
#83 = B_SPLINE_CURVE_WITH_KNOTS('',5,(#84,#85,#86,#87,#88,#89),
  .UNSPECIFIED.,.F.,.F.,(6,6),(3.14159265359,4.712388980385),
  .PIECEWISE_BEZIER_KNOTS.);
#84 = CARTESIAN_POINT('',(0.,34.));
#85 = CARTESIAN_POINT('',(-0.314159265359,34.));
#86 = CARTESIAN_POINT('',(-0.628316491042,34.128886642779));
#87 = CARTESIAN_POINT('',(-0.942478622248,34.389084066511));
#88 = CARTESIAN_POINT('',(-1.256637061436,34.718499817243));
#89 = CARTESIAN_POINT('',(-1.570796326795,35.047619047619));
#90 = ( GEOMETRIC_REPRESENTATION_CONTEXT(2) 
PARAMETRIC_REPRESENTATION_CONTEXT() REPRESENTATION_CONTEXT('2D SPACE',''
  ) );
#91 = ORIENTED_EDGE('',*,*,#92,.F.);
#92 = EDGE_CURVE('',#93,#57,#95,.T.);
#93 = VERTEX_POINT('',#94);
#94 = CARTESIAN_POINT('',(46.,-70.,34.));
#95 = SURFACE_CURVE('',#96,(#100,#107),.PCURVE_S1.);
#96 = LINE('',#97,#98);
#97 = CARTESIAN_POINT('',(50.,-70.,34.));
#98 = VECTOR('',#99,1.);
#99 = DIRECTION('',(-1.,0.,0.));
#100 = PCURVE('',#32,#101);
#101 = DEFINITIONAL_REPRESENTATION('',(#102),#106);
#102 = LINE('',#103,#104);
#103 = CARTESIAN_POINT('',(50.,-134.3846730948));
#104 = VECTOR('',#105,1.);
#105 = DIRECTION('',(-1.,0.));
#106 = ( GEOMETRIC_REPRESENTATION_CONTEXT(2) 
PARAMETRIC_REPRESENTATION_CONTEXT() REPRESENTATION_CONTEXT('2D SPACE',''
  ) );
#107 = PCURVE('',#108,#113);
#108 = PLANE('',#109);
#109 = AXIS2_PLACEMENT_3D('',#110,#111,#112);
#110 = CARTESIAN_POINT('',(0.,-70.,0.));
#111 = DIRECTION('',(0.,1.,0.));
#112 = DIRECTION('',(0.,-0.,1.));
#113 = DEFINITIONAL_REPRESENTATION('',(#114),#118);
#114 = LINE('',#115,#116);
#115 = CARTESIAN_POINT('',(34.,50.));
#116 = VECTOR('',#117,1.);
#117 = DIRECTION('',(0.,-1.));
#118 = ( GEOMETRIC_REPRESENTATION_CONTEXT(2) 
PARAMETRIC_REPRESENTATION_CONTEXT() REPRESENTATION_CONTEXT('2D SPACE',''
  ) );
#119 = ORIENTED_EDGE('',*,*,#120,.T.);
#120 = EDGE_CURVE('',#93,#121,#123,.T.);
#121 = VERTEX_POINT('',#122);
#122 = CARTESIAN_POINT('',(50.,-66.,35.047619047619));
#123 = SURFACE_CURVE('',#124,(#129,#136),.PCURVE_S1.);
#124 = ELLIPSE('',#125,4.134913018303,4.);
#125 = AXIS2_PLACEMENT_3D('',#126,#127,#128);
#126 = CARTESIAN_POINT('',(46.,-66.,35.047619047619));
#127 = DIRECTION('',(0.,-0.253359391838,0.96737222338));
#128 = DIRECTION('',(0.,0.96737222338,0.253359391838));
#129 = PCURVE('',#32,#130);
#130 = DEFINITIONAL_REPRESENTATION('',(#131),#135);
#131 = ELLIPSE('',#132,4.134913018303,4.);
#132 = AXIS2_PLACEMENT_2D('',#133,#134);
#133 = CARTESIAN_POINT('',(46.,-130.2497600765));
#134 = DIRECTION('',(0.,1.));
#135 = ( GEOMETRIC_REPRESENTATION_CONTEXT(2) 
PARAMETRIC_REPRESENTATION_CONTEXT() REPRESENTATION_CONTEXT('2D SPACE',''
  ) );
#136 = PCURVE('',#137,#142);
#137 = CYLINDRICAL_SURFACE('',#138,4.);
#138 = AXIS2_PLACEMENT_3D('',#139,#140,#141);
#139 = CARTESIAN_POINT('',(46.,-66.,0.));
#140 = DIRECTION('',(0.,0.,1.));
#141 = DIRECTION('',(0.,-1.,0.));
#142 = DEFINITIONAL_REPRESENTATION('',(#143),#150);
#143 = B_SPLINE_CURVE_WITH_KNOTS('',5,(#144,#145,#146,#147,#148,#149),
  .UNSPECIFIED.,.F.,.F.,(6,6),(3.14159265359,4.712388980385),
  .PIECEWISE_BEZIER_KNOTS.);
#144 = CARTESIAN_POINT('',(0.,34.));
#145 = CARTESIAN_POINT('',(0.314159265359,34.));
#146 = CARTESIAN_POINT('',(0.628316491042,34.128886642779));
#147 = CARTESIAN_POINT('',(0.942478622248,34.389084066511));
#148 = CARTESIAN_POINT('',(1.256637061436,34.718499817243));
#149 = CARTESIAN_POINT('',(1.570796326795,35.047619047619));
#150 = ( GEOMETRIC_REPRESENTATION_CONTEXT(2) 
PARAMETRIC_REPRESENTATION_CONTEXT() REPRESENTATION_CONTEXT('2D SPACE',''
  ) );
#151 = ORIENTED_EDGE('',*,*,#152,.T.);
#152 = EDGE_CURVE('',#121,#153,#155,.T.);
#153 = VERTEX_POINT('',#154);
#154 = CARTESIAN_POINT('',(50.,140.,89.));
#155 = SURFACE_CURVE('',#156,(#160,#167),.PCURVE_S1.);
#156 = LINE('',#157,#158);
#157 = CARTESIAN_POINT('',(50.,-70.,34.));
#158 = VECTOR('',#159,1.);
#159 = DIRECTION('',(0.,0.96737222338,0.253359391838));
#160 = PCURVE('',#32,#161);
#161 = DEFINITIONAL_REPRESENTATION('',(#162),#166);
#162 = LINE('',#163,#164);
#163 = CARTESIAN_POINT('',(50.,-134.3846730948));
#164 = VECTOR('',#165,1.);
#165 = DIRECTION('',(0.,1.));
#166 = ( GEOMETRIC_REPRESENTATION_CONTEXT(2) 
PARAMETRIC_REPRESENTATION_CONTEXT() REPRESENTATION_CONTEXT('2D SPACE',''
  ) );
#167 = PCURVE('',#168,#173);
#168 = PLANE('',#169);
#169 = AXIS2_PLACEMENT_3D('',#170,#171,#172);
#170 = CARTESIAN_POINT('',(50.,60.563089947655,35.690677038067));
#171 = DIRECTION('',(-1.,-0.,-0.));
#172 = DIRECTION('',(0.,-1.,0.));
#173 = DEFINITIONAL_REPRESENTATION('',(#174),#178);
#174 = LINE('',#175,#176);
#175 = CARTESIAN_POINT('',(130.56308994765,-1.690677038067));
#176 = VECTOR('',#177,1.);
#177 = DIRECTION('',(-0.96737222338,0.253359391838));
#178 = ( GEOMETRIC_REPRESENTATION_CONTEXT(2) 
PARAMETRIC_REPRESENTATION_CONTEXT() REPRESENTATION_CONTEXT('2D SPACE',''
  ) );
#179 = ORIENTED_EDGE('',*,*,#180,.T.);
#180 = EDGE_CURVE('',#153,#24,#181,.T.);
#181 = SURFACE_CURVE('',#182,(#186,#193),.PCURVE_S1.);
#182 = LINE('',#183,#184);
#183 = CARTESIAN_POINT('',(50.,140.,89.));
#184 = VECTOR('',#185,1.);
#185 = DIRECTION('',(-1.,0.,0.));
#186 = PCURVE('',#32,#187);
#187 = DEFINITIONAL_REPRESENTATION('',(#188),#192);
#188 = LINE('',#189,#190);
#189 = CARTESIAN_POINT('',(50.,82.698260366066));
#190 = VECTOR('',#191,1.);
#191 = DIRECTION('',(-1.,0.));
#192 = ( GEOMETRIC_REPRESENTATION_CONTEXT(2) 
PARAMETRIC_REPRESENTATION_CONTEXT() REPRESENTATION_CONTEXT('2D SPACE',''
  ) );
#193 = PCURVE('',#194,#199);
#194 = PLANE('',#195);
#195 = AXIS2_PLACEMENT_3D('',#196,#197,#198);
#196 = CARTESIAN_POINT('',(0.,140.,150.));
#197 = DIRECTION('',(0.,-1.,0.));
#198 = DIRECTION('',(0.,0.,-1.));
#199 = DEFINITIONAL_REPRESENTATION('',(#200),#204);
#200 = LINE('',#201,#202);
#201 = CARTESIAN_POINT('',(61.,50.));
#202 = VECTOR('',#203,1.);
#203 = DIRECTION('',(0.,-1.));
#204 = ( GEOMETRIC_REPRESENTATION_CONTEXT(2) 
PARAMETRIC_REPRESENTATION_CONTEXT() REPRESENTATION_CONTEXT('2D SPACE',''
  ) );
#205 = FACE_BOUND('',#206,.T.);
#206 = EDGE_LOOP('',(#207,#235,#261,#287));
#207 = ORIENTED_EDGE('',*,*,#208,.F.);
#208 = EDGE_CURVE('',#209,#211,#213,.T.);
#209 = VERTEX_POINT('',#210);
#210 = CARTESIAN_POINT('',(-37.9,1.570717707833,52.744711780623));
#211 = VERTEX_POINT('',#212);
#212 = CARTESIAN_POINT('',(39.4,1.570717707833,52.744711780623));
#213 = SURFACE_CURVE('',#214,(#218,#224),.PCURVE_S1.);
#214 = LINE('',#215,#216);
#215 = CARTESIAN_POINT('',(-18.95,1.570717707833,52.744711780623));
#216 = VECTOR('',#217,1.);
#217 = DIRECTION('',(1.,0.,0.));
#218 = PCURVE('',#32,#219);
#219 = DEFINITIONAL_REPRESENTATION('',(#220),#223);
#220 = B_SPLINE_CURVE_WITH_KNOTS('',1,(#221,#222),.UNSPECIFIED.,.F.,.F.,
  (2,2),(-18.95,58.35),.PIECEWISE_BEZIER_KNOTS.);
#221 = CARTESIAN_POINT('',(-37.9,-60.4));
#222 = CARTESIAN_POINT('',(39.4,-60.4));
#223 = ( GEOMETRIC_REPRESENTATION_CONTEXT(2) 
PARAMETRIC_REPRESENTATION_CONTEXT() REPRESENTATION_CONTEXT('2D SPACE',''
  ) );
#224 = PCURVE('',#225,#230);
#225 = PLANE('',#226);
#226 = AXIS2_PLACEMENT_3D('',#227,#228,#229);
#227 = CARTESIAN_POINT('',(-37.9,0.81063953232,55.646828450764));
#228 = DIRECTION('',(0.,-0.96737222338,-0.253359391838));
#229 = DIRECTION('',(1.,0.,0.));
#230 = DEFINITIONAL_REPRESENTATION('',(#231),#234);
#231 = B_SPLINE_CURVE_WITH_KNOTS('',1,(#232,#233),.UNSPECIFIED.,.F.,.F.,
  (2,2),(-18.95,58.35),.PIECEWISE_BEZIER_KNOTS.);
#232 = CARTESIAN_POINT('',(0.,-3.));
#233 = CARTESIAN_POINT('',(77.3,-3.));
#234 = ( GEOMETRIC_REPRESENTATION_CONTEXT(2) 
PARAMETRIC_REPRESENTATION_CONTEXT() REPRESENTATION_CONTEXT('2D SPACE',''
  ) );
#235 = ORIENTED_EDGE('',*,*,#236,.T.);
#236 = EDGE_CURVE('',#209,#237,#239,.T.);
#237 = VERTEX_POINT('',#238);
#238 = CARTESIAN_POINT('',(-37.9,118.42928229216,83.350526314615));
#239 = SURFACE_CURVE('',#240,(#244,#250),.PCURVE_S1.);
#240 = LINE('',#241,#242);
#241 = CARTESIAN_POINT('',(-37.9,30.785358853917,60.396165414121));
#242 = VECTOR('',#243,1.);
#243 = DIRECTION('',(0.,0.96737222338,0.253359391838));
#244 = PCURVE('',#32,#245);
#245 = DEFINITIONAL_REPRESENTATION('',(#246),#249);
#246 = B_SPLINE_CURVE_WITH_KNOTS('',1,(#247,#248),.UNSPECIFIED.,.F.,.F.,
  (2,2),(-30.2,90.6),.PIECEWISE_BEZIER_KNOTS.);
#247 = CARTESIAN_POINT('',(-37.9,-60.4));
#248 = CARTESIAN_POINT('',(-37.9,60.4));
#249 = ( GEOMETRIC_REPRESENTATION_CONTEXT(2) 
PARAMETRIC_REPRESENTATION_CONTEXT() REPRESENTATION_CONTEXT('2D SPACE',''
  ) );
#250 = PCURVE('',#251,#256);
#251 = PLANE('',#252);
#252 = AXIS2_PLACEMENT_3D('',#253,#254,#255);
#253 = CARTESIAN_POINT('',(-37.9,0.81063953232,55.646828450764));
#254 = DIRECTION('',(1.,0.,-0.));
#255 = DIRECTION('',(0.,0.96737222338,0.253359391838));
#256 = DEFINITIONAL_REPRESENTATION('',(#257),#260);
#257 = B_SPLINE_CURVE_WITH_KNOTS('',1,(#258,#259),.UNSPECIFIED.,.F.,.F.,
  (2,2),(-30.2,90.6),.PIECEWISE_BEZIER_KNOTS.);
#258 = CARTESIAN_POINT('',(-3.552713678801E-15,-3.));
#259 = CARTESIAN_POINT('',(120.8,-3.));
#260 = ( GEOMETRIC_REPRESENTATION_CONTEXT(2) 
PARAMETRIC_REPRESENTATION_CONTEXT() REPRESENTATION_CONTEXT('2D SPACE',''
  ) );
#261 = ORIENTED_EDGE('',*,*,#262,.T.);
#262 = EDGE_CURVE('',#237,#263,#265,.T.);
#263 = VERTEX_POINT('',#264);
#264 = CARTESIAN_POINT('',(39.4,118.42928229216,83.350526314615));
#265 = SURFACE_CURVE('',#266,(#270,#276),.PCURVE_S1.);
#266 = LINE('',#267,#268);
#267 = CARTESIAN_POINT('',(-18.95,118.42928229216,83.350526314615));
#268 = VECTOR('',#269,1.);
#269 = DIRECTION('',(1.,0.,0.));
#270 = PCURVE('',#32,#271);
#271 = DEFINITIONAL_REPRESENTATION('',(#272),#275);
#272 = B_SPLINE_CURVE_WITH_KNOTS('',1,(#273,#274),.UNSPECIFIED.,.F.,.F.,
  (2,2),(-18.95,58.35),.PIECEWISE_BEZIER_KNOTS.);
#273 = CARTESIAN_POINT('',(-37.9,60.4));
#274 = CARTESIAN_POINT('',(39.4,60.4));
#275 = ( GEOMETRIC_REPRESENTATION_CONTEXT(2) 
PARAMETRIC_REPRESENTATION_CONTEXT() REPRESENTATION_CONTEXT('2D SPACE',''
  ) );
#276 = PCURVE('',#277,#282);
#277 = PLANE('',#278);
#278 = AXIS2_PLACEMENT_3D('',#279,#280,#281);
#279 = CARTESIAN_POINT('',(-37.9,117.66920411665,86.252642984756));
#280 = DIRECTION('',(0.,-0.96737222338,-0.253359391838));
#281 = DIRECTION('',(1.,0.,0.));
#282 = DEFINITIONAL_REPRESENTATION('',(#283),#286);
#283 = B_SPLINE_CURVE_WITH_KNOTS('',1,(#284,#285),.UNSPECIFIED.,.F.,.F.,
  (2,2),(-18.95,58.35),.PIECEWISE_BEZIER_KNOTS.);
#284 = CARTESIAN_POINT('',(0.,-3.));
#285 = CARTESIAN_POINT('',(77.3,-3.));
#286 = ( GEOMETRIC_REPRESENTATION_CONTEXT(2) 
PARAMETRIC_REPRESENTATION_CONTEXT() REPRESENTATION_CONTEXT('2D SPACE',''
  ) );
#287 = ORIENTED_EDGE('',*,*,#288,.F.);
#288 = EDGE_CURVE('',#211,#263,#289,.T.);
#289 = SURFACE_CURVE('',#290,(#294,#300),.PCURVE_S1.);
#290 = LINE('',#291,#292);
#291 = CARTESIAN_POINT('',(39.4,30.785358853917,60.396165414121));
#292 = VECTOR('',#293,1.);
#293 = DIRECTION('',(0.,0.96737222338,0.253359391838));
#294 = PCURVE('',#32,#295);
#295 = DEFINITIONAL_REPRESENTATION('',(#296),#299);
#296 = B_SPLINE_CURVE_WITH_KNOTS('',1,(#297,#298),.UNSPECIFIED.,.F.,.F.,
  (2,2),(-30.2,90.6),.PIECEWISE_BEZIER_KNOTS.);
#297 = CARTESIAN_POINT('',(39.4,-60.4));
#298 = CARTESIAN_POINT('',(39.4,60.4));
#299 = ( GEOMETRIC_REPRESENTATION_CONTEXT(2) 
PARAMETRIC_REPRESENTATION_CONTEXT() REPRESENTATION_CONTEXT('2D SPACE',''
  ) );
#300 = PCURVE('',#301,#306);
#301 = PLANE('',#302);
#302 = AXIS2_PLACEMENT_3D('',#303,#304,#305);
#303 = CARTESIAN_POINT('',(39.4,0.81063953232,55.646828450764));
#304 = DIRECTION('',(1.,0.,-0.));
#305 = DIRECTION('',(0.,0.96737222338,0.253359391838));
#306 = DEFINITIONAL_REPRESENTATION('',(#307),#310);
#307 = B_SPLINE_CURVE_WITH_KNOTS('',1,(#308,#309),.UNSPECIFIED.,.F.,.F.,
  (2,2),(-30.2,90.6),.PIECEWISE_BEZIER_KNOTS.);
#308 = CARTESIAN_POINT('',(-3.552713678801E-15,-3.));
#309 = CARTESIAN_POINT('',(120.8,-3.));
#310 = ( GEOMETRIC_REPRESENTATION_CONTEXT(2) 
PARAMETRIC_REPRESENTATION_CONTEXT() REPRESENTATION_CONTEXT('2D SPACE',''
  ) );
#311 = ADVANCED_FACE('',(#312,#487,#593,#689,#785,#881,#977,#1073,#1169)
  ,#44,.T.);
#312 = FACE_BOUND('',#313,.T.);
#313 = EDGE_LOOP('',(#314,#342,#363,#364,#385,#411,#437,#463));
#314 = ORIENTED_EDGE('',*,*,#315,.F.);
#315 = EDGE_CURVE('',#316,#318,#320,.T.);
#316 = VERTEX_POINT('',#317);
#317 = CARTESIAN_POINT('',(-50.,-66.,11.047619047619));
#318 = VERTEX_POINT('',#319);
#319 = CARTESIAN_POINT('',(-50.,-17.86069297557,23.655532792112));
#320 = SURFACE_CURVE('',#321,(#325,#331),.PCURVE_S1.);
#321 = LINE('',#322,#323);
#322 = CARTESIAN_POINT('',(-50.,99.239359007759,54.324594025842));
#323 = VECTOR('',#324,1.);
#324 = DIRECTION('',(-0.,0.96737222338,0.253359391838));
#325 = PCURVE('',#44,#326);
#326 = DEFINITIONAL_REPRESENTATION('',(#327),#330);
#327 = B_SPLINE_CURVE_WITH_KNOTS('',1,(#328,#329),.UNSPECIFIED.,.F.,.F.,
  (2,2),(-170.8125941743,42.135426268301),.PIECEWISE_BEZIER_KNOTS.);
#328 = CARTESIAN_POINT('',(126.56308994765,-24.64305799044));
#329 = CARTESIAN_POINT('',(-79.43691005234,29.309322961933));
#330 = ( GEOMETRIC_REPRESENTATION_CONTEXT(2) 
PARAMETRIC_REPRESENTATION_CONTEXT() REPRESENTATION_CONTEXT('2D SPACE',''
  ) );
#331 = PCURVE('',#332,#337);
#332 = PLANE('',#333);
#333 = AXIS2_PLACEMENT_3D('',#334,#335,#336);
#334 = CARTESIAN_POINT('',(0.,140.,65.));
#335 = DIRECTION('',(0.,-0.253359391838,0.96737222338));
#336 = DIRECTION('',(0.,-0.96737222338,-0.253359391838));
#337 = DEFINITIONAL_REPRESENTATION('',(#338),#341);
#338 = B_SPLINE_CURVE_WITH_KNOTS('',1,(#339,#340),.UNSPECIFIED.,.F.,.F.,
  (2,2),(-170.8125941743,42.135426268301),.PIECEWISE_BEZIER_KNOTS.);
#339 = CARTESIAN_POINT('',(212.94802044262,-50.));
#340 = CARTESIAN_POINT('',(0.,-50.));
#341 = ( GEOMETRIC_REPRESENTATION_CONTEXT(2) 
PARAMETRIC_REPRESENTATION_CONTEXT() REPRESENTATION_CONTEXT('2D SPACE',''
  ) );
#342 = ORIENTED_EDGE('',*,*,#343,.T.);
#343 = EDGE_CURVE('',#316,#22,#344,.T.);
#344 = SURFACE_CURVE('',#345,(#349,#356),.PCURVE_S1.);
#345 = LINE('',#346,#347);
#346 = CARTESIAN_POINT('',(-50.,-66.,0.));
#347 = VECTOR('',#348,1.);
#348 = DIRECTION('',(0.,0.,1.));
#349 = PCURVE('',#44,#350);
#350 = DEFINITIONAL_REPRESENTATION('',(#351),#355);
#351 = LINE('',#352,#353);
#352 = CARTESIAN_POINT('',(126.56308994765,-35.69067703806));
#353 = VECTOR('',#354,1.);
#354 = DIRECTION('',(0.,1.));
#355 = ( GEOMETRIC_REPRESENTATION_CONTEXT(2) 
PARAMETRIC_REPRESENTATION_CONTEXT() REPRESENTATION_CONTEXT('2D SPACE',''
  ) );
#356 = PCURVE('',#77,#357);
#357 = DEFINITIONAL_REPRESENTATION('',(#358),#362);
#358 = LINE('',#359,#360);
#359 = CARTESIAN_POINT('',(-1.570796326795,0.));
#360 = VECTOR('',#361,1.);
#361 = DIRECTION('',(-0.,1.));
#362 = ( GEOMETRIC_REPRESENTATION_CONTEXT(2) 
PARAMETRIC_REPRESENTATION_CONTEXT() REPRESENTATION_CONTEXT('2D SPACE',''
  ) );
#363 = ORIENTED_EDGE('',*,*,#21,.T.);
#364 = ORIENTED_EDGE('',*,*,#365,.F.);
#365 = EDGE_CURVE('',#366,#24,#368,.T.);
#366 = VERTEX_POINT('',#367);
#367 = CARTESIAN_POINT('',(-50.,140.,65.));
#368 = SURFACE_CURVE('',#369,(#373,#379),.PCURVE_S1.);
#369 = LINE('',#370,#371);
#370 = CARTESIAN_POINT('',(-50.,140.,92.845338519034));
#371 = VECTOR('',#372,1.);
#372 = DIRECTION('',(-0.,0.,1.));
#373 = PCURVE('',#44,#374);
#374 = DEFINITIONAL_REPRESENTATION('',(#375),#378);
#375 = B_SPLINE_CURVE_WITH_KNOTS('',1,(#376,#377),.UNSPECIFIED.,.F.,.F.,
  (2,2),(-27.84533851903,-3.845338519034),.PIECEWISE_BEZIER_KNOTS.);
#376 = CARTESIAN_POINT('',(-79.43691005234,29.309322961933));
#377 = CARTESIAN_POINT('',(-79.43691005234,53.309322961933));
#378 = ( GEOMETRIC_REPRESENTATION_CONTEXT(2) 
PARAMETRIC_REPRESENTATION_CONTEXT() REPRESENTATION_CONTEXT('2D SPACE',''
  ) );
#379 = PCURVE('',#194,#380);
#380 = DEFINITIONAL_REPRESENTATION('',(#381),#384);
#381 = B_SPLINE_CURVE_WITH_KNOTS('',1,(#382,#383),.UNSPECIFIED.,.F.,.F.,
  (2,2),(-27.84533851903,-3.845338519034),.PIECEWISE_BEZIER_KNOTS.);
#382 = CARTESIAN_POINT('',(85.,-50.));
#383 = CARTESIAN_POINT('',(61.,-50.));
#384 = ( GEOMETRIC_REPRESENTATION_CONTEXT(2) 
PARAMETRIC_REPRESENTATION_CONTEXT() REPRESENTATION_CONTEXT('2D SPACE',''
  ) );
#385 = ORIENTED_EDGE('',*,*,#386,.F.);
#386 = EDGE_CURVE('',#387,#366,#389,.T.);
#387 = VERTEX_POINT('',#388);
#388 = CARTESIAN_POINT('',(-50.,-7.149764027761,26.460776087967));
#389 = SURFACE_CURVE('',#390,(#394,#400),.PCURVE_S1.);
#390 = LINE('',#391,#392);
#391 = CARTESIAN_POINT('',(-50.,99.239359007759,54.324594025842));
#392 = VECTOR('',#393,1.);
#393 = DIRECTION('',(-0.,0.96737222338,0.253359391838));
#394 = PCURVE('',#44,#395);
#395 = DEFINITIONAL_REPRESENTATION('',(#396),#399);
#396 = B_SPLINE_CURVE_WITH_KNOTS('',1,(#397,#398),.UNSPECIFIED.,.F.,.F.,
  (2,2),(-170.8125941743,42.135426268301),.PIECEWISE_BEZIER_KNOTS.);
#397 = CARTESIAN_POINT('',(126.56308994765,-24.64305799044));
#398 = CARTESIAN_POINT('',(-79.43691005234,29.309322961933));
#399 = ( GEOMETRIC_REPRESENTATION_CONTEXT(2) 
PARAMETRIC_REPRESENTATION_CONTEXT() REPRESENTATION_CONTEXT('2D SPACE',''
  ) );
#400 = PCURVE('',#401,#406);
#401 = PLANE('',#402);
#402 = AXIS2_PLACEMENT_3D('',#403,#404,#405);
#403 = CARTESIAN_POINT('',(0.,140.,65.));
#404 = DIRECTION('',(0.,-0.253359391838,0.96737222338));
#405 = DIRECTION('',(0.,-0.96737222338,-0.253359391838));
#406 = DEFINITIONAL_REPRESENTATION('',(#407),#410);
#407 = B_SPLINE_CURVE_WITH_KNOTS('',1,(#408,#409),.UNSPECIFIED.,.F.,.F.,
  (2,2),(-170.8125941743,42.135426268301),.PIECEWISE_BEZIER_KNOTS.);
#408 = CARTESIAN_POINT('',(212.94802044262,-50.));
#409 = CARTESIAN_POINT('',(0.,-50.));
#410 = ( GEOMETRIC_REPRESENTATION_CONTEXT(2) 
PARAMETRIC_REPRESENTATION_CONTEXT() REPRESENTATION_CONTEXT('2D SPACE',''
  ) );
#411 = ORIENTED_EDGE('',*,*,#412,.F.);
#412 = EDGE_CURVE('',#413,#387,#415,.T.);
#413 = VERTEX_POINT('',#414);
#414 = CARTESIAN_POINT('',(-50.,-7.756961389616,30.711157620954));
#415 = SURFACE_CURVE('',#416,(#420,#426),.PCURVE_S1.);
#416 = LINE('',#417,#418);
#417 = CARTESIAN_POINT('',(-50.,-6.538443758958,22.181534206348));
#418 = VECTOR('',#419,1.);
#419 = DIRECTION('',(0.,0.141421356237,-0.989949493661));
#420 = PCURVE('',#44,#421);
#421 = DEFINITIONAL_REPRESENTATION('',(#422),#425);
#422 = B_SPLINE_CURVE_WITH_KNOTS('',1,(#423,#424),.UNSPECIFIED.,.F.,.F.,
  (2,2),(-8.616220796336,3.883779203664),.PIECEWISE_BEZIER_KNOTS.);
#423 = CARTESIAN_POINT('',(68.320051337272,-4.979519417114));
#424 = CARTESIAN_POINT('',(66.552284384305,-17.35388808787));
#425 = ( GEOMETRIC_REPRESENTATION_CONTEXT(2) 
PARAMETRIC_REPRESENTATION_CONTEXT() REPRESENTATION_CONTEXT('2D SPACE',''
  ) );
#426 = PCURVE('',#427,#432);
#427 = PLANE('',#428);
#428 = AXIS2_PLACEMENT_3D('',#429,#430,#431);
#429 = CARTESIAN_POINT('',(-60.,-5.98919443665,18.336788950189));
#430 = DIRECTION('',(-0.,0.989949493661,0.141421356237));
#431 = DIRECTION('',(1.,0.,0.));
#432 = DEFINITIONAL_REPRESENTATION('',(#433),#436);
#433 = B_SPLINE_CURVE_WITH_KNOTS('',1,(#434,#435),.UNSPECIFIED.,.F.,.F.,
  (2,2),(-8.616220796336,3.883779203664),.PIECEWISE_BEZIER_KNOTS.);
#434 = CARTESIAN_POINT('',(10.,-12.5));
#435 = CARTESIAN_POINT('',(10.,0.));
#436 = ( GEOMETRIC_REPRESENTATION_CONTEXT(2) 
PARAMETRIC_REPRESENTATION_CONTEXT() REPRESENTATION_CONTEXT('2D SPACE',''
  ) );
#437 = ORIENTED_EDGE('',*,*,#438,.F.);
#438 = EDGE_CURVE('',#439,#413,#441,.T.);
#439 = VERTEX_POINT('',#440);
#440 = CARTESIAN_POINT('',(-50.,-18.64640581988,29.155522702344));
#441 = SURFACE_CURVE('',#442,(#446,#452),.PCURVE_S1.);
#442 = LINE('',#443,#444);
#443 = CARTESIAN_POINT('',(-50.,23.346069017276,35.154447679082));
#444 = VECTOR('',#445,1.);
#445 = DIRECTION('',(-0.,0.989949493661,0.141421356237));
#446 = PCURVE('',#44,#447);
#447 = DEFINITIONAL_REPRESENTATION('',(#448),#451);
#448 = B_SPLINE_CURVE_WITH_KNOTS('',1,(#449,#450),.UNSPECIFIED.,.F.,.F.,
  (2,2),(-42.4188053088,-31.4188053088),.PIECEWISE_BEZIER_KNOTS.);
#449 = CARTESIAN_POINT('',(79.209495767544,-6.535154335724));
#450 = CARTESIAN_POINT('',(68.320051337272,-4.979519417114));
#451 = ( GEOMETRIC_REPRESENTATION_CONTEXT(2) 
PARAMETRIC_REPRESENTATION_CONTEXT() REPRESENTATION_CONTEXT('2D SPACE',''
  ) );
#452 = PCURVE('',#453,#458);
#453 = PLANE('',#454);
#454 = AXIS2_PLACEMENT_3D('',#455,#456,#457);
#455 = CARTESIAN_POINT('',(-47.5,-13.20168360475,29.933340161649));
#456 = DIRECTION('',(0.,-0.141421356237,0.989949493661));
#457 = DIRECTION('',(1.,0.,0.));
#458 = DEFINITIONAL_REPRESENTATION('',(#459),#462);
#459 = B_SPLINE_CURVE_WITH_KNOTS('',1,(#460,#461),.UNSPECIFIED.,.F.,.F.,
  (2,2),(-42.4188053088,-31.4188053088),.PIECEWISE_BEZIER_KNOTS.);
#460 = CARTESIAN_POINT('',(-2.5,-5.5));
#461 = CARTESIAN_POINT('',(-2.5,5.5));
#462 = ( GEOMETRIC_REPRESENTATION_CONTEXT(2) 
PARAMETRIC_REPRESENTATION_CONTEXT() REPRESENTATION_CONTEXT('2D SPACE',''
  ) );
#463 = ORIENTED_EDGE('',*,*,#464,.T.);
#464 = EDGE_CURVE('',#439,#318,#465,.T.);
#465 = SURFACE_CURVE('',#466,(#470,#476),.PCURVE_S1.);
#466 = LINE('',#467,#468);
#467 = CARTESIAN_POINT('',(-50.,-17.42788818923,20.625899287738));
#468 = VECTOR('',#469,1.);
#469 = DIRECTION('',(0.,0.141421356237,-0.989949493661));
#470 = PCURVE('',#44,#471);
#471 = DEFINITIONAL_REPRESENTATION('',(#472),#475);
#472 = B_SPLINE_CURVE_WITH_KNOTS('',1,(#473,#474),.UNSPECIFIED.,.F.,.F.,
  (2,2),(-8.616220796336,3.883779203664),.PIECEWISE_BEZIER_KNOTS.);
#473 = CARTESIAN_POINT('',(79.209495767544,-6.535154335724));
#474 = CARTESIAN_POINT('',(77.441728814578,-18.90952300648));
#475 = ( GEOMETRIC_REPRESENTATION_CONTEXT(2) 
PARAMETRIC_REPRESENTATION_CONTEXT() REPRESENTATION_CONTEXT('2D SPACE',''
  ) );
#476 = PCURVE('',#477,#482);
#477 = PLANE('',#478);
#478 = AXIS2_PLACEMENT_3D('',#479,#480,#481);
#479 = CARTESIAN_POINT('',(-60.,-16.87863886692,16.781154031579));
#480 = DIRECTION('',(-0.,0.989949493661,0.141421356237));
#481 = DIRECTION('',(1.,0.,0.));
#482 = DEFINITIONAL_REPRESENTATION('',(#483),#486);
#483 = B_SPLINE_CURVE_WITH_KNOTS('',1,(#484,#485),.UNSPECIFIED.,.F.,.F.,
  (2,2),(-8.616220796336,3.883779203664),.PIECEWISE_BEZIER_KNOTS.);
#484 = CARTESIAN_POINT('',(10.,-12.5));
#485 = CARTESIAN_POINT('',(10.,0.));
#486 = ( GEOMETRIC_REPRESENTATION_CONTEXT(2) 
PARAMETRIC_REPRESENTATION_CONTEXT() REPRESENTATION_CONTEXT('2D SPACE',''
  ) );
#487 = FACE_BOUND('',#488,.T.);
#488 = EDGE_LOOP('',(#489,#517,#543,#569));
#489 = ORIENTED_EDGE('',*,*,#490,.F.);
#490 = EDGE_CURVE('',#491,#493,#495,.T.);
#491 = VERTEX_POINT('',#492);
#492 = CARTESIAN_POINT('',(-50.,53.736685571999,46.407227173619));
#493 = VERTEX_POINT('',#494);
#494 = CARTESIAN_POINT('',(-50.,50.189654086272,59.950438300942));
#495 = SURFACE_CURVE('',#496,(#500,#506),.PCURVE_S1.);
#496 = LINE('',#497,#498);
#497 = CARTESIAN_POINT('',(-50.,55.269057214461,40.556353629676));
#498 = VECTOR('',#499,1.);
#499 = DIRECTION('',(0.,-0.253359391838,0.96737222338));
#500 = PCURVE('',#44,#501);
#501 = DEFINITIONAL_REPRESENTATION('',(#502),#505);
#502 = B_SPLINE_CURVE_WITH_KNOTS('',1,(#503,#504),.UNSPECIFIED.,.F.,.F.,
  (2,2),(6.048213296324,20.048213296324),.PIECEWISE_BEZIER_KNOTS.);
#503 = CARTESIAN_POINT('',(6.826404375656,10.716550135551));
#504 = CARTESIAN_POINT('',(10.373435861383,24.259761262875));
#505 = ( GEOMETRIC_REPRESENTATION_CONTEXT(2) 
PARAMETRIC_REPRESENTATION_CONTEXT() REPRESENTATION_CONTEXT('2D SPACE',''
  ) );
#506 = PCURVE('',#507,#512);
#507 = PLANE('',#508);
#508 = AXIS2_PLACEMENT_3D('',#509,#510,#511);
#509 = CARTESIAN_POINT('',(-50.5,53.736685571999,46.407227173619));
#510 = DIRECTION('',(0.,-0.96737222338,-0.253359391838));
#511 = DIRECTION('',(0.,-0.253359391838,0.96737222338));
#512 = DEFINITIONAL_REPRESENTATION('',(#513),#516);
#513 = B_SPLINE_CURVE_WITH_KNOTS('',1,(#514,#515),.UNSPECIFIED.,.F.,.F.,
  (2,2),(6.048213296324,20.048213296324),.PIECEWISE_BEZIER_KNOTS.);
#514 = CARTESIAN_POINT('',(-8.881784197001E-16,-0.5));
#515 = CARTESIAN_POINT('',(14.,-0.5));
#516 = ( GEOMETRIC_REPRESENTATION_CONTEXT(2) 
PARAMETRIC_REPRESENTATION_CONTEXT() REPRESENTATION_CONTEXT('2D SPACE',''
  ) );
#517 = ORIENTED_EDGE('',*,*,#518,.T.);
#518 = EDGE_CURVE('',#491,#519,#521,.T.);
#519 = VERTEX_POINT('',#520);
#520 = CARTESIAN_POINT('',(-50.,55.284481129408,46.812602200559));
#521 = SURFACE_CURVE('',#522,(#526,#532),.PCURVE_S1.);
#522 = LINE('',#523,#524);
#523 = CARTESIAN_POINT('',(-50.,48.991016387211,45.164313815698));
#524 = VECTOR('',#525,1.);
#525 = DIRECTION('',(-0.,0.96737222338,0.253359391838));
#526 = PCURVE('',#44,#527);
#527 = DEFINITIONAL_REPRESENTATION('',(#528),#531);
#528 = B_SPLINE_CURVE_WITH_KNOTS('',1,(#529,#530),.UNSPECIFIED.,.F.,.F.,
  (2,2),(-8.794267676815,25.205732323185),.PIECEWISE_BEZIER_KNOTS.);
#529 = CARTESIAN_POINT('',(20.079403835965,7.245526467375));
#530 = CARTESIAN_POINT('',(-12.81125175896,15.859745789856));
#531 = ( GEOMETRIC_REPRESENTATION_CONTEXT(2) 
PARAMETRIC_REPRESENTATION_CONTEXT() REPRESENTATION_CONTEXT('2D SPACE',''
  ) );
#532 = PCURVE('',#533,#538);
#533 = PLANE('',#534);
#534 = AXIS2_PLACEMENT_3D('',#535,#536,#537);
#535 = CARTESIAN_POINT('',(-48.6,40.48368611169,42.936203505443));
#536 = DIRECTION('',(0.,-0.253359391838,0.96737222338));
#537 = DIRECTION('',(0.,0.96737222338,0.253359391838));
#538 = DEFINITIONAL_REPRESENTATION('',(#539),#542);
#539 = B_SPLINE_CURVE_WITH_KNOTS('',1,(#540,#541),.UNSPECIFIED.,.F.,.F.,
  (2,2),(-8.794267676815,25.205732323185),.PIECEWISE_BEZIER_KNOTS.);
#540 = CARTESIAN_POINT('',(-7.105427357601E-15,1.4));
#541 = CARTESIAN_POINT('',(34.,1.4));
#542 = ( GEOMETRIC_REPRESENTATION_CONTEXT(2) 
PARAMETRIC_REPRESENTATION_CONTEXT() REPRESENTATION_CONTEXT('2D SPACE',''
  ) );
#543 = ORIENTED_EDGE('',*,*,#544,.T.);
#544 = EDGE_CURVE('',#519,#545,#547,.T.);
#545 = VERTEX_POINT('',#546);
#546 = CARTESIAN_POINT('',(-50.,51.73744964368,60.355813327883));
#547 = SURFACE_CURVE('',#548,(#552,#558),.PCURVE_S1.);
#548 = LINE('',#549,#550);
#549 = CARTESIAN_POINT('',(-50.,56.816852771869,40.961728656616));
#550 = VECTOR('',#551,1.);
#551 = DIRECTION('',(0.,-0.253359391838,0.96737222338));
#552 = PCURVE('',#44,#553);
#553 = DEFINITIONAL_REPRESENTATION('',(#554),#557);
#554 = B_SPLINE_CURVE_WITH_KNOTS('',1,(#555,#556),.UNSPECIFIED.,.F.,.F.,
  (2,2),(6.048213296324,20.048213296324),.PIECEWISE_BEZIER_KNOTS.);
#555 = CARTESIAN_POINT('',(5.278608818247,11.121925162492));
#556 = CARTESIAN_POINT('',(8.825640303975,24.665136289815));
#557 = ( GEOMETRIC_REPRESENTATION_CONTEXT(2) 
PARAMETRIC_REPRESENTATION_CONTEXT() REPRESENTATION_CONTEXT('2D SPACE',''
  ) );
#558 = PCURVE('',#559,#564);
#559 = PLANE('',#560);
#560 = AXIS2_PLACEMENT_3D('',#561,#562,#563);
#561 = CARTESIAN_POINT('',(-50.5,55.284481129408,46.812602200559));
#562 = DIRECTION('',(0.,-0.96737222338,-0.253359391838));
#563 = DIRECTION('',(0.,-0.253359391838,0.96737222338));
#564 = DEFINITIONAL_REPRESENTATION('',(#565),#568);
#565 = B_SPLINE_CURVE_WITH_KNOTS('',1,(#566,#567),.UNSPECIFIED.,.F.,.F.,
  (2,2),(6.048213296324,20.048213296324),.PIECEWISE_BEZIER_KNOTS.);
#566 = CARTESIAN_POINT('',(-8.881784197001E-16,-0.5));
#567 = CARTESIAN_POINT('',(14.,-0.5));
#568 = ( GEOMETRIC_REPRESENTATION_CONTEXT(2) 
PARAMETRIC_REPRESENTATION_CONTEXT() REPRESENTATION_CONTEXT('2D SPACE',''
  ) );
#569 = ORIENTED_EDGE('',*,*,#570,.F.);
#570 = EDGE_CURVE('',#493,#545,#571,.T.);
#571 = SURFACE_CURVE('',#572,(#576,#582),.PCURVE_S1.);
#572 = LINE('',#573,#574);
#573 = CARTESIAN_POINT('',(-50.,45.443984901484,58.707524943022));
#574 = VECTOR('',#575,1.);
#575 = DIRECTION('',(-0.,0.96737222338,0.253359391838));
#576 = PCURVE('',#44,#577);
#577 = DEFINITIONAL_REPRESENTATION('',(#578),#581);
#578 = B_SPLINE_CURVE_WITH_KNOTS('',1,(#579,#580),.UNSPECIFIED.,.F.,.F.,
  (2,2),(-8.794267676815,25.205732323185),.PIECEWISE_BEZIER_KNOTS.);
#579 = CARTESIAN_POINT('',(23.626435321693,20.788737594699));
#580 = CARTESIAN_POINT('',(-9.264220273236,29.40295691718));
#581 = ( GEOMETRIC_REPRESENTATION_CONTEXT(2) 
PARAMETRIC_REPRESENTATION_CONTEXT() REPRESENTATION_CONTEXT('2D SPACE',''
  ) );
#582 = PCURVE('',#583,#588);
#583 = PLANE('',#584);
#584 = AXIS2_PLACEMENT_3D('',#585,#586,#587);
#585 = CARTESIAN_POINT('',(-48.6,36.936654625963,56.479414632766));
#586 = DIRECTION('',(0.,-0.253359391838,0.96737222338));
#587 = DIRECTION('',(0.,0.96737222338,0.253359391838));
#588 = DEFINITIONAL_REPRESENTATION('',(#589),#592);
#589 = B_SPLINE_CURVE_WITH_KNOTS('',1,(#590,#591),.UNSPECIFIED.,.F.,.F.,
  (2,2),(-8.794267676815,25.205732323185),.PIECEWISE_BEZIER_KNOTS.);
#590 = CARTESIAN_POINT('',(-3.552713678801E-15,1.4));
#591 = CARTESIAN_POINT('',(34.,1.4));
#592 = ( GEOMETRIC_REPRESENTATION_CONTEXT(2) 
PARAMETRIC_REPRESENTATION_CONTEXT() REPRESENTATION_CONTEXT('2D SPACE',''
  ) );
#593 = FACE_BOUND('',#594,.T.);
#594 = EDGE_LOOP('',(#595,#623,#644,#670));
#595 = ORIENTED_EDGE('',*,*,#596,.F.);
#596 = EDGE_CURVE('',#597,#599,#601,.T.);
#597 = VERTEX_POINT('',#598);
#598 = CARTESIAN_POINT('',(-50.,49.867196678479,45.393789606268));
#599 = VERTEX_POINT('',#600);
#600 = CARTESIAN_POINT('',(-50.,46.320165192751,58.937000733592));
#601 = SURFACE_CURVE('',#602,(#606,#612),.PCURVE_S1.);
#602 = LINE('',#603,#604);
#603 = CARTESIAN_POINT('',(-50.,51.39956832094,39.542916062325));
#604 = VECTOR('',#605,1.);
#605 = DIRECTION('',(0.,-0.253359391838,0.96737222338));
#606 = PCURVE('',#44,#607);
#607 = DEFINITIONAL_REPRESENTATION('',(#608),#611);
#608 = B_SPLINE_CURVE_WITH_KNOTS('',1,(#609,#610),.UNSPECIFIED.,.F.,.F.,
  (2,2),(6.048213296324,20.048213296324),.PIECEWISE_BEZIER_KNOTS.);
#609 = CARTESIAN_POINT('',(10.695893269177,9.703112568201));
#610 = CARTESIAN_POINT('',(14.242924754904,23.246323695524));
#611 = ( GEOMETRIC_REPRESENTATION_CONTEXT(2) 
PARAMETRIC_REPRESENTATION_CONTEXT() REPRESENTATION_CONTEXT('2D SPACE',''
  ) );
#612 = PCURVE('',#613,#618);
#613 = PLANE('',#614);
#614 = AXIS2_PLACEMENT_3D('',#615,#616,#617);
#615 = CARTESIAN_POINT('',(-50.5,49.867196678479,45.393789606268));
#616 = DIRECTION('',(0.,-0.96737222338,-0.253359391838));
#617 = DIRECTION('',(0.,-0.253359391838,0.96737222338));
#618 = DEFINITIONAL_REPRESENTATION('',(#619),#622);
#619 = B_SPLINE_CURVE_WITH_KNOTS('',1,(#620,#621),.UNSPECIFIED.,.F.,.F.,
  (2,2),(6.048213296324,20.048213296324),.PIECEWISE_BEZIER_KNOTS.);
#620 = CARTESIAN_POINT('',(-8.881784197001E-16,-0.5));
#621 = CARTESIAN_POINT('',(14.,-0.5));
#622 = ( GEOMETRIC_REPRESENTATION_CONTEXT(2) 
PARAMETRIC_REPRESENTATION_CONTEXT() REPRESENTATION_CONTEXT('2D SPACE',''
  ) );
#623 = ORIENTED_EDGE('',*,*,#624,.T.);
#624 = EDGE_CURVE('',#597,#625,#627,.T.);
#625 = VERTEX_POINT('',#626);
#626 = CARTESIAN_POINT('',(-50.,51.414992235887,45.799164633208));
#627 = SURFACE_CURVE('',#628,(#632,#638),.PCURVE_S1.);
#628 = LINE('',#629,#630);
#629 = CARTESIAN_POINT('',(-50.,48.991016387211,45.164313815698));
#630 = VECTOR('',#631,1.);
#631 = DIRECTION('',(-0.,0.96737222338,0.253359391838));
#632 = PCURVE('',#44,#633);
#633 = DEFINITIONAL_REPRESENTATION('',(#634),#637);
#634 = B_SPLINE_CURVE_WITH_KNOTS('',1,(#635,#636),.UNSPECIFIED.,.F.,.F.,
  (2,2),(-8.794267676815,25.205732323185),.PIECEWISE_BEZIER_KNOTS.);
#635 = CARTESIAN_POINT('',(20.079403835965,7.245526467375));
#636 = CARTESIAN_POINT('',(-12.81125175896,15.859745789856));
#637 = ( GEOMETRIC_REPRESENTATION_CONTEXT(2) 
PARAMETRIC_REPRESENTATION_CONTEXT() REPRESENTATION_CONTEXT('2D SPACE',''
  ) );
#638 = PCURVE('',#533,#639);
#639 = DEFINITIONAL_REPRESENTATION('',(#640),#643);
#640 = B_SPLINE_CURVE_WITH_KNOTS('',1,(#641,#642),.UNSPECIFIED.,.F.,.F.,
  (2,2),(-8.794267676815,25.205732323185),.PIECEWISE_BEZIER_KNOTS.);
#641 = CARTESIAN_POINT('',(-7.105427357601E-15,1.4));
#642 = CARTESIAN_POINT('',(34.,1.4));
#643 = ( GEOMETRIC_REPRESENTATION_CONTEXT(2) 
PARAMETRIC_REPRESENTATION_CONTEXT() REPRESENTATION_CONTEXT('2D SPACE',''
  ) );
#644 = ORIENTED_EDGE('',*,*,#645,.T.);
#645 = EDGE_CURVE('',#625,#646,#648,.T.);
#646 = VERTEX_POINT('',#647);
#647 = CARTESIAN_POINT('',(-50.,47.867960750159,59.342375760532));
#648 = SURFACE_CURVE('',#649,(#653,#659),.PCURVE_S1.);
#649 = LINE('',#650,#651);
#650 = CARTESIAN_POINT('',(-50.,52.947363878348,39.948291089265));
#651 = VECTOR('',#652,1.);
#652 = DIRECTION('',(0.,-0.253359391838,0.96737222338));
#653 = PCURVE('',#44,#654);
#654 = DEFINITIONAL_REPRESENTATION('',(#655),#658);
#655 = B_SPLINE_CURVE_WITH_KNOTS('',1,(#656,#657),.UNSPECIFIED.,.F.,.F.,
  (2,2),(6.048213296324,20.048213296324),.PIECEWISE_BEZIER_KNOTS.);
#656 = CARTESIAN_POINT('',(9.148097711768,10.108487595141));
#657 = CARTESIAN_POINT('',(12.695129197496,23.651698722464));
#658 = ( GEOMETRIC_REPRESENTATION_CONTEXT(2) 
PARAMETRIC_REPRESENTATION_CONTEXT() REPRESENTATION_CONTEXT('2D SPACE',''
  ) );
#659 = PCURVE('',#660,#665);
#660 = PLANE('',#661);
#661 = AXIS2_PLACEMENT_3D('',#662,#663,#664);
#662 = CARTESIAN_POINT('',(-50.5,51.414992235887,45.799164633208));
#663 = DIRECTION('',(0.,-0.96737222338,-0.253359391838));
#664 = DIRECTION('',(0.,-0.253359391838,0.96737222338));
#665 = DEFINITIONAL_REPRESENTATION('',(#666),#669);
#666 = B_SPLINE_CURVE_WITH_KNOTS('',1,(#667,#668),.UNSPECIFIED.,.F.,.F.,
  (2,2),(6.048213296324,20.048213296324),.PIECEWISE_BEZIER_KNOTS.);
#667 = CARTESIAN_POINT('',(-8.881784197001E-16,-0.5));
#668 = CARTESIAN_POINT('',(14.,-0.5));
#669 = ( GEOMETRIC_REPRESENTATION_CONTEXT(2) 
PARAMETRIC_REPRESENTATION_CONTEXT() REPRESENTATION_CONTEXT('2D SPACE',''
  ) );
#670 = ORIENTED_EDGE('',*,*,#671,.F.);
#671 = EDGE_CURVE('',#599,#646,#672,.T.);
#672 = SURFACE_CURVE('',#673,(#677,#683),.PCURVE_S1.);
#673 = LINE('',#674,#675);
#674 = CARTESIAN_POINT('',(-50.,45.443984901484,58.707524943022));
#675 = VECTOR('',#676,1.);
#676 = DIRECTION('',(-0.,0.96737222338,0.253359391838));
#677 = PCURVE('',#44,#678);
#678 = DEFINITIONAL_REPRESENTATION('',(#679),#682);
#679 = B_SPLINE_CURVE_WITH_KNOTS('',1,(#680,#681),.UNSPECIFIED.,.F.,.F.,
  (2,2),(-8.794267676815,25.205732323185),.PIECEWISE_BEZIER_KNOTS.);
#680 = CARTESIAN_POINT('',(23.626435321693,20.788737594699));
#681 = CARTESIAN_POINT('',(-9.264220273236,29.40295691718));
#682 = ( GEOMETRIC_REPRESENTATION_CONTEXT(2) 
PARAMETRIC_REPRESENTATION_CONTEXT() REPRESENTATION_CONTEXT('2D SPACE',''
  ) );
#683 = PCURVE('',#583,#684);
#684 = DEFINITIONAL_REPRESENTATION('',(#685),#688);
#685 = B_SPLINE_CURVE_WITH_KNOTS('',1,(#686,#687),.UNSPECIFIED.,.F.,.F.,
  (2,2),(-8.794267676815,25.205732323185),.PIECEWISE_BEZIER_KNOTS.);
#686 = CARTESIAN_POINT('',(-3.552713678801E-15,1.4));
#687 = CARTESIAN_POINT('',(34.,1.4));
#688 = ( GEOMETRIC_REPRESENTATION_CONTEXT(2) 
PARAMETRIC_REPRESENTATION_CONTEXT() REPRESENTATION_CONTEXT('2D SPACE',''
  ) );
#689 = FACE_BOUND('',#690,.T.);
#690 = EDGE_LOOP('',(#691,#719,#740,#766));
#691 = ORIENTED_EDGE('',*,*,#692,.F.);
#692 = EDGE_CURVE('',#693,#695,#697,.T.);
#693 = VERTEX_POINT('',#694);
#694 = CARTESIAN_POINT('',(-50.,42.128218891437,43.366914471567));
#695 = VERTEX_POINT('',#696);
#696 = CARTESIAN_POINT('',(-50.,38.581187405709,56.91012559889));
#697 = SURFACE_CURVE('',#698,(#702,#708),.PCURVE_S1.);
#698 = LINE('',#699,#700);
#699 = CARTESIAN_POINT('',(-50.,43.660590533898,37.516040927624));
#700 = VECTOR('',#701,1.);
#701 = DIRECTION('',(0.,-0.253359391838,0.96737222338));
#702 = PCURVE('',#44,#703);
#703 = DEFINITIONAL_REPRESENTATION('',(#704),#707);
#704 = B_SPLINE_CURVE_WITH_KNOTS('',1,(#705,#706),.UNSPECIFIED.,.F.,.F.,
  (2,2),(6.048213296324,20.048213296324),.PIECEWISE_BEZIER_KNOTS.);
#705 = CARTESIAN_POINT('',(18.434871056219,7.676237433499));
#706 = CARTESIAN_POINT('',(21.981902541946,21.219448560823));
#707 = ( GEOMETRIC_REPRESENTATION_CONTEXT(2) 
PARAMETRIC_REPRESENTATION_CONTEXT() REPRESENTATION_CONTEXT('2D SPACE',''
  ) );
#708 = PCURVE('',#709,#714);
#709 = PLANE('',#710);
#710 = AXIS2_PLACEMENT_3D('',#711,#712,#713);
#711 = CARTESIAN_POINT('',(-50.5,42.128218891437,43.366914471567));
#712 = DIRECTION('',(0.,-0.96737222338,-0.253359391838));
#713 = DIRECTION('',(0.,-0.253359391838,0.96737222338));
#714 = DEFINITIONAL_REPRESENTATION('',(#715),#718);
#715 = B_SPLINE_CURVE_WITH_KNOTS('',1,(#716,#717),.UNSPECIFIED.,.F.,.F.,
  (2,2),(6.048213296324,20.048213296324),.PIECEWISE_BEZIER_KNOTS.);
#716 = CARTESIAN_POINT('',(-8.881784197001E-16,-0.5));
#717 = CARTESIAN_POINT('',(14.,-0.5));
#718 = ( GEOMETRIC_REPRESENTATION_CONTEXT(2) 
PARAMETRIC_REPRESENTATION_CONTEXT() REPRESENTATION_CONTEXT('2D SPACE',''
  ) );
#719 = ORIENTED_EDGE('',*,*,#720,.T.);
#720 = EDGE_CURVE('',#693,#721,#723,.T.);
#721 = VERTEX_POINT('',#722);
#722 = CARTESIAN_POINT('',(-50.,43.676014448845,43.772289498507));
#723 = SURFACE_CURVE('',#724,(#728,#734),.PCURVE_S1.);
#724 = LINE('',#725,#726);
#725 = CARTESIAN_POINT('',(-50.,48.991016387211,45.164313815698));
#726 = VECTOR('',#727,1.);
#727 = DIRECTION('',(-0.,0.96737222338,0.253359391838));
#728 = PCURVE('',#44,#729);
#729 = DEFINITIONAL_REPRESENTATION('',(#730),#733);
#730 = B_SPLINE_CURVE_WITH_KNOTS('',1,(#731,#732),.UNSPECIFIED.,.F.,.F.,
  (2,2),(-8.794267676815,25.205732323185),.PIECEWISE_BEZIER_KNOTS.);
#731 = CARTESIAN_POINT('',(20.079403835965,7.245526467375));
#732 = CARTESIAN_POINT('',(-12.81125175896,15.859745789856));
#733 = ( GEOMETRIC_REPRESENTATION_CONTEXT(2) 
PARAMETRIC_REPRESENTATION_CONTEXT() REPRESENTATION_CONTEXT('2D SPACE',''
  ) );
#734 = PCURVE('',#533,#735);
#735 = DEFINITIONAL_REPRESENTATION('',(#736),#739);
#736 = B_SPLINE_CURVE_WITH_KNOTS('',1,(#737,#738),.UNSPECIFIED.,.F.,.F.,
  (2,2),(-8.794267676815,25.205732323185),.PIECEWISE_BEZIER_KNOTS.);
#737 = CARTESIAN_POINT('',(-7.105427357601E-15,1.4));
#738 = CARTESIAN_POINT('',(34.,1.4));
#739 = ( GEOMETRIC_REPRESENTATION_CONTEXT(2) 
PARAMETRIC_REPRESENTATION_CONTEXT() REPRESENTATION_CONTEXT('2D SPACE',''
  ) );
#740 = ORIENTED_EDGE('',*,*,#741,.T.);
#741 = EDGE_CURVE('',#721,#742,#744,.T.);
#742 = VERTEX_POINT('',#743);
#743 = CARTESIAN_POINT('',(-50.,40.128982963117,57.31550062583));
#744 = SURFACE_CURVE('',#745,(#749,#755),.PCURVE_S1.);
#745 = LINE('',#746,#747);
#746 = CARTESIAN_POINT('',(-50.,45.208386091306,37.921415954564));
#747 = VECTOR('',#748,1.);
#748 = DIRECTION('',(0.,-0.253359391838,0.96737222338));
#749 = PCURVE('',#44,#750);
#750 = DEFINITIONAL_REPRESENTATION('',(#751),#754);
#751 = B_SPLINE_CURVE_WITH_KNOTS('',1,(#752,#753),.UNSPECIFIED.,.F.,.F.,
  (2,2),(6.048213296324,20.048213296324),.PIECEWISE_BEZIER_KNOTS.);
#752 = CARTESIAN_POINT('',(16.88707549881,8.08161246044));
#753 = CARTESIAN_POINT('',(20.434106984538,21.624823587763));
#754 = ( GEOMETRIC_REPRESENTATION_CONTEXT(2) 
PARAMETRIC_REPRESENTATION_CONTEXT() REPRESENTATION_CONTEXT('2D SPACE',''
  ) );
#755 = PCURVE('',#756,#761);
#756 = PLANE('',#757);
#757 = AXIS2_PLACEMENT_3D('',#758,#759,#760);
#758 = CARTESIAN_POINT('',(-50.5,43.676014448845,43.772289498507));
#759 = DIRECTION('',(0.,-0.96737222338,-0.253359391838));
#760 = DIRECTION('',(0.,-0.253359391838,0.96737222338));
#761 = DEFINITIONAL_REPRESENTATION('',(#762),#765);
#762 = B_SPLINE_CURVE_WITH_KNOTS('',1,(#763,#764),.UNSPECIFIED.,.F.,.F.,
  (2,2),(6.048213296324,20.048213296324),.PIECEWISE_BEZIER_KNOTS.);
#763 = CARTESIAN_POINT('',(-8.881784197001E-16,-0.5));
#764 = CARTESIAN_POINT('',(14.,-0.5));
#765 = ( GEOMETRIC_REPRESENTATION_CONTEXT(2) 
PARAMETRIC_REPRESENTATION_CONTEXT() REPRESENTATION_CONTEXT('2D SPACE',''
  ) );
#766 = ORIENTED_EDGE('',*,*,#767,.F.);
#767 = EDGE_CURVE('',#695,#742,#768,.T.);
#768 = SURFACE_CURVE('',#769,(#773,#779),.PCURVE_S1.);
#769 = LINE('',#770,#771);
#770 = CARTESIAN_POINT('',(-50.,45.443984901484,58.707524943022));
#771 = VECTOR('',#772,1.);
#772 = DIRECTION('',(-0.,0.96737222338,0.253359391838));
#773 = PCURVE('',#44,#774);
#774 = DEFINITIONAL_REPRESENTATION('',(#775),#778);
#775 = B_SPLINE_CURVE_WITH_KNOTS('',1,(#776,#777),.UNSPECIFIED.,.F.,.F.,
  (2,2),(-8.794267676815,25.205732323185),.PIECEWISE_BEZIER_KNOTS.);
#776 = CARTESIAN_POINT('',(23.626435321693,20.788737594699));
#777 = CARTESIAN_POINT('',(-9.264220273236,29.40295691718));
#778 = ( GEOMETRIC_REPRESENTATION_CONTEXT(2) 
PARAMETRIC_REPRESENTATION_CONTEXT() REPRESENTATION_CONTEXT('2D SPACE',''
  ) );
#779 = PCURVE('',#583,#780);
#780 = DEFINITIONAL_REPRESENTATION('',(#781),#784);
#781 = B_SPLINE_CURVE_WITH_KNOTS('',1,(#782,#783),.UNSPECIFIED.,.F.,.F.,
  (2,2),(-8.794267676815,25.205732323185),.PIECEWISE_BEZIER_KNOTS.);
#782 = CARTESIAN_POINT('',(-3.552713678801E-15,1.4));
#783 = CARTESIAN_POINT('',(34.,1.4));
#784 = ( GEOMETRIC_REPRESENTATION_CONTEXT(2) 
PARAMETRIC_REPRESENTATION_CONTEXT() REPRESENTATION_CONTEXT('2D SPACE',''
  ) );
#785 = FACE_BOUND('',#786,.T.);
#786 = EDGE_LOOP('',(#787,#815,#836,#862));
#787 = ORIENTED_EDGE('',*,*,#788,.F.);
#788 = EDGE_CURVE('',#789,#791,#793,.T.);
#789 = VERTEX_POINT('',#790);
#790 = CARTESIAN_POINT('',(-50.,45.997707784958,44.380352038917));
#791 = VERTEX_POINT('',#792);
#792 = CARTESIAN_POINT('',(-50.,42.45067629923,57.923563166241));
#793 = SURFACE_CURVE('',#794,(#798,#804),.PCURVE_S1.);
#794 = LINE('',#795,#796);
#795 = CARTESIAN_POINT('',(-50.,47.530079427419,38.529478494974));
#796 = VECTOR('',#797,1.);
#797 = DIRECTION('',(0.,-0.253359391838,0.96737222338));
#798 = PCURVE('',#44,#799);
#799 = DEFINITIONAL_REPRESENTATION('',(#800),#803);
#800 = B_SPLINE_CURVE_WITH_KNOTS('',1,(#801,#802),.UNSPECIFIED.,.F.,.F.,
  (2,2),(6.048213296324,20.048213296324),.PIECEWISE_BEZIER_KNOTS.);
#801 = CARTESIAN_POINT('',(14.565382162698,8.68967500085));
#802 = CARTESIAN_POINT('',(18.112413648425,22.232886128173));
#803 = ( GEOMETRIC_REPRESENTATION_CONTEXT(2) 
PARAMETRIC_REPRESENTATION_CONTEXT() REPRESENTATION_CONTEXT('2D SPACE',''
  ) );
#804 = PCURVE('',#805,#810);
#805 = PLANE('',#806);
#806 = AXIS2_PLACEMENT_3D('',#807,#808,#809);
#807 = CARTESIAN_POINT('',(-50.5,45.997707784958,44.380352038917));
#808 = DIRECTION('',(0.,-0.96737222338,-0.253359391838));
#809 = DIRECTION('',(0.,-0.253359391838,0.96737222338));
#810 = DEFINITIONAL_REPRESENTATION('',(#811),#814);
#811 = B_SPLINE_CURVE_WITH_KNOTS('',1,(#812,#813),.UNSPECIFIED.,.F.,.F.,
  (2,2),(6.048213296324,20.048213296324),.PIECEWISE_BEZIER_KNOTS.);
#812 = CARTESIAN_POINT('',(-8.881784197001E-16,-0.5));
#813 = CARTESIAN_POINT('',(14.,-0.5));
#814 = ( GEOMETRIC_REPRESENTATION_CONTEXT(2) 
PARAMETRIC_REPRESENTATION_CONTEXT() REPRESENTATION_CONTEXT('2D SPACE',''
  ) );
#815 = ORIENTED_EDGE('',*,*,#816,.T.);
#816 = EDGE_CURVE('',#789,#817,#819,.T.);
#817 = VERTEX_POINT('',#818);
#818 = CARTESIAN_POINT('',(-50.,47.545503342366,44.785727065858));
#819 = SURFACE_CURVE('',#820,(#824,#830),.PCURVE_S1.);
#820 = LINE('',#821,#822);
#821 = CARTESIAN_POINT('',(-50.,48.991016387211,45.164313815698));
#822 = VECTOR('',#823,1.);
#823 = DIRECTION('',(-0.,0.96737222338,0.253359391838));
#824 = PCURVE('',#44,#825);
#825 = DEFINITIONAL_REPRESENTATION('',(#826),#829);
#826 = B_SPLINE_CURVE_WITH_KNOTS('',1,(#827,#828),.UNSPECIFIED.,.F.,.F.,
  (2,2),(-8.794267676815,25.205732323185),.PIECEWISE_BEZIER_KNOTS.);
#827 = CARTESIAN_POINT('',(20.079403835965,7.245526467375));
#828 = CARTESIAN_POINT('',(-12.81125175896,15.859745789856));
#829 = ( GEOMETRIC_REPRESENTATION_CONTEXT(2) 
PARAMETRIC_REPRESENTATION_CONTEXT() REPRESENTATION_CONTEXT('2D SPACE',''
  ) );
#830 = PCURVE('',#533,#831);
#831 = DEFINITIONAL_REPRESENTATION('',(#832),#835);
#832 = B_SPLINE_CURVE_WITH_KNOTS('',1,(#833,#834),.UNSPECIFIED.,.F.,.F.,
  (2,2),(-8.794267676815,25.205732323185),.PIECEWISE_BEZIER_KNOTS.);
#833 = CARTESIAN_POINT('',(-7.105427357601E-15,1.4));
#834 = CARTESIAN_POINT('',(34.,1.4));
#835 = ( GEOMETRIC_REPRESENTATION_CONTEXT(2) 
PARAMETRIC_REPRESENTATION_CONTEXT() REPRESENTATION_CONTEXT('2D SPACE',''
  ) );
#836 = ORIENTED_EDGE('',*,*,#837,.T.);
#837 = EDGE_CURVE('',#817,#838,#840,.T.);
#838 = VERTEX_POINT('',#839);
#839 = CARTESIAN_POINT('',(-50.,43.998471856638,58.328938193181));
#840 = SURFACE_CURVE('',#841,(#845,#851),.PCURVE_S1.);
#841 = LINE('',#842,#843);
#842 = CARTESIAN_POINT('',(-50.,49.077874984827,38.934853521915));
#843 = VECTOR('',#844,1.);
#844 = DIRECTION('',(0.,-0.253359391838,0.96737222338));
#845 = PCURVE('',#44,#846);
#846 = DEFINITIONAL_REPRESENTATION('',(#847),#850);
#847 = B_SPLINE_CURVE_WITH_KNOTS('',1,(#848,#849),.UNSPECIFIED.,.F.,.F.,
  (2,2),(6.048213296324,20.048213296324),.PIECEWISE_BEZIER_KNOTS.);
#848 = CARTESIAN_POINT('',(13.017586605289,9.09505002779));
#849 = CARTESIAN_POINT('',(16.564618091017,22.638261155114));
#850 = ( GEOMETRIC_REPRESENTATION_CONTEXT(2) 
PARAMETRIC_REPRESENTATION_CONTEXT() REPRESENTATION_CONTEXT('2D SPACE',''
  ) );
#851 = PCURVE('',#852,#857);
#852 = PLANE('',#853);
#853 = AXIS2_PLACEMENT_3D('',#854,#855,#856);
#854 = CARTESIAN_POINT('',(-50.5,47.545503342366,44.785727065858));
#855 = DIRECTION('',(0.,-0.96737222338,-0.253359391838));
#856 = DIRECTION('',(0.,-0.253359391838,0.96737222338));
#857 = DEFINITIONAL_REPRESENTATION('',(#858),#861);
#858 = B_SPLINE_CURVE_WITH_KNOTS('',1,(#859,#860),.UNSPECIFIED.,.F.,.F.,
  (2,2),(6.048213296324,20.048213296324),.PIECEWISE_BEZIER_KNOTS.);
#859 = CARTESIAN_POINT('',(-8.881784197001E-16,-0.5));
#860 = CARTESIAN_POINT('',(14.,-0.5));
#861 = ( GEOMETRIC_REPRESENTATION_CONTEXT(2) 
PARAMETRIC_REPRESENTATION_CONTEXT() REPRESENTATION_CONTEXT('2D SPACE',''
  ) );
#862 = ORIENTED_EDGE('',*,*,#863,.F.);
#863 = EDGE_CURVE('',#791,#838,#864,.T.);
#864 = SURFACE_CURVE('',#865,(#869,#875),.PCURVE_S1.);
#865 = LINE('',#866,#867);
#866 = CARTESIAN_POINT('',(-50.,45.443984901484,58.707524943022));
#867 = VECTOR('',#868,1.);
#868 = DIRECTION('',(-0.,0.96737222338,0.253359391838));
#869 = PCURVE('',#44,#870);
#870 = DEFINITIONAL_REPRESENTATION('',(#871),#874);
#871 = B_SPLINE_CURVE_WITH_KNOTS('',1,(#872,#873),.UNSPECIFIED.,.F.,.F.,
  (2,2),(-8.794267676815,25.205732323185),.PIECEWISE_BEZIER_KNOTS.);
#872 = CARTESIAN_POINT('',(23.626435321693,20.788737594699));
#873 = CARTESIAN_POINT('',(-9.264220273236,29.40295691718));
#874 = ( GEOMETRIC_REPRESENTATION_CONTEXT(2) 
PARAMETRIC_REPRESENTATION_CONTEXT() REPRESENTATION_CONTEXT('2D SPACE',''
  ) );
#875 = PCURVE('',#583,#876);
#876 = DEFINITIONAL_REPRESENTATION('',(#877),#880);
#877 = B_SPLINE_CURVE_WITH_KNOTS('',1,(#878,#879),.UNSPECIFIED.,.F.,.F.,
  (2,2),(-8.794267676815,25.205732323185),.PIECEWISE_BEZIER_KNOTS.);
#878 = CARTESIAN_POINT('',(-3.552713678801E-15,1.4));
#879 = CARTESIAN_POINT('',(34.,1.4));
#880 = ( GEOMETRIC_REPRESENTATION_CONTEXT(2) 
PARAMETRIC_REPRESENTATION_CONTEXT() REPRESENTATION_CONTEXT('2D SPACE',''
  ) );
#881 = FACE_BOUND('',#882,.T.);
#882 = EDGE_LOOP('',(#883,#911,#932,#958));
#883 = ORIENTED_EDGE('',*,*,#884,.F.);
#884 = EDGE_CURVE('',#885,#887,#889,.T.);
#885 = VERTEX_POINT('',#886);
#886 = CARTESIAN_POINT('',(-50.,65.345152252562,49.447539875671));
#887 = VERTEX_POINT('',#888);
#888 = CARTESIAN_POINT('',(-50.,61.798120766835,62.990751002995));
#889 = SURFACE_CURVE('',#890,(#894,#900),.PCURVE_S1.);
#890 = LINE('',#891,#892);
#891 = CARTESIAN_POINT('',(-50.,66.877523895024,43.596666331728));
#892 = VECTOR('',#893,1.);
#893 = DIRECTION('',(0.,-0.253359391838,0.96737222338));
#894 = PCURVE('',#44,#895);
#895 = DEFINITIONAL_REPRESENTATION('',(#896),#899);
#896 = B_SPLINE_CURVE_WITH_KNOTS('',1,(#897,#898),.UNSPECIFIED.,.F.,.F.,
  (2,2),(6.048213296324,20.048213296324),.PIECEWISE_BEZIER_KNOTS.);
#897 = CARTESIAN_POINT('',(-4.782062304907,13.756862837604));
#898 = CARTESIAN_POINT('',(-1.23503081918,27.300073964927));
#899 = ( GEOMETRIC_REPRESENTATION_CONTEXT(2) 
PARAMETRIC_REPRESENTATION_CONTEXT() REPRESENTATION_CONTEXT('2D SPACE',''
  ) );
#900 = PCURVE('',#901,#906);
#901 = PLANE('',#902);
#902 = AXIS2_PLACEMENT_3D('',#903,#904,#905);
#903 = CARTESIAN_POINT('',(-50.5,65.345152252562,49.447539875671));
#904 = DIRECTION('',(0.,-0.96737222338,-0.253359391838));
#905 = DIRECTION('',(0.,-0.253359391838,0.96737222338));
#906 = DEFINITIONAL_REPRESENTATION('',(#907),#910);
#907 = B_SPLINE_CURVE_WITH_KNOTS('',1,(#908,#909),.UNSPECIFIED.,.F.,.F.,
  (2,2),(6.048213296324,20.048213296324),.PIECEWISE_BEZIER_KNOTS.);
#908 = CARTESIAN_POINT('',(-2.6645352591E-15,-0.5));
#909 = CARTESIAN_POINT('',(14.,-0.5));
#910 = ( GEOMETRIC_REPRESENTATION_CONTEXT(2) 
PARAMETRIC_REPRESENTATION_CONTEXT() REPRESENTATION_CONTEXT('2D SPACE',''
  ) );
#911 = ORIENTED_EDGE('',*,*,#912,.T.);
#912 = EDGE_CURVE('',#885,#913,#915,.T.);
#913 = VERTEX_POINT('',#914);
#914 = CARTESIAN_POINT('',(-50.,66.892947809971,49.852914902611));
#915 = SURFACE_CURVE('',#916,(#920,#926),.PCURVE_S1.);
#916 = LINE('',#917,#918);
#917 = CARTESIAN_POINT('',(-50.,48.991016387211,45.164313815698));
#918 = VECTOR('',#919,1.);
#919 = DIRECTION('',(-0.,0.96737222338,0.253359391838));
#920 = PCURVE('',#44,#921);
#921 = DEFINITIONAL_REPRESENTATION('',(#922),#925);
#922 = B_SPLINE_CURVE_WITH_KNOTS('',1,(#923,#924),.UNSPECIFIED.,.F.,.F.,
  (2,2),(-8.794267676815,25.205732323185),.PIECEWISE_BEZIER_KNOTS.);
#923 = CARTESIAN_POINT('',(20.079403835965,7.245526467375));
#924 = CARTESIAN_POINT('',(-12.81125175896,15.859745789856));
#925 = ( GEOMETRIC_REPRESENTATION_CONTEXT(2) 
PARAMETRIC_REPRESENTATION_CONTEXT() REPRESENTATION_CONTEXT('2D SPACE',''
  ) );
#926 = PCURVE('',#533,#927);
#927 = DEFINITIONAL_REPRESENTATION('',(#928),#931);
#928 = B_SPLINE_CURVE_WITH_KNOTS('',1,(#929,#930),.UNSPECIFIED.,.F.,.F.,
  (2,2),(-8.794267676815,25.205732323185),.PIECEWISE_BEZIER_KNOTS.);
#929 = CARTESIAN_POINT('',(-7.105427357601E-15,1.4));
#930 = CARTESIAN_POINT('',(34.,1.4));
#931 = ( GEOMETRIC_REPRESENTATION_CONTEXT(2) 
PARAMETRIC_REPRESENTATION_CONTEXT() REPRESENTATION_CONTEXT('2D SPACE',''
  ) );
#932 = ORIENTED_EDGE('',*,*,#933,.T.);
#933 = EDGE_CURVE('',#913,#934,#936,.T.);
#934 = VERTEX_POINT('',#935);
#935 = CARTESIAN_POINT('',(-50.,63.345916324243,63.396126029935));
#936 = SURFACE_CURVE('',#937,(#941,#947),.PCURVE_S1.);
#937 = LINE('',#938,#939);
#938 = CARTESIAN_POINT('',(-50.,68.425319452432,44.002041358668));
#939 = VECTOR('',#940,1.);
#940 = DIRECTION('',(0.,-0.253359391838,0.96737222338));
#941 = PCURVE('',#44,#942);
#942 = DEFINITIONAL_REPRESENTATION('',(#943),#946);
#943 = B_SPLINE_CURVE_WITH_KNOTS('',1,(#944,#945),.UNSPECIFIED.,.F.,.F.,
  (2,2),(6.048213296324,20.048213296324),.PIECEWISE_BEZIER_KNOTS.);
#944 = CARTESIAN_POINT('',(-6.329857862316,14.162237864544));
#945 = CARTESIAN_POINT('',(-2.782826376588,27.705448991867));
#946 = ( GEOMETRIC_REPRESENTATION_CONTEXT(2) 
PARAMETRIC_REPRESENTATION_CONTEXT() REPRESENTATION_CONTEXT('2D SPACE',''
  ) );
#947 = PCURVE('',#948,#953);
#948 = PLANE('',#949);
#949 = AXIS2_PLACEMENT_3D('',#950,#951,#952);
#950 = CARTESIAN_POINT('',(-50.5,66.892947809971,49.852914902611));
#951 = DIRECTION('',(0.,-0.96737222338,-0.253359391838));
#952 = DIRECTION('',(0.,-0.253359391838,0.96737222338));
#953 = DEFINITIONAL_REPRESENTATION('',(#954),#957);
#954 = B_SPLINE_CURVE_WITH_KNOTS('',1,(#955,#956),.UNSPECIFIED.,.F.,.F.,
  (2,2),(6.048213296324,20.048213296324),.PIECEWISE_BEZIER_KNOTS.);
#955 = CARTESIAN_POINT('',(-2.6645352591E-15,-0.5));
#956 = CARTESIAN_POINT('',(14.,-0.5));
#957 = ( GEOMETRIC_REPRESENTATION_CONTEXT(2) 
PARAMETRIC_REPRESENTATION_CONTEXT() REPRESENTATION_CONTEXT('2D SPACE',''
  ) );
#958 = ORIENTED_EDGE('',*,*,#959,.F.);
#959 = EDGE_CURVE('',#887,#934,#960,.T.);
#960 = SURFACE_CURVE('',#961,(#965,#971),.PCURVE_S1.);
#961 = LINE('',#962,#963);
#962 = CARTESIAN_POINT('',(-50.,45.443984901484,58.707524943022));
#963 = VECTOR('',#964,1.);
#964 = DIRECTION('',(-0.,0.96737222338,0.253359391838));
#965 = PCURVE('',#44,#966);
#966 = DEFINITIONAL_REPRESENTATION('',(#967),#970);
#967 = B_SPLINE_CURVE_WITH_KNOTS('',1,(#968,#969),.UNSPECIFIED.,.F.,.F.,
  (2,2),(-8.794267676815,25.205732323185),.PIECEWISE_BEZIER_KNOTS.);
#968 = CARTESIAN_POINT('',(23.626435321693,20.788737594699));
#969 = CARTESIAN_POINT('',(-9.264220273236,29.40295691718));
#970 = ( GEOMETRIC_REPRESENTATION_CONTEXT(2) 
PARAMETRIC_REPRESENTATION_CONTEXT() REPRESENTATION_CONTEXT('2D SPACE',''
  ) );
#971 = PCURVE('',#583,#972);
#972 = DEFINITIONAL_REPRESENTATION('',(#973),#976);
#973 = B_SPLINE_CURVE_WITH_KNOTS('',1,(#974,#975),.UNSPECIFIED.,.F.,.F.,
  (2,2),(-8.794267676815,25.205732323185),.PIECEWISE_BEZIER_KNOTS.);
#974 = CARTESIAN_POINT('',(-3.552713678801E-15,1.4));
#975 = CARTESIAN_POINT('',(34.,1.4));
#976 = ( GEOMETRIC_REPRESENTATION_CONTEXT(2) 
PARAMETRIC_REPRESENTATION_CONTEXT() REPRESENTATION_CONTEXT('2D SPACE',''
  ) );
#977 = FACE_BOUND('',#978,.T.);
#978 = EDGE_LOOP('',(#979,#1007,#1028,#1054));
#979 = ORIENTED_EDGE('',*,*,#980,.F.);
#980 = EDGE_CURVE('',#981,#983,#985,.T.);
#981 = VERTEX_POINT('',#982);
#982 = CARTESIAN_POINT('',(-50.,69.214641146083,50.460977443022));
#983 = VERTEX_POINT('',#984);
#984 = CARTESIAN_POINT('',(-50.,65.667609660356,64.004188570345));
#985 = SURFACE_CURVE('',#986,(#990,#996),.PCURVE_S1.);
#986 = LINE('',#987,#988);
#987 = CARTESIAN_POINT('',(-50.,70.747012788545,44.610103899079));
#988 = VECTOR('',#989,1.);
#989 = DIRECTION('',(0.,-0.253359391838,0.96737222338));
#990 = PCURVE('',#44,#991);
#991 = DEFINITIONAL_REPRESENTATION('',(#992),#995);
#992 = B_SPLINE_CURVE_WITH_KNOTS('',1,(#993,#994),.UNSPECIFIED.,.F.,.F.,
  (2,2),(6.048213296324,20.048213296324),.PIECEWISE_BEZIER_KNOTS.);
#993 = CARTESIAN_POINT('',(-8.651551198428,14.770300404954));
#994 = CARTESIAN_POINT('',(-5.104519712701,28.313511532278));
#995 = ( GEOMETRIC_REPRESENTATION_CONTEXT(2) 
PARAMETRIC_REPRESENTATION_CONTEXT() REPRESENTATION_CONTEXT('2D SPACE',''
  ) );
#996 = PCURVE('',#997,#1002);
#997 = PLANE('',#998);
#998 = AXIS2_PLACEMENT_3D('',#999,#1000,#1001);
#999 = CARTESIAN_POINT('',(-50.5,69.214641146083,50.460977443022));
#1000 = DIRECTION('',(0.,-0.96737222338,-0.253359391838));
#1001 = DIRECTION('',(0.,-0.253359391838,0.96737222338));
#1002 = DEFINITIONAL_REPRESENTATION('',(#1003),#1006);
#1003 = B_SPLINE_CURVE_WITH_KNOTS('',1,(#1004,#1005),.UNSPECIFIED.,.F.,
  .F.,(2,2),(6.048213296324,20.048213296324),.PIECEWISE_BEZIER_KNOTS.);
#1004 = CARTESIAN_POINT('',(-2.6645352591E-15,-0.5));
#1005 = CARTESIAN_POINT('',(14.,-0.5));
#1006 = ( GEOMETRIC_REPRESENTATION_CONTEXT(2) 
PARAMETRIC_REPRESENTATION_CONTEXT() REPRESENTATION_CONTEXT('2D SPACE',''
  ) );
#1007 = ORIENTED_EDGE('',*,*,#1008,.T.);
#1008 = EDGE_CURVE('',#981,#1009,#1011,.T.);
#1009 = VERTEX_POINT('',#1010);
#1010 = CARTESIAN_POINT('',(-50.,70.762436703492,50.866352469962));
#1011 = SURFACE_CURVE('',#1012,(#1016,#1022),.PCURVE_S1.);
#1012 = LINE('',#1013,#1014);
#1013 = CARTESIAN_POINT('',(-50.,48.991016387211,45.164313815698));
#1014 = VECTOR('',#1015,1.);
#1015 = DIRECTION('',(-0.,0.96737222338,0.253359391838));
#1016 = PCURVE('',#44,#1017);
#1017 = DEFINITIONAL_REPRESENTATION('',(#1018),#1021);
#1018 = B_SPLINE_CURVE_WITH_KNOTS('',1,(#1019,#1020),.UNSPECIFIED.,.F.,
  .F.,(2,2),(-8.794267676815,25.205732323185),.PIECEWISE_BEZIER_KNOTS.);
#1019 = CARTESIAN_POINT('',(20.079403835965,7.245526467375));
#1020 = CARTESIAN_POINT('',(-12.81125175896,15.859745789856));
#1021 = ( GEOMETRIC_REPRESENTATION_CONTEXT(2) 
PARAMETRIC_REPRESENTATION_CONTEXT() REPRESENTATION_CONTEXT('2D SPACE',''
  ) );
#1022 = PCURVE('',#533,#1023);
#1023 = DEFINITIONAL_REPRESENTATION('',(#1024),#1027);
#1024 = B_SPLINE_CURVE_WITH_KNOTS('',1,(#1025,#1026),.UNSPECIFIED.,.F.,
  .F.,(2,2),(-8.794267676815,25.205732323185),.PIECEWISE_BEZIER_KNOTS.);
#1025 = CARTESIAN_POINT('',(-7.105427357601E-15,1.4));
#1026 = CARTESIAN_POINT('',(34.,1.4));
#1027 = ( GEOMETRIC_REPRESENTATION_CONTEXT(2) 
PARAMETRIC_REPRESENTATION_CONTEXT() REPRESENTATION_CONTEXT('2D SPACE',''
  ) );
#1028 = ORIENTED_EDGE('',*,*,#1029,.T.);
#1029 = EDGE_CURVE('',#1009,#1030,#1032,.T.);
#1030 = VERTEX_POINT('',#1031);
#1031 = CARTESIAN_POINT('',(-50.,67.215405217764,64.409563597286));
#1032 = SURFACE_CURVE('',#1033,(#1037,#1043),.PCURVE_S1.);
#1033 = LINE('',#1034,#1035);
#1034 = CARTESIAN_POINT('',(-50.,72.294808345953,45.015478926019));
#1035 = VECTOR('',#1036,1.);
#1036 = DIRECTION('',(0.,-0.253359391838,0.96737222338));
#1037 = PCURVE('',#44,#1038);
#1038 = DEFINITIONAL_REPRESENTATION('',(#1039),#1042);
#1039 = B_SPLINE_CURVE_WITH_KNOTS('',1,(#1040,#1041),.UNSPECIFIED.,.F.,
  .F.,(2,2),(6.048213296324,20.048213296324),.PIECEWISE_BEZIER_KNOTS.);
#1040 = CARTESIAN_POINT('',(-10.19934675583,15.175675431895));
#1041 = CARTESIAN_POINT('',(-6.652315270109,28.718886559218));
#1042 = ( GEOMETRIC_REPRESENTATION_CONTEXT(2) 
PARAMETRIC_REPRESENTATION_CONTEXT() REPRESENTATION_CONTEXT('2D SPACE',''
  ) );
#1043 = PCURVE('',#1044,#1049);
#1044 = PLANE('',#1045);
#1045 = AXIS2_PLACEMENT_3D('',#1046,#1047,#1048);
#1046 = CARTESIAN_POINT('',(-50.5,70.762436703492,50.866352469962));
#1047 = DIRECTION('',(0.,-0.96737222338,-0.253359391838));
#1048 = DIRECTION('',(0.,-0.253359391838,0.96737222338));
#1049 = DEFINITIONAL_REPRESENTATION('',(#1050),#1053);
#1050 = B_SPLINE_CURVE_WITH_KNOTS('',1,(#1051,#1052),.UNSPECIFIED.,.F.,
  .F.,(2,2),(6.048213296324,20.048213296324),.PIECEWISE_BEZIER_KNOTS.);
#1051 = CARTESIAN_POINT('',(-2.6645352591E-15,-0.5));
#1052 = CARTESIAN_POINT('',(14.,-0.5));
#1053 = ( GEOMETRIC_REPRESENTATION_CONTEXT(2) 
PARAMETRIC_REPRESENTATION_CONTEXT() REPRESENTATION_CONTEXT('2D SPACE',''
  ) );
#1054 = ORIENTED_EDGE('',*,*,#1055,.F.);
#1055 = EDGE_CURVE('',#983,#1030,#1056,.T.);
#1056 = SURFACE_CURVE('',#1057,(#1061,#1067),.PCURVE_S1.);
#1057 = LINE('',#1058,#1059);
#1058 = CARTESIAN_POINT('',(-50.,45.443984901484,58.707524943022));
#1059 = VECTOR('',#1060,1.);
#1060 = DIRECTION('',(-0.,0.96737222338,0.253359391838));
#1061 = PCURVE('',#44,#1062);
#1062 = DEFINITIONAL_REPRESENTATION('',(#1063),#1066);
#1063 = B_SPLINE_CURVE_WITH_KNOTS('',1,(#1064,#1065),.UNSPECIFIED.,.F.,
  .F.,(2,2),(-8.794267676815,25.205732323185),.PIECEWISE_BEZIER_KNOTS.);
#1064 = CARTESIAN_POINT('',(23.626435321693,20.788737594699));
#1065 = CARTESIAN_POINT('',(-9.264220273236,29.40295691718));
#1066 = ( GEOMETRIC_REPRESENTATION_CONTEXT(2) 
PARAMETRIC_REPRESENTATION_CONTEXT() REPRESENTATION_CONTEXT('2D SPACE',''
  ) );
#1067 = PCURVE('',#583,#1068);
#1068 = DEFINITIONAL_REPRESENTATION('',(#1069),#1072);
#1069 = B_SPLINE_CURVE_WITH_KNOTS('',1,(#1070,#1071),.UNSPECIFIED.,.F.,
  .F.,(2,2),(-8.794267676815,25.205732323185),.PIECEWISE_BEZIER_KNOTS.);
#1070 = CARTESIAN_POINT('',(-3.552713678801E-15,1.4));
#1071 = CARTESIAN_POINT('',(34.,1.4));
#1072 = ( GEOMETRIC_REPRESENTATION_CONTEXT(2) 
PARAMETRIC_REPRESENTATION_CONTEXT() REPRESENTATION_CONTEXT('2D SPACE',''
  ) );
#1073 = FACE_BOUND('',#1074,.T.);
#1074 = EDGE_LOOP('',(#1075,#1103,#1124,#1150));
#1075 = ORIENTED_EDGE('',*,*,#1076,.F.);
#1076 = EDGE_CURVE('',#1077,#1079,#1081,.T.);
#1077 = VERTEX_POINT('',#1078);
#1078 = CARTESIAN_POINT('',(-50.,61.475663359041,48.43410230832));
#1079 = VERTEX_POINT('',#1080);
#1080 = CARTESIAN_POINT('',(-50.,57.928631873314,61.977313435644));
#1081 = SURFACE_CURVE('',#1082,(#1086,#1092),.PCURVE_S1.);
#1082 = LINE('',#1083,#1084);
#1083 = CARTESIAN_POINT('',(-50.,63.008035001503,42.583228764377));
#1084 = VECTOR('',#1085,1.);
#1085 = DIRECTION('',(0.,-0.253359391838,0.96737222338));
#1086 = PCURVE('',#44,#1087);
#1087 = DEFINITIONAL_REPRESENTATION('',(#1088),#1091);
#1088 = B_SPLINE_CURVE_WITH_KNOTS('',1,(#1089,#1090),.UNSPECIFIED.,.F.,
  .F.,(2,2),(6.048213296324,20.048213296324),.PIECEWISE_BEZIER_KNOTS.);
#1089 = CARTESIAN_POINT('',(-0.912573411386,12.743425270253));
#1090 = CARTESIAN_POINT('',(2.634458074341,26.286636397576));
#1091 = ( GEOMETRIC_REPRESENTATION_CONTEXT(2) 
PARAMETRIC_REPRESENTATION_CONTEXT() REPRESENTATION_CONTEXT('2D SPACE',''
  ) );
#1092 = PCURVE('',#1093,#1098);
#1093 = PLANE('',#1094);
#1094 = AXIS2_PLACEMENT_3D('',#1095,#1096,#1097);
#1095 = CARTESIAN_POINT('',(-50.5,61.475663359041,48.43410230832));
#1096 = DIRECTION('',(0.,-0.96737222338,-0.253359391838));
#1097 = DIRECTION('',(0.,-0.253359391838,0.96737222338));
#1098 = DEFINITIONAL_REPRESENTATION('',(#1099),#1102);
#1099 = B_SPLINE_CURVE_WITH_KNOTS('',1,(#1100,#1101),.UNSPECIFIED.,.F.,
  .F.,(2,2),(6.048213296324,20.048213296324),.PIECEWISE_BEZIER_KNOTS.);
#1100 = CARTESIAN_POINT('',(-8.881784197001E-16,-0.5));
#1101 = CARTESIAN_POINT('',(14.,-0.5));
#1102 = ( GEOMETRIC_REPRESENTATION_CONTEXT(2) 
PARAMETRIC_REPRESENTATION_CONTEXT() REPRESENTATION_CONTEXT('2D SPACE',''
  ) );
#1103 = ORIENTED_EDGE('',*,*,#1104,.T.);
#1104 = EDGE_CURVE('',#1077,#1105,#1107,.T.);
#1105 = VERTEX_POINT('',#1106);
#1106 = CARTESIAN_POINT('',(-50.,63.02345891645,48.839477335261));
#1107 = SURFACE_CURVE('',#1108,(#1112,#1118),.PCURVE_S1.);
#1108 = LINE('',#1109,#1110);
#1109 = CARTESIAN_POINT('',(-50.,48.991016387211,45.164313815698));
#1110 = VECTOR('',#1111,1.);
#1111 = DIRECTION('',(-0.,0.96737222338,0.253359391838));
#1112 = PCURVE('',#44,#1113);
#1113 = DEFINITIONAL_REPRESENTATION('',(#1114),#1117);
#1114 = B_SPLINE_CURVE_WITH_KNOTS('',1,(#1115,#1116),.UNSPECIFIED.,.F.,
  .F.,(2,2),(-8.794267676815,25.205732323185),.PIECEWISE_BEZIER_KNOTS.);
#1115 = CARTESIAN_POINT('',(20.079403835965,7.245526467375));
#1116 = CARTESIAN_POINT('',(-12.81125175896,15.859745789856));
#1117 = ( GEOMETRIC_REPRESENTATION_CONTEXT(2) 
PARAMETRIC_REPRESENTATION_CONTEXT() REPRESENTATION_CONTEXT('2D SPACE',''
  ) );
#1118 = PCURVE('',#533,#1119);
#1119 = DEFINITIONAL_REPRESENTATION('',(#1120),#1123);
#1120 = B_SPLINE_CURVE_WITH_KNOTS('',1,(#1121,#1122),.UNSPECIFIED.,.F.,
  .F.,(2,2),(-8.794267676815,25.205732323185),.PIECEWISE_BEZIER_KNOTS.);
#1121 = CARTESIAN_POINT('',(-7.105427357601E-15,1.4));
#1122 = CARTESIAN_POINT('',(34.,1.4));
#1123 = ( GEOMETRIC_REPRESENTATION_CONTEXT(2) 
PARAMETRIC_REPRESENTATION_CONTEXT() REPRESENTATION_CONTEXT('2D SPACE',''
  ) );
#1124 = ORIENTED_EDGE('',*,*,#1125,.T.);
#1125 = EDGE_CURVE('',#1105,#1126,#1128,.T.);
#1126 = VERTEX_POINT('',#1127);
#1127 = CARTESIAN_POINT('',(-50.,59.476427430722,62.382688462584));
#1128 = SURFACE_CURVE('',#1129,(#1133,#1139),.PCURVE_S1.);
#1129 = LINE('',#1130,#1131);
#1130 = CARTESIAN_POINT('',(-50.,64.555830558911,42.988603791318));
#1131 = VECTOR('',#1132,1.);
#1132 = DIRECTION('',(0.,-0.253359391838,0.96737222338));
#1133 = PCURVE('',#44,#1134);
#1134 = DEFINITIONAL_REPRESENTATION('',(#1135),#1138);
#1135 = B_SPLINE_CURVE_WITH_KNOTS('',1,(#1136,#1137),.UNSPECIFIED.,.F.,
  .F.,(2,2),(6.048213296324,20.048213296324),.PIECEWISE_BEZIER_KNOTS.);
#1136 = CARTESIAN_POINT('',(-2.460368968795,13.148800297193));
#1137 = CARTESIAN_POINT('',(1.086662516933,26.692011424517));
#1138 = ( GEOMETRIC_REPRESENTATION_CONTEXT(2) 
PARAMETRIC_REPRESENTATION_CONTEXT() REPRESENTATION_CONTEXT('2D SPACE',''
  ) );
#1139 = PCURVE('',#1140,#1145);
#1140 = PLANE('',#1141);
#1141 = AXIS2_PLACEMENT_3D('',#1142,#1143,#1144);
#1142 = CARTESIAN_POINT('',(-50.5,63.02345891645,48.839477335261));
#1143 = DIRECTION('',(0.,-0.96737222338,-0.253359391838));
#1144 = DIRECTION('',(0.,-0.253359391838,0.96737222338));
#1145 = DEFINITIONAL_REPRESENTATION('',(#1146),#1149);
#1146 = B_SPLINE_CURVE_WITH_KNOTS('',1,(#1147,#1148),.UNSPECIFIED.,.F.,
  .F.,(2,2),(6.048213296324,20.048213296324),.PIECEWISE_BEZIER_KNOTS.);
#1147 = CARTESIAN_POINT('',(-8.881784197001E-16,-0.5));
#1148 = CARTESIAN_POINT('',(14.,-0.5));
#1149 = ( GEOMETRIC_REPRESENTATION_CONTEXT(2) 
PARAMETRIC_REPRESENTATION_CONTEXT() REPRESENTATION_CONTEXT('2D SPACE',''
  ) );
#1150 = ORIENTED_EDGE('',*,*,#1151,.F.);
#1151 = EDGE_CURVE('',#1079,#1126,#1152,.T.);
#1152 = SURFACE_CURVE('',#1153,(#1157,#1163),.PCURVE_S1.);
#1153 = LINE('',#1154,#1155);
#1154 = CARTESIAN_POINT('',(-50.,45.443984901484,58.707524943022));
#1155 = VECTOR('',#1156,1.);
#1156 = DIRECTION('',(-0.,0.96737222338,0.253359391838));
#1157 = PCURVE('',#44,#1158);
#1158 = DEFINITIONAL_REPRESENTATION('',(#1159),#1162);
#1159 = B_SPLINE_CURVE_WITH_KNOTS('',1,(#1160,#1161),.UNSPECIFIED.,.F.,
  .F.,(2,2),(-8.794267676815,25.205732323185),.PIECEWISE_BEZIER_KNOTS.);
#1160 = CARTESIAN_POINT('',(23.626435321693,20.788737594699));
#1161 = CARTESIAN_POINT('',(-9.264220273236,29.40295691718));
#1162 = ( GEOMETRIC_REPRESENTATION_CONTEXT(2) 
PARAMETRIC_REPRESENTATION_CONTEXT() REPRESENTATION_CONTEXT('2D SPACE',''
  ) );
#1163 = PCURVE('',#583,#1164);
#1164 = DEFINITIONAL_REPRESENTATION('',(#1165),#1168);
#1165 = B_SPLINE_CURVE_WITH_KNOTS('',1,(#1166,#1167),.UNSPECIFIED.,.F.,
  .F.,(2,2),(-8.794267676815,25.205732323185),.PIECEWISE_BEZIER_KNOTS.);
#1166 = CARTESIAN_POINT('',(-3.552713678801E-15,1.4));
#1167 = CARTESIAN_POINT('',(34.,1.4));
#1168 = ( GEOMETRIC_REPRESENTATION_CONTEXT(2) 
PARAMETRIC_REPRESENTATION_CONTEXT() REPRESENTATION_CONTEXT('2D SPACE',''
  ) );
#1169 = FACE_BOUND('',#1170,.T.);
#1170 = EDGE_LOOP('',(#1171,#1199,#1220,#1246));
#1171 = ORIENTED_EDGE('',*,*,#1172,.F.);
#1172 = EDGE_CURVE('',#1173,#1175,#1177,.T.);
#1173 = VERTEX_POINT('',#1174);
#1174 = CARTESIAN_POINT('',(-50.,57.60617446552,47.42066474097));
#1175 = VERTEX_POINT('',#1176);
#1176 = CARTESIAN_POINT('',(-50.,54.059142979793,60.963875868293));
#1177 = SURFACE_CURVE('',#1178,(#1182,#1188),.PCURVE_S1.);
#1178 = LINE('',#1179,#1180);
#1179 = CARTESIAN_POINT('',(-50.,59.138546107982,41.569791197027));
#1180 = VECTOR('',#1181,1.);
#1181 = DIRECTION('',(0.,-0.253359391838,0.96737222338));
#1182 = PCURVE('',#44,#1183);
#1183 = DEFINITIONAL_REPRESENTATION('',(#1184),#1187);
#1184 = B_SPLINE_CURVE_WITH_KNOTS('',1,(#1185,#1186),.UNSPECIFIED.,.F.,
  .F.,(2,2),(6.048213296324,20.048213296324),.PIECEWISE_BEZIER_KNOTS.);
#1185 = CARTESIAN_POINT('',(2.956915482135,11.729987702902));
#1186 = CARTESIAN_POINT('',(6.503946967862,25.273198830226));
#1187 = ( GEOMETRIC_REPRESENTATION_CONTEXT(2) 
PARAMETRIC_REPRESENTATION_CONTEXT() REPRESENTATION_CONTEXT('2D SPACE',''
  ) );
#1188 = PCURVE('',#1189,#1194);
#1189 = PLANE('',#1190);
#1190 = AXIS2_PLACEMENT_3D('',#1191,#1192,#1193);
#1191 = CARTESIAN_POINT('',(-50.5,57.60617446552,47.42066474097));
#1192 = DIRECTION('',(0.,-0.96737222338,-0.253359391838));
#1193 = DIRECTION('',(0.,-0.253359391838,0.96737222338));
#1194 = DEFINITIONAL_REPRESENTATION('',(#1195),#1198);
#1195 = B_SPLINE_CURVE_WITH_KNOTS('',1,(#1196,#1197),.UNSPECIFIED.,.F.,
  .F.,(2,2),(6.048213296324,20.048213296324),.PIECEWISE_BEZIER_KNOTS.);
#1196 = CARTESIAN_POINT('',(-8.881784197001E-16,-0.5));
#1197 = CARTESIAN_POINT('',(14.,-0.5));
#1198 = ( GEOMETRIC_REPRESENTATION_CONTEXT(2) 
PARAMETRIC_REPRESENTATION_CONTEXT() REPRESENTATION_CONTEXT('2D SPACE',''
  ) );
#1199 = ORIENTED_EDGE('',*,*,#1200,.T.);
#1200 = EDGE_CURVE('',#1173,#1201,#1203,.T.);
#1201 = VERTEX_POINT('',#1202);
#1202 = CARTESIAN_POINT('',(-50.,59.153970022929,47.82603976791));
#1203 = SURFACE_CURVE('',#1204,(#1208,#1214),.PCURVE_S1.);
#1204 = LINE('',#1205,#1206);
#1205 = CARTESIAN_POINT('',(-50.,48.991016387211,45.164313815698));
#1206 = VECTOR('',#1207,1.);
#1207 = DIRECTION('',(-0.,0.96737222338,0.253359391838));
#1208 = PCURVE('',#44,#1209);
#1209 = DEFINITIONAL_REPRESENTATION('',(#1210),#1213);
#1210 = B_SPLINE_CURVE_WITH_KNOTS('',1,(#1211,#1212),.UNSPECIFIED.,.F.,
  .F.,(2,2),(-8.794267676815,25.205732323185),.PIECEWISE_BEZIER_KNOTS.);
#1211 = CARTESIAN_POINT('',(20.079403835965,7.245526467375));
#1212 = CARTESIAN_POINT('',(-12.81125175896,15.859745789856));
#1213 = ( GEOMETRIC_REPRESENTATION_CONTEXT(2) 
PARAMETRIC_REPRESENTATION_CONTEXT() REPRESENTATION_CONTEXT('2D SPACE',''
  ) );
#1214 = PCURVE('',#533,#1215);
#1215 = DEFINITIONAL_REPRESENTATION('',(#1216),#1219);
#1216 = B_SPLINE_CURVE_WITH_KNOTS('',1,(#1217,#1218),.UNSPECIFIED.,.F.,
  .F.,(2,2),(-8.794267676815,25.205732323185),.PIECEWISE_BEZIER_KNOTS.);
#1217 = CARTESIAN_POINT('',(-7.105427357601E-15,1.4));
#1218 = CARTESIAN_POINT('',(34.,1.4));
#1219 = ( GEOMETRIC_REPRESENTATION_CONTEXT(2) 
PARAMETRIC_REPRESENTATION_CONTEXT() REPRESENTATION_CONTEXT('2D SPACE',''
  ) );
#1220 = ORIENTED_EDGE('',*,*,#1221,.T.);
#1221 = EDGE_CURVE('',#1201,#1222,#1224,.T.);
#1222 = VERTEX_POINT('',#1223);
#1223 = CARTESIAN_POINT('',(-50.,55.606938537201,61.369250895233));
#1224 = SURFACE_CURVE('',#1225,(#1229,#1235),.PCURVE_S1.);
#1225 = LINE('',#1226,#1227);
#1226 = CARTESIAN_POINT('',(-50.,60.68634166539,41.975166223967));
#1227 = VECTOR('',#1228,1.);
#1228 = DIRECTION('',(0.,-0.253359391838,0.96737222338));
#1229 = PCURVE('',#44,#1230);
#1230 = DEFINITIONAL_REPRESENTATION('',(#1231),#1234);
#1231 = B_SPLINE_CURVE_WITH_KNOTS('',1,(#1232,#1233),.UNSPECIFIED.,.F.,
  .F.,(2,2),(6.048213296324,20.048213296324),.PIECEWISE_BEZIER_KNOTS.);
#1232 = CARTESIAN_POINT('',(1.409119924726,12.135362729842));
#1233 = CARTESIAN_POINT('',(4.956151410454,25.678573857166));
#1234 = ( GEOMETRIC_REPRESENTATION_CONTEXT(2) 
PARAMETRIC_REPRESENTATION_CONTEXT() REPRESENTATION_CONTEXT('2D SPACE',''
  ) );
#1235 = PCURVE('',#1236,#1241);
#1236 = PLANE('',#1237);
#1237 = AXIS2_PLACEMENT_3D('',#1238,#1239,#1240);
#1238 = CARTESIAN_POINT('',(-50.5,59.153970022929,47.82603976791));
#1239 = DIRECTION('',(0.,-0.96737222338,-0.253359391838));
#1240 = DIRECTION('',(0.,-0.253359391838,0.96737222338));
#1241 = DEFINITIONAL_REPRESENTATION('',(#1242),#1245);
#1242 = B_SPLINE_CURVE_WITH_KNOTS('',1,(#1243,#1244),.UNSPECIFIED.,.F.,
  .F.,(2,2),(6.048213296324,20.048213296324),.PIECEWISE_BEZIER_KNOTS.);
#1243 = CARTESIAN_POINT('',(-8.881784197001E-16,-0.5));
#1244 = CARTESIAN_POINT('',(14.,-0.5));
#1245 = ( GEOMETRIC_REPRESENTATION_CONTEXT(2) 
PARAMETRIC_REPRESENTATION_CONTEXT() REPRESENTATION_CONTEXT('2D SPACE',''
  ) );
#1246 = ORIENTED_EDGE('',*,*,#1247,.F.);
#1247 = EDGE_CURVE('',#1175,#1222,#1248,.T.);
#1248 = SURFACE_CURVE('',#1249,(#1253,#1259),.PCURVE_S1.);
#1249 = LINE('',#1250,#1251);
#1250 = CARTESIAN_POINT('',(-50.,45.443984901484,58.707524943022));
#1251 = VECTOR('',#1252,1.);
#1252 = DIRECTION('',(-0.,0.96737222338,0.253359391838));
#1253 = PCURVE('',#44,#1254);
#1254 = DEFINITIONAL_REPRESENTATION('',(#1255),#1258);
#1255 = B_SPLINE_CURVE_WITH_KNOTS('',1,(#1256,#1257),.UNSPECIFIED.,.F.,
  .F.,(2,2),(-8.794267676815,25.205732323185),.PIECEWISE_BEZIER_KNOTS.);
#1256 = CARTESIAN_POINT('',(23.626435321693,20.788737594699));
#1257 = CARTESIAN_POINT('',(-9.264220273236,29.40295691718));
#1258 = ( GEOMETRIC_REPRESENTATION_CONTEXT(2) 
PARAMETRIC_REPRESENTATION_CONTEXT() REPRESENTATION_CONTEXT('2D SPACE',''
  ) );
#1259 = PCURVE('',#583,#1260);
#1260 = DEFINITIONAL_REPRESENTATION('',(#1261),#1264);
#1261 = B_SPLINE_CURVE_WITH_KNOTS('',1,(#1262,#1263),.UNSPECIFIED.,.F.,
  .F.,(2,2),(-8.794267676815,25.205732323185),.PIECEWISE_BEZIER_KNOTS.);
#1262 = CARTESIAN_POINT('',(-3.552713678801E-15,1.4));
#1263 = CARTESIAN_POINT('',(34.,1.4));
#1264 = ( GEOMETRIC_REPRESENTATION_CONTEXT(2) 
PARAMETRIC_REPRESENTATION_CONTEXT() REPRESENTATION_CONTEXT('2D SPACE',''
  ) );
#1265 = ADVANCED_FACE('',(#1266),#77,.T.);
#1266 = FACE_BOUND('',#1267,.F.);
#1267 = EDGE_LOOP('',(#1268,#1291,#1318,#1319));
#1268 = ORIENTED_EDGE('',*,*,#1269,.F.);
#1269 = EDGE_CURVE('',#1270,#57,#1272,.T.);
#1270 = VERTEX_POINT('',#1271);
#1271 = CARTESIAN_POINT('',(-46.,-70.,10.));
#1272 = SURFACE_CURVE('',#1273,(#1277,#1284),.PCURVE_S1.);
#1273 = LINE('',#1274,#1275);
#1274 = CARTESIAN_POINT('',(-46.,-70.,0.));
#1275 = VECTOR('',#1276,1.);
#1276 = DIRECTION('',(0.,0.,1.));
#1277 = PCURVE('',#77,#1278);
#1278 = DEFINITIONAL_REPRESENTATION('',(#1279),#1283);
#1279 = LINE('',#1280,#1281);
#1280 = CARTESIAN_POINT('',(-0.,0.));
#1281 = VECTOR('',#1282,1.);
#1282 = DIRECTION('',(-0.,1.));
#1283 = ( GEOMETRIC_REPRESENTATION_CONTEXT(2) 
PARAMETRIC_REPRESENTATION_CONTEXT() REPRESENTATION_CONTEXT('2D SPACE',''
  ) );
#1284 = PCURVE('',#108,#1285);
#1285 = DEFINITIONAL_REPRESENTATION('',(#1286),#1290);
#1286 = LINE('',#1287,#1288);
#1287 = CARTESIAN_POINT('',(0.,-46.));
#1288 = VECTOR('',#1289,1.);
#1289 = DIRECTION('',(1.,0.));
#1290 = ( GEOMETRIC_REPRESENTATION_CONTEXT(2) 
PARAMETRIC_REPRESENTATION_CONTEXT() REPRESENTATION_CONTEXT('2D SPACE',''
  ) );
#1291 = ORIENTED_EDGE('',*,*,#1292,.F.);
#1292 = EDGE_CURVE('',#316,#1270,#1293,.T.);
#1293 = SURFACE_CURVE('',#1294,(#1299,#1311),.PCURVE_S1.);
#1294 = ELLIPSE('',#1295,4.134913018303,4.);
#1295 = AXIS2_PLACEMENT_3D('',#1296,#1297,#1298);
#1296 = CARTESIAN_POINT('',(-46.,-66.,11.047619047619));
#1297 = DIRECTION('',(0.,-0.253359391838,0.96737222338));
#1298 = DIRECTION('',(0.,0.96737222338,0.253359391838));
#1299 = PCURVE('',#77,#1300);
#1300 = DEFINITIONAL_REPRESENTATION('',(#1301),#1310);
#1301 = B_SPLINE_CURVE_WITH_KNOTS('',7,(#1302,#1303,#1304,#1305,#1306,
    #1307,#1308,#1309),.UNSPECIFIED.,.F.,.F.,(8,8),(1.570796326795,
    3.14159265359),.PIECEWISE_BEZIER_KNOTS.);
#1302 = CARTESIAN_POINT('',(-1.570796326795,11.047619047619));
#1303 = CARTESIAN_POINT('',(-1.346396851538,10.812533883065));
#1304 = CARTESIAN_POINT('',(-1.121997376282,10.577449673094));
#1305 = CARTESIAN_POINT('',(-0.897597901026,10.361693801569));
#1306 = CARTESIAN_POINT('',(-0.67319842577,10.184629757061));
#1307 = CARTESIAN_POINT('',(-0.448798950513,10.061546228447));
#1308 = CARTESIAN_POINT('',(-0.224399475256,10.));
#1309 = CARTESIAN_POINT('',(0.,10.));
#1310 = ( GEOMETRIC_REPRESENTATION_CONTEXT(2) 
PARAMETRIC_REPRESENTATION_CONTEXT() REPRESENTATION_CONTEXT('2D SPACE',''
  ) );
#1311 = PCURVE('',#332,#1312);
#1312 = DEFINITIONAL_REPRESENTATION('',(#1313),#1317);
#1313 = ELLIPSE('',#1314,4.134913018303,4.);
#1314 = AXIS2_PLACEMENT_2D('',#1315,#1316);
#1315 = CARTESIAN_POINT('',(212.94802044262,-46.));
#1316 = DIRECTION('',(-1.,0.));
#1317 = ( GEOMETRIC_REPRESENTATION_CONTEXT(2) 
PARAMETRIC_REPRESENTATION_CONTEXT() REPRESENTATION_CONTEXT('2D SPACE',''
  ) );
#1318 = ORIENTED_EDGE('',*,*,#343,.T.);
#1319 = ORIENTED_EDGE('',*,*,#56,.F.);
#1320 = ADVANCED_FACE('',(#1321),#194,.F.);
#1321 = FACE_BOUND('',#1322,.F.);
#1322 = EDGE_LOOP('',(#1323,#1324,#1347,#1373,#1401,#1427,#1450,#1469));
#1323 = ORIENTED_EDGE('',*,*,#365,.F.);
#1324 = ORIENTED_EDGE('',*,*,#1325,.T.);
#1325 = EDGE_CURVE('',#366,#1326,#1328,.T.);
#1326 = VERTEX_POINT('',#1327);
#1327 = CARTESIAN_POINT('',(-46.,140.,65.));
#1328 = SURFACE_CURVE('',#1329,(#1333,#1340),.PCURVE_S1.);
#1329 = LINE('',#1330,#1331);
#1330 = CARTESIAN_POINT('',(-150.,140.,65.));
#1331 = VECTOR('',#1332,1.);
#1332 = DIRECTION('',(1.,0.,0.));
#1333 = PCURVE('',#194,#1334);
#1334 = DEFINITIONAL_REPRESENTATION('',(#1335),#1339);
#1335 = LINE('',#1336,#1337);
#1336 = CARTESIAN_POINT('',(85.,-150.));
#1337 = VECTOR('',#1338,1.);
#1338 = DIRECTION('',(0.,1.));
#1339 = ( GEOMETRIC_REPRESENTATION_CONTEXT(2) 
PARAMETRIC_REPRESENTATION_CONTEXT() REPRESENTATION_CONTEXT('2D SPACE',''
  ) );
#1340 = PCURVE('',#401,#1341);
#1341 = DEFINITIONAL_REPRESENTATION('',(#1342),#1346);
#1342 = LINE('',#1343,#1344);
#1343 = CARTESIAN_POINT('',(-0.,-150.));
#1344 = VECTOR('',#1345,1.);
#1345 = DIRECTION('',(0.,1.));
#1346 = ( GEOMETRIC_REPRESENTATION_CONTEXT(2) 
PARAMETRIC_REPRESENTATION_CONTEXT() REPRESENTATION_CONTEXT('2D SPACE',''
  ) );
#1347 = ORIENTED_EDGE('',*,*,#1348,.T.);
#1348 = EDGE_CURVE('',#1326,#1349,#1351,.T.);
#1349 = VERTEX_POINT('',#1350);
#1350 = CARTESIAN_POINT('',(-46.,140.,79.242438829298));
#1351 = SURFACE_CURVE('',#1352,(#1356,#1362),.PCURVE_S1.);
#1352 = LINE('',#1353,#1354);
#1353 = CARTESIAN_POINT('',(-46.,140.,92.845338519034));
#1354 = VECTOR('',#1355,1.);
#1355 = DIRECTION('',(-0.,0.,1.));
#1356 = PCURVE('',#194,#1357);
#1357 = DEFINITIONAL_REPRESENTATION('',(#1358),#1361);
#1358 = B_SPLINE_CURVE_WITH_KNOTS('',1,(#1359,#1360),.UNSPECIFIED.,.F.,
  .F.,(2,2),(-27.84533851903,-8.572392558652),.PIECEWISE_BEZIER_KNOTS.);
#1359 = CARTESIAN_POINT('',(85.,-46.));
#1360 = CARTESIAN_POINT('',(65.727054039619,-46.));
#1361 = ( GEOMETRIC_REPRESENTATION_CONTEXT(2) 
PARAMETRIC_REPRESENTATION_CONTEXT() REPRESENTATION_CONTEXT('2D SPACE',''
  ) );
#1362 = PCURVE('',#1363,#1368);
#1363 = PLANE('',#1364);
#1364 = AXIS2_PLACEMENT_3D('',#1365,#1366,#1367);
#1365 = CARTESIAN_POINT('',(-46.,60.563089947655,35.690677038067));
#1366 = DIRECTION('',(-1.,-0.,-0.));
#1367 = DIRECTION('',(0.,-1.,0.));
#1368 = DEFINITIONAL_REPRESENTATION('',(#1369),#1372);
#1369 = B_SPLINE_CURVE_WITH_KNOTS('',1,(#1370,#1371),.UNSPECIFIED.,.F.,
  .F.,(2,2),(-27.84533851903,-8.572392558652),.PIECEWISE_BEZIER_KNOTS.);
#1370 = CARTESIAN_POINT('',(-79.43691005234,29.309322961933));
#1371 = CARTESIAN_POINT('',(-79.43691005234,48.582268922314));
#1372 = ( GEOMETRIC_REPRESENTATION_CONTEXT(2) 
PARAMETRIC_REPRESENTATION_CONTEXT() REPRESENTATION_CONTEXT('2D SPACE',''
  ) );
#1373 = ORIENTED_EDGE('',*,*,#1374,.F.);
#1374 = EDGE_CURVE('',#1375,#1349,#1377,.T.);
#1375 = VERTEX_POINT('',#1376);
#1376 = CARTESIAN_POINT('',(46.,140.,79.242438829298));
#1377 = SURFACE_CURVE('',#1378,(#1382,#1389),.PCURVE_S1.);
#1378 = LINE('',#1379,#1380);
#1379 = CARTESIAN_POINT('',(46.,140.,79.242438829298));
#1380 = VECTOR('',#1381,1.);
#1381 = DIRECTION('',(-1.,0.,0.));
#1382 = PCURVE('',#194,#1383);
#1383 = DEFINITIONAL_REPRESENTATION('',(#1384),#1388);
#1384 = LINE('',#1385,#1386);
#1385 = CARTESIAN_POINT('',(70.757561170702,46.));
#1386 = VECTOR('',#1387,1.);
#1387 = DIRECTION('',(0.,-1.));
#1388 = ( GEOMETRIC_REPRESENTATION_CONTEXT(2) 
PARAMETRIC_REPRESENTATION_CONTEXT() REPRESENTATION_CONTEXT('2D SPACE',''
  ) );
#1389 = PCURVE('',#1390,#1395);
#1390 = PLANE('',#1391);
#1391 = AXIS2_PLACEMENT_3D('',#1392,#1393,#1394);
#1392 = CARTESIAN_POINT('',(0.,137.73909791861,84.272945960381));
#1393 = DIRECTION('',(0.,-0.912113164786,-0.409938501027));
#1394 = DIRECTION('',(0.,0.409938501027,-0.912113164786));
#1395 = DEFINITIONAL_REPRESENTATION('',(#1396),#1400);
#1396 = LINE('',#1397,#1398);
#1397 = CARTESIAN_POINT('',(5.515222590023,46.));
#1398 = VECTOR('',#1399,1.);
#1399 = DIRECTION('',(0.,-1.));
#1400 = ( GEOMETRIC_REPRESENTATION_CONTEXT(2) 
PARAMETRIC_REPRESENTATION_CONTEXT() REPRESENTATION_CONTEXT('2D SPACE',''
  ) );
#1401 = ORIENTED_EDGE('',*,*,#1402,.F.);
#1402 = EDGE_CURVE('',#1403,#1375,#1405,.T.);
#1403 = VERTEX_POINT('',#1404);
#1404 = CARTESIAN_POINT('',(46.,140.,65.));
#1405 = SURFACE_CURVE('',#1406,(#1410,#1416),.PCURVE_S1.);
#1406 = LINE('',#1407,#1408);
#1407 = CARTESIAN_POINT('',(46.,140.,92.845338519034));
#1408 = VECTOR('',#1409,1.);
#1409 = DIRECTION('',(-0.,0.,1.));
#1410 = PCURVE('',#194,#1411);
#1411 = DEFINITIONAL_REPRESENTATION('',(#1412),#1415);
#1412 = B_SPLINE_CURVE_WITH_KNOTS('',1,(#1413,#1414),.UNSPECIFIED.,.F.,
  .F.,(2,2),(-27.84533851903,-8.572392558652),.PIECEWISE_BEZIER_KNOTS.);
#1413 = CARTESIAN_POINT('',(85.,46.));
#1414 = CARTESIAN_POINT('',(65.727054039619,46.));
#1415 = ( GEOMETRIC_REPRESENTATION_CONTEXT(2) 
PARAMETRIC_REPRESENTATION_CONTEXT() REPRESENTATION_CONTEXT('2D SPACE',''
  ) );
#1416 = PCURVE('',#1417,#1422);
#1417 = PLANE('',#1418);
#1418 = AXIS2_PLACEMENT_3D('',#1419,#1420,#1421);
#1419 = CARTESIAN_POINT('',(46.,60.563089947655,35.690677038067));
#1420 = DIRECTION('',(-1.,-0.,-0.));
#1421 = DIRECTION('',(0.,-1.,0.));
#1422 = DEFINITIONAL_REPRESENTATION('',(#1423),#1426);
#1423 = B_SPLINE_CURVE_WITH_KNOTS('',1,(#1424,#1425),.UNSPECIFIED.,.F.,
  .F.,(2,2),(-27.84533851903,-8.572392558652),.PIECEWISE_BEZIER_KNOTS.);
#1424 = CARTESIAN_POINT('',(-79.43691005234,29.309322961933));
#1425 = CARTESIAN_POINT('',(-79.43691005234,48.582268922314));
#1426 = ( GEOMETRIC_REPRESENTATION_CONTEXT(2) 
PARAMETRIC_REPRESENTATION_CONTEXT() REPRESENTATION_CONTEXT('2D SPACE',''
  ) );
#1427 = ORIENTED_EDGE('',*,*,#1428,.T.);
#1428 = EDGE_CURVE('',#1403,#1429,#1431,.T.);
#1429 = VERTEX_POINT('',#1430);
#1430 = CARTESIAN_POINT('',(50.,140.,65.));
#1431 = SURFACE_CURVE('',#1432,(#1436,#1443),.PCURVE_S1.);
#1432 = LINE('',#1433,#1434);
#1433 = CARTESIAN_POINT('',(-150.,140.,65.));
#1434 = VECTOR('',#1435,1.);
#1435 = DIRECTION('',(1.,0.,0.));
#1436 = PCURVE('',#194,#1437);
#1437 = DEFINITIONAL_REPRESENTATION('',(#1438),#1442);
#1438 = LINE('',#1439,#1440);
#1439 = CARTESIAN_POINT('',(85.,-150.));
#1440 = VECTOR('',#1441,1.);
#1441 = DIRECTION('',(0.,1.));
#1442 = ( GEOMETRIC_REPRESENTATION_CONTEXT(2) 
PARAMETRIC_REPRESENTATION_CONTEXT() REPRESENTATION_CONTEXT('2D SPACE',''
  ) );
#1443 = PCURVE('',#332,#1444);
#1444 = DEFINITIONAL_REPRESENTATION('',(#1445),#1449);
#1445 = LINE('',#1446,#1447);
#1446 = CARTESIAN_POINT('',(-0.,-150.));
#1447 = VECTOR('',#1448,1.);
#1448 = DIRECTION('',(0.,1.));
#1449 = ( GEOMETRIC_REPRESENTATION_CONTEXT(2) 
PARAMETRIC_REPRESENTATION_CONTEXT() REPRESENTATION_CONTEXT('2D SPACE',''
  ) );
#1450 = ORIENTED_EDGE('',*,*,#1451,.T.);
#1451 = EDGE_CURVE('',#1429,#153,#1452,.T.);
#1452 = SURFACE_CURVE('',#1453,(#1457,#1463),.PCURVE_S1.);
#1453 = LINE('',#1454,#1455);
#1454 = CARTESIAN_POINT('',(50.,140.,92.845338519034));
#1455 = VECTOR('',#1456,1.);
#1456 = DIRECTION('',(-0.,0.,1.));
#1457 = PCURVE('',#194,#1458);
#1458 = DEFINITIONAL_REPRESENTATION('',(#1459),#1462);
#1459 = B_SPLINE_CURVE_WITH_KNOTS('',1,(#1460,#1461),.UNSPECIFIED.,.F.,
  .F.,(2,2),(-27.84533851903,-3.845338519034),.PIECEWISE_BEZIER_KNOTS.);
#1460 = CARTESIAN_POINT('',(85.,50.));
#1461 = CARTESIAN_POINT('',(61.,50.));
#1462 = ( GEOMETRIC_REPRESENTATION_CONTEXT(2) 
PARAMETRIC_REPRESENTATION_CONTEXT() REPRESENTATION_CONTEXT('2D SPACE',''
  ) );
#1463 = PCURVE('',#168,#1464);
#1464 = DEFINITIONAL_REPRESENTATION('',(#1465),#1468);
#1465 = B_SPLINE_CURVE_WITH_KNOTS('',1,(#1466,#1467),.UNSPECIFIED.,.F.,
  .F.,(2,2),(-27.84533851903,-3.845338519034),.PIECEWISE_BEZIER_KNOTS.);
#1466 = CARTESIAN_POINT('',(-79.43691005234,29.309322961933));
#1467 = CARTESIAN_POINT('',(-79.43691005234,53.309322961933));
#1468 = ( GEOMETRIC_REPRESENTATION_CONTEXT(2) 
PARAMETRIC_REPRESENTATION_CONTEXT() REPRESENTATION_CONTEXT('2D SPACE',''
  ) );
#1469 = ORIENTED_EDGE('',*,*,#180,.T.);
#1470 = ADVANCED_FACE('',(#1471),#108,.F.);
#1471 = FACE_BOUND('',#1472,.F.);
#1472 = EDGE_LOOP('',(#1473,#1496,#1497,#1498));
#1473 = ORIENTED_EDGE('',*,*,#1474,.T.);
#1474 = EDGE_CURVE('',#1475,#1270,#1477,.T.);
#1475 = VERTEX_POINT('',#1476);
#1476 = CARTESIAN_POINT('',(46.,-70.,10.));
#1477 = SURFACE_CURVE('',#1478,(#1482,#1489),.PCURVE_S1.);
#1478 = LINE('',#1479,#1480);
#1479 = CARTESIAN_POINT('',(150.,-70.,10.));
#1480 = VECTOR('',#1481,1.);
#1481 = DIRECTION('',(-1.,0.,0.));
#1482 = PCURVE('',#108,#1483);
#1483 = DEFINITIONAL_REPRESENTATION('',(#1484),#1488);
#1484 = LINE('',#1485,#1486);
#1485 = CARTESIAN_POINT('',(10.,150.));
#1486 = VECTOR('',#1487,1.);
#1487 = DIRECTION('',(0.,-1.));
#1488 = ( GEOMETRIC_REPRESENTATION_CONTEXT(2) 
PARAMETRIC_REPRESENTATION_CONTEXT() REPRESENTATION_CONTEXT('2D SPACE',''
  ) );
#1489 = PCURVE('',#332,#1490);
#1490 = DEFINITIONAL_REPRESENTATION('',(#1491),#1495);
#1491 = LINE('',#1492,#1493);
#1492 = CARTESIAN_POINT('',(217.08293346092,150.));
#1493 = VECTOR('',#1494,1.);
#1494 = DIRECTION('',(-0.,-1.));
#1495 = ( GEOMETRIC_REPRESENTATION_CONTEXT(2) 
PARAMETRIC_REPRESENTATION_CONTEXT() REPRESENTATION_CONTEXT('2D SPACE',''
  ) );
#1496 = ORIENTED_EDGE('',*,*,#1269,.T.);
#1497 = ORIENTED_EDGE('',*,*,#92,.F.);
#1498 = ORIENTED_EDGE('',*,*,#1499,.F.);
#1499 = EDGE_CURVE('',#1475,#93,#1500,.T.);
#1500 = SURFACE_CURVE('',#1501,(#1505,#1512),.PCURVE_S1.);
#1501 = LINE('',#1502,#1503);
#1502 = CARTESIAN_POINT('',(46.,-70.,0.));
#1503 = VECTOR('',#1504,1.);
#1504 = DIRECTION('',(0.,0.,1.));
#1505 = PCURVE('',#108,#1506);
#1506 = DEFINITIONAL_REPRESENTATION('',(#1507),#1511);
#1507 = LINE('',#1508,#1509);
#1508 = CARTESIAN_POINT('',(0.,46.));
#1509 = VECTOR('',#1510,1.);
#1510 = DIRECTION('',(1.,0.));
#1511 = ( GEOMETRIC_REPRESENTATION_CONTEXT(2) 
PARAMETRIC_REPRESENTATION_CONTEXT() REPRESENTATION_CONTEXT('2D SPACE',''
  ) );
#1512 = PCURVE('',#137,#1513);
#1513 = DEFINITIONAL_REPRESENTATION('',(#1514),#1518);
#1514 = LINE('',#1515,#1516);
#1515 = CARTESIAN_POINT('',(0.,0.));
#1516 = VECTOR('',#1517,1.);
#1517 = DIRECTION('',(0.,1.));
#1518 = ( GEOMETRIC_REPRESENTATION_CONTEXT(2) 
PARAMETRIC_REPRESENTATION_CONTEXT() REPRESENTATION_CONTEXT('2D SPACE',''
  ) );
#1519 = ADVANCED_FACE('',(#1520),#168,.F.);
#1520 = FACE_BOUND('',#1521,.F.);
#1521 = EDGE_LOOP('',(#1522,#1543,#1564,#1565));
#1522 = ORIENTED_EDGE('',*,*,#1523,.F.);
#1523 = EDGE_CURVE('',#1524,#1429,#1526,.T.);
#1524 = VERTEX_POINT('',#1525);
#1525 = CARTESIAN_POINT('',(50.,-66.,11.047619047619));
#1526 = SURFACE_CURVE('',#1527,(#1531,#1537),.PCURVE_S1.);
#1527 = LINE('',#1528,#1529);
#1528 = CARTESIAN_POINT('',(50.,99.239359007759,54.324594025842));
#1529 = VECTOR('',#1530,1.);
#1530 = DIRECTION('',(-0.,0.96737222338,0.253359391838));
#1531 = PCURVE('',#168,#1532);
#1532 = DEFINITIONAL_REPRESENTATION('',(#1533),#1536);
#1533 = B_SPLINE_CURVE_WITH_KNOTS('',1,(#1534,#1535),.UNSPECIFIED.,.F.,
  .F.,(2,2),(-170.8125941743,42.135426268301),.PIECEWISE_BEZIER_KNOTS.);
#1534 = CARTESIAN_POINT('',(126.56308994765,-24.64305799044));
#1535 = CARTESIAN_POINT('',(-79.43691005234,29.309322961933));
#1536 = ( GEOMETRIC_REPRESENTATION_CONTEXT(2) 
PARAMETRIC_REPRESENTATION_CONTEXT() REPRESENTATION_CONTEXT('2D SPACE',''
  ) );
#1537 = PCURVE('',#332,#1538);
#1538 = DEFINITIONAL_REPRESENTATION('',(#1539),#1542);
#1539 = B_SPLINE_CURVE_WITH_KNOTS('',1,(#1540,#1541),.UNSPECIFIED.,.F.,
  .F.,(2,2),(-170.8125941743,42.135426268301),.PIECEWISE_BEZIER_KNOTS.);
#1540 = CARTESIAN_POINT('',(212.94802044262,50.));
#1541 = CARTESIAN_POINT('',(0.,50.));
#1542 = ( GEOMETRIC_REPRESENTATION_CONTEXT(2) 
PARAMETRIC_REPRESENTATION_CONTEXT() REPRESENTATION_CONTEXT('2D SPACE',''
  ) );
#1543 = ORIENTED_EDGE('',*,*,#1544,.T.);
#1544 = EDGE_CURVE('',#1524,#121,#1545,.T.);
#1545 = SURFACE_CURVE('',#1546,(#1550,#1557),.PCURVE_S1.);
#1546 = LINE('',#1547,#1548);
#1547 = CARTESIAN_POINT('',(50.,-66.,0.));
#1548 = VECTOR('',#1549,1.);
#1549 = DIRECTION('',(0.,0.,1.));
#1550 = PCURVE('',#168,#1551);
#1551 = DEFINITIONAL_REPRESENTATION('',(#1552),#1556);
#1552 = LINE('',#1553,#1554);
#1553 = CARTESIAN_POINT('',(126.56308994765,-35.69067703806));
#1554 = VECTOR('',#1555,1.);
#1555 = DIRECTION('',(0.,1.));
#1556 = ( GEOMETRIC_REPRESENTATION_CONTEXT(2) 
PARAMETRIC_REPRESENTATION_CONTEXT() REPRESENTATION_CONTEXT('2D SPACE',''
  ) );
#1557 = PCURVE('',#137,#1558);
#1558 = DEFINITIONAL_REPRESENTATION('',(#1559),#1563);
#1559 = LINE('',#1560,#1561);
#1560 = CARTESIAN_POINT('',(1.570796326795,0.));
#1561 = VECTOR('',#1562,1.);
#1562 = DIRECTION('',(0.,1.));
#1563 = ( GEOMETRIC_REPRESENTATION_CONTEXT(2) 
PARAMETRIC_REPRESENTATION_CONTEXT() REPRESENTATION_CONTEXT('2D SPACE',''
  ) );
#1564 = ORIENTED_EDGE('',*,*,#152,.T.);
#1565 = ORIENTED_EDGE('',*,*,#1451,.F.);
#1566 = ADVANCED_FACE('',(#1567),#137,.T.);
#1567 = FACE_BOUND('',#1568,.T.);
#1568 = EDGE_LOOP('',(#1569,#1570,#1597,#1598));
#1569 = ORIENTED_EDGE('',*,*,#1499,.F.);
#1570 = ORIENTED_EDGE('',*,*,#1571,.T.);
#1571 = EDGE_CURVE('',#1475,#1524,#1572,.T.);
#1572 = SURFACE_CURVE('',#1573,(#1578,#1590),.PCURVE_S1.);
#1573 = ELLIPSE('',#1574,4.134913018303,4.);
#1574 = AXIS2_PLACEMENT_3D('',#1575,#1576,#1577);
#1575 = CARTESIAN_POINT('',(46.,-66.,11.047619047619));
#1576 = DIRECTION('',(0.,-0.253359391838,0.96737222338));
#1577 = DIRECTION('',(0.,0.96737222338,0.253359391838));
#1578 = PCURVE('',#137,#1579);
#1579 = DEFINITIONAL_REPRESENTATION('',(#1580),#1589);
#1580 = B_SPLINE_CURVE_WITH_KNOTS('',7,(#1581,#1582,#1583,#1584,#1585,
    #1586,#1587,#1588),.UNSPECIFIED.,.F.,.F.,(8,8),(3.14159265359,
    4.712388980385),.PIECEWISE_BEZIER_KNOTS.);
#1581 = CARTESIAN_POINT('',(0.,10.));
#1582 = CARTESIAN_POINT('',(0.224399475256,10.));
#1583 = CARTESIAN_POINT('',(0.448798950513,10.06154622845));
#1584 = CARTESIAN_POINT('',(0.673198425769,10.184629757056));
#1585 = CARTESIAN_POINT('',(0.897597901026,10.361693801571));
#1586 = CARTESIAN_POINT('',(1.121997376282,10.577449673092));
#1587 = CARTESIAN_POINT('',(1.346396851538,10.812533883065));
#1588 = CARTESIAN_POINT('',(1.570796326795,11.047619047619));
#1589 = ( GEOMETRIC_REPRESENTATION_CONTEXT(2) 
PARAMETRIC_REPRESENTATION_CONTEXT() REPRESENTATION_CONTEXT('2D SPACE',''
  ) );
#1590 = PCURVE('',#332,#1591);
#1591 = DEFINITIONAL_REPRESENTATION('',(#1592),#1596);
#1592 = ELLIPSE('',#1593,4.134913018303,4.);
#1593 = AXIS2_PLACEMENT_2D('',#1594,#1595);
#1594 = CARTESIAN_POINT('',(212.94802044262,46.));
#1595 = DIRECTION('',(-1.,0.));
#1596 = ( GEOMETRIC_REPRESENTATION_CONTEXT(2) 
PARAMETRIC_REPRESENTATION_CONTEXT() REPRESENTATION_CONTEXT('2D SPACE',''
  ) );
#1597 = ORIENTED_EDGE('',*,*,#1544,.T.);
#1598 = ORIENTED_EDGE('',*,*,#120,.F.);
#1599 = ADVANCED_FACE('',(#1600),#225,.F.);
#1600 = FACE_BOUND('',#1601,.F.);
#1601 = EDGE_LOOP('',(#1602,#1625,#1653,#1674));
#1602 = ORIENTED_EDGE('',*,*,#1603,.F.);
#1603 = EDGE_CURVE('',#1604,#209,#1606,.T.);
#1604 = VERTEX_POINT('',#1605);
#1605 = CARTESIAN_POINT('',(-37.9,2.584155275184,48.875222887102));
#1606 = SURFACE_CURVE('',#1607,(#1611,#1618),.PCURVE_S1.);
#1607 = LINE('',#1608,#1609);
#1608 = CARTESIAN_POINT('',(-37.9,2.584155275184,48.875222887102));
#1609 = VECTOR('',#1610,1.);
#1610 = DIRECTION('',(0.,-0.253359391838,0.96737222338));
#1611 = PCURVE('',#225,#1612);
#1612 = DEFINITIONAL_REPRESENTATION('',(#1613),#1617);
#1613 = LINE('',#1614,#1615);
#1614 = CARTESIAN_POINT('',(0.,-7.));
#1615 = VECTOR('',#1616,1.);
#1616 = DIRECTION('',(0.,1.));
#1617 = ( GEOMETRIC_REPRESENTATION_CONTEXT(2) 
PARAMETRIC_REPRESENTATION_CONTEXT() REPRESENTATION_CONTEXT('2D SPACE',''
  ) );
#1618 = PCURVE('',#251,#1619);
#1619 = DEFINITIONAL_REPRESENTATION('',(#1620),#1624);
#1620 = LINE('',#1621,#1622);
#1621 = CARTESIAN_POINT('',(1.7763568394E-15,-7.));
#1622 = VECTOR('',#1623,1.);
#1623 = DIRECTION('',(-2.775557561563E-16,1.));
#1624 = ( GEOMETRIC_REPRESENTATION_CONTEXT(2) 
PARAMETRIC_REPRESENTATION_CONTEXT() REPRESENTATION_CONTEXT('2D SPACE',''
  ) );
#1625 = ORIENTED_EDGE('',*,*,#1626,.T.);
#1626 = EDGE_CURVE('',#1604,#1627,#1629,.T.);
#1627 = VERTEX_POINT('',#1628);
#1628 = CARTESIAN_POINT('',(39.4,2.584155275184,48.875222887102));
#1629 = SURFACE_CURVE('',#1630,(#1634,#1641),.PCURVE_S1.);
#1630 = LINE('',#1631,#1632);
#1631 = CARTESIAN_POINT('',(0.75,2.584155275184,48.875222887102));
#1632 = VECTOR('',#1633,1.);
#1633 = DIRECTION('',(1.,0.,0.));
#1634 = PCURVE('',#225,#1635);
#1635 = DEFINITIONAL_REPRESENTATION('',(#1636),#1640);
#1636 = LINE('',#1637,#1638);
#1637 = CARTESIAN_POINT('',(38.65,-7.));
#1638 = VECTOR('',#1639,1.);
#1639 = DIRECTION('',(1.,0.));
#1640 = ( GEOMETRIC_REPRESENTATION_CONTEXT(2) 
PARAMETRIC_REPRESENTATION_CONTEXT() REPRESENTATION_CONTEXT('2D SPACE',''
  ) );
#1641 = PCURVE('',#1642,#1647);
#1642 = PLANE('',#1643);
#1643 = AXIS2_PLACEMENT_3D('',#1644,#1645,#1646);
#1644 = CARTESIAN_POINT('',(0.,-66.,30.912706029316));
#1645 = DIRECTION('',(0.,0.253359391838,-0.96737222338));
#1646 = DIRECTION('',(0.,0.96737222338,0.253359391838));
#1647 = DEFINITIONAL_REPRESENTATION('',(#1648),#1652);
#1648 = LINE('',#1649,#1650);
#1649 = CARTESIAN_POINT('',(70.897379124174,0.75));
#1650 = VECTOR('',#1651,1.);
#1651 = DIRECTION('',(0.,1.));
#1652 = ( GEOMETRIC_REPRESENTATION_CONTEXT(2) 
PARAMETRIC_REPRESENTATION_CONTEXT() REPRESENTATION_CONTEXT('2D SPACE',''
  ) );
#1653 = ORIENTED_EDGE('',*,*,#1654,.T.);
#1654 = EDGE_CURVE('',#1627,#211,#1655,.T.);
#1655 = SURFACE_CURVE('',#1656,(#1660,#1667),.PCURVE_S1.);
#1656 = LINE('',#1657,#1658);
#1657 = CARTESIAN_POINT('',(39.4,2.584155275184,48.875222887102));
#1658 = VECTOR('',#1659,1.);
#1659 = DIRECTION('',(0.,-0.253359391838,0.96737222338));
#1660 = PCURVE('',#225,#1661);
#1661 = DEFINITIONAL_REPRESENTATION('',(#1662),#1666);
#1662 = LINE('',#1663,#1664);
#1663 = CARTESIAN_POINT('',(77.3,-7.));
#1664 = VECTOR('',#1665,1.);
#1665 = DIRECTION('',(0.,1.));
#1666 = ( GEOMETRIC_REPRESENTATION_CONTEXT(2) 
PARAMETRIC_REPRESENTATION_CONTEXT() REPRESENTATION_CONTEXT('2D SPACE',''
  ) );
#1667 = PCURVE('',#301,#1668);
#1668 = DEFINITIONAL_REPRESENTATION('',(#1669),#1673);
#1669 = LINE('',#1670,#1671);
#1670 = CARTESIAN_POINT('',(1.7763568394E-15,-7.));
#1671 = VECTOR('',#1672,1.);
#1672 = DIRECTION('',(-2.775557561563E-16,1.));
#1673 = ( GEOMETRIC_REPRESENTATION_CONTEXT(2) 
PARAMETRIC_REPRESENTATION_CONTEXT() REPRESENTATION_CONTEXT('2D SPACE',''
  ) );
#1674 = ORIENTED_EDGE('',*,*,#208,.F.);
#1675 = ADVANCED_FACE('',(#1676),#301,.F.);
#1676 = FACE_BOUND('',#1677,.F.);
#1677 = EDGE_LOOP('',(#1678,#1679,#1702,#1723));
#1678 = ORIENTED_EDGE('',*,*,#1654,.F.);
#1679 = ORIENTED_EDGE('',*,*,#1680,.T.);
#1680 = EDGE_CURVE('',#1627,#1681,#1683,.T.);
#1681 = VERTEX_POINT('',#1682);
#1682 = CARTESIAN_POINT('',(39.4,119.44271985951,79.481037421094));
#1683 = SURFACE_CURVE('',#1684,(#1688,#1695),.PCURVE_S1.);
#1684 = LINE('',#1685,#1686);
#1685 = CARTESIAN_POINT('',(39.4,61.013437567351,64.178130154098));
#1686 = VECTOR('',#1687,1.);
#1687 = DIRECTION('',(0.,0.96737222338,0.253359391838));
#1688 = PCURVE('',#301,#1689);
#1689 = DEFINITIONAL_REPRESENTATION('',(#1690),#1694);
#1690 = LINE('',#1691,#1692);
#1691 = CARTESIAN_POINT('',(60.4,-7.));
#1692 = VECTOR('',#1693,1.);
#1693 = DIRECTION('',(1.,0.));
#1694 = ( GEOMETRIC_REPRESENTATION_CONTEXT(2) 
PARAMETRIC_REPRESENTATION_CONTEXT() REPRESENTATION_CONTEXT('2D SPACE',''
  ) );
#1695 = PCURVE('',#1642,#1696);
#1696 = DEFINITIONAL_REPRESENTATION('',(#1697),#1701);
#1697 = LINE('',#1698,#1699);
#1698 = CARTESIAN_POINT('',(131.29737912417,39.4));
#1699 = VECTOR('',#1700,1.);
#1700 = DIRECTION('',(1.,0.));
#1701 = ( GEOMETRIC_REPRESENTATION_CONTEXT(2) 
PARAMETRIC_REPRESENTATION_CONTEXT() REPRESENTATION_CONTEXT('2D SPACE',''
  ) );
#1702 = ORIENTED_EDGE('',*,*,#1703,.F.);
#1703 = EDGE_CURVE('',#263,#1681,#1704,.T.);
#1704 = SURFACE_CURVE('',#1705,(#1709,#1716),.PCURVE_S1.);
#1705 = LINE('',#1706,#1707);
#1706 = CARTESIAN_POINT('',(39.4,115.89568837379,93.024248548418));
#1707 = VECTOR('',#1708,1.);
#1708 = DIRECTION('',(0.,0.253359391838,-0.96737222338));
#1709 = PCURVE('',#301,#1710);
#1710 = DEFINITIONAL_REPRESENTATION('',(#1711),#1715);
#1711 = LINE('',#1712,#1713);
#1712 = CARTESIAN_POINT('',(120.8,7.));
#1713 = VECTOR('',#1714,1.);
#1714 = DIRECTION('',(2.775557561563E-16,-1.));
#1715 = ( GEOMETRIC_REPRESENTATION_CONTEXT(2) 
PARAMETRIC_REPRESENTATION_CONTEXT() REPRESENTATION_CONTEXT('2D SPACE',''
  ) );
#1716 = PCURVE('',#277,#1717);
#1717 = DEFINITIONAL_REPRESENTATION('',(#1718),#1722);
#1718 = LINE('',#1719,#1720);
#1719 = CARTESIAN_POINT('',(77.3,7.));
#1720 = VECTOR('',#1721,1.);
#1721 = DIRECTION('',(0.,-1.));
#1722 = ( GEOMETRIC_REPRESENTATION_CONTEXT(2) 
PARAMETRIC_REPRESENTATION_CONTEXT() REPRESENTATION_CONTEXT('2D SPACE',''
  ) );
#1723 = ORIENTED_EDGE('',*,*,#288,.F.);
#1724 = ADVANCED_FACE('',(#1725),#277,.T.);
#1725 = FACE_BOUND('',#1726,.T.);
#1726 = EDGE_LOOP('',(#1727,#1750,#1771,#1772));
#1727 = ORIENTED_EDGE('',*,*,#1728,.T.);
#1728 = EDGE_CURVE('',#237,#1729,#1731,.T.);
#1729 = VERTEX_POINT('',#1730);
#1730 = CARTESIAN_POINT('',(-37.9,119.44271985951,79.481037421094));
#1731 = SURFACE_CURVE('',#1732,(#1736,#1743),.PCURVE_S1.);
#1732 = LINE('',#1733,#1734);
#1733 = CARTESIAN_POINT('',(-37.9,115.89568837379,93.024248548418));
#1734 = VECTOR('',#1735,1.);
#1735 = DIRECTION('',(0.,0.253359391838,-0.96737222338));
#1736 = PCURVE('',#277,#1737);
#1737 = DEFINITIONAL_REPRESENTATION('',(#1738),#1742);
#1738 = LINE('',#1739,#1740);
#1739 = CARTESIAN_POINT('',(0.,7.));
#1740 = VECTOR('',#1741,1.);
#1741 = DIRECTION('',(0.,-1.));
#1742 = ( GEOMETRIC_REPRESENTATION_CONTEXT(2) 
PARAMETRIC_REPRESENTATION_CONTEXT() REPRESENTATION_CONTEXT('2D SPACE',''
  ) );
#1743 = PCURVE('',#251,#1744);
#1744 = DEFINITIONAL_REPRESENTATION('',(#1745),#1749);
#1745 = LINE('',#1746,#1747);
#1746 = CARTESIAN_POINT('',(120.8,7.));
#1747 = VECTOR('',#1748,1.);
#1748 = DIRECTION('',(2.775557561563E-16,-1.));
#1749 = ( GEOMETRIC_REPRESENTATION_CONTEXT(2) 
PARAMETRIC_REPRESENTATION_CONTEXT() REPRESENTATION_CONTEXT('2D SPACE',''
  ) );
#1750 = ORIENTED_EDGE('',*,*,#1751,.T.);
#1751 = EDGE_CURVE('',#1729,#1681,#1752,.T.);
#1752 = SURFACE_CURVE('',#1753,(#1757,#1764),.PCURVE_S1.);
#1753 = LINE('',#1754,#1755);
#1754 = CARTESIAN_POINT('',(0.75,119.44271985951,79.481037421094));
#1755 = VECTOR('',#1756,1.);
#1756 = DIRECTION('',(1.,0.,0.));
#1757 = PCURVE('',#277,#1758);
#1758 = DEFINITIONAL_REPRESENTATION('',(#1759),#1763);
#1759 = LINE('',#1760,#1761);
#1760 = CARTESIAN_POINT('',(38.65,-7.));
#1761 = VECTOR('',#1762,1.);
#1762 = DIRECTION('',(1.,0.));
#1763 = ( GEOMETRIC_REPRESENTATION_CONTEXT(2) 
PARAMETRIC_REPRESENTATION_CONTEXT() REPRESENTATION_CONTEXT('2D SPACE',''
  ) );
#1764 = PCURVE('',#1642,#1765);
#1765 = DEFINITIONAL_REPRESENTATION('',(#1766),#1770);
#1766 = LINE('',#1767,#1768);
#1767 = CARTESIAN_POINT('',(191.69737912417,0.75));
#1768 = VECTOR('',#1769,1.);
#1769 = DIRECTION('',(0.,1.));
#1770 = ( GEOMETRIC_REPRESENTATION_CONTEXT(2) 
PARAMETRIC_REPRESENTATION_CONTEXT() REPRESENTATION_CONTEXT('2D SPACE',''
  ) );
#1771 = ORIENTED_EDGE('',*,*,#1703,.F.);
#1772 = ORIENTED_EDGE('',*,*,#262,.F.);
#1773 = ADVANCED_FACE('',(#1774),#251,.T.);
#1774 = FACE_BOUND('',#1775,.T.);
#1775 = EDGE_LOOP('',(#1776,#1777,#1798,#1799));
#1776 = ORIENTED_EDGE('',*,*,#1603,.F.);
#1777 = ORIENTED_EDGE('',*,*,#1778,.T.);
#1778 = EDGE_CURVE('',#1604,#1729,#1779,.T.);
#1779 = SURFACE_CURVE('',#1780,(#1784,#1791),.PCURVE_S1.);
#1780 = LINE('',#1781,#1782);
#1781 = CARTESIAN_POINT('',(-37.9,61.013437567351,64.178130154098));
#1782 = VECTOR('',#1783,1.);
#1783 = DIRECTION('',(0.,0.96737222338,0.253359391838));
#1784 = PCURVE('',#251,#1785);
#1785 = DEFINITIONAL_REPRESENTATION('',(#1786),#1790);
#1786 = LINE('',#1787,#1788);
#1787 = CARTESIAN_POINT('',(60.4,-7.));
#1788 = VECTOR('',#1789,1.);
#1789 = DIRECTION('',(1.,0.));
#1790 = ( GEOMETRIC_REPRESENTATION_CONTEXT(2) 
PARAMETRIC_REPRESENTATION_CONTEXT() REPRESENTATION_CONTEXT('2D SPACE',''
  ) );
#1791 = PCURVE('',#1642,#1792);
#1792 = DEFINITIONAL_REPRESENTATION('',(#1793),#1797);
#1793 = LINE('',#1794,#1795);
#1794 = CARTESIAN_POINT('',(131.29737912417,-37.9));
#1795 = VECTOR('',#1796,1.);
#1796 = DIRECTION('',(1.,0.));
#1797 = ( GEOMETRIC_REPRESENTATION_CONTEXT(2) 
PARAMETRIC_REPRESENTATION_CONTEXT() REPRESENTATION_CONTEXT('2D SPACE',''
  ) );
#1798 = ORIENTED_EDGE('',*,*,#1728,.F.);
#1799 = ORIENTED_EDGE('',*,*,#236,.F.);
#1800 = ADVANCED_FACE('',(#1801,#2644,#2675,#2706),#332,.F.);
#1801 = FACE_BOUND('',#1802,.F.);
#1802 = EDGE_LOOP('',(#1803,#1824,#1825,#1826,#1827,#1828,#1829,#1830,
    #1851,#1877,#1906,#1932,#1958,#1984,#2010,#2036,#2057,#2083,#2109,
    #2135,#2156,#2182,#2211,#2237,#2263,#2289,#2315,#2349,#2375,#2409,
    #2435,#2461,#2487,#2513,#2542,#2568,#2594,#2620));
#1803 = ORIENTED_EDGE('',*,*,#1804,.T.);
#1804 = EDGE_CURVE('',#1805,#318,#1807,.T.);
#1805 = VERTEX_POINT('',#1806);
#1806 = CARTESIAN_POINT('',(-48.4,-17.86069297557,23.655532792112));
#1807 = SURFACE_CURVE('',#1808,(#1812,#1818),.PCURVE_S1.);
#1808 = LINE('',#1809,#1810);
#1809 = CARTESIAN_POINT('',(-30.,-17.86069297557,23.655532792112));
#1810 = VECTOR('',#1811,1.);
#1811 = DIRECTION('',(-1.,-0.,0.));
#1812 = PCURVE('',#332,#1813);
#1813 = DEFINITIONAL_REPRESENTATION('',(#1814),#1817);
#1814 = B_SPLINE_CURVE_WITH_KNOTS('',1,(#1815,#1816),.UNSPECIFIED.,.F.,
  .F.,(2,2),(5.,20.),.PIECEWISE_BEZIER_KNOTS.);
#1815 = CARTESIAN_POINT('',(163.18505861576,-35.));
#1816 = CARTESIAN_POINT('',(163.18505861576,-50.));
#1817 = ( GEOMETRIC_REPRESENTATION_CONTEXT(2) 
PARAMETRIC_REPRESENTATION_CONTEXT() REPRESENTATION_CONTEXT('2D SPACE',''
  ) );
#1818 = PCURVE('',#477,#1819);
#1819 = DEFINITIONAL_REPRESENTATION('',(#1820),#1823);
#1820 = B_SPLINE_CURVE_WITH_KNOTS('',1,(#1821,#1822),.UNSPECIFIED.,.F.,
  .F.,(2,2),(5.,20.),.PIECEWISE_BEZIER_KNOTS.);
#1821 = CARTESIAN_POINT('',(25.,-6.944171197169));
#1822 = CARTESIAN_POINT('',(10.,-6.944171197169));
#1823 = ( GEOMETRIC_REPRESENTATION_CONTEXT(2) 
PARAMETRIC_REPRESENTATION_CONTEXT() REPRESENTATION_CONTEXT('2D SPACE',''
  ) );
#1824 = ORIENTED_EDGE('',*,*,#315,.F.);
#1825 = ORIENTED_EDGE('',*,*,#1292,.T.);
#1826 = ORIENTED_EDGE('',*,*,#1474,.F.);
#1827 = ORIENTED_EDGE('',*,*,#1571,.T.);
#1828 = ORIENTED_EDGE('',*,*,#1523,.T.);
#1829 = ORIENTED_EDGE('',*,*,#1428,.F.);
#1830 = ORIENTED_EDGE('',*,*,#1831,.F.);
#1831 = EDGE_CURVE('',#1832,#1403,#1834,.T.);
#1832 = VERTEX_POINT('',#1833);
#1833 = CARTESIAN_POINT('',(46.,134.8368611169,63.647749340141));
#1834 = SURFACE_CURVE('',#1835,(#1839,#1845),.PCURVE_S1.);
#1835 = LINE('',#1836,#1837);
#1836 = CARTESIAN_POINT('',(46.,99.239359007759,54.324594025842));
#1837 = VECTOR('',#1838,1.);
#1838 = DIRECTION('',(-0.,0.96737222338,0.253359391838));
#1839 = PCURVE('',#332,#1840);
#1840 = DEFINITIONAL_REPRESENTATION('',(#1841),#1844);
#1841 = B_SPLINE_CURVE_WITH_KNOTS('',1,(#1842,#1843),.UNSPECIFIED.,.F.,
  .F.,(2,2),(31.765137366058,42.135426268301),.PIECEWISE_BEZIER_KNOTS.);
#1842 = CARTESIAN_POINT('',(10.370288902244,46.));
#1843 = CARTESIAN_POINT('',(0.,46.));
#1844 = ( GEOMETRIC_REPRESENTATION_CONTEXT(2) 
PARAMETRIC_REPRESENTATION_CONTEXT() REPRESENTATION_CONTEXT('2D SPACE',''
  ) );
#1845 = PCURVE('',#1417,#1846);
#1846 = DEFINITIONAL_REPRESENTATION('',(#1847),#1850);
#1847 = B_SPLINE_CURVE_WITH_KNOTS('',1,(#1848,#1849),.UNSPECIFIED.,.F.,
  .F.,(2,2),(31.765137366058,42.135426268301),.PIECEWISE_BEZIER_KNOTS.);
#1848 = CARTESIAN_POINT('',(-69.40498061988,26.681912872479));
#1849 = CARTESIAN_POINT('',(-79.43691005234,29.309322961933));
#1850 = ( GEOMETRIC_REPRESENTATION_CONTEXT(2) 
PARAMETRIC_REPRESENTATION_CONTEXT() REPRESENTATION_CONTEXT('2D SPACE',''
  ) );
#1851 = ORIENTED_EDGE('',*,*,#1852,.F.);
#1852 = EDGE_CURVE('',#1853,#1832,#1855,.T.);
#1853 = VERTEX_POINT('',#1854);
#1854 = CARTESIAN_POINT('',(42.,134.8368611169,63.647749340141));
#1855 = SURFACE_CURVE('',#1856,(#1860,#1866),.PCURVE_S1.);
#1856 = LINE('',#1857,#1858);
#1857 = CARTESIAN_POINT('',(21.,134.8368611169,63.647749340141));
#1858 = VECTOR('',#1859,1.);
#1859 = DIRECTION('',(1.,0.,-0.));
#1860 = PCURVE('',#332,#1861);
#1861 = DEFINITIONAL_REPRESENTATION('',(#1862),#1865);
#1862 = B_SPLINE_CURVE_WITH_KNOTS('',1,(#1863,#1864),.UNSPECIFIED.,.F.,
  .F.,(2,2),(21.,25.),.PIECEWISE_BEZIER_KNOTS.);
#1863 = CARTESIAN_POINT('',(5.337282545758,42.));
#1864 = CARTESIAN_POINT('',(5.337282545758,46.));
#1865 = ( GEOMETRIC_REPRESENTATION_CONTEXT(2) 
PARAMETRIC_REPRESENTATION_CONTEXT() REPRESENTATION_CONTEXT('2D SPACE',''
  ) );
#1866 = PCURVE('',#1867,#1872);
#1867 = PLANE('',#1868);
#1868 = AXIS2_PLACEMENT_3D('',#1869,#1870,#1871);
#1869 = CARTESIAN_POINT('',(42.,153.83881550472,-8.905167413378));
#1870 = DIRECTION('',(0.,0.96737222338,0.253359391838));
#1871 = DIRECTION('',(0.,-0.253359391838,0.96737222338));
#1872 = DEFINITIONAL_REPRESENTATION('',(#1873),#1876);
#1873 = B_SPLINE_CURVE_WITH_KNOTS('',1,(#1874,#1875),.UNSPECIFIED.,.F.,
  .F.,(2,2),(21.,25.),.PIECEWISE_BEZIER_KNOTS.);
#1874 = CARTESIAN_POINT('',(75.,0.));
#1875 = CARTESIAN_POINT('',(75.,4.));
#1876 = ( GEOMETRIC_REPRESENTATION_CONTEXT(2) 
PARAMETRIC_REPRESENTATION_CONTEXT() REPRESENTATION_CONTEXT('2D SPACE',''
  ) );
#1877 = ORIENTED_EDGE('',*,*,#1878,.T.);
#1878 = EDGE_CURVE('',#1853,#1879,#1881,.T.);
#1879 = VERTEX_POINT('',#1880);
#1880 = CARTESIAN_POINT('',(42.,125.16313888309,61.114155421764));
#1881 = SURFACE_CURVE('',#1882,(#1887,#1894),.PCURVE_S1.);
#1882 = CIRCLE('',#1883,5.);
#1883 = AXIS2_PLACEMENT_3D('',#1884,#1885,#1886);
#1884 = CARTESIAN_POINT('',(42.,130.,62.380952380952));
#1885 = DIRECTION('',(0.,-0.253359391838,0.96737222338));
#1886 = DIRECTION('',(1.,0.,0.));
#1887 = PCURVE('',#332,#1888);
#1888 = DEFINITIONAL_REPRESENTATION('',(#1889),#1893);
#1889 = CIRCLE('',#1890,5.);
#1890 = AXIS2_PLACEMENT_2D('',#1891,#1892);
#1891 = CARTESIAN_POINT('',(10.337282545758,42.));
#1892 = DIRECTION('',(0.,1.));
#1893 = ( GEOMETRIC_REPRESENTATION_CONTEXT(2) 
PARAMETRIC_REPRESENTATION_CONTEXT() REPRESENTATION_CONTEXT('2D SPACE',''
  ) );
#1894 = PCURVE('',#1895,#1900);
#1895 = CYLINDRICAL_SURFACE('',#1896,5.);
#1896 = AXIS2_PLACEMENT_3D('',#1897,#1898,#1899);
#1897 = CARTESIAN_POINT('',(42.,149.00195438782,-10.17196437256));
#1898 = DIRECTION('',(0.,-0.253359391838,0.96737222338));
#1899 = DIRECTION('',(1.,0.,0.));
#1900 = DEFINITIONAL_REPRESENTATION('',(#1901),#1905);
#1901 = LINE('',#1902,#1903);
#1902 = CARTESIAN_POINT('',(0.,75.));
#1903 = VECTOR('',#1904,1.);
#1904 = DIRECTION('',(1.,0.));
#1905 = ( GEOMETRIC_REPRESENTATION_CONTEXT(2) 
PARAMETRIC_REPRESENTATION_CONTEXT() REPRESENTATION_CONTEXT('2D SPACE',''
  ) );
#1906 = ORIENTED_EDGE('',*,*,#1907,.T.);
#1907 = EDGE_CURVE('',#1879,#1908,#1910,.T.);
#1908 = VERTEX_POINT('',#1909);
#1909 = CARTESIAN_POINT('',(46.,125.16313888309,61.114155421764));
#1910 = SURFACE_CURVE('',#1911,(#1915,#1921),.PCURVE_S1.);
#1911 = LINE('',#1912,#1913);
#1912 = CARTESIAN_POINT('',(21.,125.16313888309,61.114155421764));
#1913 = VECTOR('',#1914,1.);
#1914 = DIRECTION('',(1.,0.,-0.));
#1915 = PCURVE('',#332,#1916);
#1916 = DEFINITIONAL_REPRESENTATION('',(#1917),#1920);
#1917 = B_SPLINE_CURVE_WITH_KNOTS('',1,(#1918,#1919),.UNSPECIFIED.,.F.,
  .F.,(2,2),(21.,25.),.PIECEWISE_BEZIER_KNOTS.);
#1918 = CARTESIAN_POINT('',(15.337282545758,42.));
#1919 = CARTESIAN_POINT('',(15.337282545758,46.));
#1920 = ( GEOMETRIC_REPRESENTATION_CONTEXT(2) 
PARAMETRIC_REPRESENTATION_CONTEXT() REPRESENTATION_CONTEXT('2D SPACE',''
  ) );
#1921 = PCURVE('',#1922,#1927);
#1922 = PLANE('',#1923);
#1923 = AXIS2_PLACEMENT_3D('',#1924,#1925,#1926);
#1924 = CARTESIAN_POINT('',(42.,144.16509327092,-11.43876133175));
#1925 = DIRECTION('',(0.,0.96737222338,0.253359391838));
#1926 = DIRECTION('',(0.,-0.253359391838,0.96737222338));
#1927 = DEFINITIONAL_REPRESENTATION('',(#1928),#1931);
#1928 = B_SPLINE_CURVE_WITH_KNOTS('',1,(#1929,#1930),.UNSPECIFIED.,.F.,
  .F.,(2,2),(21.,25.),.PIECEWISE_BEZIER_KNOTS.);
#1929 = CARTESIAN_POINT('',(75.,0.));
#1930 = CARTESIAN_POINT('',(75.,4.));
#1931 = ( GEOMETRIC_REPRESENTATION_CONTEXT(2) 
PARAMETRIC_REPRESENTATION_CONTEXT() REPRESENTATION_CONTEXT('2D SPACE',''
  ) );
#1932 = ORIENTED_EDGE('',*,*,#1933,.F.);
#1933 = EDGE_CURVE('',#1934,#1908,#1936,.T.);
#1934 = VERTEX_POINT('',#1935);
#1935 = CARTESIAN_POINT('',(46.,117.5,59.107142857143));
#1936 = SURFACE_CURVE('',#1937,(#1941,#1947),.PCURVE_S1.);
#1937 = LINE('',#1938,#1939);
#1938 = CARTESIAN_POINT('',(46.,99.239359007759,54.324594025842));
#1939 = VECTOR('',#1940,1.);
#1940 = DIRECTION('',(-0.,0.96737222338,0.253359391838));
#1941 = PCURVE('',#332,#1942);
#1942 = DEFINITIONAL_REPRESENTATION('',(#1943),#1946);
#1943 = B_SPLINE_CURVE_WITH_KNOTS('',1,(#1944,#1945),.UNSPECIFIED.,.F.,
  .F.,(2,2),(-154.3059484575,34.416783511323),.PIECEWISE_BEZIER_KNOTS.);
#1944 = CARTESIAN_POINT('',(196.44137472589,46.));
#1945 = CARTESIAN_POINT('',(7.718642756978,46.));
#1946 = ( GEOMETRIC_REPRESENTATION_CONTEXT(2) 
PARAMETRIC_REPRESENTATION_CONTEXT() REPRESENTATION_CONTEXT('2D SPACE',''
  ) );
#1947 = PCURVE('',#1948,#1953);
#1948 = PLANE('',#1949);
#1949 = AXIS2_PLACEMENT_3D('',#1950,#1951,#1952);
#1950 = CARTESIAN_POINT('',(46.,60.563089947655,35.690677038067));
#1951 = DIRECTION('',(-1.,-0.,-0.));
#1952 = DIRECTION('',(0.,-1.,0.));
#1953 = DEFINITIONAL_REPRESENTATION('',(#1954),#1957);
#1954 = B_SPLINE_CURVE_WITH_KNOTS('',1,(#1955,#1956),.UNSPECIFIED.,.F.,
  .F.,(2,2),(-154.3059484575,34.416783511323),.PIECEWISE_BEZIER_KNOTS.);
#1955 = CARTESIAN_POINT('',(110.59501938011,-20.46094427037));
#1956 = CARTESIAN_POINT('',(-71.97010944704,27.353732327212));
#1957 = ( GEOMETRIC_REPRESENTATION_CONTEXT(2) 
PARAMETRIC_REPRESENTATION_CONTEXT() REPRESENTATION_CONTEXT('2D SPACE',''
  ) );
#1958 = ORIENTED_EDGE('',*,*,#1959,.T.);
#1959 = EDGE_CURVE('',#1934,#1960,#1962,.T.);
#1960 = VERTEX_POINT('',#1961);
#1961 = CARTESIAN_POINT('',(48.4,117.5,59.107142857143));
#1962 = SURFACE_CURVE('',#1963,(#1967,#1973),.PCURVE_S1.);
#1963 = LINE('',#1964,#1965);
#1964 = CARTESIAN_POINT('',(14.75,117.5,59.107142857143));
#1965 = VECTOR('',#1966,1.);
#1966 = DIRECTION('',(1.,0.,0.));
#1967 = PCURVE('',#332,#1968);
#1968 = DEFINITIONAL_REPRESENTATION('',(#1969),#1972);
#1969 = B_SPLINE_CURVE_WITH_KNOTS('',1,(#1970,#1971),.UNSPECIFIED.,.F.,
  .F.,(2,2),(14.75,33.65),.PIECEWISE_BEZIER_KNOTS.);
#1970 = CARTESIAN_POINT('',(23.258885727956,29.5));
#1971 = CARTESIAN_POINT('',(23.258885727956,48.4));
#1972 = ( GEOMETRIC_REPRESENTATION_CONTEXT(2) 
PARAMETRIC_REPRESENTATION_CONTEXT() REPRESENTATION_CONTEXT('2D SPACE',''
  ) );
#1973 = PCURVE('',#1974,#1979);
#1974 = PLANE('',#1975);
#1975 = AXIS2_PLACEMENT_3D('',#1976,#1977,#1978);
#1976 = CARTESIAN_POINT('',(29.5,117.5,100.));
#1977 = DIRECTION('',(0.,-1.,0.));
#1978 = DIRECTION('',(1.,0.,0.));
#1979 = DEFINITIONAL_REPRESENTATION('',(#1980),#1983);
#1980 = B_SPLINE_CURVE_WITH_KNOTS('',1,(#1981,#1982),.UNSPECIFIED.,.F.,
  .F.,(2,2),(14.75,33.65),.PIECEWISE_BEZIER_KNOTS.);
#1981 = CARTESIAN_POINT('',(0.,-40.89285714285));
#1982 = CARTESIAN_POINT('',(18.9,-40.89285714285));
#1983 = ( GEOMETRIC_REPRESENTATION_CONTEXT(2) 
PARAMETRIC_REPRESENTATION_CONTEXT() REPRESENTATION_CONTEXT('2D SPACE',''
  ) );
#1984 = ORIENTED_EDGE('',*,*,#1985,.T.);
#1985 = EDGE_CURVE('',#1960,#1986,#1988,.T.);
#1986 = VERTEX_POINT('',#1987);
#1987 = CARTESIAN_POINT('',(48.4,42.,39.333333333333));
#1988 = SURFACE_CURVE('',#1989,(#1993,#1999),.PCURVE_S1.);
#1989 = LINE('',#1990,#1991);
#1990 = CARTESIAN_POINT('',(48.4,99.239359007759,54.324594025842));
#1991 = VECTOR('',#1992,1.);
#1992 = DIRECTION('',(0.,-0.96737222338,-0.253359391838));
#1993 = PCURVE('',#332,#1994);
#1994 = DEFINITIONAL_REPRESENTATION('',(#1995),#1998);
#1995 = B_SPLINE_CURVE_WITH_KNOTS('',1,(#1996,#1997),.UNSPECIFIED.,.F.,
  .F.,(2,2),(-18.87654054034,59.16994268013),.PIECEWISE_BEZIER_KNOTS.);
#1996 = CARTESIAN_POINT('',(23.258885727956,48.4));
#1997 = CARTESIAN_POINT('',(101.30536894843,48.4));
#1998 = ( GEOMETRIC_REPRESENTATION_CONTEXT(2) 
PARAMETRIC_REPRESENTATION_CONTEXT() REPRESENTATION_CONTEXT('2D SPACE',''
  ) );
#1999 = PCURVE('',#2000,#2005);
#2000 = PLANE('',#2001);
#2001 = AXIS2_PLACEMENT_3D('',#2002,#2003,#2004);
#2002 = CARTESIAN_POINT('',(48.4,60.563089947655,35.690677038067));
#2003 = DIRECTION('',(-1.,-0.,-0.));
#2004 = DIRECTION('',(0.,-1.,0.));
#2005 = DEFINITIONAL_REPRESENTATION('',(#2006),#2009);
#2006 = B_SPLINE_CURVE_WITH_KNOTS('',1,(#2007,#2008),.UNSPECIFIED.,.F.,
  .F.,(2,2),(-18.87654054034,59.16994268013),.PIECEWISE_BEZIER_KNOTS.);
#2007 = CARTESIAN_POINT('',(-56.93691005234,23.416465819075));
#2008 = CARTESIAN_POINT('',(18.563089947655,3.642656295266));
#2009 = ( GEOMETRIC_REPRESENTATION_CONTEXT(2) 
PARAMETRIC_REPRESENTATION_CONTEXT() REPRESENTATION_CONTEXT('2D SPACE',''
  ) );
#2010 = ORIENTED_EDGE('',*,*,#2011,.F.);
#2011 = EDGE_CURVE('',#2012,#1986,#2014,.T.);
#2012 = VERTEX_POINT('',#2013);
#2013 = CARTESIAN_POINT('',(46.,42.,39.333333333333));
#2014 = SURFACE_CURVE('',#2015,(#2019,#2025),.PCURVE_S1.);
#2015 = LINE('',#2016,#2017);
#2016 = CARTESIAN_POINT('',(20.25,42.,39.333333333333));
#2017 = VECTOR('',#2018,1.);
#2018 = DIRECTION('',(1.,0.,0.));
#2019 = PCURVE('',#332,#2020);
#2020 = DEFINITIONAL_REPRESENTATION('',(#2021),#2024);
#2021 = B_SPLINE_CURVE_WITH_KNOTS('',1,(#2022,#2023),.UNSPECIFIED.,.F.,
  .F.,(2,2),(20.25,28.15),.PIECEWISE_BEZIER_KNOTS.);
#2022 = CARTESIAN_POINT('',(101.30536894843,40.5));
#2023 = CARTESIAN_POINT('',(101.30536894843,48.4));
#2024 = ( GEOMETRIC_REPRESENTATION_CONTEXT(2) 
PARAMETRIC_REPRESENTATION_CONTEXT() REPRESENTATION_CONTEXT('2D SPACE',''
  ) );
#2025 = PCURVE('',#2026,#2031);
#2026 = PLANE('',#2027);
#2027 = AXIS2_PLACEMENT_3D('',#2028,#2029,#2030);
#2028 = CARTESIAN_POINT('',(40.5,42.,100.));
#2029 = DIRECTION('',(0.,-1.,0.));
#2030 = DIRECTION('',(1.,0.,0.));
#2031 = DEFINITIONAL_REPRESENTATION('',(#2032),#2035);
#2032 = B_SPLINE_CURVE_WITH_KNOTS('',1,(#2033,#2034),.UNSPECIFIED.,.F.,
  .F.,(2,2),(20.25,28.15),.PIECEWISE_BEZIER_KNOTS.);
#2033 = CARTESIAN_POINT('',(0.,-60.66666666666));
#2034 = CARTESIAN_POINT('',(7.9,-60.66666666666));
#2035 = ( GEOMETRIC_REPRESENTATION_CONTEXT(2) 
PARAMETRIC_REPRESENTATION_CONTEXT() REPRESENTATION_CONTEXT('2D SPACE',''
  ) );
#2036 = ORIENTED_EDGE('',*,*,#2037,.F.);
#2037 = EDGE_CURVE('',#2038,#2012,#2040,.T.);
#2038 = VERTEX_POINT('',#2039);
#2039 = CARTESIAN_POINT('',(46.,22.,34.095238095238));
#2040 = SURFACE_CURVE('',#2041,(#2045,#2051),.PCURVE_S1.);
#2041 = LINE('',#2042,#2043);
#2042 = CARTESIAN_POINT('',(46.,99.239359007759,54.324594025842));
#2043 = VECTOR('',#2044,1.);
#2044 = DIRECTION('',(-0.,0.96737222338,0.253359391838));
#2045 = PCURVE('',#332,#2046);
#2046 = DEFINITIONAL_REPRESENTATION('',(#2047),#2050);
#2047 = B_SPLINE_CURVE_WITH_KNOTS('',1,(#2048,#2049),.UNSPECIFIED.,.F.,
  .F.,(2,2),(-154.3059484575,34.416783511323),.PIECEWISE_BEZIER_KNOTS.);
#2048 = CARTESIAN_POINT('',(196.44137472589,46.));
#2049 = CARTESIAN_POINT('',(7.718642756978,46.));
#2050 = ( GEOMETRIC_REPRESENTATION_CONTEXT(2) 
PARAMETRIC_REPRESENTATION_CONTEXT() REPRESENTATION_CONTEXT('2D SPACE',''
  ) );
#2051 = PCURVE('',#1948,#2052);
#2052 = DEFINITIONAL_REPRESENTATION('',(#2053),#2056);
#2053 = B_SPLINE_CURVE_WITH_KNOTS('',1,(#2054,#2055),.UNSPECIFIED.,.F.,
  .F.,(2,2),(-154.3059484575,34.416783511323),.PIECEWISE_BEZIER_KNOTS.);
#2054 = CARTESIAN_POINT('',(110.59501938011,-20.46094427037));
#2055 = CARTESIAN_POINT('',(-71.97010944704,27.353732327212));
#2056 = ( GEOMETRIC_REPRESENTATION_CONTEXT(2) 
PARAMETRIC_REPRESENTATION_CONTEXT() REPRESENTATION_CONTEXT('2D SPACE',''
  ) );
#2057 = ORIENTED_EDGE('',*,*,#2058,.T.);
#2058 = EDGE_CURVE('',#2038,#2059,#2061,.T.);
#2059 = VERTEX_POINT('',#2060);
#2060 = CARTESIAN_POINT('',(48.4,22.,34.095238095238));
#2061 = SURFACE_CURVE('',#2062,(#2066,#2072),.PCURVE_S1.);
#2062 = LINE('',#2063,#2064);
#2063 = CARTESIAN_POINT('',(20.25,22.,34.095238095238));
#2064 = VECTOR('',#2065,1.);
#2065 = DIRECTION('',(1.,0.,0.));
#2066 = PCURVE('',#332,#2067);
#2067 = DEFINITIONAL_REPRESENTATION('',(#2068),#2071);
#2068 = B_SPLINE_CURVE_WITH_KNOTS('',1,(#2069,#2070),.UNSPECIFIED.,.F.,
  .F.,(2,2),(20.25,28.15),.PIECEWISE_BEZIER_KNOTS.);
#2069 = CARTESIAN_POINT('',(121.97993403994,40.5));
#2070 = CARTESIAN_POINT('',(121.97993403994,48.4));
#2071 = ( GEOMETRIC_REPRESENTATION_CONTEXT(2) 
PARAMETRIC_REPRESENTATION_CONTEXT() REPRESENTATION_CONTEXT('2D SPACE',''
  ) );
#2072 = PCURVE('',#2073,#2078);
#2073 = PLANE('',#2074);
#2074 = AXIS2_PLACEMENT_3D('',#2075,#2076,#2077);
#2075 = CARTESIAN_POINT('',(40.5,22.,100.));
#2076 = DIRECTION('',(0.,-1.,0.));
#2077 = DIRECTION('',(1.,0.,0.));
#2078 = DEFINITIONAL_REPRESENTATION('',(#2079),#2082);
#2079 = B_SPLINE_CURVE_WITH_KNOTS('',1,(#2080,#2081),.UNSPECIFIED.,.F.,
  .F.,(2,2),(20.25,28.15),.PIECEWISE_BEZIER_KNOTS.);
#2080 = CARTESIAN_POINT('',(0.,-65.90476190476));
#2081 = CARTESIAN_POINT('',(7.9,-65.90476190476));
#2082 = ( GEOMETRIC_REPRESENTATION_CONTEXT(2) 
PARAMETRIC_REPRESENTATION_CONTEXT() REPRESENTATION_CONTEXT('2D SPACE',''
  ) );
#2083 = ORIENTED_EDGE('',*,*,#2084,.T.);
#2084 = EDGE_CURVE('',#2059,#2085,#2087,.T.);
#2085 = VERTEX_POINT('',#2086);
#2086 = CARTESIAN_POINT('',(48.4,-37.5,18.511904761905));
#2087 = SURFACE_CURVE('',#2088,(#2092,#2098),.PCURVE_S1.);
#2088 = LINE('',#2089,#2090);
#2089 = CARTESIAN_POINT('',(48.4,99.239359007759,54.324594025842));
#2090 = VECTOR('',#2091,1.);
#2091 = DIRECTION('',(0.,-0.96737222338,-0.253359391838));
#2092 = PCURVE('',#332,#2093);
#2093 = DEFINITIONAL_REPRESENTATION('',(#2094),#2097);
#2094 = B_SPLINE_CURVE_WITH_KNOTS('',1,(#2095,#2096),.UNSPECIFIED.,.F.,
  .F.,(2,2),(79.844507771646,141.3513389189),.PIECEWISE_BEZIER_KNOTS.);
#2095 = CARTESIAN_POINT('',(121.97993403994,48.4));
#2096 = CARTESIAN_POINT('',(183.48676518721,48.4));
#2097 = ( GEOMETRIC_REPRESENTATION_CONTEXT(2) 
PARAMETRIC_REPRESENTATION_CONTEXT() REPRESENTATION_CONTEXT('2D SPACE',''
  ) );
#2098 = PCURVE('',#2099,#2104);
#2099 = PLANE('',#2100);
#2100 = AXIS2_PLACEMENT_3D('',#2101,#2102,#2103);
#2101 = CARTESIAN_POINT('',(48.4,60.563089947655,35.690677038067));
#2102 = DIRECTION('',(-1.,-0.,-0.));
#2103 = DIRECTION('',(0.,-1.,0.));
#2104 = DEFINITIONAL_REPRESENTATION('',(#2105),#2108);
#2105 = B_SPLINE_CURVE_WITH_KNOTS('',1,(#2106,#2107),.UNSPECIFIED.,.F.,
  .F.,(2,2),(79.844507771646,141.3513389189),.PIECEWISE_BEZIER_KNOTS.);
#2106 = CARTESIAN_POINT('',(38.563089947655,-1.595438942829));
#2107 = CARTESIAN_POINT('',(98.063089947655,-17.17877227616));
#2108 = ( GEOMETRIC_REPRESENTATION_CONTEXT(2) 
PARAMETRIC_REPRESENTATION_CONTEXT() REPRESENTATION_CONTEXT('2D SPACE',''
  ) );
#2109 = ORIENTED_EDGE('',*,*,#2110,.F.);
#2110 = EDGE_CURVE('',#2111,#2085,#2113,.T.);
#2111 = VERTEX_POINT('',#2112);
#2112 = CARTESIAN_POINT('',(46.,-37.5,18.511904761905));
#2113 = SURFACE_CURVE('',#2114,(#2118,#2124),.PCURVE_S1.);
#2114 = LINE('',#2115,#2116);
#2115 = CARTESIAN_POINT('',(14.75,-37.5,18.511904761905));
#2116 = VECTOR('',#2117,1.);
#2117 = DIRECTION('',(1.,0.,0.));
#2118 = PCURVE('',#332,#2119);
#2119 = DEFINITIONAL_REPRESENTATION('',(#2120),#2123);
#2120 = B_SPLINE_CURVE_WITH_KNOTS('',1,(#2121,#2122),.UNSPECIFIED.,.F.,
  .F.,(2,2),(14.75,33.65),.PIECEWISE_BEZIER_KNOTS.);
#2121 = CARTESIAN_POINT('',(183.48676518721,29.5));
#2122 = CARTESIAN_POINT('',(183.48676518721,48.4));
#2123 = ( GEOMETRIC_REPRESENTATION_CONTEXT(2) 
PARAMETRIC_REPRESENTATION_CONTEXT() REPRESENTATION_CONTEXT('2D SPACE',''
  ) );
#2124 = PCURVE('',#2125,#2130);
#2125 = PLANE('',#2126);
#2126 = AXIS2_PLACEMENT_3D('',#2127,#2128,#2129);
#2127 = CARTESIAN_POINT('',(29.5,-37.5,100.));
#2128 = DIRECTION('',(0.,-1.,0.));
#2129 = DIRECTION('',(1.,0.,0.));
#2130 = DEFINITIONAL_REPRESENTATION('',(#2131),#2134);
#2131 = B_SPLINE_CURVE_WITH_KNOTS('',1,(#2132,#2133),.UNSPECIFIED.,.F.,
  .F.,(2,2),(14.75,33.65),.PIECEWISE_BEZIER_KNOTS.);
#2132 = CARTESIAN_POINT('',(0.,-81.48809523809));
#2133 = CARTESIAN_POINT('',(18.9,-81.48809523809));
#2134 = ( GEOMETRIC_REPRESENTATION_CONTEXT(2) 
PARAMETRIC_REPRESENTATION_CONTEXT() REPRESENTATION_CONTEXT('2D SPACE',''
  ) );
#2135 = ORIENTED_EDGE('',*,*,#2136,.F.);
#2136 = EDGE_CURVE('',#2137,#2111,#2139,.T.);
#2137 = VERTEX_POINT('',#2138);
#2138 = CARTESIAN_POINT('',(46.,-45.16313888309,16.504892197284));
#2139 = SURFACE_CURVE('',#2140,(#2144,#2150),.PCURVE_S1.);
#2140 = LINE('',#2141,#2142);
#2141 = CARTESIAN_POINT('',(46.,99.239359007759,54.324594025842));
#2142 = VECTOR('',#2143,1.);
#2143 = DIRECTION('',(-0.,0.96737222338,0.253359391838));
#2144 = PCURVE('',#332,#2145);
#2145 = DEFINITIONAL_REPRESENTATION('',(#2146),#2149);
#2146 = B_SPLINE_CURVE_WITH_KNOTS('',1,(#2147,#2148),.UNSPECIFIED.,.F.,
  .F.,(2,2),(-154.3059484575,34.416783511323),.PIECEWISE_BEZIER_KNOTS.);
#2147 = CARTESIAN_POINT('',(196.44137472589,46.));
#2148 = CARTESIAN_POINT('',(7.718642756978,46.));
#2149 = ( GEOMETRIC_REPRESENTATION_CONTEXT(2) 
PARAMETRIC_REPRESENTATION_CONTEXT() REPRESENTATION_CONTEXT('2D SPACE',''
  ) );
#2150 = PCURVE('',#1948,#2151);
#2151 = DEFINITIONAL_REPRESENTATION('',(#2152),#2155);
#2152 = B_SPLINE_CURVE_WITH_KNOTS('',1,(#2153,#2154),.UNSPECIFIED.,.F.,
  .F.,(2,2),(-154.3059484575,34.416783511323),.PIECEWISE_BEZIER_KNOTS.);
#2153 = CARTESIAN_POINT('',(110.59501938011,-20.46094427037));
#2154 = CARTESIAN_POINT('',(-71.97010944704,27.353732327212));
#2155 = ( GEOMETRIC_REPRESENTATION_CONTEXT(2) 
PARAMETRIC_REPRESENTATION_CONTEXT() REPRESENTATION_CONTEXT('2D SPACE',''
  ) );
#2156 = ORIENTED_EDGE('',*,*,#2157,.F.);
#2157 = EDGE_CURVE('',#2158,#2137,#2160,.T.);
#2158 = VERTEX_POINT('',#2159);
#2159 = CARTESIAN_POINT('',(42.,-45.16313888309,16.504892197284));
#2160 = SURFACE_CURVE('',#2161,(#2165,#2171),.PCURVE_S1.);
#2161 = LINE('',#2162,#2163);
#2162 = CARTESIAN_POINT('',(21.,-45.16313888309,16.504892197284));
#2163 = VECTOR('',#2164,1.);
#2164 = DIRECTION('',(1.,0.,-0.));
#2165 = PCURVE('',#332,#2166);
#2166 = DEFINITIONAL_REPRESENTATION('',(#2167),#2170);
#2167 = B_SPLINE_CURVE_WITH_KNOTS('',1,(#2168,#2169),.UNSPECIFIED.,.F.,
  .F.,(2,2),(21.,25.),.PIECEWISE_BEZIER_KNOTS.);
#2168 = CARTESIAN_POINT('',(191.4083683694,42.));
#2169 = CARTESIAN_POINT('',(191.4083683694,46.));
#2170 = ( GEOMETRIC_REPRESENTATION_CONTEXT(2) 
PARAMETRIC_REPRESENTATION_CONTEXT() REPRESENTATION_CONTEXT('2D SPACE',''
  ) );
#2171 = PCURVE('',#2172,#2177);
#2172 = PLANE('',#2173);
#2173 = AXIS2_PLACEMENT_3D('',#2174,#2175,#2176);
#2174 = CARTESIAN_POINT('',(42.,-26.16118449527,-56.04802455623));
#2175 = DIRECTION('',(0.,0.96737222338,0.253359391838));
#2176 = DIRECTION('',(0.,-0.253359391838,0.96737222338));
#2177 = DEFINITIONAL_REPRESENTATION('',(#2178),#2181);
#2178 = B_SPLINE_CURVE_WITH_KNOTS('',1,(#2179,#2180),.UNSPECIFIED.,.F.,
  .F.,(2,2),(21.,25.),.PIECEWISE_BEZIER_KNOTS.);
#2179 = CARTESIAN_POINT('',(75.,0.));
#2180 = CARTESIAN_POINT('',(75.,4.));
#2181 = ( GEOMETRIC_REPRESENTATION_CONTEXT(2) 
PARAMETRIC_REPRESENTATION_CONTEXT() REPRESENTATION_CONTEXT('2D SPACE',''
  ) );
#2182 = ORIENTED_EDGE('',*,*,#2183,.T.);
#2183 = EDGE_CURVE('',#2158,#2184,#2186,.T.);
#2184 = VERTEX_POINT('',#2185);
#2185 = CARTESIAN_POINT('',(42.,-54.8368611169,13.971298278907));
#2186 = SURFACE_CURVE('',#2187,(#2192,#2199),.PCURVE_S1.);
#2187 = CIRCLE('',#2188,5.);
#2188 = AXIS2_PLACEMENT_3D('',#2189,#2190,#2191);
#2189 = CARTESIAN_POINT('',(42.,-50.,15.238095238095));
#2190 = DIRECTION('',(0.,-0.253359391838,0.96737222338));
#2191 = DIRECTION('',(1.,0.,0.));
#2192 = PCURVE('',#332,#2193);
#2193 = DEFINITIONAL_REPRESENTATION('',(#2194),#2198);
#2194 = CIRCLE('',#2195,5.);
#2195 = AXIS2_PLACEMENT_2D('',#2196,#2197);
#2196 = CARTESIAN_POINT('',(196.4083683694,42.));
#2197 = DIRECTION('',(0.,1.));
#2198 = ( GEOMETRIC_REPRESENTATION_CONTEXT(2) 
PARAMETRIC_REPRESENTATION_CONTEXT() REPRESENTATION_CONTEXT('2D SPACE',''
  ) );
#2199 = PCURVE('',#2200,#2205);
#2200 = CYLINDRICAL_SURFACE('',#2201,5.);
#2201 = AXIS2_PLACEMENT_3D('',#2202,#2203,#2204);
#2202 = CARTESIAN_POINT('',(42.,-30.99804561217,-57.31482151542));
#2203 = DIRECTION('',(0.,-0.253359391838,0.96737222338));
#2204 = DIRECTION('',(1.,0.,0.));
#2205 = DEFINITIONAL_REPRESENTATION('',(#2206),#2210);
#2206 = LINE('',#2207,#2208);
#2207 = CARTESIAN_POINT('',(0.,75.));
#2208 = VECTOR('',#2209,1.);
#2209 = DIRECTION('',(1.,0.));
#2210 = ( GEOMETRIC_REPRESENTATION_CONTEXT(2) 
PARAMETRIC_REPRESENTATION_CONTEXT() REPRESENTATION_CONTEXT('2D SPACE',''
  ) );
#2211 = ORIENTED_EDGE('',*,*,#2212,.T.);
#2212 = EDGE_CURVE('',#2184,#2213,#2215,.T.);
#2213 = VERTEX_POINT('',#2214);
#2214 = CARTESIAN_POINT('',(46.,-54.8368611169,13.971298278907));
#2215 = SURFACE_CURVE('',#2216,(#2220,#2226),.PCURVE_S1.);
#2216 = LINE('',#2217,#2218);
#2217 = CARTESIAN_POINT('',(21.,-54.8368611169,13.971298278907));
#2218 = VECTOR('',#2219,1.);
#2219 = DIRECTION('',(1.,0.,-0.));
#2220 = PCURVE('',#332,#2221);
#2221 = DEFINITIONAL_REPRESENTATION('',(#2222),#2225);
#2222 = B_SPLINE_CURVE_WITH_KNOTS('',1,(#2223,#2224),.UNSPECIFIED.,.F.,
  .F.,(2,2),(21.,25.),.PIECEWISE_BEZIER_KNOTS.);
#2223 = CARTESIAN_POINT('',(201.4083683694,42.));
#2224 = CARTESIAN_POINT('',(201.4083683694,46.));
#2225 = ( GEOMETRIC_REPRESENTATION_CONTEXT(2) 
PARAMETRIC_REPRESENTATION_CONTEXT() REPRESENTATION_CONTEXT('2D SPACE',''
  ) );
#2226 = PCURVE('',#2227,#2232);
#2227 = PLANE('',#2228);
#2228 = AXIS2_PLACEMENT_3D('',#2229,#2230,#2231);
#2229 = CARTESIAN_POINT('',(42.,-35.83490672907,-58.58161847461));
#2230 = DIRECTION('',(0.,0.96737222338,0.253359391838));
#2231 = DIRECTION('',(0.,-0.253359391838,0.96737222338));
#2232 = DEFINITIONAL_REPRESENTATION('',(#2233),#2236);
#2233 = B_SPLINE_CURVE_WITH_KNOTS('',1,(#2234,#2235),.UNSPECIFIED.,.F.,
  .F.,(2,2),(21.,25.),.PIECEWISE_BEZIER_KNOTS.);
#2234 = CARTESIAN_POINT('',(75.,0.));
#2235 = CARTESIAN_POINT('',(75.,4.));
#2236 = ( GEOMETRIC_REPRESENTATION_CONTEXT(2) 
PARAMETRIC_REPRESENTATION_CONTEXT() REPRESENTATION_CONTEXT('2D SPACE',''
  ) );
#2237 = ORIENTED_EDGE('',*,*,#2238,.F.);
#2238 = EDGE_CURVE('',#2239,#2213,#2241,.T.);
#2239 = VERTEX_POINT('',#2240);
#2240 = CARTESIAN_POINT('',(46.,-62.5,11.964285714286));
#2241 = SURFACE_CURVE('',#2242,(#2246,#2252),.PCURVE_S1.);
#2242 = LINE('',#2243,#2244);
#2243 = CARTESIAN_POINT('',(46.,99.239359007759,54.324594025842));
#2244 = VECTOR('',#2245,1.);
#2245 = DIRECTION('',(-0.,0.96737222338,0.253359391838));
#2246 = PCURVE('',#332,#2247);
#2247 = DEFINITIONAL_REPRESENTATION('',(#2248),#2251);
#2248 = B_SPLINE_CURVE_WITH_KNOTS('',1,(#2249,#2250),.UNSPECIFIED.,.F.,
  .F.,(2,2),(-170.8125941743,-157.2466027059),.PIECEWISE_BEZIER_KNOTS.);
#2249 = CARTESIAN_POINT('',(212.94802044262,46.));
#2250 = CARTESIAN_POINT('',(199.38202897423,46.));
#2251 = ( GEOMETRIC_REPRESENTATION_CONTEXT(2) 
PARAMETRIC_REPRESENTATION_CONTEXT() REPRESENTATION_CONTEXT('2D SPACE',''
  ) );
#2252 = PCURVE('',#2253,#2258);
#2253 = PLANE('',#2254);
#2254 = AXIS2_PLACEMENT_3D('',#2255,#2256,#2257);
#2255 = CARTESIAN_POINT('',(46.,60.563089947655,35.690677038067));
#2256 = DIRECTION('',(-1.,-0.,-0.));
#2257 = DIRECTION('',(0.,-1.,0.));
#2258 = DEFINITIONAL_REPRESENTATION('',(#2259),#2262);
#2259 = B_SPLINE_CURVE_WITH_KNOTS('',1,(#2260,#2261),.UNSPECIFIED.,.F.,
  .F.,(2,2),(-170.8125941743,-157.2466027059),.PIECEWISE_BEZIER_KNOTS.);
#2260 = CARTESIAN_POINT('',(126.56308994765,-24.64305799044));
#2261 = CARTESIAN_POINT('',(113.43972661852,-21.20598664234));
#2262 = ( GEOMETRIC_REPRESENTATION_CONTEXT(2) 
PARAMETRIC_REPRESENTATION_CONTEXT() REPRESENTATION_CONTEXT('2D SPACE',''
  ) );
#2263 = ORIENTED_EDGE('',*,*,#2264,.T.);
#2264 = EDGE_CURVE('',#2239,#2265,#2267,.T.);
#2265 = VERTEX_POINT('',#2266);
#2266 = CARTESIAN_POINT('',(48.4,-62.5,11.964285714286));
#2267 = SURFACE_CURVE('',#2268,(#2272,#2278),.PCURVE_S1.);
#2268 = LINE('',#2269,#2270);
#2269 = CARTESIAN_POINT('',(14.75,-62.5,11.964285714286));
#2270 = VECTOR('',#2271,1.);
#2271 = DIRECTION('',(1.,0.,0.));
#2272 = PCURVE('',#332,#2273);
#2273 = DEFINITIONAL_REPRESENTATION('',(#2274),#2277);
#2274 = B_SPLINE_CURVE_WITH_KNOTS('',1,(#2275,#2276),.UNSPECIFIED.,.F.,
  .F.,(2,2),(14.75,33.65),.PIECEWISE_BEZIER_KNOTS.);
#2275 = CARTESIAN_POINT('',(209.3299715516,29.5));
#2276 = CARTESIAN_POINT('',(209.3299715516,48.4));
#2277 = ( GEOMETRIC_REPRESENTATION_CONTEXT(2) 
PARAMETRIC_REPRESENTATION_CONTEXT() REPRESENTATION_CONTEXT('2D SPACE',''
  ) );
#2278 = PCURVE('',#2279,#2284);
#2279 = PLANE('',#2280);
#2280 = AXIS2_PLACEMENT_3D('',#2281,#2282,#2283);
#2281 = CARTESIAN_POINT('',(29.5,-62.5,100.));
#2282 = DIRECTION('',(0.,-1.,0.));
#2283 = DIRECTION('',(1.,0.,0.));
#2284 = DEFINITIONAL_REPRESENTATION('',(#2285),#2288);
#2285 = B_SPLINE_CURVE_WITH_KNOTS('',1,(#2286,#2287),.UNSPECIFIED.,.F.,
  .F.,(2,2),(14.75,33.65),.PIECEWISE_BEZIER_KNOTS.);
#2286 = CARTESIAN_POINT('',(0.,-88.03571428571));
#2287 = CARTESIAN_POINT('',(18.9,-88.03571428571));
#2288 = ( GEOMETRIC_REPRESENTATION_CONTEXT(2) 
PARAMETRIC_REPRESENTATION_CONTEXT() REPRESENTATION_CONTEXT('2D SPACE',''
  ) );
#2289 = ORIENTED_EDGE('',*,*,#2290,.T.);
#2290 = EDGE_CURVE('',#2265,#2291,#2293,.T.);
#2291 = VERTEX_POINT('',#2292);
#2292 = CARTESIAN_POINT('',(48.4,-66.,11.047619047619));
#2293 = SURFACE_CURVE('',#2294,(#2298,#2304),.PCURVE_S1.);
#2294 = LINE('',#2295,#2296);
#2295 = CARTESIAN_POINT('',(48.4,99.239359007759,54.324594025842));
#2296 = VECTOR('',#2297,1.);
#2297 = DIRECTION('',(0.,-0.96737222338,-0.253359391838));
#2298 = PCURVE('',#332,#2299);
#2299 = DEFINITIONAL_REPRESENTATION('',(#2300),#2303);
#2300 = B_SPLINE_CURVE_WITH_KNOTS('',1,(#2301,#2302),.UNSPECIFIED.,.F.,
  .F.,(2,2),(167.1945452833,170.81259417431),.PIECEWISE_BEZIER_KNOTS.);
#2301 = CARTESIAN_POINT('',(209.3299715516,48.4));
#2302 = CARTESIAN_POINT('',(212.94802044262,48.4));
#2303 = ( GEOMETRIC_REPRESENTATION_CONTEXT(2) 
PARAMETRIC_REPRESENTATION_CONTEXT() REPRESENTATION_CONTEXT('2D SPACE',''
  ) );
#2304 = PCURVE('',#2305,#2310);
#2305 = PLANE('',#2306);
#2306 = AXIS2_PLACEMENT_3D('',#2307,#2308,#2309);
#2307 = CARTESIAN_POINT('',(48.4,60.563089947655,35.690677038067));
#2308 = DIRECTION('',(-1.,-0.,-0.));
#2309 = DIRECTION('',(0.,-1.,0.));
#2310 = DEFINITIONAL_REPRESENTATION('',(#2311),#2314);
#2311 = B_SPLINE_CURVE_WITH_KNOTS('',1,(#2312,#2313),.UNSPECIFIED.,.F.,
  .F.,(2,2),(167.1945452833,170.81259417431),.PIECEWISE_BEZIER_KNOTS.);
#2312 = CARTESIAN_POINT('',(123.06308994765,-23.72639132378));
#2313 = CARTESIAN_POINT('',(126.56308994765,-24.64305799044));
#2314 = ( GEOMETRIC_REPRESENTATION_CONTEXT(2) 
PARAMETRIC_REPRESENTATION_CONTEXT() REPRESENTATION_CONTEXT('2D SPACE',''
  ) );
#2315 = ORIENTED_EDGE('',*,*,#2316,.F.);
#2316 = EDGE_CURVE('',#2317,#2291,#2319,.T.);
#2317 = VERTEX_POINT('',#2318);
#2318 = CARTESIAN_POINT('',(46.,-68.4,10.419047619048));
#2319 = SURFACE_CURVE('',#2320,(#2325,#2332),.PCURVE_S1.);
#2320 = ELLIPSE('',#2321,2.480947810982,2.4);
#2321 = AXIS2_PLACEMENT_3D('',#2322,#2323,#2324);
#2322 = CARTESIAN_POINT('',(46.,-66.,11.047619047619));
#2323 = DIRECTION('',(0.,-0.253359391838,0.96737222338));
#2324 = DIRECTION('',(0.,0.96737222338,0.253359391838));
#2325 = PCURVE('',#332,#2326);
#2326 = DEFINITIONAL_REPRESENTATION('',(#2327),#2331);
#2327 = ELLIPSE('',#2328,2.480947810982,2.4);
#2328 = AXIS2_PLACEMENT_2D('',#2329,#2330);
#2329 = CARTESIAN_POINT('',(212.94802044262,46.));
#2330 = DIRECTION('',(-1.,0.));
#2331 = ( GEOMETRIC_REPRESENTATION_CONTEXT(2) 
PARAMETRIC_REPRESENTATION_CONTEXT() REPRESENTATION_CONTEXT('2D SPACE',''
  ) );
#2332 = PCURVE('',#2333,#2338);
#2333 = CYLINDRICAL_SURFACE('',#2334,2.4);
#2334 = AXIS2_PLACEMENT_3D('',#2335,#2336,#2337);
#2335 = CARTESIAN_POINT('',(46.,-66.,1.844815499855));
#2336 = DIRECTION('',(0.,0.,1.));
#2337 = DIRECTION('',(0.,-1.,0.));
#2338 = DEFINITIONAL_REPRESENTATION('',(#2339),#2348);
#2339 = B_SPLINE_CURVE_WITH_KNOTS('',7,(#2340,#2341,#2342,#2343,#2344,
    #2345,#2346,#2347),.UNSPECIFIED.,.F.,.F.,(8,8),(3.14159265359,
    4.712388980385),.PIECEWISE_BEZIER_KNOTS.);
#2340 = CARTESIAN_POINT('',(-2.6645352591E-15,8.574232119193));
#2341 = CARTESIAN_POINT('',(0.224399475256,8.574232119193));
#2342 = CARTESIAN_POINT('',(0.448798950513,8.611159856263));
#2343 = CARTESIAN_POINT('',(0.673198425769,8.685009973422));
#2344 = CARTESIAN_POINT('',(0.897597901026,8.79124840014));
#2345 = CARTESIAN_POINT('',(1.121997376282,8.920701923048));
#2346 = CARTESIAN_POINT('',(1.346396851538,9.061752449031));
#2347 = CARTESIAN_POINT('',(1.570796326795,9.202803547764));
#2348 = ( GEOMETRIC_REPRESENTATION_CONTEXT(2) 
PARAMETRIC_REPRESENTATION_CONTEXT() REPRESENTATION_CONTEXT('2D SPACE',''
  ) );
#2349 = ORIENTED_EDGE('',*,*,#2350,.T.);
#2350 = EDGE_CURVE('',#2317,#2351,#2353,.T.);
#2351 = VERTEX_POINT('',#2352);
#2352 = CARTESIAN_POINT('',(-46.,-68.4,10.419047619048));
#2353 = SURFACE_CURVE('',#2354,(#2358,#2364),.PCURVE_S1.);
#2354 = LINE('',#2355,#2356);
#2355 = CARTESIAN_POINT('',(0.,-68.4,10.419047619048));
#2356 = VECTOR('',#2357,1.);
#2357 = DIRECTION('',(-1.,0.,0.));
#2358 = PCURVE('',#332,#2359);
#2359 = DEFINITIONAL_REPRESENTATION('',(#2360),#2363);
#2360 = B_SPLINE_CURVE_WITH_KNOTS('',1,(#2361,#2362),.UNSPECIFIED.,.F.,
  .F.,(2,2),(-46.,46.),.PIECEWISE_BEZIER_KNOTS.);
#2361 = CARTESIAN_POINT('',(215.4289682536,46.));
#2362 = CARTESIAN_POINT('',(215.4289682536,-46.));
#2363 = ( GEOMETRIC_REPRESENTATION_CONTEXT(2) 
PARAMETRIC_REPRESENTATION_CONTEXT() REPRESENTATION_CONTEXT('2D SPACE',''
  ) );
#2364 = PCURVE('',#2365,#2370);
#2365 = PLANE('',#2366);
#2366 = AXIS2_PLACEMENT_3D('',#2367,#2368,#2369);
#2367 = CARTESIAN_POINT('',(0.,-68.4,1.844815499855));
#2368 = DIRECTION('',(0.,1.,0.));
#2369 = DIRECTION('',(0.,-0.,1.));
#2370 = DEFINITIONAL_REPRESENTATION('',(#2371),#2374);
#2371 = B_SPLINE_CURVE_WITH_KNOTS('',1,(#2372,#2373),.UNSPECIFIED.,.F.,
  .F.,(2,2),(-46.,46.),.PIECEWISE_BEZIER_KNOTS.);
#2372 = CARTESIAN_POINT('',(8.574232119193,46.));
#2373 = CARTESIAN_POINT('',(8.574232119193,-46.));
#2374 = ( GEOMETRIC_REPRESENTATION_CONTEXT(2) 
PARAMETRIC_REPRESENTATION_CONTEXT() REPRESENTATION_CONTEXT('2D SPACE',''
  ) );
#2375 = ORIENTED_EDGE('',*,*,#2376,.F.);
#2376 = EDGE_CURVE('',#2377,#2351,#2379,.T.);
#2377 = VERTEX_POINT('',#2378);
#2378 = CARTESIAN_POINT('',(-48.4,-66.,11.047619047619));
#2379 = SURFACE_CURVE('',#2380,(#2385,#2392),.PCURVE_S1.);
#2380 = ELLIPSE('',#2381,2.480947810982,2.4);
#2381 = AXIS2_PLACEMENT_3D('',#2382,#2383,#2384);
#2382 = CARTESIAN_POINT('',(-46.,-66.,11.047619047619));
#2383 = DIRECTION('',(0.,-0.253359391838,0.96737222338));
#2384 = DIRECTION('',(0.,0.96737222338,0.253359391838));
#2385 = PCURVE('',#332,#2386);
#2386 = DEFINITIONAL_REPRESENTATION('',(#2387),#2391);
#2387 = ELLIPSE('',#2388,2.480947810982,2.4);
#2388 = AXIS2_PLACEMENT_2D('',#2389,#2390);
#2389 = CARTESIAN_POINT('',(212.94802044262,-46.));
#2390 = DIRECTION('',(-1.,0.));
#2391 = ( GEOMETRIC_REPRESENTATION_CONTEXT(2) 
PARAMETRIC_REPRESENTATION_CONTEXT() REPRESENTATION_CONTEXT('2D SPACE',''
  ) );
#2392 = PCURVE('',#2393,#2398);
#2393 = CYLINDRICAL_SURFACE('',#2394,2.4);
#2394 = AXIS2_PLACEMENT_3D('',#2395,#2396,#2397);
#2395 = CARTESIAN_POINT('',(-46.,-66.,1.844815499855));
#2396 = DIRECTION('',(0.,0.,1.));
#2397 = DIRECTION('',(0.,-1.,0.));
#2398 = DEFINITIONAL_REPRESENTATION('',(#2399),#2408);
#2399 = B_SPLINE_CURVE_WITH_KNOTS('',7,(#2400,#2401,#2402,#2403,#2404,
    #2405,#2406,#2407),.UNSPECIFIED.,.F.,.F.,(8,8),(1.570796326795,
    3.14159265359),.PIECEWISE_BEZIER_KNOTS.);
#2400 = CARTESIAN_POINT('',(-1.570796326795,9.202803547764));
#2401 = CARTESIAN_POINT('',(-1.346396851538,9.061752449031));
#2402 = CARTESIAN_POINT('',(-1.121997376282,8.920701923047));
#2403 = CARTESIAN_POINT('',(-0.897597901026,8.791248400143));
#2404 = CARTESIAN_POINT('',(-0.673198425769,8.685009973421));
#2405 = CARTESIAN_POINT('',(-0.448798950513,8.611159856265));
#2406 = CARTESIAN_POINT('',(-0.224399475256,8.574232119193));
#2407 = CARTESIAN_POINT('',(2.6645352591E-15,8.574232119193));
#2408 = ( GEOMETRIC_REPRESENTATION_CONTEXT(2) 
PARAMETRIC_REPRESENTATION_CONTEXT() REPRESENTATION_CONTEXT('2D SPACE',''
  ) );
#2409 = ORIENTED_EDGE('',*,*,#2410,.F.);
#2410 = EDGE_CURVE('',#2411,#2377,#2413,.T.);
#2411 = VERTEX_POINT('',#2412);
#2412 = CARTESIAN_POINT('',(-48.4,-62.5,11.964285714286));
#2413 = SURFACE_CURVE('',#2414,(#2418,#2424),.PCURVE_S1.);
#2414 = LINE('',#2415,#2416);
#2415 = CARTESIAN_POINT('',(-48.4,99.239359007759,54.324594025842));
#2416 = VECTOR('',#2417,1.);
#2417 = DIRECTION('',(0.,-0.96737222338,-0.253359391838));
#2418 = PCURVE('',#332,#2419);
#2419 = DEFINITIONAL_REPRESENTATION('',(#2420),#2423);
#2420 = B_SPLINE_CURVE_WITH_KNOTS('',1,(#2421,#2422),.UNSPECIFIED.,.F.,
  .F.,(2,2),(167.1945452833,170.81259417431),.PIECEWISE_BEZIER_KNOTS.);
#2421 = CARTESIAN_POINT('',(209.3299715516,-48.4));
#2422 = CARTESIAN_POINT('',(212.94802044262,-48.4));
#2423 = ( GEOMETRIC_REPRESENTATION_CONTEXT(2) 
PARAMETRIC_REPRESENTATION_CONTEXT() REPRESENTATION_CONTEXT('2D SPACE',''
  ) );
#2424 = PCURVE('',#2425,#2430);
#2425 = PLANE('',#2426);
#2426 = AXIS2_PLACEMENT_3D('',#2427,#2428,#2429);
#2427 = CARTESIAN_POINT('',(-48.4,60.563089947655,35.690677038067));
#2428 = DIRECTION('',(-1.,-0.,-0.));
#2429 = DIRECTION('',(0.,-1.,0.));
#2430 = DEFINITIONAL_REPRESENTATION('',(#2431),#2434);
#2431 = B_SPLINE_CURVE_WITH_KNOTS('',1,(#2432,#2433),.UNSPECIFIED.,.F.,
  .F.,(2,2),(167.1945452833,170.81259417431),.PIECEWISE_BEZIER_KNOTS.);
#2432 = CARTESIAN_POINT('',(123.06308994765,-23.72639132378));
#2433 = CARTESIAN_POINT('',(126.56308994765,-24.64305799044));
#2434 = ( GEOMETRIC_REPRESENTATION_CONTEXT(2) 
PARAMETRIC_REPRESENTATION_CONTEXT() REPRESENTATION_CONTEXT('2D SPACE',''
  ) );
#2435 = ORIENTED_EDGE('',*,*,#2436,.T.);
#2436 = EDGE_CURVE('',#2411,#2437,#2439,.T.);
#2437 = VERTEX_POINT('',#2438);
#2438 = CARTESIAN_POINT('',(-46.,-62.5,11.964285714286));
#2439 = SURFACE_CURVE('',#2440,(#2444,#2450),.PCURVE_S1.);
#2440 = LINE('',#2441,#2442);
#2441 = CARTESIAN_POINT('',(-27.25,-62.5,11.964285714286));
#2442 = VECTOR('',#2443,1.);
#2443 = DIRECTION('',(1.,0.,0.));
#2444 = PCURVE('',#332,#2445);
#2445 = DEFINITIONAL_REPRESENTATION('',(#2446),#2449);
#2446 = B_SPLINE_CURVE_WITH_KNOTS('',1,(#2447,#2448),.UNSPECIFIED.,.F.,
  .F.,(2,2),(-21.15,-2.25),.PIECEWISE_BEZIER_KNOTS.);
#2447 = CARTESIAN_POINT('',(209.3299715516,-48.4));
#2448 = CARTESIAN_POINT('',(209.3299715516,-29.5));
#2449 = ( GEOMETRIC_REPRESENTATION_CONTEXT(2) 
PARAMETRIC_REPRESENTATION_CONTEXT() REPRESENTATION_CONTEXT('2D SPACE',''
  ) );
#2450 = PCURVE('',#2451,#2456);
#2451 = PLANE('',#2452);
#2452 = AXIS2_PLACEMENT_3D('',#2453,#2454,#2455);
#2453 = CARTESIAN_POINT('',(-54.5,-62.5,100.));
#2454 = DIRECTION('',(0.,-1.,0.));
#2455 = DIRECTION('',(1.,0.,0.));
#2456 = DEFINITIONAL_REPRESENTATION('',(#2457),#2460);
#2457 = B_SPLINE_CURVE_WITH_KNOTS('',1,(#2458,#2459),.UNSPECIFIED.,.F.,
  .F.,(2,2),(-21.15,-2.25),.PIECEWISE_BEZIER_KNOTS.);
#2458 = CARTESIAN_POINT('',(6.1,-88.03571428571));
#2459 = CARTESIAN_POINT('',(25.,-88.03571428571));
#2460 = ( GEOMETRIC_REPRESENTATION_CONTEXT(2) 
PARAMETRIC_REPRESENTATION_CONTEXT() REPRESENTATION_CONTEXT('2D SPACE',''
  ) );
#2461 = ORIENTED_EDGE('',*,*,#2462,.T.);
#2462 = EDGE_CURVE('',#2437,#2463,#2465,.T.);
#2463 = VERTEX_POINT('',#2464);
#2464 = CARTESIAN_POINT('',(-46.,-54.8368611169,13.971298278907));
#2465 = SURFACE_CURVE('',#2466,(#2470,#2476),.PCURVE_S1.);
#2466 = LINE('',#2467,#2468);
#2467 = CARTESIAN_POINT('',(-46.,99.239359007759,54.324594025842));
#2468 = VECTOR('',#2469,1.);
#2469 = DIRECTION('',(-0.,0.96737222338,0.253359391838));
#2470 = PCURVE('',#332,#2471);
#2471 = DEFINITIONAL_REPRESENTATION('',(#2472),#2475);
#2472 = B_SPLINE_CURVE_WITH_KNOTS('',1,(#2473,#2474),.UNSPECIFIED.,.F.,
  .F.,(2,2),(-170.8125941743,-157.2466027059),.PIECEWISE_BEZIER_KNOTS.);
#2473 = CARTESIAN_POINT('',(212.94802044262,-46.));
#2474 = CARTESIAN_POINT('',(199.38202897423,-46.));
#2475 = ( GEOMETRIC_REPRESENTATION_CONTEXT(2) 
PARAMETRIC_REPRESENTATION_CONTEXT() REPRESENTATION_CONTEXT('2D SPACE',''
  ) );
#2476 = PCURVE('',#2477,#2482);
#2477 = PLANE('',#2478);
#2478 = AXIS2_PLACEMENT_3D('',#2479,#2480,#2481);
#2479 = CARTESIAN_POINT('',(-46.,60.563089947655,35.690677038067));
#2480 = DIRECTION('',(-1.,-0.,-0.));
#2481 = DIRECTION('',(0.,-1.,0.));
#2482 = DEFINITIONAL_REPRESENTATION('',(#2483),#2486);
#2483 = B_SPLINE_CURVE_WITH_KNOTS('',1,(#2484,#2485),.UNSPECIFIED.,.F.,
  .F.,(2,2),(-170.8125941743,-157.2466027059),.PIECEWISE_BEZIER_KNOTS.);
#2484 = CARTESIAN_POINT('',(126.56308994765,-24.64305799044));
#2485 = CARTESIAN_POINT('',(113.43972661852,-21.20598664234));
#2486 = ( GEOMETRIC_REPRESENTATION_CONTEXT(2) 
PARAMETRIC_REPRESENTATION_CONTEXT() REPRESENTATION_CONTEXT('2D SPACE',''
  ) );
#2487 = ORIENTED_EDGE('',*,*,#2488,.T.);
#2488 = EDGE_CURVE('',#2463,#2489,#2491,.T.);
#2489 = VERTEX_POINT('',#2490);
#2490 = CARTESIAN_POINT('',(-42.,-54.8368611169,13.971298278907));
#2491 = SURFACE_CURVE('',#2492,(#2496,#2502),.PCURVE_S1.);
#2492 = LINE('',#2493,#2494);
#2493 = CARTESIAN_POINT('',(-23.5,-54.8368611169,13.971298278907));
#2494 = VECTOR('',#2495,1.);
#2495 = DIRECTION('',(1.,0.,-0.));
#2496 = PCURVE('',#332,#2497);
#2497 = DEFINITIONAL_REPRESENTATION('',(#2498),#2501);
#2498 = B_SPLINE_CURVE_WITH_KNOTS('',1,(#2499,#2500),.UNSPECIFIED.,.F.,
  .F.,(2,2),(-22.5,-18.5),.PIECEWISE_BEZIER_KNOTS.);
#2499 = CARTESIAN_POINT('',(201.4083683694,-46.));
#2500 = CARTESIAN_POINT('',(201.4083683694,-42.));
#2501 = ( GEOMETRIC_REPRESENTATION_CONTEXT(2) 
PARAMETRIC_REPRESENTATION_CONTEXT() REPRESENTATION_CONTEXT('2D SPACE',''
  ) );
#2502 = PCURVE('',#2503,#2508);
#2503 = PLANE('',#2504);
#2504 = AXIS2_PLACEMENT_3D('',#2505,#2506,#2507);
#2505 = CARTESIAN_POINT('',(-47.,-35.83490672907,-58.58161847461));
#2506 = DIRECTION('',(0.,0.96737222338,0.253359391838));
#2507 = DIRECTION('',(0.,-0.253359391838,0.96737222338));
#2508 = DEFINITIONAL_REPRESENTATION('',(#2509),#2512);
#2509 = B_SPLINE_CURVE_WITH_KNOTS('',1,(#2510,#2511),.UNSPECIFIED.,.F.,
  .F.,(2,2),(-22.5,-18.5),.PIECEWISE_BEZIER_KNOTS.);
#2510 = CARTESIAN_POINT('',(75.,1.));
#2511 = CARTESIAN_POINT('',(75.,5.));
#2512 = ( GEOMETRIC_REPRESENTATION_CONTEXT(2) 
PARAMETRIC_REPRESENTATION_CONTEXT() REPRESENTATION_CONTEXT('2D SPACE',''
  ) );
#2513 = ORIENTED_EDGE('',*,*,#2514,.T.);
#2514 = EDGE_CURVE('',#2489,#2515,#2517,.T.);
#2515 = VERTEX_POINT('',#2516);
#2516 = CARTESIAN_POINT('',(-42.,-45.16313888309,16.504892197284));
#2517 = SURFACE_CURVE('',#2518,(#2523,#2530),.PCURVE_S1.);
#2518 = CIRCLE('',#2519,5.);
#2519 = AXIS2_PLACEMENT_3D('',#2520,#2521,#2522);
#2520 = CARTESIAN_POINT('',(-42.,-50.,15.238095238095));
#2521 = DIRECTION('',(0.,-0.253359391838,0.96737222338));
#2522 = DIRECTION('',(1.,0.,0.));
#2523 = PCURVE('',#332,#2524);
#2524 = DEFINITIONAL_REPRESENTATION('',(#2525),#2529);
#2525 = CIRCLE('',#2526,5.);
#2526 = AXIS2_PLACEMENT_2D('',#2527,#2528);
#2527 = CARTESIAN_POINT('',(196.4083683694,-42.));
#2528 = DIRECTION('',(0.,1.));
#2529 = ( GEOMETRIC_REPRESENTATION_CONTEXT(2) 
PARAMETRIC_REPRESENTATION_CONTEXT() REPRESENTATION_CONTEXT('2D SPACE',''
  ) );
#2530 = PCURVE('',#2531,#2536);
#2531 = CYLINDRICAL_SURFACE('',#2532,5.);
#2532 = AXIS2_PLACEMENT_3D('',#2533,#2534,#2535);
#2533 = CARTESIAN_POINT('',(-42.,-30.99804561217,-57.31482151542));
#2534 = DIRECTION('',(0.,-0.253359391838,0.96737222338));
#2535 = DIRECTION('',(1.,0.,0.));
#2536 = DEFINITIONAL_REPRESENTATION('',(#2537),#2541);
#2537 = LINE('',#2538,#2539);
#2538 = CARTESIAN_POINT('',(0.,75.));
#2539 = VECTOR('',#2540,1.);
#2540 = DIRECTION('',(1.,0.));
#2541 = ( GEOMETRIC_REPRESENTATION_CONTEXT(2) 
PARAMETRIC_REPRESENTATION_CONTEXT() REPRESENTATION_CONTEXT('2D SPACE',''
  ) );
#2542 = ORIENTED_EDGE('',*,*,#2543,.F.);
#2543 = EDGE_CURVE('',#2544,#2515,#2546,.T.);
#2544 = VERTEX_POINT('',#2545);
#2545 = CARTESIAN_POINT('',(-46.,-45.16313888309,16.504892197284));
#2546 = SURFACE_CURVE('',#2547,(#2551,#2557),.PCURVE_S1.);
#2547 = LINE('',#2548,#2549);
#2548 = CARTESIAN_POINT('',(-23.5,-45.16313888309,16.504892197284));
#2549 = VECTOR('',#2550,1.);
#2550 = DIRECTION('',(1.,0.,-0.));
#2551 = PCURVE('',#332,#2552);
#2552 = DEFINITIONAL_REPRESENTATION('',(#2553),#2556);
#2553 = B_SPLINE_CURVE_WITH_KNOTS('',1,(#2554,#2555),.UNSPECIFIED.,.F.,
  .F.,(2,2),(-22.5,-18.5),.PIECEWISE_BEZIER_KNOTS.);
#2554 = CARTESIAN_POINT('',(191.4083683694,-46.));
#2555 = CARTESIAN_POINT('',(191.4083683694,-42.));
#2556 = ( GEOMETRIC_REPRESENTATION_CONTEXT(2) 
PARAMETRIC_REPRESENTATION_CONTEXT() REPRESENTATION_CONTEXT('2D SPACE',''
  ) );
#2557 = PCURVE('',#2558,#2563);
#2558 = PLANE('',#2559);
#2559 = AXIS2_PLACEMENT_3D('',#2560,#2561,#2562);
#2560 = CARTESIAN_POINT('',(-47.,-26.16118449527,-56.04802455623));
#2561 = DIRECTION('',(0.,0.96737222338,0.253359391838));
#2562 = DIRECTION('',(0.,-0.253359391838,0.96737222338));
#2563 = DEFINITIONAL_REPRESENTATION('',(#2564),#2567);
#2564 = B_SPLINE_CURVE_WITH_KNOTS('',1,(#2565,#2566),.UNSPECIFIED.,.F.,
  .F.,(2,2),(-22.5,-18.5),.PIECEWISE_BEZIER_KNOTS.);
#2565 = CARTESIAN_POINT('',(75.,1.));
#2566 = CARTESIAN_POINT('',(75.,5.));
#2567 = ( GEOMETRIC_REPRESENTATION_CONTEXT(2) 
PARAMETRIC_REPRESENTATION_CONTEXT() REPRESENTATION_CONTEXT('2D SPACE',''
  ) );
#2568 = ORIENTED_EDGE('',*,*,#2569,.T.);
#2569 = EDGE_CURVE('',#2544,#2570,#2572,.T.);
#2570 = VERTEX_POINT('',#2571);
#2571 = CARTESIAN_POINT('',(-46.,-37.5,18.511904761905));
#2572 = SURFACE_CURVE('',#2573,(#2577,#2583),.PCURVE_S1.);
#2573 = LINE('',#2574,#2575);
#2574 = CARTESIAN_POINT('',(-46.,99.239359007759,54.324594025842));
#2575 = VECTOR('',#2576,1.);
#2576 = DIRECTION('',(-0.,0.96737222338,0.253359391838));
#2577 = PCURVE('',#332,#2578);
#2578 = DEFINITIONAL_REPRESENTATION('',(#2579),#2582);
#2579 = B_SPLINE_CURVE_WITH_KNOTS('',1,(#2580,#2581),.UNSPECIFIED.,.F.,
  .F.,(2,2),(-154.3059484575,34.416783511323),.PIECEWISE_BEZIER_KNOTS.);
#2580 = CARTESIAN_POINT('',(196.44137472589,-46.));
#2581 = CARTESIAN_POINT('',(7.718642756978,-46.));
#2582 = ( GEOMETRIC_REPRESENTATION_CONTEXT(2) 
PARAMETRIC_REPRESENTATION_CONTEXT() REPRESENTATION_CONTEXT('2D SPACE',''
  ) );
#2583 = PCURVE('',#2584,#2589);
#2584 = PLANE('',#2585);
#2585 = AXIS2_PLACEMENT_3D('',#2586,#2587,#2588);
#2586 = CARTESIAN_POINT('',(-46.,60.563089947655,35.690677038067));
#2587 = DIRECTION('',(-1.,-0.,-0.));
#2588 = DIRECTION('',(0.,-1.,0.));
#2589 = DEFINITIONAL_REPRESENTATION('',(#2590),#2593);
#2590 = B_SPLINE_CURVE_WITH_KNOTS('',1,(#2591,#2592),.UNSPECIFIED.,.F.,
  .F.,(2,2),(-154.3059484575,34.416783511323),.PIECEWISE_BEZIER_KNOTS.);
#2591 = CARTESIAN_POINT('',(110.59501938011,-20.46094427037));
#2592 = CARTESIAN_POINT('',(-71.97010944704,27.353732327212));
#2593 = ( GEOMETRIC_REPRESENTATION_CONTEXT(2) 
PARAMETRIC_REPRESENTATION_CONTEXT() REPRESENTATION_CONTEXT('2D SPACE',''
  ) );
#2594 = ORIENTED_EDGE('',*,*,#2595,.F.);
#2595 = EDGE_CURVE('',#2596,#2570,#2598,.T.);
#2596 = VERTEX_POINT('',#2597);
#2597 = CARTESIAN_POINT('',(-48.4,-37.5,18.511904761905));
#2598 = SURFACE_CURVE('',#2599,(#2603,#2609),.PCURVE_S1.);
#2599 = LINE('',#2600,#2601);
#2600 = CARTESIAN_POINT('',(-27.25,-37.5,18.511904761905));
#2601 = VECTOR('',#2602,1.);
#2602 = DIRECTION('',(1.,0.,0.));
#2603 = PCURVE('',#332,#2604);
#2604 = DEFINITIONAL_REPRESENTATION('',(#2605),#2608);
#2605 = B_SPLINE_CURVE_WITH_KNOTS('',1,(#2606,#2607),.UNSPECIFIED.,.F.,
  .F.,(2,2),(-21.15,-2.25),.PIECEWISE_BEZIER_KNOTS.);
#2606 = CARTESIAN_POINT('',(183.48676518721,-48.4));
#2607 = CARTESIAN_POINT('',(183.48676518721,-29.5));
#2608 = ( GEOMETRIC_REPRESENTATION_CONTEXT(2) 
PARAMETRIC_REPRESENTATION_CONTEXT() REPRESENTATION_CONTEXT('2D SPACE',''
  ) );
#2609 = PCURVE('',#2610,#2615);
#2610 = PLANE('',#2611);
#2611 = AXIS2_PLACEMENT_3D('',#2612,#2613,#2614);
#2612 = CARTESIAN_POINT('',(-54.5,-37.5,100.));
#2613 = DIRECTION('',(0.,-1.,0.));
#2614 = DIRECTION('',(1.,0.,0.));
#2615 = DEFINITIONAL_REPRESENTATION('',(#2616),#2619);
#2616 = B_SPLINE_CURVE_WITH_KNOTS('',1,(#2617,#2618),.UNSPECIFIED.,.F.,
  .F.,(2,2),(-21.15,-2.25),.PIECEWISE_BEZIER_KNOTS.);
#2617 = CARTESIAN_POINT('',(6.1,-81.48809523809));
#2618 = CARTESIAN_POINT('',(25.,-81.48809523809));
#2619 = ( GEOMETRIC_REPRESENTATION_CONTEXT(2) 
PARAMETRIC_REPRESENTATION_CONTEXT() REPRESENTATION_CONTEXT('2D SPACE',''
  ) );
#2620 = ORIENTED_EDGE('',*,*,#2621,.F.);
#2621 = EDGE_CURVE('',#1805,#2596,#2622,.T.);
#2622 = SURFACE_CURVE('',#2623,(#2627,#2633),.PCURVE_S1.);
#2623 = LINE('',#2624,#2625);
#2624 = CARTESIAN_POINT('',(-48.4,99.239359007759,54.324594025842));
#2625 = VECTOR('',#2626,1.);
#2626 = DIRECTION('',(0.,-0.96737222338,-0.253359391838));
#2627 = PCURVE('',#332,#2628);
#2628 = DEFINITIONAL_REPRESENTATION('',(#2629),#2632);
#2629 = B_SPLINE_CURVE_WITH_KNOTS('',1,(#2630,#2631),.UNSPECIFIED.,.F.,
  .F.,(2,2),(-18.87654054034,141.3513389189),.PIECEWISE_BEZIER_KNOTS.);
#2630 = CARTESIAN_POINT('',(23.258885727956,-48.4));
#2631 = CARTESIAN_POINT('',(183.48676518721,-48.4));
#2632 = ( GEOMETRIC_REPRESENTATION_CONTEXT(2) 
PARAMETRIC_REPRESENTATION_CONTEXT() REPRESENTATION_CONTEXT('2D SPACE',''
  ) );
#2633 = PCURVE('',#2634,#2639);
#2634 = PLANE('',#2635);
#2635 = AXIS2_PLACEMENT_3D('',#2636,#2637,#2638);
#2636 = CARTESIAN_POINT('',(-48.4,60.563089947655,35.690677038067));
#2637 = DIRECTION('',(-1.,-0.,-0.));
#2638 = DIRECTION('',(0.,-1.,0.));
#2639 = DEFINITIONAL_REPRESENTATION('',(#2640),#2643);
#2640 = B_SPLINE_CURVE_WITH_KNOTS('',1,(#2641,#2642),.UNSPECIFIED.,.F.,
  .F.,(2,2),(-18.87654054034,141.3513389189),.PIECEWISE_BEZIER_KNOTS.);
#2641 = CARTESIAN_POINT('',(-56.93691005234,23.416465819075));
#2642 = CARTESIAN_POINT('',(98.063089947655,-17.17877227616));
#2643 = ( GEOMETRIC_REPRESENTATION_CONTEXT(2) 
PARAMETRIC_REPRESENTATION_CONTEXT() REPRESENTATION_CONTEXT('2D SPACE',''
  ) );
#2644 = FACE_BOUND('',#2645,.F.);
#2645 = EDGE_LOOP('',(#2646));
#2646 = ORIENTED_EDGE('',*,*,#2647,.F.);
#2647 = EDGE_CURVE('',#2648,#2648,#2650,.T.);
#2648 = VERTEX_POINT('',#2649);
#2649 = CARTESIAN_POINT('',(-39.6,-50.,15.238095238095));
#2650 = SURFACE_CURVE('',#2651,(#2656,#2663),.PCURVE_S1.);
#2651 = CIRCLE('',#2652,2.4);
#2652 = AXIS2_PLACEMENT_3D('',#2653,#2654,#2655);
#2653 = CARTESIAN_POINT('',(-42.,-50.,15.238095238095));
#2654 = DIRECTION('',(0.,-0.253359391838,0.96737222338));
#2655 = DIRECTION('',(1.,0.,0.));
#2656 = PCURVE('',#332,#2657);
#2657 = DEFINITIONAL_REPRESENTATION('',(#2658),#2662);
#2658 = CIRCLE('',#2659,2.4);
#2659 = AXIS2_PLACEMENT_2D('',#2660,#2661);
#2660 = CARTESIAN_POINT('',(196.4083683694,-42.));
#2661 = DIRECTION('',(0.,1.));
#2662 = ( GEOMETRIC_REPRESENTATION_CONTEXT(2) 
PARAMETRIC_REPRESENTATION_CONTEXT() REPRESENTATION_CONTEXT('2D SPACE',''
  ) );
#2663 = PCURVE('',#2664,#2669);
#2664 = CONICAL_SURFACE('',#2665,2.4,0.785398163397);
#2665 = AXIS2_PLACEMENT_3D('',#2666,#2667,#2668);
#2666 = CARTESIAN_POINT('',(-42.,-50.,15.238095238095));
#2667 = DIRECTION('',(-0.,0.253359391838,-0.96737222338));
#2668 = DIRECTION('',(1.,0.,0.));
#2669 = DEFINITIONAL_REPRESENTATION('',(#2670),#2674);
#2670 = LINE('',#2671,#2672);
#2671 = CARTESIAN_POINT('',(-0.,-0.));
#2672 = VECTOR('',#2673,1.);
#2673 = DIRECTION('',(-1.,-0.));
#2674 = ( GEOMETRIC_REPRESENTATION_CONTEXT(2) 
PARAMETRIC_REPRESENTATION_CONTEXT() REPRESENTATION_CONTEXT('2D SPACE',''
  ) );
#2675 = FACE_BOUND('',#2676,.F.);
#2676 = EDGE_LOOP('',(#2677));
#2677 = ORIENTED_EDGE('',*,*,#2678,.F.);
#2678 = EDGE_CURVE('',#2679,#2679,#2681,.T.);
#2679 = VERTEX_POINT('',#2680);
#2680 = CARTESIAN_POINT('',(44.4,130.,62.380952380952));
#2681 = SURFACE_CURVE('',#2682,(#2687,#2694),.PCURVE_S1.);
#2682 = CIRCLE('',#2683,2.4);
#2683 = AXIS2_PLACEMENT_3D('',#2684,#2685,#2686);
#2684 = CARTESIAN_POINT('',(42.,130.,62.380952380952));
#2685 = DIRECTION('',(0.,-0.253359391838,0.96737222338));
#2686 = DIRECTION('',(1.,0.,0.));
#2687 = PCURVE('',#332,#2688);
#2688 = DEFINITIONAL_REPRESENTATION('',(#2689),#2693);
#2689 = CIRCLE('',#2690,2.4);
#2690 = AXIS2_PLACEMENT_2D('',#2691,#2692);
#2691 = CARTESIAN_POINT('',(10.337282545758,42.));
#2692 = DIRECTION('',(0.,1.));
#2693 = ( GEOMETRIC_REPRESENTATION_CONTEXT(2) 
PARAMETRIC_REPRESENTATION_CONTEXT() REPRESENTATION_CONTEXT('2D SPACE',''
  ) );
#2694 = PCURVE('',#2695,#2700);
#2695 = CONICAL_SURFACE('',#2696,2.4,0.785398163397);
#2696 = AXIS2_PLACEMENT_3D('',#2697,#2698,#2699);
#2697 = CARTESIAN_POINT('',(42.,130.,62.380952380952));
#2698 = DIRECTION('',(-0.,0.253359391838,-0.96737222338));
#2699 = DIRECTION('',(1.,0.,0.));
#2700 = DEFINITIONAL_REPRESENTATION('',(#2701),#2705);
#2701 = LINE('',#2702,#2703);
#2702 = CARTESIAN_POINT('',(-0.,-0.));
#2703 = VECTOR('',#2704,1.);
#2704 = DIRECTION('',(-1.,-0.));
#2705 = ( GEOMETRIC_REPRESENTATION_CONTEXT(2) 
PARAMETRIC_REPRESENTATION_CONTEXT() REPRESENTATION_CONTEXT('2D SPACE',''
  ) );
#2706 = FACE_BOUND('',#2707,.F.);
#2707 = EDGE_LOOP('',(#2708));
#2708 = ORIENTED_EDGE('',*,*,#2709,.F.);
#2709 = EDGE_CURVE('',#2710,#2710,#2712,.T.);
#2710 = VERTEX_POINT('',#2711);
#2711 = CARTESIAN_POINT('',(44.4,-50.,15.238095238095));
#2712 = SURFACE_CURVE('',#2713,(#2718,#2725),.PCURVE_S1.);
#2713 = CIRCLE('',#2714,2.4);
#2714 = AXIS2_PLACEMENT_3D('',#2715,#2716,#2717);
#2715 = CARTESIAN_POINT('',(42.,-50.,15.238095238095));
#2716 = DIRECTION('',(0.,-0.253359391838,0.96737222338));
#2717 = DIRECTION('',(1.,0.,0.));
#2718 = PCURVE('',#332,#2719);
#2719 = DEFINITIONAL_REPRESENTATION('',(#2720),#2724);
#2720 = CIRCLE('',#2721,2.4);
#2721 = AXIS2_PLACEMENT_2D('',#2722,#2723);
#2722 = CARTESIAN_POINT('',(196.4083683694,42.));
#2723 = DIRECTION('',(0.,1.));
#2724 = ( GEOMETRIC_REPRESENTATION_CONTEXT(2) 
PARAMETRIC_REPRESENTATION_CONTEXT() REPRESENTATION_CONTEXT('2D SPACE',''
  ) );
#2725 = PCURVE('',#2726,#2731);
#2726 = CONICAL_SURFACE('',#2727,2.4,0.785398163397);
#2727 = AXIS2_PLACEMENT_3D('',#2728,#2729,#2730);
#2728 = CARTESIAN_POINT('',(42.,-50.,15.238095238095));
#2729 = DIRECTION('',(-0.,0.253359391838,-0.96737222338));
#2730 = DIRECTION('',(1.,0.,0.));
#2731 = DEFINITIONAL_REPRESENTATION('',(#2732),#2736);
#2732 = LINE('',#2733,#2734);
#2733 = CARTESIAN_POINT('',(-0.,-0.));
#2734 = VECTOR('',#2735,1.);
#2735 = DIRECTION('',(-1.,-0.));
#2736 = ( GEOMETRIC_REPRESENTATION_CONTEXT(2) 
PARAMETRIC_REPRESENTATION_CONTEXT() REPRESENTATION_CONTEXT('2D SPACE',''
  ) );
#2737 = ADVANCED_FACE('',(#2738),#477,.T.);
#2738 = FACE_BOUND('',#2739,.T.);
#2739 = EDGE_LOOP('',(#2740,#2741,#2764,#2785,#2811,#2830));
#2740 = ORIENTED_EDGE('',*,*,#464,.F.);
#2741 = ORIENTED_EDGE('',*,*,#2742,.T.);
#2742 = EDGE_CURVE('',#439,#2743,#2745,.T.);
#2743 = VERTEX_POINT('',#2744);
#2744 = CARTESIAN_POINT('',(-46.,-18.64640581988,29.155522702344));
#2745 = SURFACE_CURVE('',#2746,(#2750,#2757),.PCURVE_S1.);
#2746 = LINE('',#2747,#2748);
#2747 = CARTESIAN_POINT('',(-47.5,-18.64640581988,29.155522702344));
#2748 = VECTOR('',#2749,1.);
#2749 = DIRECTION('',(1.,0.,0.));
#2750 = PCURVE('',#477,#2751);
#2751 = DEFINITIONAL_REPRESENTATION('',(#2752),#2756);
#2752 = LINE('',#2753,#2754);
#2753 = CARTESIAN_POINT('',(12.5,-12.5));
#2754 = VECTOR('',#2755,1.);
#2755 = DIRECTION('',(1.,0.));
#2756 = ( GEOMETRIC_REPRESENTATION_CONTEXT(2) 
PARAMETRIC_REPRESENTATION_CONTEXT() REPRESENTATION_CONTEXT('2D SPACE',''
  ) );
#2757 = PCURVE('',#453,#2758);
#2758 = DEFINITIONAL_REPRESENTATION('',(#2759),#2763);
#2759 = LINE('',#2760,#2761);
#2760 = CARTESIAN_POINT('',(0.,-5.5));
#2761 = VECTOR('',#2762,1.);
#2762 = DIRECTION('',(1.,0.));
#2763 = ( GEOMETRIC_REPRESENTATION_CONTEXT(2) 
PARAMETRIC_REPRESENTATION_CONTEXT() REPRESENTATION_CONTEXT('2D SPACE',''
  ) );
#2764 = ORIENTED_EDGE('',*,*,#2765,.T.);
#2765 = EDGE_CURVE('',#2743,#2766,#2768,.T.);
#2766 = VERTEX_POINT('',#2767);
#2767 = CARTESIAN_POINT('',(-46.,-18.17741428704,25.87258197244));
#2768 = SURFACE_CURVE('',#2769,(#2773,#2779),.PCURVE_S1.);
#2769 = LINE('',#2770,#2771);
#2770 = CARTESIAN_POINT('',(-46.,-17.42788818923,20.625899287738));
#2771 = VECTOR('',#2772,1.);
#2772 = DIRECTION('',(0.,0.141421356237,-0.989949493661));
#2773 = PCURVE('',#477,#2774);
#2774 = DEFINITIONAL_REPRESENTATION('',(#2775),#2778);
#2775 = B_SPLINE_CURVE_WITH_KNOTS('',1,(#2776,#2777),.UNSPECIFIED.,.F.,
  .F.,(2,2),(-8.616220796336,3.883779203664),.PIECEWISE_BEZIER_KNOTS.);
#2776 = CARTESIAN_POINT('',(14.,-12.5));
#2777 = CARTESIAN_POINT('',(14.,0.));
#2778 = ( GEOMETRIC_REPRESENTATION_CONTEXT(2) 
PARAMETRIC_REPRESENTATION_CONTEXT() REPRESENTATION_CONTEXT('2D SPACE',''
  ) );
#2779 = PCURVE('',#2584,#2780);
#2780 = DEFINITIONAL_REPRESENTATION('',(#2781),#2784);
#2781 = B_SPLINE_CURVE_WITH_KNOTS('',1,(#2782,#2783),.UNSPECIFIED.,.F.,
  .F.,(2,2),(-8.616220796336,3.883779203664),.PIECEWISE_BEZIER_KNOTS.);
#2782 = CARTESIAN_POINT('',(79.209495767544,-6.535154335724));
#2783 = CARTESIAN_POINT('',(77.441728814578,-18.90952300648));
#2784 = ( GEOMETRIC_REPRESENTATION_CONTEXT(2) 
PARAMETRIC_REPRESENTATION_CONTEXT() REPRESENTATION_CONTEXT('2D SPACE',''
  ) );
#2785 = ORIENTED_EDGE('',*,*,#2786,.T.);
#2786 = EDGE_CURVE('',#2766,#2787,#2789,.T.);
#2787 = VERTEX_POINT('',#2788);
#2788 = CARTESIAN_POINT('',(-48.4,-18.17741428704,25.87258197244));
#2789 = SURFACE_CURVE('',#2790,(#2794,#2800),.PCURVE_S1.);
#2790 = LINE('',#2791,#2792);
#2791 = CARTESIAN_POINT('',(-30.,-18.17741428704,25.87258197244));
#2792 = VECTOR('',#2793,1.);
#2793 = DIRECTION('',(-1.,-0.,0.));
#2794 = PCURVE('',#477,#2795);
#2795 = DEFINITIONAL_REPRESENTATION('',(#2796),#2799);
#2796 = B_SPLINE_CURVE_WITH_KNOTS('',1,(#2797,#2798),.UNSPECIFIED.,.F.,
  .F.,(2,2),(16.,18.4),.PIECEWISE_BEZIER_KNOTS.);
#2797 = CARTESIAN_POINT('',(14.,-9.183729068074));
#2798 = CARTESIAN_POINT('',(11.6,-9.183729068074));
#2799 = ( GEOMETRIC_REPRESENTATION_CONTEXT(2) 
PARAMETRIC_REPRESENTATION_CONTEXT() REPRESENTATION_CONTEXT('2D SPACE',''
  ) );
#2800 = PCURVE('',#2801,#2806);
#2801 = PLANE('',#2802);
#2802 = AXIS2_PLACEMENT_3D('',#2803,#2804,#2805);
#2803 = CARTESIAN_POINT('',(0.,140.,67.3));
#2804 = DIRECTION('',(0.,-0.253359391838,0.96737222338));
#2805 = DIRECTION('',(0.,-0.96737222338,-0.253359391838));
#2806 = DEFINITIONAL_REPRESENTATION('',(#2807),#2810);
#2807 = B_SPLINE_CURVE_WITH_KNOTS('',1,(#2808,#2809),.UNSPECIFIED.,.F.,
  .F.,(2,2),(16.,18.4),.PIECEWISE_BEZIER_KNOTS.);
#2808 = CARTESIAN_POINT('',(163.51246238426,-46.));
#2809 = CARTESIAN_POINT('',(163.51246238426,-48.4));
#2810 = ( GEOMETRIC_REPRESENTATION_CONTEXT(2) 
PARAMETRIC_REPRESENTATION_CONTEXT() REPRESENTATION_CONTEXT('2D SPACE',''
  ) );
#2811 = ORIENTED_EDGE('',*,*,#2812,.T.);
#2812 = EDGE_CURVE('',#2787,#1805,#2813,.T.);
#2813 = SURFACE_CURVE('',#2814,(#2818,#2824),.PCURVE_S1.);
#2814 = LINE('',#2815,#2816);
#2815 = CARTESIAN_POINT('',(-48.4,-17.42788818923,20.625899287738));
#2816 = VECTOR('',#2817,1.);
#2817 = DIRECTION('',(0.,0.141421356237,-0.989949493661));
#2818 = PCURVE('',#477,#2819);
#2819 = DEFINITIONAL_REPRESENTATION('',(#2820),#2823);
#2820 = B_SPLINE_CURVE_WITH_KNOTS('',1,(#2821,#2822),.UNSPECIFIED.,.F.,
  .F.,(2,2),(-8.616220796336,2.13545694944),.PIECEWISE_BEZIER_KNOTS.);
#2821 = CARTESIAN_POINT('',(11.6,-12.5));
#2822 = CARTESIAN_POINT('',(11.6,-1.748322254224));
#2823 = ( GEOMETRIC_REPRESENTATION_CONTEXT(2) 
PARAMETRIC_REPRESENTATION_CONTEXT() REPRESENTATION_CONTEXT('2D SPACE',''
  ) );
#2824 = PCURVE('',#2634,#2825);
#2825 = DEFINITIONAL_REPRESENTATION('',(#2826),#2829);
#2826 = B_SPLINE_CURVE_WITH_KNOTS('',1,(#2827,#2828),.UNSPECIFIED.,.F.,
  .F.,(2,2),(-8.616220796336,2.13545694944),.PIECEWISE_BEZIER_KNOTS.);
#2827 = CARTESIAN_POINT('',(79.209495767544,-6.535154335724));
#2828 = CARTESIAN_POINT('',(77.68897891891,-17.17877227616));
#2829 = ( GEOMETRIC_REPRESENTATION_CONTEXT(2) 
PARAMETRIC_REPRESENTATION_CONTEXT() REPRESENTATION_CONTEXT('2D SPACE',''
  ) );
#2830 = ORIENTED_EDGE('',*,*,#1804,.T.);
#2831 = ADVANCED_FACE('',(#2832),#453,.F.);
#2832 = FACE_BOUND('',#2833,.F.);
#2833 = EDGE_LOOP('',(#2834,#2835,#2836,#2857));
#2834 = ORIENTED_EDGE('',*,*,#438,.F.);
#2835 = ORIENTED_EDGE('',*,*,#2742,.T.);
#2836 = ORIENTED_EDGE('',*,*,#2837,.T.);
#2837 = EDGE_CURVE('',#2743,#2838,#2840,.T.);
#2838 = VERTEX_POINT('',#2839);
#2839 = CARTESIAN_POINT('',(-46.,-7.756961389616,30.711157620954));
#2840 = SURFACE_CURVE('',#2841,(#2845,#2851),.PCURVE_S1.);
#2841 = LINE('',#2842,#2843);
#2842 = CARTESIAN_POINT('',(-46.,23.346069017276,35.154447679082));
#2843 = VECTOR('',#2844,1.);
#2844 = DIRECTION('',(-0.,0.989949493661,0.141421356237));
#2845 = PCURVE('',#453,#2846);
#2846 = DEFINITIONAL_REPRESENTATION('',(#2847),#2850);
#2847 = B_SPLINE_CURVE_WITH_KNOTS('',1,(#2848,#2849),.UNSPECIFIED.,.F.,
  .F.,(2,2),(-42.4188053088,-31.4188053088),.PIECEWISE_BEZIER_KNOTS.);
#2848 = CARTESIAN_POINT('',(1.5,-5.5));
#2849 = CARTESIAN_POINT('',(1.5,5.5));
#2850 = ( GEOMETRIC_REPRESENTATION_CONTEXT(2) 
PARAMETRIC_REPRESENTATION_CONTEXT() REPRESENTATION_CONTEXT('2D SPACE',''
  ) );
#2851 = PCURVE('',#2584,#2852);
#2852 = DEFINITIONAL_REPRESENTATION('',(#2853),#2856);
#2853 = B_SPLINE_CURVE_WITH_KNOTS('',1,(#2854,#2855),.UNSPECIFIED.,.F.,
  .F.,(2,2),(-42.4188053088,-31.4188053088),.PIECEWISE_BEZIER_KNOTS.);
#2854 = CARTESIAN_POINT('',(79.209495767544,-6.535154335724));
#2855 = CARTESIAN_POINT('',(68.320051337272,-4.979519417114));
#2856 = ( GEOMETRIC_REPRESENTATION_CONTEXT(2) 
PARAMETRIC_REPRESENTATION_CONTEXT() REPRESENTATION_CONTEXT('2D SPACE',''
  ) );
#2857 = ORIENTED_EDGE('',*,*,#2858,.F.);
#2858 = EDGE_CURVE('',#413,#2838,#2859,.T.);
#2859 = SURFACE_CURVE('',#2860,(#2864,#2871),.PCURVE_S1.);
#2860 = LINE('',#2861,#2862);
#2861 = CARTESIAN_POINT('',(-47.5,-7.756961389616,30.711157620954));
#2862 = VECTOR('',#2863,1.);
#2863 = DIRECTION('',(1.,0.,0.));
#2864 = PCURVE('',#453,#2865);
#2865 = DEFINITIONAL_REPRESENTATION('',(#2866),#2870);
#2866 = LINE('',#2867,#2868);
#2867 = CARTESIAN_POINT('',(0.,5.5));
#2868 = VECTOR('',#2869,1.);
#2869 = DIRECTION('',(1.,0.));
#2870 = ( GEOMETRIC_REPRESENTATION_CONTEXT(2) 
PARAMETRIC_REPRESENTATION_CONTEXT() REPRESENTATION_CONTEXT('2D SPACE',''
  ) );
#2871 = PCURVE('',#427,#2872);
#2872 = DEFINITIONAL_REPRESENTATION('',(#2873),#2877);
#2873 = LINE('',#2874,#2875);
#2874 = CARTESIAN_POINT('',(12.5,-12.5));
#2875 = VECTOR('',#2876,1.);
#2876 = DIRECTION('',(1.,0.));
#2877 = ( GEOMETRIC_REPRESENTATION_CONTEXT(2) 
PARAMETRIC_REPRESENTATION_CONTEXT() REPRESENTATION_CONTEXT('2D SPACE',''
  ) );
#2878 = ADVANCED_FACE('',(#2879),#427,.F.);
#2879 = FACE_BOUND('',#2880,.F.);
#2880 = EDGE_LOOP('',(#2881,#2882,#2883,#2904,#2930,#2956));
#2881 = ORIENTED_EDGE('',*,*,#412,.F.);
#2882 = ORIENTED_EDGE('',*,*,#2858,.T.);
#2883 = ORIENTED_EDGE('',*,*,#2884,.T.);
#2884 = EDGE_CURVE('',#2838,#2885,#2887,.T.);
#2885 = VERTEX_POINT('',#2886);
#2886 = CARTESIAN_POINT('',(-46.,-7.466485339237,28.677825268295));
#2887 = SURFACE_CURVE('',#2888,(#2892,#2898),.PCURVE_S1.);
#2888 = LINE('',#2889,#2890);
#2889 = CARTESIAN_POINT('',(-46.,-6.538443758958,22.181534206348));
#2890 = VECTOR('',#2891,1.);
#2891 = DIRECTION('',(0.,0.141421356237,-0.989949493661));
#2892 = PCURVE('',#427,#2893);
#2893 = DEFINITIONAL_REPRESENTATION('',(#2894),#2897);
#2894 = B_SPLINE_CURVE_WITH_KNOTS('',1,(#2895,#2896),.UNSPECIFIED.,.F.,
  .F.,(2,2),(-8.616220796336,3.883779203664),.PIECEWISE_BEZIER_KNOTS.);
#2895 = CARTESIAN_POINT('',(14.,-12.5));
#2896 = CARTESIAN_POINT('',(14.,0.));
#2897 = ( GEOMETRIC_REPRESENTATION_CONTEXT(2) 
PARAMETRIC_REPRESENTATION_CONTEXT() REPRESENTATION_CONTEXT('2D SPACE',''
  ) );
#2898 = PCURVE('',#2584,#2899);
#2899 = DEFINITIONAL_REPRESENTATION('',(#2900),#2903);
#2900 = B_SPLINE_CURVE_WITH_KNOTS('',1,(#2901,#2902),.UNSPECIFIED.,.F.,
  .F.,(2,2),(-8.616220796336,3.883779203664),.PIECEWISE_BEZIER_KNOTS.);
#2901 = CARTESIAN_POINT('',(68.320051337272,-4.979519417114));
#2902 = CARTESIAN_POINT('',(66.552284384305,-17.35388808787));
#2903 = ( GEOMETRIC_REPRESENTATION_CONTEXT(2) 
PARAMETRIC_REPRESENTATION_CONTEXT() REPRESENTATION_CONTEXT('2D SPACE',''
  ) );
#2904 = ORIENTED_EDGE('',*,*,#2905,.T.);
#2905 = EDGE_CURVE('',#2885,#2906,#2908,.T.);
#2906 = VERTEX_POINT('',#2907);
#2907 = CARTESIAN_POINT('',(-48.4,-7.466485339237,28.677825268295));
#2908 = SURFACE_CURVE('',#2909,(#2913,#2919),.PCURVE_S1.);
#2909 = LINE('',#2910,#2911);
#2910 = CARTESIAN_POINT('',(-30.,-7.466485339237,28.677825268295));
#2911 = VECTOR('',#2912,1.);
#2912 = DIRECTION('',(-1.,-0.,0.));
#2913 = PCURVE('',#427,#2914);
#2914 = DEFINITIONAL_REPRESENTATION('',(#2915),#2918);
#2915 = B_SPLINE_CURVE_WITH_KNOTS('',1,(#2916,#2917),.UNSPECIFIED.,.F.,
  .F.,(2,2),(16.,18.4),.PIECEWISE_BEZIER_KNOTS.);
#2916 = CARTESIAN_POINT('',(14.,-10.44602415004));
#2917 = CARTESIAN_POINT('',(11.6,-10.44602415004));
#2918 = ( GEOMETRIC_REPRESENTATION_CONTEXT(2) 
PARAMETRIC_REPRESENTATION_CONTEXT() REPRESENTATION_CONTEXT('2D SPACE',''
  ) );
#2919 = PCURVE('',#2920,#2925);
#2920 = PLANE('',#2921);
#2921 = AXIS2_PLACEMENT_3D('',#2922,#2923,#2924);
#2922 = CARTESIAN_POINT('',(0.,140.,67.3));
#2923 = DIRECTION('',(0.,-0.253359391838,0.96737222338));
#2924 = DIRECTION('',(0.,-0.96737222338,-0.253359391838));
#2925 = DEFINITIONAL_REPRESENTATION('',(#2926),#2929);
#2926 = B_SPLINE_CURVE_WITH_KNOTS('',1,(#2927,#2928),.UNSPECIFIED.,.F.,
  .F.,(2,2),(16.,18.4),.PIECEWISE_BEZIER_KNOTS.);
#2927 = CARTESIAN_POINT('',(152.44027249816,-46.));
#2928 = CARTESIAN_POINT('',(152.44027249816,-48.4));
#2929 = ( GEOMETRIC_REPRESENTATION_CONTEXT(2) 
PARAMETRIC_REPRESENTATION_CONTEXT() REPRESENTATION_CONTEXT('2D SPACE',''
  ) );
#2930 = ORIENTED_EDGE('',*,*,#2931,.T.);
#2931 = EDGE_CURVE('',#2906,#2932,#2934,.T.);
#2932 = VERTEX_POINT('',#2933);
#2933 = CARTESIAN_POINT('',(-48.4,-7.149764027761,26.460776087967));
#2934 = SURFACE_CURVE('',#2935,(#2939,#2945),.PCURVE_S1.);
#2935 = LINE('',#2936,#2937);
#2936 = CARTESIAN_POINT('',(-48.4,-6.538443758958,22.181534206348));
#2937 = VECTOR('',#2938,1.);
#2938 = DIRECTION('',(0.,0.141421356237,-0.989949493661));
#2939 = PCURVE('',#427,#2940);
#2940 = DEFINITIONAL_REPRESENTATION('',(#2941),#2944);
#2941 = B_SPLINE_CURVE_WITH_KNOTS('',1,(#2942,#2943),.UNSPECIFIED.,.F.,
  .F.,(2,2),(-8.616220796336,3.706885520868),.PIECEWISE_BEZIER_KNOTS.);
#2942 = CARTESIAN_POINT('',(11.6,-12.5));
#2943 = CARTESIAN_POINT('',(11.6,-0.176893682796));
#2944 = ( GEOMETRIC_REPRESENTATION_CONTEXT(2) 
PARAMETRIC_REPRESENTATION_CONTEXT() REPRESENTATION_CONTEXT('2D SPACE',''
  ) );
#2945 = PCURVE('',#2946,#2951);
#2946 = PLANE('',#2947);
#2947 = AXIS2_PLACEMENT_3D('',#2948,#2949,#2950);
#2948 = CARTESIAN_POINT('',(-48.4,60.563089947655,35.690677038067));
#2949 = DIRECTION('',(-1.,-0.,-0.));
#2950 = DIRECTION('',(0.,-1.,0.));
#2951 = DEFINITIONAL_REPRESENTATION('',(#2952),#2955);
#2952 = B_SPLINE_CURVE_WITH_KNOTS('',1,(#2953,#2954),.UNSPECIFIED.,.F.,
  .F.,(2,2),(-8.616220796336,3.706885520868),.PIECEWISE_BEZIER_KNOTS.);
#2953 = CARTESIAN_POINT('',(68.320051337272,-4.979519417114));
#2954 = CARTESIAN_POINT('',(66.577300928836,-17.17877227616));
#2955 = ( GEOMETRIC_REPRESENTATION_CONTEXT(2) 
PARAMETRIC_REPRESENTATION_CONTEXT() REPRESENTATION_CONTEXT('2D SPACE',''
  ) );
#2956 = ORIENTED_EDGE('',*,*,#2957,.T.);
#2957 = EDGE_CURVE('',#2932,#387,#2958,.T.);
#2958 = SURFACE_CURVE('',#2959,(#2963,#2969),.PCURVE_S1.);
#2959 = LINE('',#2960,#2961);
#2960 = CARTESIAN_POINT('',(-30.,-7.149764027761,26.460776087967));
#2961 = VECTOR('',#2962,1.);
#2962 = DIRECTION('',(-1.,-0.,0.));
#2963 = PCURVE('',#427,#2964);
#2964 = DEFINITIONAL_REPRESENTATION('',(#2965),#2968);
#2965 = B_SPLINE_CURVE_WITH_KNOTS('',1,(#2966,#2967),.UNSPECIFIED.,.F.,
  .F.,(2,2),(5.,20.),.PIECEWISE_BEZIER_KNOTS.);
#2966 = CARTESIAN_POINT('',(25.,-8.206466279136));
#2967 = CARTESIAN_POINT('',(10.,-8.206466279136));
#2968 = ( GEOMETRIC_REPRESENTATION_CONTEXT(2) 
PARAMETRIC_REPRESENTATION_CONTEXT() REPRESENTATION_CONTEXT('2D SPACE',''
  ) );
#2969 = PCURVE('',#401,#2970);
#2970 = DEFINITIONAL_REPRESENTATION('',(#2971),#2974);
#2971 = B_SPLINE_CURVE_WITH_KNOTS('',1,(#2972,#2973),.UNSPECIFIED.,.F.,
  .F.,(2,2),(5.,20.),.PIECEWISE_BEZIER_KNOTS.);
#2972 = CARTESIAN_POINT('',(152.11286872966,-35.));
#2973 = CARTESIAN_POINT('',(152.11286872966,-50.));
#2974 = ( GEOMETRIC_REPRESENTATION_CONTEXT(2) 
PARAMETRIC_REPRESENTATION_CONTEXT() REPRESENTATION_CONTEXT('2D SPACE',''
  ) );
#2975 = ADVANCED_FACE('',(#2976,#3149),#401,.F.);
#2976 = FACE_BOUND('',#2977,.F.);
#2977 = EDGE_LOOP('',(#2978,#2979,#2980,#2981,#3002,#3028,#3049,#3075,
    #3104,#3130));
#2978 = ORIENTED_EDGE('',*,*,#1325,.F.);
#2979 = ORIENTED_EDGE('',*,*,#386,.F.);
#2980 = ORIENTED_EDGE('',*,*,#2957,.F.);
#2981 = ORIENTED_EDGE('',*,*,#2982,.F.);
#2982 = EDGE_CURVE('',#2983,#2932,#2985,.T.);
#2983 = VERTEX_POINT('',#2984);
#2984 = CARTESIAN_POINT('',(-48.4,117.5,59.107142857143));
#2985 = SURFACE_CURVE('',#2986,(#2990,#2996),.PCURVE_S1.);
#2986 = LINE('',#2987,#2988);
#2987 = CARTESIAN_POINT('',(-48.4,99.239359007759,54.324594025842));
#2988 = VECTOR('',#2989,1.);
#2989 = DIRECTION('',(0.,-0.96737222338,-0.253359391838));
#2990 = PCURVE('',#401,#2991);
#2991 = DEFINITIONAL_REPRESENTATION('',(#2992),#2995);
#2992 = B_SPLINE_CURVE_WITH_KNOTS('',1,(#2993,#2994),.UNSPECIFIED.,.F.,
  .F.,(2,2),(-18.87654054034,141.3513389189),.PIECEWISE_BEZIER_KNOTS.);
#2993 = CARTESIAN_POINT('',(23.258885727956,-48.4));
#2994 = CARTESIAN_POINT('',(183.48676518721,-48.4));
#2995 = ( GEOMETRIC_REPRESENTATION_CONTEXT(2) 
PARAMETRIC_REPRESENTATION_CONTEXT() REPRESENTATION_CONTEXT('2D SPACE',''
  ) );
#2996 = PCURVE('',#2946,#2997);
#2997 = DEFINITIONAL_REPRESENTATION('',(#2998),#3001);
#2998 = B_SPLINE_CURVE_WITH_KNOTS('',1,(#2999,#3000),.UNSPECIFIED.,.F.,
  .F.,(2,2),(-18.87654054034,141.3513389189),.PIECEWISE_BEZIER_KNOTS.);
#2999 = CARTESIAN_POINT('',(-56.93691005234,23.416465819075));
#3000 = CARTESIAN_POINT('',(98.063089947655,-17.17877227616));
#3001 = ( GEOMETRIC_REPRESENTATION_CONTEXT(2) 
PARAMETRIC_REPRESENTATION_CONTEXT() REPRESENTATION_CONTEXT('2D SPACE',''
  ) );
#3002 = ORIENTED_EDGE('',*,*,#3003,.T.);
#3003 = EDGE_CURVE('',#2983,#3004,#3006,.T.);
#3004 = VERTEX_POINT('',#3005);
#3005 = CARTESIAN_POINT('',(-46.,117.5,59.107142857143));
#3006 = SURFACE_CURVE('',#3007,(#3011,#3017),.PCURVE_S1.);
#3007 = LINE('',#3008,#3009);
#3008 = CARTESIAN_POINT('',(-27.25,117.5,59.107142857143));
#3009 = VECTOR('',#3010,1.);
#3010 = DIRECTION('',(1.,0.,0.));
#3011 = PCURVE('',#401,#3012);
#3012 = DEFINITIONAL_REPRESENTATION('',(#3013),#3016);
#3013 = B_SPLINE_CURVE_WITH_KNOTS('',1,(#3014,#3015),.UNSPECIFIED.,.F.,
  .F.,(2,2),(-21.15,-2.25),.PIECEWISE_BEZIER_KNOTS.);
#3014 = CARTESIAN_POINT('',(23.258885727956,-48.4));
#3015 = CARTESIAN_POINT('',(23.258885727956,-29.5));
#3016 = ( GEOMETRIC_REPRESENTATION_CONTEXT(2) 
PARAMETRIC_REPRESENTATION_CONTEXT() REPRESENTATION_CONTEXT('2D SPACE',''
  ) );
#3017 = PCURVE('',#3018,#3023);
#3018 = PLANE('',#3019);
#3019 = AXIS2_PLACEMENT_3D('',#3020,#3021,#3022);
#3020 = CARTESIAN_POINT('',(-54.5,117.5,100.));
#3021 = DIRECTION('',(0.,-1.,0.));
#3022 = DIRECTION('',(1.,0.,0.));
#3023 = DEFINITIONAL_REPRESENTATION('',(#3024),#3027);
#3024 = B_SPLINE_CURVE_WITH_KNOTS('',1,(#3025,#3026),.UNSPECIFIED.,.F.,
  .F.,(2,2),(-21.15,-2.25),.PIECEWISE_BEZIER_KNOTS.);
#3025 = CARTESIAN_POINT('',(6.1,-40.89285714285));
#3026 = CARTESIAN_POINT('',(25.,-40.89285714285));
#3027 = ( GEOMETRIC_REPRESENTATION_CONTEXT(2) 
PARAMETRIC_REPRESENTATION_CONTEXT() REPRESENTATION_CONTEXT('2D SPACE',''
  ) );
#3028 = ORIENTED_EDGE('',*,*,#3029,.T.);
#3029 = EDGE_CURVE('',#3004,#3030,#3032,.T.);
#3030 = VERTEX_POINT('',#3031);
#3031 = CARTESIAN_POINT('',(-46.,125.16313888309,61.114155421764));
#3032 = SURFACE_CURVE('',#3033,(#3037,#3043),.PCURVE_S1.);
#3033 = LINE('',#3034,#3035);
#3034 = CARTESIAN_POINT('',(-46.,99.239359007759,54.324594025842));
#3035 = VECTOR('',#3036,1.);
#3036 = DIRECTION('',(-0.,0.96737222338,0.253359391838));
#3037 = PCURVE('',#401,#3038);
#3038 = DEFINITIONAL_REPRESENTATION('',(#3039),#3042);
#3039 = B_SPLINE_CURVE_WITH_KNOTS('',1,(#3040,#3041),.UNSPECIFIED.,.F.,
  .F.,(2,2),(-154.3059484575,34.416783511323),.PIECEWISE_BEZIER_KNOTS.);
#3040 = CARTESIAN_POINT('',(196.44137472589,-46.));
#3041 = CARTESIAN_POINT('',(7.718642756978,-46.));
#3042 = ( GEOMETRIC_REPRESENTATION_CONTEXT(2) 
PARAMETRIC_REPRESENTATION_CONTEXT() REPRESENTATION_CONTEXT('2D SPACE',''
  ) );
#3043 = PCURVE('',#2584,#3044);
#3044 = DEFINITIONAL_REPRESENTATION('',(#3045),#3048);
#3045 = B_SPLINE_CURVE_WITH_KNOTS('',1,(#3046,#3047),.UNSPECIFIED.,.F.,
  .F.,(2,2),(-154.3059484575,34.416783511323),.PIECEWISE_BEZIER_KNOTS.);
#3046 = CARTESIAN_POINT('',(110.59501938011,-20.46094427037));
#3047 = CARTESIAN_POINT('',(-71.97010944704,27.353732327212));
#3048 = ( GEOMETRIC_REPRESENTATION_CONTEXT(2) 
PARAMETRIC_REPRESENTATION_CONTEXT() REPRESENTATION_CONTEXT('2D SPACE',''
  ) );
#3049 = ORIENTED_EDGE('',*,*,#3050,.T.);
#3050 = EDGE_CURVE('',#3030,#3051,#3053,.T.);
#3051 = VERTEX_POINT('',#3052);
#3052 = CARTESIAN_POINT('',(-42.,125.16313888309,61.114155421764));
#3053 = SURFACE_CURVE('',#3054,(#3058,#3064),.PCURVE_S1.);
#3054 = LINE('',#3055,#3056);
#3055 = CARTESIAN_POINT('',(-23.5,125.16313888309,61.114155421764));
#3056 = VECTOR('',#3057,1.);
#3057 = DIRECTION('',(1.,0.,-0.));
#3058 = PCURVE('',#401,#3059);
#3059 = DEFINITIONAL_REPRESENTATION('',(#3060),#3063);
#3060 = B_SPLINE_CURVE_WITH_KNOTS('',1,(#3061,#3062),.UNSPECIFIED.,.F.,
  .F.,(2,2),(-22.5,-18.5),.PIECEWISE_BEZIER_KNOTS.);
#3061 = CARTESIAN_POINT('',(15.337282545758,-46.));
#3062 = CARTESIAN_POINT('',(15.337282545758,-42.));
#3063 = ( GEOMETRIC_REPRESENTATION_CONTEXT(2) 
PARAMETRIC_REPRESENTATION_CONTEXT() REPRESENTATION_CONTEXT('2D SPACE',''
  ) );
#3064 = PCURVE('',#3065,#3070);
#3065 = PLANE('',#3066);
#3066 = AXIS2_PLACEMENT_3D('',#3067,#3068,#3069);
#3067 = CARTESIAN_POINT('',(-47.,144.16509327092,-11.43876133175));
#3068 = DIRECTION('',(0.,0.96737222338,0.253359391838));
#3069 = DIRECTION('',(0.,-0.253359391838,0.96737222338));
#3070 = DEFINITIONAL_REPRESENTATION('',(#3071),#3074);
#3071 = B_SPLINE_CURVE_WITH_KNOTS('',1,(#3072,#3073),.UNSPECIFIED.,.F.,
  .F.,(2,2),(-22.5,-18.5),.PIECEWISE_BEZIER_KNOTS.);
#3072 = CARTESIAN_POINT('',(75.,1.));
#3073 = CARTESIAN_POINT('',(75.,5.));
#3074 = ( GEOMETRIC_REPRESENTATION_CONTEXT(2) 
PARAMETRIC_REPRESENTATION_CONTEXT() REPRESENTATION_CONTEXT('2D SPACE',''
  ) );
#3075 = ORIENTED_EDGE('',*,*,#3076,.T.);
#3076 = EDGE_CURVE('',#3051,#3077,#3079,.T.);
#3077 = VERTEX_POINT('',#3078);
#3078 = CARTESIAN_POINT('',(-42.,134.8368611169,63.647749340141));
#3079 = SURFACE_CURVE('',#3080,(#3085,#3092),.PCURVE_S1.);
#3080 = CIRCLE('',#3081,5.);
#3081 = AXIS2_PLACEMENT_3D('',#3082,#3083,#3084);
#3082 = CARTESIAN_POINT('',(-42.,130.,62.380952380952));
#3083 = DIRECTION('',(0.,-0.253359391838,0.96737222338));
#3084 = DIRECTION('',(1.,0.,0.));
#3085 = PCURVE('',#401,#3086);
#3086 = DEFINITIONAL_REPRESENTATION('',(#3087),#3091);
#3087 = CIRCLE('',#3088,5.);
#3088 = AXIS2_PLACEMENT_2D('',#3089,#3090);
#3089 = CARTESIAN_POINT('',(10.337282545758,-42.));
#3090 = DIRECTION('',(0.,1.));
#3091 = ( GEOMETRIC_REPRESENTATION_CONTEXT(2) 
PARAMETRIC_REPRESENTATION_CONTEXT() REPRESENTATION_CONTEXT('2D SPACE',''
  ) );
#3092 = PCURVE('',#3093,#3098);
#3093 = CYLINDRICAL_SURFACE('',#3094,5.);
#3094 = AXIS2_PLACEMENT_3D('',#3095,#3096,#3097);
#3095 = CARTESIAN_POINT('',(-42.,149.00195438782,-10.17196437256));
#3096 = DIRECTION('',(0.,-0.253359391838,0.96737222338));
#3097 = DIRECTION('',(1.,0.,0.));
#3098 = DEFINITIONAL_REPRESENTATION('',(#3099),#3103);
#3099 = LINE('',#3100,#3101);
#3100 = CARTESIAN_POINT('',(0.,75.));
#3101 = VECTOR('',#3102,1.);
#3102 = DIRECTION('',(1.,0.));
#3103 = ( GEOMETRIC_REPRESENTATION_CONTEXT(2) 
PARAMETRIC_REPRESENTATION_CONTEXT() REPRESENTATION_CONTEXT('2D SPACE',''
  ) );
#3104 = ORIENTED_EDGE('',*,*,#3105,.F.);
#3105 = EDGE_CURVE('',#3106,#3077,#3108,.T.);
#3106 = VERTEX_POINT('',#3107);
#3107 = CARTESIAN_POINT('',(-46.,134.8368611169,63.647749340141));
#3108 = SURFACE_CURVE('',#3109,(#3113,#3119),.PCURVE_S1.);
#3109 = LINE('',#3110,#3111);
#3110 = CARTESIAN_POINT('',(-23.5,134.8368611169,63.647749340141));
#3111 = VECTOR('',#3112,1.);
#3112 = DIRECTION('',(1.,0.,-0.));
#3113 = PCURVE('',#401,#3114);
#3114 = DEFINITIONAL_REPRESENTATION('',(#3115),#3118);
#3115 = B_SPLINE_CURVE_WITH_KNOTS('',1,(#3116,#3117),.UNSPECIFIED.,.F.,
  .F.,(2,2),(-22.5,-18.5),.PIECEWISE_BEZIER_KNOTS.);
#3116 = CARTESIAN_POINT('',(5.337282545758,-46.));
#3117 = CARTESIAN_POINT('',(5.337282545758,-42.));
#3118 = ( GEOMETRIC_REPRESENTATION_CONTEXT(2) 
PARAMETRIC_REPRESENTATION_CONTEXT() REPRESENTATION_CONTEXT('2D SPACE',''
  ) );
#3119 = PCURVE('',#3120,#3125);
#3120 = PLANE('',#3121);
#3121 = AXIS2_PLACEMENT_3D('',#3122,#3123,#3124);
#3122 = CARTESIAN_POINT('',(-47.,153.83881550472,-8.905167413378));
#3123 = DIRECTION('',(0.,0.96737222338,0.253359391838));
#3124 = DIRECTION('',(0.,-0.253359391838,0.96737222338));
#3125 = DEFINITIONAL_REPRESENTATION('',(#3126),#3129);
#3126 = B_SPLINE_CURVE_WITH_KNOTS('',1,(#3127,#3128),.UNSPECIFIED.,.F.,
  .F.,(2,2),(-22.5,-18.5),.PIECEWISE_BEZIER_KNOTS.);
#3127 = CARTESIAN_POINT('',(75.,1.));
#3128 = CARTESIAN_POINT('',(75.,5.));
#3129 = ( GEOMETRIC_REPRESENTATION_CONTEXT(2) 
PARAMETRIC_REPRESENTATION_CONTEXT() REPRESENTATION_CONTEXT('2D SPACE',''
  ) );
#3130 = ORIENTED_EDGE('',*,*,#3131,.T.);
#3131 = EDGE_CURVE('',#3106,#1326,#3132,.T.);
#3132 = SURFACE_CURVE('',#3133,(#3137,#3143),.PCURVE_S1.);
#3133 = LINE('',#3134,#3135);
#3134 = CARTESIAN_POINT('',(-46.,99.239359007759,54.324594025842));
#3135 = VECTOR('',#3136,1.);
#3136 = DIRECTION('',(-0.,0.96737222338,0.253359391838));
#3137 = PCURVE('',#401,#3138);
#3138 = DEFINITIONAL_REPRESENTATION('',(#3139),#3142);
#3139 = B_SPLINE_CURVE_WITH_KNOTS('',1,(#3140,#3141),.UNSPECIFIED.,.F.,
  .F.,(2,2),(31.765137366058,42.135426268301),.PIECEWISE_BEZIER_KNOTS.);
#3140 = CARTESIAN_POINT('',(10.370288902244,-46.));
#3141 = CARTESIAN_POINT('',(0.,-46.));
#3142 = ( GEOMETRIC_REPRESENTATION_CONTEXT(2) 
PARAMETRIC_REPRESENTATION_CONTEXT() REPRESENTATION_CONTEXT('2D SPACE',''
  ) );
#3143 = PCURVE('',#1363,#3144);
#3144 = DEFINITIONAL_REPRESENTATION('',(#3145),#3148);
#3145 = B_SPLINE_CURVE_WITH_KNOTS('',1,(#3146,#3147),.UNSPECIFIED.,.F.,
  .F.,(2,2),(31.765137366058,42.135426268301),.PIECEWISE_BEZIER_KNOTS.);
#3146 = CARTESIAN_POINT('',(-69.40498061988,26.681912872479));
#3147 = CARTESIAN_POINT('',(-79.43691005234,29.309322961933));
#3148 = ( GEOMETRIC_REPRESENTATION_CONTEXT(2) 
PARAMETRIC_REPRESENTATION_CONTEXT() REPRESENTATION_CONTEXT('2D SPACE',''
  ) );
#3149 = FACE_BOUND('',#3150,.F.);
#3150 = EDGE_LOOP('',(#3151));
#3151 = ORIENTED_EDGE('',*,*,#3152,.F.);
#3152 = EDGE_CURVE('',#3153,#3153,#3155,.T.);
#3153 = VERTEX_POINT('',#3154);
#3154 = CARTESIAN_POINT('',(-39.6,130.,62.380952380952));
#3155 = SURFACE_CURVE('',#3156,(#3161,#3168),.PCURVE_S1.);
#3156 = CIRCLE('',#3157,2.4);
#3157 = AXIS2_PLACEMENT_3D('',#3158,#3159,#3160);
#3158 = CARTESIAN_POINT('',(-42.,130.,62.380952380952));
#3159 = DIRECTION('',(0.,-0.253359391838,0.96737222338));
#3160 = DIRECTION('',(1.,0.,0.));
#3161 = PCURVE('',#401,#3162);
#3162 = DEFINITIONAL_REPRESENTATION('',(#3163),#3167);
#3163 = CIRCLE('',#3164,2.4);
#3164 = AXIS2_PLACEMENT_2D('',#3165,#3166);
#3165 = CARTESIAN_POINT('',(10.337282545758,-42.));
#3166 = DIRECTION('',(0.,1.));
#3167 = ( GEOMETRIC_REPRESENTATION_CONTEXT(2) 
PARAMETRIC_REPRESENTATION_CONTEXT() REPRESENTATION_CONTEXT('2D SPACE',''
  ) );
#3168 = PCURVE('',#3169,#3174);
#3169 = CONICAL_SURFACE('',#3170,2.4,0.785398163397);
#3170 = AXIS2_PLACEMENT_3D('',#3171,#3172,#3173);
#3171 = CARTESIAN_POINT('',(-42.,130.,62.380952380952));
#3172 = DIRECTION('',(-0.,0.253359391838,-0.96737222338));
#3173 = DIRECTION('',(1.,0.,0.));
#3174 = DEFINITIONAL_REPRESENTATION('',(#3175),#3179);
#3175 = LINE('',#3176,#3177);
#3176 = CARTESIAN_POINT('',(-0.,-0.));
#3177 = VECTOR('',#3178,1.);
#3178 = DIRECTION('',(-1.,-0.));
#3179 = ( GEOMETRIC_REPRESENTATION_CONTEXT(2) 
PARAMETRIC_REPRESENTATION_CONTEXT() REPRESENTATION_CONTEXT('2D SPACE',''
  ) );
#3180 = ADVANCED_FACE('',(#3181),#507,.F.);
#3181 = FACE_BOUND('',#3182,.F.);
#3182 = EDGE_LOOP('',(#3183,#3184,#3207,#3235));
#3183 = ORIENTED_EDGE('',*,*,#490,.F.);
#3184 = ORIENTED_EDGE('',*,*,#3185,.T.);
#3185 = EDGE_CURVE('',#491,#3186,#3188,.T.);
#3186 = VERTEX_POINT('',#3187);
#3187 = CARTESIAN_POINT('',(-48.6,53.736685571999,46.407227173619));
#3188 = SURFACE_CURVE('',#3189,(#3193,#3200),.PCURVE_S1.);
#3189 = LINE('',#3190,#3191);
#3190 = CARTESIAN_POINT('',(-50.5,53.736685571999,46.407227173619));
#3191 = VECTOR('',#3192,1.);
#3192 = DIRECTION('',(1.,0.,0.));
#3193 = PCURVE('',#507,#3194);
#3194 = DEFINITIONAL_REPRESENTATION('',(#3195),#3199);
#3195 = LINE('',#3196,#3197);
#3196 = CARTESIAN_POINT('',(0.,0.));
#3197 = VECTOR('',#3198,1.);
#3198 = DIRECTION('',(0.,-1.));
#3199 = ( GEOMETRIC_REPRESENTATION_CONTEXT(2) 
PARAMETRIC_REPRESENTATION_CONTEXT() REPRESENTATION_CONTEXT('2D SPACE',''
  ) );
#3200 = PCURVE('',#533,#3201);
#3201 = DEFINITIONAL_REPRESENTATION('',(#3202),#3206);
#3202 = LINE('',#3203,#3204);
#3203 = CARTESIAN_POINT('',(13.7,1.9));
#3204 = VECTOR('',#3205,1.);
#3205 = DIRECTION('',(0.,-1.));
#3206 = ( GEOMETRIC_REPRESENTATION_CONTEXT(2) 
PARAMETRIC_REPRESENTATION_CONTEXT() REPRESENTATION_CONTEXT('2D SPACE',''
  ) );
#3207 = ORIENTED_EDGE('',*,*,#3208,.T.);
#3208 = EDGE_CURVE('',#3186,#3209,#3211,.T.);
#3209 = VERTEX_POINT('',#3210);
#3210 = CARTESIAN_POINT('',(-48.6,50.189654086272,59.950438300942));
#3211 = SURFACE_CURVE('',#3212,(#3216,#3223),.PCURVE_S1.);
#3212 = LINE('',#3213,#3214);
#3213 = CARTESIAN_POINT('',(-48.6,51.963169829136,53.178832737281));
#3214 = VECTOR('',#3215,1.);
#3215 = DIRECTION('',(0.,-0.253359391838,0.96737222338));
#3216 = PCURVE('',#507,#3217);
#3217 = DEFINITIONAL_REPRESENTATION('',(#3218),#3222);
#3218 = LINE('',#3219,#3220);
#3219 = CARTESIAN_POINT('',(7.,-1.9));
#3220 = VECTOR('',#3221,1.);
#3221 = DIRECTION('',(1.,0.));
#3222 = ( GEOMETRIC_REPRESENTATION_CONTEXT(2) 
PARAMETRIC_REPRESENTATION_CONTEXT() REPRESENTATION_CONTEXT('2D SPACE',''
  ) );
#3223 = PCURVE('',#3224,#3229);
#3224 = PLANE('',#3225);
#3225 = AXIS2_PLACEMENT_3D('',#3226,#3227,#3228);
#3226 = CARTESIAN_POINT('',(-48.6,55.155498166291,54.014918730345));
#3227 = DIRECTION('',(1.,0.,0.));
#3228 = DIRECTION('',(0.,0.96737222338,0.253359391838));
#3229 = DEFINITIONAL_REPRESENTATION('',(#3230),#3234);
#3230 = LINE('',#3231,#3232);
#3231 = CARTESIAN_POINT('',(-3.3,3.552713678801E-15));
#3232 = VECTOR('',#3233,1.);
#3233 = DIRECTION('',(0.,1.));
#3234 = ( GEOMETRIC_REPRESENTATION_CONTEXT(2) 
PARAMETRIC_REPRESENTATION_CONTEXT() REPRESENTATION_CONTEXT('2D SPACE',''
  ) );
#3235 = ORIENTED_EDGE('',*,*,#3236,.F.);
#3236 = EDGE_CURVE('',#493,#3209,#3237,.T.);
#3237 = SURFACE_CURVE('',#3238,(#3242,#3249),.PCURVE_S1.);
#3238 = LINE('',#3239,#3240);
#3239 = CARTESIAN_POINT('',(-50.5,50.189654086272,59.950438300942));
#3240 = VECTOR('',#3241,1.);
#3241 = DIRECTION('',(1.,0.,0.));
#3242 = PCURVE('',#507,#3243);
#3243 = DEFINITIONAL_REPRESENTATION('',(#3244),#3248);
#3244 = LINE('',#3245,#3246);
#3245 = CARTESIAN_POINT('',(14.,0.));
#3246 = VECTOR('',#3247,1.);
#3247 = DIRECTION('',(0.,-1.));
#3248 = ( GEOMETRIC_REPRESENTATION_CONTEXT(2) 
PARAMETRIC_REPRESENTATION_CONTEXT() REPRESENTATION_CONTEXT('2D SPACE',''
  ) );
#3249 = PCURVE('',#583,#3250);
#3250 = DEFINITIONAL_REPRESENTATION('',(#3251),#3255);
#3251 = LINE('',#3252,#3253);
#3252 = CARTESIAN_POINT('',(13.7,1.9));
#3253 = VECTOR('',#3254,1.);
#3254 = DIRECTION('',(0.,-1.));
#3255 = ( GEOMETRIC_REPRESENTATION_CONTEXT(2) 
PARAMETRIC_REPRESENTATION_CONTEXT() REPRESENTATION_CONTEXT('2D SPACE',''
  ) );
#3256 = ADVANCED_FACE('',(#3257),#533,.T.);
#3257 = FACE_BOUND('',#3258,.T.);
#3258 = EDGE_LOOP('',(#3259,#3289,#3317,#3345,#3373,#3394,#3422,#3450,
    #3478,#3499,#3527,#3555,#3583,#3604,#3632,#3660,#3688,#3709,#3737,
    #3765,#3793,#3814,#3842,#3870,#3898,#3919,#3947,#3975,#4003,#4024,
    #4052,#4080,#4108,#4136,#4157,#4158,#4181,#4209,#4230,#4231,#4254,
    #4282,#4303,#4304,#4327,#4355,#4376,#4377,#4400,#4428,#4449,#4450,
    #4451,#4474,#4495,#4496,#4519,#4547,#4568,#4569,#4592,#4620,#4641,
    #4642));
#3259 = ORIENTED_EDGE('',*,*,#3260,.F.);
#3260 = EDGE_CURVE('',#3261,#3263,#3265,.T.);
#3261 = VERTEX_POINT('',#3262);
#3262 = CARTESIAN_POINT('',(-48.6,40.48368611169,42.936203505443));
#3263 = VERTEX_POINT('',#3264);
#3264 = CARTESIAN_POINT('',(-48.6,42.128218891437,43.366914471567));
#3265 = SURFACE_CURVE('',#3266,(#3270,#3277),.PCURVE_S1.);
#3266 = LINE('',#3267,#3268);
#3267 = CARTESIAN_POINT('',(-48.6,56.929013909154,47.243313166683));
#3268 = VECTOR('',#3269,1.);
#3269 = DIRECTION('',(0.,0.96737222338,0.253359391838));
#3270 = PCURVE('',#533,#3271);
#3271 = DEFINITIONAL_REPRESENTATION('',(#3272),#3276);
#3272 = LINE('',#3273,#3274);
#3273 = CARTESIAN_POINT('',(17.,0.));
#3274 = VECTOR('',#3275,1.);
#3275 = DIRECTION('',(1.,0.));
#3276 = ( GEOMETRIC_REPRESENTATION_CONTEXT(2) 
PARAMETRIC_REPRESENTATION_CONTEXT() REPRESENTATION_CONTEXT('2D SPACE',''
  ) );
#3277 = PCURVE('',#3278,#3283);
#3278 = PLANE('',#3279);
#3279 = AXIS2_PLACEMENT_3D('',#3280,#3281,#3282);
#3280 = CARTESIAN_POINT('',(-48.6,55.155498166291,54.014918730345));
#3281 = DIRECTION('',(1.,0.,0.));
#3282 = DIRECTION('',(0.,0.96737222338,0.253359391838));
#3283 = DEFINITIONAL_REPRESENTATION('',(#3284),#3288);
#3284 = LINE('',#3285,#3286);
#3285 = CARTESIAN_POINT('',(0.,-7.));
#3286 = VECTOR('',#3287,1.);
#3287 = DIRECTION('',(1.,0.));
#3288 = ( GEOMETRIC_REPRESENTATION_CONTEXT(2) 
PARAMETRIC_REPRESENTATION_CONTEXT() REPRESENTATION_CONTEXT('2D SPACE',''
  ) );
#3289 = ORIENTED_EDGE('',*,*,#3290,.T.);
#3290 = EDGE_CURVE('',#3261,#3291,#3293,.T.);
#3291 = VERTEX_POINT('',#3292);
#3292 = CARTESIAN_POINT('',(-47.4,40.48368611169,42.936203505443));
#3293 = SURFACE_CURVE('',#3294,(#3298,#3305),.PCURVE_S1.);
#3294 = LINE('',#3295,#3296);
#3295 = CARTESIAN_POINT('',(-48.6,40.48368611169,42.936203505443));
#3296 = VECTOR('',#3297,1.);
#3297 = DIRECTION('',(1.,0.,0.));
#3298 = PCURVE('',#533,#3299);
#3299 = DEFINITIONAL_REPRESENTATION('',(#3300),#3304);
#3300 = LINE('',#3301,#3302);
#3301 = CARTESIAN_POINT('',(-6.873593060989E-15,0.));
#3302 = VECTOR('',#3303,1.);
#3303 = DIRECTION('',(0.,-1.));
#3304 = ( GEOMETRIC_REPRESENTATION_CONTEXT(2) 
PARAMETRIC_REPRESENTATION_CONTEXT() REPRESENTATION_CONTEXT('2D SPACE',''
  ) );
#3305 = PCURVE('',#3306,#3311);
#3306 = PLANE('',#3307);
#3307 = AXIS2_PLACEMENT_3D('',#3308,#3309,#3310);
#3308 = CARTESIAN_POINT('',(-48.6,40.48368611169,42.936203505443));
#3309 = DIRECTION('',(0.,-0.96737222338,-0.253359391838));
#3310 = DIRECTION('',(0.,-0.253359391838,0.96737222338));
#3311 = DEFINITIONAL_REPRESENTATION('',(#3312),#3316);
#3312 = LINE('',#3313,#3314);
#3313 = CARTESIAN_POINT('',(0.,0.));
#3314 = VECTOR('',#3315,1.);
#3315 = DIRECTION('',(0.,-1.));
#3316 = ( GEOMETRIC_REPRESENTATION_CONTEXT(2) 
PARAMETRIC_REPRESENTATION_CONTEXT() REPRESENTATION_CONTEXT('2D SPACE',''
  ) );
#3317 = ORIENTED_EDGE('',*,*,#3318,.T.);
#3318 = EDGE_CURVE('',#3291,#3319,#3321,.T.);
#3319 = VERTEX_POINT('',#3320);
#3320 = CARTESIAN_POINT('',(-47.4,44.062963338197,43.873633255242));
#3321 = SURFACE_CURVE('',#3322,(#3326,#3333),.PCURVE_S1.);
#3322 = LINE('',#3323,#3324);
#3323 = CARTESIAN_POINT('',(-47.4,56.929013909154,47.243313166683));
#3324 = VECTOR('',#3325,1.);
#3325 = DIRECTION('',(0.,0.96737222338,0.253359391838));
#3326 = PCURVE('',#533,#3327);
#3327 = DEFINITIONAL_REPRESENTATION('',(#3328),#3332);
#3328 = LINE('',#3329,#3330);
#3329 = CARTESIAN_POINT('',(17.,-1.2));
#3330 = VECTOR('',#3331,1.);
#3331 = DIRECTION('',(1.,0.));
#3332 = ( GEOMETRIC_REPRESENTATION_CONTEXT(2) 
PARAMETRIC_REPRESENTATION_CONTEXT() REPRESENTATION_CONTEXT('2D SPACE',''
  ) );
#3333 = PCURVE('',#3334,#3339);
#3334 = PLANE('',#3335);
#3335 = AXIS2_PLACEMENT_3D('',#3336,#3337,#3338);
#3336 = CARTESIAN_POINT('',(-47.4,55.155498166291,54.014918730345));
#3337 = DIRECTION('',(1.,0.,0.));
#3338 = DIRECTION('',(0.,0.96737222338,0.253359391838));
#3339 = DEFINITIONAL_REPRESENTATION('',(#3340),#3344);
#3340 = LINE('',#3341,#3342);
#3341 = CARTESIAN_POINT('',(0.,-7.));
#3342 = VECTOR('',#3343,1.);
#3343 = DIRECTION('',(1.,0.));
#3344 = ( GEOMETRIC_REPRESENTATION_CONTEXT(2) 
PARAMETRIC_REPRESENTATION_CONTEXT() REPRESENTATION_CONTEXT('2D SPACE',''
  ) );
#3345 = ORIENTED_EDGE('',*,*,#3346,.T.);
#3346 = EDGE_CURVE('',#3319,#3347,#3349,.T.);
#3347 = VERTEX_POINT('',#3348);
#3348 = CARTESIAN_POINT('',(-46.,44.062963338197,43.873633255242));
#3349 = SURFACE_CURVE('',#3350,(#3354,#3361),.PCURVE_S1.);
#3350 = LINE('',#3351,#3352);
#3351 = CARTESIAN_POINT('',(-47.4,44.062963338197,43.873633255242));
#3352 = VECTOR('',#3353,1.);
#3353 = DIRECTION('',(1.,0.,0.));
#3354 = PCURVE('',#533,#3355);
#3355 = DEFINITIONAL_REPRESENTATION('',(#3356),#3360);
#3356 = LINE('',#3357,#3358);
#3357 = CARTESIAN_POINT('',(3.7,-1.2));
#3358 = VECTOR('',#3359,1.);
#3359 = DIRECTION('',(0.,-1.));
#3360 = ( GEOMETRIC_REPRESENTATION_CONTEXT(2) 
PARAMETRIC_REPRESENTATION_CONTEXT() REPRESENTATION_CONTEXT('2D SPACE',''
  ) );
#3361 = PCURVE('',#3362,#3367);
#3362 = PLANE('',#3363);
#3363 = AXIS2_PLACEMENT_3D('',#3364,#3365,#3366);
#3364 = CARTESIAN_POINT('',(-47.4,44.062963338197,43.873633255242));
#3365 = DIRECTION('',(0.,-0.96737222338,-0.253359391838));
#3366 = DIRECTION('',(0.,-0.253359391838,0.96737222338));
#3367 = DEFINITIONAL_REPRESENTATION('',(#3368),#3372);
#3368 = LINE('',#3369,#3370);
#3369 = CARTESIAN_POINT('',(0.,0.));
#3370 = VECTOR('',#3371,1.);
#3371 = DIRECTION('',(0.,-1.));
#3372 = ( GEOMETRIC_REPRESENTATION_CONTEXT(2) 
PARAMETRIC_REPRESENTATION_CONTEXT() REPRESENTATION_CONTEXT('2D SPACE',''
  ) );
#3373 = ORIENTED_EDGE('',*,*,#3374,.T.);
#3374 = EDGE_CURVE('',#3347,#3375,#3377,.T.);
#3375 = VERTEX_POINT('',#3376);
#3376 = CARTESIAN_POINT('',(-46.,45.610758895605,44.279008282182));
#3377 = SURFACE_CURVE('',#3378,(#3382,#3388),.PCURVE_S1.);
#3378 = LINE('',#3379,#3380);
#3379 = CARTESIAN_POINT('',(-46.,48.991016387211,45.164313815698));
#3380 = VECTOR('',#3381,1.);
#3381 = DIRECTION('',(-0.,0.96737222338,0.253359391838));
#3382 = PCURVE('',#533,#3383);
#3383 = DEFINITIONAL_REPRESENTATION('',(#3384),#3387);
#3384 = B_SPLINE_CURVE_WITH_KNOTS('',1,(#3385,#3386),.UNSPECIFIED.,.F.,
  .F.,(2,2),(-8.794267676815,25.205732323185),.PIECEWISE_BEZIER_KNOTS.);
#3385 = CARTESIAN_POINT('',(-7.105427357601E-15,-2.6));
#3386 = CARTESIAN_POINT('',(34.,-2.6));
#3387 = ( GEOMETRIC_REPRESENTATION_CONTEXT(2) 
PARAMETRIC_REPRESENTATION_CONTEXT() REPRESENTATION_CONTEXT('2D SPACE',''
  ) );
#3388 = PCURVE('',#2584,#3389);
#3389 = DEFINITIONAL_REPRESENTATION('',(#3390),#3393);
#3390 = B_SPLINE_CURVE_WITH_KNOTS('',1,(#3391,#3392),.UNSPECIFIED.,.F.,
  .F.,(2,2),(-8.794267676815,25.205732323185),.PIECEWISE_BEZIER_KNOTS.);
#3391 = CARTESIAN_POINT('',(20.079403835965,7.245526467375));
#3392 = CARTESIAN_POINT('',(-12.81125175896,15.859745789856));
#3393 = ( GEOMETRIC_REPRESENTATION_CONTEXT(2) 
PARAMETRIC_REPRESENTATION_CONTEXT() REPRESENTATION_CONTEXT('2D SPACE',''
  ) );
#3394 = ORIENTED_EDGE('',*,*,#3395,.F.);
#3395 = EDGE_CURVE('',#3396,#3375,#3398,.T.);
#3396 = VERTEX_POINT('',#3397);
#3397 = CARTESIAN_POINT('',(-47.4,45.610758895605,44.279008282182));
#3398 = SURFACE_CURVE('',#3399,(#3403,#3410),.PCURVE_S1.);
#3399 = LINE('',#3400,#3401);
#3400 = CARTESIAN_POINT('',(-47.4,45.610758895605,44.279008282182));
#3401 = VECTOR('',#3402,1.);
#3402 = DIRECTION('',(1.,0.,0.));
#3403 = PCURVE('',#533,#3404);
#3404 = DEFINITIONAL_REPRESENTATION('',(#3405),#3409);
#3405 = LINE('',#3406,#3407);
#3406 = CARTESIAN_POINT('',(5.3,-1.2));
#3407 = VECTOR('',#3408,1.);
#3408 = DIRECTION('',(0.,-1.));
#3409 = ( GEOMETRIC_REPRESENTATION_CONTEXT(2) 
PARAMETRIC_REPRESENTATION_CONTEXT() REPRESENTATION_CONTEXT('2D SPACE',''
  ) );
#3410 = PCURVE('',#3411,#3416);
#3411 = PLANE('',#3412);
#3412 = AXIS2_PLACEMENT_3D('',#3413,#3414,#3415);
#3413 = CARTESIAN_POINT('',(-47.4,45.610758895605,44.279008282182));
#3414 = DIRECTION('',(0.,-0.96737222338,-0.253359391838));
#3415 = DIRECTION('',(0.,-0.253359391838,0.96737222338));
#3416 = DEFINITIONAL_REPRESENTATION('',(#3417),#3421);
#3417 = LINE('',#3418,#3419);
#3418 = CARTESIAN_POINT('',(0.,0.));
#3419 = VECTOR('',#3420,1.);
#3420 = DIRECTION('',(0.,-1.));
#3421 = ( GEOMETRIC_REPRESENTATION_CONTEXT(2) 
PARAMETRIC_REPRESENTATION_CONTEXT() REPRESENTATION_CONTEXT('2D SPACE',''
  ) );
#3422 = ORIENTED_EDGE('',*,*,#3423,.T.);
#3423 = EDGE_CURVE('',#3396,#3424,#3426,.T.);
#3424 = VERTEX_POINT('',#3425);
#3425 = CARTESIAN_POINT('',(-47.4,47.932452231718,44.887070822593));
#3426 = SURFACE_CURVE('',#3427,(#3431,#3438),.PCURVE_S1.);
#3427 = LINE('',#3428,#3429);
#3428 = CARTESIAN_POINT('',(-47.4,56.929013909154,47.243313166683));
#3429 = VECTOR('',#3430,1.);
#3430 = DIRECTION('',(0.,0.96737222338,0.253359391838));
#3431 = PCURVE('',#533,#3432);
#3432 = DEFINITIONAL_REPRESENTATION('',(#3433),#3437);
#3433 = LINE('',#3434,#3435);
#3434 = CARTESIAN_POINT('',(17.,-1.2));
#3435 = VECTOR('',#3436,1.);
#3436 = DIRECTION('',(1.,0.));
#3437 = ( GEOMETRIC_REPRESENTATION_CONTEXT(2) 
PARAMETRIC_REPRESENTATION_CONTEXT() REPRESENTATION_CONTEXT('2D SPACE',''
  ) );
#3438 = PCURVE('',#3439,#3444);
#3439 = PLANE('',#3440);
#3440 = AXIS2_PLACEMENT_3D('',#3441,#3442,#3443);
#3441 = CARTESIAN_POINT('',(-47.4,55.155498166291,54.014918730345));
#3442 = DIRECTION('',(1.,0.,0.));
#3443 = DIRECTION('',(0.,0.96737222338,0.253359391838));
#3444 = DEFINITIONAL_REPRESENTATION('',(#3445),#3449);
#3445 = LINE('',#3446,#3447);
#3446 = CARTESIAN_POINT('',(0.,-7.));
#3447 = VECTOR('',#3448,1.);
#3448 = DIRECTION('',(1.,0.));
#3449 = ( GEOMETRIC_REPRESENTATION_CONTEXT(2) 
PARAMETRIC_REPRESENTATION_CONTEXT() REPRESENTATION_CONTEXT('2D SPACE',''
  ) );
#3450 = ORIENTED_EDGE('',*,*,#3451,.T.);
#3451 = EDGE_CURVE('',#3424,#3452,#3454,.T.);
#3452 = VERTEX_POINT('',#3453);
#3453 = CARTESIAN_POINT('',(-46.,47.932452231718,44.887070822593));
#3454 = SURFACE_CURVE('',#3455,(#3459,#3466),.PCURVE_S1.);
#3455 = LINE('',#3456,#3457);
#3456 = CARTESIAN_POINT('',(-47.4,47.932452231718,44.887070822593));
#3457 = VECTOR('',#3458,1.);
#3458 = DIRECTION('',(1.,0.,0.));
#3459 = PCURVE('',#533,#3460);
#3460 = DEFINITIONAL_REPRESENTATION('',(#3461),#3465);
#3461 = LINE('',#3462,#3463);
#3462 = CARTESIAN_POINT('',(7.7,-1.2));
#3463 = VECTOR('',#3464,1.);
#3464 = DIRECTION('',(0.,-1.));
#3465 = ( GEOMETRIC_REPRESENTATION_CONTEXT(2) 
PARAMETRIC_REPRESENTATION_CONTEXT() REPRESENTATION_CONTEXT('2D SPACE',''
  ) );
#3466 = PCURVE('',#3467,#3472);
#3467 = PLANE('',#3468);
#3468 = AXIS2_PLACEMENT_3D('',#3469,#3470,#3471);
#3469 = CARTESIAN_POINT('',(-47.4,47.932452231718,44.887070822593));
#3470 = DIRECTION('',(0.,-0.96737222338,-0.253359391838));
#3471 = DIRECTION('',(0.,-0.253359391838,0.96737222338));
#3472 = DEFINITIONAL_REPRESENTATION('',(#3473),#3477);
#3473 = LINE('',#3474,#3475);
#3474 = CARTESIAN_POINT('',(0.,0.));
#3475 = VECTOR('',#3476,1.);
#3476 = DIRECTION('',(0.,-1.));
#3477 = ( GEOMETRIC_REPRESENTATION_CONTEXT(2) 
PARAMETRIC_REPRESENTATION_CONTEXT() REPRESENTATION_CONTEXT('2D SPACE',''
  ) );
#3478 = ORIENTED_EDGE('',*,*,#3479,.T.);
#3479 = EDGE_CURVE('',#3452,#3480,#3482,.T.);
#3480 = VERTEX_POINT('',#3481);
#3481 = CARTESIAN_POINT('',(-46.,49.480247789126,45.292445849533));
#3482 = SURFACE_CURVE('',#3483,(#3487,#3493),.PCURVE_S1.);
#3483 = LINE('',#3484,#3485);
#3484 = CARTESIAN_POINT('',(-46.,48.991016387211,45.164313815698));
#3485 = VECTOR('',#3486,1.);
#3486 = DIRECTION('',(-0.,0.96737222338,0.253359391838));
#3487 = PCURVE('',#533,#3488);
#3488 = DEFINITIONAL_REPRESENTATION('',(#3489),#3492);
#3489 = B_SPLINE_CURVE_WITH_KNOTS('',1,(#3490,#3491),.UNSPECIFIED.,.F.,
  .F.,(2,2),(-8.794267676815,25.205732323185),.PIECEWISE_BEZIER_KNOTS.);
#3490 = CARTESIAN_POINT('',(-7.105427357601E-15,-2.6));
#3491 = CARTESIAN_POINT('',(34.,-2.6));
#3492 = ( GEOMETRIC_REPRESENTATION_CONTEXT(2) 
PARAMETRIC_REPRESENTATION_CONTEXT() REPRESENTATION_CONTEXT('2D SPACE',''
  ) );
#3493 = PCURVE('',#2584,#3494);
#3494 = DEFINITIONAL_REPRESENTATION('',(#3495),#3498);
#3495 = B_SPLINE_CURVE_WITH_KNOTS('',1,(#3496,#3497),.UNSPECIFIED.,.F.,
  .F.,(2,2),(-8.794267676815,25.205732323185),.PIECEWISE_BEZIER_KNOTS.);
#3496 = CARTESIAN_POINT('',(20.079403835965,7.245526467375));
#3497 = CARTESIAN_POINT('',(-12.81125175896,15.859745789856));
#3498 = ( GEOMETRIC_REPRESENTATION_CONTEXT(2) 
PARAMETRIC_REPRESENTATION_CONTEXT() REPRESENTATION_CONTEXT('2D SPACE',''
  ) );
#3499 = ORIENTED_EDGE('',*,*,#3500,.F.);
#3500 = EDGE_CURVE('',#3501,#3480,#3503,.T.);
#3501 = VERTEX_POINT('',#3502);
#3502 = CARTESIAN_POINT('',(-47.4,49.480247789126,45.292445849533));
#3503 = SURFACE_CURVE('',#3504,(#3508,#3515),.PCURVE_S1.);
#3504 = LINE('',#3505,#3506);
#3505 = CARTESIAN_POINT('',(-47.4,49.480247789126,45.292445849533));
#3506 = VECTOR('',#3507,1.);
#3507 = DIRECTION('',(1.,0.,0.));
#3508 = PCURVE('',#533,#3509);
#3509 = DEFINITIONAL_REPRESENTATION('',(#3510),#3514);
#3510 = LINE('',#3511,#3512);
#3511 = CARTESIAN_POINT('',(9.3,-1.2));
#3512 = VECTOR('',#3513,1.);
#3513 = DIRECTION('',(0.,-1.));
#3514 = ( GEOMETRIC_REPRESENTATION_CONTEXT(2) 
PARAMETRIC_REPRESENTATION_CONTEXT() REPRESENTATION_CONTEXT('2D SPACE',''
  ) );
#3515 = PCURVE('',#3516,#3521);
#3516 = PLANE('',#3517);
#3517 = AXIS2_PLACEMENT_3D('',#3518,#3519,#3520);
#3518 = CARTESIAN_POINT('',(-47.4,49.480247789126,45.292445849533));
#3519 = DIRECTION('',(0.,-0.96737222338,-0.253359391838));
#3520 = DIRECTION('',(0.,-0.253359391838,0.96737222338));
#3521 = DEFINITIONAL_REPRESENTATION('',(#3522),#3526);
#3522 = LINE('',#3523,#3524);
#3523 = CARTESIAN_POINT('',(0.,0.));
#3524 = VECTOR('',#3525,1.);
#3525 = DIRECTION('',(0.,-1.));
#3526 = ( GEOMETRIC_REPRESENTATION_CONTEXT(2) 
PARAMETRIC_REPRESENTATION_CONTEXT() REPRESENTATION_CONTEXT('2D SPACE',''
  ) );
#3527 = ORIENTED_EDGE('',*,*,#3528,.T.);
#3528 = EDGE_CURVE('',#3501,#3529,#3531,.T.);
#3529 = VERTEX_POINT('',#3530);
#3530 = CARTESIAN_POINT('',(-47.4,51.801941125239,45.900508389944));
#3531 = SURFACE_CURVE('',#3532,(#3536,#3543),.PCURVE_S1.);
#3532 = LINE('',#3533,#3534);
#3533 = CARTESIAN_POINT('',(-47.4,56.929013909154,47.243313166683));
#3534 = VECTOR('',#3535,1.);
#3535 = DIRECTION('',(0.,0.96737222338,0.253359391838));
#3536 = PCURVE('',#533,#3537);
#3537 = DEFINITIONAL_REPRESENTATION('',(#3538),#3542);
#3538 = LINE('',#3539,#3540);
#3539 = CARTESIAN_POINT('',(17.,-1.2));
#3540 = VECTOR('',#3541,1.);
#3541 = DIRECTION('',(1.,0.));
#3542 = ( GEOMETRIC_REPRESENTATION_CONTEXT(2) 
PARAMETRIC_REPRESENTATION_CONTEXT() REPRESENTATION_CONTEXT('2D SPACE',''
  ) );
#3543 = PCURVE('',#3544,#3549);
#3544 = PLANE('',#3545);
#3545 = AXIS2_PLACEMENT_3D('',#3546,#3547,#3548);
#3546 = CARTESIAN_POINT('',(-47.4,55.155498166291,54.014918730345));
#3547 = DIRECTION('',(1.,0.,0.));
#3548 = DIRECTION('',(0.,0.96737222338,0.253359391838));
#3549 = DEFINITIONAL_REPRESENTATION('',(#3550),#3554);
#3550 = LINE('',#3551,#3552);
#3551 = CARTESIAN_POINT('',(0.,-7.));
#3552 = VECTOR('',#3553,1.);
#3553 = DIRECTION('',(1.,0.));
#3554 = ( GEOMETRIC_REPRESENTATION_CONTEXT(2) 
PARAMETRIC_REPRESENTATION_CONTEXT() REPRESENTATION_CONTEXT('2D SPACE',''
  ) );
#3555 = ORIENTED_EDGE('',*,*,#3556,.T.);
#3556 = EDGE_CURVE('',#3529,#3557,#3559,.T.);
#3557 = VERTEX_POINT('',#3558);
#3558 = CARTESIAN_POINT('',(-46.,51.801941125239,45.900508389944));
#3559 = SURFACE_CURVE('',#3560,(#3564,#3571),.PCURVE_S1.);
#3560 = LINE('',#3561,#3562);
#3561 = CARTESIAN_POINT('',(-47.4,51.801941125239,45.900508389944));
#3562 = VECTOR('',#3563,1.);
#3563 = DIRECTION('',(1.,0.,0.));
#3564 = PCURVE('',#533,#3565);
#3565 = DEFINITIONAL_REPRESENTATION('',(#3566),#3570);
#3566 = LINE('',#3567,#3568);
#3567 = CARTESIAN_POINT('',(11.7,-1.2));
#3568 = VECTOR('',#3569,1.);
#3569 = DIRECTION('',(0.,-1.));
#3570 = ( GEOMETRIC_REPRESENTATION_CONTEXT(2) 
PARAMETRIC_REPRESENTATION_CONTEXT() REPRESENTATION_CONTEXT('2D SPACE',''
  ) );
#3571 = PCURVE('',#3572,#3577);
#3572 = PLANE('',#3573);
#3573 = AXIS2_PLACEMENT_3D('',#3574,#3575,#3576);
#3574 = CARTESIAN_POINT('',(-47.4,51.801941125239,45.900508389944));
#3575 = DIRECTION('',(0.,-0.96737222338,-0.253359391838));
#3576 = DIRECTION('',(0.,-0.253359391838,0.96737222338));
#3577 = DEFINITIONAL_REPRESENTATION('',(#3578),#3582);
#3578 = LINE('',#3579,#3580);
#3579 = CARTESIAN_POINT('',(0.,0.));
#3580 = VECTOR('',#3581,1.);
#3581 = DIRECTION('',(0.,-1.));
#3582 = ( GEOMETRIC_REPRESENTATION_CONTEXT(2) 
PARAMETRIC_REPRESENTATION_CONTEXT() REPRESENTATION_CONTEXT('2D SPACE',''
  ) );
#3583 = ORIENTED_EDGE('',*,*,#3584,.T.);
#3584 = EDGE_CURVE('',#3557,#3585,#3587,.T.);
#3585 = VERTEX_POINT('',#3586);
#3586 = CARTESIAN_POINT('',(-46.,53.349736682647,46.305883416884));
#3587 = SURFACE_CURVE('',#3588,(#3592,#3598),.PCURVE_S1.);
#3588 = LINE('',#3589,#3590);
#3589 = CARTESIAN_POINT('',(-46.,48.991016387211,45.164313815698));
#3590 = VECTOR('',#3591,1.);
#3591 = DIRECTION('',(-0.,0.96737222338,0.253359391838));
#3592 = PCURVE('',#533,#3593);
#3593 = DEFINITIONAL_REPRESENTATION('',(#3594),#3597);
#3594 = B_SPLINE_CURVE_WITH_KNOTS('',1,(#3595,#3596),.UNSPECIFIED.,.F.,
  .F.,(2,2),(-8.794267676815,25.205732323185),.PIECEWISE_BEZIER_KNOTS.);
#3595 = CARTESIAN_POINT('',(-7.105427357601E-15,-2.6));
#3596 = CARTESIAN_POINT('',(34.,-2.6));
#3597 = ( GEOMETRIC_REPRESENTATION_CONTEXT(2) 
PARAMETRIC_REPRESENTATION_CONTEXT() REPRESENTATION_CONTEXT('2D SPACE',''
  ) );
#3598 = PCURVE('',#2584,#3599);
#3599 = DEFINITIONAL_REPRESENTATION('',(#3600),#3603);
#3600 = B_SPLINE_CURVE_WITH_KNOTS('',1,(#3601,#3602),.UNSPECIFIED.,.F.,
  .F.,(2,2),(-8.794267676815,25.205732323185),.PIECEWISE_BEZIER_KNOTS.);
#3601 = CARTESIAN_POINT('',(20.079403835965,7.245526467375));
#3602 = CARTESIAN_POINT('',(-12.81125175896,15.859745789856));
#3603 = ( GEOMETRIC_REPRESENTATION_CONTEXT(2) 
PARAMETRIC_REPRESENTATION_CONTEXT() REPRESENTATION_CONTEXT('2D SPACE',''
  ) );
#3604 = ORIENTED_EDGE('',*,*,#3605,.F.);
#3605 = EDGE_CURVE('',#3606,#3585,#3608,.T.);
#3606 = VERTEX_POINT('',#3607);
#3607 = CARTESIAN_POINT('',(-47.4,53.349736682647,46.305883416884));
#3608 = SURFACE_CURVE('',#3609,(#3613,#3620),.PCURVE_S1.);
#3609 = LINE('',#3610,#3611);
#3610 = CARTESIAN_POINT('',(-47.4,53.349736682647,46.305883416884));
#3611 = VECTOR('',#3612,1.);
#3612 = DIRECTION('',(1.,0.,0.));
#3613 = PCURVE('',#533,#3614);
#3614 = DEFINITIONAL_REPRESENTATION('',(#3615),#3619);
#3615 = LINE('',#3616,#3617);
#3616 = CARTESIAN_POINT('',(13.3,-1.2));
#3617 = VECTOR('',#3618,1.);
#3618 = DIRECTION('',(0.,-1.));
#3619 = ( GEOMETRIC_REPRESENTATION_CONTEXT(2) 
PARAMETRIC_REPRESENTATION_CONTEXT() REPRESENTATION_CONTEXT('2D SPACE',''
  ) );
#3620 = PCURVE('',#3621,#3626);
#3621 = PLANE('',#3622);
#3622 = AXIS2_PLACEMENT_3D('',#3623,#3624,#3625);
#3623 = CARTESIAN_POINT('',(-47.4,53.349736682647,46.305883416884));
#3624 = DIRECTION('',(0.,-0.96737222338,-0.253359391838));
#3625 = DIRECTION('',(0.,-0.253359391838,0.96737222338));
#3626 = DEFINITIONAL_REPRESENTATION('',(#3627),#3631);
#3627 = LINE('',#3628,#3629);
#3628 = CARTESIAN_POINT('',(0.,0.));
#3629 = VECTOR('',#3630,1.);
#3630 = DIRECTION('',(0.,-1.));
#3631 = ( GEOMETRIC_REPRESENTATION_CONTEXT(2) 
PARAMETRIC_REPRESENTATION_CONTEXT() REPRESENTATION_CONTEXT('2D SPACE',''
  ) );
#3632 = ORIENTED_EDGE('',*,*,#3633,.T.);
#3633 = EDGE_CURVE('',#3606,#3634,#3636,.T.);
#3634 = VERTEX_POINT('',#3635);
#3635 = CARTESIAN_POINT('',(-47.4,55.67143001876,46.913945957294));
#3636 = SURFACE_CURVE('',#3637,(#3641,#3648),.PCURVE_S1.);
#3637 = LINE('',#3638,#3639);
#3638 = CARTESIAN_POINT('',(-47.4,56.929013909154,47.243313166683));
#3639 = VECTOR('',#3640,1.);
#3640 = DIRECTION('',(0.,0.96737222338,0.253359391838));
#3641 = PCURVE('',#533,#3642);
#3642 = DEFINITIONAL_REPRESENTATION('',(#3643),#3647);
#3643 = LINE('',#3644,#3645);
#3644 = CARTESIAN_POINT('',(17.,-1.2));
#3645 = VECTOR('',#3646,1.);
#3646 = DIRECTION('',(1.,0.));
#3647 = ( GEOMETRIC_REPRESENTATION_CONTEXT(2) 
PARAMETRIC_REPRESENTATION_CONTEXT() REPRESENTATION_CONTEXT('2D SPACE',''
  ) );
#3648 = PCURVE('',#3649,#3654);
#3649 = PLANE('',#3650);
#3650 = AXIS2_PLACEMENT_3D('',#3651,#3652,#3653);
#3651 = CARTESIAN_POINT('',(-47.4,55.155498166291,54.014918730345));
#3652 = DIRECTION('',(1.,0.,0.));
#3653 = DIRECTION('',(0.,0.96737222338,0.253359391838));
#3654 = DEFINITIONAL_REPRESENTATION('',(#3655),#3659);
#3655 = LINE('',#3656,#3657);
#3656 = CARTESIAN_POINT('',(0.,-7.));
#3657 = VECTOR('',#3658,1.);
#3658 = DIRECTION('',(1.,0.));
#3659 = ( GEOMETRIC_REPRESENTATION_CONTEXT(2) 
PARAMETRIC_REPRESENTATION_CONTEXT() REPRESENTATION_CONTEXT('2D SPACE',''
  ) );
#3660 = ORIENTED_EDGE('',*,*,#3661,.T.);
#3661 = EDGE_CURVE('',#3634,#3662,#3664,.T.);
#3662 = VERTEX_POINT('',#3663);
#3663 = CARTESIAN_POINT('',(-46.,55.67143001876,46.913945957294));
#3664 = SURFACE_CURVE('',#3665,(#3669,#3676),.PCURVE_S1.);
#3665 = LINE('',#3666,#3667);
#3666 = CARTESIAN_POINT('',(-47.4,55.67143001876,46.913945957294));
#3667 = VECTOR('',#3668,1.);
#3668 = DIRECTION('',(1.,0.,0.));
#3669 = PCURVE('',#533,#3670);
#3670 = DEFINITIONAL_REPRESENTATION('',(#3671),#3675);
#3671 = LINE('',#3672,#3673);
#3672 = CARTESIAN_POINT('',(15.7,-1.2));
#3673 = VECTOR('',#3674,1.);
#3674 = DIRECTION('',(0.,-1.));
#3675 = ( GEOMETRIC_REPRESENTATION_CONTEXT(2) 
PARAMETRIC_REPRESENTATION_CONTEXT() REPRESENTATION_CONTEXT('2D SPACE',''
  ) );
#3676 = PCURVE('',#3677,#3682);
#3677 = PLANE('',#3678);
#3678 = AXIS2_PLACEMENT_3D('',#3679,#3680,#3681);
#3679 = CARTESIAN_POINT('',(-47.4,55.67143001876,46.913945957294));
#3680 = DIRECTION('',(0.,-0.96737222338,-0.253359391838));
#3681 = DIRECTION('',(0.,-0.253359391838,0.96737222338));
#3682 = DEFINITIONAL_REPRESENTATION('',(#3683),#3687);
#3683 = LINE('',#3684,#3685);
#3684 = CARTESIAN_POINT('',(0.,0.));
#3685 = VECTOR('',#3686,1.);
#3686 = DIRECTION('',(0.,-1.));
#3687 = ( GEOMETRIC_REPRESENTATION_CONTEXT(2) 
PARAMETRIC_REPRESENTATION_CONTEXT() REPRESENTATION_CONTEXT('2D SPACE',''
  ) );
#3688 = ORIENTED_EDGE('',*,*,#3689,.T.);
#3689 = EDGE_CURVE('',#3662,#3690,#3692,.T.);
#3690 = VERTEX_POINT('',#3691);
#3691 = CARTESIAN_POINT('',(-46.,57.219225576168,47.319320984235));
#3692 = SURFACE_CURVE('',#3693,(#3697,#3703),.PCURVE_S1.);
#3693 = LINE('',#3694,#3695);
#3694 = CARTESIAN_POINT('',(-46.,48.991016387211,45.164313815698));
#3695 = VECTOR('',#3696,1.);
#3696 = DIRECTION('',(-0.,0.96737222338,0.253359391838));
#3697 = PCURVE('',#533,#3698);
#3698 = DEFINITIONAL_REPRESENTATION('',(#3699),#3702);
#3699 = B_SPLINE_CURVE_WITH_KNOTS('',1,(#3700,#3701),.UNSPECIFIED.,.F.,
  .F.,(2,2),(-8.794267676815,25.205732323185),.PIECEWISE_BEZIER_KNOTS.);
#3700 = CARTESIAN_POINT('',(-7.105427357601E-15,-2.6));
#3701 = CARTESIAN_POINT('',(34.,-2.6));
#3702 = ( GEOMETRIC_REPRESENTATION_CONTEXT(2) 
PARAMETRIC_REPRESENTATION_CONTEXT() REPRESENTATION_CONTEXT('2D SPACE',''
  ) );
#3703 = PCURVE('',#2584,#3704);
#3704 = DEFINITIONAL_REPRESENTATION('',(#3705),#3708);
#3705 = B_SPLINE_CURVE_WITH_KNOTS('',1,(#3706,#3707),.UNSPECIFIED.,.F.,
  .F.,(2,2),(-8.794267676815,25.205732323185),.PIECEWISE_BEZIER_KNOTS.);
#3706 = CARTESIAN_POINT('',(20.079403835965,7.245526467375));
#3707 = CARTESIAN_POINT('',(-12.81125175896,15.859745789856));
#3708 = ( GEOMETRIC_REPRESENTATION_CONTEXT(2) 
PARAMETRIC_REPRESENTATION_CONTEXT() REPRESENTATION_CONTEXT('2D SPACE',''
  ) );
#3709 = ORIENTED_EDGE('',*,*,#3710,.F.);
#3710 = EDGE_CURVE('',#3711,#3690,#3713,.T.);
#3711 = VERTEX_POINT('',#3712);
#3712 = CARTESIAN_POINT('',(-47.4,57.219225576168,47.319320984235));
#3713 = SURFACE_CURVE('',#3714,(#3718,#3725),.PCURVE_S1.);
#3714 = LINE('',#3715,#3716);
#3715 = CARTESIAN_POINT('',(-47.4,57.219225576168,47.319320984235));
#3716 = VECTOR('',#3717,1.);
#3717 = DIRECTION('',(1.,0.,0.));
#3718 = PCURVE('',#533,#3719);
#3719 = DEFINITIONAL_REPRESENTATION('',(#3720),#3724);
#3720 = LINE('',#3721,#3722);
#3721 = CARTESIAN_POINT('',(17.3,-1.2));
#3722 = VECTOR('',#3723,1.);
#3723 = DIRECTION('',(0.,-1.));
#3724 = ( GEOMETRIC_REPRESENTATION_CONTEXT(2) 
PARAMETRIC_REPRESENTATION_CONTEXT() REPRESENTATION_CONTEXT('2D SPACE',''
  ) );
#3725 = PCURVE('',#3726,#3731);
#3726 = PLANE('',#3727);
#3727 = AXIS2_PLACEMENT_3D('',#3728,#3729,#3730);
#3728 = CARTESIAN_POINT('',(-47.4,57.219225576168,47.319320984235));
#3729 = DIRECTION('',(0.,-0.96737222338,-0.253359391838));
#3730 = DIRECTION('',(0.,-0.253359391838,0.96737222338));
#3731 = DEFINITIONAL_REPRESENTATION('',(#3732),#3736);
#3732 = LINE('',#3733,#3734);
#3733 = CARTESIAN_POINT('',(0.,0.));
#3734 = VECTOR('',#3735,1.);
#3735 = DIRECTION('',(0.,-1.));
#3736 = ( GEOMETRIC_REPRESENTATION_CONTEXT(2) 
PARAMETRIC_REPRESENTATION_CONTEXT() REPRESENTATION_CONTEXT('2D SPACE',''
  ) );
#3737 = ORIENTED_EDGE('',*,*,#3738,.T.);
#3738 = EDGE_CURVE('',#3711,#3739,#3741,.T.);
#3739 = VERTEX_POINT('',#3740);
#3740 = CARTESIAN_POINT('',(-47.4,59.540918912281,47.927383524645));
#3741 = SURFACE_CURVE('',#3742,(#3746,#3753),.PCURVE_S1.);
#3742 = LINE('',#3743,#3744);
#3743 = CARTESIAN_POINT('',(-47.4,56.929013909154,47.243313166683));
#3744 = VECTOR('',#3745,1.);
#3745 = DIRECTION('',(0.,0.96737222338,0.253359391838));
#3746 = PCURVE('',#533,#3747);
#3747 = DEFINITIONAL_REPRESENTATION('',(#3748),#3752);
#3748 = LINE('',#3749,#3750);
#3749 = CARTESIAN_POINT('',(17.,-1.2));
#3750 = VECTOR('',#3751,1.);
#3751 = DIRECTION('',(1.,0.));
#3752 = ( GEOMETRIC_REPRESENTATION_CONTEXT(2) 
PARAMETRIC_REPRESENTATION_CONTEXT() REPRESENTATION_CONTEXT('2D SPACE',''
  ) );
#3753 = PCURVE('',#3754,#3759);
#3754 = PLANE('',#3755);
#3755 = AXIS2_PLACEMENT_3D('',#3756,#3757,#3758);
#3756 = CARTESIAN_POINT('',(-47.4,55.155498166291,54.014918730345));
#3757 = DIRECTION('',(1.,0.,0.));
#3758 = DIRECTION('',(0.,0.96737222338,0.253359391838));
#3759 = DEFINITIONAL_REPRESENTATION('',(#3760),#3764);
#3760 = LINE('',#3761,#3762);
#3761 = CARTESIAN_POINT('',(0.,-7.));
#3762 = VECTOR('',#3763,1.);
#3763 = DIRECTION('',(1.,0.));
#3764 = ( GEOMETRIC_REPRESENTATION_CONTEXT(2) 
PARAMETRIC_REPRESENTATION_CONTEXT() REPRESENTATION_CONTEXT('2D SPACE',''
  ) );
#3765 = ORIENTED_EDGE('',*,*,#3766,.T.);
#3766 = EDGE_CURVE('',#3739,#3767,#3769,.T.);
#3767 = VERTEX_POINT('',#3768);
#3768 = CARTESIAN_POINT('',(-46.,59.540918912281,47.927383524645));
#3769 = SURFACE_CURVE('',#3770,(#3774,#3781),.PCURVE_S1.);
#3770 = LINE('',#3771,#3772);
#3771 = CARTESIAN_POINT('',(-47.4,59.540918912281,47.927383524645));
#3772 = VECTOR('',#3773,1.);
#3773 = DIRECTION('',(1.,0.,0.));
#3774 = PCURVE('',#533,#3775);
#3775 = DEFINITIONAL_REPRESENTATION('',(#3776),#3780);
#3776 = LINE('',#3777,#3778);
#3777 = CARTESIAN_POINT('',(19.7,-1.2));
#3778 = VECTOR('',#3779,1.);
#3779 = DIRECTION('',(0.,-1.));
#3780 = ( GEOMETRIC_REPRESENTATION_CONTEXT(2) 
PARAMETRIC_REPRESENTATION_CONTEXT() REPRESENTATION_CONTEXT('2D SPACE',''
  ) );
#3781 = PCURVE('',#3782,#3787);
#3782 = PLANE('',#3783);
#3783 = AXIS2_PLACEMENT_3D('',#3784,#3785,#3786);
#3784 = CARTESIAN_POINT('',(-47.4,59.540918912281,47.927383524645));
#3785 = DIRECTION('',(0.,-0.96737222338,-0.253359391838));
#3786 = DIRECTION('',(0.,-0.253359391838,0.96737222338));
#3787 = DEFINITIONAL_REPRESENTATION('',(#3788),#3792);
#3788 = LINE('',#3789,#3790);
#3789 = CARTESIAN_POINT('',(0.,0.));
#3790 = VECTOR('',#3791,1.);
#3791 = DIRECTION('',(0.,-1.));
#3792 = ( GEOMETRIC_REPRESENTATION_CONTEXT(2) 
PARAMETRIC_REPRESENTATION_CONTEXT() REPRESENTATION_CONTEXT('2D SPACE',''
  ) );
#3793 = ORIENTED_EDGE('',*,*,#3794,.T.);
#3794 = EDGE_CURVE('',#3767,#3795,#3797,.T.);
#3795 = VERTEX_POINT('',#3796);
#3796 = CARTESIAN_POINT('',(-46.,61.088714469689,48.332758551585));
#3797 = SURFACE_CURVE('',#3798,(#3802,#3808),.PCURVE_S1.);
#3798 = LINE('',#3799,#3800);
#3799 = CARTESIAN_POINT('',(-46.,48.991016387211,45.164313815698));
#3800 = VECTOR('',#3801,1.);
#3801 = DIRECTION('',(-0.,0.96737222338,0.253359391838));
#3802 = PCURVE('',#533,#3803);
#3803 = DEFINITIONAL_REPRESENTATION('',(#3804),#3807);
#3804 = B_SPLINE_CURVE_WITH_KNOTS('',1,(#3805,#3806),.UNSPECIFIED.,.F.,
  .F.,(2,2),(-8.794267676815,25.205732323185),.PIECEWISE_BEZIER_KNOTS.);
#3805 = CARTESIAN_POINT('',(-7.105427357601E-15,-2.6));
#3806 = CARTESIAN_POINT('',(34.,-2.6));
#3807 = ( GEOMETRIC_REPRESENTATION_CONTEXT(2) 
PARAMETRIC_REPRESENTATION_CONTEXT() REPRESENTATION_CONTEXT('2D SPACE',''
  ) );
#3808 = PCURVE('',#2584,#3809);
#3809 = DEFINITIONAL_REPRESENTATION('',(#3810),#3813);
#3810 = B_SPLINE_CURVE_WITH_KNOTS('',1,(#3811,#3812),.UNSPECIFIED.,.F.,
  .F.,(2,2),(-8.794267676815,25.205732323185),.PIECEWISE_BEZIER_KNOTS.);
#3811 = CARTESIAN_POINT('',(20.079403835965,7.245526467375));
#3812 = CARTESIAN_POINT('',(-12.81125175896,15.859745789856));
#3813 = ( GEOMETRIC_REPRESENTATION_CONTEXT(2) 
PARAMETRIC_REPRESENTATION_CONTEXT() REPRESENTATION_CONTEXT('2D SPACE',''
  ) );
#3814 = ORIENTED_EDGE('',*,*,#3815,.F.);
#3815 = EDGE_CURVE('',#3816,#3795,#3818,.T.);
#3816 = VERTEX_POINT('',#3817);
#3817 = CARTESIAN_POINT('',(-47.4,61.088714469689,48.332758551585));
#3818 = SURFACE_CURVE('',#3819,(#3823,#3830),.PCURVE_S1.);
#3819 = LINE('',#3820,#3821);
#3820 = CARTESIAN_POINT('',(-47.4,61.088714469689,48.332758551585));
#3821 = VECTOR('',#3822,1.);
#3822 = DIRECTION('',(1.,0.,0.));
#3823 = PCURVE('',#533,#3824);
#3824 = DEFINITIONAL_REPRESENTATION('',(#3825),#3829);
#3825 = LINE('',#3826,#3827);
#3826 = CARTESIAN_POINT('',(21.3,-1.2));
#3827 = VECTOR('',#3828,1.);
#3828 = DIRECTION('',(0.,-1.));
#3829 = ( GEOMETRIC_REPRESENTATION_CONTEXT(2) 
PARAMETRIC_REPRESENTATION_CONTEXT() REPRESENTATION_CONTEXT('2D SPACE',''
  ) );
#3830 = PCURVE('',#3831,#3836);
#3831 = PLANE('',#3832);
#3832 = AXIS2_PLACEMENT_3D('',#3833,#3834,#3835);
#3833 = CARTESIAN_POINT('',(-47.4,61.088714469689,48.332758551585));
#3834 = DIRECTION('',(0.,-0.96737222338,-0.253359391838));
#3835 = DIRECTION('',(0.,-0.253359391838,0.96737222338));
#3836 = DEFINITIONAL_REPRESENTATION('',(#3837),#3841);
#3837 = LINE('',#3838,#3839);
#3838 = CARTESIAN_POINT('',(0.,0.));
#3839 = VECTOR('',#3840,1.);
#3840 = DIRECTION('',(0.,-1.));
#3841 = ( GEOMETRIC_REPRESENTATION_CONTEXT(2) 
PARAMETRIC_REPRESENTATION_CONTEXT() REPRESENTATION_CONTEXT('2D SPACE',''
  ) );
#3842 = ORIENTED_EDGE('',*,*,#3843,.T.);
#3843 = EDGE_CURVE('',#3816,#3844,#3846,.T.);
#3844 = VERTEX_POINT('',#3845);
#3845 = CARTESIAN_POINT('',(-47.4,63.410407805802,48.940821091996));
#3846 = SURFACE_CURVE('',#3847,(#3851,#3858),.PCURVE_S1.);
#3847 = LINE('',#3848,#3849);
#3848 = CARTESIAN_POINT('',(-47.4,56.929013909154,47.243313166683));
#3849 = VECTOR('',#3850,1.);
#3850 = DIRECTION('',(0.,0.96737222338,0.253359391838));
#3851 = PCURVE('',#533,#3852);
#3852 = DEFINITIONAL_REPRESENTATION('',(#3853),#3857);
#3853 = LINE('',#3854,#3855);
#3854 = CARTESIAN_POINT('',(17.,-1.2));
#3855 = VECTOR('',#3856,1.);
#3856 = DIRECTION('',(1.,0.));
#3857 = ( GEOMETRIC_REPRESENTATION_CONTEXT(2) 
PARAMETRIC_REPRESENTATION_CONTEXT() REPRESENTATION_CONTEXT('2D SPACE',''
  ) );
#3858 = PCURVE('',#3859,#3864);
#3859 = PLANE('',#3860);
#3860 = AXIS2_PLACEMENT_3D('',#3861,#3862,#3863);
#3861 = CARTESIAN_POINT('',(-47.4,55.155498166291,54.014918730345));
#3862 = DIRECTION('',(1.,0.,0.));
#3863 = DIRECTION('',(0.,0.96737222338,0.253359391838));
#3864 = DEFINITIONAL_REPRESENTATION('',(#3865),#3869);
#3865 = LINE('',#3866,#3867);
#3866 = CARTESIAN_POINT('',(0.,-7.));
#3867 = VECTOR('',#3868,1.);
#3868 = DIRECTION('',(1.,0.));
#3869 = ( GEOMETRIC_REPRESENTATION_CONTEXT(2) 
PARAMETRIC_REPRESENTATION_CONTEXT() REPRESENTATION_CONTEXT('2D SPACE',''
  ) );
#3870 = ORIENTED_EDGE('',*,*,#3871,.T.);
#3871 = EDGE_CURVE('',#3844,#3872,#3874,.T.);
#3872 = VERTEX_POINT('',#3873);
#3873 = CARTESIAN_POINT('',(-46.,63.410407805802,48.940821091996));
#3874 = SURFACE_CURVE('',#3875,(#3879,#3886),.PCURVE_S1.);
#3875 = LINE('',#3876,#3877);
#3876 = CARTESIAN_POINT('',(-47.4,63.410407805802,48.940821091996));
#3877 = VECTOR('',#3878,1.);
#3878 = DIRECTION('',(1.,0.,0.));
#3879 = PCURVE('',#533,#3880);
#3880 = DEFINITIONAL_REPRESENTATION('',(#3881),#3885);
#3881 = LINE('',#3882,#3883);
#3882 = CARTESIAN_POINT('',(23.7,-1.2));
#3883 = VECTOR('',#3884,1.);
#3884 = DIRECTION('',(0.,-1.));
#3885 = ( GEOMETRIC_REPRESENTATION_CONTEXT(2) 
PARAMETRIC_REPRESENTATION_CONTEXT() REPRESENTATION_CONTEXT('2D SPACE',''
  ) );
#3886 = PCURVE('',#3887,#3892);
#3887 = PLANE('',#3888);
#3888 = AXIS2_PLACEMENT_3D('',#3889,#3890,#3891);
#3889 = CARTESIAN_POINT('',(-47.4,63.410407805802,48.940821091996));
#3890 = DIRECTION('',(0.,-0.96737222338,-0.253359391838));
#3891 = DIRECTION('',(0.,-0.253359391838,0.96737222338));
#3892 = DEFINITIONAL_REPRESENTATION('',(#3893),#3897);
#3893 = LINE('',#3894,#3895);
#3894 = CARTESIAN_POINT('',(0.,0.));
#3895 = VECTOR('',#3896,1.);
#3896 = DIRECTION('',(0.,-1.));
#3897 = ( GEOMETRIC_REPRESENTATION_CONTEXT(2) 
PARAMETRIC_REPRESENTATION_CONTEXT() REPRESENTATION_CONTEXT('2D SPACE',''
  ) );
#3898 = ORIENTED_EDGE('',*,*,#3899,.T.);
#3899 = EDGE_CURVE('',#3872,#3900,#3902,.T.);
#3900 = VERTEX_POINT('',#3901);
#3901 = CARTESIAN_POINT('',(-46.,64.95820336321,49.346196118936));
#3902 = SURFACE_CURVE('',#3903,(#3907,#3913),.PCURVE_S1.);
#3903 = LINE('',#3904,#3905);
#3904 = CARTESIAN_POINT('',(-46.,48.991016387211,45.164313815698));
#3905 = VECTOR('',#3906,1.);
#3906 = DIRECTION('',(-0.,0.96737222338,0.253359391838));
#3907 = PCURVE('',#533,#3908);
#3908 = DEFINITIONAL_REPRESENTATION('',(#3909),#3912);
#3909 = B_SPLINE_CURVE_WITH_KNOTS('',1,(#3910,#3911),.UNSPECIFIED.,.F.,
  .F.,(2,2),(-8.794267676815,25.205732323185),.PIECEWISE_BEZIER_KNOTS.);
#3910 = CARTESIAN_POINT('',(-7.105427357601E-15,-2.6));
#3911 = CARTESIAN_POINT('',(34.,-2.6));
#3912 = ( GEOMETRIC_REPRESENTATION_CONTEXT(2) 
PARAMETRIC_REPRESENTATION_CONTEXT() REPRESENTATION_CONTEXT('2D SPACE',''
  ) );
#3913 = PCURVE('',#2584,#3914);
#3914 = DEFINITIONAL_REPRESENTATION('',(#3915),#3918);
#3915 = B_SPLINE_CURVE_WITH_KNOTS('',1,(#3916,#3917),.UNSPECIFIED.,.F.,
  .F.,(2,2),(-8.794267676815,25.205732323185),.PIECEWISE_BEZIER_KNOTS.);
#3916 = CARTESIAN_POINT('',(20.079403835965,7.245526467375));
#3917 = CARTESIAN_POINT('',(-12.81125175896,15.859745789856));
#3918 = ( GEOMETRIC_REPRESENTATION_CONTEXT(2) 
PARAMETRIC_REPRESENTATION_CONTEXT() REPRESENTATION_CONTEXT('2D SPACE',''
  ) );
#3919 = ORIENTED_EDGE('',*,*,#3920,.F.);
#3920 = EDGE_CURVE('',#3921,#3900,#3923,.T.);
#3921 = VERTEX_POINT('',#3922);
#3922 = CARTESIAN_POINT('',(-47.4,64.95820336321,49.346196118936));
#3923 = SURFACE_CURVE('',#3924,(#3928,#3935),.PCURVE_S1.);
#3924 = LINE('',#3925,#3926);
#3925 = CARTESIAN_POINT('',(-47.4,64.95820336321,49.346196118936));
#3926 = VECTOR('',#3927,1.);
#3927 = DIRECTION('',(1.,0.,0.));
#3928 = PCURVE('',#533,#3929);
#3929 = DEFINITIONAL_REPRESENTATION('',(#3930),#3934);
#3930 = LINE('',#3931,#3932);
#3931 = CARTESIAN_POINT('',(25.3,-1.2));
#3932 = VECTOR('',#3933,1.);
#3933 = DIRECTION('',(0.,-1.));
#3934 = ( GEOMETRIC_REPRESENTATION_CONTEXT(2) 
PARAMETRIC_REPRESENTATION_CONTEXT() REPRESENTATION_CONTEXT('2D SPACE',''
  ) );
#3935 = PCURVE('',#3936,#3941);
#3936 = PLANE('',#3937);
#3937 = AXIS2_PLACEMENT_3D('',#3938,#3939,#3940);
#3938 = CARTESIAN_POINT('',(-47.4,64.95820336321,49.346196118936));
#3939 = DIRECTION('',(0.,-0.96737222338,-0.253359391838));
#3940 = DIRECTION('',(0.,-0.253359391838,0.96737222338));
#3941 = DEFINITIONAL_REPRESENTATION('',(#3942),#3946);
#3942 = LINE('',#3943,#3944);
#3943 = CARTESIAN_POINT('',(0.,0.));
#3944 = VECTOR('',#3945,1.);
#3945 = DIRECTION('',(0.,-1.));
#3946 = ( GEOMETRIC_REPRESENTATION_CONTEXT(2) 
PARAMETRIC_REPRESENTATION_CONTEXT() REPRESENTATION_CONTEXT('2D SPACE',''
  ) );
#3947 = ORIENTED_EDGE('',*,*,#3948,.T.);
#3948 = EDGE_CURVE('',#3921,#3949,#3951,.T.);
#3949 = VERTEX_POINT('',#3950);
#3950 = CARTESIAN_POINT('',(-47.4,67.279896699323,49.954258659346));
#3951 = SURFACE_CURVE('',#3952,(#3956,#3963),.PCURVE_S1.);
#3952 = LINE('',#3953,#3954);
#3953 = CARTESIAN_POINT('',(-47.4,56.929013909154,47.243313166683));
#3954 = VECTOR('',#3955,1.);
#3955 = DIRECTION('',(0.,0.96737222338,0.253359391838));
#3956 = PCURVE('',#533,#3957);
#3957 = DEFINITIONAL_REPRESENTATION('',(#3958),#3962);
#3958 = LINE('',#3959,#3960);
#3959 = CARTESIAN_POINT('',(17.,-1.2));
#3960 = VECTOR('',#3961,1.);
#3961 = DIRECTION('',(1.,0.));
#3962 = ( GEOMETRIC_REPRESENTATION_CONTEXT(2) 
PARAMETRIC_REPRESENTATION_CONTEXT() REPRESENTATION_CONTEXT('2D SPACE',''
  ) );
#3963 = PCURVE('',#3964,#3969);
#3964 = PLANE('',#3965);
#3965 = AXIS2_PLACEMENT_3D('',#3966,#3967,#3968);
#3966 = CARTESIAN_POINT('',(-47.4,55.155498166291,54.014918730345));
#3967 = DIRECTION('',(1.,0.,0.));
#3968 = DIRECTION('',(0.,0.96737222338,0.253359391838));
#3969 = DEFINITIONAL_REPRESENTATION('',(#3970),#3974);
#3970 = LINE('',#3971,#3972);
#3971 = CARTESIAN_POINT('',(0.,-7.));
#3972 = VECTOR('',#3973,1.);
#3973 = DIRECTION('',(1.,0.));
#3974 = ( GEOMETRIC_REPRESENTATION_CONTEXT(2) 
PARAMETRIC_REPRESENTATION_CONTEXT() REPRESENTATION_CONTEXT('2D SPACE',''
  ) );
#3975 = ORIENTED_EDGE('',*,*,#3976,.T.);
#3976 = EDGE_CURVE('',#3949,#3977,#3979,.T.);
#3977 = VERTEX_POINT('',#3978);
#3978 = CARTESIAN_POINT('',(-46.,67.279896699323,49.954258659346));
#3979 = SURFACE_CURVE('',#3980,(#3984,#3991),.PCURVE_S1.);
#3980 = LINE('',#3981,#3982);
#3981 = CARTESIAN_POINT('',(-47.4,67.279896699323,49.954258659346));
#3982 = VECTOR('',#3983,1.);
#3983 = DIRECTION('',(1.,0.,0.));
#3984 = PCURVE('',#533,#3985);
#3985 = DEFINITIONAL_REPRESENTATION('',(#3986),#3990);
#3986 = LINE('',#3987,#3988);
#3987 = CARTESIAN_POINT('',(27.7,-1.2));
#3988 = VECTOR('',#3989,1.);
#3989 = DIRECTION('',(0.,-1.));
#3990 = ( GEOMETRIC_REPRESENTATION_CONTEXT(2) 
PARAMETRIC_REPRESENTATION_CONTEXT() REPRESENTATION_CONTEXT('2D SPACE',''
  ) );
#3991 = PCURVE('',#3992,#3997);
#3992 = PLANE('',#3993);
#3993 = AXIS2_PLACEMENT_3D('',#3994,#3995,#3996);
#3994 = CARTESIAN_POINT('',(-47.4,67.279896699323,49.954258659346));
#3995 = DIRECTION('',(0.,-0.96737222338,-0.253359391838));
#3996 = DIRECTION('',(0.,-0.253359391838,0.96737222338));
#3997 = DEFINITIONAL_REPRESENTATION('',(#3998),#4002);
#3998 = LINE('',#3999,#4000);
#3999 = CARTESIAN_POINT('',(0.,0.));
#4000 = VECTOR('',#4001,1.);
#4001 = DIRECTION('',(0.,-1.));
#4002 = ( GEOMETRIC_REPRESENTATION_CONTEXT(2) 
PARAMETRIC_REPRESENTATION_CONTEXT() REPRESENTATION_CONTEXT('2D SPACE',''
  ) );
#4003 = ORIENTED_EDGE('',*,*,#4004,.T.);
#4004 = EDGE_CURVE('',#3977,#4005,#4007,.T.);
#4005 = VERTEX_POINT('',#4006);
#4006 = CARTESIAN_POINT('',(-46.,68.827692256731,50.359633686287));
#4007 = SURFACE_CURVE('',#4008,(#4012,#4018),.PCURVE_S1.);
#4008 = LINE('',#4009,#4010);
#4009 = CARTESIAN_POINT('',(-46.,48.991016387211,45.164313815698));
#4010 = VECTOR('',#4011,1.);
#4011 = DIRECTION('',(-0.,0.96737222338,0.253359391838));
#4012 = PCURVE('',#533,#4013);
#4013 = DEFINITIONAL_REPRESENTATION('',(#4014),#4017);
#4014 = B_SPLINE_CURVE_WITH_KNOTS('',1,(#4015,#4016),.UNSPECIFIED.,.F.,
  .F.,(2,2),(-8.794267676815,25.205732323185),.PIECEWISE_BEZIER_KNOTS.);
#4015 = CARTESIAN_POINT('',(-7.105427357601E-15,-2.6));
#4016 = CARTESIAN_POINT('',(34.,-2.6));
#4017 = ( GEOMETRIC_REPRESENTATION_CONTEXT(2) 
PARAMETRIC_REPRESENTATION_CONTEXT() REPRESENTATION_CONTEXT('2D SPACE',''
  ) );
#4018 = PCURVE('',#2584,#4019);
#4019 = DEFINITIONAL_REPRESENTATION('',(#4020),#4023);
#4020 = B_SPLINE_CURVE_WITH_KNOTS('',1,(#4021,#4022),.UNSPECIFIED.,.F.,
  .F.,(2,2),(-8.794267676815,25.205732323185),.PIECEWISE_BEZIER_KNOTS.);
#4021 = CARTESIAN_POINT('',(20.079403835965,7.245526467375));
#4022 = CARTESIAN_POINT('',(-12.81125175896,15.859745789856));
#4023 = ( GEOMETRIC_REPRESENTATION_CONTEXT(2) 
PARAMETRIC_REPRESENTATION_CONTEXT() REPRESENTATION_CONTEXT('2D SPACE',''
  ) );
#4024 = ORIENTED_EDGE('',*,*,#4025,.F.);
#4025 = EDGE_CURVE('',#4026,#4005,#4028,.T.);
#4026 = VERTEX_POINT('',#4027);
#4027 = CARTESIAN_POINT('',(-47.4,68.827692256731,50.359633686287));
#4028 = SURFACE_CURVE('',#4029,(#4033,#4040),.PCURVE_S1.);
#4029 = LINE('',#4030,#4031);
#4030 = CARTESIAN_POINT('',(-47.4,68.827692256731,50.359633686287));
#4031 = VECTOR('',#4032,1.);
#4032 = DIRECTION('',(1.,0.,0.));
#4033 = PCURVE('',#533,#4034);
#4034 = DEFINITIONAL_REPRESENTATION('',(#4035),#4039);
#4035 = LINE('',#4036,#4037);
#4036 = CARTESIAN_POINT('',(29.3,-1.2));
#4037 = VECTOR('',#4038,1.);
#4038 = DIRECTION('',(0.,-1.));
#4039 = ( GEOMETRIC_REPRESENTATION_CONTEXT(2) 
PARAMETRIC_REPRESENTATION_CONTEXT() REPRESENTATION_CONTEXT('2D SPACE',''
  ) );
#4040 = PCURVE('',#4041,#4046);
#4041 = PLANE('',#4042);
#4042 = AXIS2_PLACEMENT_3D('',#4043,#4044,#4045);
#4043 = CARTESIAN_POINT('',(-47.4,68.827692256731,50.359633686287));
#4044 = DIRECTION('',(0.,-0.96737222338,-0.253359391838));
#4045 = DIRECTION('',(0.,-0.253359391838,0.96737222338));
#4046 = DEFINITIONAL_REPRESENTATION('',(#4047),#4051);
#4047 = LINE('',#4048,#4049);
#4048 = CARTESIAN_POINT('',(0.,0.));
#4049 = VECTOR('',#4050,1.);
#4050 = DIRECTION('',(0.,-1.));
#4051 = ( GEOMETRIC_REPRESENTATION_CONTEXT(2) 
PARAMETRIC_REPRESENTATION_CONTEXT() REPRESENTATION_CONTEXT('2D SPACE',''
  ) );
#4052 = ORIENTED_EDGE('',*,*,#4053,.T.);
#4053 = EDGE_CURVE('',#4026,#4054,#4056,.T.);
#4054 = VERTEX_POINT('',#4055);
#4055 = CARTESIAN_POINT('',(-47.4,73.374341706618,51.550422827924));
#4056 = SURFACE_CURVE('',#4057,(#4061,#4068),.PCURVE_S1.);
#4057 = LINE('',#4058,#4059);
#4058 = CARTESIAN_POINT('',(-47.4,56.929013909154,47.243313166683));
#4059 = VECTOR('',#4060,1.);
#4060 = DIRECTION('',(0.,0.96737222338,0.253359391838));
#4061 = PCURVE('',#533,#4062);
#4062 = DEFINITIONAL_REPRESENTATION('',(#4063),#4067);
#4063 = LINE('',#4064,#4065);
#4064 = CARTESIAN_POINT('',(17.,-1.2));
#4065 = VECTOR('',#4066,1.);
#4066 = DIRECTION('',(1.,0.));
#4067 = ( GEOMETRIC_REPRESENTATION_CONTEXT(2) 
PARAMETRIC_REPRESENTATION_CONTEXT() REPRESENTATION_CONTEXT('2D SPACE',''
  ) );
#4068 = PCURVE('',#4069,#4074);
#4069 = PLANE('',#4070);
#4070 = AXIS2_PLACEMENT_3D('',#4071,#4072,#4073);
#4071 = CARTESIAN_POINT('',(-47.4,55.155498166291,54.014918730345));
#4072 = DIRECTION('',(1.,0.,0.));
#4073 = DIRECTION('',(0.,0.96737222338,0.253359391838));
#4074 = DEFINITIONAL_REPRESENTATION('',(#4075),#4079);
#4075 = LINE('',#4076,#4077);
#4076 = CARTESIAN_POINT('',(0.,-7.));
#4077 = VECTOR('',#4078,1.);
#4078 = DIRECTION('',(1.,0.));
#4079 = ( GEOMETRIC_REPRESENTATION_CONTEXT(2) 
PARAMETRIC_REPRESENTATION_CONTEXT() REPRESENTATION_CONTEXT('2D SPACE',''
  ) );
#4080 = ORIENTED_EDGE('',*,*,#4081,.F.);
#4081 = EDGE_CURVE('',#4082,#4054,#4084,.T.);
#4082 = VERTEX_POINT('',#4083);
#4083 = CARTESIAN_POINT('',(-48.6,73.374341706618,51.550422827924));
#4084 = SURFACE_CURVE('',#4085,(#4089,#4096),.PCURVE_S1.);
#4085 = LINE('',#4086,#4087);
#4086 = CARTESIAN_POINT('',(-48.6,73.374341706618,51.550422827924));
#4087 = VECTOR('',#4088,1.);
#4088 = DIRECTION('',(1.,0.,0.));
#4089 = PCURVE('',#533,#4090);
#4090 = DEFINITIONAL_REPRESENTATION('',(#4091),#4095);
#4091 = LINE('',#4092,#4093);
#4092 = CARTESIAN_POINT('',(34.,0.));
#4093 = VECTOR('',#4094,1.);
#4094 = DIRECTION('',(0.,-1.));
#4095 = ( GEOMETRIC_REPRESENTATION_CONTEXT(2) 
PARAMETRIC_REPRESENTATION_CONTEXT() REPRESENTATION_CONTEXT('2D SPACE',''
  ) );
#4096 = PCURVE('',#4097,#4102);
#4097 = PLANE('',#4098);
#4098 = AXIS2_PLACEMENT_3D('',#4099,#4100,#4101);
#4099 = CARTESIAN_POINT('',(-48.6,73.374341706618,51.550422827924));
#4100 = DIRECTION('',(0.,-0.96737222338,-0.253359391838));
#4101 = DIRECTION('',(0.,-0.253359391838,0.96737222338));
#4102 = DEFINITIONAL_REPRESENTATION('',(#4103),#4107);
#4103 = LINE('',#4104,#4105);
#4104 = CARTESIAN_POINT('',(0.,0.));
#4105 = VECTOR('',#4106,1.);
#4106 = DIRECTION('',(0.,-1.));
#4107 = ( GEOMETRIC_REPRESENTATION_CONTEXT(2) 
PARAMETRIC_REPRESENTATION_CONTEXT() REPRESENTATION_CONTEXT('2D SPACE',''
  ) );
#4108 = ORIENTED_EDGE('',*,*,#4109,.F.);
#4109 = EDGE_CURVE('',#4110,#4082,#4112,.T.);
#4110 = VERTEX_POINT('',#4111);
#4111 = CARTESIAN_POINT('',(-48.6,70.762436703492,50.866352469962));
#4112 = SURFACE_CURVE('',#4113,(#4117,#4124),.PCURVE_S1.);
#4113 = LINE('',#4114,#4115);
#4114 = CARTESIAN_POINT('',(-48.6,56.929013909154,47.243313166683));
#4115 = VECTOR('',#4116,1.);
#4116 = DIRECTION('',(0.,0.96737222338,0.253359391838));
#4117 = PCURVE('',#533,#4118);
#4118 = DEFINITIONAL_REPRESENTATION('',(#4119),#4123);
#4119 = LINE('',#4120,#4121);
#4120 = CARTESIAN_POINT('',(17.,0.));
#4121 = VECTOR('',#4122,1.);
#4122 = DIRECTION('',(1.,0.));
#4123 = ( GEOMETRIC_REPRESENTATION_CONTEXT(2) 
PARAMETRIC_REPRESENTATION_CONTEXT() REPRESENTATION_CONTEXT('2D SPACE',''
  ) );
#4124 = PCURVE('',#4125,#4130);
#4125 = PLANE('',#4126);
#4126 = AXIS2_PLACEMENT_3D('',#4127,#4128,#4129);
#4127 = CARTESIAN_POINT('',(-48.6,55.155498166291,54.014918730345));
#4128 = DIRECTION('',(1.,0.,0.));
#4129 = DIRECTION('',(0.,0.96737222338,0.253359391838));
#4130 = DEFINITIONAL_REPRESENTATION('',(#4131),#4135);
#4131 = LINE('',#4132,#4133);
#4132 = CARTESIAN_POINT('',(0.,-7.));
#4133 = VECTOR('',#4134,1.);
#4134 = DIRECTION('',(1.,0.));
#4135 = ( GEOMETRIC_REPRESENTATION_CONTEXT(2) 
PARAMETRIC_REPRESENTATION_CONTEXT() REPRESENTATION_CONTEXT('2D SPACE',''
  ) );
#4136 = ORIENTED_EDGE('',*,*,#4137,.F.);
#4137 = EDGE_CURVE('',#1009,#4110,#4138,.T.);
#4138 = SURFACE_CURVE('',#4139,(#4143,#4150),.PCURVE_S1.);
#4139 = LINE('',#4140,#4141);
#4140 = CARTESIAN_POINT('',(-50.5,70.762436703492,50.866352469962));
#4141 = VECTOR('',#4142,1.);
#4142 = DIRECTION('',(1.,0.,0.));
#4143 = PCURVE('',#533,#4144);
#4144 = DEFINITIONAL_REPRESENTATION('',(#4145),#4149);
#4145 = LINE('',#4146,#4147);
#4146 = CARTESIAN_POINT('',(31.3,1.9));
#4147 = VECTOR('',#4148,1.);
#4148 = DIRECTION('',(0.,-1.));
#4149 = ( GEOMETRIC_REPRESENTATION_CONTEXT(2) 
PARAMETRIC_REPRESENTATION_CONTEXT() REPRESENTATION_CONTEXT('2D SPACE',''
  ) );
#4150 = PCURVE('',#1044,#4151);
#4151 = DEFINITIONAL_REPRESENTATION('',(#4152),#4156);
#4152 = LINE('',#4153,#4154);
#4153 = CARTESIAN_POINT('',(0.,0.));
#4154 = VECTOR('',#4155,1.);
#4155 = DIRECTION('',(0.,-1.));
#4156 = ( GEOMETRIC_REPRESENTATION_CONTEXT(2) 
PARAMETRIC_REPRESENTATION_CONTEXT() REPRESENTATION_CONTEXT('2D SPACE',''
  ) );
#4157 = ORIENTED_EDGE('',*,*,#1008,.F.);
#4158 = ORIENTED_EDGE('',*,*,#4159,.T.);
#4159 = EDGE_CURVE('',#981,#4160,#4162,.T.);
#4160 = VERTEX_POINT('',#4161);
#4161 = CARTESIAN_POINT('',(-48.6,69.214641146083,50.460977443022));
#4162 = SURFACE_CURVE('',#4163,(#4167,#4174),.PCURVE_S1.);
#4163 = LINE('',#4164,#4165);
#4164 = CARTESIAN_POINT('',(-50.5,69.214641146083,50.460977443022));
#4165 = VECTOR('',#4166,1.);
#4166 = DIRECTION('',(1.,0.,0.));
#4167 = PCURVE('',#533,#4168);
#4168 = DEFINITIONAL_REPRESENTATION('',(#4169),#4173);
#4169 = LINE('',#4170,#4171);
#4170 = CARTESIAN_POINT('',(29.7,1.9));
#4171 = VECTOR('',#4172,1.);
#4172 = DIRECTION('',(0.,-1.));
#4173 = ( GEOMETRIC_REPRESENTATION_CONTEXT(2) 
PARAMETRIC_REPRESENTATION_CONTEXT() REPRESENTATION_CONTEXT('2D SPACE',''
  ) );
#4174 = PCURVE('',#997,#4175);
#4175 = DEFINITIONAL_REPRESENTATION('',(#4176),#4180);
#4176 = LINE('',#4177,#4178);
#4177 = CARTESIAN_POINT('',(0.,0.));
#4178 = VECTOR('',#4179,1.);
#4179 = DIRECTION('',(0.,-1.));
#4180 = ( GEOMETRIC_REPRESENTATION_CONTEXT(2) 
PARAMETRIC_REPRESENTATION_CONTEXT() REPRESENTATION_CONTEXT('2D SPACE',''
  ) );
#4181 = ORIENTED_EDGE('',*,*,#4182,.F.);
#4182 = EDGE_CURVE('',#4183,#4160,#4185,.T.);
#4183 = VERTEX_POINT('',#4184);
#4184 = CARTESIAN_POINT('',(-48.6,66.892947809971,49.852914902611));
#4185 = SURFACE_CURVE('',#4186,(#4190,#4197),.PCURVE_S1.);
#4186 = LINE('',#4187,#4188);
#4187 = CARTESIAN_POINT('',(-48.6,56.929013909154,47.243313166683));
#4188 = VECTOR('',#4189,1.);
#4189 = DIRECTION('',(0.,0.96737222338,0.253359391838));
#4190 = PCURVE('',#533,#4191);
#4191 = DEFINITIONAL_REPRESENTATION('',(#4192),#4196);
#4192 = LINE('',#4193,#4194);
#4193 = CARTESIAN_POINT('',(17.,0.));
#4194 = VECTOR('',#4195,1.);
#4195 = DIRECTION('',(1.,0.));
#4196 = ( GEOMETRIC_REPRESENTATION_CONTEXT(2) 
PARAMETRIC_REPRESENTATION_CONTEXT() REPRESENTATION_CONTEXT('2D SPACE',''
  ) );
#4197 = PCURVE('',#4198,#4203);
#4198 = PLANE('',#4199);
#4199 = AXIS2_PLACEMENT_3D('',#4200,#4201,#4202);
#4200 = CARTESIAN_POINT('',(-48.6,55.155498166291,54.014918730345));
#4201 = DIRECTION('',(1.,0.,0.));
#4202 = DIRECTION('',(0.,0.96737222338,0.253359391838));
#4203 = DEFINITIONAL_REPRESENTATION('',(#4204),#4208);
#4204 = LINE('',#4205,#4206);
#4205 = CARTESIAN_POINT('',(0.,-7.));
#4206 = VECTOR('',#4207,1.);
#4207 = DIRECTION('',(1.,0.));
#4208 = ( GEOMETRIC_REPRESENTATION_CONTEXT(2) 
PARAMETRIC_REPRESENTATION_CONTEXT() REPRESENTATION_CONTEXT('2D SPACE',''
  ) );
#4209 = ORIENTED_EDGE('',*,*,#4210,.F.);
#4210 = EDGE_CURVE('',#913,#4183,#4211,.T.);
#4211 = SURFACE_CURVE('',#4212,(#4216,#4223),.PCURVE_S1.);
#4212 = LINE('',#4213,#4214);
#4213 = CARTESIAN_POINT('',(-50.5,66.892947809971,49.852914902611));
#4214 = VECTOR('',#4215,1.);
#4215 = DIRECTION('',(1.,0.,0.));
#4216 = PCURVE('',#533,#4217);
#4217 = DEFINITIONAL_REPRESENTATION('',(#4218),#4222);
#4218 = LINE('',#4219,#4220);
#4219 = CARTESIAN_POINT('',(27.3,1.9));
#4220 = VECTOR('',#4221,1.);
#4221 = DIRECTION('',(0.,-1.));
#4222 = ( GEOMETRIC_REPRESENTATION_CONTEXT(2) 
PARAMETRIC_REPRESENTATION_CONTEXT() REPRESENTATION_CONTEXT('2D SPACE',''
  ) );
#4223 = PCURVE('',#948,#4224);
#4224 = DEFINITIONAL_REPRESENTATION('',(#4225),#4229);
#4225 = LINE('',#4226,#4227);
#4226 = CARTESIAN_POINT('',(0.,0.));
#4227 = VECTOR('',#4228,1.);
#4228 = DIRECTION('',(0.,-1.));
#4229 = ( GEOMETRIC_REPRESENTATION_CONTEXT(2) 
PARAMETRIC_REPRESENTATION_CONTEXT() REPRESENTATION_CONTEXT('2D SPACE',''
  ) );
#4230 = ORIENTED_EDGE('',*,*,#912,.F.);
#4231 = ORIENTED_EDGE('',*,*,#4232,.T.);
#4232 = EDGE_CURVE('',#885,#4233,#4235,.T.);
#4233 = VERTEX_POINT('',#4234);
#4234 = CARTESIAN_POINT('',(-48.6,65.345152252562,49.447539875671));
#4235 = SURFACE_CURVE('',#4236,(#4240,#4247),.PCURVE_S1.);
#4236 = LINE('',#4237,#4238);
#4237 = CARTESIAN_POINT('',(-50.5,65.345152252562,49.447539875671));
#4238 = VECTOR('',#4239,1.);
#4239 = DIRECTION('',(1.,0.,0.));
#4240 = PCURVE('',#533,#4241);
#4241 = DEFINITIONAL_REPRESENTATION('',(#4242),#4246);
#4242 = LINE('',#4243,#4244);
#4243 = CARTESIAN_POINT('',(25.7,1.9));
#4244 = VECTOR('',#4245,1.);
#4245 = DIRECTION('',(0.,-1.));
#4246 = ( GEOMETRIC_REPRESENTATION_CONTEXT(2) 
PARAMETRIC_REPRESENTATION_CONTEXT() REPRESENTATION_CONTEXT('2D SPACE',''
  ) );
#4247 = PCURVE('',#901,#4248);
#4248 = DEFINITIONAL_REPRESENTATION('',(#4249),#4253);
#4249 = LINE('',#4250,#4251);
#4250 = CARTESIAN_POINT('',(0.,0.));
#4251 = VECTOR('',#4252,1.);
#4252 = DIRECTION('',(0.,-1.));
#4253 = ( GEOMETRIC_REPRESENTATION_CONTEXT(2) 
PARAMETRIC_REPRESENTATION_CONTEXT() REPRESENTATION_CONTEXT('2D SPACE',''
  ) );
#4254 = ORIENTED_EDGE('',*,*,#4255,.F.);
#4255 = EDGE_CURVE('',#4256,#4233,#4258,.T.);
#4256 = VERTEX_POINT('',#4257);
#4257 = CARTESIAN_POINT('',(-48.6,63.02345891645,48.839477335261));
#4258 = SURFACE_CURVE('',#4259,(#4263,#4270),.PCURVE_S1.);
#4259 = LINE('',#4260,#4261);
#4260 = CARTESIAN_POINT('',(-48.6,56.929013909154,47.243313166683));
#4261 = VECTOR('',#4262,1.);
#4262 = DIRECTION('',(0.,0.96737222338,0.253359391838));
#4263 = PCURVE('',#533,#4264);
#4264 = DEFINITIONAL_REPRESENTATION('',(#4265),#4269);
#4265 = LINE('',#4266,#4267);
#4266 = CARTESIAN_POINT('',(17.,0.));
#4267 = VECTOR('',#4268,1.);
#4268 = DIRECTION('',(1.,0.));
#4269 = ( GEOMETRIC_REPRESENTATION_CONTEXT(2) 
PARAMETRIC_REPRESENTATION_CONTEXT() REPRESENTATION_CONTEXT('2D SPACE',''
  ) );
#4270 = PCURVE('',#4271,#4276);
#4271 = PLANE('',#4272);
#4272 = AXIS2_PLACEMENT_3D('',#4273,#4274,#4275);
#4273 = CARTESIAN_POINT('',(-48.6,55.155498166291,54.014918730345));
#4274 = DIRECTION('',(1.,0.,0.));
#4275 = DIRECTION('',(0.,0.96737222338,0.253359391838));
#4276 = DEFINITIONAL_REPRESENTATION('',(#4277),#4281);
#4277 = LINE('',#4278,#4279);
#4278 = CARTESIAN_POINT('',(0.,-7.));
#4279 = VECTOR('',#4280,1.);
#4280 = DIRECTION('',(1.,0.));
#4281 = ( GEOMETRIC_REPRESENTATION_CONTEXT(2) 
PARAMETRIC_REPRESENTATION_CONTEXT() REPRESENTATION_CONTEXT('2D SPACE',''
  ) );
#4282 = ORIENTED_EDGE('',*,*,#4283,.F.);
#4283 = EDGE_CURVE('',#1105,#4256,#4284,.T.);
#4284 = SURFACE_CURVE('',#4285,(#4289,#4296),.PCURVE_S1.);
#4285 = LINE('',#4286,#4287);
#4286 = CARTESIAN_POINT('',(-50.5,63.02345891645,48.839477335261));
#4287 = VECTOR('',#4288,1.);
#4288 = DIRECTION('',(1.,0.,0.));
#4289 = PCURVE('',#533,#4290);
#4290 = DEFINITIONAL_REPRESENTATION('',(#4291),#4295);
#4291 = LINE('',#4292,#4293);
#4292 = CARTESIAN_POINT('',(23.3,1.9));
#4293 = VECTOR('',#4294,1.);
#4294 = DIRECTION('',(0.,-1.));
#4295 = ( GEOMETRIC_REPRESENTATION_CONTEXT(2) 
PARAMETRIC_REPRESENTATION_CONTEXT() REPRESENTATION_CONTEXT('2D SPACE',''
  ) );
#4296 = PCURVE('',#1140,#4297);
#4297 = DEFINITIONAL_REPRESENTATION('',(#4298),#4302);
#4298 = LINE('',#4299,#4300);
#4299 = CARTESIAN_POINT('',(0.,0.));
#4300 = VECTOR('',#4301,1.);
#4301 = DIRECTION('',(0.,-1.));
#4302 = ( GEOMETRIC_REPRESENTATION_CONTEXT(2) 
PARAMETRIC_REPRESENTATION_CONTEXT() REPRESENTATION_CONTEXT('2D SPACE',''
  ) );
#4303 = ORIENTED_EDGE('',*,*,#1104,.F.);
#4304 = ORIENTED_EDGE('',*,*,#4305,.T.);
#4305 = EDGE_CURVE('',#1077,#4306,#4308,.T.);
#4306 = VERTEX_POINT('',#4307);
#4307 = CARTESIAN_POINT('',(-48.6,61.475663359041,48.43410230832));
#4308 = SURFACE_CURVE('',#4309,(#4313,#4320),.PCURVE_S1.);
#4309 = LINE('',#4310,#4311);
#4310 = CARTESIAN_POINT('',(-50.5,61.475663359041,48.43410230832));
#4311 = VECTOR('',#4312,1.);
#4312 = DIRECTION('',(1.,0.,0.));
#4313 = PCURVE('',#533,#4314);
#4314 = DEFINITIONAL_REPRESENTATION('',(#4315),#4319);
#4315 = LINE('',#4316,#4317);
#4316 = CARTESIAN_POINT('',(21.7,1.9));
#4317 = VECTOR('',#4318,1.);
#4318 = DIRECTION('',(0.,-1.));
#4319 = ( GEOMETRIC_REPRESENTATION_CONTEXT(2) 
PARAMETRIC_REPRESENTATION_CONTEXT() REPRESENTATION_CONTEXT('2D SPACE',''
  ) );
#4320 = PCURVE('',#1093,#4321);
#4321 = DEFINITIONAL_REPRESENTATION('',(#4322),#4326);
#4322 = LINE('',#4323,#4324);
#4323 = CARTESIAN_POINT('',(0.,0.));
#4324 = VECTOR('',#4325,1.);
#4325 = DIRECTION('',(0.,-1.));
#4326 = ( GEOMETRIC_REPRESENTATION_CONTEXT(2) 
PARAMETRIC_REPRESENTATION_CONTEXT() REPRESENTATION_CONTEXT('2D SPACE',''
  ) );
#4327 = ORIENTED_EDGE('',*,*,#4328,.F.);
#4328 = EDGE_CURVE('',#4329,#4306,#4331,.T.);
#4329 = VERTEX_POINT('',#4330);
#4330 = CARTESIAN_POINT('',(-48.6,59.153970022929,47.82603976791));
#4331 = SURFACE_CURVE('',#4332,(#4336,#4343),.PCURVE_S1.);
#4332 = LINE('',#4333,#4334);
#4333 = CARTESIAN_POINT('',(-48.6,56.929013909154,47.243313166683));
#4334 = VECTOR('',#4335,1.);
#4335 = DIRECTION('',(0.,0.96737222338,0.253359391838));
#4336 = PCURVE('',#533,#4337);
#4337 = DEFINITIONAL_REPRESENTATION('',(#4338),#4342);
#4338 = LINE('',#4339,#4340);
#4339 = CARTESIAN_POINT('',(17.,0.));
#4340 = VECTOR('',#4341,1.);
#4341 = DIRECTION('',(1.,0.));
#4342 = ( GEOMETRIC_REPRESENTATION_CONTEXT(2) 
PARAMETRIC_REPRESENTATION_CONTEXT() REPRESENTATION_CONTEXT('2D SPACE',''
  ) );
#4343 = PCURVE('',#4344,#4349);
#4344 = PLANE('',#4345);
#4345 = AXIS2_PLACEMENT_3D('',#4346,#4347,#4348);
#4346 = CARTESIAN_POINT('',(-48.6,55.155498166291,54.014918730345));
#4347 = DIRECTION('',(1.,0.,0.));
#4348 = DIRECTION('',(0.,0.96737222338,0.253359391838));
#4349 = DEFINITIONAL_REPRESENTATION('',(#4350),#4354);
#4350 = LINE('',#4351,#4352);
#4351 = CARTESIAN_POINT('',(0.,-7.));
#4352 = VECTOR('',#4353,1.);
#4353 = DIRECTION('',(1.,0.));
#4354 = ( GEOMETRIC_REPRESENTATION_CONTEXT(2) 
PARAMETRIC_REPRESENTATION_CONTEXT() REPRESENTATION_CONTEXT('2D SPACE',''
  ) );
#4355 = ORIENTED_EDGE('',*,*,#4356,.F.);
#4356 = EDGE_CURVE('',#1201,#4329,#4357,.T.);
#4357 = SURFACE_CURVE('',#4358,(#4362,#4369),.PCURVE_S1.);
#4358 = LINE('',#4359,#4360);
#4359 = CARTESIAN_POINT('',(-50.5,59.153970022929,47.82603976791));
#4360 = VECTOR('',#4361,1.);
#4361 = DIRECTION('',(1.,0.,0.));
#4362 = PCURVE('',#533,#4363);
#4363 = DEFINITIONAL_REPRESENTATION('',(#4364),#4368);
#4364 = LINE('',#4365,#4366);
#4365 = CARTESIAN_POINT('',(19.3,1.9));
#4366 = VECTOR('',#4367,1.);
#4367 = DIRECTION('',(0.,-1.));
#4368 = ( GEOMETRIC_REPRESENTATION_CONTEXT(2) 
PARAMETRIC_REPRESENTATION_CONTEXT() REPRESENTATION_CONTEXT('2D SPACE',''
  ) );
#4369 = PCURVE('',#1236,#4370);
#4370 = DEFINITIONAL_REPRESENTATION('',(#4371),#4375);
#4371 = LINE('',#4372,#4373);
#4372 = CARTESIAN_POINT('',(0.,0.));
#4373 = VECTOR('',#4374,1.);
#4374 = DIRECTION('',(0.,-1.));
#4375 = ( GEOMETRIC_REPRESENTATION_CONTEXT(2) 
PARAMETRIC_REPRESENTATION_CONTEXT() REPRESENTATION_CONTEXT('2D SPACE',''
  ) );
#4376 = ORIENTED_EDGE('',*,*,#1200,.F.);
#4377 = ORIENTED_EDGE('',*,*,#4378,.T.);
#4378 = EDGE_CURVE('',#1173,#4379,#4381,.T.);
#4379 = VERTEX_POINT('',#4380);
#4380 = CARTESIAN_POINT('',(-48.6,57.60617446552,47.42066474097));
#4381 = SURFACE_CURVE('',#4382,(#4386,#4393),.PCURVE_S1.);
#4382 = LINE('',#4383,#4384);
#4383 = CARTESIAN_POINT('',(-50.5,57.60617446552,47.42066474097));
#4384 = VECTOR('',#4385,1.);
#4385 = DIRECTION('',(1.,0.,0.));
#4386 = PCURVE('',#533,#4387);
#4387 = DEFINITIONAL_REPRESENTATION('',(#4388),#4392);
#4388 = LINE('',#4389,#4390);
#4389 = CARTESIAN_POINT('',(17.7,1.9));
#4390 = VECTOR('',#4391,1.);
#4391 = DIRECTION('',(0.,-1.));
#4392 = ( GEOMETRIC_REPRESENTATION_CONTEXT(2) 
PARAMETRIC_REPRESENTATION_CONTEXT() REPRESENTATION_CONTEXT('2D SPACE',''
  ) );
#4393 = PCURVE('',#1189,#4394);
#4394 = DEFINITIONAL_REPRESENTATION('',(#4395),#4399);
#4395 = LINE('',#4396,#4397);
#4396 = CARTESIAN_POINT('',(0.,0.));
#4397 = VECTOR('',#4398,1.);
#4398 = DIRECTION('',(0.,-1.));
#4399 = ( GEOMETRIC_REPRESENTATION_CONTEXT(2) 
PARAMETRIC_REPRESENTATION_CONTEXT() REPRESENTATION_CONTEXT('2D SPACE',''
  ) );
#4400 = ORIENTED_EDGE('',*,*,#4401,.F.);
#4401 = EDGE_CURVE('',#4402,#4379,#4404,.T.);
#4402 = VERTEX_POINT('',#4403);
#4403 = CARTESIAN_POINT('',(-48.6,55.284481129408,46.812602200559));
#4404 = SURFACE_CURVE('',#4405,(#4409,#4416),.PCURVE_S1.);
#4405 = LINE('',#4406,#4407);
#4406 = CARTESIAN_POINT('',(-48.6,56.929013909154,47.243313166683));
#4407 = VECTOR('',#4408,1.);
#4408 = DIRECTION('',(0.,0.96737222338,0.253359391838));
#4409 = PCURVE('',#533,#4410);
#4410 = DEFINITIONAL_REPRESENTATION('',(#4411),#4415);
#4411 = LINE('',#4412,#4413);
#4412 = CARTESIAN_POINT('',(17.,0.));
#4413 = VECTOR('',#4414,1.);
#4414 = DIRECTION('',(1.,0.));
#4415 = ( GEOMETRIC_REPRESENTATION_CONTEXT(2) 
PARAMETRIC_REPRESENTATION_CONTEXT() REPRESENTATION_CONTEXT('2D SPACE',''
  ) );
#4416 = PCURVE('',#4417,#4422);
#4417 = PLANE('',#4418);
#4418 = AXIS2_PLACEMENT_3D('',#4419,#4420,#4421);
#4419 = CARTESIAN_POINT('',(-48.6,55.155498166291,54.014918730345));
#4420 = DIRECTION('',(1.,0.,0.));
#4421 = DIRECTION('',(0.,0.96737222338,0.253359391838));
#4422 = DEFINITIONAL_REPRESENTATION('',(#4423),#4427);
#4423 = LINE('',#4424,#4425);
#4424 = CARTESIAN_POINT('',(0.,-7.));
#4425 = VECTOR('',#4426,1.);
#4426 = DIRECTION('',(1.,0.));
#4427 = ( GEOMETRIC_REPRESENTATION_CONTEXT(2) 
PARAMETRIC_REPRESENTATION_CONTEXT() REPRESENTATION_CONTEXT('2D SPACE',''
  ) );
#4428 = ORIENTED_EDGE('',*,*,#4429,.F.);
#4429 = EDGE_CURVE('',#519,#4402,#4430,.T.);
#4430 = SURFACE_CURVE('',#4431,(#4435,#4442),.PCURVE_S1.);
#4431 = LINE('',#4432,#4433);
#4432 = CARTESIAN_POINT('',(-50.5,55.284481129408,46.812602200559));
#4433 = VECTOR('',#4434,1.);
#4434 = DIRECTION('',(1.,0.,0.));
#4435 = PCURVE('',#533,#4436);
#4436 = DEFINITIONAL_REPRESENTATION('',(#4437),#4441);
#4437 = LINE('',#4438,#4439);
#4438 = CARTESIAN_POINT('',(15.3,1.9));
#4439 = VECTOR('',#4440,1.);
#4440 = DIRECTION('',(0.,-1.));
#4441 = ( GEOMETRIC_REPRESENTATION_CONTEXT(2) 
PARAMETRIC_REPRESENTATION_CONTEXT() REPRESENTATION_CONTEXT('2D SPACE',''
  ) );
#4442 = PCURVE('',#559,#4443);
#4443 = DEFINITIONAL_REPRESENTATION('',(#4444),#4448);
#4444 = LINE('',#4445,#4446);
#4445 = CARTESIAN_POINT('',(0.,0.));
#4446 = VECTOR('',#4447,1.);
#4447 = DIRECTION('',(0.,-1.));
#4448 = ( GEOMETRIC_REPRESENTATION_CONTEXT(2) 
PARAMETRIC_REPRESENTATION_CONTEXT() REPRESENTATION_CONTEXT('2D SPACE',''
  ) );
#4449 = ORIENTED_EDGE('',*,*,#518,.F.);
#4450 = ORIENTED_EDGE('',*,*,#3185,.T.);
#4451 = ORIENTED_EDGE('',*,*,#4452,.F.);
#4452 = EDGE_CURVE('',#4453,#3186,#4455,.T.);
#4453 = VERTEX_POINT('',#4454);
#4454 = CARTESIAN_POINT('',(-48.6,51.414992235887,45.799164633208));
#4455 = SURFACE_CURVE('',#4456,(#4460,#4467),.PCURVE_S1.);
#4456 = LINE('',#4457,#4458);
#4457 = CARTESIAN_POINT('',(-48.6,56.929013909154,47.243313166683));
#4458 = VECTOR('',#4459,1.);
#4459 = DIRECTION('',(0.,0.96737222338,0.253359391838));
#4460 = PCURVE('',#533,#4461);
#4461 = DEFINITIONAL_REPRESENTATION('',(#4462),#4466);
#4462 = LINE('',#4463,#4464);
#4463 = CARTESIAN_POINT('',(17.,0.));
#4464 = VECTOR('',#4465,1.);
#4465 = DIRECTION('',(1.,0.));
#4466 = ( GEOMETRIC_REPRESENTATION_CONTEXT(2) 
PARAMETRIC_REPRESENTATION_CONTEXT() REPRESENTATION_CONTEXT('2D SPACE',''
  ) );
#4467 = PCURVE('',#3224,#4468);
#4468 = DEFINITIONAL_REPRESENTATION('',(#4469),#4473);
#4469 = LINE('',#4470,#4471);
#4470 = CARTESIAN_POINT('',(0.,-7.));
#4471 = VECTOR('',#4472,1.);
#4472 = DIRECTION('',(1.,0.));
#4473 = ( GEOMETRIC_REPRESENTATION_CONTEXT(2) 
PARAMETRIC_REPRESENTATION_CONTEXT() REPRESENTATION_CONTEXT('2D SPACE',''
  ) );
#4474 = ORIENTED_EDGE('',*,*,#4475,.F.);
#4475 = EDGE_CURVE('',#625,#4453,#4476,.T.);
#4476 = SURFACE_CURVE('',#4477,(#4481,#4488),.PCURVE_S1.);
#4477 = LINE('',#4478,#4479);
#4478 = CARTESIAN_POINT('',(-50.5,51.414992235887,45.799164633208));
#4479 = VECTOR('',#4480,1.);
#4480 = DIRECTION('',(1.,0.,0.));
#4481 = PCURVE('',#533,#4482);
#4482 = DEFINITIONAL_REPRESENTATION('',(#4483),#4487);
#4483 = LINE('',#4484,#4485);
#4484 = CARTESIAN_POINT('',(11.3,1.9));
#4485 = VECTOR('',#4486,1.);
#4486 = DIRECTION('',(0.,-1.));
#4487 = ( GEOMETRIC_REPRESENTATION_CONTEXT(2) 
PARAMETRIC_REPRESENTATION_CONTEXT() REPRESENTATION_CONTEXT('2D SPACE',''
  ) );
#4488 = PCURVE('',#660,#4489);
#4489 = DEFINITIONAL_REPRESENTATION('',(#4490),#4494);
#4490 = LINE('',#4491,#4492);
#4491 = CARTESIAN_POINT('',(0.,0.));
#4492 = VECTOR('',#4493,1.);
#4493 = DIRECTION('',(0.,-1.));
#4494 = ( GEOMETRIC_REPRESENTATION_CONTEXT(2) 
PARAMETRIC_REPRESENTATION_CONTEXT() REPRESENTATION_CONTEXT('2D SPACE',''
  ) );
#4495 = ORIENTED_EDGE('',*,*,#624,.F.);
#4496 = ORIENTED_EDGE('',*,*,#4497,.T.);
#4497 = EDGE_CURVE('',#597,#4498,#4500,.T.);
#4498 = VERTEX_POINT('',#4499);
#4499 = CARTESIAN_POINT('',(-48.6,49.867196678479,45.393789606268));
#4500 = SURFACE_CURVE('',#4501,(#4505,#4512),.PCURVE_S1.);
#4501 = LINE('',#4502,#4503);
#4502 = CARTESIAN_POINT('',(-50.5,49.867196678479,45.393789606268));
#4503 = VECTOR('',#4504,1.);
#4504 = DIRECTION('',(1.,0.,0.));
#4505 = PCURVE('',#533,#4506);
#4506 = DEFINITIONAL_REPRESENTATION('',(#4507),#4511);
#4507 = LINE('',#4508,#4509);
#4508 = CARTESIAN_POINT('',(9.7,1.9));
#4509 = VECTOR('',#4510,1.);
#4510 = DIRECTION('',(0.,-1.));
#4511 = ( GEOMETRIC_REPRESENTATION_CONTEXT(2) 
PARAMETRIC_REPRESENTATION_CONTEXT() REPRESENTATION_CONTEXT('2D SPACE',''
  ) );
#4512 = PCURVE('',#613,#4513);
#4513 = DEFINITIONAL_REPRESENTATION('',(#4514),#4518);
#4514 = LINE('',#4515,#4516);
#4515 = CARTESIAN_POINT('',(0.,0.));
#4516 = VECTOR('',#4517,1.);
#4517 = DIRECTION('',(0.,-1.));
#4518 = ( GEOMETRIC_REPRESENTATION_CONTEXT(2) 
PARAMETRIC_REPRESENTATION_CONTEXT() REPRESENTATION_CONTEXT('2D SPACE',''
  ) );
#4519 = ORIENTED_EDGE('',*,*,#4520,.F.);
#4520 = EDGE_CURVE('',#4521,#4498,#4523,.T.);
#4521 = VERTEX_POINT('',#4522);
#4522 = CARTESIAN_POINT('',(-48.6,47.545503342366,44.785727065858));
#4523 = SURFACE_CURVE('',#4524,(#4528,#4535),.PCURVE_S1.);
#4524 = LINE('',#4525,#4526);
#4525 = CARTESIAN_POINT('',(-48.6,56.929013909154,47.243313166683));
#4526 = VECTOR('',#4527,1.);
#4527 = DIRECTION('',(0.,0.96737222338,0.253359391838));
#4528 = PCURVE('',#533,#4529);
#4529 = DEFINITIONAL_REPRESENTATION('',(#4530),#4534);
#4530 = LINE('',#4531,#4532);
#4531 = CARTESIAN_POINT('',(17.,0.));
#4532 = VECTOR('',#4533,1.);
#4533 = DIRECTION('',(1.,0.));
#4534 = ( GEOMETRIC_REPRESENTATION_CONTEXT(2) 
PARAMETRIC_REPRESENTATION_CONTEXT() REPRESENTATION_CONTEXT('2D SPACE',''
  ) );
#4535 = PCURVE('',#4536,#4541);
#4536 = PLANE('',#4537);
#4537 = AXIS2_PLACEMENT_3D('',#4538,#4539,#4540);
#4538 = CARTESIAN_POINT('',(-48.6,55.155498166291,54.014918730345));
#4539 = DIRECTION('',(1.,0.,0.));
#4540 = DIRECTION('',(0.,0.96737222338,0.253359391838));
#4541 = DEFINITIONAL_REPRESENTATION('',(#4542),#4546);
#4542 = LINE('',#4543,#4544);
#4543 = CARTESIAN_POINT('',(0.,-7.));
#4544 = VECTOR('',#4545,1.);
#4545 = DIRECTION('',(1.,0.));
#4546 = ( GEOMETRIC_REPRESENTATION_CONTEXT(2) 
PARAMETRIC_REPRESENTATION_CONTEXT() REPRESENTATION_CONTEXT('2D SPACE',''
  ) );
#4547 = ORIENTED_EDGE('',*,*,#4548,.F.);
#4548 = EDGE_CURVE('',#817,#4521,#4549,.T.);
#4549 = SURFACE_CURVE('',#4550,(#4554,#4561),.PCURVE_S1.);
#4550 = LINE('',#4551,#4552);
#4551 = CARTESIAN_POINT('',(-50.5,47.545503342366,44.785727065858));
#4552 = VECTOR('',#4553,1.);
#4553 = DIRECTION('',(1.,0.,0.));
#4554 = PCURVE('',#533,#4555);
#4555 = DEFINITIONAL_REPRESENTATION('',(#4556),#4560);
#4556 = LINE('',#4557,#4558);
#4557 = CARTESIAN_POINT('',(7.3,1.9));
#4558 = VECTOR('',#4559,1.);
#4559 = DIRECTION('',(0.,-1.));
#4560 = ( GEOMETRIC_REPRESENTATION_CONTEXT(2) 
PARAMETRIC_REPRESENTATION_CONTEXT() REPRESENTATION_CONTEXT('2D SPACE',''
  ) );
#4561 = PCURVE('',#852,#4562);
#4562 = DEFINITIONAL_REPRESENTATION('',(#4563),#4567);
#4563 = LINE('',#4564,#4565);
#4564 = CARTESIAN_POINT('',(0.,0.));
#4565 = VECTOR('',#4566,1.);
#4566 = DIRECTION('',(0.,-1.));
#4567 = ( GEOMETRIC_REPRESENTATION_CONTEXT(2) 
PARAMETRIC_REPRESENTATION_CONTEXT() REPRESENTATION_CONTEXT('2D SPACE',''
  ) );
#4568 = ORIENTED_EDGE('',*,*,#816,.F.);
#4569 = ORIENTED_EDGE('',*,*,#4570,.T.);
#4570 = EDGE_CURVE('',#789,#4571,#4573,.T.);
#4571 = VERTEX_POINT('',#4572);
#4572 = CARTESIAN_POINT('',(-48.6,45.997707784958,44.380352038917));
#4573 = SURFACE_CURVE('',#4574,(#4578,#4585),.PCURVE_S1.);
#4574 = LINE('',#4575,#4576);
#4575 = CARTESIAN_POINT('',(-50.5,45.997707784958,44.380352038917));
#4576 = VECTOR('',#4577,1.);
#4577 = DIRECTION('',(1.,0.,0.));
#4578 = PCURVE('',#533,#4579);
#4579 = DEFINITIONAL_REPRESENTATION('',(#4580),#4584);
#4580 = LINE('',#4581,#4582);
#4581 = CARTESIAN_POINT('',(5.7,1.9));
#4582 = VECTOR('',#4583,1.);
#4583 = DIRECTION('',(0.,-1.));
#4584 = ( GEOMETRIC_REPRESENTATION_CONTEXT(2) 
PARAMETRIC_REPRESENTATION_CONTEXT() REPRESENTATION_CONTEXT('2D SPACE',''
  ) );
#4585 = PCURVE('',#805,#4586);
#4586 = DEFINITIONAL_REPRESENTATION('',(#4587),#4591);
#4587 = LINE('',#4588,#4589);
#4588 = CARTESIAN_POINT('',(0.,0.));
#4589 = VECTOR('',#4590,1.);
#4590 = DIRECTION('',(0.,-1.));
#4591 = ( GEOMETRIC_REPRESENTATION_CONTEXT(2) 
PARAMETRIC_REPRESENTATION_CONTEXT() REPRESENTATION_CONTEXT('2D SPACE',''
  ) );
#4592 = ORIENTED_EDGE('',*,*,#4593,.F.);
#4593 = EDGE_CURVE('',#4594,#4571,#4596,.T.);
#4594 = VERTEX_POINT('',#4595);
#4595 = CARTESIAN_POINT('',(-48.6,43.676014448845,43.772289498507));
#4596 = SURFACE_CURVE('',#4597,(#4601,#4608),.PCURVE_S1.);
#4597 = LINE('',#4598,#4599);
#4598 = CARTESIAN_POINT('',(-48.6,56.929013909154,47.243313166683));
#4599 = VECTOR('',#4600,1.);
#4600 = DIRECTION('',(0.,0.96737222338,0.253359391838));
#4601 = PCURVE('',#533,#4602);
#4602 = DEFINITIONAL_REPRESENTATION('',(#4603),#4607);
#4603 = LINE('',#4604,#4605);
#4604 = CARTESIAN_POINT('',(17.,0.));
#4605 = VECTOR('',#4606,1.);
#4606 = DIRECTION('',(1.,0.));
#4607 = ( GEOMETRIC_REPRESENTATION_CONTEXT(2) 
PARAMETRIC_REPRESENTATION_CONTEXT() REPRESENTATION_CONTEXT('2D SPACE',''
  ) );
#4608 = PCURVE('',#4609,#4614);
#4609 = PLANE('',#4610);
#4610 = AXIS2_PLACEMENT_3D('',#4611,#4612,#4613);
#4611 = CARTESIAN_POINT('',(-48.6,55.155498166291,54.014918730345));
#4612 = DIRECTION('',(1.,0.,0.));
#4613 = DIRECTION('',(0.,0.96737222338,0.253359391838));
#4614 = DEFINITIONAL_REPRESENTATION('',(#4615),#4619);
#4615 = LINE('',#4616,#4617);
#4616 = CARTESIAN_POINT('',(0.,-7.));
#4617 = VECTOR('',#4618,1.);
#4618 = DIRECTION('',(1.,0.));
#4619 = ( GEOMETRIC_REPRESENTATION_CONTEXT(2) 
PARAMETRIC_REPRESENTATION_CONTEXT() REPRESENTATION_CONTEXT('2D SPACE',''
  ) );
#4620 = ORIENTED_EDGE('',*,*,#4621,.F.);
#4621 = EDGE_CURVE('',#721,#4594,#4622,.T.);
#4622 = SURFACE_CURVE('',#4623,(#4627,#4634),.PCURVE_S1.);
#4623 = LINE('',#4624,#4625);
#4624 = CARTESIAN_POINT('',(-50.5,43.676014448845,43.772289498507));
#4625 = VECTOR('',#4626,1.);
#4626 = DIRECTION('',(1.,0.,0.));
#4627 = PCURVE('',#533,#4628);
#4628 = DEFINITIONAL_REPRESENTATION('',(#4629),#4633);
#4629 = LINE('',#4630,#4631);
#4630 = CARTESIAN_POINT('',(3.3,1.9));
#4631 = VECTOR('',#4632,1.);
#4632 = DIRECTION('',(0.,-1.));
#4633 = ( GEOMETRIC_REPRESENTATION_CONTEXT(2) 
PARAMETRIC_REPRESENTATION_CONTEXT() REPRESENTATION_CONTEXT('2D SPACE',''
  ) );
#4634 = PCURVE('',#756,#4635);
#4635 = DEFINITIONAL_REPRESENTATION('',(#4636),#4640);
#4636 = LINE('',#4637,#4638);
#4637 = CARTESIAN_POINT('',(0.,0.));
#4638 = VECTOR('',#4639,1.);
#4639 = DIRECTION('',(0.,-1.));
#4640 = ( GEOMETRIC_REPRESENTATION_CONTEXT(2) 
PARAMETRIC_REPRESENTATION_CONTEXT() REPRESENTATION_CONTEXT('2D SPACE',''
  ) );
#4641 = ORIENTED_EDGE('',*,*,#720,.F.);
#4642 = ORIENTED_EDGE('',*,*,#4643,.T.);
#4643 = EDGE_CURVE('',#693,#3263,#4644,.T.);
#4644 = SURFACE_CURVE('',#4645,(#4649,#4656),.PCURVE_S1.);
#4645 = LINE('',#4646,#4647);
#4646 = CARTESIAN_POINT('',(-50.5,42.128218891437,43.366914471567));
#4647 = VECTOR('',#4648,1.);
#4648 = DIRECTION('',(1.,0.,0.));
#4649 = PCURVE('',#533,#4650);
#4650 = DEFINITIONAL_REPRESENTATION('',(#4651),#4655);
#4651 = LINE('',#4652,#4653);
#4652 = CARTESIAN_POINT('',(1.7,1.9));
#4653 = VECTOR('',#4654,1.);
#4654 = DIRECTION('',(0.,-1.));
#4655 = ( GEOMETRIC_REPRESENTATION_CONTEXT(2) 
PARAMETRIC_REPRESENTATION_CONTEXT() REPRESENTATION_CONTEXT('2D SPACE',''
  ) );
#4656 = PCURVE('',#709,#4657);
#4657 = DEFINITIONAL_REPRESENTATION('',(#4658),#4662);
#4658 = LINE('',#4659,#4660);
#4659 = CARTESIAN_POINT('',(0.,0.));
#4660 = VECTOR('',#4661,1.);
#4661 = DIRECTION('',(0.,-1.));
#4662 = ( GEOMETRIC_REPRESENTATION_CONTEXT(2) 
PARAMETRIC_REPRESENTATION_CONTEXT() REPRESENTATION_CONTEXT('2D SPACE',''
  ) );
#4663 = ADVANCED_FACE('',(#4664),#583,.F.);
#4664 = FACE_BOUND('',#4665,.F.);
#4665 = EDGE_LOOP('',(#4666,#4691,#4714,#4737,#4760,#4781,#4804,#4827,
    #4850,#4871,#4894,#4917,#4940,#4961,#4984,#5007,#5030,#5051,#5074,
    #5097,#5120,#5141,#5164,#5187,#5210,#5231,#5254,#5277,#5300,#5321,
    #5344,#5367,#5390,#5413,#5434,#5435,#5458,#5481,#5502,#5503,#5526,
    #5549,#5570,#5571,#5594,#5617,#5638,#5639,#5662,#5685,#5706,#5707,
    #5708,#5731,#5752,#5753,#5776,#5799,#5820,#5821,#5844,#5867,#5888,
    #5889));
#4666 = ORIENTED_EDGE('',*,*,#4667,.F.);
#4667 = EDGE_CURVE('',#4668,#4670,#4672,.T.);
#4668 = VERTEX_POINT('',#4669);
#4669 = CARTESIAN_POINT('',(-48.6,36.936654625963,56.479414632766));
#4670 = VERTEX_POINT('',#4671);
#4671 = CARTESIAN_POINT('',(-48.6,38.581187405709,56.91012559889));
#4672 = SURFACE_CURVE('',#4673,(#4677,#4684),.PCURVE_S1.);
#4673 = LINE('',#4674,#4675);
#4674 = CARTESIAN_POINT('',(-48.6,53.381982423427,60.786524294007));
#4675 = VECTOR('',#4676,1.);
#4676 = DIRECTION('',(0.,0.96737222338,0.253359391838));
#4677 = PCURVE('',#583,#4678);
#4678 = DEFINITIONAL_REPRESENTATION('',(#4679),#4683);
#4679 = LINE('',#4680,#4681);
#4680 = CARTESIAN_POINT('',(17.,0.));
#4681 = VECTOR('',#4682,1.);
#4682 = DIRECTION('',(1.,0.));
#4683 = ( GEOMETRIC_REPRESENTATION_CONTEXT(2) 
PARAMETRIC_REPRESENTATION_CONTEXT() REPRESENTATION_CONTEXT('2D SPACE',''
  ) );
#4684 = PCURVE('',#3278,#4685);
#4685 = DEFINITIONAL_REPRESENTATION('',(#4686),#4690);
#4686 = LINE('',#4687,#4688);
#4687 = CARTESIAN_POINT('',(0.,7.));
#4688 = VECTOR('',#4689,1.);
#4689 = DIRECTION('',(1.,0.));
#4690 = ( GEOMETRIC_REPRESENTATION_CONTEXT(2) 
PARAMETRIC_REPRESENTATION_CONTEXT() REPRESENTATION_CONTEXT('2D SPACE',''
  ) );
#4691 = ORIENTED_EDGE('',*,*,#4692,.T.);
#4692 = EDGE_CURVE('',#4668,#4693,#4695,.T.);
#4693 = VERTEX_POINT('',#4694);
#4694 = CARTESIAN_POINT('',(-47.4,36.936654625963,56.479414632766));
#4695 = SURFACE_CURVE('',#4696,(#4700,#4707),.PCURVE_S1.);
#4696 = LINE('',#4697,#4698);
#4697 = CARTESIAN_POINT('',(-48.6,36.936654625963,56.479414632766));
#4698 = VECTOR('',#4699,1.);
#4699 = DIRECTION('',(1.,0.,0.));
#4700 = PCURVE('',#583,#4701);
#4701 = DEFINITIONAL_REPRESENTATION('',(#4702),#4706);
#4702 = LINE('',#4703,#4704);
#4703 = CARTESIAN_POINT('',(0.,0.));
#4704 = VECTOR('',#4705,1.);
#4705 = DIRECTION('',(0.,-1.));
#4706 = ( GEOMETRIC_REPRESENTATION_CONTEXT(2) 
PARAMETRIC_REPRESENTATION_CONTEXT() REPRESENTATION_CONTEXT('2D SPACE',''
  ) );
#4707 = PCURVE('',#3306,#4708);
#4708 = DEFINITIONAL_REPRESENTATION('',(#4709),#4713);
#4709 = LINE('',#4710,#4711);
#4710 = CARTESIAN_POINT('',(14.,0.));
#4711 = VECTOR('',#4712,1.);
#4712 = DIRECTION('',(0.,-1.));
#4713 = ( GEOMETRIC_REPRESENTATION_CONTEXT(2) 
PARAMETRIC_REPRESENTATION_CONTEXT() REPRESENTATION_CONTEXT('2D SPACE',''
  ) );
#4714 = ORIENTED_EDGE('',*,*,#4715,.T.);
#4715 = EDGE_CURVE('',#4693,#4716,#4718,.T.);
#4716 = VERTEX_POINT('',#4717);
#4717 = CARTESIAN_POINT('',(-47.4,40.515931852469,57.416844382566));
#4718 = SURFACE_CURVE('',#4719,(#4723,#4730),.PCURVE_S1.);
#4719 = LINE('',#4720,#4721);
#4720 = CARTESIAN_POINT('',(-47.4,53.381982423427,60.786524294007));
#4721 = VECTOR('',#4722,1.);
#4722 = DIRECTION('',(0.,0.96737222338,0.253359391838));
#4723 = PCURVE('',#583,#4724);
#4724 = DEFINITIONAL_REPRESENTATION('',(#4725),#4729);
#4725 = LINE('',#4726,#4727);
#4726 = CARTESIAN_POINT('',(17.,-1.2));
#4727 = VECTOR('',#4728,1.);
#4728 = DIRECTION('',(1.,0.));
#4729 = ( GEOMETRIC_REPRESENTATION_CONTEXT(2) 
PARAMETRIC_REPRESENTATION_CONTEXT() REPRESENTATION_CONTEXT('2D SPACE',''
  ) );
#4730 = PCURVE('',#3334,#4731);
#4731 = DEFINITIONAL_REPRESENTATION('',(#4732),#4736);
#4732 = LINE('',#4733,#4734);
#4733 = CARTESIAN_POINT('',(0.,7.));
#4734 = VECTOR('',#4735,1.);
#4735 = DIRECTION('',(1.,0.));
#4736 = ( GEOMETRIC_REPRESENTATION_CONTEXT(2) 
PARAMETRIC_REPRESENTATION_CONTEXT() REPRESENTATION_CONTEXT('2D SPACE',''
  ) );
#4737 = ORIENTED_EDGE('',*,*,#4738,.T.);
#4738 = EDGE_CURVE('',#4716,#4739,#4741,.T.);
#4739 = VERTEX_POINT('',#4740);
#4740 = CARTESIAN_POINT('',(-46.,40.515931852469,57.416844382566));
#4741 = SURFACE_CURVE('',#4742,(#4746,#4753),.PCURVE_S1.);
#4742 = LINE('',#4743,#4744);
#4743 = CARTESIAN_POINT('',(-47.4,40.515931852469,57.416844382566));
#4744 = VECTOR('',#4745,1.);
#4745 = DIRECTION('',(1.,0.,0.));
#4746 = PCURVE('',#583,#4747);
#4747 = DEFINITIONAL_REPRESENTATION('',(#4748),#4752);
#4748 = LINE('',#4749,#4750);
#4749 = CARTESIAN_POINT('',(3.7,-1.2));
#4750 = VECTOR('',#4751,1.);
#4751 = DIRECTION('',(0.,-1.));
#4752 = ( GEOMETRIC_REPRESENTATION_CONTEXT(2) 
PARAMETRIC_REPRESENTATION_CONTEXT() REPRESENTATION_CONTEXT('2D SPACE',''
  ) );
#4753 = PCURVE('',#3362,#4754);
#4754 = DEFINITIONAL_REPRESENTATION('',(#4755),#4759);
#4755 = LINE('',#4756,#4757);
#4756 = CARTESIAN_POINT('',(14.,0.));
#4757 = VECTOR('',#4758,1.);
#4758 = DIRECTION('',(0.,-1.));
#4759 = ( GEOMETRIC_REPRESENTATION_CONTEXT(2) 
PARAMETRIC_REPRESENTATION_CONTEXT() REPRESENTATION_CONTEXT('2D SPACE',''
  ) );
#4760 = ORIENTED_EDGE('',*,*,#4761,.T.);
#4761 = EDGE_CURVE('',#4739,#4762,#4764,.T.);
#4762 = VERTEX_POINT('',#4763);
#4763 = CARTESIAN_POINT('',(-46.,42.063727409878,57.822219409506));
#4764 = SURFACE_CURVE('',#4765,(#4769,#4775),.PCURVE_S1.);
#4765 = LINE('',#4766,#4767);
#4766 = CARTESIAN_POINT('',(-46.,45.443984901484,58.707524943022));
#4767 = VECTOR('',#4768,1.);
#4768 = DIRECTION('',(-0.,0.96737222338,0.253359391838));
#4769 = PCURVE('',#583,#4770);
#4770 = DEFINITIONAL_REPRESENTATION('',(#4771),#4774);
#4771 = B_SPLINE_CURVE_WITH_KNOTS('',1,(#4772,#4773),.UNSPECIFIED.,.F.,
  .F.,(2,2),(-8.794267676815,25.205732323185),.PIECEWISE_BEZIER_KNOTS.);
#4772 = CARTESIAN_POINT('',(-3.552713678801E-15,-2.6));
#4773 = CARTESIAN_POINT('',(34.,-2.6));
#4774 = ( GEOMETRIC_REPRESENTATION_CONTEXT(2) 
PARAMETRIC_REPRESENTATION_CONTEXT() REPRESENTATION_CONTEXT('2D SPACE',''
  ) );
#4775 = PCURVE('',#2584,#4776);
#4776 = DEFINITIONAL_REPRESENTATION('',(#4777),#4780);
#4777 = B_SPLINE_CURVE_WITH_KNOTS('',1,(#4778,#4779),.UNSPECIFIED.,.F.,
  .F.,(2,2),(-8.794267676815,25.205732323185),.PIECEWISE_BEZIER_KNOTS.);
#4778 = CARTESIAN_POINT('',(23.626435321693,20.788737594699));
#4779 = CARTESIAN_POINT('',(-9.264220273236,29.40295691718));
#4780 = ( GEOMETRIC_REPRESENTATION_CONTEXT(2) 
PARAMETRIC_REPRESENTATION_CONTEXT() REPRESENTATION_CONTEXT('2D SPACE',''
  ) );
#4781 = ORIENTED_EDGE('',*,*,#4782,.F.);
#4782 = EDGE_CURVE('',#4783,#4762,#4785,.T.);
#4783 = VERTEX_POINT('',#4784);
#4784 = CARTESIAN_POINT('',(-47.4,42.063727409878,57.822219409506));
#4785 = SURFACE_CURVE('',#4786,(#4790,#4797),.PCURVE_S1.);
#4786 = LINE('',#4787,#4788);
#4787 = CARTESIAN_POINT('',(-47.4,42.063727409878,57.822219409506));
#4788 = VECTOR('',#4789,1.);
#4789 = DIRECTION('',(1.,0.,0.));
#4790 = PCURVE('',#583,#4791);
#4791 = DEFINITIONAL_REPRESENTATION('',(#4792),#4796);
#4792 = LINE('',#4793,#4794);
#4793 = CARTESIAN_POINT('',(5.3,-1.2));
#4794 = VECTOR('',#4795,1.);
#4795 = DIRECTION('',(0.,-1.));
#4796 = ( GEOMETRIC_REPRESENTATION_CONTEXT(2) 
PARAMETRIC_REPRESENTATION_CONTEXT() REPRESENTATION_CONTEXT('2D SPACE',''
  ) );
#4797 = PCURVE('',#3411,#4798);
#4798 = DEFINITIONAL_REPRESENTATION('',(#4799),#4803);
#4799 = LINE('',#4800,#4801);
#4800 = CARTESIAN_POINT('',(14.,0.));
#4801 = VECTOR('',#4802,1.);
#4802 = DIRECTION('',(0.,-1.));
#4803 = ( GEOMETRIC_REPRESENTATION_CONTEXT(2) 
PARAMETRIC_REPRESENTATION_CONTEXT() REPRESENTATION_CONTEXT('2D SPACE',''
  ) );
#4804 = ORIENTED_EDGE('',*,*,#4805,.T.);
#4805 = EDGE_CURVE('',#4783,#4806,#4808,.T.);
#4806 = VERTEX_POINT('',#4807);
#4807 = CARTESIAN_POINT('',(-47.4,44.38542074599,58.430281949916));
#4808 = SURFACE_CURVE('',#4809,(#4813,#4820),.PCURVE_S1.);
#4809 = LINE('',#4810,#4811);
#4810 = CARTESIAN_POINT('',(-47.4,53.381982423427,60.786524294007));
#4811 = VECTOR('',#4812,1.);
#4812 = DIRECTION('',(0.,0.96737222338,0.253359391838));
#4813 = PCURVE('',#583,#4814);
#4814 = DEFINITIONAL_REPRESENTATION('',(#4815),#4819);
#4815 = LINE('',#4816,#4817);
#4816 = CARTESIAN_POINT('',(17.,-1.2));
#4817 = VECTOR('',#4818,1.);
#4818 = DIRECTION('',(1.,0.));
#4819 = ( GEOMETRIC_REPRESENTATION_CONTEXT(2) 
PARAMETRIC_REPRESENTATION_CONTEXT() REPRESENTATION_CONTEXT('2D SPACE',''
  ) );
#4820 = PCURVE('',#3439,#4821);
#4821 = DEFINITIONAL_REPRESENTATION('',(#4822),#4826);
#4822 = LINE('',#4823,#4824);
#4823 = CARTESIAN_POINT('',(0.,7.));
#4824 = VECTOR('',#4825,1.);
#4825 = DIRECTION('',(1.,0.));
#4826 = ( GEOMETRIC_REPRESENTATION_CONTEXT(2) 
PARAMETRIC_REPRESENTATION_CONTEXT() REPRESENTATION_CONTEXT('2D SPACE',''
  ) );
#4827 = ORIENTED_EDGE('',*,*,#4828,.T.);
#4828 = EDGE_CURVE('',#4806,#4829,#4831,.T.);
#4829 = VERTEX_POINT('',#4830);
#4830 = CARTESIAN_POINT('',(-46.,44.38542074599,58.430281949916));
#4831 = SURFACE_CURVE('',#4832,(#4836,#4843),.PCURVE_S1.);
#4832 = LINE('',#4833,#4834);
#4833 = CARTESIAN_POINT('',(-47.4,44.38542074599,58.430281949916));
#4834 = VECTOR('',#4835,1.);
#4835 = DIRECTION('',(1.,0.,0.));
#4836 = PCURVE('',#583,#4837);
#4837 = DEFINITIONAL_REPRESENTATION('',(#4838),#4842);
#4838 = LINE('',#4839,#4840);
#4839 = CARTESIAN_POINT('',(7.7,-1.2));
#4840 = VECTOR('',#4841,1.);
#4841 = DIRECTION('',(0.,-1.));
#4842 = ( GEOMETRIC_REPRESENTATION_CONTEXT(2) 
PARAMETRIC_REPRESENTATION_CONTEXT() REPRESENTATION_CONTEXT('2D SPACE',''
  ) );
#4843 = PCURVE('',#3467,#4844);
#4844 = DEFINITIONAL_REPRESENTATION('',(#4845),#4849);
#4845 = LINE('',#4846,#4847);
#4846 = CARTESIAN_POINT('',(14.,0.));
#4847 = VECTOR('',#4848,1.);
#4848 = DIRECTION('',(0.,-1.));
#4849 = ( GEOMETRIC_REPRESENTATION_CONTEXT(2) 
PARAMETRIC_REPRESENTATION_CONTEXT() REPRESENTATION_CONTEXT('2D SPACE',''
  ) );
#4850 = ORIENTED_EDGE('',*,*,#4851,.T.);
#4851 = EDGE_CURVE('',#4829,#4852,#4854,.T.);
#4852 = VERTEX_POINT('',#4853);
#4853 = CARTESIAN_POINT('',(-46.,45.933216303399,58.835656976857));
#4854 = SURFACE_CURVE('',#4855,(#4859,#4865),.PCURVE_S1.);
#4855 = LINE('',#4856,#4857);
#4856 = CARTESIAN_POINT('',(-46.,45.443984901484,58.707524943022));
#4857 = VECTOR('',#4858,1.);
#4858 = DIRECTION('',(-0.,0.96737222338,0.253359391838));
#4859 = PCURVE('',#583,#4860);
#4860 = DEFINITIONAL_REPRESENTATION('',(#4861),#4864);
#4861 = B_SPLINE_CURVE_WITH_KNOTS('',1,(#4862,#4863),.UNSPECIFIED.,.F.,
  .F.,(2,2),(-8.794267676815,25.205732323185),.PIECEWISE_BEZIER_KNOTS.);
#4862 = CARTESIAN_POINT('',(-3.552713678801E-15,-2.6));
#4863 = CARTESIAN_POINT('',(34.,-2.6));
#4864 = ( GEOMETRIC_REPRESENTATION_CONTEXT(2) 
PARAMETRIC_REPRESENTATION_CONTEXT() REPRESENTATION_CONTEXT('2D SPACE',''
  ) );
#4865 = PCURVE('',#2584,#4866);
#4866 = DEFINITIONAL_REPRESENTATION('',(#4867),#4870);
#4867 = B_SPLINE_CURVE_WITH_KNOTS('',1,(#4868,#4869),.UNSPECIFIED.,.F.,
  .F.,(2,2),(-8.794267676815,25.205732323185),.PIECEWISE_BEZIER_KNOTS.);
#4868 = CARTESIAN_POINT('',(23.626435321693,20.788737594699));
#4869 = CARTESIAN_POINT('',(-9.264220273236,29.40295691718));
#4870 = ( GEOMETRIC_REPRESENTATION_CONTEXT(2) 
PARAMETRIC_REPRESENTATION_CONTEXT() REPRESENTATION_CONTEXT('2D SPACE',''
  ) );
#4871 = ORIENTED_EDGE('',*,*,#4872,.F.);
#4872 = EDGE_CURVE('',#4873,#4852,#4875,.T.);
#4873 = VERTEX_POINT('',#4874);
#4874 = CARTESIAN_POINT('',(-47.4,45.933216303399,58.835656976857));
#4875 = SURFACE_CURVE('',#4876,(#4880,#4887),.PCURVE_S1.);
#4876 = LINE('',#4877,#4878);
#4877 = CARTESIAN_POINT('',(-47.4,45.933216303399,58.835656976857));
#4878 = VECTOR('',#4879,1.);
#4879 = DIRECTION('',(1.,0.,0.));
#4880 = PCURVE('',#583,#4881);
#4881 = DEFINITIONAL_REPRESENTATION('',(#4882),#4886);
#4882 = LINE('',#4883,#4884);
#4883 = CARTESIAN_POINT('',(9.3,-1.2));
#4884 = VECTOR('',#4885,1.);
#4885 = DIRECTION('',(0.,-1.));
#4886 = ( GEOMETRIC_REPRESENTATION_CONTEXT(2) 
PARAMETRIC_REPRESENTATION_CONTEXT() REPRESENTATION_CONTEXT('2D SPACE',''
  ) );
#4887 = PCURVE('',#3516,#4888);
#4888 = DEFINITIONAL_REPRESENTATION('',(#4889),#4893);
#4889 = LINE('',#4890,#4891);
#4890 = CARTESIAN_POINT('',(14.,0.));
#4891 = VECTOR('',#4892,1.);
#4892 = DIRECTION('',(0.,-1.));
#4893 = ( GEOMETRIC_REPRESENTATION_CONTEXT(2) 
PARAMETRIC_REPRESENTATION_CONTEXT() REPRESENTATION_CONTEXT('2D SPACE',''
  ) );
#4894 = ORIENTED_EDGE('',*,*,#4895,.T.);
#4895 = EDGE_CURVE('',#4873,#4896,#4898,.T.);
#4896 = VERTEX_POINT('',#4897);
#4897 = CARTESIAN_POINT('',(-47.4,48.254909639511,59.443719517267));
#4898 = SURFACE_CURVE('',#4899,(#4903,#4910),.PCURVE_S1.);
#4899 = LINE('',#4900,#4901);
#4900 = CARTESIAN_POINT('',(-47.4,53.381982423427,60.786524294007));
#4901 = VECTOR('',#4902,1.);
#4902 = DIRECTION('',(0.,0.96737222338,0.253359391838));
#4903 = PCURVE('',#583,#4904);
#4904 = DEFINITIONAL_REPRESENTATION('',(#4905),#4909);
#4905 = LINE('',#4906,#4907);
#4906 = CARTESIAN_POINT('',(17.,-1.2));
#4907 = VECTOR('',#4908,1.);
#4908 = DIRECTION('',(1.,0.));
#4909 = ( GEOMETRIC_REPRESENTATION_CONTEXT(2) 
PARAMETRIC_REPRESENTATION_CONTEXT() REPRESENTATION_CONTEXT('2D SPACE',''
  ) );
#4910 = PCURVE('',#3544,#4911);
#4911 = DEFINITIONAL_REPRESENTATION('',(#4912),#4916);
#4912 = LINE('',#4913,#4914);
#4913 = CARTESIAN_POINT('',(0.,7.));
#4914 = VECTOR('',#4915,1.);
#4915 = DIRECTION('',(1.,0.));
#4916 = ( GEOMETRIC_REPRESENTATION_CONTEXT(2) 
PARAMETRIC_REPRESENTATION_CONTEXT() REPRESENTATION_CONTEXT('2D SPACE',''
  ) );
#4917 = ORIENTED_EDGE('',*,*,#4918,.T.);
#4918 = EDGE_CURVE('',#4896,#4919,#4921,.T.);
#4919 = VERTEX_POINT('',#4920);
#4920 = CARTESIAN_POINT('',(-46.,48.254909639511,59.443719517267));
#4921 = SURFACE_CURVE('',#4922,(#4926,#4933),.PCURVE_S1.);
#4922 = LINE('',#4923,#4924);
#4923 = CARTESIAN_POINT('',(-47.4,48.254909639511,59.443719517267));
#4924 = VECTOR('',#4925,1.);
#4925 = DIRECTION('',(1.,0.,0.));
#4926 = PCURVE('',#583,#4927);
#4927 = DEFINITIONAL_REPRESENTATION('',(#4928),#4932);
#4928 = LINE('',#4929,#4930);
#4929 = CARTESIAN_POINT('',(11.7,-1.2));
#4930 = VECTOR('',#4931,1.);
#4931 = DIRECTION('',(0.,-1.));
#4932 = ( GEOMETRIC_REPRESENTATION_CONTEXT(2) 
PARAMETRIC_REPRESENTATION_CONTEXT() REPRESENTATION_CONTEXT('2D SPACE',''
  ) );
#4933 = PCURVE('',#3572,#4934);
#4934 = DEFINITIONAL_REPRESENTATION('',(#4935),#4939);
#4935 = LINE('',#4936,#4937);
#4936 = CARTESIAN_POINT('',(14.,0.));
#4937 = VECTOR('',#4938,1.);
#4938 = DIRECTION('',(0.,-1.));
#4939 = ( GEOMETRIC_REPRESENTATION_CONTEXT(2) 
PARAMETRIC_REPRESENTATION_CONTEXT() REPRESENTATION_CONTEXT('2D SPACE',''
  ) );
#4940 = ORIENTED_EDGE('',*,*,#4941,.T.);
#4941 = EDGE_CURVE('',#4919,#4942,#4944,.T.);
#4942 = VERTEX_POINT('',#4943);
#4943 = CARTESIAN_POINT('',(-46.,49.80270519692,59.849094544207));
#4944 = SURFACE_CURVE('',#4945,(#4949,#4955),.PCURVE_S1.);
#4945 = LINE('',#4946,#4947);
#4946 = CARTESIAN_POINT('',(-46.,45.443984901484,58.707524943022));
#4947 = VECTOR('',#4948,1.);
#4948 = DIRECTION('',(-0.,0.96737222338,0.253359391838));
#4949 = PCURVE('',#583,#4950);
#4950 = DEFINITIONAL_REPRESENTATION('',(#4951),#4954);
#4951 = B_SPLINE_CURVE_WITH_KNOTS('',1,(#4952,#4953),.UNSPECIFIED.,.F.,
  .F.,(2,2),(-8.794267676815,25.205732323185),.PIECEWISE_BEZIER_KNOTS.);
#4952 = CARTESIAN_POINT('',(-3.552713678801E-15,-2.6));
#4953 = CARTESIAN_POINT('',(34.,-2.6));
#4954 = ( GEOMETRIC_REPRESENTATION_CONTEXT(2) 
PARAMETRIC_REPRESENTATION_CONTEXT() REPRESENTATION_CONTEXT('2D SPACE',''
  ) );
#4955 = PCURVE('',#2584,#4956);
#4956 = DEFINITIONAL_REPRESENTATION('',(#4957),#4960);
#4957 = B_SPLINE_CURVE_WITH_KNOTS('',1,(#4958,#4959),.UNSPECIFIED.,.F.,
  .F.,(2,2),(-8.794267676815,25.205732323185),.PIECEWISE_BEZIER_KNOTS.);
#4958 = CARTESIAN_POINT('',(23.626435321693,20.788737594699));
#4959 = CARTESIAN_POINT('',(-9.264220273236,29.40295691718));
#4960 = ( GEOMETRIC_REPRESENTATION_CONTEXT(2) 
PARAMETRIC_REPRESENTATION_CONTEXT() REPRESENTATION_CONTEXT('2D SPACE',''
  ) );
#4961 = ORIENTED_EDGE('',*,*,#4962,.F.);
#4962 = EDGE_CURVE('',#4963,#4942,#4965,.T.);
#4963 = VERTEX_POINT('',#4964);
#4964 = CARTESIAN_POINT('',(-47.4,49.80270519692,59.849094544207));
#4965 = SURFACE_CURVE('',#4966,(#4970,#4977),.PCURVE_S1.);
#4966 = LINE('',#4967,#4968);
#4967 = CARTESIAN_POINT('',(-47.4,49.80270519692,59.849094544207));
#4968 = VECTOR('',#4969,1.);
#4969 = DIRECTION('',(1.,0.,0.));
#4970 = PCURVE('',#583,#4971);
#4971 = DEFINITIONAL_REPRESENTATION('',(#4972),#4976);
#4972 = LINE('',#4973,#4974);
#4973 = CARTESIAN_POINT('',(13.3,-1.2));
#4974 = VECTOR('',#4975,1.);
#4975 = DIRECTION('',(0.,-1.));
#4976 = ( GEOMETRIC_REPRESENTATION_CONTEXT(2) 
PARAMETRIC_REPRESENTATION_CONTEXT() REPRESENTATION_CONTEXT('2D SPACE',''
  ) );
#4977 = PCURVE('',#3621,#4978);
#4978 = DEFINITIONAL_REPRESENTATION('',(#4979),#4983);
#4979 = LINE('',#4980,#4981);
#4980 = CARTESIAN_POINT('',(14.,0.));
#4981 = VECTOR('',#4982,1.);
#4982 = DIRECTION('',(0.,-1.));
#4983 = ( GEOMETRIC_REPRESENTATION_CONTEXT(2) 
PARAMETRIC_REPRESENTATION_CONTEXT() REPRESENTATION_CONTEXT('2D SPACE',''
  ) );
#4984 = ORIENTED_EDGE('',*,*,#4985,.T.);
#4985 = EDGE_CURVE('',#4963,#4986,#4988,.T.);
#4986 = VERTEX_POINT('',#4987);
#4987 = CARTESIAN_POINT('',(-47.4,52.124398533032,60.457157084618));
#4988 = SURFACE_CURVE('',#4989,(#4993,#5000),.PCURVE_S1.);
#4989 = LINE('',#4990,#4991);
#4990 = CARTESIAN_POINT('',(-47.4,53.381982423427,60.786524294007));
#4991 = VECTOR('',#4992,1.);
#4992 = DIRECTION('',(0.,0.96737222338,0.253359391838));
#4993 = PCURVE('',#583,#4994);
#4994 = DEFINITIONAL_REPRESENTATION('',(#4995),#4999);
#4995 = LINE('',#4996,#4997);
#4996 = CARTESIAN_POINT('',(17.,-1.2));
#4997 = VECTOR('',#4998,1.);
#4998 = DIRECTION('',(1.,0.));
#4999 = ( GEOMETRIC_REPRESENTATION_CONTEXT(2) 
PARAMETRIC_REPRESENTATION_CONTEXT() REPRESENTATION_CONTEXT('2D SPACE',''
  ) );
#5000 = PCURVE('',#3649,#5001);
#5001 = DEFINITIONAL_REPRESENTATION('',(#5002),#5006);
#5002 = LINE('',#5003,#5004);
#5003 = CARTESIAN_POINT('',(0.,7.));
#5004 = VECTOR('',#5005,1.);
#5005 = DIRECTION('',(1.,0.));
#5006 = ( GEOMETRIC_REPRESENTATION_CONTEXT(2) 
PARAMETRIC_REPRESENTATION_CONTEXT() REPRESENTATION_CONTEXT('2D SPACE',''
  ) );
#5007 = ORIENTED_EDGE('',*,*,#5008,.T.);
#5008 = EDGE_CURVE('',#4986,#5009,#5011,.T.);
#5009 = VERTEX_POINT('',#5010);
#5010 = CARTESIAN_POINT('',(-46.,52.124398533032,60.457157084618));
#5011 = SURFACE_CURVE('',#5012,(#5016,#5023),.PCURVE_S1.);
#5012 = LINE('',#5013,#5014);
#5013 = CARTESIAN_POINT('',(-47.4,52.124398533032,60.457157084618));
#5014 = VECTOR('',#5015,1.);
#5015 = DIRECTION('',(1.,0.,0.));
#5016 = PCURVE('',#583,#5017);
#5017 = DEFINITIONAL_REPRESENTATION('',(#5018),#5022);
#5018 = LINE('',#5019,#5020);
#5019 = CARTESIAN_POINT('',(15.7,-1.2));
#5020 = VECTOR('',#5021,1.);
#5021 = DIRECTION('',(0.,-1.));
#5022 = ( GEOMETRIC_REPRESENTATION_CONTEXT(2) 
PARAMETRIC_REPRESENTATION_CONTEXT() REPRESENTATION_CONTEXT('2D SPACE',''
  ) );
#5023 = PCURVE('',#3677,#5024);
#5024 = DEFINITIONAL_REPRESENTATION('',(#5025),#5029);
#5025 = LINE('',#5026,#5027);
#5026 = CARTESIAN_POINT('',(14.,0.));
#5027 = VECTOR('',#5028,1.);
#5028 = DIRECTION('',(0.,-1.));
#5029 = ( GEOMETRIC_REPRESENTATION_CONTEXT(2) 
PARAMETRIC_REPRESENTATION_CONTEXT() REPRESENTATION_CONTEXT('2D SPACE',''
  ) );
#5030 = ORIENTED_EDGE('',*,*,#5031,.T.);
#5031 = EDGE_CURVE('',#5009,#5032,#5034,.T.);
#5032 = VERTEX_POINT('',#5033);
#5033 = CARTESIAN_POINT('',(-46.,53.672194090441,60.862532111558));
#5034 = SURFACE_CURVE('',#5035,(#5039,#5045),.PCURVE_S1.);
#5035 = LINE('',#5036,#5037);
#5036 = CARTESIAN_POINT('',(-46.,45.443984901484,58.707524943022));
#5037 = VECTOR('',#5038,1.);
#5038 = DIRECTION('',(-0.,0.96737222338,0.253359391838));
#5039 = PCURVE('',#583,#5040);
#5040 = DEFINITIONAL_REPRESENTATION('',(#5041),#5044);
#5041 = B_SPLINE_CURVE_WITH_KNOTS('',1,(#5042,#5043),.UNSPECIFIED.,.F.,
  .F.,(2,2),(-8.794267676815,25.205732323185),.PIECEWISE_BEZIER_KNOTS.);
#5042 = CARTESIAN_POINT('',(-3.552713678801E-15,-2.6));
#5043 = CARTESIAN_POINT('',(34.,-2.6));
#5044 = ( GEOMETRIC_REPRESENTATION_CONTEXT(2) 
PARAMETRIC_REPRESENTATION_CONTEXT() REPRESENTATION_CONTEXT('2D SPACE',''
  ) );
#5045 = PCURVE('',#2584,#5046);
#5046 = DEFINITIONAL_REPRESENTATION('',(#5047),#5050);
#5047 = B_SPLINE_CURVE_WITH_KNOTS('',1,(#5048,#5049),.UNSPECIFIED.,.F.,
  .F.,(2,2),(-8.794267676815,25.205732323185),.PIECEWISE_BEZIER_KNOTS.);
#5048 = CARTESIAN_POINT('',(23.626435321693,20.788737594699));
#5049 = CARTESIAN_POINT('',(-9.264220273236,29.40295691718));
#5050 = ( GEOMETRIC_REPRESENTATION_CONTEXT(2) 
PARAMETRIC_REPRESENTATION_CONTEXT() REPRESENTATION_CONTEXT('2D SPACE',''
  ) );
#5051 = ORIENTED_EDGE('',*,*,#5052,.F.);
#5052 = EDGE_CURVE('',#5053,#5032,#5055,.T.);
#5053 = VERTEX_POINT('',#5054);
#5054 = CARTESIAN_POINT('',(-47.4,53.672194090441,60.862532111558));
#5055 = SURFACE_CURVE('',#5056,(#5060,#5067),.PCURVE_S1.);
#5056 = LINE('',#5057,#5058);
#5057 = CARTESIAN_POINT('',(-47.4,53.672194090441,60.862532111558));
#5058 = VECTOR('',#5059,1.);
#5059 = DIRECTION('',(1.,0.,0.));
#5060 = PCURVE('',#583,#5061);
#5061 = DEFINITIONAL_REPRESENTATION('',(#5062),#5066);
#5062 = LINE('',#5063,#5064);
#5063 = CARTESIAN_POINT('',(17.3,-1.2));
#5064 = VECTOR('',#5065,1.);
#5065 = DIRECTION('',(0.,-1.));
#5066 = ( GEOMETRIC_REPRESENTATION_CONTEXT(2) 
PARAMETRIC_REPRESENTATION_CONTEXT() REPRESENTATION_CONTEXT('2D SPACE',''
  ) );
#5067 = PCURVE('',#3726,#5068);
#5068 = DEFINITIONAL_REPRESENTATION('',(#5069),#5073);
#5069 = LINE('',#5070,#5071);
#5070 = CARTESIAN_POINT('',(14.,0.));
#5071 = VECTOR('',#5072,1.);
#5072 = DIRECTION('',(0.,-1.));
#5073 = ( GEOMETRIC_REPRESENTATION_CONTEXT(2) 
PARAMETRIC_REPRESENTATION_CONTEXT() REPRESENTATION_CONTEXT('2D SPACE',''
  ) );
#5074 = ORIENTED_EDGE('',*,*,#5075,.T.);
#5075 = EDGE_CURVE('',#5053,#5076,#5078,.T.);
#5076 = VERTEX_POINT('',#5077);
#5077 = CARTESIAN_POINT('',(-47.4,55.993887426553,61.470594651968));
#5078 = SURFACE_CURVE('',#5079,(#5083,#5090),.PCURVE_S1.);
#5079 = LINE('',#5080,#5081);
#5080 = CARTESIAN_POINT('',(-47.4,53.381982423427,60.786524294007));
#5081 = VECTOR('',#5082,1.);
#5082 = DIRECTION('',(0.,0.96737222338,0.253359391838));
#5083 = PCURVE('',#583,#5084);
#5084 = DEFINITIONAL_REPRESENTATION('',(#5085),#5089);
#5085 = LINE('',#5086,#5087);
#5086 = CARTESIAN_POINT('',(17.,-1.2));
#5087 = VECTOR('',#5088,1.);
#5088 = DIRECTION('',(1.,0.));
#5089 = ( GEOMETRIC_REPRESENTATION_CONTEXT(2) 
PARAMETRIC_REPRESENTATION_CONTEXT() REPRESENTATION_CONTEXT('2D SPACE',''
  ) );
#5090 = PCURVE('',#3754,#5091);
#5091 = DEFINITIONAL_REPRESENTATION('',(#5092),#5096);
#5092 = LINE('',#5093,#5094);
#5093 = CARTESIAN_POINT('',(0.,7.));
#5094 = VECTOR('',#5095,1.);
#5095 = DIRECTION('',(1.,0.));
#5096 = ( GEOMETRIC_REPRESENTATION_CONTEXT(2) 
PARAMETRIC_REPRESENTATION_CONTEXT() REPRESENTATION_CONTEXT('2D SPACE',''
  ) );
#5097 = ORIENTED_EDGE('',*,*,#5098,.T.);
#5098 = EDGE_CURVE('',#5076,#5099,#5101,.T.);
#5099 = VERTEX_POINT('',#5100);
#5100 = CARTESIAN_POINT('',(-46.,55.993887426553,61.470594651968));
#5101 = SURFACE_CURVE('',#5102,(#5106,#5113),.PCURVE_S1.);
#5102 = LINE('',#5103,#5104);
#5103 = CARTESIAN_POINT('',(-47.4,55.993887426553,61.470594651968));
#5104 = VECTOR('',#5105,1.);
#5105 = DIRECTION('',(1.,0.,0.));
#5106 = PCURVE('',#583,#5107);
#5107 = DEFINITIONAL_REPRESENTATION('',(#5108),#5112);
#5108 = LINE('',#5109,#5110);
#5109 = CARTESIAN_POINT('',(19.7,-1.2));
#5110 = VECTOR('',#5111,1.);
#5111 = DIRECTION('',(0.,-1.));
#5112 = ( GEOMETRIC_REPRESENTATION_CONTEXT(2) 
PARAMETRIC_REPRESENTATION_CONTEXT() REPRESENTATION_CONTEXT('2D SPACE',''
  ) );
#5113 = PCURVE('',#3782,#5114);
#5114 = DEFINITIONAL_REPRESENTATION('',(#5115),#5119);
#5115 = LINE('',#5116,#5117);
#5116 = CARTESIAN_POINT('',(14.,0.));
#5117 = VECTOR('',#5118,1.);
#5118 = DIRECTION('',(0.,-1.));
#5119 = ( GEOMETRIC_REPRESENTATION_CONTEXT(2) 
PARAMETRIC_REPRESENTATION_CONTEXT() REPRESENTATION_CONTEXT('2D SPACE',''
  ) );
#5120 = ORIENTED_EDGE('',*,*,#5121,.T.);
#5121 = EDGE_CURVE('',#5099,#5122,#5124,.T.);
#5122 = VERTEX_POINT('',#5123);
#5123 = CARTESIAN_POINT('',(-46.,57.541682983962,61.875969678909));
#5124 = SURFACE_CURVE('',#5125,(#5129,#5135),.PCURVE_S1.);
#5125 = LINE('',#5126,#5127);
#5126 = CARTESIAN_POINT('',(-46.,45.443984901484,58.707524943022));
#5127 = VECTOR('',#5128,1.);
#5128 = DIRECTION('',(-0.,0.96737222338,0.253359391838));
#5129 = PCURVE('',#583,#5130);
#5130 = DEFINITIONAL_REPRESENTATION('',(#5131),#5134);
#5131 = B_SPLINE_CURVE_WITH_KNOTS('',1,(#5132,#5133),.UNSPECIFIED.,.F.,
  .F.,(2,2),(-8.794267676815,25.205732323185),.PIECEWISE_BEZIER_KNOTS.);
#5132 = CARTESIAN_POINT('',(-3.552713678801E-15,-2.6));
#5133 = CARTESIAN_POINT('',(34.,-2.6));
#5134 = ( GEOMETRIC_REPRESENTATION_CONTEXT(2) 
PARAMETRIC_REPRESENTATION_CONTEXT() REPRESENTATION_CONTEXT('2D SPACE',''
  ) );
#5135 = PCURVE('',#2584,#5136);
#5136 = DEFINITIONAL_REPRESENTATION('',(#5137),#5140);
#5137 = B_SPLINE_CURVE_WITH_KNOTS('',1,(#5138,#5139),.UNSPECIFIED.,.F.,
  .F.,(2,2),(-8.794267676815,25.205732323185),.PIECEWISE_BEZIER_KNOTS.);
#5138 = CARTESIAN_POINT('',(23.626435321693,20.788737594699));
#5139 = CARTESIAN_POINT('',(-9.264220273236,29.40295691718));
#5140 = ( GEOMETRIC_REPRESENTATION_CONTEXT(2) 
PARAMETRIC_REPRESENTATION_CONTEXT() REPRESENTATION_CONTEXT('2D SPACE',''
  ) );
#5141 = ORIENTED_EDGE('',*,*,#5142,.F.);
#5142 = EDGE_CURVE('',#5143,#5122,#5145,.T.);
#5143 = VERTEX_POINT('',#5144);
#5144 = CARTESIAN_POINT('',(-47.4,57.541682983962,61.875969678909));
#5145 = SURFACE_CURVE('',#5146,(#5150,#5157),.PCURVE_S1.);
#5146 = LINE('',#5147,#5148);
#5147 = CARTESIAN_POINT('',(-47.4,57.541682983962,61.875969678909));
#5148 = VECTOR('',#5149,1.);
#5149 = DIRECTION('',(1.,0.,0.));
#5150 = PCURVE('',#583,#5151);
#5151 = DEFINITIONAL_REPRESENTATION('',(#5152),#5156);
#5152 = LINE('',#5153,#5154);
#5153 = CARTESIAN_POINT('',(21.3,-1.2));
#5154 = VECTOR('',#5155,1.);
#5155 = DIRECTION('',(0.,-1.));
#5156 = ( GEOMETRIC_REPRESENTATION_CONTEXT(2) 
PARAMETRIC_REPRESENTATION_CONTEXT() REPRESENTATION_CONTEXT('2D SPACE',''
  ) );
#5157 = PCURVE('',#3831,#5158);
#5158 = DEFINITIONAL_REPRESENTATION('',(#5159),#5163);
#5159 = LINE('',#5160,#5161);
#5160 = CARTESIAN_POINT('',(14.,0.));
#5161 = VECTOR('',#5162,1.);
#5162 = DIRECTION('',(0.,-1.));
#5163 = ( GEOMETRIC_REPRESENTATION_CONTEXT(2) 
PARAMETRIC_REPRESENTATION_CONTEXT() REPRESENTATION_CONTEXT('2D SPACE',''
  ) );
#5164 = ORIENTED_EDGE('',*,*,#5165,.T.);
#5165 = EDGE_CURVE('',#5143,#5166,#5168,.T.);
#5166 = VERTEX_POINT('',#5167);
#5167 = CARTESIAN_POINT('',(-47.4,59.863376320074,62.484032219319));
#5168 = SURFACE_CURVE('',#5169,(#5173,#5180),.PCURVE_S1.);
#5169 = LINE('',#5170,#5171);
#5170 = CARTESIAN_POINT('',(-47.4,53.381982423427,60.786524294007));
#5171 = VECTOR('',#5172,1.);
#5172 = DIRECTION('',(0.,0.96737222338,0.253359391838));
#5173 = PCURVE('',#583,#5174);
#5174 = DEFINITIONAL_REPRESENTATION('',(#5175),#5179);
#5175 = LINE('',#5176,#5177);
#5176 = CARTESIAN_POINT('',(17.,-1.2));
#5177 = VECTOR('',#5178,1.);
#5178 = DIRECTION('',(1.,0.));
#5179 = ( GEOMETRIC_REPRESENTATION_CONTEXT(2) 
PARAMETRIC_REPRESENTATION_CONTEXT() REPRESENTATION_CONTEXT('2D SPACE',''
  ) );
#5180 = PCURVE('',#3859,#5181);
#5181 = DEFINITIONAL_REPRESENTATION('',(#5182),#5186);
#5182 = LINE('',#5183,#5184);
#5183 = CARTESIAN_POINT('',(0.,7.));
#5184 = VECTOR('',#5185,1.);
#5185 = DIRECTION('',(1.,0.));
#5186 = ( GEOMETRIC_REPRESENTATION_CONTEXT(2) 
PARAMETRIC_REPRESENTATION_CONTEXT() REPRESENTATION_CONTEXT('2D SPACE',''
  ) );
#5187 = ORIENTED_EDGE('',*,*,#5188,.T.);
#5188 = EDGE_CURVE('',#5166,#5189,#5191,.T.);
#5189 = VERTEX_POINT('',#5190);
#5190 = CARTESIAN_POINT('',(-46.,59.863376320074,62.484032219319));
#5191 = SURFACE_CURVE('',#5192,(#5196,#5203),.PCURVE_S1.);
#5192 = LINE('',#5193,#5194);
#5193 = CARTESIAN_POINT('',(-47.4,59.863376320074,62.484032219319));
#5194 = VECTOR('',#5195,1.);
#5195 = DIRECTION('',(1.,0.,0.));
#5196 = PCURVE('',#583,#5197);
#5197 = DEFINITIONAL_REPRESENTATION('',(#5198),#5202);
#5198 = LINE('',#5199,#5200);
#5199 = CARTESIAN_POINT('',(23.7,-1.2));
#5200 = VECTOR('',#5201,1.);
#5201 = DIRECTION('',(0.,-1.));
#5202 = ( GEOMETRIC_REPRESENTATION_CONTEXT(2) 
PARAMETRIC_REPRESENTATION_CONTEXT() REPRESENTATION_CONTEXT('2D SPACE',''
  ) );
#5203 = PCURVE('',#3887,#5204);
#5204 = DEFINITIONAL_REPRESENTATION('',(#5205),#5209);
#5205 = LINE('',#5206,#5207);
#5206 = CARTESIAN_POINT('',(14.,0.));
#5207 = VECTOR('',#5208,1.);
#5208 = DIRECTION('',(0.,-1.));
#5209 = ( GEOMETRIC_REPRESENTATION_CONTEXT(2) 
PARAMETRIC_REPRESENTATION_CONTEXT() REPRESENTATION_CONTEXT('2D SPACE',''
  ) );
#5210 = ORIENTED_EDGE('',*,*,#5211,.T.);
#5211 = EDGE_CURVE('',#5189,#5212,#5214,.T.);
#5212 = VERTEX_POINT('',#5213);
#5213 = CARTESIAN_POINT('',(-46.,61.411171877483,62.889407246259));
#5214 = SURFACE_CURVE('',#5215,(#5219,#5225),.PCURVE_S1.);
#5215 = LINE('',#5216,#5217);
#5216 = CARTESIAN_POINT('',(-46.,45.443984901484,58.707524943022));
#5217 = VECTOR('',#5218,1.);
#5218 = DIRECTION('',(-0.,0.96737222338,0.253359391838));
#5219 = PCURVE('',#583,#5220);
#5220 = DEFINITIONAL_REPRESENTATION('',(#5221),#5224);
#5221 = B_SPLINE_CURVE_WITH_KNOTS('',1,(#5222,#5223),.UNSPECIFIED.,.F.,
  .F.,(2,2),(-8.794267676815,25.205732323185),.PIECEWISE_BEZIER_KNOTS.);
#5222 = CARTESIAN_POINT('',(-3.552713678801E-15,-2.6));
#5223 = CARTESIAN_POINT('',(34.,-2.6));
#5224 = ( GEOMETRIC_REPRESENTATION_CONTEXT(2) 
PARAMETRIC_REPRESENTATION_CONTEXT() REPRESENTATION_CONTEXT('2D SPACE',''
  ) );
#5225 = PCURVE('',#2584,#5226);
#5226 = DEFINITIONAL_REPRESENTATION('',(#5227),#5230);
#5227 = B_SPLINE_CURVE_WITH_KNOTS('',1,(#5228,#5229),.UNSPECIFIED.,.F.,
  .F.,(2,2),(-8.794267676815,25.205732323185),.PIECEWISE_BEZIER_KNOTS.);
#5228 = CARTESIAN_POINT('',(23.626435321693,20.788737594699));
#5229 = CARTESIAN_POINT('',(-9.264220273236,29.40295691718));
#5230 = ( GEOMETRIC_REPRESENTATION_CONTEXT(2) 
PARAMETRIC_REPRESENTATION_CONTEXT() REPRESENTATION_CONTEXT('2D SPACE',''
  ) );
#5231 = ORIENTED_EDGE('',*,*,#5232,.F.);
#5232 = EDGE_CURVE('',#5233,#5212,#5235,.T.);
#5233 = VERTEX_POINT('',#5234);
#5234 = CARTESIAN_POINT('',(-47.4,61.411171877483,62.889407246259));
#5235 = SURFACE_CURVE('',#5236,(#5240,#5247),.PCURVE_S1.);
#5236 = LINE('',#5237,#5238);
#5237 = CARTESIAN_POINT('',(-47.4,61.411171877483,62.889407246259));
#5238 = VECTOR('',#5239,1.);
#5239 = DIRECTION('',(1.,0.,0.));
#5240 = PCURVE('',#583,#5241);
#5241 = DEFINITIONAL_REPRESENTATION('',(#5242),#5246);
#5242 = LINE('',#5243,#5244);
#5243 = CARTESIAN_POINT('',(25.3,-1.2));
#5244 = VECTOR('',#5245,1.);
#5245 = DIRECTION('',(0.,-1.));
#5246 = ( GEOMETRIC_REPRESENTATION_CONTEXT(2) 
PARAMETRIC_REPRESENTATION_CONTEXT() REPRESENTATION_CONTEXT('2D SPACE',''
  ) );
#5247 = PCURVE('',#3936,#5248);
#5248 = DEFINITIONAL_REPRESENTATION('',(#5249),#5253);
#5249 = LINE('',#5250,#5251);
#5250 = CARTESIAN_POINT('',(14.,0.));
#5251 = VECTOR('',#5252,1.);
#5252 = DIRECTION('',(0.,-1.));
#5253 = ( GEOMETRIC_REPRESENTATION_CONTEXT(2) 
PARAMETRIC_REPRESENTATION_CONTEXT() REPRESENTATION_CONTEXT('2D SPACE',''
  ) );
#5254 = ORIENTED_EDGE('',*,*,#5255,.T.);
#5255 = EDGE_CURVE('',#5233,#5256,#5258,.T.);
#5256 = VERTEX_POINT('',#5257);
#5257 = CARTESIAN_POINT('',(-47.4,63.732865213595,63.49746978667));
#5258 = SURFACE_CURVE('',#5259,(#5263,#5270),.PCURVE_S1.);
#5259 = LINE('',#5260,#5261);
#5260 = CARTESIAN_POINT('',(-47.4,53.381982423427,60.786524294007));
#5261 = VECTOR('',#5262,1.);
#5262 = DIRECTION('',(0.,0.96737222338,0.253359391838));
#5263 = PCURVE('',#583,#5264);
#5264 = DEFINITIONAL_REPRESENTATION('',(#5265),#5269);
#5265 = LINE('',#5266,#5267);
#5266 = CARTESIAN_POINT('',(17.,-1.2));
#5267 = VECTOR('',#5268,1.);
#5268 = DIRECTION('',(1.,0.));
#5269 = ( GEOMETRIC_REPRESENTATION_CONTEXT(2) 
PARAMETRIC_REPRESENTATION_CONTEXT() REPRESENTATION_CONTEXT('2D SPACE',''
  ) );
#5270 = PCURVE('',#3964,#5271);
#5271 = DEFINITIONAL_REPRESENTATION('',(#5272),#5276);
#5272 = LINE('',#5273,#5274);
#5273 = CARTESIAN_POINT('',(0.,7.));
#5274 = VECTOR('',#5275,1.);
#5275 = DIRECTION('',(1.,0.));
#5276 = ( GEOMETRIC_REPRESENTATION_CONTEXT(2) 
PARAMETRIC_REPRESENTATION_CONTEXT() REPRESENTATION_CONTEXT('2D SPACE',''
  ) );
#5277 = ORIENTED_EDGE('',*,*,#5278,.T.);
#5278 = EDGE_CURVE('',#5256,#5279,#5281,.T.);
#5279 = VERTEX_POINT('',#5280);
#5280 = CARTESIAN_POINT('',(-46.,63.732865213595,63.49746978667));
#5281 = SURFACE_CURVE('',#5282,(#5286,#5293),.PCURVE_S1.);
#5282 = LINE('',#5283,#5284);
#5283 = CARTESIAN_POINT('',(-47.4,63.732865213595,63.49746978667));
#5284 = VECTOR('',#5285,1.);
#5285 = DIRECTION('',(1.,0.,0.));
#5286 = PCURVE('',#583,#5287);
#5287 = DEFINITIONAL_REPRESENTATION('',(#5288),#5292);
#5288 = LINE('',#5289,#5290);
#5289 = CARTESIAN_POINT('',(27.7,-1.2));
#5290 = VECTOR('',#5291,1.);
#5291 = DIRECTION('',(0.,-1.));
#5292 = ( GEOMETRIC_REPRESENTATION_CONTEXT(2) 
PARAMETRIC_REPRESENTATION_CONTEXT() REPRESENTATION_CONTEXT('2D SPACE',''
  ) );
#5293 = PCURVE('',#3992,#5294);
#5294 = DEFINITIONAL_REPRESENTATION('',(#5295),#5299);
#5295 = LINE('',#5296,#5297);
#5296 = CARTESIAN_POINT('',(14.,0.));
#5297 = VECTOR('',#5298,1.);
#5298 = DIRECTION('',(0.,-1.));
#5299 = ( GEOMETRIC_REPRESENTATION_CONTEXT(2) 
PARAMETRIC_REPRESENTATION_CONTEXT() REPRESENTATION_CONTEXT('2D SPACE',''
  ) );
#5300 = ORIENTED_EDGE('',*,*,#5301,.T.);
#5301 = EDGE_CURVE('',#5279,#5302,#5304,.T.);
#5302 = VERTEX_POINT('',#5303);
#5303 = CARTESIAN_POINT('',(-46.,65.280660771004,63.90284481361));
#5304 = SURFACE_CURVE('',#5305,(#5309,#5315),.PCURVE_S1.);
#5305 = LINE('',#5306,#5307);
#5306 = CARTESIAN_POINT('',(-46.,45.443984901484,58.707524943022));
#5307 = VECTOR('',#5308,1.);
#5308 = DIRECTION('',(-0.,0.96737222338,0.253359391838));
#5309 = PCURVE('',#583,#5310);
#5310 = DEFINITIONAL_REPRESENTATION('',(#5311),#5314);
#5311 = B_SPLINE_CURVE_WITH_KNOTS('',1,(#5312,#5313),.UNSPECIFIED.,.F.,
  .F.,(2,2),(-8.794267676815,25.205732323185),.PIECEWISE_BEZIER_KNOTS.);
#5312 = CARTESIAN_POINT('',(-3.552713678801E-15,-2.6));
#5313 = CARTESIAN_POINT('',(34.,-2.6));
#5314 = ( GEOMETRIC_REPRESENTATION_CONTEXT(2) 
PARAMETRIC_REPRESENTATION_CONTEXT() REPRESENTATION_CONTEXT('2D SPACE',''
  ) );
#5315 = PCURVE('',#2584,#5316);
#5316 = DEFINITIONAL_REPRESENTATION('',(#5317),#5320);
#5317 = B_SPLINE_CURVE_WITH_KNOTS('',1,(#5318,#5319),.UNSPECIFIED.,.F.,
  .F.,(2,2),(-8.794267676815,25.205732323185),.PIECEWISE_BEZIER_KNOTS.);
#5318 = CARTESIAN_POINT('',(23.626435321693,20.788737594699));
#5319 = CARTESIAN_POINT('',(-9.264220273236,29.40295691718));
#5320 = ( GEOMETRIC_REPRESENTATION_CONTEXT(2) 
PARAMETRIC_REPRESENTATION_CONTEXT() REPRESENTATION_CONTEXT('2D SPACE',''
  ) );
#5321 = ORIENTED_EDGE('',*,*,#5322,.F.);
#5322 = EDGE_CURVE('',#5323,#5302,#5325,.T.);
#5323 = VERTEX_POINT('',#5324);
#5324 = CARTESIAN_POINT('',(-47.4,65.280660771004,63.90284481361));
#5325 = SURFACE_CURVE('',#5326,(#5330,#5337),.PCURVE_S1.);
#5326 = LINE('',#5327,#5328);
#5327 = CARTESIAN_POINT('',(-47.4,65.280660771004,63.90284481361));
#5328 = VECTOR('',#5329,1.);
#5329 = DIRECTION('',(1.,0.,0.));
#5330 = PCURVE('',#583,#5331);
#5331 = DEFINITIONAL_REPRESENTATION('',(#5332),#5336);
#5332 = LINE('',#5333,#5334);
#5333 = CARTESIAN_POINT('',(29.3,-1.2));
#5334 = VECTOR('',#5335,1.);
#5335 = DIRECTION('',(0.,-1.));
#5336 = ( GEOMETRIC_REPRESENTATION_CONTEXT(2) 
PARAMETRIC_REPRESENTATION_CONTEXT() REPRESENTATION_CONTEXT('2D SPACE',''
  ) );
#5337 = PCURVE('',#4041,#5338);
#5338 = DEFINITIONAL_REPRESENTATION('',(#5339),#5343);
#5339 = LINE('',#5340,#5341);
#5340 = CARTESIAN_POINT('',(14.,0.));
#5341 = VECTOR('',#5342,1.);
#5342 = DIRECTION('',(0.,-1.));
#5343 = ( GEOMETRIC_REPRESENTATION_CONTEXT(2) 
PARAMETRIC_REPRESENTATION_CONTEXT() REPRESENTATION_CONTEXT('2D SPACE',''
  ) );
#5344 = ORIENTED_EDGE('',*,*,#5345,.T.);
#5345 = EDGE_CURVE('',#5323,#5346,#5348,.T.);
#5346 = VERTEX_POINT('',#5347);
#5347 = CARTESIAN_POINT('',(-47.4,69.827310220891,65.093633955247));
#5348 = SURFACE_CURVE('',#5349,(#5353,#5360),.PCURVE_S1.);
#5349 = LINE('',#5350,#5351);
#5350 = CARTESIAN_POINT('',(-47.4,53.381982423427,60.786524294007));
#5351 = VECTOR('',#5352,1.);
#5352 = DIRECTION('',(0.,0.96737222338,0.253359391838));
#5353 = PCURVE('',#583,#5354);
#5354 = DEFINITIONAL_REPRESENTATION('',(#5355),#5359);
#5355 = LINE('',#5356,#5357);
#5356 = CARTESIAN_POINT('',(17.,-1.2));
#5357 = VECTOR('',#5358,1.);
#5358 = DIRECTION('',(1.,0.));
#5359 = ( GEOMETRIC_REPRESENTATION_CONTEXT(2) 
PARAMETRIC_REPRESENTATION_CONTEXT() REPRESENTATION_CONTEXT('2D SPACE',''
  ) );
#5360 = PCURVE('',#4069,#5361);
#5361 = DEFINITIONAL_REPRESENTATION('',(#5362),#5366);
#5362 = LINE('',#5363,#5364);
#5363 = CARTESIAN_POINT('',(0.,7.));
#5364 = VECTOR('',#5365,1.);
#5365 = DIRECTION('',(1.,0.));
#5366 = ( GEOMETRIC_REPRESENTATION_CONTEXT(2) 
PARAMETRIC_REPRESENTATION_CONTEXT() REPRESENTATION_CONTEXT('2D SPACE',''
  ) );
#5367 = ORIENTED_EDGE('',*,*,#5368,.F.);
#5368 = EDGE_CURVE('',#5369,#5346,#5371,.T.);
#5369 = VERTEX_POINT('',#5370);
#5370 = CARTESIAN_POINT('',(-48.6,69.827310220891,65.093633955247));
#5371 = SURFACE_CURVE('',#5372,(#5376,#5383),.PCURVE_S1.);
#5372 = LINE('',#5373,#5374);
#5373 = CARTESIAN_POINT('',(-48.6,69.827310220891,65.093633955247));
#5374 = VECTOR('',#5375,1.);
#5375 = DIRECTION('',(1.,0.,0.));
#5376 = PCURVE('',#583,#5377);
#5377 = DEFINITIONAL_REPRESENTATION('',(#5378),#5382);
#5378 = LINE('',#5379,#5380);
#5379 = CARTESIAN_POINT('',(34.,0.));
#5380 = VECTOR('',#5381,1.);
#5381 = DIRECTION('',(0.,-1.));
#5382 = ( GEOMETRIC_REPRESENTATION_CONTEXT(2) 
PARAMETRIC_REPRESENTATION_CONTEXT() REPRESENTATION_CONTEXT('2D SPACE',''
  ) );
#5383 = PCURVE('',#4097,#5384);
#5384 = DEFINITIONAL_REPRESENTATION('',(#5385),#5389);
#5385 = LINE('',#5386,#5387);
#5386 = CARTESIAN_POINT('',(14.,0.));
#5387 = VECTOR('',#5388,1.);
#5388 = DIRECTION('',(0.,-1.));
#5389 = ( GEOMETRIC_REPRESENTATION_CONTEXT(2) 
PARAMETRIC_REPRESENTATION_CONTEXT() REPRESENTATION_CONTEXT('2D SPACE',''
  ) );
#5390 = ORIENTED_EDGE('',*,*,#5391,.F.);
#5391 = EDGE_CURVE('',#5392,#5369,#5394,.T.);
#5392 = VERTEX_POINT('',#5393);
#5393 = CARTESIAN_POINT('',(-48.6,67.215405217764,64.409563597286));
#5394 = SURFACE_CURVE('',#5395,(#5399,#5406),.PCURVE_S1.);
#5395 = LINE('',#5396,#5397);
#5396 = CARTESIAN_POINT('',(-48.6,53.381982423427,60.786524294007));
#5397 = VECTOR('',#5398,1.);
#5398 = DIRECTION('',(0.,0.96737222338,0.253359391838));
#5399 = PCURVE('',#583,#5400);
#5400 = DEFINITIONAL_REPRESENTATION('',(#5401),#5405);
#5401 = LINE('',#5402,#5403);
#5402 = CARTESIAN_POINT('',(17.,0.));
#5403 = VECTOR('',#5404,1.);
#5404 = DIRECTION('',(1.,0.));
#5405 = ( GEOMETRIC_REPRESENTATION_CONTEXT(2) 
PARAMETRIC_REPRESENTATION_CONTEXT() REPRESENTATION_CONTEXT('2D SPACE',''
  ) );
#5406 = PCURVE('',#4125,#5407);
#5407 = DEFINITIONAL_REPRESENTATION('',(#5408),#5412);
#5408 = LINE('',#5409,#5410);
#5409 = CARTESIAN_POINT('',(0.,7.));
#5410 = VECTOR('',#5411,1.);
#5411 = DIRECTION('',(1.,0.));
#5412 = ( GEOMETRIC_REPRESENTATION_CONTEXT(2) 
PARAMETRIC_REPRESENTATION_CONTEXT() REPRESENTATION_CONTEXT('2D SPACE',''
  ) );
#5413 = ORIENTED_EDGE('',*,*,#5414,.F.);
#5414 = EDGE_CURVE('',#1030,#5392,#5415,.T.);
#5415 = SURFACE_CURVE('',#5416,(#5420,#5427),.PCURVE_S1.);
#5416 = LINE('',#5417,#5418);
#5417 = CARTESIAN_POINT('',(-50.5,67.215405217764,64.409563597286));
#5418 = VECTOR('',#5419,1.);
#5419 = DIRECTION('',(1.,0.,0.));
#5420 = PCURVE('',#583,#5421);
#5421 = DEFINITIONAL_REPRESENTATION('',(#5422),#5426);
#5422 = LINE('',#5423,#5424);
#5423 = CARTESIAN_POINT('',(31.3,1.9));
#5424 = VECTOR('',#5425,1.);
#5425 = DIRECTION('',(0.,-1.));
#5426 = ( GEOMETRIC_REPRESENTATION_CONTEXT(2) 
PARAMETRIC_REPRESENTATION_CONTEXT() REPRESENTATION_CONTEXT('2D SPACE',''
  ) );
#5427 = PCURVE('',#1044,#5428);
#5428 = DEFINITIONAL_REPRESENTATION('',(#5429),#5433);
#5429 = LINE('',#5430,#5431);
#5430 = CARTESIAN_POINT('',(14.,0.));
#5431 = VECTOR('',#5432,1.);
#5432 = DIRECTION('',(0.,-1.));
#5433 = ( GEOMETRIC_REPRESENTATION_CONTEXT(2) 
PARAMETRIC_REPRESENTATION_CONTEXT() REPRESENTATION_CONTEXT('2D SPACE',''
  ) );
#5434 = ORIENTED_EDGE('',*,*,#1055,.F.);
#5435 = ORIENTED_EDGE('',*,*,#5436,.T.);
#5436 = EDGE_CURVE('',#983,#5437,#5439,.T.);
#5437 = VERTEX_POINT('',#5438);
#5438 = CARTESIAN_POINT('',(-48.6,65.667609660356,64.004188570345));
#5439 = SURFACE_CURVE('',#5440,(#5444,#5451),.PCURVE_S1.);
#5440 = LINE('',#5441,#5442);
#5441 = CARTESIAN_POINT('',(-50.5,65.667609660356,64.004188570345));
#5442 = VECTOR('',#5443,1.);
#5443 = DIRECTION('',(1.,0.,0.));
#5444 = PCURVE('',#583,#5445);
#5445 = DEFINITIONAL_REPRESENTATION('',(#5446),#5450);
#5446 = LINE('',#5447,#5448);
#5447 = CARTESIAN_POINT('',(29.7,1.9));
#5448 = VECTOR('',#5449,1.);
#5449 = DIRECTION('',(0.,-1.));
#5450 = ( GEOMETRIC_REPRESENTATION_CONTEXT(2) 
PARAMETRIC_REPRESENTATION_CONTEXT() REPRESENTATION_CONTEXT('2D SPACE',''
  ) );
#5451 = PCURVE('',#997,#5452);
#5452 = DEFINITIONAL_REPRESENTATION('',(#5453),#5457);
#5453 = LINE('',#5454,#5455);
#5454 = CARTESIAN_POINT('',(14.,0.));
#5455 = VECTOR('',#5456,1.);
#5456 = DIRECTION('',(0.,-1.));
#5457 = ( GEOMETRIC_REPRESENTATION_CONTEXT(2) 
PARAMETRIC_REPRESENTATION_CONTEXT() REPRESENTATION_CONTEXT('2D SPACE',''
  ) );
#5458 = ORIENTED_EDGE('',*,*,#5459,.F.);
#5459 = EDGE_CURVE('',#5460,#5437,#5462,.T.);
#5460 = VERTEX_POINT('',#5461);
#5461 = CARTESIAN_POINT('',(-48.6,63.345916324243,63.396126029935));
#5462 = SURFACE_CURVE('',#5463,(#5467,#5474),.PCURVE_S1.);
#5463 = LINE('',#5464,#5465);
#5464 = CARTESIAN_POINT('',(-48.6,53.381982423427,60.786524294007));
#5465 = VECTOR('',#5466,1.);
#5466 = DIRECTION('',(0.,0.96737222338,0.253359391838));
#5467 = PCURVE('',#583,#5468);
#5468 = DEFINITIONAL_REPRESENTATION('',(#5469),#5473);
#5469 = LINE('',#5470,#5471);
#5470 = CARTESIAN_POINT('',(17.,0.));
#5471 = VECTOR('',#5472,1.);
#5472 = DIRECTION('',(1.,0.));
#5473 = ( GEOMETRIC_REPRESENTATION_CONTEXT(2) 
PARAMETRIC_REPRESENTATION_CONTEXT() REPRESENTATION_CONTEXT('2D SPACE',''
  ) );
#5474 = PCURVE('',#4198,#5475);
#5475 = DEFINITIONAL_REPRESENTATION('',(#5476),#5480);
#5476 = LINE('',#5477,#5478);
#5477 = CARTESIAN_POINT('',(0.,7.));
#5478 = VECTOR('',#5479,1.);
#5479 = DIRECTION('',(1.,0.));
#5480 = ( GEOMETRIC_REPRESENTATION_CONTEXT(2) 
PARAMETRIC_REPRESENTATION_CONTEXT() REPRESENTATION_CONTEXT('2D SPACE',''
  ) );
#5481 = ORIENTED_EDGE('',*,*,#5482,.F.);
#5482 = EDGE_CURVE('',#934,#5460,#5483,.T.);
#5483 = SURFACE_CURVE('',#5484,(#5488,#5495),.PCURVE_S1.);
#5484 = LINE('',#5485,#5486);
#5485 = CARTESIAN_POINT('',(-50.5,63.345916324243,63.396126029935));
#5486 = VECTOR('',#5487,1.);
#5487 = DIRECTION('',(1.,0.,0.));
#5488 = PCURVE('',#583,#5489);
#5489 = DEFINITIONAL_REPRESENTATION('',(#5490),#5494);
#5490 = LINE('',#5491,#5492);
#5491 = CARTESIAN_POINT('',(27.3,1.9));
#5492 = VECTOR('',#5493,1.);
#5493 = DIRECTION('',(0.,-1.));
#5494 = ( GEOMETRIC_REPRESENTATION_CONTEXT(2) 
PARAMETRIC_REPRESENTATION_CONTEXT() REPRESENTATION_CONTEXT('2D SPACE',''
  ) );
#5495 = PCURVE('',#948,#5496);
#5496 = DEFINITIONAL_REPRESENTATION('',(#5497),#5501);
#5497 = LINE('',#5498,#5499);
#5498 = CARTESIAN_POINT('',(14.,0.));
#5499 = VECTOR('',#5500,1.);
#5500 = DIRECTION('',(0.,-1.));
#5501 = ( GEOMETRIC_REPRESENTATION_CONTEXT(2) 
PARAMETRIC_REPRESENTATION_CONTEXT() REPRESENTATION_CONTEXT('2D SPACE',''
  ) );
#5502 = ORIENTED_EDGE('',*,*,#959,.F.);
#5503 = ORIENTED_EDGE('',*,*,#5504,.T.);
#5504 = EDGE_CURVE('',#887,#5505,#5507,.T.);
#5505 = VERTEX_POINT('',#5506);
#5506 = CARTESIAN_POINT('',(-48.6,61.798120766835,62.990751002995));
#5507 = SURFACE_CURVE('',#5508,(#5512,#5519),.PCURVE_S1.);
#5508 = LINE('',#5509,#5510);
#5509 = CARTESIAN_POINT('',(-50.5,61.798120766835,62.990751002995));
#5510 = VECTOR('',#5511,1.);
#5511 = DIRECTION('',(1.,0.,0.));
#5512 = PCURVE('',#583,#5513);
#5513 = DEFINITIONAL_REPRESENTATION('',(#5514),#5518);
#5514 = LINE('',#5515,#5516);
#5515 = CARTESIAN_POINT('',(25.7,1.9));
#5516 = VECTOR('',#5517,1.);
#5517 = DIRECTION('',(0.,-1.));
#5518 = ( GEOMETRIC_REPRESENTATION_CONTEXT(2) 
PARAMETRIC_REPRESENTATION_CONTEXT() REPRESENTATION_CONTEXT('2D SPACE',''
  ) );
#5519 = PCURVE('',#901,#5520);
#5520 = DEFINITIONAL_REPRESENTATION('',(#5521),#5525);
#5521 = LINE('',#5522,#5523);
#5522 = CARTESIAN_POINT('',(14.,0.));
#5523 = VECTOR('',#5524,1.);
#5524 = DIRECTION('',(0.,-1.));
#5525 = ( GEOMETRIC_REPRESENTATION_CONTEXT(2) 
PARAMETRIC_REPRESENTATION_CONTEXT() REPRESENTATION_CONTEXT('2D SPACE',''
  ) );
#5526 = ORIENTED_EDGE('',*,*,#5527,.F.);
#5527 = EDGE_CURVE('',#5528,#5505,#5530,.T.);
#5528 = VERTEX_POINT('',#5529);
#5529 = CARTESIAN_POINT('',(-48.6,59.476427430722,62.382688462584));
#5530 = SURFACE_CURVE('',#5531,(#5535,#5542),.PCURVE_S1.);
#5531 = LINE('',#5532,#5533);
#5532 = CARTESIAN_POINT('',(-48.6,53.381982423427,60.786524294007));
#5533 = VECTOR('',#5534,1.);
#5534 = DIRECTION('',(0.,0.96737222338,0.253359391838));
#5535 = PCURVE('',#583,#5536);
#5536 = DEFINITIONAL_REPRESENTATION('',(#5537),#5541);
#5537 = LINE('',#5538,#5539);
#5538 = CARTESIAN_POINT('',(17.,0.));
#5539 = VECTOR('',#5540,1.);
#5540 = DIRECTION('',(1.,0.));
#5541 = ( GEOMETRIC_REPRESENTATION_CONTEXT(2) 
PARAMETRIC_REPRESENTATION_CONTEXT() REPRESENTATION_CONTEXT('2D SPACE',''
  ) );
#5542 = PCURVE('',#4271,#5543);
#5543 = DEFINITIONAL_REPRESENTATION('',(#5544),#5548);
#5544 = LINE('',#5545,#5546);
#5545 = CARTESIAN_POINT('',(0.,7.));
#5546 = VECTOR('',#5547,1.);
#5547 = DIRECTION('',(1.,0.));
#5548 = ( GEOMETRIC_REPRESENTATION_CONTEXT(2) 
PARAMETRIC_REPRESENTATION_CONTEXT() REPRESENTATION_CONTEXT('2D SPACE',''
  ) );
#5549 = ORIENTED_EDGE('',*,*,#5550,.F.);
#5550 = EDGE_CURVE('',#1126,#5528,#5551,.T.);
#5551 = SURFACE_CURVE('',#5552,(#5556,#5563),.PCURVE_S1.);
#5552 = LINE('',#5553,#5554);
#5553 = CARTESIAN_POINT('',(-50.5,59.476427430722,62.382688462584));
#5554 = VECTOR('',#5555,1.);
#5555 = DIRECTION('',(1.,0.,0.));
#5556 = PCURVE('',#583,#5557);
#5557 = DEFINITIONAL_REPRESENTATION('',(#5558),#5562);
#5558 = LINE('',#5559,#5560);
#5559 = CARTESIAN_POINT('',(23.3,1.9));
#5560 = VECTOR('',#5561,1.);
#5561 = DIRECTION('',(0.,-1.));
#5562 = ( GEOMETRIC_REPRESENTATION_CONTEXT(2) 
PARAMETRIC_REPRESENTATION_CONTEXT() REPRESENTATION_CONTEXT('2D SPACE',''
  ) );
#5563 = PCURVE('',#1140,#5564);
#5564 = DEFINITIONAL_REPRESENTATION('',(#5565),#5569);
#5565 = LINE('',#5566,#5567);
#5566 = CARTESIAN_POINT('',(14.,0.));
#5567 = VECTOR('',#5568,1.);
#5568 = DIRECTION('',(0.,-1.));
#5569 = ( GEOMETRIC_REPRESENTATION_CONTEXT(2) 
PARAMETRIC_REPRESENTATION_CONTEXT() REPRESENTATION_CONTEXT('2D SPACE',''
  ) );
#5570 = ORIENTED_EDGE('',*,*,#1151,.F.);
#5571 = ORIENTED_EDGE('',*,*,#5572,.T.);
#5572 = EDGE_CURVE('',#1079,#5573,#5575,.T.);
#5573 = VERTEX_POINT('',#5574);
#5574 = CARTESIAN_POINT('',(-48.6,57.928631873314,61.977313435644));
#5575 = SURFACE_CURVE('',#5576,(#5580,#5587),.PCURVE_S1.);
#5576 = LINE('',#5577,#5578);
#5577 = CARTESIAN_POINT('',(-50.5,57.928631873314,61.977313435644));
#5578 = VECTOR('',#5579,1.);
#5579 = DIRECTION('',(1.,0.,0.));
#5580 = PCURVE('',#583,#5581);
#5581 = DEFINITIONAL_REPRESENTATION('',(#5582),#5586);
#5582 = LINE('',#5583,#5584);
#5583 = CARTESIAN_POINT('',(21.7,1.9));
#5584 = VECTOR('',#5585,1.);
#5585 = DIRECTION('',(0.,-1.));
#5586 = ( GEOMETRIC_REPRESENTATION_CONTEXT(2) 
PARAMETRIC_REPRESENTATION_CONTEXT() REPRESENTATION_CONTEXT('2D SPACE',''
  ) );
#5587 = PCURVE('',#1093,#5588);
#5588 = DEFINITIONAL_REPRESENTATION('',(#5589),#5593);
#5589 = LINE('',#5590,#5591);
#5590 = CARTESIAN_POINT('',(14.,0.));
#5591 = VECTOR('',#5592,1.);
#5592 = DIRECTION('',(0.,-1.));
#5593 = ( GEOMETRIC_REPRESENTATION_CONTEXT(2) 
PARAMETRIC_REPRESENTATION_CONTEXT() REPRESENTATION_CONTEXT('2D SPACE',''
  ) );
#5594 = ORIENTED_EDGE('',*,*,#5595,.F.);
#5595 = EDGE_CURVE('',#5596,#5573,#5598,.T.);
#5596 = VERTEX_POINT('',#5597);
#5597 = CARTESIAN_POINT('',(-48.6,55.606938537201,61.369250895233));
#5598 = SURFACE_CURVE('',#5599,(#5603,#5610),.PCURVE_S1.);
#5599 = LINE('',#5600,#5601);
#5600 = CARTESIAN_POINT('',(-48.6,53.381982423427,60.786524294007));
#5601 = VECTOR('',#5602,1.);
#5602 = DIRECTION('',(0.,0.96737222338,0.253359391838));
#5603 = PCURVE('',#583,#5604);
#5604 = DEFINITIONAL_REPRESENTATION('',(#5605),#5609);
#5605 = LINE('',#5606,#5607);
#5606 = CARTESIAN_POINT('',(17.,0.));
#5607 = VECTOR('',#5608,1.);
#5608 = DIRECTION('',(1.,0.));
#5609 = ( GEOMETRIC_REPRESENTATION_CONTEXT(2) 
PARAMETRIC_REPRESENTATION_CONTEXT() REPRESENTATION_CONTEXT('2D SPACE',''
  ) );
#5610 = PCURVE('',#4344,#5611);
#5611 = DEFINITIONAL_REPRESENTATION('',(#5612),#5616);
#5612 = LINE('',#5613,#5614);
#5613 = CARTESIAN_POINT('',(0.,7.));
#5614 = VECTOR('',#5615,1.);
#5615 = DIRECTION('',(1.,0.));
#5616 = ( GEOMETRIC_REPRESENTATION_CONTEXT(2) 
PARAMETRIC_REPRESENTATION_CONTEXT() REPRESENTATION_CONTEXT('2D SPACE',''
  ) );
#5617 = ORIENTED_EDGE('',*,*,#5618,.F.);
#5618 = EDGE_CURVE('',#1222,#5596,#5619,.T.);
#5619 = SURFACE_CURVE('',#5620,(#5624,#5631),.PCURVE_S1.);
#5620 = LINE('',#5621,#5622);
#5621 = CARTESIAN_POINT('',(-50.5,55.606938537201,61.369250895233));
#5622 = VECTOR('',#5623,1.);
#5623 = DIRECTION('',(1.,0.,0.));
#5624 = PCURVE('',#583,#5625);
#5625 = DEFINITIONAL_REPRESENTATION('',(#5626),#5630);
#5626 = LINE('',#5627,#5628);
#5627 = CARTESIAN_POINT('',(19.3,1.9));
#5628 = VECTOR('',#5629,1.);
#5629 = DIRECTION('',(0.,-1.));
#5630 = ( GEOMETRIC_REPRESENTATION_CONTEXT(2) 
PARAMETRIC_REPRESENTATION_CONTEXT() REPRESENTATION_CONTEXT('2D SPACE',''
  ) );
#5631 = PCURVE('',#1236,#5632);
#5632 = DEFINITIONAL_REPRESENTATION('',(#5633),#5637);
#5633 = LINE('',#5634,#5635);
#5634 = CARTESIAN_POINT('',(14.,0.));
#5635 = VECTOR('',#5636,1.);
#5636 = DIRECTION('',(0.,-1.));
#5637 = ( GEOMETRIC_REPRESENTATION_CONTEXT(2) 
PARAMETRIC_REPRESENTATION_CONTEXT() REPRESENTATION_CONTEXT('2D SPACE',''
  ) );
#5638 = ORIENTED_EDGE('',*,*,#1247,.F.);
#5639 = ORIENTED_EDGE('',*,*,#5640,.T.);
#5640 = EDGE_CURVE('',#1175,#5641,#5643,.T.);
#5641 = VERTEX_POINT('',#5642);
#5642 = CARTESIAN_POINT('',(-48.6,54.059142979793,60.963875868293));
#5643 = SURFACE_CURVE('',#5644,(#5648,#5655),.PCURVE_S1.);
#5644 = LINE('',#5645,#5646);
#5645 = CARTESIAN_POINT('',(-50.5,54.059142979793,60.963875868293));
#5646 = VECTOR('',#5647,1.);
#5647 = DIRECTION('',(1.,0.,0.));
#5648 = PCURVE('',#583,#5649);
#5649 = DEFINITIONAL_REPRESENTATION('',(#5650),#5654);
#5650 = LINE('',#5651,#5652);
#5651 = CARTESIAN_POINT('',(17.7,1.9));
#5652 = VECTOR('',#5653,1.);
#5653 = DIRECTION('',(0.,-1.));
#5654 = ( GEOMETRIC_REPRESENTATION_CONTEXT(2) 
PARAMETRIC_REPRESENTATION_CONTEXT() REPRESENTATION_CONTEXT('2D SPACE',''
  ) );
#5655 = PCURVE('',#1189,#5656);
#5656 = DEFINITIONAL_REPRESENTATION('',(#5657),#5661);
#5657 = LINE('',#5658,#5659);
#5658 = CARTESIAN_POINT('',(14.,0.));
#5659 = VECTOR('',#5660,1.);
#5660 = DIRECTION('',(0.,-1.));
#5661 = ( GEOMETRIC_REPRESENTATION_CONTEXT(2) 
PARAMETRIC_REPRESENTATION_CONTEXT() REPRESENTATION_CONTEXT('2D SPACE',''
  ) );
#5662 = ORIENTED_EDGE('',*,*,#5663,.F.);
#5663 = EDGE_CURVE('',#5664,#5641,#5666,.T.);
#5664 = VERTEX_POINT('',#5665);
#5665 = CARTESIAN_POINT('',(-48.6,51.73744964368,60.355813327883));
#5666 = SURFACE_CURVE('',#5667,(#5671,#5678),.PCURVE_S1.);
#5667 = LINE('',#5668,#5669);
#5668 = CARTESIAN_POINT('',(-48.6,53.381982423427,60.786524294007));
#5669 = VECTOR('',#5670,1.);
#5670 = DIRECTION('',(0.,0.96737222338,0.253359391838));
#5671 = PCURVE('',#583,#5672);
#5672 = DEFINITIONAL_REPRESENTATION('',(#5673),#5677);
#5673 = LINE('',#5674,#5675);
#5674 = CARTESIAN_POINT('',(17.,0.));
#5675 = VECTOR('',#5676,1.);
#5676 = DIRECTION('',(1.,0.));
#5677 = ( GEOMETRIC_REPRESENTATION_CONTEXT(2) 
PARAMETRIC_REPRESENTATION_CONTEXT() REPRESENTATION_CONTEXT('2D SPACE',''
  ) );
#5678 = PCURVE('',#4417,#5679);
#5679 = DEFINITIONAL_REPRESENTATION('',(#5680),#5684);
#5680 = LINE('',#5681,#5682);
#5681 = CARTESIAN_POINT('',(0.,7.));
#5682 = VECTOR('',#5683,1.);
#5683 = DIRECTION('',(1.,0.));
#5684 = ( GEOMETRIC_REPRESENTATION_CONTEXT(2) 
PARAMETRIC_REPRESENTATION_CONTEXT() REPRESENTATION_CONTEXT('2D SPACE',''
  ) );
#5685 = ORIENTED_EDGE('',*,*,#5686,.F.);
#5686 = EDGE_CURVE('',#545,#5664,#5687,.T.);
#5687 = SURFACE_CURVE('',#5688,(#5692,#5699),.PCURVE_S1.);
#5688 = LINE('',#5689,#5690);
#5689 = CARTESIAN_POINT('',(-50.5,51.73744964368,60.355813327883));
#5690 = VECTOR('',#5691,1.);
#5691 = DIRECTION('',(1.,0.,0.));
#5692 = PCURVE('',#583,#5693);
#5693 = DEFINITIONAL_REPRESENTATION('',(#5694),#5698);
#5694 = LINE('',#5695,#5696);
#5695 = CARTESIAN_POINT('',(15.3,1.9));
#5696 = VECTOR('',#5697,1.);
#5697 = DIRECTION('',(0.,-1.));
#5698 = ( GEOMETRIC_REPRESENTATION_CONTEXT(2) 
PARAMETRIC_REPRESENTATION_CONTEXT() REPRESENTATION_CONTEXT('2D SPACE',''
  ) );
#5699 = PCURVE('',#559,#5700);
#5700 = DEFINITIONAL_REPRESENTATION('',(#5701),#5705);
#5701 = LINE('',#5702,#5703);
#5702 = CARTESIAN_POINT('',(14.,0.));
#5703 = VECTOR('',#5704,1.);
#5704 = DIRECTION('',(0.,-1.));
#5705 = ( GEOMETRIC_REPRESENTATION_CONTEXT(2) 
PARAMETRIC_REPRESENTATION_CONTEXT() REPRESENTATION_CONTEXT('2D SPACE',''
  ) );
#5706 = ORIENTED_EDGE('',*,*,#570,.F.);
#5707 = ORIENTED_EDGE('',*,*,#3236,.T.);
#5708 = ORIENTED_EDGE('',*,*,#5709,.F.);
#5709 = EDGE_CURVE('',#5710,#3209,#5712,.T.);
#5710 = VERTEX_POINT('',#5711);
#5711 = CARTESIAN_POINT('',(-48.6,47.867960750159,59.342375760532));
#5712 = SURFACE_CURVE('',#5713,(#5717,#5724),.PCURVE_S1.);
#5713 = LINE('',#5714,#5715);
#5714 = CARTESIAN_POINT('',(-48.6,53.381982423427,60.786524294007));
#5715 = VECTOR('',#5716,1.);
#5716 = DIRECTION('',(0.,0.96737222338,0.253359391838));
#5717 = PCURVE('',#583,#5718);
#5718 = DEFINITIONAL_REPRESENTATION('',(#5719),#5723);
#5719 = LINE('',#5720,#5721);
#5720 = CARTESIAN_POINT('',(17.,0.));
#5721 = VECTOR('',#5722,1.);
#5722 = DIRECTION('',(1.,0.));
#5723 = ( GEOMETRIC_REPRESENTATION_CONTEXT(2) 
PARAMETRIC_REPRESENTATION_CONTEXT() REPRESENTATION_CONTEXT('2D SPACE',''
  ) );
#5724 = PCURVE('',#3224,#5725);
#5725 = DEFINITIONAL_REPRESENTATION('',(#5726),#5730);
#5726 = LINE('',#5727,#5728);
#5727 = CARTESIAN_POINT('',(0.,7.));
#5728 = VECTOR('',#5729,1.);
#5729 = DIRECTION('',(1.,0.));
#5730 = ( GEOMETRIC_REPRESENTATION_CONTEXT(2) 
PARAMETRIC_REPRESENTATION_CONTEXT() REPRESENTATION_CONTEXT('2D SPACE',''
  ) );
#5731 = ORIENTED_EDGE('',*,*,#5732,.F.);
#5732 = EDGE_CURVE('',#646,#5710,#5733,.T.);
#5733 = SURFACE_CURVE('',#5734,(#5738,#5745),.PCURVE_S1.);
#5734 = LINE('',#5735,#5736);
#5735 = CARTESIAN_POINT('',(-50.5,47.867960750159,59.342375760532));
#5736 = VECTOR('',#5737,1.);
#5737 = DIRECTION('',(1.,0.,0.));
#5738 = PCURVE('',#583,#5739);
#5739 = DEFINITIONAL_REPRESENTATION('',(#5740),#5744);
#5740 = LINE('',#5741,#5742);
#5741 = CARTESIAN_POINT('',(11.3,1.9));
#5742 = VECTOR('',#5743,1.);
#5743 = DIRECTION('',(0.,-1.));
#5744 = ( GEOMETRIC_REPRESENTATION_CONTEXT(2) 
PARAMETRIC_REPRESENTATION_CONTEXT() REPRESENTATION_CONTEXT('2D SPACE',''
  ) );
#5745 = PCURVE('',#660,#5746);
#5746 = DEFINITIONAL_REPRESENTATION('',(#5747),#5751);
#5747 = LINE('',#5748,#5749);
#5748 = CARTESIAN_POINT('',(14.,0.));
#5749 = VECTOR('',#5750,1.);
#5750 = DIRECTION('',(0.,-1.));
#5751 = ( GEOMETRIC_REPRESENTATION_CONTEXT(2) 
PARAMETRIC_REPRESENTATION_CONTEXT() REPRESENTATION_CONTEXT('2D SPACE',''
  ) );
#5752 = ORIENTED_EDGE('',*,*,#671,.F.);
#5753 = ORIENTED_EDGE('',*,*,#5754,.T.);
#5754 = EDGE_CURVE('',#599,#5755,#5757,.T.);
#5755 = VERTEX_POINT('',#5756);
#5756 = CARTESIAN_POINT('',(-48.6,46.320165192751,58.937000733592));
#5757 = SURFACE_CURVE('',#5758,(#5762,#5769),.PCURVE_S1.);
#5758 = LINE('',#5759,#5760);
#5759 = CARTESIAN_POINT('',(-50.5,46.320165192751,58.937000733592));
#5760 = VECTOR('',#5761,1.);
#5761 = DIRECTION('',(1.,0.,0.));
#5762 = PCURVE('',#583,#5763);
#5763 = DEFINITIONAL_REPRESENTATION('',(#5764),#5768);
#5764 = LINE('',#5765,#5766);
#5765 = CARTESIAN_POINT('',(9.7,1.9));
#5766 = VECTOR('',#5767,1.);
#5767 = DIRECTION('',(0.,-1.));
#5768 = ( GEOMETRIC_REPRESENTATION_CONTEXT(2) 
PARAMETRIC_REPRESENTATION_CONTEXT() REPRESENTATION_CONTEXT('2D SPACE',''
  ) );
#5769 = PCURVE('',#613,#5770);
#5770 = DEFINITIONAL_REPRESENTATION('',(#5771),#5775);
#5771 = LINE('',#5772,#5773);
#5772 = CARTESIAN_POINT('',(14.,0.));
#5773 = VECTOR('',#5774,1.);
#5774 = DIRECTION('',(0.,-1.));
#5775 = ( GEOMETRIC_REPRESENTATION_CONTEXT(2) 
PARAMETRIC_REPRESENTATION_CONTEXT() REPRESENTATION_CONTEXT('2D SPACE',''
  ) );
#5776 = ORIENTED_EDGE('',*,*,#5777,.F.);
#5777 = EDGE_CURVE('',#5778,#5755,#5780,.T.);
#5778 = VERTEX_POINT('',#5779);
#5779 = CARTESIAN_POINT('',(-48.6,43.998471856638,58.328938193181));
#5780 = SURFACE_CURVE('',#5781,(#5785,#5792),.PCURVE_S1.);
#5781 = LINE('',#5782,#5783);
#5782 = CARTESIAN_POINT('',(-48.6,53.381982423427,60.786524294007));
#5783 = VECTOR('',#5784,1.);
#5784 = DIRECTION('',(0.,0.96737222338,0.253359391838));
#5785 = PCURVE('',#583,#5786);
#5786 = DEFINITIONAL_REPRESENTATION('',(#5787),#5791);
#5787 = LINE('',#5788,#5789);
#5788 = CARTESIAN_POINT('',(17.,0.));
#5789 = VECTOR('',#5790,1.);
#5790 = DIRECTION('',(1.,0.));
#5791 = ( GEOMETRIC_REPRESENTATION_CONTEXT(2) 
PARAMETRIC_REPRESENTATION_CONTEXT() REPRESENTATION_CONTEXT('2D SPACE',''
  ) );
#5792 = PCURVE('',#4536,#5793);
#5793 = DEFINITIONAL_REPRESENTATION('',(#5794),#5798);
#5794 = LINE('',#5795,#5796);
#5795 = CARTESIAN_POINT('',(0.,7.));
#5796 = VECTOR('',#5797,1.);
#5797 = DIRECTION('',(1.,0.));
#5798 = ( GEOMETRIC_REPRESENTATION_CONTEXT(2) 
PARAMETRIC_REPRESENTATION_CONTEXT() REPRESENTATION_CONTEXT('2D SPACE',''
  ) );
#5799 = ORIENTED_EDGE('',*,*,#5800,.F.);
#5800 = EDGE_CURVE('',#838,#5778,#5801,.T.);
#5801 = SURFACE_CURVE('',#5802,(#5806,#5813),.PCURVE_S1.);
#5802 = LINE('',#5803,#5804);
#5803 = CARTESIAN_POINT('',(-50.5,43.998471856638,58.328938193181));
#5804 = VECTOR('',#5805,1.);
#5805 = DIRECTION('',(1.,0.,0.));
#5806 = PCURVE('',#583,#5807);
#5807 = DEFINITIONAL_REPRESENTATION('',(#5808),#5812);
#5808 = LINE('',#5809,#5810);
#5809 = CARTESIAN_POINT('',(7.3,1.9));
#5810 = VECTOR('',#5811,1.);
#5811 = DIRECTION('',(0.,-1.));
#5812 = ( GEOMETRIC_REPRESENTATION_CONTEXT(2) 
PARAMETRIC_REPRESENTATION_CONTEXT() REPRESENTATION_CONTEXT('2D SPACE',''
  ) );
#5813 = PCURVE('',#852,#5814);
#5814 = DEFINITIONAL_REPRESENTATION('',(#5815),#5819);
#5815 = LINE('',#5816,#5817);
#5816 = CARTESIAN_POINT('',(14.,0.));
#5817 = VECTOR('',#5818,1.);
#5818 = DIRECTION('',(0.,-1.));
#5819 = ( GEOMETRIC_REPRESENTATION_CONTEXT(2) 
PARAMETRIC_REPRESENTATION_CONTEXT() REPRESENTATION_CONTEXT('2D SPACE',''
  ) );
#5820 = ORIENTED_EDGE('',*,*,#863,.F.);
#5821 = ORIENTED_EDGE('',*,*,#5822,.T.);
#5822 = EDGE_CURVE('',#791,#5823,#5825,.T.);
#5823 = VERTEX_POINT('',#5824);
#5824 = CARTESIAN_POINT('',(-48.6,42.45067629923,57.923563166241));
#5825 = SURFACE_CURVE('',#5826,(#5830,#5837),.PCURVE_S1.);
#5826 = LINE('',#5827,#5828);
#5827 = CARTESIAN_POINT('',(-50.5,42.45067629923,57.923563166241));
#5828 = VECTOR('',#5829,1.);
#5829 = DIRECTION('',(1.,0.,0.));
#5830 = PCURVE('',#583,#5831);
#5831 = DEFINITIONAL_REPRESENTATION('',(#5832),#5836);
#5832 = LINE('',#5833,#5834);
#5833 = CARTESIAN_POINT('',(5.7,1.9));
#5834 = VECTOR('',#5835,1.);
#5835 = DIRECTION('',(0.,-1.));
#5836 = ( GEOMETRIC_REPRESENTATION_CONTEXT(2) 
PARAMETRIC_REPRESENTATION_CONTEXT() REPRESENTATION_CONTEXT('2D SPACE',''
  ) );
#5837 = PCURVE('',#805,#5838);
#5838 = DEFINITIONAL_REPRESENTATION('',(#5839),#5843);
#5839 = LINE('',#5840,#5841);
#5840 = CARTESIAN_POINT('',(14.,0.));
#5841 = VECTOR('',#5842,1.);
#5842 = DIRECTION('',(0.,-1.));
#5843 = ( GEOMETRIC_REPRESENTATION_CONTEXT(2) 
PARAMETRIC_REPRESENTATION_CONTEXT() REPRESENTATION_CONTEXT('2D SPACE',''
  ) );
#5844 = ORIENTED_EDGE('',*,*,#5845,.F.);
#5845 = EDGE_CURVE('',#5846,#5823,#5848,.T.);
#5846 = VERTEX_POINT('',#5847);
#5847 = CARTESIAN_POINT('',(-48.6,40.128982963117,57.31550062583));
#5848 = SURFACE_CURVE('',#5849,(#5853,#5860),.PCURVE_S1.);
#5849 = LINE('',#5850,#5851);
#5850 = CARTESIAN_POINT('',(-48.6,53.381982423427,60.786524294007));
#5851 = VECTOR('',#5852,1.);
#5852 = DIRECTION('',(0.,0.96737222338,0.253359391838));
#5853 = PCURVE('',#583,#5854);
#5854 = DEFINITIONAL_REPRESENTATION('',(#5855),#5859);
#5855 = LINE('',#5856,#5857);
#5856 = CARTESIAN_POINT('',(17.,0.));
#5857 = VECTOR('',#5858,1.);
#5858 = DIRECTION('',(1.,0.));
#5859 = ( GEOMETRIC_REPRESENTATION_CONTEXT(2) 
PARAMETRIC_REPRESENTATION_CONTEXT() REPRESENTATION_CONTEXT('2D SPACE',''
  ) );
#5860 = PCURVE('',#4609,#5861);
#5861 = DEFINITIONAL_REPRESENTATION('',(#5862),#5866);
#5862 = LINE('',#5863,#5864);
#5863 = CARTESIAN_POINT('',(0.,7.));
#5864 = VECTOR('',#5865,1.);
#5865 = DIRECTION('',(1.,0.));
#5866 = ( GEOMETRIC_REPRESENTATION_CONTEXT(2) 
PARAMETRIC_REPRESENTATION_CONTEXT() REPRESENTATION_CONTEXT('2D SPACE',''
  ) );
#5867 = ORIENTED_EDGE('',*,*,#5868,.F.);
#5868 = EDGE_CURVE('',#742,#5846,#5869,.T.);
#5869 = SURFACE_CURVE('',#5870,(#5874,#5881),.PCURVE_S1.);
#5870 = LINE('',#5871,#5872);
#5871 = CARTESIAN_POINT('',(-50.5,40.128982963117,57.31550062583));
#5872 = VECTOR('',#5873,1.);
#5873 = DIRECTION('',(1.,0.,0.));
#5874 = PCURVE('',#583,#5875);
#5875 = DEFINITIONAL_REPRESENTATION('',(#5876),#5880);
#5876 = LINE('',#5877,#5878);
#5877 = CARTESIAN_POINT('',(3.3,1.9));
#5878 = VECTOR('',#5879,1.);
#5879 = DIRECTION('',(0.,-1.));
#5880 = ( GEOMETRIC_REPRESENTATION_CONTEXT(2) 
PARAMETRIC_REPRESENTATION_CONTEXT() REPRESENTATION_CONTEXT('2D SPACE',''
  ) );
#5881 = PCURVE('',#756,#5882);
#5882 = DEFINITIONAL_REPRESENTATION('',(#5883),#5887);
#5883 = LINE('',#5884,#5885);
#5884 = CARTESIAN_POINT('',(14.,0.));
#5885 = VECTOR('',#5886,1.);
#5886 = DIRECTION('',(0.,-1.));
#5887 = ( GEOMETRIC_REPRESENTATION_CONTEXT(2) 
PARAMETRIC_REPRESENTATION_CONTEXT() REPRESENTATION_CONTEXT('2D SPACE',''
  ) );
#5888 = ORIENTED_EDGE('',*,*,#767,.F.);
#5889 = ORIENTED_EDGE('',*,*,#5890,.T.);
#5890 = EDGE_CURVE('',#695,#4670,#5891,.T.);
#5891 = SURFACE_CURVE('',#5892,(#5896,#5903),.PCURVE_S1.);
#5892 = LINE('',#5893,#5894);
#5893 = CARTESIAN_POINT('',(-50.5,38.581187405709,56.91012559889));
#5894 = VECTOR('',#5895,1.);
#5895 = DIRECTION('',(1.,0.,0.));
#5896 = PCURVE('',#583,#5897);
#5897 = DEFINITIONAL_REPRESENTATION('',(#5898),#5902);
#5898 = LINE('',#5899,#5900);
#5899 = CARTESIAN_POINT('',(1.7,1.9));
#5900 = VECTOR('',#5901,1.);
#5901 = DIRECTION('',(0.,-1.));
#5902 = ( GEOMETRIC_REPRESENTATION_CONTEXT(2) 
PARAMETRIC_REPRESENTATION_CONTEXT() REPRESENTATION_CONTEXT('2D SPACE',''
  ) );
#5903 = PCURVE('',#709,#5904);
#5904 = DEFINITIONAL_REPRESENTATION('',(#5905),#5909);
#5905 = LINE('',#5906,#5907);
#5906 = CARTESIAN_POINT('',(14.,0.));
#5907 = VECTOR('',#5908,1.);
#5908 = DIRECTION('',(0.,-1.));
#5909 = ( GEOMETRIC_REPRESENTATION_CONTEXT(2) 
PARAMETRIC_REPRESENTATION_CONTEXT() REPRESENTATION_CONTEXT('2D SPACE',''
  ) );
#5910 = ADVANCED_FACE('',(#5911),#559,.T.);
#5911 = FACE_BOUND('',#5912,.T.);
#5912 = EDGE_LOOP('',(#5913,#5914,#5915,#5936));
#5913 = ORIENTED_EDGE('',*,*,#544,.F.);
#5914 = ORIENTED_EDGE('',*,*,#4429,.T.);
#5915 = ORIENTED_EDGE('',*,*,#5916,.T.);
#5916 = EDGE_CURVE('',#4402,#5664,#5917,.T.);
#5917 = SURFACE_CURVE('',#5918,(#5922,#5929),.PCURVE_S1.);
#5918 = LINE('',#5919,#5920);
#5919 = CARTESIAN_POINT('',(-48.6,53.510965386544,53.584207764221));
#5920 = VECTOR('',#5921,1.);
#5921 = DIRECTION('',(0.,-0.253359391838,0.96737222338));
#5922 = PCURVE('',#559,#5923);
#5923 = DEFINITIONAL_REPRESENTATION('',(#5924),#5928);
#5924 = LINE('',#5925,#5926);
#5925 = CARTESIAN_POINT('',(7.,-1.9));
#5926 = VECTOR('',#5927,1.);
#5927 = DIRECTION('',(1.,0.));
#5928 = ( GEOMETRIC_REPRESENTATION_CONTEXT(2) 
PARAMETRIC_REPRESENTATION_CONTEXT() REPRESENTATION_CONTEXT('2D SPACE',''
  ) );
#5929 = PCURVE('',#4417,#5930);
#5930 = DEFINITIONAL_REPRESENTATION('',(#5931),#5935);
#5931 = LINE('',#5932,#5933);
#5932 = CARTESIAN_POINT('',(-1.7,3.552713678801E-15));
#5933 = VECTOR('',#5934,1.);
#5934 = DIRECTION('',(0.,1.));
#5935 = ( GEOMETRIC_REPRESENTATION_CONTEXT(2) 
PARAMETRIC_REPRESENTATION_CONTEXT() REPRESENTATION_CONTEXT('2D SPACE',''
  ) );
#5936 = ORIENTED_EDGE('',*,*,#5686,.F.);
#5937 = ADVANCED_FACE('',(#5938),#613,.F.);
#5938 = FACE_BOUND('',#5939,.F.);
#5939 = EDGE_LOOP('',(#5940,#5941,#5942,#5963));
#5940 = ORIENTED_EDGE('',*,*,#596,.F.);
#5941 = ORIENTED_EDGE('',*,*,#4497,.T.);
#5942 = ORIENTED_EDGE('',*,*,#5943,.T.);
#5943 = EDGE_CURVE('',#4498,#5755,#5944,.T.);
#5944 = SURFACE_CURVE('',#5945,(#5949,#5956),.PCURVE_S1.);
#5945 = LINE('',#5946,#5947);
#5946 = CARTESIAN_POINT('',(-48.6,48.093680935615,52.16539516993));
#5947 = VECTOR('',#5948,1.);
#5948 = DIRECTION('',(0.,-0.253359391838,0.96737222338));
#5949 = PCURVE('',#613,#5950);
#5950 = DEFINITIONAL_REPRESENTATION('',(#5951),#5955);
#5951 = LINE('',#5952,#5953);
#5952 = CARTESIAN_POINT('',(7.,-1.9));
#5953 = VECTOR('',#5954,1.);
#5954 = DIRECTION('',(1.,0.));
#5955 = ( GEOMETRIC_REPRESENTATION_CONTEXT(2) 
PARAMETRIC_REPRESENTATION_CONTEXT() REPRESENTATION_CONTEXT('2D SPACE',''
  ) );
#5956 = PCURVE('',#4536,#5957);
#5957 = DEFINITIONAL_REPRESENTATION('',(#5958),#5962);
#5958 = LINE('',#5959,#5960);
#5959 = CARTESIAN_POINT('',(-7.3,3.552713678801E-15));
#5960 = VECTOR('',#5961,1.);
#5961 = DIRECTION('',(0.,1.));
#5962 = ( GEOMETRIC_REPRESENTATION_CONTEXT(2) 
PARAMETRIC_REPRESENTATION_CONTEXT() REPRESENTATION_CONTEXT('2D SPACE',''
  ) );
#5963 = ORIENTED_EDGE('',*,*,#5754,.F.);
#5964 = ADVANCED_FACE('',(#5965),#660,.T.);
#5965 = FACE_BOUND('',#5966,.T.);
#5966 = EDGE_LOOP('',(#5967,#5968,#5969,#5990));
#5967 = ORIENTED_EDGE('',*,*,#645,.F.);
#5968 = ORIENTED_EDGE('',*,*,#4475,.T.);
#5969 = ORIENTED_EDGE('',*,*,#5970,.T.);
#5970 = EDGE_CURVE('',#4453,#5710,#5971,.T.);
#5971 = SURFACE_CURVE('',#5972,(#5976,#5983),.PCURVE_S1.);
#5972 = LINE('',#5973,#5974);
#5973 = CARTESIAN_POINT('',(-48.6,49.641476493023,52.57077019687));
#5974 = VECTOR('',#5975,1.);
#5975 = DIRECTION('',(0.,-0.253359391838,0.96737222338));
#5976 = PCURVE('',#660,#5977);
#5977 = DEFINITIONAL_REPRESENTATION('',(#5978),#5982);
#5978 = LINE('',#5979,#5980);
#5979 = CARTESIAN_POINT('',(7.,-1.9));
#5980 = VECTOR('',#5981,1.);
#5981 = DIRECTION('',(1.,0.));
#5982 = ( GEOMETRIC_REPRESENTATION_CONTEXT(2) 
PARAMETRIC_REPRESENTATION_CONTEXT() REPRESENTATION_CONTEXT('2D SPACE',''
  ) );
#5983 = PCURVE('',#3224,#5984);
#5984 = DEFINITIONAL_REPRESENTATION('',(#5985),#5989);
#5985 = LINE('',#5986,#5987);
#5986 = CARTESIAN_POINT('',(-5.7,3.552713678801E-15));
#5987 = VECTOR('',#5988,1.);
#5988 = DIRECTION('',(0.,1.));
#5989 = ( GEOMETRIC_REPRESENTATION_CONTEXT(2) 
PARAMETRIC_REPRESENTATION_CONTEXT() REPRESENTATION_CONTEXT('2D SPACE',''
  ) );
#5990 = ORIENTED_EDGE('',*,*,#5732,.F.);
#5991 = ADVANCED_FACE('',(#5992),#709,.F.);
#5992 = FACE_BOUND('',#5993,.F.);
#5993 = EDGE_LOOP('',(#5994,#5995,#5996,#6017));
#5994 = ORIENTED_EDGE('',*,*,#692,.F.);
#5995 = ORIENTED_EDGE('',*,*,#4643,.T.);
#5996 = ORIENTED_EDGE('',*,*,#5997,.T.);
#5997 = EDGE_CURVE('',#3263,#4670,#5998,.T.);
#5998 = SURFACE_CURVE('',#5999,(#6003,#6010),.PCURVE_S1.);
#5999 = LINE('',#6000,#6001);
#6000 = CARTESIAN_POINT('',(-48.6,40.354703148573,50.138520035228));
#6001 = VECTOR('',#6002,1.);
#6002 = DIRECTION('',(0.,-0.253359391838,0.96737222338));
#6003 = PCURVE('',#709,#6004);
#6004 = DEFINITIONAL_REPRESENTATION('',(#6005),#6009);
#6005 = LINE('',#6006,#6007);
#6006 = CARTESIAN_POINT('',(7.,-1.9));
#6007 = VECTOR('',#6008,1.);
#6008 = DIRECTION('',(1.,0.));
#6009 = ( GEOMETRIC_REPRESENTATION_CONTEXT(2) 
PARAMETRIC_REPRESENTATION_CONTEXT() REPRESENTATION_CONTEXT('2D SPACE',''
  ) );
#6010 = PCURVE('',#3278,#6011);
#6011 = DEFINITIONAL_REPRESENTATION('',(#6012),#6016);
#6012 = LINE('',#6013,#6014);
#6013 = CARTESIAN_POINT('',(-15.3,3.552713678801E-15));
#6014 = VECTOR('',#6015,1.);
#6015 = DIRECTION('',(0.,1.));
#6016 = ( GEOMETRIC_REPRESENTATION_CONTEXT(2) 
PARAMETRIC_REPRESENTATION_CONTEXT() REPRESENTATION_CONTEXT('2D SPACE',''
  ) );
#6017 = ORIENTED_EDGE('',*,*,#5890,.F.);
#6018 = ADVANCED_FACE('',(#6019),#756,.T.);
#6019 = FACE_BOUND('',#6020,.T.);
#6020 = EDGE_LOOP('',(#6021,#6022,#6023,#6044));
#6021 = ORIENTED_EDGE('',*,*,#741,.F.);
#6022 = ORIENTED_EDGE('',*,*,#4621,.T.);
#6023 = ORIENTED_EDGE('',*,*,#6024,.T.);
#6024 = EDGE_CURVE('',#4594,#5846,#6025,.T.);
#6025 = SURFACE_CURVE('',#6026,(#6030,#6037),.PCURVE_S1.);
#6026 = LINE('',#6027,#6028);
#6027 = CARTESIAN_POINT('',(-48.6,41.902498705981,50.543895062169));
#6028 = VECTOR('',#6029,1.);
#6029 = DIRECTION('',(0.,-0.253359391838,0.96737222338));
#6030 = PCURVE('',#756,#6031);
#6031 = DEFINITIONAL_REPRESENTATION('',(#6032),#6036);
#6032 = LINE('',#6033,#6034);
#6033 = CARTESIAN_POINT('',(7.,-1.9));
#6034 = VECTOR('',#6035,1.);
#6035 = DIRECTION('',(1.,0.));
#6036 = ( GEOMETRIC_REPRESENTATION_CONTEXT(2) 
PARAMETRIC_REPRESENTATION_CONTEXT() REPRESENTATION_CONTEXT('2D SPACE',''
  ) );
#6037 = PCURVE('',#4609,#6038);
#6038 = DEFINITIONAL_REPRESENTATION('',(#6039),#6043);
#6039 = LINE('',#6040,#6041);
#6040 = CARTESIAN_POINT('',(-13.7,3.552713678801E-15));
#6041 = VECTOR('',#6042,1.);
#6042 = DIRECTION('',(0.,1.));
#6043 = ( GEOMETRIC_REPRESENTATION_CONTEXT(2) 
PARAMETRIC_REPRESENTATION_CONTEXT() REPRESENTATION_CONTEXT('2D SPACE',''
  ) );
#6044 = ORIENTED_EDGE('',*,*,#5868,.F.);
#6045 = ADVANCED_FACE('',(#6046),#805,.F.);
#6046 = FACE_BOUND('',#6047,.F.);
#6047 = EDGE_LOOP('',(#6048,#6049,#6050,#6071));
#6048 = ORIENTED_EDGE('',*,*,#788,.F.);
#6049 = ORIENTED_EDGE('',*,*,#4570,.T.);
#6050 = ORIENTED_EDGE('',*,*,#6051,.T.);
#6051 = EDGE_CURVE('',#4571,#5823,#6052,.T.);
#6052 = SURFACE_CURVE('',#6053,(#6057,#6064),.PCURVE_S1.);
#6053 = LINE('',#6054,#6055);
#6054 = CARTESIAN_POINT('',(-48.6,44.224192042094,51.151957602579));
#6055 = VECTOR('',#6056,1.);
#6056 = DIRECTION('',(0.,-0.253359391838,0.96737222338));
#6057 = PCURVE('',#805,#6058);
#6058 = DEFINITIONAL_REPRESENTATION('',(#6059),#6063);
#6059 = LINE('',#6060,#6061);
#6060 = CARTESIAN_POINT('',(7.,-1.9));
#6061 = VECTOR('',#6062,1.);
#6062 = DIRECTION('',(1.,0.));
#6063 = ( GEOMETRIC_REPRESENTATION_CONTEXT(2) 
PARAMETRIC_REPRESENTATION_CONTEXT() REPRESENTATION_CONTEXT('2D SPACE',''
  ) );
#6064 = PCURVE('',#4609,#6065);
#6065 = DEFINITIONAL_REPRESENTATION('',(#6066),#6070);
#6066 = LINE('',#6067,#6068);
#6067 = CARTESIAN_POINT('',(-11.3,3.552713678801E-15));
#6068 = VECTOR('',#6069,1.);
#6069 = DIRECTION('',(0.,1.));
#6070 = ( GEOMETRIC_REPRESENTATION_CONTEXT(2) 
PARAMETRIC_REPRESENTATION_CONTEXT() REPRESENTATION_CONTEXT('2D SPACE',''
  ) );
#6071 = ORIENTED_EDGE('',*,*,#5822,.F.);
#6072 = ADVANCED_FACE('',(#6073),#852,.T.);
#6073 = FACE_BOUND('',#6074,.T.);
#6074 = EDGE_LOOP('',(#6075,#6076,#6077,#6098));
#6075 = ORIENTED_EDGE('',*,*,#837,.F.);
#6076 = ORIENTED_EDGE('',*,*,#4548,.T.);
#6077 = ORIENTED_EDGE('',*,*,#6078,.T.);
#6078 = EDGE_CURVE('',#4521,#5778,#6079,.T.);
#6079 = SURFACE_CURVE('',#6080,(#6084,#6091),.PCURVE_S1.);
#6080 = LINE('',#6081,#6082);
#6081 = CARTESIAN_POINT('',(-48.6,45.771987599502,51.557332629519));
#6082 = VECTOR('',#6083,1.);
#6083 = DIRECTION('',(0.,-0.253359391838,0.96737222338));
#6084 = PCURVE('',#852,#6085);
#6085 = DEFINITIONAL_REPRESENTATION('',(#6086),#6090);
#6086 = LINE('',#6087,#6088);
#6087 = CARTESIAN_POINT('',(7.,-1.9));
#6088 = VECTOR('',#6089,1.);
#6089 = DIRECTION('',(1.,0.));
#6090 = ( GEOMETRIC_REPRESENTATION_CONTEXT(2) 
PARAMETRIC_REPRESENTATION_CONTEXT() REPRESENTATION_CONTEXT('2D SPACE',''
  ) );
#6091 = PCURVE('',#4536,#6092);
#6092 = DEFINITIONAL_REPRESENTATION('',(#6093),#6097);
#6093 = LINE('',#6094,#6095);
#6094 = CARTESIAN_POINT('',(-9.7,3.552713678801E-15));
#6095 = VECTOR('',#6096,1.);
#6096 = DIRECTION('',(0.,1.));
#6097 = ( GEOMETRIC_REPRESENTATION_CONTEXT(2) 
PARAMETRIC_REPRESENTATION_CONTEXT() REPRESENTATION_CONTEXT('2D SPACE',''
  ) );
#6098 = ORIENTED_EDGE('',*,*,#5800,.F.);
#6099 = ADVANCED_FACE('',(#6100),#901,.F.);
#6100 = FACE_BOUND('',#6101,.F.);
#6101 = EDGE_LOOP('',(#6102,#6103,#6104,#6125));
#6102 = ORIENTED_EDGE('',*,*,#884,.F.);
#6103 = ORIENTED_EDGE('',*,*,#4232,.T.);
#6104 = ORIENTED_EDGE('',*,*,#6105,.T.);
#6105 = EDGE_CURVE('',#4233,#5505,#6106,.T.);
#6106 = SURFACE_CURVE('',#6107,(#6111,#6118),.PCURVE_S1.);
#6107 = LINE('',#6108,#6109);
#6108 = CARTESIAN_POINT('',(-48.6,63.571636509699,56.219145439333));
#6109 = VECTOR('',#6110,1.);
#6110 = DIRECTION('',(0.,-0.253359391838,0.96737222338));
#6111 = PCURVE('',#901,#6112);
#6112 = DEFINITIONAL_REPRESENTATION('',(#6113),#6117);
#6113 = LINE('',#6114,#6115);
#6114 = CARTESIAN_POINT('',(7.,-1.9));
#6115 = VECTOR('',#6116,1.);
#6116 = DIRECTION('',(1.,0.));
#6117 = ( GEOMETRIC_REPRESENTATION_CONTEXT(2) 
PARAMETRIC_REPRESENTATION_CONTEXT() REPRESENTATION_CONTEXT('2D SPACE',''
  ) );
#6118 = PCURVE('',#4271,#6119);
#6119 = DEFINITIONAL_REPRESENTATION('',(#6120),#6124);
#6120 = LINE('',#6121,#6122);
#6121 = CARTESIAN_POINT('',(8.7,3.552713678801E-15));
#6122 = VECTOR('',#6123,1.);
#6123 = DIRECTION('',(0.,1.));
#6124 = ( GEOMETRIC_REPRESENTATION_CONTEXT(2) 
PARAMETRIC_REPRESENTATION_CONTEXT() REPRESENTATION_CONTEXT('2D SPACE',''
  ) );
#6125 = ORIENTED_EDGE('',*,*,#5504,.F.);
#6126 = ADVANCED_FACE('',(#6127),#948,.T.);
#6127 = FACE_BOUND('',#6128,.T.);
#6128 = EDGE_LOOP('',(#6129,#6130,#6131,#6152));
#6129 = ORIENTED_EDGE('',*,*,#933,.F.);
#6130 = ORIENTED_EDGE('',*,*,#4210,.T.);
#6131 = ORIENTED_EDGE('',*,*,#6132,.T.);
#6132 = EDGE_CURVE('',#4183,#5460,#6133,.T.);
#6133 = SURFACE_CURVE('',#6134,(#6138,#6145),.PCURVE_S1.);
#6134 = LINE('',#6135,#6136);
#6135 = CARTESIAN_POINT('',(-48.6,65.119432067107,56.624520466273));
#6136 = VECTOR('',#6137,1.);
#6137 = DIRECTION('',(0.,-0.253359391838,0.96737222338));
#6138 = PCURVE('',#948,#6139);
#6139 = DEFINITIONAL_REPRESENTATION('',(#6140),#6144);
#6140 = LINE('',#6141,#6142);
#6141 = CARTESIAN_POINT('',(7.,-1.9));
#6142 = VECTOR('',#6143,1.);
#6143 = DIRECTION('',(1.,0.));
#6144 = ( GEOMETRIC_REPRESENTATION_CONTEXT(2) 
PARAMETRIC_REPRESENTATION_CONTEXT() REPRESENTATION_CONTEXT('2D SPACE',''
  ) );
#6145 = PCURVE('',#4198,#6146);
#6146 = DEFINITIONAL_REPRESENTATION('',(#6147),#6151);
#6147 = LINE('',#6148,#6149);
#6148 = CARTESIAN_POINT('',(10.3,3.552713678801E-15));
#6149 = VECTOR('',#6150,1.);
#6150 = DIRECTION('',(0.,1.));
#6151 = ( GEOMETRIC_REPRESENTATION_CONTEXT(2) 
PARAMETRIC_REPRESENTATION_CONTEXT() REPRESENTATION_CONTEXT('2D SPACE',''
  ) );
#6152 = ORIENTED_EDGE('',*,*,#5482,.F.);
#6153 = ADVANCED_FACE('',(#6154),#997,.F.);
#6154 = FACE_BOUND('',#6155,.F.);
#6155 = EDGE_LOOP('',(#6156,#6157,#6158,#6179));
#6156 = ORIENTED_EDGE('',*,*,#980,.F.);
#6157 = ORIENTED_EDGE('',*,*,#4159,.T.);
#6158 = ORIENTED_EDGE('',*,*,#6159,.T.);
#6159 = EDGE_CURVE('',#4160,#5437,#6160,.T.);
#6160 = SURFACE_CURVE('',#6161,(#6165,#6172),.PCURVE_S1.);
#6161 = LINE('',#6162,#6163);
#6162 = CARTESIAN_POINT('',(-48.6,67.44112540322,57.232583006684));
#6163 = VECTOR('',#6164,1.);
#6164 = DIRECTION('',(0.,-0.253359391838,0.96737222338));
#6165 = PCURVE('',#997,#6166);
#6166 = DEFINITIONAL_REPRESENTATION('',(#6167),#6171);
#6167 = LINE('',#6168,#6169);
#6168 = CARTESIAN_POINT('',(7.,-1.9));
#6169 = VECTOR('',#6170,1.);
#6170 = DIRECTION('',(1.,0.));
#6171 = ( GEOMETRIC_REPRESENTATION_CONTEXT(2) 
PARAMETRIC_REPRESENTATION_CONTEXT() REPRESENTATION_CONTEXT('2D SPACE',''
  ) );
#6172 = PCURVE('',#4198,#6173);
#6173 = DEFINITIONAL_REPRESENTATION('',(#6174),#6178);
#6174 = LINE('',#6175,#6176);
#6175 = CARTESIAN_POINT('',(12.7,3.552713678801E-15));
#6176 = VECTOR('',#6177,1.);
#6177 = DIRECTION('',(0.,1.));
#6178 = ( GEOMETRIC_REPRESENTATION_CONTEXT(2) 
PARAMETRIC_REPRESENTATION_CONTEXT() REPRESENTATION_CONTEXT('2D SPACE',''
  ) );
#6179 = ORIENTED_EDGE('',*,*,#5436,.F.);
#6180 = ADVANCED_FACE('',(#6181),#1044,.T.);
#6181 = FACE_BOUND('',#6182,.T.);
#6182 = EDGE_LOOP('',(#6183,#6184,#6185,#6206));
#6183 = ORIENTED_EDGE('',*,*,#1029,.F.);
#6184 = ORIENTED_EDGE('',*,*,#4137,.T.);
#6185 = ORIENTED_EDGE('',*,*,#6186,.T.);
#6186 = EDGE_CURVE('',#4110,#5392,#6187,.T.);
#6187 = SURFACE_CURVE('',#6188,(#6192,#6199),.PCURVE_S1.);
#6188 = LINE('',#6189,#6190);
#6189 = CARTESIAN_POINT('',(-48.6,68.988920960628,57.637958033624));
#6190 = VECTOR('',#6191,1.);
#6191 = DIRECTION('',(0.,-0.253359391838,0.96737222338));
#6192 = PCURVE('',#1044,#6193);
#6193 = DEFINITIONAL_REPRESENTATION('',(#6194),#6198);
#6194 = LINE('',#6195,#6196);
#6195 = CARTESIAN_POINT('',(7.,-1.9));
#6196 = VECTOR('',#6197,1.);
#6197 = DIRECTION('',(1.,0.));
#6198 = ( GEOMETRIC_REPRESENTATION_CONTEXT(2) 
PARAMETRIC_REPRESENTATION_CONTEXT() REPRESENTATION_CONTEXT('2D SPACE',''
  ) );
#6199 = PCURVE('',#4125,#6200);
#6200 = DEFINITIONAL_REPRESENTATION('',(#6201),#6205);
#6201 = LINE('',#6202,#6203);
#6202 = CARTESIAN_POINT('',(14.3,3.552713678801E-15));
#6203 = VECTOR('',#6204,1.);
#6204 = DIRECTION('',(0.,1.));
#6205 = ( GEOMETRIC_REPRESENTATION_CONTEXT(2) 
PARAMETRIC_REPRESENTATION_CONTEXT() REPRESENTATION_CONTEXT('2D SPACE',''
  ) );
#6206 = ORIENTED_EDGE('',*,*,#5414,.F.);
#6207 = ADVANCED_FACE('',(#6208),#1093,.F.);
#6208 = FACE_BOUND('',#6209,.F.);
#6209 = EDGE_LOOP('',(#6210,#6211,#6212,#6233));
#6210 = ORIENTED_EDGE('',*,*,#1076,.F.);
#6211 = ORIENTED_EDGE('',*,*,#4305,.T.);
#6212 = ORIENTED_EDGE('',*,*,#6213,.T.);
#6213 = EDGE_CURVE('',#4306,#5573,#6214,.T.);
#6214 = SURFACE_CURVE('',#6215,(#6219,#6226),.PCURVE_S1.);
#6215 = LINE('',#6216,#6217);
#6216 = CARTESIAN_POINT('',(-48.6,59.702147616178,55.205707871982));
#6217 = VECTOR('',#6218,1.);
#6218 = DIRECTION('',(0.,-0.253359391838,0.96737222338));
#6219 = PCURVE('',#1093,#6220);
#6220 = DEFINITIONAL_REPRESENTATION('',(#6221),#6225);
#6221 = LINE('',#6222,#6223);
#6222 = CARTESIAN_POINT('',(7.,-1.9));
#6223 = VECTOR('',#6224,1.);
#6224 = DIRECTION('',(1.,0.));
#6225 = ( GEOMETRIC_REPRESENTATION_CONTEXT(2) 
PARAMETRIC_REPRESENTATION_CONTEXT() REPRESENTATION_CONTEXT('2D SPACE',''
  ) );
#6226 = PCURVE('',#4344,#6227);
#6227 = DEFINITIONAL_REPRESENTATION('',(#6228),#6232);
#6228 = LINE('',#6229,#6230);
#6229 = CARTESIAN_POINT('',(4.7,3.552713678801E-15));
#6230 = VECTOR('',#6231,1.);
#6231 = DIRECTION('',(0.,1.));
#6232 = ( GEOMETRIC_REPRESENTATION_CONTEXT(2) 
PARAMETRIC_REPRESENTATION_CONTEXT() REPRESENTATION_CONTEXT('2D SPACE',''
  ) );
#6233 = ORIENTED_EDGE('',*,*,#5572,.F.);
#6234 = ADVANCED_FACE('',(#6235),#1140,.T.);
#6235 = FACE_BOUND('',#6236,.T.);
#6236 = EDGE_LOOP('',(#6237,#6238,#6239,#6260));
#6237 = ORIENTED_EDGE('',*,*,#1125,.F.);
#6238 = ORIENTED_EDGE('',*,*,#4283,.T.);
#6239 = ORIENTED_EDGE('',*,*,#6240,.T.);
#6240 = EDGE_CURVE('',#4256,#5528,#6241,.T.);
#6241 = SURFACE_CURVE('',#6242,(#6246,#6253),.PCURVE_S1.);
#6242 = LINE('',#6243,#6244);
#6243 = CARTESIAN_POINT('',(-48.6,61.249943173586,55.611082898922));
#6244 = VECTOR('',#6245,1.);
#6245 = DIRECTION('',(0.,-0.253359391838,0.96737222338));
#6246 = PCURVE('',#1140,#6247);
#6247 = DEFINITIONAL_REPRESENTATION('',(#6248),#6252);
#6248 = LINE('',#6249,#6250);
#6249 = CARTESIAN_POINT('',(7.,-1.9));
#6250 = VECTOR('',#6251,1.);
#6251 = DIRECTION('',(1.,0.));
#6252 = ( GEOMETRIC_REPRESENTATION_CONTEXT(2) 
PARAMETRIC_REPRESENTATION_CONTEXT() REPRESENTATION_CONTEXT('2D SPACE',''
  ) );
#6253 = PCURVE('',#4271,#6254);
#6254 = DEFINITIONAL_REPRESENTATION('',(#6255),#6259);
#6255 = LINE('',#6256,#6257);
#6256 = CARTESIAN_POINT('',(6.3,3.552713678801E-15));
#6257 = VECTOR('',#6258,1.);
#6258 = DIRECTION('',(0.,1.));
#6259 = ( GEOMETRIC_REPRESENTATION_CONTEXT(2) 
PARAMETRIC_REPRESENTATION_CONTEXT() REPRESENTATION_CONTEXT('2D SPACE',''
  ) );
#6260 = ORIENTED_EDGE('',*,*,#5550,.F.);
#6261 = ADVANCED_FACE('',(#6262),#1189,.F.);
#6262 = FACE_BOUND('',#6263,.F.);
#6263 = EDGE_LOOP('',(#6264,#6265,#6266,#6287));
#6264 = ORIENTED_EDGE('',*,*,#1172,.F.);
#6265 = ORIENTED_EDGE('',*,*,#4378,.T.);
#6266 = ORIENTED_EDGE('',*,*,#6267,.T.);
#6267 = EDGE_CURVE('',#4379,#5641,#6268,.T.);
#6268 = SURFACE_CURVE('',#6269,(#6273,#6280),.PCURVE_S1.);
#6269 = LINE('',#6270,#6271);
#6270 = CARTESIAN_POINT('',(-48.6,55.832658722657,54.192270304631));
#6271 = VECTOR('',#6272,1.);
#6272 = DIRECTION('',(0.,-0.253359391838,0.96737222338));
#6273 = PCURVE('',#1189,#6274);
#6274 = DEFINITIONAL_REPRESENTATION('',(#6275),#6279);
#6275 = LINE('',#6276,#6277);
#6276 = CARTESIAN_POINT('',(7.,-1.9));
#6277 = VECTOR('',#6278,1.);
#6278 = DIRECTION('',(1.,0.));
#6279 = ( GEOMETRIC_REPRESENTATION_CONTEXT(2) 
PARAMETRIC_REPRESENTATION_CONTEXT() REPRESENTATION_CONTEXT('2D SPACE',''
  ) );
#6280 = PCURVE('',#4417,#6281);
#6281 = DEFINITIONAL_REPRESENTATION('',(#6282),#6286);
#6282 = LINE('',#6283,#6284);
#6283 = CARTESIAN_POINT('',(0.7,3.552713678801E-15));
#6284 = VECTOR('',#6285,1.);
#6285 = DIRECTION('',(0.,1.));
#6286 = ( GEOMETRIC_REPRESENTATION_CONTEXT(2) 
PARAMETRIC_REPRESENTATION_CONTEXT() REPRESENTATION_CONTEXT('2D SPACE',''
  ) );
#6287 = ORIENTED_EDGE('',*,*,#5640,.F.);
#6288 = ADVANCED_FACE('',(#6289),#1236,.T.);
#6289 = FACE_BOUND('',#6290,.T.);
#6290 = EDGE_LOOP('',(#6291,#6292,#6293,#6314));
#6291 = ORIENTED_EDGE('',*,*,#1221,.F.);
#6292 = ORIENTED_EDGE('',*,*,#4356,.T.);
#6293 = ORIENTED_EDGE('',*,*,#6294,.T.);
#6294 = EDGE_CURVE('',#4329,#5596,#6295,.T.);
#6295 = SURFACE_CURVE('',#6296,(#6300,#6307),.PCURVE_S1.);
#6296 = LINE('',#6297,#6298);
#6297 = CARTESIAN_POINT('',(-48.6,57.380454280065,54.597645331572));
#6298 = VECTOR('',#6299,1.);
#6299 = DIRECTION('',(0.,-0.253359391838,0.96737222338));
#6300 = PCURVE('',#1236,#6301);
#6301 = DEFINITIONAL_REPRESENTATION('',(#6302),#6306);
#6302 = LINE('',#6303,#6304);
#6303 = CARTESIAN_POINT('',(7.,-1.9));
#6304 = VECTOR('',#6305,1.);
#6305 = DIRECTION('',(1.,0.));
#6306 = ( GEOMETRIC_REPRESENTATION_CONTEXT(2) 
PARAMETRIC_REPRESENTATION_CONTEXT() REPRESENTATION_CONTEXT('2D SPACE',''
  ) );
#6307 = PCURVE('',#4344,#6308);
#6308 = DEFINITIONAL_REPRESENTATION('',(#6309),#6313);
#6309 = LINE('',#6310,#6311);
#6310 = CARTESIAN_POINT('',(2.3,3.552713678801E-15));
#6311 = VECTOR('',#6312,1.);
#6312 = DIRECTION('',(0.,1.));
#6313 = ( GEOMETRIC_REPRESENTATION_CONTEXT(2) 
PARAMETRIC_REPRESENTATION_CONTEXT() REPRESENTATION_CONTEXT('2D SPACE',''
  ) );
#6314 = ORIENTED_EDGE('',*,*,#5618,.F.);
#6315 = ADVANCED_FACE('',(#6316),#1363,.F.);
#6316 = FACE_BOUND('',#6317,.F.);
#6317 = EDGE_LOOP('',(#6318,#6319,#6340,#6368,#6389));
#6318 = ORIENTED_EDGE('',*,*,#3131,.F.);
#6319 = ORIENTED_EDGE('',*,*,#6320,.F.);
#6320 = EDGE_CURVE('',#6321,#3106,#6323,.T.);
#6321 = VERTEX_POINT('',#6322);
#6322 = CARTESIAN_POINT('',(-46.,129.96807056754,82.237676892243));
#6323 = SURFACE_CURVE('',#6324,(#6328,#6334),.PCURVE_S1.);
#6324 = LINE('',#6325,#6326);
#6325 = CARTESIAN_POINT('',(-46.,145.38002427688,23.392035456574));
#6326 = VECTOR('',#6327,1.);
#6327 = DIRECTION('',(0.,0.253359391838,-0.96737222338));
#6328 = PCURVE('',#1363,#6329);
#6329 = DEFINITIONAL_REPRESENTATION('',(#6330),#6333);
#6330 = B_SPLINE_CURVE_WITH_KNOTS('',1,(#6331,#6332),.UNSPECIFIED.,.F.,
  .F.,(2,2),(-62.93431735208,-7.350325077486),.PIECEWISE_BEZIER_KNOTS.);
#6331 = CARTESIAN_POINT('',(-68.87193395918,48.582268922314));
#6332 = CARTESIAN_POINT('',(-82.95466043778,-5.188141268719));
#6333 = ( GEOMETRIC_REPRESENTATION_CONTEXT(2) 
PARAMETRIC_REPRESENTATION_CONTEXT() REPRESENTATION_CONTEXT('2D SPACE',''
  ) );
#6334 = PCURVE('',#3120,#6335);
#6335 = DEFINITIONAL_REPRESENTATION('',(#6336),#6339);
#6336 = B_SPLINE_CURVE_WITH_KNOTS('',1,(#6337,#6338),.UNSPECIFIED.,.F.,
  .F.,(2,2),(-62.93431735208,-7.350325077486),.PIECEWISE_BEZIER_KNOTS.);
#6337 = CARTESIAN_POINT('',(96.320848502525,1.));
#6338 = CARTESIAN_POINT('',(40.736856227922,1.));
#6339 = ( GEOMETRIC_REPRESENTATION_CONTEXT(2) 
PARAMETRIC_REPRESENTATION_CONTEXT() REPRESENTATION_CONTEXT('2D SPACE',''
  ) );
#6340 = ORIENTED_EDGE('',*,*,#6341,.T.);
#6341 = EDGE_CURVE('',#6321,#6342,#6344,.T.);
#6342 = VERTEX_POINT('',#6343);
#6343 = CARTESIAN_POINT('',(-46.,137.73909791861,84.272945960381));
#6344 = SURFACE_CURVE('',#6345,(#6349,#6356),.PCURVE_S1.);
#6345 = LINE('',#6346,#6347);
#6346 = CARTESIAN_POINT('',(-46.,-68.98656243264,30.130511106479));
#6347 = VECTOR('',#6348,1.);
#6348 = DIRECTION('',(0.,0.96737222338,0.253359391838));
#6349 = PCURVE('',#1363,#6350);
#6350 = DEFINITIONAL_REPRESENTATION('',(#6351),#6355);
#6351 = LINE('',#6352,#6353);
#6352 = CARTESIAN_POINT('',(129.5496523803,-5.560165931588));
#6353 = VECTOR('',#6354,1.);
#6354 = DIRECTION('',(-0.96737222338,0.253359391838));
#6355 = ( GEOMETRIC_REPRESENTATION_CONTEXT(2) 
PARAMETRIC_REPRESENTATION_CONTEXT() REPRESENTATION_CONTEXT('2D SPACE',''
  ) );
#6356 = PCURVE('',#6357,#6362);
#6357 = PLANE('',#6358);
#6358 = AXIS2_PLACEMENT_3D('',#6359,#6360,#6361);
#6359 = CARTESIAN_POINT('',(0.,-66.,30.912706029316));
#6360 = DIRECTION('',(0.,0.253359391838,-0.96737222338));
#6361 = DIRECTION('',(0.,0.96737222338,0.253359391838));
#6362 = DEFINITIONAL_REPRESENTATION('',(#6363),#6367);
#6363 = LINE('',#6364,#6365);
#6364 = CARTESIAN_POINT('',(-3.087293970684,-46.));
#6365 = VECTOR('',#6366,1.);
#6366 = DIRECTION('',(1.,0.));
#6367 = ( GEOMETRIC_REPRESENTATION_CONTEXT(2) 
PARAMETRIC_REPRESENTATION_CONTEXT() REPRESENTATION_CONTEXT('2D SPACE',''
  ) );
#6368 = ORIENTED_EDGE('',*,*,#6369,.T.);
#6369 = EDGE_CURVE('',#6342,#1349,#6370,.T.);
#6370 = SURFACE_CURVE('',#6371,(#6375,#6382),.PCURVE_S1.);
#6371 = LINE('',#6372,#6373);
#6372 = CARTESIAN_POINT('',(-46.,136.35154734085,87.360245995891));
#6373 = VECTOR('',#6374,1.);
#6374 = DIRECTION('',(0.,0.409938501027,-0.912113164786));
#6375 = PCURVE('',#1363,#6376);
#6376 = DEFINITIONAL_REPRESENTATION('',(#6377),#6381);
#6377 = LINE('',#6378,#6379);
#6378 = CARTESIAN_POINT('',(-75.7884573932,51.669568957823));
#6379 = VECTOR('',#6380,1.);
#6380 = DIRECTION('',(-0.409938501027,-0.912113164786));
#6381 = ( GEOMETRIC_REPRESENTATION_CONTEXT(2) 
PARAMETRIC_REPRESENTATION_CONTEXT() REPRESENTATION_CONTEXT('2D SPACE',''
  ) );
#6382 = PCURVE('',#1390,#6383);
#6383 = DEFINITIONAL_REPRESENTATION('',(#6384),#6388);
#6384 = LINE('',#6385,#6386);
#6385 = CARTESIAN_POINT('',(-3.384777409977,-46.));
#6386 = VECTOR('',#6387,1.);
#6387 = DIRECTION('',(1.,0.));
#6388 = ( GEOMETRIC_REPRESENTATION_CONTEXT(2) 
PARAMETRIC_REPRESENTATION_CONTEXT() REPRESENTATION_CONTEXT('2D SPACE',''
  ) );
#6389 = ORIENTED_EDGE('',*,*,#1348,.F.);
#6390 = ADVANCED_FACE('',(#6391),#1390,.T.);
#6391 = FACE_BOUND('',#6392,.T.);
#6392 = EDGE_LOOP('',(#6393,#6416,#6417,#6418));
#6393 = ORIENTED_EDGE('',*,*,#6394,.T.);
#6394 = EDGE_CURVE('',#6395,#6342,#6397,.T.);
#6395 = VERTEX_POINT('',#6396);
#6396 = CARTESIAN_POINT('',(46.,137.73909791861,84.272945960381));
#6397 = SURFACE_CURVE('',#6398,(#6402,#6409),.PCURVE_S1.);
#6398 = LINE('',#6399,#6400);
#6399 = CARTESIAN_POINT('',(46.,137.73909791861,84.272945960381));
#6400 = VECTOR('',#6401,1.);
#6401 = DIRECTION('',(-1.,0.,0.));
#6402 = PCURVE('',#1390,#6403);
#6403 = DEFINITIONAL_REPRESENTATION('',(#6404),#6408);
#6404 = LINE('',#6405,#6406);
#6405 = CARTESIAN_POINT('',(1.296190766859E-14,46.));
#6406 = VECTOR('',#6407,1.);
#6407 = DIRECTION('',(0.,-1.));
#6408 = ( GEOMETRIC_REPRESENTATION_CONTEXT(2) 
PARAMETRIC_REPRESENTATION_CONTEXT() REPRESENTATION_CONTEXT('2D SPACE',''
  ) );
#6409 = PCURVE('',#6357,#6410);
#6410 = DEFINITIONAL_REPRESENTATION('',(#6411),#6415);
#6411 = LINE('',#6412,#6413);
#6412 = CARTESIAN_POINT('',(210.61086208026,46.));
#6413 = VECTOR('',#6414,1.);
#6414 = DIRECTION('',(0.,-1.));
#6415 = ( GEOMETRIC_REPRESENTATION_CONTEXT(2) 
PARAMETRIC_REPRESENTATION_CONTEXT() REPRESENTATION_CONTEXT('2D SPACE',''
  ) );
#6416 = ORIENTED_EDGE('',*,*,#6369,.T.);
#6417 = ORIENTED_EDGE('',*,*,#1374,.F.);
#6418 = ORIENTED_EDGE('',*,*,#6419,.F.);
#6419 = EDGE_CURVE('',#6395,#1375,#6420,.T.);
#6420 = SURFACE_CURVE('',#6421,(#6425,#6432),.PCURVE_S1.);
#6421 = LINE('',#6422,#6423);
#6422 = CARTESIAN_POINT('',(46.,136.35154734085,87.360245995891));
#6423 = VECTOR('',#6424,1.);
#6424 = DIRECTION('',(0.,0.409938501027,-0.912113164786));
#6425 = PCURVE('',#1390,#6426);
#6426 = DEFINITIONAL_REPRESENTATION('',(#6427),#6431);
#6427 = LINE('',#6428,#6429);
#6428 = CARTESIAN_POINT('',(-3.384777409977,46.));
#6429 = VECTOR('',#6430,1.);
#6430 = DIRECTION('',(1.,0.));
#6431 = ( GEOMETRIC_REPRESENTATION_CONTEXT(2) 
PARAMETRIC_REPRESENTATION_CONTEXT() REPRESENTATION_CONTEXT('2D SPACE',''
  ) );
#6432 = PCURVE('',#1417,#6433);
#6433 = DEFINITIONAL_REPRESENTATION('',(#6434),#6438);
#6434 = LINE('',#6435,#6436);
#6435 = CARTESIAN_POINT('',(-75.7884573932,51.669568957823));
#6436 = VECTOR('',#6437,1.);
#6437 = DIRECTION('',(-0.409938501027,-0.912113164786));
#6438 = ( GEOMETRIC_REPRESENTATION_CONTEXT(2) 
PARAMETRIC_REPRESENTATION_CONTEXT() REPRESENTATION_CONTEXT('2D SPACE',''
  ) );
#6439 = ADVANCED_FACE('',(#6440),#1417,.T.);
#6440 = FACE_BOUND('',#6441,.T.);
#6441 = EDGE_LOOP('',(#6442,#6443,#6464,#6485,#6486));
#6442 = ORIENTED_EDGE('',*,*,#1831,.F.);
#6443 = ORIENTED_EDGE('',*,*,#6444,.F.);
#6444 = EDGE_CURVE('',#6445,#1832,#6447,.T.);
#6445 = VERTEX_POINT('',#6446);
#6446 = CARTESIAN_POINT('',(46.,129.96807056754,82.237676892243));
#6447 = SURFACE_CURVE('',#6448,(#6452,#6458),.PCURVE_S1.);
#6448 = LINE('',#6449,#6450);
#6449 = CARTESIAN_POINT('',(46.,145.38002427688,23.392035456574));
#6450 = VECTOR('',#6451,1.);
#6451 = DIRECTION('',(0.,0.253359391838,-0.96737222338));
#6452 = PCURVE('',#1417,#6453);
#6453 = DEFINITIONAL_REPRESENTATION('',(#6454),#6457);
#6454 = B_SPLINE_CURVE_WITH_KNOTS('',1,(#6455,#6456),.UNSPECIFIED.,.F.,
  .F.,(2,2),(-62.93431735208,-7.350325077486),.PIECEWISE_BEZIER_KNOTS.);
#6455 = CARTESIAN_POINT('',(-68.87193395918,48.582268922314));
#6456 = CARTESIAN_POINT('',(-82.95466043778,-5.188141268719));
#6457 = ( GEOMETRIC_REPRESENTATION_CONTEXT(2) 
PARAMETRIC_REPRESENTATION_CONTEXT() REPRESENTATION_CONTEXT('2D SPACE',''
  ) );
#6458 = PCURVE('',#1867,#6459);
#6459 = DEFINITIONAL_REPRESENTATION('',(#6460),#6463);
#6460 = B_SPLINE_CURVE_WITH_KNOTS('',1,(#6461,#6462),.UNSPECIFIED.,.F.,
  .F.,(2,2),(-62.93431735208,-7.350325077486),.PIECEWISE_BEZIER_KNOTS.);
#6461 = CARTESIAN_POINT('',(96.320848502525,4.));
#6462 = CARTESIAN_POINT('',(40.736856227922,4.));
#6463 = ( GEOMETRIC_REPRESENTATION_CONTEXT(2) 
PARAMETRIC_REPRESENTATION_CONTEXT() REPRESENTATION_CONTEXT('2D SPACE',''
  ) );
#6464 = ORIENTED_EDGE('',*,*,#6465,.T.);
#6465 = EDGE_CURVE('',#6445,#6395,#6466,.T.);
#6466 = SURFACE_CURVE('',#6467,(#6471,#6478),.PCURVE_S1.);
#6467 = LINE('',#6468,#6469);
#6468 = CARTESIAN_POINT('',(46.,-68.98656243264,30.130511106479));
#6469 = VECTOR('',#6470,1.);
#6470 = DIRECTION('',(0.,0.96737222338,0.253359391838));
#6471 = PCURVE('',#1417,#6472);
#6472 = DEFINITIONAL_REPRESENTATION('',(#6473),#6477);
#6473 = LINE('',#6474,#6475);
#6474 = CARTESIAN_POINT('',(129.5496523803,-5.560165931588));
#6475 = VECTOR('',#6476,1.);
#6476 = DIRECTION('',(-0.96737222338,0.253359391838));
#6477 = ( GEOMETRIC_REPRESENTATION_CONTEXT(2) 
PARAMETRIC_REPRESENTATION_CONTEXT() REPRESENTATION_CONTEXT('2D SPACE',''
  ) );
#6478 = PCURVE('',#6357,#6479);
#6479 = DEFINITIONAL_REPRESENTATION('',(#6480),#6484);
#6480 = LINE('',#6481,#6482);
#6481 = CARTESIAN_POINT('',(-3.087293970684,46.));
#6482 = VECTOR('',#6483,1.);
#6483 = DIRECTION('',(1.,0.));
#6484 = ( GEOMETRIC_REPRESENTATION_CONTEXT(2) 
PARAMETRIC_REPRESENTATION_CONTEXT() REPRESENTATION_CONTEXT('2D SPACE',''
  ) );
#6485 = ORIENTED_EDGE('',*,*,#6419,.T.);
#6486 = ORIENTED_EDGE('',*,*,#1402,.F.);
#6487 = ADVANCED_FACE('',(#6488,#6594),#1642,.T.);
#6488 = FACE_BOUND('',#6489,.T.);
#6489 = EDGE_LOOP('',(#6490,#6518,#6544,#6570));
#6490 = ORIENTED_EDGE('',*,*,#6491,.F.);
#6491 = EDGE_CURVE('',#6492,#6494,#6496,.T.);
#6492 = VERTEX_POINT('',#6493);
#6493 = CARTESIAN_POINT('',(-38.1,119.63619430419,79.531709299462));
#6494 = VERTEX_POINT('',#6495);
#6495 = CARTESIAN_POINT('',(-38.1,2.390680830508,48.824551008734));
#6496 = SURFACE_CURVE('',#6497,(#6501,#6507),.PCURVE_S1.);
#6497 = LINE('',#6498,#6499);
#6498 = CARTESIAN_POINT('',(-38.1,-31.80465958474,39.868628519025));
#6499 = VECTOR('',#6500,1.);
#6500 = DIRECTION('',(0.,-0.96737222338,-0.253359391838));
#6501 = PCURVE('',#1642,#6502);
#6502 = DEFINITIONAL_REPRESENTATION('',(#6503),#6506);
#6503 = B_SPLINE_CURVE_WITH_KNOTS('',1,(#6504,#6505),.UNSPECIFIED.,.F.,
  .F.,(2,2),(-156.548689562,-35.34868956208),.PIECEWISE_BEZIER_KNOTS.);
#6504 = CARTESIAN_POINT('',(191.89737912417,-38.1));
#6505 = CARTESIAN_POINT('',(70.697379124173,-38.1));
#6506 = ( GEOMETRIC_REPRESENTATION_CONTEXT(2) 
PARAMETRIC_REPRESENTATION_CONTEXT() REPRESENTATION_CONTEXT('2D SPACE',''
  ) );
#6507 = PCURVE('',#6508,#6513);
#6508 = PLANE('',#6509);
#6509 = AXIS2_PLACEMENT_3D('',#6510,#6511,#6512);
#6510 = CARTESIAN_POINT('',(-38.1,2.365344891324,48.921288231072));
#6511 = DIRECTION('',(1.,0.,-0.));
#6512 = DIRECTION('',(0.,0.96737222338,0.253359391838));
#6513 = DEFINITIONAL_REPRESENTATION('',(#6514),#6517);
#6514 = B_SPLINE_CURVE_WITH_KNOTS('',1,(#6515,#6516),.UNSPECIFIED.,.F.,
  .F.,(2,2),(-156.548689562,-35.34868956208),.PIECEWISE_BEZIER_KNOTS.);
#6515 = CARTESIAN_POINT('',(121.2,-1.E-01));
#6516 = CARTESIAN_POINT('',(-7.105427357601E-15,-1.E-01));
#6517 = ( GEOMETRIC_REPRESENTATION_CONTEXT(2) 
PARAMETRIC_REPRESENTATION_CONTEXT() REPRESENTATION_CONTEXT('2D SPACE',''
  ) );
#6518 = ORIENTED_EDGE('',*,*,#6519,.F.);
#6519 = EDGE_CURVE('',#6520,#6492,#6522,.T.);
#6520 = VERTEX_POINT('',#6521);
#6521 = CARTESIAN_POINT('',(39.6,119.63619430419,79.531709299462));
#6522 = SURFACE_CURVE('',#6523,(#6527,#6533),.PCURVE_S1.);
#6523 = LINE('',#6524,#6525);
#6524 = CARTESIAN_POINT('',(-19.05,119.63619430419,79.531709299462));
#6525 = VECTOR('',#6526,1.);
#6526 = DIRECTION('',(-1.,0.,-0.));
#6527 = PCURVE('',#1642,#6528);
#6528 = DEFINITIONAL_REPRESENTATION('',(#6529),#6532);
#6529 = B_SPLINE_CURVE_WITH_KNOTS('',1,(#6530,#6531),.UNSPECIFIED.,.F.,
  .F.,(2,2),(-58.65,19.05),.PIECEWISE_BEZIER_KNOTS.);
#6530 = CARTESIAN_POINT('',(191.89737912417,39.6));
#6531 = CARTESIAN_POINT('',(191.89737912417,-38.1));
#6532 = ( GEOMETRIC_REPRESENTATION_CONTEXT(2) 
PARAMETRIC_REPRESENTATION_CONTEXT() REPRESENTATION_CONTEXT('2D SPACE',''
  ) );
#6533 = PCURVE('',#6534,#6539);
#6534 = PLANE('',#6535);
#6535 = AXIS2_PLACEMENT_3D('',#6536,#6537,#6538);
#6536 = CARTESIAN_POINT('',(-38.1,119.61085836501,79.6284465218));
#6537 = DIRECTION('',(0.,-0.96737222338,-0.253359391838));
#6538 = DIRECTION('',(1.,0.,0.));
#6539 = DEFINITIONAL_REPRESENTATION('',(#6540),#6543);
#6540 = B_SPLINE_CURVE_WITH_KNOTS('',1,(#6541,#6542),.UNSPECIFIED.,.F.,
  .F.,(2,2),(-58.65,19.05),.PIECEWISE_BEZIER_KNOTS.);
#6541 = CARTESIAN_POINT('',(77.7,-9.999999999999E-02));
#6542 = CARTESIAN_POINT('',(0.,-9.999999999999E-02));
#6543 = ( GEOMETRIC_REPRESENTATION_CONTEXT(2) 
PARAMETRIC_REPRESENTATION_CONTEXT() REPRESENTATION_CONTEXT('2D SPACE',''
  ) );
#6544 = ORIENTED_EDGE('',*,*,#6545,.T.);
#6545 = EDGE_CURVE('',#6520,#6546,#6548,.T.);
#6546 = VERTEX_POINT('',#6547);
#6547 = CARTESIAN_POINT('',(39.6,2.390680830508,48.824551008734));
#6548 = SURFACE_CURVE('',#6549,(#6553,#6559),.PCURVE_S1.);
#6549 = LINE('',#6550,#6551);
#6550 = CARTESIAN_POINT('',(39.6,-31.80465958474,39.868628519025));
#6551 = VECTOR('',#6552,1.);
#6552 = DIRECTION('',(0.,-0.96737222338,-0.253359391838));
#6553 = PCURVE('',#1642,#6554);
#6554 = DEFINITIONAL_REPRESENTATION('',(#6555),#6558);
#6555 = B_SPLINE_CURVE_WITH_KNOTS('',1,(#6556,#6557),.UNSPECIFIED.,.F.,
  .F.,(2,2),(-156.548689562,-35.34868956208),.PIECEWISE_BEZIER_KNOTS.);
#6556 = CARTESIAN_POINT('',(191.89737912417,39.6));
#6557 = CARTESIAN_POINT('',(70.697379124173,39.6));
#6558 = ( GEOMETRIC_REPRESENTATION_CONTEXT(2) 
PARAMETRIC_REPRESENTATION_CONTEXT() REPRESENTATION_CONTEXT('2D SPACE',''
  ) );
#6559 = PCURVE('',#6560,#6565);
#6560 = PLANE('',#6561);
#6561 = AXIS2_PLACEMENT_3D('',#6562,#6563,#6564);
#6562 = CARTESIAN_POINT('',(39.6,2.365344891324,48.921288231072));
#6563 = DIRECTION('',(1.,0.,-0.));
#6564 = DIRECTION('',(0.,0.96737222338,0.253359391838));
#6565 = DEFINITIONAL_REPRESENTATION('',(#6566),#6569);
#6566 = B_SPLINE_CURVE_WITH_KNOTS('',1,(#6567,#6568),.UNSPECIFIED.,.F.,
  .F.,(2,2),(-156.548689562,-35.34868956208),.PIECEWISE_BEZIER_KNOTS.);
#6567 = CARTESIAN_POINT('',(121.2,-1.E-01));
#6568 = CARTESIAN_POINT('',(-7.105427357601E-15,-1.E-01));
#6569 = ( GEOMETRIC_REPRESENTATION_CONTEXT(2) 
PARAMETRIC_REPRESENTATION_CONTEXT() REPRESENTATION_CONTEXT('2D SPACE',''
  ) );
#6570 = ORIENTED_EDGE('',*,*,#6571,.T.);
#6571 = EDGE_CURVE('',#6546,#6494,#6572,.T.);
#6572 = SURFACE_CURVE('',#6573,(#6577,#6583),.PCURVE_S1.);
#6573 = LINE('',#6574,#6575);
#6574 = CARTESIAN_POINT('',(-19.05,2.390680830508,48.824551008734));
#6575 = VECTOR('',#6576,1.);
#6576 = DIRECTION('',(-1.,0.,-0.));
#6577 = PCURVE('',#1642,#6578);
#6578 = DEFINITIONAL_REPRESENTATION('',(#6579),#6582);
#6579 = B_SPLINE_CURVE_WITH_KNOTS('',1,(#6580,#6581),.UNSPECIFIED.,.F.,
  .F.,(2,2),(-58.65,19.05),.PIECEWISE_BEZIER_KNOTS.);
#6580 = CARTESIAN_POINT('',(70.697379124173,39.6));
#6581 = CARTESIAN_POINT('',(70.697379124173,-38.1));
#6582 = ( GEOMETRIC_REPRESENTATION_CONTEXT(2) 
PARAMETRIC_REPRESENTATION_CONTEXT() REPRESENTATION_CONTEXT('2D SPACE',''
  ) );
#6583 = PCURVE('',#6584,#6589);
#6584 = PLANE('',#6585);
#6585 = AXIS2_PLACEMENT_3D('',#6586,#6587,#6588);
#6586 = CARTESIAN_POINT('',(-38.1,2.365344891324,48.921288231072));
#6587 = DIRECTION('',(0.,-0.96737222338,-0.253359391838));
#6588 = DIRECTION('',(1.,0.,0.));
#6589 = DEFINITIONAL_REPRESENTATION('',(#6590),#6593);
#6590 = B_SPLINE_CURVE_WITH_KNOTS('',1,(#6591,#6592),.UNSPECIFIED.,.F.,
  .F.,(2,2),(-58.65,19.05),.PIECEWISE_BEZIER_KNOTS.);
#6591 = CARTESIAN_POINT('',(77.7,-1.E-01));
#6592 = CARTESIAN_POINT('',(0.,-1.E-01));
#6593 = ( GEOMETRIC_REPRESENTATION_CONTEXT(2) 
PARAMETRIC_REPRESENTATION_CONTEXT() REPRESENTATION_CONTEXT('2D SPACE',''
  ) );
#6594 = FACE_BOUND('',#6595,.T.);
#6595 = EDGE_LOOP('',(#6596,#6597,#6598,#6599));
#6596 = ORIENTED_EDGE('',*,*,#1778,.F.);
#6597 = ORIENTED_EDGE('',*,*,#1626,.T.);
#6598 = ORIENTED_EDGE('',*,*,#1680,.T.);
#6599 = ORIENTED_EDGE('',*,*,#1751,.F.);
#6600 = ADVANCED_FACE('',(#6601),#2634,.F.);
#6601 = FACE_BOUND('',#6602,.F.);
#6602 = EDGE_LOOP('',(#6603,#6604,#6605,#6626));
#6603 = ORIENTED_EDGE('',*,*,#2812,.T.);
#6604 = ORIENTED_EDGE('',*,*,#2621,.T.);
#6605 = ORIENTED_EDGE('',*,*,#6606,.T.);
#6606 = EDGE_CURVE('',#2596,#6607,#6609,.T.);
#6607 = VERTEX_POINT('',#6608);
#6608 = CARTESIAN_POINT('',(-48.4,-37.5,20.811904761905));
#6609 = SURFACE_CURVE('',#6610,(#6614,#6620),.PCURVE_S1.);
#6610 = LINE('',#6611,#6612);
#6611 = CARTESIAN_POINT('',(-48.4,-37.5,67.845338519034));
#6612 = VECTOR('',#6613,1.);
#6613 = DIRECTION('',(-0.,0.,1.));
#6614 = PCURVE('',#2634,#6615);
#6615 = DEFINITIONAL_REPRESENTATION('',(#6616),#6619);
#6616 = B_SPLINE_CURVE_WITH_KNOTS('',1,(#6617,#6618),.UNSPECIFIED.,.F.,
  .F.,(2,2),(-66.24533851903,17.251637012685),.PIECEWISE_BEZIER_KNOTS.);
#6617 = CARTESIAN_POINT('',(98.063089947655,-34.09067703806));
#6618 = CARTESIAN_POINT('',(98.063089947655,49.406298493652));
#6619 = ( GEOMETRIC_REPRESENTATION_CONTEXT(2) 
PARAMETRIC_REPRESENTATION_CONTEXT() REPRESENTATION_CONTEXT('2D SPACE',''
  ) );
#6620 = PCURVE('',#2610,#6621);
#6621 = DEFINITIONAL_REPRESENTATION('',(#6622),#6625);
#6622 = B_SPLINE_CURVE_WITH_KNOTS('',1,(#6623,#6624),.UNSPECIFIED.,.F.,
  .F.,(2,2),(-66.24533851903,17.251637012685),.PIECEWISE_BEZIER_KNOTS.);
#6623 = CARTESIAN_POINT('',(6.1,-98.4));
#6624 = CARTESIAN_POINT('',(6.1,-14.90302446828));
#6625 = ( GEOMETRIC_REPRESENTATION_CONTEXT(2) 
PARAMETRIC_REPRESENTATION_CONTEXT() REPRESENTATION_CONTEXT('2D SPACE',''
  ) );
#6626 = ORIENTED_EDGE('',*,*,#6627,.T.);
#6627 = EDGE_CURVE('',#6607,#2787,#6628,.T.);
#6628 = SURFACE_CURVE('',#6629,(#6633,#6639),.PCURVE_S1.);
#6629 = LINE('',#6630,#6631);
#6630 = CARTESIAN_POINT('',(-48.4,98.957502243833,56.550774397194));
#6631 = VECTOR('',#6632,1.);
#6632 = DIRECTION('',(-0.,0.96737222338,0.253359391838));
#6633 = PCURVE('',#2634,#6634);
#6634 = DEFINITIONAL_REPRESENTATION('',(#6635),#6638);
#6635 = B_SPLINE_CURVE_WITH_KNOTS('',1,(#6636,#6637),.UNSPECIFIED.,.F.,
  .F.,(2,2),(-170.5212308737,42.426789568915),.PIECEWISE_BEZIER_KNOTS.);
#6636 = CARTESIAN_POINT('',(126.56308994765,-22.34305799044));
#6637 = CARTESIAN_POINT('',(-79.43691005234,31.609322961933));
#6638 = ( GEOMETRIC_REPRESENTATION_CONTEXT(2) 
PARAMETRIC_REPRESENTATION_CONTEXT() REPRESENTATION_CONTEXT('2D SPACE',''
  ) );
#6639 = PCURVE('',#2801,#6640);
#6640 = DEFINITIONAL_REPRESENTATION('',(#6641),#6644);
#6641 = B_SPLINE_CURVE_WITH_KNOTS('',1,(#6642,#6643),.UNSPECIFIED.,.F.,
  .F.,(2,2),(-170.5212308737,42.426789568915),.PIECEWISE_BEZIER_KNOTS.);
#6642 = CARTESIAN_POINT('',(212.94802044262,-48.4));
#6643 = CARTESIAN_POINT('',(0.,-48.4));
#6644 = ( GEOMETRIC_REPRESENTATION_CONTEXT(2) 
PARAMETRIC_REPRESENTATION_CONTEXT() REPRESENTATION_CONTEXT('2D SPACE',''
  ) );
#6645 = ADVANCED_FACE('',(#6646),#2610,.F.);
#6646 = FACE_BOUND('',#6647,.F.);
#6647 = EDGE_LOOP('',(#6648,#6649,#6650,#6671));
#6648 = ORIENTED_EDGE('',*,*,#6606,.F.);
#6649 = ORIENTED_EDGE('',*,*,#2595,.T.);
#6650 = ORIENTED_EDGE('',*,*,#6651,.T.);
#6651 = EDGE_CURVE('',#2570,#6652,#6654,.T.);
#6652 = VERTEX_POINT('',#6653);
#6653 = CARTESIAN_POINT('',(-46.,-37.5,20.811904761905));
#6654 = SURFACE_CURVE('',#6655,(#6659,#6665),.PCURVE_S1.);
#6655 = LINE('',#6656,#6657);
#6656 = CARTESIAN_POINT('',(-46.,-37.5,67.845338519034));
#6657 = VECTOR('',#6658,1.);
#6658 = DIRECTION('',(-0.,0.,1.));
#6659 = PCURVE('',#2610,#6660);
#6660 = DEFINITIONAL_REPRESENTATION('',(#6661),#6664);
#6661 = B_SPLINE_CURVE_WITH_KNOTS('',1,(#6662,#6663),.UNSPECIFIED.,.F.,
  .F.,(2,2),(-51.34044632175,-47.03343375712),.PIECEWISE_BEZIER_KNOTS.);
#6662 = CARTESIAN_POINT('',(8.5,-83.49510780271));
#6663 = CARTESIAN_POINT('',(8.5,-79.18809523809));
#6664 = ( GEOMETRIC_REPRESENTATION_CONTEXT(2) 
PARAMETRIC_REPRESENTATION_CONTEXT() REPRESENTATION_CONTEXT('2D SPACE',''
  ) );
#6665 = PCURVE('',#2584,#6666);
#6666 = DEFINITIONAL_REPRESENTATION('',(#6667),#6670);
#6667 = B_SPLINE_CURVE_WITH_KNOTS('',1,(#6668,#6669),.UNSPECIFIED.,.F.,
  .F.,(2,2),(-51.34044632175,-47.03343375712),.PIECEWISE_BEZIER_KNOTS.);
#6668 = CARTESIAN_POINT('',(98.063089947655,-19.18578484078));
#6669 = CARTESIAN_POINT('',(98.063089947655,-14.87877227616));
#6670 = ( GEOMETRIC_REPRESENTATION_CONTEXT(2) 
PARAMETRIC_REPRESENTATION_CONTEXT() REPRESENTATION_CONTEXT('2D SPACE',''
  ) );
#6671 = ORIENTED_EDGE('',*,*,#6672,.F.);
#6672 = EDGE_CURVE('',#6607,#6652,#6673,.T.);
#6673 = SURFACE_CURVE('',#6674,(#6678,#6684),.PCURVE_S1.);
#6674 = LINE('',#6675,#6676);
#6675 = CARTESIAN_POINT('',(-27.25,-37.5,20.811904761905));
#6676 = VECTOR('',#6677,1.);
#6677 = DIRECTION('',(1.,0.,0.));
#6678 = PCURVE('',#2610,#6679);
#6679 = DEFINITIONAL_REPRESENTATION('',(#6680),#6683);
#6680 = B_SPLINE_CURVE_WITH_KNOTS('',1,(#6681,#6682),.UNSPECIFIED.,.F.,
  .F.,(2,2),(-21.15,-2.25),.PIECEWISE_BEZIER_KNOTS.);
#6681 = CARTESIAN_POINT('',(6.1,-79.18809523809));
#6682 = CARTESIAN_POINT('',(25.,-79.18809523809));
#6683 = ( GEOMETRIC_REPRESENTATION_CONTEXT(2) 
PARAMETRIC_REPRESENTATION_CONTEXT() REPRESENTATION_CONTEXT('2D SPACE',''
  ) );
#6684 = PCURVE('',#2801,#6685);
#6685 = DEFINITIONAL_REPRESENTATION('',(#6686),#6689);
#6686 = B_SPLINE_CURVE_WITH_KNOTS('',1,(#6687,#6688),.UNSPECIFIED.,.F.,
  .F.,(2,2),(-21.15,-2.25),.PIECEWISE_BEZIER_KNOTS.);
#6687 = CARTESIAN_POINT('',(183.48676518721,-48.4));
#6688 = CARTESIAN_POINT('',(183.48676518721,-29.5));
#6689 = ( GEOMETRIC_REPRESENTATION_CONTEXT(2) 
PARAMETRIC_REPRESENTATION_CONTEXT() REPRESENTATION_CONTEXT('2D SPACE',''
  ) );
#6690 = ADVANCED_FACE('',(#6691,#6826,#6868,#6910,#6952,#6994,#7036,
    #7078),#2584,.F.);
#6691 = FACE_BOUND('',#6692,.F.);
#6692 = EDGE_LOOP('',(#6693,#6714,#6742,#6761,#6762,#6783,#6802,#6803,
    #6804,#6805,#6824,#6825));
#6693 = ORIENTED_EDGE('',*,*,#6694,.F.);
#6694 = EDGE_CURVE('',#6695,#2544,#6697,.T.);
#6695 = VERTEX_POINT('',#6696);
#6696 = CARTESIAN_POINT('',(-46.,-50.03192943245,35.094819749386));
#6697 = SURFACE_CURVE('',#6698,(#6702,#6708),.PCURVE_S1.);
#6698 = LINE('',#6699,#6700);
#6699 = CARTESIAN_POINT('',(-46.,-34.61997572311,-23.75082168628));
#6700 = VECTOR('',#6701,1.);
#6701 = DIRECTION('',(0.,0.253359391838,-0.96737222338));
#6702 = PCURVE('',#2584,#6703);
#6703 = DEFINITIONAL_REPRESENTATION('',(#6704),#6707);
#6704 = B_SPLINE_CURVE_WITH_KNOTS('',1,(#6705,#6706),.UNSPECIFIED.,.F.,
  .F.,(2,2),(-64.83040221069,-28.70274476216),.PIECEWISE_BEZIER_KNOTS.);
#6705 = CARTESIAN_POINT('',(111.60845694746,3.27363160484));
#6706 = CARTESIAN_POINT('',(102.45517562778,-31.67526070665));
#6707 = ( GEOMETRIC_REPRESENTATION_CONTEXT(2) 
PARAMETRIC_REPRESENTATION_CONTEXT() REPRESENTATION_CONTEXT('2D SPACE',''
  ) );
#6708 = PCURVE('',#2558,#6709);
#6709 = DEFINITIONAL_REPRESENTATION('',(#6710),#6713);
#6710 = B_SPLINE_CURVE_WITH_KNOTS('',1,(#6711,#6712),.UNSPECIFIED.,.F.,
  .F.,(2,2),(-64.83040221069,-28.70274476216),.PIECEWISE_BEZIER_KNOTS.);
#6711 = CARTESIAN_POINT('',(98.216933361126,1.));
#6712 = CARTESIAN_POINT('',(62.089275912603,1.));
#6713 = ( GEOMETRIC_REPRESENTATION_CONTEXT(2) 
PARAMETRIC_REPRESENTATION_CONTEXT() REPRESENTATION_CONTEXT('2D SPACE',''
  ) );
#6714 = ORIENTED_EDGE('',*,*,#6715,.T.);
#6715 = EDGE_CURVE('',#6695,#6716,#6718,.T.);
#6716 = VERTEX_POINT('',#6717);
#6717 = CARTESIAN_POINT('',(-46.,120.29434833373,79.704082973866));
#6718 = SURFACE_CURVE('',#6719,(#6723,#6730),.PCURVE_S1.);
#6719 = LINE('',#6720,#6721);
#6720 = CARTESIAN_POINT('',(-46.,-68.98656243264,30.130511106479));
#6721 = VECTOR('',#6722,1.);
#6722 = DIRECTION('',(0.,0.96737222338,0.253359391838));
#6723 = PCURVE('',#2584,#6724);
#6724 = DEFINITIONAL_REPRESENTATION('',(#6725),#6729);
#6725 = LINE('',#6726,#6727);
#6726 = CARTESIAN_POINT('',(129.5496523803,-5.560165931588));
#6727 = VECTOR('',#6728,1.);
#6728 = DIRECTION('',(-0.96737222338,0.253359391838));
#6729 = ( GEOMETRIC_REPRESENTATION_CONTEXT(2) 
PARAMETRIC_REPRESENTATION_CONTEXT() REPRESENTATION_CONTEXT('2D SPACE',''
  ) );
#6730 = PCURVE('',#6731,#6736);
#6731 = PLANE('',#6732);
#6732 = AXIS2_PLACEMENT_3D('',#6733,#6734,#6735);
#6733 = CARTESIAN_POINT('',(0.,-66.,30.912706029316));
#6734 = DIRECTION('',(0.,0.253359391838,-0.96737222338));
#6735 = DIRECTION('',(0.,0.96737222338,0.253359391838));
#6736 = DEFINITIONAL_REPRESENTATION('',(#6737),#6741);
#6737 = LINE('',#6738,#6739);
#6738 = CARTESIAN_POINT('',(-3.087293970684,-46.));
#6739 = VECTOR('',#6740,1.);
#6740 = DIRECTION('',(1.,0.));
#6741 = ( GEOMETRIC_REPRESENTATION_CONTEXT(2) 
PARAMETRIC_REPRESENTATION_CONTEXT() REPRESENTATION_CONTEXT('2D SPACE',''
  ) );
#6742 = ORIENTED_EDGE('',*,*,#6743,.T.);
#6743 = EDGE_CURVE('',#6716,#3030,#6744,.T.);
#6744 = SURFACE_CURVE('',#6745,(#6749,#6755),.PCURVE_S1.);
#6745 = LINE('',#6746,#6747);
#6746 = CARTESIAN_POINT('',(-46.,135.70630204308,20.858441538197));
#6747 = VECTOR('',#6748,1.);
#6748 = DIRECTION('',(0.,0.253359391838,-0.96737222338));
#6749 = PCURVE('',#2584,#6750);
#6750 = DEFINITIONAL_REPRESENTATION('',(#6751),#6754);
#6751 = B_SPLINE_CURVE_WITH_KNOTS('',1,(#6752,#6753),.UNSPECIFIED.,.F.,
  .F.,(2,2),(-64.83040221069,-8.497866061092),.PIECEWISE_BEZIER_KNOTS.);
#6752 = CARTESIAN_POINT('',(-58.71782081873,47.88289482932));
#6753 = CARTESIAN_POINT('',(-72.99019791826,-6.611635914364));
#6754 = ( GEOMETRIC_REPRESENTATION_CONTEXT(2) 
PARAMETRIC_REPRESENTATION_CONTEXT() REPRESENTATION_CONTEXT('2D SPACE',''
  ) );
#6755 = PCURVE('',#3065,#6756);
#6756 = DEFINITIONAL_REPRESENTATION('',(#6757),#6760);
#6757 = B_SPLINE_CURVE_WITH_KNOTS('',1,(#6758,#6759),.UNSPECIFIED.,.F.,
  .F.,(2,2),(-64.83040221069,-8.497866061092),.PIECEWISE_BEZIER_KNOTS.);
#6758 = CARTESIAN_POINT('',(98.216933361126,1.));
#6759 = CARTESIAN_POINT('',(41.884397211529,1.));
#6760 = ( GEOMETRIC_REPRESENTATION_CONTEXT(2) 
PARAMETRIC_REPRESENTATION_CONTEXT() REPRESENTATION_CONTEXT('2D SPACE',''
  ) );
#6761 = ORIENTED_EDGE('',*,*,#3029,.F.);
#6762 = ORIENTED_EDGE('',*,*,#6763,.T.);
#6763 = EDGE_CURVE('',#3004,#6764,#6766,.T.);
#6764 = VERTEX_POINT('',#6765);
#6765 = CARTESIAN_POINT('',(-46.,117.5,61.407142857143));
#6766 = SURFACE_CURVE('',#6767,(#6771,#6777),.PCURVE_S1.);
#6767 = LINE('',#6768,#6769);
#6768 = CARTESIAN_POINT('',(-46.,117.5,67.845338519034));
#6769 = VECTOR('',#6770,1.);
#6770 = DIRECTION('',(-0.,0.,1.));
#6771 = PCURVE('',#2584,#6772);
#6772 = DEFINITIONAL_REPRESENTATION('',(#6773),#6776);
#6773 = B_SPLINE_CURVE_WITH_KNOTS('',1,(#6774,#6775),.UNSPECIFIED.,.F.,
  .F.,(2,2),(-39.44338016203,-6.438195661891),.PIECEWISE_BEZIER_KNOTS.);
#6774 = CARTESIAN_POINT('',(-56.93691005234,-7.28871868107));
#6775 = CARTESIAN_POINT('',(-56.93691005234,25.716465819075));
#6776 = ( GEOMETRIC_REPRESENTATION_CONTEXT(2) 
PARAMETRIC_REPRESENTATION_CONTEXT() REPRESENTATION_CONTEXT('2D SPACE',''
  ) );
#6777 = PCURVE('',#3018,#6778);
#6778 = DEFINITIONAL_REPRESENTATION('',(#6779),#6782);
#6779 = B_SPLINE_CURVE_WITH_KNOTS('',1,(#6780,#6781),.UNSPECIFIED.,.F.,
  .F.,(2,2),(-39.44338016203,-6.438195661891),.PIECEWISE_BEZIER_KNOTS.);
#6780 = CARTESIAN_POINT('',(8.5,-71.598041643));
#6781 = CARTESIAN_POINT('',(8.5,-38.59285714285));
#6782 = ( GEOMETRIC_REPRESENTATION_CONTEXT(2) 
PARAMETRIC_REPRESENTATION_CONTEXT() REPRESENTATION_CONTEXT('2D SPACE',''
  ) );
#6783 = ORIENTED_EDGE('',*,*,#6784,.F.);
#6784 = EDGE_CURVE('',#2885,#6764,#6785,.T.);
#6785 = SURFACE_CURVE('',#6786,(#6790,#6796),.PCURVE_S1.);
#6786 = LINE('',#6787,#6788);
#6787 = CARTESIAN_POINT('',(-46.,98.957502243833,56.550774397194));
#6788 = VECTOR('',#6789,1.);
#6789 = DIRECTION('',(-0.,0.96737222338,0.253359391838));
#6790 = PCURVE('',#2584,#6791);
#6791 = DEFINITIONAL_REPRESENTATION('',(#6792),#6795);
#6792 = B_SPLINE_CURVE_WITH_KNOTS('',1,(#6793,#6794),.UNSPECIFIED.,.F.,
  .F.,(2,2),(-141.0599756182,19.167903840959),.PIECEWISE_BEZIER_KNOTS.);
#6793 = CARTESIAN_POINT('',(98.063089947655,-14.87877227616));
#6794 = CARTESIAN_POINT('',(-56.93691005234,25.716465819075));
#6795 = ( GEOMETRIC_REPRESENTATION_CONTEXT(2) 
PARAMETRIC_REPRESENTATION_CONTEXT() REPRESENTATION_CONTEXT('2D SPACE',''
  ) );
#6796 = PCURVE('',#2920,#6797);
#6797 = DEFINITIONAL_REPRESENTATION('',(#6798),#6801);
#6798 = B_SPLINE_CURVE_WITH_KNOTS('',1,(#6799,#6800),.UNSPECIFIED.,.F.,
  .F.,(2,2),(-141.0599756182,19.167903840959),.PIECEWISE_BEZIER_KNOTS.);
#6799 = CARTESIAN_POINT('',(183.48676518721,-46.));
#6800 = CARTESIAN_POINT('',(23.258885727956,-46.));
#6801 = ( GEOMETRIC_REPRESENTATION_CONTEXT(2) 
PARAMETRIC_REPRESENTATION_CONTEXT() REPRESENTATION_CONTEXT('2D SPACE',''
  ) );
#6802 = ORIENTED_EDGE('',*,*,#2884,.F.);
#6803 = ORIENTED_EDGE('',*,*,#2837,.F.);
#6804 = ORIENTED_EDGE('',*,*,#2765,.T.);
#6805 = ORIENTED_EDGE('',*,*,#6806,.F.);
#6806 = EDGE_CURVE('',#6652,#2766,#6807,.T.);
#6807 = SURFACE_CURVE('',#6808,(#6812,#6818),.PCURVE_S1.);
#6808 = LINE('',#6809,#6810);
#6809 = CARTESIAN_POINT('',(-46.,98.957502243833,56.550774397194));
#6810 = VECTOR('',#6811,1.);
#6811 = DIRECTION('',(-0.,0.96737222338,0.253359391838));
#6812 = PCURVE('',#2584,#6813);
#6813 = DEFINITIONAL_REPRESENTATION('',(#6814),#6817);
#6814 = B_SPLINE_CURVE_WITH_KNOTS('',1,(#6815,#6816),.UNSPECIFIED.,.F.,
  .F.,(2,2),(-141.0599756182,19.167903840959),.PIECEWISE_BEZIER_KNOTS.);
#6815 = CARTESIAN_POINT('',(98.063089947655,-14.87877227616));
#6816 = CARTESIAN_POINT('',(-56.93691005234,25.716465819075));
#6817 = ( GEOMETRIC_REPRESENTATION_CONTEXT(2) 
PARAMETRIC_REPRESENTATION_CONTEXT() REPRESENTATION_CONTEXT('2D SPACE',''
  ) );
#6818 = PCURVE('',#2801,#6819);
#6819 = DEFINITIONAL_REPRESENTATION('',(#6820),#6823);
#6820 = B_SPLINE_CURVE_WITH_KNOTS('',1,(#6821,#6822),.UNSPECIFIED.,.F.,
  .F.,(2,2),(-141.0599756182,19.167903840959),.PIECEWISE_BEZIER_KNOTS.);
#6821 = CARTESIAN_POINT('',(183.48676518721,-46.));
#6822 = CARTESIAN_POINT('',(23.258885727956,-46.));
#6823 = ( GEOMETRIC_REPRESENTATION_CONTEXT(2) 
PARAMETRIC_REPRESENTATION_CONTEXT() REPRESENTATION_CONTEXT('2D SPACE',''
  ) );
#6824 = ORIENTED_EDGE('',*,*,#6651,.F.);
#6825 = ORIENTED_EDGE('',*,*,#2569,.F.);
#6826 = FACE_BOUND('',#6827,.F.);
#6827 = EDGE_LOOP('',(#6828,#6847,#6848,#6867));
#6828 = ORIENTED_EDGE('',*,*,#6829,.F.);
#6829 = EDGE_CURVE('',#3557,#4919,#6830,.T.);
#6830 = SURFACE_CURVE('',#6831,(#6835,#6841),.PCURVE_S1.);
#6831 = LINE('',#6832,#6833);
#6832 = CARTESIAN_POINT('',(-46.,53.3343127677,40.049634846));
#6833 = VECTOR('',#6834,1.);
#6834 = DIRECTION('',(0.,-0.253359391838,0.96737222338));
#6835 = PCURVE('',#2584,#6836);
#6836 = DEFINITIONAL_REPRESENTATION('',(#6837),#6840);
#6837 = B_SPLINE_CURVE_WITH_KNOTS('',1,(#6838,#6839),.UNSPECIFIED.,.F.,
  .F.,(2,2),(6.048213296324,20.048213296324),.PIECEWISE_BEZIER_KNOTS.);
#6838 = CARTESIAN_POINT('',(8.761148822416,10.209831351876));
#6839 = CARTESIAN_POINT('',(12.308180308144,23.753042479199));
#6840 = ( GEOMETRIC_REPRESENTATION_CONTEXT(2) 
PARAMETRIC_REPRESENTATION_CONTEXT() REPRESENTATION_CONTEXT('2D SPACE',''
  ) );
#6841 = PCURVE('',#3572,#6842);
#6842 = DEFINITIONAL_REPRESENTATION('',(#6843),#6846);
#6843 = B_SPLINE_CURVE_WITH_KNOTS('',1,(#6844,#6845),.UNSPECIFIED.,.F.,
  .F.,(2,2),(6.048213296324,20.048213296324),.PIECEWISE_BEZIER_KNOTS.);
#6844 = CARTESIAN_POINT('',(-8.881784197001E-16,-1.4));
#6845 = CARTESIAN_POINT('',(14.,-1.4));
#6846 = ( GEOMETRIC_REPRESENTATION_CONTEXT(2) 
PARAMETRIC_REPRESENTATION_CONTEXT() REPRESENTATION_CONTEXT('2D SPACE',''
  ) );
#6847 = ORIENTED_EDGE('',*,*,#3584,.T.);
#6848 = ORIENTED_EDGE('',*,*,#6849,.T.);
#6849 = EDGE_CURVE('',#3585,#4942,#6850,.T.);
#6850 = SURFACE_CURVE('',#6851,(#6855,#6861),.PCURVE_S1.);
#6851 = LINE('',#6852,#6853);
#6852 = CARTESIAN_POINT('',(-46.,54.882108325109,40.455009872941));
#6853 = VECTOR('',#6854,1.);
#6854 = DIRECTION('',(0.,-0.253359391838,0.96737222338));
#6855 = PCURVE('',#2584,#6856);
#6856 = DEFINITIONAL_REPRESENTATION('',(#6857),#6860);
#6857 = B_SPLINE_CURVE_WITH_KNOTS('',1,(#6858,#6859),.UNSPECIFIED.,.F.,
  .F.,(2,2),(6.048213296324,20.048213296324),.PIECEWISE_BEZIER_KNOTS.);
#6858 = CARTESIAN_POINT('',(7.213353265008,10.615206378816));
#6859 = CARTESIAN_POINT('',(10.760384750735,24.15841750614));
#6860 = ( GEOMETRIC_REPRESENTATION_CONTEXT(2) 
PARAMETRIC_REPRESENTATION_CONTEXT() REPRESENTATION_CONTEXT('2D SPACE',''
  ) );
#6861 = PCURVE('',#3621,#6862);
#6862 = DEFINITIONAL_REPRESENTATION('',(#6863),#6866);
#6863 = B_SPLINE_CURVE_WITH_KNOTS('',1,(#6864,#6865),.UNSPECIFIED.,.F.,
  .F.,(2,2),(6.048213296324,20.048213296324),.PIECEWISE_BEZIER_KNOTS.);
#6864 = CARTESIAN_POINT('',(-8.881784197001E-16,-1.4));
#6865 = CARTESIAN_POINT('',(14.,-1.4));
#6866 = ( GEOMETRIC_REPRESENTATION_CONTEXT(2) 
PARAMETRIC_REPRESENTATION_CONTEXT() REPRESENTATION_CONTEXT('2D SPACE',''
  ) );
#6867 = ORIENTED_EDGE('',*,*,#4941,.F.);
#6868 = FACE_BOUND('',#6869,.F.);
#6869 = EDGE_LOOP('',(#6870,#6889,#6890,#6909));
#6870 = ORIENTED_EDGE('',*,*,#6871,.F.);
#6871 = EDGE_CURVE('',#3347,#4739,#6872,.T.);
#6872 = SURFACE_CURVE('',#6873,(#6877,#6883),.PCURVE_S1.);
#6873 = LINE('',#6874,#6875);
#6874 = CARTESIAN_POINT('',(-46.,45.595334980658,38.022759711299));
#6875 = VECTOR('',#6876,1.);
#6876 = DIRECTION('',(0.,-0.253359391838,0.96737222338));
#6877 = PCURVE('',#2584,#6878);
#6878 = DEFINITIONAL_REPRESENTATION('',(#6879),#6882);
#6879 = B_SPLINE_CURVE_WITH_KNOTS('',1,(#6880,#6881),.UNSPECIFIED.,.F.,
  .F.,(2,2),(6.048213296324,20.048213296324),.PIECEWISE_BEZIER_KNOTS.);
#6880 = CARTESIAN_POINT('',(16.500126609458,8.182956217175));
#6881 = CARTESIAN_POINT('',(20.047158095186,21.726167344498));
#6882 = ( GEOMETRIC_REPRESENTATION_CONTEXT(2) 
PARAMETRIC_REPRESENTATION_CONTEXT() REPRESENTATION_CONTEXT('2D SPACE',''
  ) );
#6883 = PCURVE('',#3362,#6884);
#6884 = DEFINITIONAL_REPRESENTATION('',(#6885),#6888);
#6885 = B_SPLINE_CURVE_WITH_KNOTS('',1,(#6886,#6887),.UNSPECIFIED.,.F.,
  .F.,(2,2),(6.048213296324,20.048213296324),.PIECEWISE_BEZIER_KNOTS.);
#6886 = CARTESIAN_POINT('',(-8.881784197001E-16,-1.4));
#6887 = CARTESIAN_POINT('',(14.,-1.4));
#6888 = ( GEOMETRIC_REPRESENTATION_CONTEXT(2) 
PARAMETRIC_REPRESENTATION_CONTEXT() REPRESENTATION_CONTEXT('2D SPACE',''
  ) );
#6889 = ORIENTED_EDGE('',*,*,#3374,.T.);
#6890 = ORIENTED_EDGE('',*,*,#6891,.T.);
#6891 = EDGE_CURVE('',#3375,#4762,#6892,.T.);
#6892 = SURFACE_CURVE('',#6893,(#6897,#6903),.PCURVE_S1.);
#6893 = LINE('',#6894,#6895);
#6894 = CARTESIAN_POINT('',(-46.,47.143130538067,38.428134738239));
#6895 = VECTOR('',#6896,1.);
#6896 = DIRECTION('',(0.,-0.253359391838,0.96737222338));
#6897 = PCURVE('',#2584,#6898);
#6898 = DEFINITIONAL_REPRESENTATION('',(#6899),#6902);
#6899 = B_SPLINE_CURVE_WITH_KNOTS('',1,(#6900,#6901),.UNSPECIFIED.,.F.,
  .F.,(2,2),(6.048213296324,20.048213296324),.PIECEWISE_BEZIER_KNOTS.);
#6900 = CARTESIAN_POINT('',(14.95233105205,8.588331244115));
#6901 = CARTESIAN_POINT('',(18.499362537777,22.131542371438));
#6902 = ( GEOMETRIC_REPRESENTATION_CONTEXT(2) 
PARAMETRIC_REPRESENTATION_CONTEXT() REPRESENTATION_CONTEXT('2D SPACE',''
  ) );
#6903 = PCURVE('',#3411,#6904);
#6904 = DEFINITIONAL_REPRESENTATION('',(#6905),#6908);
#6905 = B_SPLINE_CURVE_WITH_KNOTS('',1,(#6906,#6907),.UNSPECIFIED.,.F.,
  .F.,(2,2),(6.048213296324,20.048213296324),.PIECEWISE_BEZIER_KNOTS.);
#6906 = CARTESIAN_POINT('',(-8.881784197001E-16,-1.4));
#6907 = CARTESIAN_POINT('',(14.,-1.4));
#6908 = ( GEOMETRIC_REPRESENTATION_CONTEXT(2) 
PARAMETRIC_REPRESENTATION_CONTEXT() REPRESENTATION_CONTEXT('2D SPACE',''
  ) );
#6909 = ORIENTED_EDGE('',*,*,#4761,.F.);
#6910 = FACE_BOUND('',#6911,.F.);
#6911 = EDGE_LOOP('',(#6912,#6931,#6932,#6951));
#6912 = ORIENTED_EDGE('',*,*,#6913,.F.);
#6913 = EDGE_CURVE('',#3452,#4829,#6914,.T.);
#6914 = SURFACE_CURVE('',#6915,(#6919,#6925),.PCURVE_S1.);
#6915 = LINE('',#6916,#6917);
#6916 = CARTESIAN_POINT('',(-46.,49.464823874179,39.03619727865));
#6917 = VECTOR('',#6918,1.);
#6918 = DIRECTION('',(0.,-0.253359391838,0.96737222338));
#6919 = PCURVE('',#2584,#6920);
#6920 = DEFINITIONAL_REPRESENTATION('',(#6921),#6924);
#6921 = B_SPLINE_CURVE_WITH_KNOTS('',1,(#6922,#6923),.UNSPECIFIED.,.F.,
  .F.,(2,2),(6.048213296324,20.048213296324),.PIECEWISE_BEZIER_KNOTS.);
#6922 = CARTESIAN_POINT('',(12.630637715937,9.196393784525));
#6923 = CARTESIAN_POINT('',(16.177669201665,22.739604911849));
#6924 = ( GEOMETRIC_REPRESENTATION_CONTEXT(2) 
PARAMETRIC_REPRESENTATION_CONTEXT() REPRESENTATION_CONTEXT('2D SPACE',''
  ) );
#6925 = PCURVE('',#3467,#6926);
#6926 = DEFINITIONAL_REPRESENTATION('',(#6927),#6930);
#6927 = B_SPLINE_CURVE_WITH_KNOTS('',1,(#6928,#6929),.UNSPECIFIED.,.F.,
  .F.,(2,2),(6.048213296324,20.048213296324),.PIECEWISE_BEZIER_KNOTS.);
#6928 = CARTESIAN_POINT('',(-8.881784197001E-16,-1.4));
#6929 = CARTESIAN_POINT('',(14.,-1.4));
#6930 = ( GEOMETRIC_REPRESENTATION_CONTEXT(2) 
PARAMETRIC_REPRESENTATION_CONTEXT() REPRESENTATION_CONTEXT('2D SPACE',''
  ) );
#6931 = ORIENTED_EDGE('',*,*,#3479,.T.);
#6932 = ORIENTED_EDGE('',*,*,#6933,.T.);
#6933 = EDGE_CURVE('',#3480,#4852,#6934,.T.);
#6934 = SURFACE_CURVE('',#6935,(#6939,#6945),.PCURVE_S1.);
#6935 = LINE('',#6936,#6937);
#6936 = CARTESIAN_POINT('',(-46.,51.012619431588,39.44157230559));
#6937 = VECTOR('',#6938,1.);
#6938 = DIRECTION('',(0.,-0.253359391838,0.96737222338));
#6939 = PCURVE('',#2584,#6940);
#6940 = DEFINITIONAL_REPRESENTATION('',(#6941),#6944);
#6941 = B_SPLINE_CURVE_WITH_KNOTS('',1,(#6942,#6943),.UNSPECIFIED.,.F.,
  .F.,(2,2),(6.048213296324,20.048213296324),.PIECEWISE_BEZIER_KNOTS.);
#6942 = CARTESIAN_POINT('',(11.082842158529,9.601768811466));
#6943 = CARTESIAN_POINT('',(14.629873644256,23.144979938789));
#6944 = ( GEOMETRIC_REPRESENTATION_CONTEXT(2) 
PARAMETRIC_REPRESENTATION_CONTEXT() REPRESENTATION_CONTEXT('2D SPACE',''
  ) );
#6945 = PCURVE('',#3516,#6946);
#6946 = DEFINITIONAL_REPRESENTATION('',(#6947),#6950);
#6947 = B_SPLINE_CURVE_WITH_KNOTS('',1,(#6948,#6949),.UNSPECIFIED.,.F.,
  .F.,(2,2),(6.048213296324,20.048213296324),.PIECEWISE_BEZIER_KNOTS.);
#6948 = CARTESIAN_POINT('',(-8.881784197001E-16,-1.4));
#6949 = CARTESIAN_POINT('',(14.,-1.4));
#6950 = ( GEOMETRIC_REPRESENTATION_CONTEXT(2) 
PARAMETRIC_REPRESENTATION_CONTEXT() REPRESENTATION_CONTEXT('2D SPACE',''
  ) );
#6951 = ORIENTED_EDGE('',*,*,#4851,.F.);
#6952 = FACE_BOUND('',#6953,.F.);
#6953 = EDGE_LOOP('',(#6954,#6973,#6974,#6993));
#6954 = ORIENTED_EDGE('',*,*,#6955,.F.);
#6955 = EDGE_CURVE('',#3872,#5189,#6956,.T.);
#6956 = SURFACE_CURVE('',#6957,(#6961,#6967),.PCURVE_S1.);
#6957 = LINE('',#6958,#6959);
#6958 = CARTESIAN_POINT('',(-46.,64.942779448263,43.089947548053));
#6959 = VECTOR('',#6960,1.);
#6960 = DIRECTION('',(0.,-0.253359391838,0.96737222338));
#6961 = PCURVE('',#2584,#6962);
#6962 = DEFINITIONAL_REPRESENTATION('',(#6963),#6966);
#6963 = B_SPLINE_CURVE_WITH_KNOTS('',1,(#6964,#6965),.UNSPECIFIED.,.F.,
  .F.,(2,2),(6.048213296324,20.048213296324),.PIECEWISE_BEZIER_KNOTS.);
#6964 = CARTESIAN_POINT('',(-2.847317858147,13.250144053928));
#6965 = CARTESIAN_POINT('',(0.699713627581,26.793355181252));
#6966 = ( GEOMETRIC_REPRESENTATION_CONTEXT(2) 
PARAMETRIC_REPRESENTATION_CONTEXT() REPRESENTATION_CONTEXT('2D SPACE',''
  ) );
#6967 = PCURVE('',#3887,#6968);
#6968 = DEFINITIONAL_REPRESENTATION('',(#6969),#6972);
#6969 = B_SPLINE_CURVE_WITH_KNOTS('',1,(#6970,#6971),.UNSPECIFIED.,.F.,
  .F.,(2,2),(6.048213296324,20.048213296324),.PIECEWISE_BEZIER_KNOTS.);
#6970 = CARTESIAN_POINT('',(-8.881784197001E-16,-1.4));
#6971 = CARTESIAN_POINT('',(14.,-1.4));
#6972 = ( GEOMETRIC_REPRESENTATION_CONTEXT(2) 
PARAMETRIC_REPRESENTATION_CONTEXT() REPRESENTATION_CONTEXT('2D SPACE',''
  ) );
#6973 = ORIENTED_EDGE('',*,*,#3899,.T.);
#6974 = ORIENTED_EDGE('',*,*,#6975,.T.);
#6975 = EDGE_CURVE('',#3900,#5212,#6976,.T.);
#6976 = SURFACE_CURVE('',#6977,(#6981,#6987),.PCURVE_S1.);
#6977 = LINE('',#6978,#6979);
#6978 = CARTESIAN_POINT('',(-46.,66.490575005672,43.495322574993));
#6979 = VECTOR('',#6980,1.);
#6980 = DIRECTION('',(0.,-0.253359391838,0.96737222338));
#6981 = PCURVE('',#2584,#6982);
#6982 = DEFINITIONAL_REPRESENTATION('',(#6983),#6986);
#6983 = B_SPLINE_CURVE_WITH_KNOTS('',1,(#6984,#6985),.UNSPECIFIED.,.F.,
  .F.,(2,2),(6.048213296324,20.048213296324),.PIECEWISE_BEZIER_KNOTS.);
#6984 = CARTESIAN_POINT('',(-4.395113415555,13.655519080869));
#6985 = CARTESIAN_POINT('',(-0.848081929828,27.198730208192));
#6986 = ( GEOMETRIC_REPRESENTATION_CONTEXT(2) 
PARAMETRIC_REPRESENTATION_CONTEXT() REPRESENTATION_CONTEXT('2D SPACE',''
  ) );
#6987 = PCURVE('',#3936,#6988);
#6988 = DEFINITIONAL_REPRESENTATION('',(#6989),#6992);
#6989 = B_SPLINE_CURVE_WITH_KNOTS('',1,(#6990,#6991),.UNSPECIFIED.,.F.,
  .F.,(2,2),(6.048213296324,20.048213296324),.PIECEWISE_BEZIER_KNOTS.);
#6990 = CARTESIAN_POINT('',(-2.6645352591E-15,-1.4));
#6991 = CARTESIAN_POINT('',(14.,-1.4));
#6992 = ( GEOMETRIC_REPRESENTATION_CONTEXT(2) 
PARAMETRIC_REPRESENTATION_CONTEXT() REPRESENTATION_CONTEXT('2D SPACE',''
  ) );
#6993 = ORIENTED_EDGE('',*,*,#5211,.F.);
#6994 = FACE_BOUND('',#6995,.F.);
#6995 = EDGE_LOOP('',(#6996,#7015,#7016,#7035));
#6996 = ORIENTED_EDGE('',*,*,#6997,.F.);
#6997 = EDGE_CURVE('',#3977,#5279,#6998,.T.);
#6998 = SURFACE_CURVE('',#6999,(#7003,#7009),.PCURVE_S1.);
#6999 = LINE('',#7000,#7001);
#7000 = CARTESIAN_POINT('',(-46.,68.812268341784,44.103385115403));
#7001 = VECTOR('',#7002,1.);
#7002 = DIRECTION('',(0.,-0.253359391838,0.96737222338));
#7003 = PCURVE('',#2584,#7004);
#7004 = DEFINITIONAL_REPRESENTATION('',(#7005),#7008);
#7005 = B_SPLINE_CURVE_WITH_KNOTS('',1,(#7006,#7007),.UNSPECIFIED.,.F.,
  .F.,(2,2),(6.048213296324,20.048213296324),.PIECEWISE_BEZIER_KNOTS.);
#7006 = CARTESIAN_POINT('',(-6.716806751668,14.263581621279));
#7007 = CARTESIAN_POINT('',(-3.16977526594,27.806792748602));
#7008 = ( GEOMETRIC_REPRESENTATION_CONTEXT(2) 
PARAMETRIC_REPRESENTATION_CONTEXT() REPRESENTATION_CONTEXT('2D SPACE',''
  ) );
#7009 = PCURVE('',#3992,#7010);
#7010 = DEFINITIONAL_REPRESENTATION('',(#7011),#7014);
#7011 = B_SPLINE_CURVE_WITH_KNOTS('',1,(#7012,#7013),.UNSPECIFIED.,.F.,
  .F.,(2,2),(6.048213296324,20.048213296324),.PIECEWISE_BEZIER_KNOTS.);
#7012 = CARTESIAN_POINT('',(-2.6645352591E-15,-1.4));
#7013 = CARTESIAN_POINT('',(14.,-1.4));
#7014 = ( GEOMETRIC_REPRESENTATION_CONTEXT(2) 
PARAMETRIC_REPRESENTATION_CONTEXT() REPRESENTATION_CONTEXT('2D SPACE',''
  ) );
#7015 = ORIENTED_EDGE('',*,*,#4004,.T.);
#7016 = ORIENTED_EDGE('',*,*,#7017,.T.);
#7017 = EDGE_CURVE('',#4005,#5302,#7018,.T.);
#7018 = SURFACE_CURVE('',#7019,(#7023,#7029),.PCURVE_S1.);
#7019 = LINE('',#7020,#7021);
#7020 = CARTESIAN_POINT('',(-46.,70.360063899193,44.508760142344));
#7021 = VECTOR('',#7022,1.);
#7022 = DIRECTION('',(0.,-0.253359391838,0.96737222338));
#7023 = PCURVE('',#2584,#7024);
#7024 = DEFINITIONAL_REPRESENTATION('',(#7025),#7028);
#7025 = B_SPLINE_CURVE_WITH_KNOTS('',1,(#7026,#7027),.UNSPECIFIED.,.F.,
  .F.,(2,2),(6.048213296324,20.048213296324),.PIECEWISE_BEZIER_KNOTS.);
#7026 = CARTESIAN_POINT('',(-8.264602309076,14.668956648219));
#7027 = CARTESIAN_POINT('',(-4.717570823349,28.212167775543));
#7028 = ( GEOMETRIC_REPRESENTATION_CONTEXT(2) 
PARAMETRIC_REPRESENTATION_CONTEXT() REPRESENTATION_CONTEXT('2D SPACE',''
  ) );
#7029 = PCURVE('',#4041,#7030);
#7030 = DEFINITIONAL_REPRESENTATION('',(#7031),#7034);
#7031 = B_SPLINE_CURVE_WITH_KNOTS('',1,(#7032,#7033),.UNSPECIFIED.,.F.,
  .F.,(2,2),(6.048213296324,20.048213296324),.PIECEWISE_BEZIER_KNOTS.);
#7032 = CARTESIAN_POINT('',(-2.6645352591E-15,-1.4));
#7033 = CARTESIAN_POINT('',(14.,-1.4));
#7034 = ( GEOMETRIC_REPRESENTATION_CONTEXT(2) 
PARAMETRIC_REPRESENTATION_CONTEXT() REPRESENTATION_CONTEXT('2D SPACE',''
  ) );
#7035 = ORIENTED_EDGE('',*,*,#5301,.F.);
#7036 = FACE_BOUND('',#7037,.F.);
#7037 = EDGE_LOOP('',(#7038,#7057,#7058,#7077));
#7038 = ORIENTED_EDGE('',*,*,#7039,.F.);
#7039 = EDGE_CURVE('',#3767,#5099,#7040,.T.);
#7040 = SURFACE_CURVE('',#7041,(#7045,#7051),.PCURVE_S1.);
#7041 = LINE('',#7042,#7043);
#7042 = CARTESIAN_POINT('',(-46.,61.073290554742,42.076509980702));
#7043 = VECTOR('',#7044,1.);
#7044 = DIRECTION('',(0.,-0.253359391838,0.96737222338));
#7045 = PCURVE('',#2584,#7046);
#7046 = DEFINITIONAL_REPRESENTATION('',(#7047),#7050);
#7047 = B_SPLINE_CURVE_WITH_KNOTS('',1,(#7048,#7049),.UNSPECIFIED.,.F.,
  .F.,(2,2),(6.048213296324,20.048213296324),.PIECEWISE_BEZIER_KNOTS.);
#7048 = CARTESIAN_POINT('',(1.022171035374,12.236706486578));
#7049 = CARTESIAN_POINT('',(4.569202521102,25.779917613901));
#7050 = ( GEOMETRIC_REPRESENTATION_CONTEXT(2) 
PARAMETRIC_REPRESENTATION_CONTEXT() REPRESENTATION_CONTEXT('2D SPACE',''
  ) );
#7051 = PCURVE('',#3782,#7052);
#7052 = DEFINITIONAL_REPRESENTATION('',(#7053),#7056);
#7053 = B_SPLINE_CURVE_WITH_KNOTS('',1,(#7054,#7055),.UNSPECIFIED.,.F.,
  .F.,(2,2),(6.048213296324,20.048213296324),.PIECEWISE_BEZIER_KNOTS.);
#7054 = CARTESIAN_POINT('',(-8.881784197001E-16,-1.4));
#7055 = CARTESIAN_POINT('',(14.,-1.4));
#7056 = ( GEOMETRIC_REPRESENTATION_CONTEXT(2) 
PARAMETRIC_REPRESENTATION_CONTEXT() REPRESENTATION_CONTEXT('2D SPACE',''
  ) );
#7057 = ORIENTED_EDGE('',*,*,#3794,.T.);
#7058 = ORIENTED_EDGE('',*,*,#7059,.T.);
#7059 = EDGE_CURVE('',#3795,#5122,#7060,.T.);
#7060 = SURFACE_CURVE('',#7061,(#7065,#7071),.PCURVE_S1.);
#7061 = LINE('',#7062,#7063);
#7062 = CARTESIAN_POINT('',(-46.,62.621086112151,42.481885007642));
#7063 = VECTOR('',#7064,1.);
#7064 = DIRECTION('',(0.,-0.253359391838,0.96737222338));
#7065 = PCURVE('',#2584,#7066);
#7066 = DEFINITIONAL_REPRESENTATION('',(#7067),#7070);
#7067 = B_SPLINE_CURVE_WITH_KNOTS('',1,(#7068,#7069),.UNSPECIFIED.,.F.,
  .F.,(2,2),(6.048213296324,20.048213296324),.PIECEWISE_BEZIER_KNOTS.);
#7068 = CARTESIAN_POINT('',(-0.525624522034,12.642081513518));
#7069 = CARTESIAN_POINT('',(3.021406963693,26.185292640841));
#7070 = ( GEOMETRIC_REPRESENTATION_CONTEXT(2) 
PARAMETRIC_REPRESENTATION_CONTEXT() REPRESENTATION_CONTEXT('2D SPACE',''
  ) );
#7071 = PCURVE('',#3831,#7072);
#7072 = DEFINITIONAL_REPRESENTATION('',(#7073),#7076);
#7073 = B_SPLINE_CURVE_WITH_KNOTS('',1,(#7074,#7075),.UNSPECIFIED.,.F.,
  .F.,(2,2),(6.048213296324,20.048213296324),.PIECEWISE_BEZIER_KNOTS.);
#7074 = CARTESIAN_POINT('',(-8.881784197001E-16,-1.4));
#7075 = CARTESIAN_POINT('',(14.,-1.4));
#7076 = ( GEOMETRIC_REPRESENTATION_CONTEXT(2) 
PARAMETRIC_REPRESENTATION_CONTEXT() REPRESENTATION_CONTEXT('2D SPACE',''
  ) );
#7077 = ORIENTED_EDGE('',*,*,#5121,.F.);
#7078 = FACE_BOUND('',#7079,.F.);
#7079 = EDGE_LOOP('',(#7080,#7099,#7100,#7119));
#7080 = ORIENTED_EDGE('',*,*,#7081,.F.);
#7081 = EDGE_CURVE('',#3662,#5009,#7082,.T.);
#7082 = SURFACE_CURVE('',#7083,(#7087,#7093),.PCURVE_S1.);
#7083 = LINE('',#7084,#7085);
#7084 = CARTESIAN_POINT('',(-46.,57.203801661221,41.063072413351));
#7085 = VECTOR('',#7086,1.);
#7086 = DIRECTION('',(0.,-0.253359391838,0.96737222338));
#7087 = PCURVE('',#2584,#7088);
#7088 = DEFINITIONAL_REPRESENTATION('',(#7089),#7092);
#7089 = B_SPLINE_CURVE_WITH_KNOTS('',1,(#7090,#7091),.UNSPECIFIED.,.F.,
  .F.,(2,2),(6.048213296324,20.048213296324),.PIECEWISE_BEZIER_KNOTS.);
#7090 = CARTESIAN_POINT('',(4.891659928895,11.223268919227));
#7091 = CARTESIAN_POINT('',(8.438691414623,24.76648004655));
#7092 = ( GEOMETRIC_REPRESENTATION_CONTEXT(2) 
PARAMETRIC_REPRESENTATION_CONTEXT() REPRESENTATION_CONTEXT('2D SPACE',''
  ) );
#7093 = PCURVE('',#3677,#7094);
#7094 = DEFINITIONAL_REPRESENTATION('',(#7095),#7098);
#7095 = B_SPLINE_CURVE_WITH_KNOTS('',1,(#7096,#7097),.UNSPECIFIED.,.F.,
  .F.,(2,2),(6.048213296324,20.048213296324),.PIECEWISE_BEZIER_KNOTS.);
#7096 = CARTESIAN_POINT('',(-8.881784197001E-16,-1.4));
#7097 = CARTESIAN_POINT('',(14.,-1.4));
#7098 = ( GEOMETRIC_REPRESENTATION_CONTEXT(2) 
PARAMETRIC_REPRESENTATION_CONTEXT() REPRESENTATION_CONTEXT('2D SPACE',''
  ) );
#7099 = ORIENTED_EDGE('',*,*,#3689,.T.);
#7100 = ORIENTED_EDGE('',*,*,#7101,.T.);
#7101 = EDGE_CURVE('',#3690,#5032,#7102,.T.);
#7102 = SURFACE_CURVE('',#7103,(#7107,#7113),.PCURVE_S1.);
#7103 = LINE('',#7104,#7105);
#7104 = CARTESIAN_POINT('',(-46.,58.75159721863,41.468447440291));
#7105 = VECTOR('',#7106,1.);
#7106 = DIRECTION('',(0.,-0.253359391838,0.96737222338));
#7107 = PCURVE('',#2584,#7108);
#7108 = DEFINITIONAL_REPRESENTATION('',(#7109),#7112);
#7109 = B_SPLINE_CURVE_WITH_KNOTS('',1,(#7110,#7111),.UNSPECIFIED.,.F.,
  .F.,(2,2),(6.048213296324,20.048213296324),.PIECEWISE_BEZIER_KNOTS.);
#7110 = CARTESIAN_POINT('',(3.343864371487,11.628643946167));
#7111 = CARTESIAN_POINT('',(6.890895857214,25.171855073491));
#7112 = ( GEOMETRIC_REPRESENTATION_CONTEXT(2) 
PARAMETRIC_REPRESENTATION_CONTEXT() REPRESENTATION_CONTEXT('2D SPACE',''
  ) );
#7113 = PCURVE('',#3726,#7114);
#7114 = DEFINITIONAL_REPRESENTATION('',(#7115),#7118);
#7115 = B_SPLINE_CURVE_WITH_KNOTS('',1,(#7116,#7117),.UNSPECIFIED.,.F.,
  .F.,(2,2),(6.048213296324,20.048213296324),.PIECEWISE_BEZIER_KNOTS.);
#7116 = CARTESIAN_POINT('',(-8.881784197001E-16,-1.4));
#7117 = CARTESIAN_POINT('',(14.,-1.4));
#7118 = ( GEOMETRIC_REPRESENTATION_CONTEXT(2) 
PARAMETRIC_REPRESENTATION_CONTEXT() REPRESENTATION_CONTEXT('2D SPACE',''
  ) );
#7119 = ORIENTED_EDGE('',*,*,#5031,.F.);
#7120 = ADVANCED_FACE('',(#7121),#2558,.T.);
#7121 = FACE_BOUND('',#7122,.T.);
#7122 = EDGE_LOOP('',(#7123,#7145,#7146,#7147));
#7123 = ORIENTED_EDGE('',*,*,#7124,.F.);
#7124 = EDGE_CURVE('',#2515,#7125,#7127,.T.);
#7125 = VERTEX_POINT('',#7126);
#7126 = CARTESIAN_POINT('',(-42.,-50.03192943245,35.094819749386));
#7127 = SURFACE_CURVE('',#7128,(#7132,#7139),.PCURVE_S1.);
#7128 = LINE('',#7129,#7130);
#7129 = CARTESIAN_POINT('',(-42.,-26.16118449527,-56.04802455623));
#7130 = VECTOR('',#7131,1.);
#7131 = DIRECTION('',(0.,-0.253359391838,0.96737222338));
#7132 = PCURVE('',#2558,#7133);
#7133 = DEFINITIONAL_REPRESENTATION('',(#7134),#7138);
#7134 = LINE('',#7135,#7136);
#7135 = CARTESIAN_POINT('',(0.,5.));
#7136 = VECTOR('',#7137,1.);
#7137 = DIRECTION('',(1.,0.));
#7138 = ( GEOMETRIC_REPRESENTATION_CONTEXT(2) 
PARAMETRIC_REPRESENTATION_CONTEXT() REPRESENTATION_CONTEXT('2D SPACE',''
  ) );
#7139 = PCURVE('',#2531,#7140);
#7140 = DEFINITIONAL_REPRESENTATION('',(#7141),#7144);
#7141 = B_SPLINE_CURVE_WITH_KNOTS('',1,(#7142,#7143),.UNSPECIFIED.,.F.,
  .F.,(2,2),(0.,150.),.PIECEWISE_BEZIER_KNOTS.);
#7142 = CARTESIAN_POINT('',(7.853981633974,0.));
#7143 = CARTESIAN_POINT('',(7.853981633974,150.));
#7144 = ( GEOMETRIC_REPRESENTATION_CONTEXT(2) 
PARAMETRIC_REPRESENTATION_CONTEXT() REPRESENTATION_CONTEXT('2D SPACE',''
  ) );
#7145 = ORIENTED_EDGE('',*,*,#2543,.F.);
#7146 = ORIENTED_EDGE('',*,*,#6694,.F.);
#7147 = ORIENTED_EDGE('',*,*,#7148,.T.);
#7148 = EDGE_CURVE('',#6695,#7125,#7149,.T.);
#7149 = SURFACE_CURVE('',#7150,(#7154,#7160),.PCURVE_S1.);
#7150 = LINE('',#7151,#7152);
#7151 = CARTESIAN_POINT('',(-23.5,-50.03192943245,35.094819749386));
#7152 = VECTOR('',#7153,1.);
#7153 = DIRECTION('',(1.,-0.,0.));
#7154 = PCURVE('',#2558,#7155);
#7155 = DEFINITIONAL_REPRESENTATION('',(#7156),#7159);
#7156 = B_SPLINE_CURVE_WITH_KNOTS('',1,(#7157,#7158),.UNSPECIFIED.,.F.,
  .F.,(2,2),(-22.5,-18.5),.PIECEWISE_BEZIER_KNOTS.);
#7157 = CARTESIAN_POINT('',(94.216933361126,1.));
#7158 = CARTESIAN_POINT('',(94.216933361126,5.));
#7159 = ( GEOMETRIC_REPRESENTATION_CONTEXT(2) 
PARAMETRIC_REPRESENTATION_CONTEXT() REPRESENTATION_CONTEXT('2D SPACE',''
  ) );
#7160 = PCURVE('',#6731,#7161);
#7161 = DEFINITIONAL_REPRESENTATION('',(#7162),#7165);
#7162 = B_SPLINE_CURVE_WITH_KNOTS('',1,(#7163,#7164),.UNSPECIFIED.,.F.,
  .F.,(2,2),(-22.5,-18.5),.PIECEWISE_BEZIER_KNOTS.);
#7163 = CARTESIAN_POINT('',(16.506645716728,-46.));
#7164 = CARTESIAN_POINT('',(16.506645716728,-42.));
#7165 = ( GEOMETRIC_REPRESENTATION_CONTEXT(2) 
PARAMETRIC_REPRESENTATION_CONTEXT() REPRESENTATION_CONTEXT('2D SPACE',''
  ) );
#7166 = ADVANCED_FACE('',(#7167),#2531,.T.);
#7167 = FACE_BOUND('',#7168,.T.);
#7168 = EDGE_LOOP('',(#7169,#7191,#7192,#7193));
#7169 = ORIENTED_EDGE('',*,*,#7170,.F.);
#7170 = EDGE_CURVE('',#2489,#7171,#7173,.T.);
#7171 = VERTEX_POINT('',#7172);
#7172 = CARTESIAN_POINT('',(-42.,-59.70565166626,32.561225831009));
#7173 = SURFACE_CURVE('',#7174,(#7178,#7184),.PCURVE_S1.);
#7174 = LINE('',#7175,#7176);
#7175 = CARTESIAN_POINT('',(-42.,-35.83490672907,-58.58161847461));
#7176 = VECTOR('',#7177,1.);
#7177 = DIRECTION('',(0.,-0.253359391838,0.96737222338));
#7178 = PCURVE('',#2531,#7179);
#7179 = DEFINITIONAL_REPRESENTATION('',(#7180),#7183);
#7180 = B_SPLINE_CURVE_WITH_KNOTS('',1,(#7181,#7182),.UNSPECIFIED.,.F.,
  .F.,(2,2),(0.,150.),.PIECEWISE_BEZIER_KNOTS.);
#7181 = CARTESIAN_POINT('',(4.712388980385,0.));
#7182 = CARTESIAN_POINT('',(4.712388980385,150.));
#7183 = ( GEOMETRIC_REPRESENTATION_CONTEXT(2) 
PARAMETRIC_REPRESENTATION_CONTEXT() REPRESENTATION_CONTEXT('2D SPACE',''
  ) );
#7184 = PCURVE('',#2503,#7185);
#7185 = DEFINITIONAL_REPRESENTATION('',(#7186),#7190);
#7186 = LINE('',#7187,#7188);
#7187 = CARTESIAN_POINT('',(0.,5.));
#7188 = VECTOR('',#7189,1.);
#7189 = DIRECTION('',(1.,0.));
#7190 = ( GEOMETRIC_REPRESENTATION_CONTEXT(2) 
PARAMETRIC_REPRESENTATION_CONTEXT() REPRESENTATION_CONTEXT('2D SPACE',''
  ) );
#7191 = ORIENTED_EDGE('',*,*,#2514,.T.);
#7192 = ORIENTED_EDGE('',*,*,#7124,.T.);
#7193 = ORIENTED_EDGE('',*,*,#7194,.F.);
#7194 = EDGE_CURVE('',#7171,#7125,#7195,.T.);
#7195 = SURFACE_CURVE('',#7196,(#7201,#7208),.PCURVE_S1.);
#7196 = CIRCLE('',#7197,5.);
#7197 = AXIS2_PLACEMENT_3D('',#7198,#7199,#7200);
#7198 = CARTESIAN_POINT('',(-42.,-54.86879054936,33.828022790198));
#7199 = DIRECTION('',(0.,-0.253359391838,0.96737222338));
#7200 = DIRECTION('',(1.,0.,0.));
#7201 = PCURVE('',#2531,#7202);
#7202 = DEFINITIONAL_REPRESENTATION('',(#7203),#7207);
#7203 = LINE('',#7204,#7205);
#7204 = CARTESIAN_POINT('',(0.,94.216933361126));
#7205 = VECTOR('',#7206,1.);
#7206 = DIRECTION('',(1.,0.));
#7207 = ( GEOMETRIC_REPRESENTATION_CONTEXT(2) 
PARAMETRIC_REPRESENTATION_CONTEXT() REPRESENTATION_CONTEXT('2D SPACE',''
  ) );
#7208 = PCURVE('',#6731,#7209);
#7209 = DEFINITIONAL_REPRESENTATION('',(#7210),#7218);
#7210 = ( BOUNDED_CURVE() B_SPLINE_CURVE(2,(#7211,#7212,#7213,#7214,
#7215,#7216,#7217),.UNSPECIFIED.,.T.,.F.) B_SPLINE_CURVE_WITH_KNOTS((1,2
    ,2,2,2,1),(-2.094395102393,0.,2.094395102393,4.188790204786,
6.28318530718,8.377580409573),.UNSPECIFIED.) CURVE() 
GEOMETRIC_REPRESENTATION_ITEM() RATIONAL_B_SPLINE_CURVE((1.,0.5,1.,0.5,
1.,0.5,1.)) REPRESENTATION_ITEM('') );
#7211 = CARTESIAN_POINT('',(11.506645716728,-37.));
#7212 = CARTESIAN_POINT('',(20.166899754572,-37.));
#7213 = CARTESIAN_POINT('',(15.83677273565,-44.5));
#7214 = CARTESIAN_POINT('',(11.506645716728,-52.));
#7215 = CARTESIAN_POINT('',(7.176518697806,-44.5));
#7216 = CARTESIAN_POINT('',(2.846391678884,-37.));
#7217 = CARTESIAN_POINT('',(11.506645716728,-37.));
#7218 = ( GEOMETRIC_REPRESENTATION_CONTEXT(2) 
PARAMETRIC_REPRESENTATION_CONTEXT() REPRESENTATION_CONTEXT('2D SPACE',''
  ) );
#7219 = ADVANCED_FACE('',(#7220),#2503,.F.);
#7220 = FACE_BOUND('',#7221,.F.);
#7221 = EDGE_LOOP('',(#7222,#7223,#7224,#7245));
#7222 = ORIENTED_EDGE('',*,*,#7170,.F.);
#7223 = ORIENTED_EDGE('',*,*,#2488,.F.);
#7224 = ORIENTED_EDGE('',*,*,#7225,.F.);
#7225 = EDGE_CURVE('',#7226,#2463,#7228,.T.);
#7226 = VERTEX_POINT('',#7227);
#7227 = CARTESIAN_POINT('',(-46.,-59.70565166626,32.561225831009));
#7228 = SURFACE_CURVE('',#7229,(#7233,#7239),.PCURVE_S1.);
#7229 = LINE('',#7230,#7231);
#7230 = CARTESIAN_POINT('',(-46.,-44.29369795691,-26.28441560466));
#7231 = VECTOR('',#7232,1.);
#7232 = DIRECTION('',(0.,0.253359391838,-0.96737222338));
#7233 = PCURVE('',#2503,#7234);
#7234 = DEFINITIONAL_REPRESENTATION('',(#7235),#7238);
#7235 = B_SPLINE_CURVE_WITH_KNOTS('',1,(#7236,#7237),.UNSPECIFIED.,.F.,
  .F.,(2,2),(-64.83040221069,-31.30585608385),.PIECEWISE_BEZIER_KNOTS.);
#7236 = CARTESIAN_POINT('',(98.216933361126,1.));
#7237 = CARTESIAN_POINT('',(64.692387234291,1.));
#7238 = ( GEOMETRIC_REPRESENTATION_CONTEXT(2) 
PARAMETRIC_REPRESENTATION_CONTEXT() REPRESENTATION_CONTEXT('2D SPACE',''
  ) );
#7239 = PCURVE('',#2477,#7240);
#7240 = DEFINITIONAL_REPRESENTATION('',(#7241),#7244);
#7241 = B_SPLINE_CURVE_WITH_KNOTS('',1,(#7242,#7243),.UNSPECIFIED.,.F.,
  .F.,(2,2),(-64.83040221069,-31.30585608385),.PIECEWISE_BEZIER_KNOTS.);
#7242 = CARTESIAN_POINT('',(121.28217918126,0.740037686463));
#7243 = CARTESIAN_POINT('',(112.78842056293,-31.69067703806));
#7244 = ( GEOMETRIC_REPRESENTATION_CONTEXT(2) 
PARAMETRIC_REPRESENTATION_CONTEXT() REPRESENTATION_CONTEXT('2D SPACE',''
  ) );
#7245 = ORIENTED_EDGE('',*,*,#7246,.T.);
#7246 = EDGE_CURVE('',#7226,#7171,#7247,.T.);
#7247 = SURFACE_CURVE('',#7248,(#7252,#7258),.PCURVE_S1.);
#7248 = LINE('',#7249,#7250);
#7249 = CARTESIAN_POINT('',(-23.5,-59.70565166626,32.561225831009));
#7250 = VECTOR('',#7251,1.);
#7251 = DIRECTION('',(1.,-0.,0.));
#7252 = PCURVE('',#2503,#7253);
#7253 = DEFINITIONAL_REPRESENTATION('',(#7254),#7257);
#7254 = B_SPLINE_CURVE_WITH_KNOTS('',1,(#7255,#7256),.UNSPECIFIED.,.F.,
  .F.,(2,2),(-22.5,-18.5),.PIECEWISE_BEZIER_KNOTS.);
#7255 = CARTESIAN_POINT('',(94.216933361126,1.));
#7256 = CARTESIAN_POINT('',(94.216933361126,5.));
#7257 = ( GEOMETRIC_REPRESENTATION_CONTEXT(2) 
PARAMETRIC_REPRESENTATION_CONTEXT() REPRESENTATION_CONTEXT('2D SPACE',''
  ) );
#7258 = PCURVE('',#6731,#7259);
#7259 = DEFINITIONAL_REPRESENTATION('',(#7260),#7263);
#7260 = B_SPLINE_CURVE_WITH_KNOTS('',1,(#7261,#7262),.UNSPECIFIED.,.F.,
  .F.,(2,2),(-22.5,-18.5),.PIECEWISE_BEZIER_KNOTS.);
#7261 = CARTESIAN_POINT('',(6.506645716728,-46.));
#7262 = CARTESIAN_POINT('',(6.506645716728,-42.));
#7263 = ( GEOMETRIC_REPRESENTATION_CONTEXT(2) 
PARAMETRIC_REPRESENTATION_CONTEXT() REPRESENTATION_CONTEXT('2D SPACE',''
  ) );
#7264 = ADVANCED_FACE('',(#7265),#2477,.F.);
#7265 = FACE_BOUND('',#7266,.F.);
#7266 = EDGE_LOOP('',(#7267,#7290,#7291,#7292,#7313,#7339));
#7267 = ORIENTED_EDGE('',*,*,#7268,.T.);
#7268 = EDGE_CURVE('',#7269,#7226,#7271,.T.);
#7269 = VERTEX_POINT('',#7270);
#7270 = CARTESIAN_POINT('',(-46.,-66.,30.912706029316));
#7271 = SURFACE_CURVE('',#7272,(#7276,#7283),.PCURVE_S1.);
#7272 = LINE('',#7273,#7274);
#7273 = CARTESIAN_POINT('',(-46.,-68.98656243264,30.130511106479));
#7274 = VECTOR('',#7275,1.);
#7275 = DIRECTION('',(0.,0.96737222338,0.253359391838));
#7276 = PCURVE('',#2477,#7277);
#7277 = DEFINITIONAL_REPRESENTATION('',(#7278),#7282);
#7278 = LINE('',#7279,#7280);
#7279 = CARTESIAN_POINT('',(129.5496523803,-5.560165931588));
#7280 = VECTOR('',#7281,1.);
#7281 = DIRECTION('',(-0.96737222338,0.253359391838));
#7282 = ( GEOMETRIC_REPRESENTATION_CONTEXT(2) 
PARAMETRIC_REPRESENTATION_CONTEXT() REPRESENTATION_CONTEXT('2D SPACE',''
  ) );
#7283 = PCURVE('',#6731,#7284);
#7284 = DEFINITIONAL_REPRESENTATION('',(#7285),#7289);
#7285 = LINE('',#7286,#7287);
#7286 = CARTESIAN_POINT('',(-3.087293970684,-46.));
#7287 = VECTOR('',#7288,1.);
#7288 = DIRECTION('',(1.,0.));
#7289 = ( GEOMETRIC_REPRESENTATION_CONTEXT(2) 
PARAMETRIC_REPRESENTATION_CONTEXT() REPRESENTATION_CONTEXT('2D SPACE',''
  ) );
#7290 = ORIENTED_EDGE('',*,*,#7225,.T.);
#7291 = ORIENTED_EDGE('',*,*,#2462,.F.);
#7292 = ORIENTED_EDGE('',*,*,#7293,.T.);
#7293 = EDGE_CURVE('',#2437,#7294,#7296,.T.);
#7294 = VERTEX_POINT('',#7295);
#7295 = CARTESIAN_POINT('',(-46.,-62.5,14.264285714286));
#7296 = SURFACE_CURVE('',#7297,(#7301,#7307),.PCURVE_S1.);
#7297 = LINE('',#7298,#7299);
#7298 = CARTESIAN_POINT('',(-46.,-62.5,67.845338519034));
#7299 = VECTOR('',#7300,1.);
#7300 = DIRECTION('',(-0.,0.,1.));
#7301 = PCURVE('',#2477,#7302);
#7302 = DEFINITIONAL_REPRESENTATION('',(#7303),#7306);
#7303 = B_SPLINE_CURVE_WITH_KNOTS('',1,(#7304,#7305),.UNSPECIFIED.,.F.,
  .F.,(2,2),(-56.79771947141,-53.58105280474),.PIECEWISE_BEZIER_KNOTS.);
#7304 = CARTESIAN_POINT('',(123.06308994765,-24.64305799044));
#7305 = CARTESIAN_POINT('',(123.06308994765,-21.42639132378));
#7306 = ( GEOMETRIC_REPRESENTATION_CONTEXT(2) 
PARAMETRIC_REPRESENTATION_CONTEXT() REPRESENTATION_CONTEXT('2D SPACE',''
  ) );
#7307 = PCURVE('',#2451,#7308);
#7308 = DEFINITIONAL_REPRESENTATION('',(#7309),#7312);
#7309 = B_SPLINE_CURVE_WITH_KNOTS('',1,(#7310,#7311),.UNSPECIFIED.,.F.,
  .F.,(2,2),(-56.79771947141,-53.58105280474),.PIECEWISE_BEZIER_KNOTS.);
#7310 = CARTESIAN_POINT('',(8.5,-88.95238095238));
#7311 = CARTESIAN_POINT('',(8.5,-85.73571428571));
#7312 = ( GEOMETRIC_REPRESENTATION_CONTEXT(2) 
PARAMETRIC_REPRESENTATION_CONTEXT() REPRESENTATION_CONTEXT('2D SPACE',''
  ) );
#7313 = ORIENTED_EDGE('',*,*,#7314,.F.);
#7314 = EDGE_CURVE('',#7315,#7294,#7317,.T.);
#7315 = VERTEX_POINT('',#7316);
#7316 = CARTESIAN_POINT('',(-46.,-66.,13.347619047619));
#7317 = SURFACE_CURVE('',#7318,(#7322,#7328),.PCURVE_S1.);
#7318 = LINE('',#7319,#7320);
#7319 = CARTESIAN_POINT('',(-46.,98.957502243833,56.550774397194));
#7320 = VECTOR('',#7321,1.);
#7321 = DIRECTION('',(-0.,0.96737222338,0.253359391838));
#7322 = PCURVE('',#2477,#7323);
#7323 = DEFINITIONAL_REPRESENTATION('',(#7324),#7327);
#7324 = B_SPLINE_CURVE_WITH_KNOTS('',1,(#7325,#7326),.UNSPECIFIED.,.F.,
  .F.,(2,2),(-170.5212308737,-166.9031819826),.PIECEWISE_BEZIER_KNOTS.);
#7325 = CARTESIAN_POINT('',(126.56308994765,-22.34305799044));
#7326 = CARTESIAN_POINT('',(123.06308994765,-21.42639132378));
#7327 = ( GEOMETRIC_REPRESENTATION_CONTEXT(2) 
PARAMETRIC_REPRESENTATION_CONTEXT() REPRESENTATION_CONTEXT('2D SPACE',''
  ) );
#7328 = PCURVE('',#7329,#7334);
#7329 = PLANE('',#7330);
#7330 = AXIS2_PLACEMENT_3D('',#7331,#7332,#7333);
#7331 = CARTESIAN_POINT('',(0.,140.,67.3));
#7332 = DIRECTION('',(0.,-0.253359391838,0.96737222338));
#7333 = DIRECTION('',(0.,-0.96737222338,-0.253359391838));
#7334 = DEFINITIONAL_REPRESENTATION('',(#7335),#7338);
#7335 = B_SPLINE_CURVE_WITH_KNOTS('',1,(#7336,#7337),.UNSPECIFIED.,.F.,
  .F.,(2,2),(-170.5212308737,-166.9031819826),.PIECEWISE_BEZIER_KNOTS.);
#7336 = CARTESIAN_POINT('',(212.94802044262,-46.));
#7337 = CARTESIAN_POINT('',(209.3299715516,-46.));
#7338 = ( GEOMETRIC_REPRESENTATION_CONTEXT(2) 
PARAMETRIC_REPRESENTATION_CONTEXT() REPRESENTATION_CONTEXT('2D SPACE',''
  ) );
#7339 = ORIENTED_EDGE('',*,*,#7340,.T.);
#7340 = EDGE_CURVE('',#7315,#7269,#7341,.T.);
#7341 = SURFACE_CURVE('',#7342,(#7346,#7353),.PCURVE_S1.);
#7342 = LINE('',#7343,#7344);
#7343 = CARTESIAN_POINT('',(-46.,-66.,0.));
#7344 = VECTOR('',#7345,1.);
#7345 = DIRECTION('',(0.,0.,1.));
#7346 = PCURVE('',#2477,#7347);
#7347 = DEFINITIONAL_REPRESENTATION('',(#7348),#7352);
#7348 = LINE('',#7349,#7350);
#7349 = CARTESIAN_POINT('',(126.56308994765,-35.69067703806));
#7350 = VECTOR('',#7351,1.);
#7351 = DIRECTION('',(0.,1.));
#7352 = ( GEOMETRIC_REPRESENTATION_CONTEXT(2) 
PARAMETRIC_REPRESENTATION_CONTEXT() REPRESENTATION_CONTEXT('2D SPACE',''
  ) );
#7353 = PCURVE('',#7354,#7359);
#7354 = PLANE('',#7355);
#7355 = AXIS2_PLACEMENT_3D('',#7356,#7357,#7358);
#7356 = CARTESIAN_POINT('',(0.,-66.,4.612038749637));
#7357 = DIRECTION('',(0.,1.,0.));
#7358 = DIRECTION('',(0.,-0.,1.));
#7359 = DEFINITIONAL_REPRESENTATION('',(#7360),#7364);
#7360 = LINE('',#7361,#7362);
#7361 = CARTESIAN_POINT('',(-4.612038749637,-46.));
#7362 = VECTOR('',#7363,1.);
#7363 = DIRECTION('',(1.,0.));
#7364 = ( GEOMETRIC_REPRESENTATION_CONTEXT(2) 
PARAMETRIC_REPRESENTATION_CONTEXT() REPRESENTATION_CONTEXT('2D SPACE',''
  ) );
#7365 = ADVANCED_FACE('',(#7366),#2451,.T.);
#7366 = FACE_BOUND('',#7367,.T.);
#7367 = EDGE_LOOP('',(#7368,#7389,#7390,#7391));
#7368 = ORIENTED_EDGE('',*,*,#7369,.F.);
#7369 = EDGE_CURVE('',#2411,#7370,#7372,.T.);
#7370 = VERTEX_POINT('',#7371);
#7371 = CARTESIAN_POINT('',(-48.4,-62.5,14.264285714286));
#7372 = SURFACE_CURVE('',#7373,(#7377,#7383),.PCURVE_S1.);
#7373 = LINE('',#7374,#7375);
#7374 = CARTESIAN_POINT('',(-48.4,-62.5,67.845338519034));
#7375 = VECTOR('',#7376,1.);
#7376 = DIRECTION('',(-0.,0.,1.));
#7377 = PCURVE('',#2451,#7378);
#7378 = DEFINITIONAL_REPRESENTATION('',(#7379),#7382);
#7379 = B_SPLINE_CURVE_WITH_KNOTS('',1,(#7380,#7381),.UNSPECIFIED.,.F.,
  .F.,(2,2),(-66.24533851903,17.251637012685),.PIECEWISE_BEZIER_KNOTS.);
#7380 = CARTESIAN_POINT('',(6.1,-98.4));
#7381 = CARTESIAN_POINT('',(6.1,-14.90302446828));
#7382 = ( GEOMETRIC_REPRESENTATION_CONTEXT(2) 
PARAMETRIC_REPRESENTATION_CONTEXT() REPRESENTATION_CONTEXT('2D SPACE',''
  ) );
#7383 = PCURVE('',#2425,#7384);
#7384 = DEFINITIONAL_REPRESENTATION('',(#7385),#7388);
#7385 = B_SPLINE_CURVE_WITH_KNOTS('',1,(#7386,#7387),.UNSPECIFIED.,.F.,
  .F.,(2,2),(-66.24533851903,17.251637012685),.PIECEWISE_BEZIER_KNOTS.);
#7386 = CARTESIAN_POINT('',(123.06308994765,-34.09067703806));
#7387 = CARTESIAN_POINT('',(123.06308994765,49.406298493652));
#7388 = ( GEOMETRIC_REPRESENTATION_CONTEXT(2) 
PARAMETRIC_REPRESENTATION_CONTEXT() REPRESENTATION_CONTEXT('2D SPACE',''
  ) );
#7389 = ORIENTED_EDGE('',*,*,#2436,.T.);
#7390 = ORIENTED_EDGE('',*,*,#7293,.T.);
#7391 = ORIENTED_EDGE('',*,*,#7392,.F.);
#7392 = EDGE_CURVE('',#7370,#7294,#7393,.T.);
#7393 = SURFACE_CURVE('',#7394,(#7398,#7404),.PCURVE_S1.);
#7394 = LINE('',#7395,#7396);
#7395 = CARTESIAN_POINT('',(-27.25,-62.5,14.264285714286));
#7396 = VECTOR('',#7397,1.);
#7397 = DIRECTION('',(1.,0.,0.));
#7398 = PCURVE('',#2451,#7399);
#7399 = DEFINITIONAL_REPRESENTATION('',(#7400),#7403);
#7400 = B_SPLINE_CURVE_WITH_KNOTS('',1,(#7401,#7402),.UNSPECIFIED.,.F.,
  .F.,(2,2),(-21.15,-2.25),.PIECEWISE_BEZIER_KNOTS.);
#7401 = CARTESIAN_POINT('',(6.1,-85.73571428571));
#7402 = CARTESIAN_POINT('',(25.,-85.73571428571));
#7403 = ( GEOMETRIC_REPRESENTATION_CONTEXT(2) 
PARAMETRIC_REPRESENTATION_CONTEXT() REPRESENTATION_CONTEXT('2D SPACE',''
  ) );
#7404 = PCURVE('',#7329,#7405);
#7405 = DEFINITIONAL_REPRESENTATION('',(#7406),#7409);
#7406 = B_SPLINE_CURVE_WITH_KNOTS('',1,(#7407,#7408),.UNSPECIFIED.,.F.,
  .F.,(2,2),(-21.15,-2.25),.PIECEWISE_BEZIER_KNOTS.);
#7407 = CARTESIAN_POINT('',(209.3299715516,-48.4));
#7408 = CARTESIAN_POINT('',(209.3299715516,-29.5));
#7409 = ( GEOMETRIC_REPRESENTATION_CONTEXT(2) 
PARAMETRIC_REPRESENTATION_CONTEXT() REPRESENTATION_CONTEXT('2D SPACE',''
  ) );
#7410 = ADVANCED_FACE('',(#7411),#2425,.F.);
#7411 = FACE_BOUND('',#7412,.F.);
#7412 = EDGE_LOOP('',(#7413,#7414,#7415,#7438));
#7413 = ORIENTED_EDGE('',*,*,#7369,.F.);
#7414 = ORIENTED_EDGE('',*,*,#2410,.T.);
#7415 = ORIENTED_EDGE('',*,*,#7416,.T.);
#7416 = EDGE_CURVE('',#2377,#7417,#7419,.T.);
#7417 = VERTEX_POINT('',#7418);
#7418 = CARTESIAN_POINT('',(-48.4,-66.,13.347619047619));
#7419 = SURFACE_CURVE('',#7420,(#7424,#7431),.PCURVE_S1.);
#7420 = LINE('',#7421,#7422);
#7421 = CARTESIAN_POINT('',(-48.4,-66.,1.844815499855));
#7422 = VECTOR('',#7423,1.);
#7423 = DIRECTION('',(0.,0.,1.));
#7424 = PCURVE('',#2425,#7425);
#7425 = DEFINITIONAL_REPRESENTATION('',(#7426),#7430);
#7426 = LINE('',#7427,#7428);
#7427 = CARTESIAN_POINT('',(126.56308994765,-33.84586153821));
#7428 = VECTOR('',#7429,1.);
#7429 = DIRECTION('',(0.,1.));
#7430 = ( GEOMETRIC_REPRESENTATION_CONTEXT(2) 
PARAMETRIC_REPRESENTATION_CONTEXT() REPRESENTATION_CONTEXT('2D SPACE',''
  ) );
#7431 = PCURVE('',#2393,#7432);
#7432 = DEFINITIONAL_REPRESENTATION('',(#7433),#7437);
#7433 = LINE('',#7434,#7435);
#7434 = CARTESIAN_POINT('',(-1.570796326795,0.));
#7435 = VECTOR('',#7436,1.);
#7436 = DIRECTION('',(-0.,1.));
#7437 = ( GEOMETRIC_REPRESENTATION_CONTEXT(2) 
PARAMETRIC_REPRESENTATION_CONTEXT() REPRESENTATION_CONTEXT('2D SPACE',''
  ) );
#7438 = ORIENTED_EDGE('',*,*,#7439,.T.);
#7439 = EDGE_CURVE('',#7417,#7370,#7440,.T.);
#7440 = SURFACE_CURVE('',#7441,(#7445,#7451),.PCURVE_S1.);
#7441 = LINE('',#7442,#7443);
#7442 = CARTESIAN_POINT('',(-48.4,98.957502243833,56.550774397194));
#7443 = VECTOR('',#7444,1.);
#7444 = DIRECTION('',(-0.,0.96737222338,0.253359391838));
#7445 = PCURVE('',#2425,#7446);
#7446 = DEFINITIONAL_REPRESENTATION('',(#7447),#7450);
#7447 = B_SPLINE_CURVE_WITH_KNOTS('',1,(#7448,#7449),.UNSPECIFIED.,.F.,
  .F.,(2,2),(-170.5212308737,42.426789568915),.PIECEWISE_BEZIER_KNOTS.);
#7448 = CARTESIAN_POINT('',(126.56308994765,-22.34305799044));
#7449 = CARTESIAN_POINT('',(-79.43691005234,31.609322961933));
#7450 = ( GEOMETRIC_REPRESENTATION_CONTEXT(2) 
PARAMETRIC_REPRESENTATION_CONTEXT() REPRESENTATION_CONTEXT('2D SPACE',''
  ) );
#7451 = PCURVE('',#7329,#7452);
#7452 = DEFINITIONAL_REPRESENTATION('',(#7453),#7456);
#7453 = B_SPLINE_CURVE_WITH_KNOTS('',1,(#7454,#7455),.UNSPECIFIED.,.F.,
  .F.,(2,2),(-170.5212308737,42.426789568915),.PIECEWISE_BEZIER_KNOTS.);
#7454 = CARTESIAN_POINT('',(212.94802044262,-48.4));
#7455 = CARTESIAN_POINT('',(0.,-48.4));
#7456 = ( GEOMETRIC_REPRESENTATION_CONTEXT(2) 
PARAMETRIC_REPRESENTATION_CONTEXT() REPRESENTATION_CONTEXT('2D SPACE',''
  ) );
#7457 = ADVANCED_FACE('',(#7458),#2393,.F.);
#7458 = FACE_BOUND('',#7459,.T.);
#7459 = EDGE_LOOP('',(#7460,#7483,#7484,#7485));
#7460 = ORIENTED_EDGE('',*,*,#7461,.F.);
#7461 = EDGE_CURVE('',#2351,#7462,#7464,.T.);
#7462 = VERTEX_POINT('',#7463);
#7463 = CARTESIAN_POINT('',(-46.,-68.4,12.719047619048));
#7464 = SURFACE_CURVE('',#7465,(#7469,#7476),.PCURVE_S1.);
#7465 = LINE('',#7466,#7467);
#7466 = CARTESIAN_POINT('',(-46.,-68.4,1.844815499855));
#7467 = VECTOR('',#7468,1.);
#7468 = DIRECTION('',(0.,0.,1.));
#7469 = PCURVE('',#2393,#7470);
#7470 = DEFINITIONAL_REPRESENTATION('',(#7471),#7475);
#7471 = LINE('',#7472,#7473);
#7472 = CARTESIAN_POINT('',(-0.,0.));
#7473 = VECTOR('',#7474,1.);
#7474 = DIRECTION('',(-0.,1.));
#7475 = ( GEOMETRIC_REPRESENTATION_CONTEXT(2) 
PARAMETRIC_REPRESENTATION_CONTEXT() REPRESENTATION_CONTEXT('2D SPACE',''
  ) );
#7476 = PCURVE('',#2365,#7477);
#7477 = DEFINITIONAL_REPRESENTATION('',(#7478),#7482);
#7478 = LINE('',#7479,#7480);
#7479 = CARTESIAN_POINT('',(1.110223024625E-15,-46.));
#7480 = VECTOR('',#7481,1.);
#7481 = DIRECTION('',(1.,0.));
#7482 = ( GEOMETRIC_REPRESENTATION_CONTEXT(2) 
PARAMETRIC_REPRESENTATION_CONTEXT() REPRESENTATION_CONTEXT('2D SPACE',''
  ) );
#7483 = ORIENTED_EDGE('',*,*,#2376,.F.);
#7484 = ORIENTED_EDGE('',*,*,#7416,.T.);
#7485 = ORIENTED_EDGE('',*,*,#7486,.T.);
#7486 = EDGE_CURVE('',#7417,#7462,#7487,.T.);
#7487 = SURFACE_CURVE('',#7488,(#7493,#7505),.PCURVE_S1.);
#7488 = ELLIPSE('',#7489,2.480947810982,2.4);
#7489 = AXIS2_PLACEMENT_3D('',#7490,#7491,#7492);
#7490 = CARTESIAN_POINT('',(-46.,-66.,13.347619047619));
#7491 = DIRECTION('',(0.,-0.253359391838,0.96737222338));
#7492 = DIRECTION('',(0.,0.96737222338,0.253359391838));
#7493 = PCURVE('',#2393,#7494);
#7494 = DEFINITIONAL_REPRESENTATION('',(#7495),#7504);
#7495 = B_SPLINE_CURVE_WITH_KNOTS('',7,(#7496,#7497,#7498,#7499,#7500,
    #7501,#7502,#7503),.UNSPECIFIED.,.F.,.F.,(8,8),(1.570796326795,
    3.14159265359),.PIECEWISE_BEZIER_KNOTS.);
#7496 = CARTESIAN_POINT('',(-1.570796326795,11.502803547764));
#7497 = CARTESIAN_POINT('',(-1.346396851538,11.361752449031));
#7498 = CARTESIAN_POINT('',(-1.121997376282,11.220701923051));
#7499 = CARTESIAN_POINT('',(-0.897597901026,11.091248400126));
#7500 = CARTESIAN_POINT('',(-0.673198425769,10.985009973435));
#7501 = CARTESIAN_POINT('',(-0.448798950513,10.91115985626));
#7502 = CARTESIAN_POINT('',(-0.224399475256,10.874232119193));
#7503 = CARTESIAN_POINT('',(2.6645352591E-15,10.874232119193));
#7504 = ( GEOMETRIC_REPRESENTATION_CONTEXT(2) 
PARAMETRIC_REPRESENTATION_CONTEXT() REPRESENTATION_CONTEXT('2D SPACE',''
  ) );
#7505 = PCURVE('',#7329,#7506);
#7506 = DEFINITIONAL_REPRESENTATION('',(#7507),#7511);
#7507 = ELLIPSE('',#7508,2.480947810982,2.4);
#7508 = AXIS2_PLACEMENT_2D('',#7509,#7510);
#7509 = CARTESIAN_POINT('',(212.94802044262,-46.));
#7510 = DIRECTION('',(-1.,0.));
#7511 = ( GEOMETRIC_REPRESENTATION_CONTEXT(2) 
PARAMETRIC_REPRESENTATION_CONTEXT() REPRESENTATION_CONTEXT('2D SPACE',''
  ) );
#7512 = ADVANCED_FACE('',(#7513),#2365,.T.);
#7513 = FACE_BOUND('',#7514,.T.);
#7514 = EDGE_LOOP('',(#7515,#7516,#7517,#7538));
#7515 = ORIENTED_EDGE('',*,*,#2350,.T.);
#7516 = ORIENTED_EDGE('',*,*,#7461,.T.);
#7517 = ORIENTED_EDGE('',*,*,#7518,.T.);
#7518 = EDGE_CURVE('',#7462,#7519,#7521,.T.);
#7519 = VERTEX_POINT('',#7520);
#7520 = CARTESIAN_POINT('',(46.,-68.4,12.719047619048));
#7521 = SURFACE_CURVE('',#7522,(#7526,#7532),.PCURVE_S1.);
#7522 = LINE('',#7523,#7524);
#7523 = CARTESIAN_POINT('',(0.,-68.4,12.719047619048));
#7524 = VECTOR('',#7525,1.);
#7525 = DIRECTION('',(1.,0.,-0.));
#7526 = PCURVE('',#2365,#7527);
#7527 = DEFINITIONAL_REPRESENTATION('',(#7528),#7531);
#7528 = B_SPLINE_CURVE_WITH_KNOTS('',1,(#7529,#7530),.UNSPECIFIED.,.F.,
  .F.,(2,2),(-46.,46.),.PIECEWISE_BEZIER_KNOTS.);
#7529 = CARTESIAN_POINT('',(10.874232119193,-46.));
#7530 = CARTESIAN_POINT('',(10.874232119193,46.));
#7531 = ( GEOMETRIC_REPRESENTATION_CONTEXT(2) 
PARAMETRIC_REPRESENTATION_CONTEXT() REPRESENTATION_CONTEXT('2D SPACE',''
  ) );
#7532 = PCURVE('',#7329,#7533);
#7533 = DEFINITIONAL_REPRESENTATION('',(#7534),#7537);
#7534 = B_SPLINE_CURVE_WITH_KNOTS('',1,(#7535,#7536),.UNSPECIFIED.,.F.,
  .F.,(2,2),(-46.,46.),.PIECEWISE_BEZIER_KNOTS.);
#7535 = CARTESIAN_POINT('',(215.4289682536,-46.));
#7536 = CARTESIAN_POINT('',(215.4289682536,46.));
#7537 = ( GEOMETRIC_REPRESENTATION_CONTEXT(2) 
PARAMETRIC_REPRESENTATION_CONTEXT() REPRESENTATION_CONTEXT('2D SPACE',''
  ) );
#7538 = ORIENTED_EDGE('',*,*,#7539,.F.);
#7539 = EDGE_CURVE('',#2317,#7519,#7540,.T.);
#7540 = SURFACE_CURVE('',#7541,(#7545,#7552),.PCURVE_S1.);
#7541 = LINE('',#7542,#7543);
#7542 = CARTESIAN_POINT('',(46.,-68.4,1.844815499855));
#7543 = VECTOR('',#7544,1.);
#7544 = DIRECTION('',(0.,0.,1.));
#7545 = PCURVE('',#2365,#7546);
#7546 = DEFINITIONAL_REPRESENTATION('',(#7547),#7551);
#7547 = LINE('',#7548,#7549);
#7548 = CARTESIAN_POINT('',(1.110223024625E-15,46.));
#7549 = VECTOR('',#7550,1.);
#7550 = DIRECTION('',(1.,0.));
#7551 = ( GEOMETRIC_REPRESENTATION_CONTEXT(2) 
PARAMETRIC_REPRESENTATION_CONTEXT() REPRESENTATION_CONTEXT('2D SPACE',''
  ) );
#7552 = PCURVE('',#2333,#7553);
#7553 = DEFINITIONAL_REPRESENTATION('',(#7554),#7558);
#7554 = LINE('',#7555,#7556);
#7555 = CARTESIAN_POINT('',(0.,0.));
#7556 = VECTOR('',#7557,1.);
#7557 = DIRECTION('',(0.,1.));
#7558 = ( GEOMETRIC_REPRESENTATION_CONTEXT(2) 
PARAMETRIC_REPRESENTATION_CONTEXT() REPRESENTATION_CONTEXT('2D SPACE',''
  ) );
#7559 = ADVANCED_FACE('',(#7560),#2333,.F.);
#7560 = FACE_BOUND('',#7561,.F.);
#7561 = EDGE_LOOP('',(#7562,#7563,#7564,#7587));
#7562 = ORIENTED_EDGE('',*,*,#7539,.F.);
#7563 = ORIENTED_EDGE('',*,*,#2316,.T.);
#7564 = ORIENTED_EDGE('',*,*,#7565,.T.);
#7565 = EDGE_CURVE('',#2291,#7566,#7568,.T.);
#7566 = VERTEX_POINT('',#7567);
#7567 = CARTESIAN_POINT('',(48.4,-66.,13.347619047619));
#7568 = SURFACE_CURVE('',#7569,(#7573,#7580),.PCURVE_S1.);
#7569 = LINE('',#7570,#7571);
#7570 = CARTESIAN_POINT('',(48.4,-66.,1.844815499855));
#7571 = VECTOR('',#7572,1.);
#7572 = DIRECTION('',(0.,0.,1.));
#7573 = PCURVE('',#2333,#7574);
#7574 = DEFINITIONAL_REPRESENTATION('',(#7575),#7579);
#7575 = LINE('',#7576,#7577);
#7576 = CARTESIAN_POINT('',(1.570796326795,0.));
#7577 = VECTOR('',#7578,1.);
#7578 = DIRECTION('',(0.,1.));
#7579 = ( GEOMETRIC_REPRESENTATION_CONTEXT(2) 
PARAMETRIC_REPRESENTATION_CONTEXT() REPRESENTATION_CONTEXT('2D SPACE',''
  ) );
#7580 = PCURVE('',#2305,#7581);
#7581 = DEFINITIONAL_REPRESENTATION('',(#7582),#7586);
#7582 = LINE('',#7583,#7584);
#7583 = CARTESIAN_POINT('',(126.56308994765,-33.84586153821));
#7584 = VECTOR('',#7585,1.);
#7585 = DIRECTION('',(0.,1.));
#7586 = ( GEOMETRIC_REPRESENTATION_CONTEXT(2) 
PARAMETRIC_REPRESENTATION_CONTEXT() REPRESENTATION_CONTEXT('2D SPACE',''
  ) );
#7587 = ORIENTED_EDGE('',*,*,#7588,.F.);
#7588 = EDGE_CURVE('',#7519,#7566,#7589,.T.);
#7589 = SURFACE_CURVE('',#7590,(#7595,#7607),.PCURVE_S1.);
#7590 = ELLIPSE('',#7591,2.480947810982,2.4);
#7591 = AXIS2_PLACEMENT_3D('',#7592,#7593,#7594);
#7592 = CARTESIAN_POINT('',(46.,-66.,13.347619047619));
#7593 = DIRECTION('',(0.,-0.253359391838,0.96737222338));
#7594 = DIRECTION('',(0.,0.96737222338,0.253359391838));
#7595 = PCURVE('',#2333,#7596);
#7596 = DEFINITIONAL_REPRESENTATION('',(#7597),#7606);
#7597 = B_SPLINE_CURVE_WITH_KNOTS('',7,(#7598,#7599,#7600,#7601,#7602,
    #7603,#7604,#7605),.UNSPECIFIED.,.F.,.F.,(8,8),(3.14159265359,
    4.712388980385),.PIECEWISE_BEZIER_KNOTS.);
#7598 = CARTESIAN_POINT('',(-2.6645352591E-15,10.874232119193));
#7599 = CARTESIAN_POINT('',(0.224399475256,10.874232119193));
#7600 = CARTESIAN_POINT('',(0.448798950513,10.911159856265));
#7601 = CARTESIAN_POINT('',(0.673198425769,10.985009973424));
#7602 = CARTESIAN_POINT('',(0.897597901026,11.091248400141));
#7603 = CARTESIAN_POINT('',(1.121997376282,11.220701923047));
#7604 = CARTESIAN_POINT('',(1.346396851538,11.361752449031));
#7605 = CARTESIAN_POINT('',(1.570796326795,11.502803547764));
#7606 = ( GEOMETRIC_REPRESENTATION_CONTEXT(2) 
PARAMETRIC_REPRESENTATION_CONTEXT() REPRESENTATION_CONTEXT('2D SPACE',''
  ) );
#7607 = PCURVE('',#7329,#7608);
#7608 = DEFINITIONAL_REPRESENTATION('',(#7609),#7613);
#7609 = ELLIPSE('',#7610,2.480947810982,2.4);
#7610 = AXIS2_PLACEMENT_2D('',#7611,#7612);
#7611 = CARTESIAN_POINT('',(212.94802044262,46.));
#7612 = DIRECTION('',(-1.,0.));
#7613 = ( GEOMETRIC_REPRESENTATION_CONTEXT(2) 
PARAMETRIC_REPRESENTATION_CONTEXT() REPRESENTATION_CONTEXT('2D SPACE',''
  ) );
#7614 = ADVANCED_FACE('',(#7615),#2305,.T.);
#7615 = FACE_BOUND('',#7616,.T.);
#7616 = EDGE_LOOP('',(#7617,#7638,#7639,#7640));
#7617 = ORIENTED_EDGE('',*,*,#7618,.F.);
#7618 = EDGE_CURVE('',#2265,#7619,#7621,.T.);
#7619 = VERTEX_POINT('',#7620);
#7620 = CARTESIAN_POINT('',(48.4,-62.5,14.264285714286));
#7621 = SURFACE_CURVE('',#7622,(#7626,#7632),.PCURVE_S1.);
#7622 = LINE('',#7623,#7624);
#7623 = CARTESIAN_POINT('',(48.4,-62.5,67.845338519034));
#7624 = VECTOR('',#7625,1.);
#7625 = DIRECTION('',(-0.,0.,1.));
#7626 = PCURVE('',#2305,#7627);
#7627 = DEFINITIONAL_REPRESENTATION('',(#7628),#7631);
#7628 = B_SPLINE_CURVE_WITH_KNOTS('',1,(#7629,#7630),.UNSPECIFIED.,.F.,
  .F.,(2,2),(-66.24533851903,17.251637012685),.PIECEWISE_BEZIER_KNOTS.);
#7629 = CARTESIAN_POINT('',(123.06308994765,-34.09067703806));
#7630 = CARTESIAN_POINT('',(123.06308994765,49.406298493652));
#7631 = ( GEOMETRIC_REPRESENTATION_CONTEXT(2) 
PARAMETRIC_REPRESENTATION_CONTEXT() REPRESENTATION_CONTEXT('2D SPACE',''
  ) );
#7632 = PCURVE('',#2279,#7633);
#7633 = DEFINITIONAL_REPRESENTATION('',(#7634),#7637);
#7634 = B_SPLINE_CURVE_WITH_KNOTS('',1,(#7635,#7636),.UNSPECIFIED.,.F.,
  .F.,(2,2),(-66.24533851903,17.251637012685),.PIECEWISE_BEZIER_KNOTS.);
#7635 = CARTESIAN_POINT('',(18.9,-98.4));
#7636 = CARTESIAN_POINT('',(18.9,-14.90302446828));
#7637 = ( GEOMETRIC_REPRESENTATION_CONTEXT(2) 
PARAMETRIC_REPRESENTATION_CONTEXT() REPRESENTATION_CONTEXT('2D SPACE',''
  ) );
#7638 = ORIENTED_EDGE('',*,*,#2290,.T.);
#7639 = ORIENTED_EDGE('',*,*,#7565,.T.);
#7640 = ORIENTED_EDGE('',*,*,#7641,.T.);
#7641 = EDGE_CURVE('',#7566,#7619,#7642,.T.);
#7642 = SURFACE_CURVE('',#7643,(#7647,#7653),.PCURVE_S1.);
#7643 = LINE('',#7644,#7645);
#7644 = CARTESIAN_POINT('',(48.4,98.957502243833,56.550774397194));
#7645 = VECTOR('',#7646,1.);
#7646 = DIRECTION('',(-0.,0.96737222338,0.253359391838));
#7647 = PCURVE('',#2305,#7648);
#7648 = DEFINITIONAL_REPRESENTATION('',(#7649),#7652);
#7649 = B_SPLINE_CURVE_WITH_KNOTS('',1,(#7650,#7651),.UNSPECIFIED.,.F.,
  .F.,(2,2),(-170.5212308737,42.426789568915),.PIECEWISE_BEZIER_KNOTS.);
#7650 = CARTESIAN_POINT('',(126.56308994765,-22.34305799044));
#7651 = CARTESIAN_POINT('',(-79.43691005234,31.609322961933));
#7652 = ( GEOMETRIC_REPRESENTATION_CONTEXT(2) 
PARAMETRIC_REPRESENTATION_CONTEXT() REPRESENTATION_CONTEXT('2D SPACE',''
  ) );
#7653 = PCURVE('',#7329,#7654);
#7654 = DEFINITIONAL_REPRESENTATION('',(#7655),#7658);
#7655 = B_SPLINE_CURVE_WITH_KNOTS('',1,(#7656,#7657),.UNSPECIFIED.,.F.,
  .F.,(2,2),(-170.5212308737,42.426789568915),.PIECEWISE_BEZIER_KNOTS.);
#7656 = CARTESIAN_POINT('',(212.94802044262,48.4));
#7657 = CARTESIAN_POINT('',(0.,48.4));
#7658 = ( GEOMETRIC_REPRESENTATION_CONTEXT(2) 
PARAMETRIC_REPRESENTATION_CONTEXT() REPRESENTATION_CONTEXT('2D SPACE',''
  ) );
#7659 = ADVANCED_FACE('',(#7660),#2279,.T.);
#7660 = FACE_BOUND('',#7661,.T.);
#7661 = EDGE_LOOP('',(#7662,#7683,#7702,#7703));
#7662 = ORIENTED_EDGE('',*,*,#7663,.F.);
#7663 = EDGE_CURVE('',#7664,#7619,#7666,.T.);
#7664 = VERTEX_POINT('',#7665);
#7665 = CARTESIAN_POINT('',(46.,-62.5,14.264285714286));
#7666 = SURFACE_CURVE('',#7667,(#7671,#7677),.PCURVE_S1.);
#7667 = LINE('',#7668,#7669);
#7668 = CARTESIAN_POINT('',(14.75,-62.5,14.264285714286));
#7669 = VECTOR('',#7670,1.);
#7670 = DIRECTION('',(1.,0.,0.));
#7671 = PCURVE('',#2279,#7672);
#7672 = DEFINITIONAL_REPRESENTATION('',(#7673),#7676);
#7673 = B_SPLINE_CURVE_WITH_KNOTS('',1,(#7674,#7675),.UNSPECIFIED.,.F.,
  .F.,(2,2),(14.75,33.65),.PIECEWISE_BEZIER_KNOTS.);
#7674 = CARTESIAN_POINT('',(0.,-85.73571428571));
#7675 = CARTESIAN_POINT('',(18.9,-85.73571428571));
#7676 = ( GEOMETRIC_REPRESENTATION_CONTEXT(2) 
PARAMETRIC_REPRESENTATION_CONTEXT() REPRESENTATION_CONTEXT('2D SPACE',''
  ) );
#7677 = PCURVE('',#7329,#7678);
#7678 = DEFINITIONAL_REPRESENTATION('',(#7679),#7682);
#7679 = B_SPLINE_CURVE_WITH_KNOTS('',1,(#7680,#7681),.UNSPECIFIED.,.F.,
  .F.,(2,2),(14.75,33.65),.PIECEWISE_BEZIER_KNOTS.);
#7680 = CARTESIAN_POINT('',(209.3299715516,29.5));
#7681 = CARTESIAN_POINT('',(209.3299715516,48.4));
#7682 = ( GEOMETRIC_REPRESENTATION_CONTEXT(2) 
PARAMETRIC_REPRESENTATION_CONTEXT() REPRESENTATION_CONTEXT('2D SPACE',''
  ) );
#7683 = ORIENTED_EDGE('',*,*,#7684,.F.);
#7684 = EDGE_CURVE('',#2239,#7664,#7685,.T.);
#7685 = SURFACE_CURVE('',#7686,(#7690,#7696),.PCURVE_S1.);
#7686 = LINE('',#7687,#7688);
#7687 = CARTESIAN_POINT('',(46.,-62.5,67.845338519034));
#7688 = VECTOR('',#7689,1.);
#7689 = DIRECTION('',(-0.,0.,1.));
#7690 = PCURVE('',#2279,#7691);
#7691 = DEFINITIONAL_REPRESENTATION('',(#7692),#7695);
#7692 = B_SPLINE_CURVE_WITH_KNOTS('',1,(#7693,#7694),.UNSPECIFIED.,.F.,
  .F.,(2,2),(-56.79771947141,-53.58105280474),.PIECEWISE_BEZIER_KNOTS.);
#7693 = CARTESIAN_POINT('',(16.5,-88.95238095238));
#7694 = CARTESIAN_POINT('',(16.5,-85.73571428571));
#7695 = ( GEOMETRIC_REPRESENTATION_CONTEXT(2) 
PARAMETRIC_REPRESENTATION_CONTEXT() REPRESENTATION_CONTEXT('2D SPACE',''
  ) );
#7696 = PCURVE('',#2253,#7697);
#7697 = DEFINITIONAL_REPRESENTATION('',(#7698),#7701);
#7698 = B_SPLINE_CURVE_WITH_KNOTS('',1,(#7699,#7700),.UNSPECIFIED.,.F.,
  .F.,(2,2),(-56.79771947141,-53.58105280474),.PIECEWISE_BEZIER_KNOTS.);
#7699 = CARTESIAN_POINT('',(123.06308994765,-24.64305799044));
#7700 = CARTESIAN_POINT('',(123.06308994765,-21.42639132378));
#7701 = ( GEOMETRIC_REPRESENTATION_CONTEXT(2) 
PARAMETRIC_REPRESENTATION_CONTEXT() REPRESENTATION_CONTEXT('2D SPACE',''
  ) );
#7702 = ORIENTED_EDGE('',*,*,#2264,.T.);
#7703 = ORIENTED_EDGE('',*,*,#7618,.T.);
#7704 = ADVANCED_FACE('',(#7705),#2253,.T.);
#7705 = FACE_BOUND('',#7706,.T.);
#7706 = EDGE_LOOP('',(#7707,#7732,#7751,#7752,#7753,#7774));
#7707 = ORIENTED_EDGE('',*,*,#7708,.T.);
#7708 = EDGE_CURVE('',#7709,#7711,#7713,.T.);
#7709 = VERTEX_POINT('',#7710);
#7710 = CARTESIAN_POINT('',(46.,-66.,30.912706029316));
#7711 = VERTEX_POINT('',#7712);
#7712 = CARTESIAN_POINT('',(46.,-59.70565166626,32.561225831009));
#7713 = SURFACE_CURVE('',#7714,(#7718,#7725),.PCURVE_S1.);
#7714 = LINE('',#7715,#7716);
#7715 = CARTESIAN_POINT('',(46.,-68.98656243264,30.130511106479));
#7716 = VECTOR('',#7717,1.);
#7717 = DIRECTION('',(0.,0.96737222338,0.253359391838));
#7718 = PCURVE('',#2253,#7719);
#7719 = DEFINITIONAL_REPRESENTATION('',(#7720),#7724);
#7720 = LINE('',#7721,#7722);
#7721 = CARTESIAN_POINT('',(129.5496523803,-5.560165931588));
#7722 = VECTOR('',#7723,1.);
#7723 = DIRECTION('',(-0.96737222338,0.253359391838));
#7724 = ( GEOMETRIC_REPRESENTATION_CONTEXT(2) 
PARAMETRIC_REPRESENTATION_CONTEXT() REPRESENTATION_CONTEXT('2D SPACE',''
  ) );
#7725 = PCURVE('',#6731,#7726);
#7726 = DEFINITIONAL_REPRESENTATION('',(#7727),#7731);
#7727 = LINE('',#7728,#7729);
#7728 = CARTESIAN_POINT('',(-3.087293970684,46.));
#7729 = VECTOR('',#7730,1.);
#7730 = DIRECTION('',(1.,0.));
#7731 = ( GEOMETRIC_REPRESENTATION_CONTEXT(2) 
PARAMETRIC_REPRESENTATION_CONTEXT() REPRESENTATION_CONTEXT('2D SPACE',''
  ) );
#7732 = ORIENTED_EDGE('',*,*,#7733,.T.);
#7733 = EDGE_CURVE('',#7711,#2213,#7734,.T.);
#7734 = SURFACE_CURVE('',#7735,(#7739,#7745),.PCURVE_S1.);
#7735 = LINE('',#7736,#7737);
#7736 = CARTESIAN_POINT('',(46.,-44.29369795691,-26.28441560466));
#7737 = VECTOR('',#7738,1.);
#7738 = DIRECTION('',(0.,0.253359391838,-0.96737222338));
#7739 = PCURVE('',#2253,#7740);
#7740 = DEFINITIONAL_REPRESENTATION('',(#7741),#7744);
#7741 = B_SPLINE_CURVE_WITH_KNOTS('',1,(#7742,#7743),.UNSPECIFIED.,.F.,
  .F.,(2,2),(-64.83040221069,-31.30585608385),.PIECEWISE_BEZIER_KNOTS.);
#7742 = CARTESIAN_POINT('',(121.28217918126,0.740037686463));
#7743 = CARTESIAN_POINT('',(112.78842056293,-31.69067703806));
#7744 = ( GEOMETRIC_REPRESENTATION_CONTEXT(2) 
PARAMETRIC_REPRESENTATION_CONTEXT() REPRESENTATION_CONTEXT('2D SPACE',''
  ) );
#7745 = PCURVE('',#2227,#7746);
#7746 = DEFINITIONAL_REPRESENTATION('',(#7747),#7750);
#7747 = B_SPLINE_CURVE_WITH_KNOTS('',1,(#7748,#7749),.UNSPECIFIED.,.F.,
  .F.,(2,2),(-64.83040221069,-31.30585608385),.PIECEWISE_BEZIER_KNOTS.);
#7748 = CARTESIAN_POINT('',(98.216933361126,4.));
#7749 = CARTESIAN_POINT('',(64.692387234291,4.));
#7750 = ( GEOMETRIC_REPRESENTATION_CONTEXT(2) 
PARAMETRIC_REPRESENTATION_CONTEXT() REPRESENTATION_CONTEXT('2D SPACE',''
  ) );
#7751 = ORIENTED_EDGE('',*,*,#2238,.F.);
#7752 = ORIENTED_EDGE('',*,*,#7684,.T.);
#7753 = ORIENTED_EDGE('',*,*,#7754,.F.);
#7754 = EDGE_CURVE('',#7755,#7664,#7757,.T.);
#7755 = VERTEX_POINT('',#7756);
#7756 = CARTESIAN_POINT('',(46.,-66.,13.347619047619));
#7757 = SURFACE_CURVE('',#7758,(#7762,#7768),.PCURVE_S1.);
#7758 = LINE('',#7759,#7760);
#7759 = CARTESIAN_POINT('',(46.,98.957502243833,56.550774397194));
#7760 = VECTOR('',#7761,1.);
#7761 = DIRECTION('',(-0.,0.96737222338,0.253359391838));
#7762 = PCURVE('',#2253,#7763);
#7763 = DEFINITIONAL_REPRESENTATION('',(#7764),#7767);
#7764 = B_SPLINE_CURVE_WITH_KNOTS('',1,(#7765,#7766),.UNSPECIFIED.,.F.,
  .F.,(2,2),(-170.5212308737,-166.9031819826),.PIECEWISE_BEZIER_KNOTS.);
#7765 = CARTESIAN_POINT('',(126.56308994765,-22.34305799044));
#7766 = CARTESIAN_POINT('',(123.06308994765,-21.42639132378));
#7767 = ( GEOMETRIC_REPRESENTATION_CONTEXT(2) 
PARAMETRIC_REPRESENTATION_CONTEXT() REPRESENTATION_CONTEXT('2D SPACE',''
  ) );
#7768 = PCURVE('',#7329,#7769);
#7769 = DEFINITIONAL_REPRESENTATION('',(#7770),#7773);
#7770 = B_SPLINE_CURVE_WITH_KNOTS('',1,(#7771,#7772),.UNSPECIFIED.,.F.,
  .F.,(2,2),(-170.5212308737,-166.9031819826),.PIECEWISE_BEZIER_KNOTS.);
#7771 = CARTESIAN_POINT('',(212.94802044262,46.));
#7772 = CARTESIAN_POINT('',(209.3299715516,46.));
#7773 = ( GEOMETRIC_REPRESENTATION_CONTEXT(2) 
PARAMETRIC_REPRESENTATION_CONTEXT() REPRESENTATION_CONTEXT('2D SPACE',''
  ) );
#7774 = ORIENTED_EDGE('',*,*,#7775,.T.);
#7775 = EDGE_CURVE('',#7755,#7709,#7776,.T.);
#7776 = SURFACE_CURVE('',#7777,(#7781,#7788),.PCURVE_S1.);
#7777 = LINE('',#7778,#7779);
#7778 = CARTESIAN_POINT('',(46.,-66.,0.));
#7779 = VECTOR('',#7780,1.);
#7780 = DIRECTION('',(0.,0.,1.));
#7781 = PCURVE('',#2253,#7782);
#7782 = DEFINITIONAL_REPRESENTATION('',(#7783),#7787);
#7783 = LINE('',#7784,#7785);
#7784 = CARTESIAN_POINT('',(126.56308994765,-35.69067703806));
#7785 = VECTOR('',#7786,1.);
#7786 = DIRECTION('',(0.,1.));
#7787 = ( GEOMETRIC_REPRESENTATION_CONTEXT(2) 
PARAMETRIC_REPRESENTATION_CONTEXT() REPRESENTATION_CONTEXT('2D SPACE',''
  ) );
#7788 = PCURVE('',#7354,#7789);
#7789 = DEFINITIONAL_REPRESENTATION('',(#7790),#7794);
#7790 = LINE('',#7791,#7792);
#7791 = CARTESIAN_POINT('',(-4.612038749637,46.));
#7792 = VECTOR('',#7793,1.);
#7793 = DIRECTION('',(1.,0.));
#7794 = ( GEOMETRIC_REPRESENTATION_CONTEXT(2) 
PARAMETRIC_REPRESENTATION_CONTEXT() REPRESENTATION_CONTEXT('2D SPACE',''
  ) );
#7795 = ADVANCED_FACE('',(#7796),#2227,.F.);
#7796 = FACE_BOUND('',#7797,.F.);
#7797 = EDGE_LOOP('',(#7798,#7799,#7800,#7823));
#7798 = ORIENTED_EDGE('',*,*,#7733,.T.);
#7799 = ORIENTED_EDGE('',*,*,#2212,.F.);
#7800 = ORIENTED_EDGE('',*,*,#7801,.T.);
#7801 = EDGE_CURVE('',#2184,#7802,#7804,.T.);
#7802 = VERTEX_POINT('',#7803);
#7803 = CARTESIAN_POINT('',(42.,-59.70565166626,32.561225831009));
#7804 = SURFACE_CURVE('',#7805,(#7809,#7816),.PCURVE_S1.);
#7805 = LINE('',#7806,#7807);
#7806 = CARTESIAN_POINT('',(42.,-35.83490672907,-58.58161847461));
#7807 = VECTOR('',#7808,1.);
#7808 = DIRECTION('',(0.,-0.253359391838,0.96737222338));
#7809 = PCURVE('',#2227,#7810);
#7810 = DEFINITIONAL_REPRESENTATION('',(#7811),#7815);
#7811 = LINE('',#7812,#7813);
#7812 = CARTESIAN_POINT('',(0.,0.));
#7813 = VECTOR('',#7814,1.);
#7814 = DIRECTION('',(1.,0.));
#7815 = ( GEOMETRIC_REPRESENTATION_CONTEXT(2) 
PARAMETRIC_REPRESENTATION_CONTEXT() REPRESENTATION_CONTEXT('2D SPACE',''
  ) );
#7816 = PCURVE('',#2200,#7817);
#7817 = DEFINITIONAL_REPRESENTATION('',(#7818),#7822);
#7818 = LINE('',#7819,#7820);
#7819 = CARTESIAN_POINT('',(4.712388980385,0.));
#7820 = VECTOR('',#7821,1.);
#7821 = DIRECTION('',(0.,1.));
#7822 = ( GEOMETRIC_REPRESENTATION_CONTEXT(2) 
PARAMETRIC_REPRESENTATION_CONTEXT() REPRESENTATION_CONTEXT('2D SPACE',''
  ) );
#7823 = ORIENTED_EDGE('',*,*,#7824,.T.);
#7824 = EDGE_CURVE('',#7802,#7711,#7825,.T.);
#7825 = SURFACE_CURVE('',#7826,(#7830,#7836),.PCURVE_S1.);
#7826 = LINE('',#7827,#7828);
#7827 = CARTESIAN_POINT('',(21.,-59.70565166626,32.561225831009));
#7828 = VECTOR('',#7829,1.);
#7829 = DIRECTION('',(1.,-0.,0.));
#7830 = PCURVE('',#2227,#7831);
#7831 = DEFINITIONAL_REPRESENTATION('',(#7832),#7835);
#7832 = B_SPLINE_CURVE_WITH_KNOTS('',1,(#7833,#7834),.UNSPECIFIED.,.F.,
  .F.,(2,2),(21.,25.),.PIECEWISE_BEZIER_KNOTS.);
#7833 = CARTESIAN_POINT('',(94.216933361126,0.));
#7834 = CARTESIAN_POINT('',(94.216933361126,4.));
#7835 = ( GEOMETRIC_REPRESENTATION_CONTEXT(2) 
PARAMETRIC_REPRESENTATION_CONTEXT() REPRESENTATION_CONTEXT('2D SPACE',''
  ) );
#7836 = PCURVE('',#6731,#7837);
#7837 = DEFINITIONAL_REPRESENTATION('',(#7838),#7841);
#7838 = B_SPLINE_CURVE_WITH_KNOTS('',1,(#7839,#7840),.UNSPECIFIED.,.F.,
  .F.,(2,2),(21.,25.),.PIECEWISE_BEZIER_KNOTS.);
#7839 = CARTESIAN_POINT('',(6.506645716728,42.));
#7840 = CARTESIAN_POINT('',(6.506645716728,46.));
#7841 = ( GEOMETRIC_REPRESENTATION_CONTEXT(2) 
PARAMETRIC_REPRESENTATION_CONTEXT() REPRESENTATION_CONTEXT('2D SPACE',''
  ) );
#7842 = ADVANCED_FACE('',(#7843),#2200,.T.);
#7843 = FACE_BOUND('',#7844,.T.);
#7844 = EDGE_LOOP('',(#7845,#7873,#7894,#7895));
#7845 = ORIENTED_EDGE('',*,*,#7846,.F.);
#7846 = EDGE_CURVE('',#7847,#7802,#7849,.T.);
#7847 = VERTEX_POINT('',#7848);
#7848 = CARTESIAN_POINT('',(42.,-50.03192943245,35.094819749386));
#7849 = SURFACE_CURVE('',#7850,(#7855,#7862),.PCURVE_S1.);
#7850 = CIRCLE('',#7851,5.);
#7851 = AXIS2_PLACEMENT_3D('',#7852,#7853,#7854);
#7852 = CARTESIAN_POINT('',(42.,-54.86879054936,33.828022790198));
#7853 = DIRECTION('',(0.,-0.253359391838,0.96737222338));
#7854 = DIRECTION('',(1.,0.,0.));
#7855 = PCURVE('',#2200,#7856);
#7856 = DEFINITIONAL_REPRESENTATION('',(#7857),#7861);
#7857 = LINE('',#7858,#7859);
#7858 = CARTESIAN_POINT('',(0.,94.216933361126));
#7859 = VECTOR('',#7860,1.);
#7860 = DIRECTION('',(1.,0.));
#7861 = ( GEOMETRIC_REPRESENTATION_CONTEXT(2) 
PARAMETRIC_REPRESENTATION_CONTEXT() REPRESENTATION_CONTEXT('2D SPACE',''
  ) );
#7862 = PCURVE('',#6731,#7863);
#7863 = DEFINITIONAL_REPRESENTATION('',(#7864),#7872);
#7864 = ( BOUNDED_CURVE() B_SPLINE_CURVE(2,(#7865,#7866,#7867,#7868,
#7869,#7870,#7871),.UNSPECIFIED.,.T.,.F.) B_SPLINE_CURVE_WITH_KNOTS((1,2
    ,2,2,2,1),(-2.094395102393,0.,2.094395102393,4.188790204786,
6.28318530718,8.377580409573),.UNSPECIFIED.) CURVE() 
GEOMETRIC_REPRESENTATION_ITEM() RATIONAL_B_SPLINE_CURVE((1.,0.5,1.,0.5,
1.,0.5,1.)) REPRESENTATION_ITEM('') );
#7865 = CARTESIAN_POINT('',(11.506645716728,47.));
#7866 = CARTESIAN_POINT('',(20.166899754572,47.));
#7867 = CARTESIAN_POINT('',(15.83677273565,39.5));
#7868 = CARTESIAN_POINT('',(11.506645716728,32.));
#7869 = CARTESIAN_POINT('',(7.176518697806,39.5));
#7870 = CARTESIAN_POINT('',(2.846391678884,47.));
#7871 = CARTESIAN_POINT('',(11.506645716728,47.));
#7872 = ( GEOMETRIC_REPRESENTATION_CONTEXT(2) 
PARAMETRIC_REPRESENTATION_CONTEXT() REPRESENTATION_CONTEXT('2D SPACE',''
  ) );
#7873 = ORIENTED_EDGE('',*,*,#7874,.F.);
#7874 = EDGE_CURVE('',#2158,#7847,#7875,.T.);
#7875 = SURFACE_CURVE('',#7876,(#7880,#7887),.PCURVE_S1.);
#7876 = LINE('',#7877,#7878);
#7877 = CARTESIAN_POINT('',(42.,-26.16118449527,-56.04802455623));
#7878 = VECTOR('',#7879,1.);
#7879 = DIRECTION('',(0.,-0.253359391838,0.96737222338));
#7880 = PCURVE('',#2200,#7881);
#7881 = DEFINITIONAL_REPRESENTATION('',(#7882),#7886);
#7882 = LINE('',#7883,#7884);
#7883 = CARTESIAN_POINT('',(1.570796326795,0.));
#7884 = VECTOR('',#7885,1.);
#7885 = DIRECTION('',(0.,1.));
#7886 = ( GEOMETRIC_REPRESENTATION_CONTEXT(2) 
PARAMETRIC_REPRESENTATION_CONTEXT() REPRESENTATION_CONTEXT('2D SPACE',''
  ) );
#7887 = PCURVE('',#2172,#7888);
#7888 = DEFINITIONAL_REPRESENTATION('',(#7889),#7893);
#7889 = LINE('',#7890,#7891);
#7890 = CARTESIAN_POINT('',(0.,0.));
#7891 = VECTOR('',#7892,1.);
#7892 = DIRECTION('',(1.,0.));
#7893 = ( GEOMETRIC_REPRESENTATION_CONTEXT(2) 
PARAMETRIC_REPRESENTATION_CONTEXT() REPRESENTATION_CONTEXT('2D SPACE',''
  ) );
#7894 = ORIENTED_EDGE('',*,*,#2183,.T.);
#7895 = ORIENTED_EDGE('',*,*,#7801,.T.);
#7896 = ADVANCED_FACE('',(#7897),#2172,.T.);
#7897 = FACE_BOUND('',#7898,.T.);
#7898 = EDGE_LOOP('',(#7899,#7920,#7921,#7922));
#7899 = ORIENTED_EDGE('',*,*,#7900,.T.);
#7900 = EDGE_CURVE('',#7901,#2137,#7903,.T.);
#7901 = VERTEX_POINT('',#7902);
#7902 = CARTESIAN_POINT('',(46.,-50.03192943245,35.094819749386));
#7903 = SURFACE_CURVE('',#7904,(#7908,#7914),.PCURVE_S1.);
#7904 = LINE('',#7905,#7906);
#7905 = CARTESIAN_POINT('',(46.,-34.61997572311,-23.75082168628));
#7906 = VECTOR('',#7907,1.);
#7907 = DIRECTION('',(0.,0.253359391838,-0.96737222338));
#7908 = PCURVE('',#2172,#7909);
#7909 = DEFINITIONAL_REPRESENTATION('',(#7910),#7913);
#7910 = B_SPLINE_CURVE_WITH_KNOTS('',1,(#7911,#7912),.UNSPECIFIED.,.F.,
  .F.,(2,2),(-64.83040221069,-28.70274476216),.PIECEWISE_BEZIER_KNOTS.);
#7911 = CARTESIAN_POINT('',(98.216933361126,4.));
#7912 = CARTESIAN_POINT('',(62.089275912603,4.));
#7913 = ( GEOMETRIC_REPRESENTATION_CONTEXT(2) 
PARAMETRIC_REPRESENTATION_CONTEXT() REPRESENTATION_CONTEXT('2D SPACE',''
  ) );
#7914 = PCURVE('',#1948,#7915);
#7915 = DEFINITIONAL_REPRESENTATION('',(#7916),#7919);
#7916 = B_SPLINE_CURVE_WITH_KNOTS('',1,(#7917,#7918),.UNSPECIFIED.,.F.,
  .F.,(2,2),(-64.83040221069,-28.70274476216),.PIECEWISE_BEZIER_KNOTS.);
#7917 = CARTESIAN_POINT('',(111.60845694746,3.27363160484));
#7918 = CARTESIAN_POINT('',(102.45517562778,-31.67526070665));
#7919 = ( GEOMETRIC_REPRESENTATION_CONTEXT(2) 
PARAMETRIC_REPRESENTATION_CONTEXT() REPRESENTATION_CONTEXT('2D SPACE',''
  ) );
#7920 = ORIENTED_EDGE('',*,*,#2157,.F.);
#7921 = ORIENTED_EDGE('',*,*,#7874,.T.);
#7922 = ORIENTED_EDGE('',*,*,#7923,.T.);
#7923 = EDGE_CURVE('',#7847,#7901,#7924,.T.);
#7924 = SURFACE_CURVE('',#7925,(#7929,#7935),.PCURVE_S1.);
#7925 = LINE('',#7926,#7927);
#7926 = CARTESIAN_POINT('',(21.,-50.03192943245,35.094819749386));
#7927 = VECTOR('',#7928,1.);
#7928 = DIRECTION('',(1.,-0.,0.));
#7929 = PCURVE('',#2172,#7930);
#7930 = DEFINITIONAL_REPRESENTATION('',(#7931),#7934);
#7931 = B_SPLINE_CURVE_WITH_KNOTS('',1,(#7932,#7933),.UNSPECIFIED.,.F.,
  .F.,(2,2),(21.,25.),.PIECEWISE_BEZIER_KNOTS.);
#7932 = CARTESIAN_POINT('',(94.216933361126,0.));
#7933 = CARTESIAN_POINT('',(94.216933361126,4.));
#7934 = ( GEOMETRIC_REPRESENTATION_CONTEXT(2) 
PARAMETRIC_REPRESENTATION_CONTEXT() REPRESENTATION_CONTEXT('2D SPACE',''
  ) );
#7935 = PCURVE('',#6731,#7936);
#7936 = DEFINITIONAL_REPRESENTATION('',(#7937),#7940);
#7937 = B_SPLINE_CURVE_WITH_KNOTS('',1,(#7938,#7939),.UNSPECIFIED.,.F.,
  .F.,(2,2),(21.,25.),.PIECEWISE_BEZIER_KNOTS.);
#7938 = CARTESIAN_POINT('',(16.506645716728,42.));
#7939 = CARTESIAN_POINT('',(16.506645716728,46.));
#7940 = ( GEOMETRIC_REPRESENTATION_CONTEXT(2) 
PARAMETRIC_REPRESENTATION_CONTEXT() REPRESENTATION_CONTEXT('2D SPACE',''
  ) );
#7941 = ADVANCED_FACE('',(#7942),#1948,.T.);
#7942 = FACE_BOUND('',#7943,.T.);
#7943 = EDGE_LOOP('',(#7944,#7967,#7986,#7987,#8008,#8034,#8053,#8054,
    #8075,#8101,#8120,#8121));
#7944 = ORIENTED_EDGE('',*,*,#7945,.T.);
#7945 = EDGE_CURVE('',#7901,#7946,#7948,.T.);
#7946 = VERTEX_POINT('',#7947);
#7947 = CARTESIAN_POINT('',(46.,120.29434833373,79.704082973866));
#7948 = SURFACE_CURVE('',#7949,(#7953,#7960),.PCURVE_S1.);
#7949 = LINE('',#7950,#7951);
#7950 = CARTESIAN_POINT('',(46.,-68.98656243264,30.130511106479));
#7951 = VECTOR('',#7952,1.);
#7952 = DIRECTION('',(0.,0.96737222338,0.253359391838));
#7953 = PCURVE('',#1948,#7954);
#7954 = DEFINITIONAL_REPRESENTATION('',(#7955),#7959);
#7955 = LINE('',#7956,#7957);
#7956 = CARTESIAN_POINT('',(129.5496523803,-5.560165931588));
#7957 = VECTOR('',#7958,1.);
#7958 = DIRECTION('',(-0.96737222338,0.253359391838));
#7959 = ( GEOMETRIC_REPRESENTATION_CONTEXT(2) 
PARAMETRIC_REPRESENTATION_CONTEXT() REPRESENTATION_CONTEXT('2D SPACE',''
  ) );
#7960 = PCURVE('',#6731,#7961);
#7961 = DEFINITIONAL_REPRESENTATION('',(#7962),#7966);
#7962 = LINE('',#7963,#7964);
#7963 = CARTESIAN_POINT('',(-3.087293970684,46.));
#7964 = VECTOR('',#7965,1.);
#7965 = DIRECTION('',(1.,0.));
#7966 = ( GEOMETRIC_REPRESENTATION_CONTEXT(2) 
PARAMETRIC_REPRESENTATION_CONTEXT() REPRESENTATION_CONTEXT('2D SPACE',''
  ) );
#7967 = ORIENTED_EDGE('',*,*,#7968,.T.);
#7968 = EDGE_CURVE('',#7946,#1908,#7969,.T.);
#7969 = SURFACE_CURVE('',#7970,(#7974,#7980),.PCURVE_S1.);
#7970 = LINE('',#7971,#7972);
#7971 = CARTESIAN_POINT('',(46.,135.70630204308,20.858441538197));
#7972 = VECTOR('',#7973,1.);
#7973 = DIRECTION('',(0.,0.253359391838,-0.96737222338));
#7974 = PCURVE('',#1948,#7975);
#7975 = DEFINITIONAL_REPRESENTATION('',(#7976),#7979);
#7976 = B_SPLINE_CURVE_WITH_KNOTS('',1,(#7977,#7978),.UNSPECIFIED.,.F.,
  .F.,(2,2),(-64.83040221069,-8.497866061092),.PIECEWISE_BEZIER_KNOTS.);
#7977 = CARTESIAN_POINT('',(-58.71782081873,47.88289482932));
#7978 = CARTESIAN_POINT('',(-72.99019791826,-6.611635914364));
#7979 = ( GEOMETRIC_REPRESENTATION_CONTEXT(2) 
PARAMETRIC_REPRESENTATION_CONTEXT() REPRESENTATION_CONTEXT('2D SPACE',''
  ) );
#7980 = PCURVE('',#1922,#7981);
#7981 = DEFINITIONAL_REPRESENTATION('',(#7982),#7985);
#7982 = B_SPLINE_CURVE_WITH_KNOTS('',1,(#7983,#7984),.UNSPECIFIED.,.F.,
  .F.,(2,2),(-64.83040221069,-8.497866061092),.PIECEWISE_BEZIER_KNOTS.);
#7983 = CARTESIAN_POINT('',(98.216933361126,4.));
#7984 = CARTESIAN_POINT('',(41.884397211529,4.));
#7985 = ( GEOMETRIC_REPRESENTATION_CONTEXT(2) 
PARAMETRIC_REPRESENTATION_CONTEXT() REPRESENTATION_CONTEXT('2D SPACE',''
  ) );
#7986 = ORIENTED_EDGE('',*,*,#1933,.F.);
#7987 = ORIENTED_EDGE('',*,*,#7988,.T.);
#7988 = EDGE_CURVE('',#1934,#7989,#7991,.T.);
#7989 = VERTEX_POINT('',#7990);
#7990 = CARTESIAN_POINT('',(46.,117.5,61.407142857143));
#7991 = SURFACE_CURVE('',#7992,(#7996,#8002),.PCURVE_S1.);
#7992 = LINE('',#7993,#7994);
#7993 = CARTESIAN_POINT('',(46.,117.5,67.845338519034));
#7994 = VECTOR('',#7995,1.);
#7995 = DIRECTION('',(-0.,0.,1.));
#7996 = PCURVE('',#1948,#7997);
#7997 = DEFINITIONAL_REPRESENTATION('',(#7998),#8001);
#7998 = B_SPLINE_CURVE_WITH_KNOTS('',1,(#7999,#8000),.UNSPECIFIED.,.F.,
  .F.,(2,2),(-39.44338016203,-6.438195661891),.PIECEWISE_BEZIER_KNOTS.);
#7999 = CARTESIAN_POINT('',(-56.93691005234,-7.28871868107));
#8000 = CARTESIAN_POINT('',(-56.93691005234,25.716465819075));
#8001 = ( GEOMETRIC_REPRESENTATION_CONTEXT(2) 
PARAMETRIC_REPRESENTATION_CONTEXT() REPRESENTATION_CONTEXT('2D SPACE',''
  ) );
#8002 = PCURVE('',#1974,#8003);
#8003 = DEFINITIONAL_REPRESENTATION('',(#8004),#8007);
#8004 = B_SPLINE_CURVE_WITH_KNOTS('',1,(#8005,#8006),.UNSPECIFIED.,.F.,
  .F.,(2,2),(-39.44338016203,-6.438195661891),.PIECEWISE_BEZIER_KNOTS.);
#8005 = CARTESIAN_POINT('',(16.5,-71.598041643));
#8006 = CARTESIAN_POINT('',(16.5,-38.59285714285));
#8007 = ( GEOMETRIC_REPRESENTATION_CONTEXT(2) 
PARAMETRIC_REPRESENTATION_CONTEXT() REPRESENTATION_CONTEXT('2D SPACE',''
  ) );
#8008 = ORIENTED_EDGE('',*,*,#8009,.F.);
#8009 = EDGE_CURVE('',#8010,#7989,#8012,.T.);
#8010 = VERTEX_POINT('',#8011);
#8011 = CARTESIAN_POINT('',(46.,42.,41.633333333333));
#8012 = SURFACE_CURVE('',#8013,(#8017,#8023),.PCURVE_S1.);
#8013 = LINE('',#8014,#8015);
#8014 = CARTESIAN_POINT('',(46.,98.957502243833,56.550774397194));
#8015 = VECTOR('',#8016,1.);
#8016 = DIRECTION('',(-0.,0.96737222338,0.253359391838));
#8017 = PCURVE('',#1948,#8018);
#8018 = DEFINITIONAL_REPRESENTATION('',(#8019),#8022);
#8019 = B_SPLINE_CURVE_WITH_KNOTS('',1,(#8020,#8021),.UNSPECIFIED.,.F.,
  .F.,(2,2),(-58.87857937951,19.167903840959),.PIECEWISE_BEZIER_KNOTS.);
#8020 = CARTESIAN_POINT('',(18.563089947655,5.942656295266));
#8021 = CARTESIAN_POINT('',(-56.93691005234,25.716465819075));
#8022 = ( GEOMETRIC_REPRESENTATION_CONTEXT(2) 
PARAMETRIC_REPRESENTATION_CONTEXT() REPRESENTATION_CONTEXT('2D SPACE',''
  ) );
#8023 = PCURVE('',#8024,#8029);
#8024 = PLANE('',#8025);
#8025 = AXIS2_PLACEMENT_3D('',#8026,#8027,#8028);
#8026 = CARTESIAN_POINT('',(0.,140.,67.3));
#8027 = DIRECTION('',(0.,-0.253359391838,0.96737222338));
#8028 = DIRECTION('',(0.,-0.96737222338,-0.253359391838));
#8029 = DEFINITIONAL_REPRESENTATION('',(#8030),#8033);
#8030 = B_SPLINE_CURVE_WITH_KNOTS('',1,(#8031,#8032),.UNSPECIFIED.,.F.,
  .F.,(2,2),(-58.87857937951,19.167903840959),.PIECEWISE_BEZIER_KNOTS.);
#8031 = CARTESIAN_POINT('',(101.30536894843,46.));
#8032 = CARTESIAN_POINT('',(23.258885727956,46.));
#8033 = ( GEOMETRIC_REPRESENTATION_CONTEXT(2) 
PARAMETRIC_REPRESENTATION_CONTEXT() REPRESENTATION_CONTEXT('2D SPACE',''
  ) );
#8034 = ORIENTED_EDGE('',*,*,#8035,.F.);
#8035 = EDGE_CURVE('',#2012,#8010,#8036,.T.);
#8036 = SURFACE_CURVE('',#8037,(#8041,#8047),.PCURVE_S1.);
#8037 = LINE('',#8038,#8039);
#8038 = CARTESIAN_POINT('',(46.,42.,67.845338519034));
#8039 = VECTOR('',#8040,1.);
#8040 = DIRECTION('',(-0.,0.,1.));
#8041 = PCURVE('',#1948,#8042);
#8042 = DEFINITIONAL_REPRESENTATION('',(#8043),#8046);
#8043 = B_SPLINE_CURVE_WITH_KNOTS('',1,(#8044,#8045),.UNSPECIFIED.,.F.,
  .F.,(2,2),(-50.22909444775,-26.2120051857),.PIECEWISE_BEZIER_KNOTS.);
#8044 = CARTESIAN_POINT('',(18.563089947655,-18.07443296678));
#8045 = CARTESIAN_POINT('',(18.563089947655,5.942656295266));
#8046 = ( GEOMETRIC_REPRESENTATION_CONTEXT(2) 
PARAMETRIC_REPRESENTATION_CONTEXT() REPRESENTATION_CONTEXT('2D SPACE',''
  ) );
#8047 = PCURVE('',#2026,#8048);
#8048 = DEFINITIONAL_REPRESENTATION('',(#8049),#8052);
#8049 = B_SPLINE_CURVE_WITH_KNOTS('',1,(#8050,#8051),.UNSPECIFIED.,.F.,
  .F.,(2,2),(-50.22909444775,-26.2120051857),.PIECEWISE_BEZIER_KNOTS.);
#8050 = CARTESIAN_POINT('',(5.5,-82.38375592871));
#8051 = CARTESIAN_POINT('',(5.5,-58.36666666666));
#8052 = ( GEOMETRIC_REPRESENTATION_CONTEXT(2) 
PARAMETRIC_REPRESENTATION_CONTEXT() REPRESENTATION_CONTEXT('2D SPACE',''
  ) );
#8053 = ORIENTED_EDGE('',*,*,#2037,.F.);
#8054 = ORIENTED_EDGE('',*,*,#8055,.T.);
#8055 = EDGE_CURVE('',#2038,#8056,#8058,.T.);
#8056 = VERTEX_POINT('',#8057);
#8057 = CARTESIAN_POINT('',(46.,22.,36.395238095238));
#8058 = SURFACE_CURVE('',#8059,(#8063,#8069),.PCURVE_S1.);
#8059 = LINE('',#8060,#8061);
#8060 = CARTESIAN_POINT('',(46.,22.,67.845338519034));
#8061 = VECTOR('',#8062,1.);
#8062 = DIRECTION('',(-0.,0.,1.));
#8063 = PCURVE('',#1948,#8064);
#8064 = DEFINITIONAL_REPRESENTATION('',(#8065),#8068);
#8065 = B_SPLINE_CURVE_WITH_KNOTS('',1,(#8066,#8067),.UNSPECIFIED.,.F.,
  .F.,(2,2),(-51.34044632175,-31.45010042379),.PIECEWISE_BEZIER_KNOTS.);
#8066 = CARTESIAN_POINT('',(38.563089947655,-19.18578484078));
#8067 = CARTESIAN_POINT('',(38.563089947655,0.704561057171));
#8068 = ( GEOMETRIC_REPRESENTATION_CONTEXT(2) 
PARAMETRIC_REPRESENTATION_CONTEXT() REPRESENTATION_CONTEXT('2D SPACE',''
  ) );
#8069 = PCURVE('',#2073,#8070);
#8070 = DEFINITIONAL_REPRESENTATION('',(#8071),#8074);
#8071 = B_SPLINE_CURVE_WITH_KNOTS('',1,(#8072,#8073),.UNSPECIFIED.,.F.,
  .F.,(2,2),(-51.34044632175,-31.45010042379),.PIECEWISE_BEZIER_KNOTS.);
#8072 = CARTESIAN_POINT('',(5.5,-83.49510780271));
#8073 = CARTESIAN_POINT('',(5.5,-63.60476190476));
#8074 = ( GEOMETRIC_REPRESENTATION_CONTEXT(2) 
PARAMETRIC_REPRESENTATION_CONTEXT() REPRESENTATION_CONTEXT('2D SPACE',''
  ) );
#8075 = ORIENTED_EDGE('',*,*,#8076,.F.);
#8076 = EDGE_CURVE('',#8077,#8056,#8079,.T.);
#8077 = VERTEX_POINT('',#8078);
#8078 = CARTESIAN_POINT('',(46.,-37.5,20.811904761905));
#8079 = SURFACE_CURVE('',#8080,(#8084,#8090),.PCURVE_S1.);
#8080 = LINE('',#8081,#8082);
#8081 = CARTESIAN_POINT('',(46.,98.957502243833,56.550774397194));
#8082 = VECTOR('',#8083,1.);
#8083 = DIRECTION('',(-0.,0.96737222338,0.253359391838));
#8084 = PCURVE('',#1948,#8085);
#8085 = DEFINITIONAL_REPRESENTATION('',(#8086),#8089);
#8086 = B_SPLINE_CURVE_WITH_KNOTS('',1,(#8087,#8088),.UNSPECIFIED.,.F.,
  .F.,(2,2),(-141.0599756182,-79.55314447103),.PIECEWISE_BEZIER_KNOTS.);
#8087 = CARTESIAN_POINT('',(98.063089947655,-14.87877227616));
#8088 = CARTESIAN_POINT('',(38.563089947655,0.704561057171));
#8089 = ( GEOMETRIC_REPRESENTATION_CONTEXT(2) 
PARAMETRIC_REPRESENTATION_CONTEXT() REPRESENTATION_CONTEXT('2D SPACE',''
  ) );
#8090 = PCURVE('',#8091,#8096);
#8091 = PLANE('',#8092);
#8092 = AXIS2_PLACEMENT_3D('',#8093,#8094,#8095);
#8093 = CARTESIAN_POINT('',(0.,140.,67.3));
#8094 = DIRECTION('',(0.,-0.253359391838,0.96737222338));
#8095 = DIRECTION('',(0.,-0.96737222338,-0.253359391838));
#8096 = DEFINITIONAL_REPRESENTATION('',(#8097),#8100);
#8097 = B_SPLINE_CURVE_WITH_KNOTS('',1,(#8098,#8099),.UNSPECIFIED.,.F.,
  .F.,(2,2),(-141.0599756182,-79.55314447103),.PIECEWISE_BEZIER_KNOTS.);
#8098 = CARTESIAN_POINT('',(183.48676518721,46.));
#8099 = CARTESIAN_POINT('',(121.97993403994,46.));
#8100 = ( GEOMETRIC_REPRESENTATION_CONTEXT(2) 
PARAMETRIC_REPRESENTATION_CONTEXT() REPRESENTATION_CONTEXT('2D SPACE',''
  ) );
#8101 = ORIENTED_EDGE('',*,*,#8102,.F.);
#8102 = EDGE_CURVE('',#2111,#8077,#8103,.T.);
#8103 = SURFACE_CURVE('',#8104,(#8108,#8114),.PCURVE_S1.);
#8104 = LINE('',#8105,#8106);
#8105 = CARTESIAN_POINT('',(46.,-37.5,67.845338519034));
#8106 = VECTOR('',#8107,1.);
#8107 = DIRECTION('',(-0.,0.,1.));
#8108 = PCURVE('',#1948,#8109);
#8109 = DEFINITIONAL_REPRESENTATION('',(#8110),#8113);
#8110 = B_SPLINE_CURVE_WITH_KNOTS('',1,(#8111,#8112),.UNSPECIFIED.,.F.,
  .F.,(2,2),(-51.34044632175,-47.03343375712),.PIECEWISE_BEZIER_KNOTS.);
#8111 = CARTESIAN_POINT('',(98.063089947655,-19.18578484078));
#8112 = CARTESIAN_POINT('',(98.063089947655,-14.87877227616));
#8113 = ( GEOMETRIC_REPRESENTATION_CONTEXT(2) 
PARAMETRIC_REPRESENTATION_CONTEXT() REPRESENTATION_CONTEXT('2D SPACE',''
  ) );
#8114 = PCURVE('',#2125,#8115);
#8115 = DEFINITIONAL_REPRESENTATION('',(#8116),#8119);
#8116 = B_SPLINE_CURVE_WITH_KNOTS('',1,(#8117,#8118),.UNSPECIFIED.,.F.,
  .F.,(2,2),(-51.34044632175,-47.03343375712),.PIECEWISE_BEZIER_KNOTS.);
#8117 = CARTESIAN_POINT('',(16.5,-83.49510780271));
#8118 = CARTESIAN_POINT('',(16.5,-79.18809523809));
#8119 = ( GEOMETRIC_REPRESENTATION_CONTEXT(2) 
PARAMETRIC_REPRESENTATION_CONTEXT() REPRESENTATION_CONTEXT('2D SPACE',''
  ) );
#8120 = ORIENTED_EDGE('',*,*,#2136,.F.);
#8121 = ORIENTED_EDGE('',*,*,#7900,.F.);
#8122 = ADVANCED_FACE('',(#8123),#2125,.F.);
#8123 = FACE_BOUND('',#8124,.F.);
#8124 = EDGE_LOOP('',(#8125,#8146,#8147,#8148));
#8125 = ORIENTED_EDGE('',*,*,#8126,.F.);
#8126 = EDGE_CURVE('',#8077,#8127,#8129,.T.);
#8127 = VERTEX_POINT('',#8128);
#8128 = CARTESIAN_POINT('',(48.4,-37.5,20.811904761905));
#8129 = SURFACE_CURVE('',#8130,(#8134,#8140),.PCURVE_S1.);
#8130 = LINE('',#8131,#8132);
#8131 = CARTESIAN_POINT('',(14.75,-37.5,20.811904761905));
#8132 = VECTOR('',#8133,1.);
#8133 = DIRECTION('',(1.,0.,0.));
#8134 = PCURVE('',#2125,#8135);
#8135 = DEFINITIONAL_REPRESENTATION('',(#8136),#8139);
#8136 = B_SPLINE_CURVE_WITH_KNOTS('',1,(#8137,#8138),.UNSPECIFIED.,.F.,
  .F.,(2,2),(14.75,33.65),.PIECEWISE_BEZIER_KNOTS.);
#8137 = CARTESIAN_POINT('',(0.,-79.18809523809));
#8138 = CARTESIAN_POINT('',(18.9,-79.18809523809));
#8139 = ( GEOMETRIC_REPRESENTATION_CONTEXT(2) 
PARAMETRIC_REPRESENTATION_CONTEXT() REPRESENTATION_CONTEXT('2D SPACE',''
  ) );
#8140 = PCURVE('',#8091,#8141);
#8141 = DEFINITIONAL_REPRESENTATION('',(#8142),#8145);
#8142 = B_SPLINE_CURVE_WITH_KNOTS('',1,(#8143,#8144),.UNSPECIFIED.,.F.,
  .F.,(2,2),(14.75,33.65),.PIECEWISE_BEZIER_KNOTS.);
#8143 = CARTESIAN_POINT('',(183.48676518721,29.5));
#8144 = CARTESIAN_POINT('',(183.48676518721,48.4));
#8145 = ( GEOMETRIC_REPRESENTATION_CONTEXT(2) 
PARAMETRIC_REPRESENTATION_CONTEXT() REPRESENTATION_CONTEXT('2D SPACE',''
  ) );
#8146 = ORIENTED_EDGE('',*,*,#8102,.F.);
#8147 = ORIENTED_EDGE('',*,*,#2110,.T.);
#8148 = ORIENTED_EDGE('',*,*,#8149,.T.);
#8149 = EDGE_CURVE('',#2085,#8127,#8150,.T.);
#8150 = SURFACE_CURVE('',#8151,(#8155,#8161),.PCURVE_S1.);
#8151 = LINE('',#8152,#8153);
#8152 = CARTESIAN_POINT('',(48.4,-37.5,67.845338519034));
#8153 = VECTOR('',#8154,1.);
#8154 = DIRECTION('',(-0.,0.,1.));
#8155 = PCURVE('',#2125,#8156);
#8156 = DEFINITIONAL_REPRESENTATION('',(#8157),#8160);
#8157 = B_SPLINE_CURVE_WITH_KNOTS('',1,(#8158,#8159),.UNSPECIFIED.,.F.,
  .F.,(2,2),(-66.24533851903,17.251637012685),.PIECEWISE_BEZIER_KNOTS.);
#8158 = CARTESIAN_POINT('',(18.9,-98.4));
#8159 = CARTESIAN_POINT('',(18.9,-14.90302446828));
#8160 = ( GEOMETRIC_REPRESENTATION_CONTEXT(2) 
PARAMETRIC_REPRESENTATION_CONTEXT() REPRESENTATION_CONTEXT('2D SPACE',''
  ) );
#8161 = PCURVE('',#2099,#8162);
#8162 = DEFINITIONAL_REPRESENTATION('',(#8163),#8166);
#8163 = B_SPLINE_CURVE_WITH_KNOTS('',1,(#8164,#8165),.UNSPECIFIED.,.F.,
  .F.,(2,2),(-66.24533851903,17.251637012685),.PIECEWISE_BEZIER_KNOTS.);
#8164 = CARTESIAN_POINT('',(98.063089947655,-34.09067703806));
#8165 = CARTESIAN_POINT('',(98.063089947655,49.406298493652));
#8166 = ( GEOMETRIC_REPRESENTATION_CONTEXT(2) 
PARAMETRIC_REPRESENTATION_CONTEXT() REPRESENTATION_CONTEXT('2D SPACE',''
  ) );
#8167 = ADVANCED_FACE('',(#8168),#2099,.T.);
#8168 = FACE_BOUND('',#8169,.T.);
#8169 = EDGE_LOOP('',(#8170,#8191,#8192,#8193));
#8170 = ORIENTED_EDGE('',*,*,#8171,.F.);
#8171 = EDGE_CURVE('',#2059,#8172,#8174,.T.);
#8172 = VERTEX_POINT('',#8173);
#8173 = CARTESIAN_POINT('',(48.4,22.,36.395238095238));
#8174 = SURFACE_CURVE('',#8175,(#8179,#8185),.PCURVE_S1.);
#8175 = LINE('',#8176,#8177);
#8176 = CARTESIAN_POINT('',(48.4,22.,67.845338519034));
#8177 = VECTOR('',#8178,1.);
#8178 = DIRECTION('',(-0.,0.,1.));
#8179 = PCURVE('',#2099,#8180);
#8180 = DEFINITIONAL_REPRESENTATION('',(#8181),#8184);
#8181 = B_SPLINE_CURVE_WITH_KNOTS('',1,(#8182,#8183),.UNSPECIFIED.,.F.,
  .F.,(2,2),(-66.24533851903,17.251637012685),.PIECEWISE_BEZIER_KNOTS.);
#8182 = CARTESIAN_POINT('',(38.563089947655,-34.09067703806));
#8183 = CARTESIAN_POINT('',(38.563089947655,49.406298493652));
#8184 = ( GEOMETRIC_REPRESENTATION_CONTEXT(2) 
PARAMETRIC_REPRESENTATION_CONTEXT() REPRESENTATION_CONTEXT('2D SPACE',''
  ) );
#8185 = PCURVE('',#2073,#8186);
#8186 = DEFINITIONAL_REPRESENTATION('',(#8187),#8190);
#8187 = B_SPLINE_CURVE_WITH_KNOTS('',1,(#8188,#8189),.UNSPECIFIED.,.F.,
  .F.,(2,2),(-66.24533851903,17.251637012685),.PIECEWISE_BEZIER_KNOTS.);
#8188 = CARTESIAN_POINT('',(7.9,-98.4));
#8189 = CARTESIAN_POINT('',(7.9,-14.90302446828));
#8190 = ( GEOMETRIC_REPRESENTATION_CONTEXT(2) 
PARAMETRIC_REPRESENTATION_CONTEXT() REPRESENTATION_CONTEXT('2D SPACE',''
  ) );
#8191 = ORIENTED_EDGE('',*,*,#2084,.T.);
#8192 = ORIENTED_EDGE('',*,*,#8149,.T.);
#8193 = ORIENTED_EDGE('',*,*,#8194,.T.);
#8194 = EDGE_CURVE('',#8127,#8172,#8195,.T.);
#8195 = SURFACE_CURVE('',#8196,(#8200,#8206),.PCURVE_S1.);
#8196 = LINE('',#8197,#8198);
#8197 = CARTESIAN_POINT('',(48.4,98.957502243833,56.550774397194));
#8198 = VECTOR('',#8199,1.);
#8199 = DIRECTION('',(-0.,0.96737222338,0.253359391838));
#8200 = PCURVE('',#2099,#8201);
#8201 = DEFINITIONAL_REPRESENTATION('',(#8202),#8205);
#8202 = B_SPLINE_CURVE_WITH_KNOTS('',1,(#8203,#8204),.UNSPECIFIED.,.F.,
  .F.,(2,2),(-170.5212308737,42.426789568915),.PIECEWISE_BEZIER_KNOTS.);
#8203 = CARTESIAN_POINT('',(126.56308994765,-22.34305799044));
#8204 = CARTESIAN_POINT('',(-79.43691005234,31.609322961933));
#8205 = ( GEOMETRIC_REPRESENTATION_CONTEXT(2) 
PARAMETRIC_REPRESENTATION_CONTEXT() REPRESENTATION_CONTEXT('2D SPACE',''
  ) );
#8206 = PCURVE('',#8091,#8207);
#8207 = DEFINITIONAL_REPRESENTATION('',(#8208),#8211);
#8208 = B_SPLINE_CURVE_WITH_KNOTS('',1,(#8209,#8210),.UNSPECIFIED.,.F.,
  .F.,(2,2),(-170.5212308737,42.426789568915),.PIECEWISE_BEZIER_KNOTS.);
#8209 = CARTESIAN_POINT('',(212.94802044262,48.4));
#8210 = CARTESIAN_POINT('',(0.,48.4));
#8211 = ( GEOMETRIC_REPRESENTATION_CONTEXT(2) 
PARAMETRIC_REPRESENTATION_CONTEXT() REPRESENTATION_CONTEXT('2D SPACE',''
  ) );
#8212 = ADVANCED_FACE('',(#8213),#2073,.T.);
#8213 = FACE_BOUND('',#8214,.T.);
#8214 = EDGE_LOOP('',(#8215,#8234,#8235,#8236));
#8215 = ORIENTED_EDGE('',*,*,#8216,.F.);
#8216 = EDGE_CURVE('',#8056,#8172,#8217,.T.);
#8217 = SURFACE_CURVE('',#8218,(#8222,#8228),.PCURVE_S1.);
#8218 = LINE('',#8219,#8220);
#8219 = CARTESIAN_POINT('',(20.25,22.,36.395238095238));
#8220 = VECTOR('',#8221,1.);
#8221 = DIRECTION('',(1.,0.,0.));
#8222 = PCURVE('',#2073,#8223);
#8223 = DEFINITIONAL_REPRESENTATION('',(#8224),#8227);
#8224 = B_SPLINE_CURVE_WITH_KNOTS('',1,(#8225,#8226),.UNSPECIFIED.,.F.,
  .F.,(2,2),(20.25,28.15),.PIECEWISE_BEZIER_KNOTS.);
#8225 = CARTESIAN_POINT('',(0.,-63.60476190476));
#8226 = CARTESIAN_POINT('',(7.9,-63.60476190476));
#8227 = ( GEOMETRIC_REPRESENTATION_CONTEXT(2) 
PARAMETRIC_REPRESENTATION_CONTEXT() REPRESENTATION_CONTEXT('2D SPACE',''
  ) );
#8228 = PCURVE('',#8091,#8229);
#8229 = DEFINITIONAL_REPRESENTATION('',(#8230),#8233);
#8230 = B_SPLINE_CURVE_WITH_KNOTS('',1,(#8231,#8232),.UNSPECIFIED.,.F.,
  .F.,(2,2),(20.25,28.15),.PIECEWISE_BEZIER_KNOTS.);
#8231 = CARTESIAN_POINT('',(121.97993403994,40.5));
#8232 = CARTESIAN_POINT('',(121.97993403994,48.4));
#8233 = ( GEOMETRIC_REPRESENTATION_CONTEXT(2) 
PARAMETRIC_REPRESENTATION_CONTEXT() REPRESENTATION_CONTEXT('2D SPACE',''
  ) );
#8234 = ORIENTED_EDGE('',*,*,#8055,.F.);
#8235 = ORIENTED_EDGE('',*,*,#2058,.T.);
#8236 = ORIENTED_EDGE('',*,*,#8171,.T.);
#8237 = ADVANCED_FACE('',(#8238),#2026,.F.);
#8238 = FACE_BOUND('',#8239,.F.);
#8239 = EDGE_LOOP('',(#8240,#8261,#8262,#8263));
#8240 = ORIENTED_EDGE('',*,*,#8241,.F.);
#8241 = EDGE_CURVE('',#8010,#8242,#8244,.T.);
#8242 = VERTEX_POINT('',#8243);
#8243 = CARTESIAN_POINT('',(48.4,42.,41.633333333333));
#8244 = SURFACE_CURVE('',#8245,(#8249,#8255),.PCURVE_S1.);
#8245 = LINE('',#8246,#8247);
#8246 = CARTESIAN_POINT('',(20.25,42.,41.633333333333));
#8247 = VECTOR('',#8248,1.);
#8248 = DIRECTION('',(1.,0.,0.));
#8249 = PCURVE('',#2026,#8250);
#8250 = DEFINITIONAL_REPRESENTATION('',(#8251),#8254);
#8251 = B_SPLINE_CURVE_WITH_KNOTS('',1,(#8252,#8253),.UNSPECIFIED.,.F.,
  .F.,(2,2),(20.25,28.15),.PIECEWISE_BEZIER_KNOTS.);
#8252 = CARTESIAN_POINT('',(0.,-58.36666666666));
#8253 = CARTESIAN_POINT('',(7.9,-58.36666666666));
#8254 = ( GEOMETRIC_REPRESENTATION_CONTEXT(2) 
PARAMETRIC_REPRESENTATION_CONTEXT() REPRESENTATION_CONTEXT('2D SPACE',''
  ) );
#8255 = PCURVE('',#8024,#8256);
#8256 = DEFINITIONAL_REPRESENTATION('',(#8257),#8260);
#8257 = B_SPLINE_CURVE_WITH_KNOTS('',1,(#8258,#8259),.UNSPECIFIED.,.F.,
  .F.,(2,2),(20.25,28.15),.PIECEWISE_BEZIER_KNOTS.);
#8258 = CARTESIAN_POINT('',(101.30536894843,40.5));
#8259 = CARTESIAN_POINT('',(101.30536894843,48.4));
#8260 = ( GEOMETRIC_REPRESENTATION_CONTEXT(2) 
PARAMETRIC_REPRESENTATION_CONTEXT() REPRESENTATION_CONTEXT('2D SPACE',''
  ) );
#8261 = ORIENTED_EDGE('',*,*,#8035,.F.);
#8262 = ORIENTED_EDGE('',*,*,#2011,.T.);
#8263 = ORIENTED_EDGE('',*,*,#8264,.T.);
#8264 = EDGE_CURVE('',#1986,#8242,#8265,.T.);
#8265 = SURFACE_CURVE('',#8266,(#8270,#8276),.PCURVE_S1.);
#8266 = LINE('',#8267,#8268);
#8267 = CARTESIAN_POINT('',(48.4,42.,67.845338519034));
#8268 = VECTOR('',#8269,1.);
#8269 = DIRECTION('',(-0.,0.,1.));
#8270 = PCURVE('',#2026,#8271);
#8271 = DEFINITIONAL_REPRESENTATION('',(#8272),#8275);
#8272 = B_SPLINE_CURVE_WITH_KNOTS('',1,(#8273,#8274),.UNSPECIFIED.,.F.,
  .F.,(2,2),(-66.24533851903,17.251637012685),.PIECEWISE_BEZIER_KNOTS.);
#8273 = CARTESIAN_POINT('',(7.9,-98.4));
#8274 = CARTESIAN_POINT('',(7.9,-14.90302446828));
#8275 = ( GEOMETRIC_REPRESENTATION_CONTEXT(2) 
PARAMETRIC_REPRESENTATION_CONTEXT() REPRESENTATION_CONTEXT('2D SPACE',''
  ) );
#8276 = PCURVE('',#2000,#8277);
#8277 = DEFINITIONAL_REPRESENTATION('',(#8278),#8281);
#8278 = B_SPLINE_CURVE_WITH_KNOTS('',1,(#8279,#8280),.UNSPECIFIED.,.F.,
  .F.,(2,2),(-66.24533851903,17.251637012685),.PIECEWISE_BEZIER_KNOTS.);
#8279 = CARTESIAN_POINT('',(18.563089947655,-34.09067703806));
#8280 = CARTESIAN_POINT('',(18.563089947655,49.406298493652));
#8281 = ( GEOMETRIC_REPRESENTATION_CONTEXT(2) 
PARAMETRIC_REPRESENTATION_CONTEXT() REPRESENTATION_CONTEXT('2D SPACE',''
  ) );
#8282 = ADVANCED_FACE('',(#8283),#2000,.T.);
#8283 = FACE_BOUND('',#8284,.T.);
#8284 = EDGE_LOOP('',(#8285,#8306,#8307,#8308));
#8285 = ORIENTED_EDGE('',*,*,#8286,.F.);
#8286 = EDGE_CURVE('',#1960,#8287,#8289,.T.);
#8287 = VERTEX_POINT('',#8288);
#8288 = CARTESIAN_POINT('',(48.4,117.5,61.407142857143));
#8289 = SURFACE_CURVE('',#8290,(#8294,#8300),.PCURVE_S1.);
#8290 = LINE('',#8291,#8292);
#8291 = CARTESIAN_POINT('',(48.4,117.5,67.845338519034));
#8292 = VECTOR('',#8293,1.);
#8293 = DIRECTION('',(-0.,0.,1.));
#8294 = PCURVE('',#2000,#8295);
#8295 = DEFINITIONAL_REPRESENTATION('',(#8296),#8299);
#8296 = B_SPLINE_CURVE_WITH_KNOTS('',1,(#8297,#8298),.UNSPECIFIED.,.F.,
  .F.,(2,2),(-66.24533851903,17.251637012685),.PIECEWISE_BEZIER_KNOTS.);
#8297 = CARTESIAN_POINT('',(-56.93691005234,-34.09067703806));
#8298 = CARTESIAN_POINT('',(-56.93691005234,49.406298493652));
#8299 = ( GEOMETRIC_REPRESENTATION_CONTEXT(2) 
PARAMETRIC_REPRESENTATION_CONTEXT() REPRESENTATION_CONTEXT('2D SPACE',''
  ) );
#8300 = PCURVE('',#1974,#8301);
#8301 = DEFINITIONAL_REPRESENTATION('',(#8302),#8305);
#8302 = B_SPLINE_CURVE_WITH_KNOTS('',1,(#8303,#8304),.UNSPECIFIED.,.F.,
  .F.,(2,2),(-66.24533851903,17.251637012685),.PIECEWISE_BEZIER_KNOTS.);
#8303 = CARTESIAN_POINT('',(18.9,-98.4));
#8304 = CARTESIAN_POINT('',(18.9,-14.90302446828));
#8305 = ( GEOMETRIC_REPRESENTATION_CONTEXT(2) 
PARAMETRIC_REPRESENTATION_CONTEXT() REPRESENTATION_CONTEXT('2D SPACE',''
  ) );
#8306 = ORIENTED_EDGE('',*,*,#1985,.T.);
#8307 = ORIENTED_EDGE('',*,*,#8264,.T.);
#8308 = ORIENTED_EDGE('',*,*,#8309,.T.);
#8309 = EDGE_CURVE('',#8242,#8287,#8310,.T.);
#8310 = SURFACE_CURVE('',#8311,(#8315,#8321),.PCURVE_S1.);
#8311 = LINE('',#8312,#8313);
#8312 = CARTESIAN_POINT('',(48.4,98.957502243833,56.550774397194));
#8313 = VECTOR('',#8314,1.);
#8314 = DIRECTION('',(-0.,0.96737222338,0.253359391838));
#8315 = PCURVE('',#2000,#8316);
#8316 = DEFINITIONAL_REPRESENTATION('',(#8317),#8320);
#8317 = B_SPLINE_CURVE_WITH_KNOTS('',1,(#8318,#8319),.UNSPECIFIED.,.F.,
  .F.,(2,2),(-170.5212308737,42.426789568915),.PIECEWISE_BEZIER_KNOTS.);
#8318 = CARTESIAN_POINT('',(126.56308994765,-22.34305799044));
#8319 = CARTESIAN_POINT('',(-79.43691005234,31.609322961933));
#8320 = ( GEOMETRIC_REPRESENTATION_CONTEXT(2) 
PARAMETRIC_REPRESENTATION_CONTEXT() REPRESENTATION_CONTEXT('2D SPACE',''
  ) );
#8321 = PCURVE('',#8024,#8322);
#8322 = DEFINITIONAL_REPRESENTATION('',(#8323),#8326);
#8323 = B_SPLINE_CURVE_WITH_KNOTS('',1,(#8324,#8325),.UNSPECIFIED.,.F.,
  .F.,(2,2),(-170.5212308737,42.426789568915),.PIECEWISE_BEZIER_KNOTS.);
#8324 = CARTESIAN_POINT('',(212.94802044262,48.4));
#8325 = CARTESIAN_POINT('',(0.,48.4));
#8326 = ( GEOMETRIC_REPRESENTATION_CONTEXT(2) 
PARAMETRIC_REPRESENTATION_CONTEXT() REPRESENTATION_CONTEXT('2D SPACE',''
  ) );
#8327 = ADVANCED_FACE('',(#8328),#1974,.T.);
#8328 = FACE_BOUND('',#8329,.T.);
#8329 = EDGE_LOOP('',(#8330,#8349,#8350,#8351));
#8330 = ORIENTED_EDGE('',*,*,#8331,.F.);
#8331 = EDGE_CURVE('',#7989,#8287,#8332,.T.);
#8332 = SURFACE_CURVE('',#8333,(#8337,#8343),.PCURVE_S1.);
#8333 = LINE('',#8334,#8335);
#8334 = CARTESIAN_POINT('',(14.75,117.5,61.407142857143));
#8335 = VECTOR('',#8336,1.);
#8336 = DIRECTION('',(1.,0.,0.));
#8337 = PCURVE('',#1974,#8338);
#8338 = DEFINITIONAL_REPRESENTATION('',(#8339),#8342);
#8339 = B_SPLINE_CURVE_WITH_KNOTS('',1,(#8340,#8341),.UNSPECIFIED.,.F.,
  .F.,(2,2),(14.75,33.65),.PIECEWISE_BEZIER_KNOTS.);
#8340 = CARTESIAN_POINT('',(0.,-38.59285714285));
#8341 = CARTESIAN_POINT('',(18.9,-38.59285714285));
#8342 = ( GEOMETRIC_REPRESENTATION_CONTEXT(2) 
PARAMETRIC_REPRESENTATION_CONTEXT() REPRESENTATION_CONTEXT('2D SPACE',''
  ) );
#8343 = PCURVE('',#8024,#8344);
#8344 = DEFINITIONAL_REPRESENTATION('',(#8345),#8348);
#8345 = B_SPLINE_CURVE_WITH_KNOTS('',1,(#8346,#8347),.UNSPECIFIED.,.F.,
  .F.,(2,2),(14.75,33.65),.PIECEWISE_BEZIER_KNOTS.);
#8346 = CARTESIAN_POINT('',(23.258885727956,29.5));
#8347 = CARTESIAN_POINT('',(23.258885727956,48.4));
#8348 = ( GEOMETRIC_REPRESENTATION_CONTEXT(2) 
PARAMETRIC_REPRESENTATION_CONTEXT() REPRESENTATION_CONTEXT('2D SPACE',''
  ) );
#8349 = ORIENTED_EDGE('',*,*,#7988,.F.);
#8350 = ORIENTED_EDGE('',*,*,#1959,.T.);
#8351 = ORIENTED_EDGE('',*,*,#8286,.T.);
#8352 = ADVANCED_FACE('',(#8353),#1922,.F.);
#8353 = FACE_BOUND('',#8354,.F.);
#8354 = EDGE_LOOP('',(#8355,#8385,#8404,#8405,#8406,#8429));
#8355 = ORIENTED_EDGE('',*,*,#8356,.T.);
#8356 = EDGE_CURVE('',#8357,#8359,#8361,.T.);
#8357 = VERTEX_POINT('',#8358);
#8358 = CARTESIAN_POINT('',(43.9,122.52391098191,71.19120740812));
#8359 = VERTEX_POINT('',#8360);
#8360 = CARTESIAN_POINT('',(43.9,120.29434833373,79.704082973866));
#8361 = SURFACE_CURVE('',#8362,(#8366,#8373),.PCURVE_S1.);
#8362 = LINE('',#8363,#8364);
#8363 = CARTESIAN_POINT('',(43.9,122.52391098191,71.19120740812));
#8364 = VECTOR('',#8365,1.);
#8365 = DIRECTION('',(0.,-0.253359391838,0.96737222338));
#8366 = PCURVE('',#1922,#8367);
#8367 = DEFINITIONAL_REPRESENTATION('',(#8368),#8372);
#8368 = LINE('',#8369,#8370);
#8369 = CARTESIAN_POINT('',(85.416933361126,1.9));
#8370 = VECTOR('',#8371,1.);
#8371 = DIRECTION('',(1.,0.));
#8372 = ( GEOMETRIC_REPRESENTATION_CONTEXT(2) 
PARAMETRIC_REPRESENTATION_CONTEXT() REPRESENTATION_CONTEXT('2D SPACE',''
  ) );
#8373 = PCURVE('',#8374,#8379);
#8374 = PLANE('',#8375);
#8375 = AXIS2_PLACEMENT_3D('',#8376,#8377,#8378);
#8376 = CARTESIAN_POINT('',(43.9,-1.62391389652,41.26062152878));
#8377 = DIRECTION('',(1.,0.,-0.));
#8378 = DIRECTION('',(0.,0.96737222338,0.253359391838));
#8379 = DEFINITIONAL_REPRESENTATION('',(#8380),#8384);
#8380 = LINE('',#8381,#8382);
#8381 = CARTESIAN_POINT('',(127.6803524162,-2.5));
#8382 = VECTOR('',#8383,1.);
#8383 = DIRECTION('',(-1.137978600241E-15,1.));
#8384 = ( GEOMETRIC_REPRESENTATION_CONTEXT(2) 
PARAMETRIC_REPRESENTATION_CONTEXT() REPRESENTATION_CONTEXT('2D SPACE',''
  ) );
#8385 = ORIENTED_EDGE('',*,*,#8386,.T.);
#8386 = EDGE_CURVE('',#8359,#7946,#8387,.T.);
#8387 = SURFACE_CURVE('',#8388,(#8392,#8398),.PCURVE_S1.);
#8388 = LINE('',#8389,#8390);
#8389 = CARTESIAN_POINT('',(21.,120.29434833373,79.704082973866));
#8390 = VECTOR('',#8391,1.);
#8391 = DIRECTION('',(1.,-0.,0.));
#8392 = PCURVE('',#1922,#8393);
#8393 = DEFINITIONAL_REPRESENTATION('',(#8394),#8397);
#8394 = B_SPLINE_CURVE_WITH_KNOTS('',1,(#8395,#8396),.UNSPECIFIED.,.F.,
  .F.,(2,2),(21.,25.),.PIECEWISE_BEZIER_KNOTS.);
#8395 = CARTESIAN_POINT('',(94.216933361126,0.));
#8396 = CARTESIAN_POINT('',(94.216933361126,4.));
#8397 = ( GEOMETRIC_REPRESENTATION_CONTEXT(2) 
PARAMETRIC_REPRESENTATION_CONTEXT() REPRESENTATION_CONTEXT('2D SPACE',''
  ) );
#8398 = PCURVE('',#6731,#8399);
#8399 = DEFINITIONAL_REPRESENTATION('',(#8400),#8403);
#8400 = B_SPLINE_CURVE_WITH_KNOTS('',1,(#8401,#8402),.UNSPECIFIED.,.F.,
  .F.,(2,2),(21.,25.),.PIECEWISE_BEZIER_KNOTS.);
#8401 = CARTESIAN_POINT('',(192.57773154037,42.));
#8402 = CARTESIAN_POINT('',(192.57773154037,46.));
#8403 = ( GEOMETRIC_REPRESENTATION_CONTEXT(2) 
PARAMETRIC_REPRESENTATION_CONTEXT() REPRESENTATION_CONTEXT('2D SPACE',''
  ) );
#8404 = ORIENTED_EDGE('',*,*,#7968,.T.);
#8405 = ORIENTED_EDGE('',*,*,#1907,.F.);
#8406 = ORIENTED_EDGE('',*,*,#8407,.T.);
#8407 = EDGE_CURVE('',#1879,#8408,#8410,.T.);
#8408 = VERTEX_POINT('',#8409);
#8409 = CARTESIAN_POINT('',(42.,122.52391098191,71.19120740812));
#8410 = SURFACE_CURVE('',#8411,(#8415,#8422),.PCURVE_S1.);
#8411 = LINE('',#8412,#8413);
#8412 = CARTESIAN_POINT('',(42.,144.16509327092,-11.43876133175));
#8413 = VECTOR('',#8414,1.);
#8414 = DIRECTION('',(0.,-0.253359391838,0.96737222338));
#8415 = PCURVE('',#1922,#8416);
#8416 = DEFINITIONAL_REPRESENTATION('',(#8417),#8421);
#8417 = LINE('',#8418,#8419);
#8418 = CARTESIAN_POINT('',(0.,0.));
#8419 = VECTOR('',#8420,1.);
#8420 = DIRECTION('',(1.,0.));
#8421 = ( GEOMETRIC_REPRESENTATION_CONTEXT(2) 
PARAMETRIC_REPRESENTATION_CONTEXT() REPRESENTATION_CONTEXT('2D SPACE',''
  ) );
#8422 = PCURVE('',#1895,#8423);
#8423 = DEFINITIONAL_REPRESENTATION('',(#8424),#8428);
#8424 = LINE('',#8425,#8426);
#8425 = CARTESIAN_POINT('',(4.712388980385,0.));
#8426 = VECTOR('',#8427,1.);
#8427 = DIRECTION('',(0.,1.));
#8428 = ( GEOMETRIC_REPRESENTATION_CONTEXT(2) 
PARAMETRIC_REPRESENTATION_CONTEXT() REPRESENTATION_CONTEXT('2D SPACE',''
  ) );
#8429 = ORIENTED_EDGE('',*,*,#8430,.T.);
#8430 = EDGE_CURVE('',#8408,#8357,#8431,.T.);
#8431 = SURFACE_CURVE('',#8432,(#8436,#8442),.PCURVE_S1.);
#8432 = LINE('',#8433,#8434);
#8433 = CARTESIAN_POINT('',(21.,122.52391098191,71.19120740812));
#8434 = VECTOR('',#8435,1.);
#8435 = DIRECTION('',(1.,0.,-0.));
#8436 = PCURVE('',#1922,#8437);
#8437 = DEFINITIONAL_REPRESENTATION('',(#8438),#8441);
#8438 = B_SPLINE_CURVE_WITH_KNOTS('',1,(#8439,#8440),.UNSPECIFIED.,.F.,
  .F.,(2,2),(21.,22.9),.PIECEWISE_BEZIER_KNOTS.);
#8439 = CARTESIAN_POINT('',(85.416933361126,0.));
#8440 = CARTESIAN_POINT('',(85.416933361126,1.9));
#8441 = ( GEOMETRIC_REPRESENTATION_CONTEXT(2) 
PARAMETRIC_REPRESENTATION_CONTEXT() REPRESENTATION_CONTEXT('2D SPACE',''
  ) );
#8442 = PCURVE('',#8443,#8448);
#8443 = PLANE('',#8444);
#8444 = AXIS2_PLACEMENT_3D('',#8445,#8446,#8447);
#8445 = CARTESIAN_POINT('',(0.,63.243000215522,55.665254588352));
#8446 = DIRECTION('',(0.,-0.253359391838,0.96737222338));
#8447 = DIRECTION('',(1.,0.,0.));
#8448 = DEFINITIONAL_REPRESENTATION('',(#8449),#8452);
#8449 = B_SPLINE_CURVE_WITH_KNOTS('',1,(#8450,#8451),.UNSPECIFIED.,.F.,
  .F.,(2,2),(21.,22.9),.PIECEWISE_BEZIER_KNOTS.);
#8450 = CARTESIAN_POINT('',(42.,61.280352416204));
#8451 = CARTESIAN_POINT('',(43.9,61.280352416204));
#8452 = ( GEOMETRIC_REPRESENTATION_CONTEXT(2) 
PARAMETRIC_REPRESENTATION_CONTEXT() REPRESENTATION_CONTEXT('2D SPACE',''
  ) );
#8453 = ADVANCED_FACE('',(#8454),#1895,.T.);
#8454 = FACE_BOUND('',#8455,.T.);
#8455 = EDGE_LOOP('',(#8456,#8486,#8507,#8508,#8509,#8533,#8559,#8588,
    #8614,#8643));
#8456 = ORIENTED_EDGE('',*,*,#8457,.F.);
#8457 = EDGE_CURVE('',#8458,#8460,#8462,.T.);
#8458 = VERTEX_POINT('',#8459);
#8459 = CARTESIAN_POINT('',(42.,129.96807056754,82.237676892243));
#8460 = VERTEX_POINT('',#8461);
#8461 = CARTESIAN_POINT('',(37.001431759424,125.24695319979,
    81.00119377212));
#8462 = SURFACE_CURVE('',#8463,(#8468,#8475),.PCURVE_S1.);
#8463 = CIRCLE('',#8464,5.);
#8464 = AXIS2_PLACEMENT_3D('',#8465,#8466,#8467);
#8465 = CARTESIAN_POINT('',(42.,125.13120945064,80.970879933055));
#8466 = DIRECTION('',(0.,-0.253359391838,0.96737222338));
#8467 = DIRECTION('',(1.,0.,0.));
#8468 = PCURVE('',#1895,#8469);
#8469 = DEFINITIONAL_REPRESENTATION('',(#8470),#8474);
#8470 = LINE('',#8471,#8472);
#8471 = CARTESIAN_POINT('',(0.,94.216933361126));
#8472 = VECTOR('',#8473,1.);
#8473 = DIRECTION('',(1.,0.));
#8474 = ( GEOMETRIC_REPRESENTATION_CONTEXT(2) 
PARAMETRIC_REPRESENTATION_CONTEXT() REPRESENTATION_CONTEXT('2D SPACE',''
  ) );
#8475 = PCURVE('',#6357,#8476);
#8476 = DEFINITIONAL_REPRESENTATION('',(#8477),#8485);
#8477 = ( BOUNDED_CURVE() B_SPLINE_CURVE(2,(#8478,#8479,#8480,#8481,
#8482,#8483,#8484),.UNSPECIFIED.,.T.,.F.) B_SPLINE_CURVE_WITH_KNOTS((1,2
    ,2,2,2,1),(-2.094395102393,0.,2.094395102393,4.188790204786,
6.28318530718,8.377580409573),.UNSPECIFIED.) CURVE() 
GEOMETRIC_REPRESENTATION_ITEM() RATIONAL_B_SPLINE_CURVE((1.,0.5,1.,0.5,
1.,0.5,1.)) REPRESENTATION_ITEM('') );
#8478 = CARTESIAN_POINT('',(197.57773154037,47.));
#8479 = CARTESIAN_POINT('',(206.23798557822,47.));
#8480 = CARTESIAN_POINT('',(201.90785855929,39.5));
#8481 = CARTESIAN_POINT('',(197.57773154037,32.));
#8482 = CARTESIAN_POINT('',(193.24760452145,39.5));
#8483 = CARTESIAN_POINT('',(188.91747750253,47.));
#8484 = CARTESIAN_POINT('',(197.57773154037,47.));
#8485 = ( GEOMETRIC_REPRESENTATION_CONTEXT(2) 
PARAMETRIC_REPRESENTATION_CONTEXT() REPRESENTATION_CONTEXT('2D SPACE',''
  ) );
#8486 = ORIENTED_EDGE('',*,*,#8487,.F.);
#8487 = EDGE_CURVE('',#1853,#8458,#8488,.T.);
#8488 = SURFACE_CURVE('',#8489,(#8493,#8500),.PCURVE_S1.);
#8489 = LINE('',#8490,#8491);
#8490 = CARTESIAN_POINT('',(42.,153.83881550472,-8.905167413378));
#8491 = VECTOR('',#8492,1.);
#8492 = DIRECTION('',(0.,-0.253359391838,0.96737222338));
#8493 = PCURVE('',#1895,#8494);
#8494 = DEFINITIONAL_REPRESENTATION('',(#8495),#8499);
#8495 = LINE('',#8496,#8497);
#8496 = CARTESIAN_POINT('',(1.570796326795,0.));
#8497 = VECTOR('',#8498,1.);
#8498 = DIRECTION('',(0.,1.));
#8499 = ( GEOMETRIC_REPRESENTATION_CONTEXT(2) 
PARAMETRIC_REPRESENTATION_CONTEXT() REPRESENTATION_CONTEXT('2D SPACE',''
  ) );
#8500 = PCURVE('',#1867,#8501);
#8501 = DEFINITIONAL_REPRESENTATION('',(#8502),#8506);
#8502 = LINE('',#8503,#8504);
#8503 = CARTESIAN_POINT('',(0.,0.));
#8504 = VECTOR('',#8505,1.);
#8505 = DIRECTION('',(1.,0.));
#8506 = ( GEOMETRIC_REPRESENTATION_CONTEXT(2) 
PARAMETRIC_REPRESENTATION_CONTEXT() REPRESENTATION_CONTEXT('2D SPACE',''
  ) );
#8507 = ORIENTED_EDGE('',*,*,#1878,.T.);
#8508 = ORIENTED_EDGE('',*,*,#8407,.T.);
#8509 = ORIENTED_EDGE('',*,*,#8510,.F.);
#8510 = EDGE_CURVE('',#8511,#8408,#8513,.T.);
#8511 = VERTEX_POINT('',#8512);
#8512 = CARTESIAN_POINT('',(40.,122.92771565997,71.296965776184));
#8513 = SURFACE_CURVE('',#8514,(#8519,#8526),.PCURVE_S1.);
#8514 = CIRCLE('',#8515,5.);
#8515 = AXIS2_PLACEMENT_3D('',#8516,#8517,#8518);
#8516 = CARTESIAN_POINT('',(42.,127.36077209881,72.458004367309));
#8517 = DIRECTION('',(0.,-0.253359391838,0.96737222338));
#8518 = DIRECTION('',(1.,0.,0.));
#8519 = PCURVE('',#1895,#8520);
#8520 = DEFINITIONAL_REPRESENTATION('',(#8521),#8525);
#8521 = LINE('',#8522,#8523);
#8522 = CARTESIAN_POINT('',(0.,85.416933361126));
#8523 = VECTOR('',#8524,1.);
#8524 = DIRECTION('',(1.,0.));
#8525 = ( GEOMETRIC_REPRESENTATION_CONTEXT(2) 
PARAMETRIC_REPRESENTATION_CONTEXT() REPRESENTATION_CONTEXT('2D SPACE',''
  ) );
#8526 = PCURVE('',#8443,#8527);
#8527 = DEFINITIONAL_REPRESENTATION('',(#8528),#8532);
#8528 = CIRCLE('',#8529,5.);
#8529 = AXIS2_PLACEMENT_2D('',#8530,#8531);
#8530 = CARTESIAN_POINT('',(42.,66.280352416204));
#8531 = DIRECTION('',(1.,0.));
#8532 = ( GEOMETRIC_REPRESENTATION_CONTEXT(2) 
PARAMETRIC_REPRESENTATION_CONTEXT() REPRESENTATION_CONTEXT('2D SPACE',''
  ) );
#8533 = ORIENTED_EDGE('',*,*,#8534,.F.);
#8534 = EDGE_CURVE('',#8535,#8511,#8537,.T.);
#8535 = VERTEX_POINT('',#8536);
#8536 = CARTESIAN_POINT('',(40.,124.06783292324,66.943790770973));
#8537 = SURFACE_CURVE('',#8538,(#8542,#8548),.PCURVE_S1.);
#8538 = LINE('',#8539,#8540);
#8539 = CARTESIAN_POINT('',(40.,144.56889794898,-11.33300296369));
#8540 = VECTOR('',#8541,1.);
#8541 = DIRECTION('',(0.,-0.253359391838,0.96737222338));
#8542 = PCURVE('',#1895,#8543);
#8543 = DEFINITIONAL_REPRESENTATION('',(#8544),#8547);
#8544 = B_SPLINE_CURVE_WITH_KNOTS('',1,(#8545,#8546),.UNSPECIFIED.,.F.,
  .F.,(2,2),(80.466933361126,85.866933361126),.PIECEWISE_BEZIER_KNOTS.);
#8545 = CARTESIAN_POINT('',(4.300872134317,80.466933361126));
#8546 = CARTESIAN_POINT('',(4.300872134317,85.866933361126));
#8547 = ( GEOMETRIC_REPRESENTATION_CONTEXT(2) 
PARAMETRIC_REPRESENTATION_CONTEXT() REPRESENTATION_CONTEXT('2D SPACE',''
  ) );
#8548 = PCURVE('',#8549,#8554);
#8549 = PLANE('',#8550);
#8550 = AXIS2_PLACEMENT_3D('',#8551,#8552,#8553);
#8551 = CARTESIAN_POINT('',(40.,112.66535612786,66.283316373549));
#8552 = DIRECTION('',(1.,0.,-0.));
#8553 = DIRECTION('',(0.,0.96737222338,0.253359391838));
#8554 = DEFINITIONAL_REPRESENTATION('',(#8555),#8558);
#8555 = B_SPLINE_CURVE_WITH_KNOTS('',1,(#8556,#8557),.UNSPECIFIED.,.F.,
  .F.,(2,2),(80.466933361126,85.866933361126),.PIECEWISE_BEZIER_KNOTS.);
#8556 = CARTESIAN_POINT('',(11.197776721248,-2.7));
#8557 = CARTESIAN_POINT('',(11.197776721248,2.7));
#8558 = ( GEOMETRIC_REPRESENTATION_CONTEXT(2) 
PARAMETRIC_REPRESENTATION_CONTEXT() REPRESENTATION_CONTEXT('2D SPACE',''
  ) );
#8559 = ORIENTED_EDGE('',*,*,#8560,.F.);
#8560 = EDGE_CURVE('',#8561,#8535,#8563,.T.);
#8561 = VERTEX_POINT('',#8562);
#8562 = CARTESIAN_POINT('',(38.72754899054,124.84388144005,
    67.147041572996));
#8563 = SURFACE_CURVE('',#8564,(#8569,#8576),.PCURVE_S1.);
#8564 = CIRCLE('',#8565,5.);
#8565 = AXIS2_PLACEMENT_3D('',#8566,#8567,#8568);
#8566 = CARTESIAN_POINT('',(42.,128.50088936208,68.104829362097));
#8567 = DIRECTION('',(0.,-0.253359391838,0.96737222338));
#8568 = DIRECTION('',(1.,0.,0.));
#8569 = PCURVE('',#1895,#8570);
#8570 = DEFINITIONAL_REPRESENTATION('',(#8571),#8575);
#8571 = LINE('',#8572,#8573);
#8572 = CARTESIAN_POINT('',(0.,80.916933361126));
#8573 = VECTOR('',#8574,1.);
#8574 = DIRECTION('',(1.,0.));
#8575 = ( GEOMETRIC_REPRESENTATION_CONTEXT(2) 
PARAMETRIC_REPRESENTATION_CONTEXT() REPRESENTATION_CONTEXT('2D SPACE',''
  ) );
#8576 = PCURVE('',#8577,#8582);
#8577 = PLANE('',#8578);
#8578 = AXIS2_PLACEMENT_3D('',#8579,#8580,#8581);
#8579 = CARTESIAN_POINT('',(34.,119.03964809977,65.62688522197));
#8580 = DIRECTION('',(0.,-0.253359391838,0.96737222338));
#8581 = DIRECTION('',(1.,0.,0.));
#8582 = DEFINITIONAL_REPRESENTATION('',(#8583),#8587);
#8583 = CIRCLE('',#8584,5.);
#8584 = AXIS2_PLACEMENT_2D('',#8585,#8586);
#8585 = CARTESIAN_POINT('',(8.,9.780352416204));
#8586 = DIRECTION('',(1.,0.));
#8587 = ( GEOMETRIC_REPRESENTATION_CONTEXT(2) 
PARAMETRIC_REPRESENTATION_CONTEXT() REPRESENTATION_CONTEXT('2D SPACE',''
  ) );
#8588 = ORIENTED_EDGE('',*,*,#8589,.T.);
#8589 = EDGE_CURVE('',#8561,#8590,#8592,.T.);
#8590 = VERTEX_POINT('',#8591);
#8591 = CARTESIAN_POINT('',(38.727548990542,123.70376417678,
    71.500216578207));
#8592 = SURFACE_CURVE('',#8593,(#8597,#8603),.PCURVE_S1.);
#8593 = LINE('',#8594,#8595);
#8594 = CARTESIAN_POINT('',(38.727548990542,145.3449464658,
    -11.12975216166));
#8595 = VECTOR('',#8596,1.);
#8596 = DIRECTION('',(0.,-0.253359391838,0.96737222338));
#8597 = PCURVE('',#1895,#8598);
#8598 = DEFINITIONAL_REPRESENTATION('',(#8599),#8602);
#8599 = B_SPLINE_CURVE_WITH_KNOTS('',1,(#8600,#8601),.UNSPECIFIED.,.F.,
  .F.,(2,2),(80.466933361126,85.866933361126),.PIECEWISE_BEZIER_KNOTS.);
#8600 = CARTESIAN_POINT('',(3.998880830114,80.466933361126));
#8601 = CARTESIAN_POINT('',(3.998880830114,85.866933361126));
#8602 = ( GEOMETRIC_REPRESENTATION_CONTEXT(2) 
PARAMETRIC_REPRESENTATION_CONTEXT() REPRESENTATION_CONTEXT('2D SPACE',''
  ) );
#8603 = PCURVE('',#8604,#8609);
#8604 = PLANE('',#8605);
#8605 = AXIS2_PLACEMENT_3D('',#8606,#8607,#8608);
#8606 = CARTESIAN_POINT('',(28.,124.27382280842,69.323629075602));
#8607 = DIRECTION('',(0.,-0.96737222338,-0.253359391838));
#8608 = DIRECTION('',(1.,0.,0.));
#8609 = DEFINITIONAL_REPRESENTATION('',(#8610),#8613);
#8610 = B_SPLINE_CURVE_WITH_KNOTS('',1,(#8611,#8612),.UNSPECIFIED.,.F.,
  .F.,(2,2),(80.466933361126,85.866933361126),.PIECEWISE_BEZIER_KNOTS.);
#8611 = CARTESIAN_POINT('',(10.727548990542,-2.7));
#8612 = CARTESIAN_POINT('',(10.727548990542,2.7));
#8613 = ( GEOMETRIC_REPRESENTATION_CONTEXT(2) 
PARAMETRIC_REPRESENTATION_CONTEXT() REPRESENTATION_CONTEXT('2D SPACE',''
  ) );
#8614 = ORIENTED_EDGE('',*,*,#8615,.F.);
#8615 = EDGE_CURVE('',#8616,#8590,#8618,.T.);
#8616 = VERTEX_POINT('',#8617);
#8617 = CARTESIAN_POINT('',(37.001431759425,127.47651584797,
    72.488318206374));
#8618 = SURFACE_CURVE('',#8619,(#8624,#8631),.PCURVE_S1.);
#8619 = CIRCLE('',#8620,5.);
#8620 = AXIS2_PLACEMENT_3D('',#8621,#8622,#8623);
#8621 = CARTESIAN_POINT('',(42.,127.36077209881,72.458004367309));
#8622 = DIRECTION('',(0.,-0.253359391838,0.96737222338));
#8623 = DIRECTION('',(1.,0.,0.));
#8624 = PCURVE('',#1895,#8625);
#8625 = DEFINITIONAL_REPRESENTATION('',(#8626),#8630);
#8626 = LINE('',#8627,#8628);
#8627 = CARTESIAN_POINT('',(0.,85.416933361126));
#8628 = VECTOR('',#8629,1.);
#8629 = DIRECTION('',(1.,0.));
#8630 = ( GEOMETRIC_REPRESENTATION_CONTEXT(2) 
PARAMETRIC_REPRESENTATION_CONTEXT() REPRESENTATION_CONTEXT('2D SPACE',''
  ) );
#8631 = PCURVE('',#8632,#8637);
#8632 = PLANE('',#8633);
#8633 = AXIS2_PLACEMENT_3D('',#8634,#8635,#8636);
#8634 = CARTESIAN_POINT('',(0.,63.243000215522,55.665254588352));
#8635 = DIRECTION('',(0.,-0.253359391838,0.96737222338));
#8636 = DIRECTION('',(1.,0.,0.));
#8637 = DEFINITIONAL_REPRESENTATION('',(#8638),#8642);
#8638 = CIRCLE('',#8639,5.);
#8639 = AXIS2_PLACEMENT_2D('',#8640,#8641);
#8640 = CARTESIAN_POINT('',(42.,66.280352416204));
#8641 = DIRECTION('',(1.,0.));
#8642 = ( GEOMETRIC_REPRESENTATION_CONTEXT(2) 
PARAMETRIC_REPRESENTATION_CONTEXT() REPRESENTATION_CONTEXT('2D SPACE',''
  ) );
#8643 = ORIENTED_EDGE('',*,*,#8644,.F.);
#8644 = EDGE_CURVE('',#8460,#8616,#8645,.T.);
#8645 = SURFACE_CURVE('',#8646,(#8650,#8657),.PCURVE_S1.);
#8646 = LINE('',#8647,#8648);
#8647 = CARTESIAN_POINT('',(37.001431759424,125.24695319979,
    81.00119377212));
#8648 = VECTOR('',#8649,1.);
#8649 = DIRECTION('',(7.347657835701E-14,0.253359391838,-0.96737222338)
  );
#8650 = PCURVE('',#1895,#8651);
#8651 = DEFINITIONAL_REPRESENTATION('',(#8652),#8656);
#8652 = LINE('',#8653,#8654);
#8653 = CARTESIAN_POINT('',(3.117660852481,94.216933361126));
#8654 = VECTOR('',#8655,1.);
#8655 = DIRECTION('',(-0.,-1.));
#8656 = ( GEOMETRIC_REPRESENTATION_CONTEXT(2) 
PARAMETRIC_REPRESENTATION_CONTEXT() REPRESENTATION_CONTEXT('2D SPACE',''
  ) );
#8657 = PCURVE('',#8658,#8663);
#8658 = PLANE('',#8659);
#8659 = AXIS2_PLACEMENT_3D('',#8660,#8661,#8662);
#8660 = CARTESIAN_POINT('',(-43.9,126.84311736837,74.906748764825));
#8661 = DIRECTION('',(0.,-0.96737222338,-0.253359391838));
#8662 = DIRECTION('',(1.,0.,0.));
#8663 = DEFINITIONAL_REPRESENTATION('',(#8664),#8668);
#8664 = LINE('',#8665,#8666);
#8665 = CARTESIAN_POINT('',(80.901431759424,6.3));
#8666 = VECTOR('',#8667,1.);
#8667 = DIRECTION('',(7.347657835701E-14,-1.));
#8668 = ( GEOMETRIC_REPRESENTATION_CONTEXT(2) 
PARAMETRIC_REPRESENTATION_CONTEXT() REPRESENTATION_CONTEXT('2D SPACE',''
  ) );
#8669 = ADVANCED_FACE('',(#8670),#1867,.T.);
#8670 = FACE_BOUND('',#8671,.T.);
#8671 = EDGE_LOOP('',(#8672,#8673,#8674,#8675));
#8672 = ORIENTED_EDGE('',*,*,#6444,.T.);
#8673 = ORIENTED_EDGE('',*,*,#1852,.F.);
#8674 = ORIENTED_EDGE('',*,*,#8487,.T.);
#8675 = ORIENTED_EDGE('',*,*,#8676,.T.);
#8676 = EDGE_CURVE('',#8458,#6445,#8677,.T.);
#8677 = SURFACE_CURVE('',#8678,(#8682,#8688),.PCURVE_S1.);
#8678 = LINE('',#8679,#8680);
#8679 = CARTESIAN_POINT('',(21.,129.96807056754,82.237676892243));
#8680 = VECTOR('',#8681,1.);
#8681 = DIRECTION('',(1.,-0.,0.));
#8682 = PCURVE('',#1867,#8683);
#8683 = DEFINITIONAL_REPRESENTATION('',(#8684),#8687);
#8684 = B_SPLINE_CURVE_WITH_KNOTS('',1,(#8685,#8686),.UNSPECIFIED.,.F.,
  .F.,(2,2),(21.,25.),.PIECEWISE_BEZIER_KNOTS.);
#8685 = CARTESIAN_POINT('',(94.216933361126,0.));
#8686 = CARTESIAN_POINT('',(94.216933361126,4.));
#8687 = ( GEOMETRIC_REPRESENTATION_CONTEXT(2) 
PARAMETRIC_REPRESENTATION_CONTEXT() REPRESENTATION_CONTEXT('2D SPACE',''
  ) );
#8688 = PCURVE('',#6357,#8689);
#8689 = DEFINITIONAL_REPRESENTATION('',(#8690),#8693);
#8690 = B_SPLINE_CURVE_WITH_KNOTS('',1,(#8691,#8692),.UNSPECIFIED.,.F.,
  .F.,(2,2),(21.,25.),.PIECEWISE_BEZIER_KNOTS.);
#8691 = CARTESIAN_POINT('',(202.57773154037,42.));
#8692 = CARTESIAN_POINT('',(202.57773154037,46.));
#8693 = ( GEOMETRIC_REPRESENTATION_CONTEXT(2) 
PARAMETRIC_REPRESENTATION_CONTEXT() REPRESENTATION_CONTEXT('2D SPACE',''
  ) );
#8694 = ADVANCED_FACE('',(#8695),#2664,.F.);
#8695 = FACE_BOUND('',#8696,.F.);
#8696 = EDGE_LOOP('',(#8697,#8726,#8747,#8748));
#8697 = ORIENTED_EDGE('',*,*,#8698,.F.);
#8698 = EDGE_CURVE('',#8699,#8699,#8701,.T.);
#8699 = VERTEX_POINT('',#8700);
#8700 = CARTESIAN_POINT('',(-40.,-50.10134375673,15.625044127447));
#8701 = SURFACE_CURVE('',#8702,(#8707,#8714),.PCURVE_S1.);
#8702 = CIRCLE('',#8703,2.);
#8703 = AXIS2_PLACEMENT_3D('',#8704,#8705,#8706);
#8704 = CARTESIAN_POINT('',(-42.,-50.10134375673,15.625044127447));
#8705 = DIRECTION('',(0.,-0.253359391838,0.96737222338));
#8706 = DIRECTION('',(1.,0.,0.));
#8707 = PCURVE('',#2664,#8708);
#8708 = DEFINITIONAL_REPRESENTATION('',(#8709),#8713);
#8709 = LINE('',#8710,#8711);
#8710 = CARTESIAN_POINT('',(-0.,-0.4));
#8711 = VECTOR('',#8712,1.);
#8712 = DIRECTION('',(-1.,-0.));
#8713 = ( GEOMETRIC_REPRESENTATION_CONTEXT(2) 
PARAMETRIC_REPRESENTATION_CONTEXT() REPRESENTATION_CONTEXT('2D SPACE',''
  ) );
#8714 = PCURVE('',#8715,#8720);
#8715 = CYLINDRICAL_SURFACE('',#8716,2.);
#8716 = AXIS2_PLACEMENT_3D('',#8717,#8718,#8719);
#8717 = CARTESIAN_POINT('',(-42.,-50.,15.238095238095));
#8718 = DIRECTION('',(0.,-0.253359391838,0.96737222338));
#8719 = DIRECTION('',(1.,0.,0.));
#8720 = DEFINITIONAL_REPRESENTATION('',(#8721),#8725);
#8721 = LINE('',#8722,#8723);
#8722 = CARTESIAN_POINT('',(0.,0.4));
#8723 = VECTOR('',#8724,1.);
#8724 = DIRECTION('',(1.,0.));
#8725 = ( GEOMETRIC_REPRESENTATION_CONTEXT(2) 
PARAMETRIC_REPRESENTATION_CONTEXT() REPRESENTATION_CONTEXT('2D SPACE',''
  ) );
#8726 = ORIENTED_EDGE('',*,*,#8727,.F.);
#8727 = EDGE_CURVE('',#2648,#8699,#8728,.T.);
#8728 = SEAM_CURVE('',#8729,(#8733,#8740),.PCURVE_S1.);
#8729 = LINE('',#8730,#8731);
#8730 = CARTESIAN_POINT('',(-39.6,-50.,15.238095238095));
#8731 = VECTOR('',#8732,1.);
#8732 = DIRECTION('',(-0.707106781187,-0.179152144046,0.684035459084));
#8733 = PCURVE('',#2664,#8734);
#8734 = DEFINITIONAL_REPRESENTATION('',(#8735),#8739);
#8735 = LINE('',#8736,#8737);
#8736 = CARTESIAN_POINT('',(-6.28318530718,0.));
#8737 = VECTOR('',#8738,1.);
#8738 = DIRECTION('',(-0.,-1.));
#8739 = ( GEOMETRIC_REPRESENTATION_CONTEXT(2) 
PARAMETRIC_REPRESENTATION_CONTEXT() REPRESENTATION_CONTEXT('2D SPACE',''
  ) );
#8740 = PCURVE('',#2664,#8741);
#8741 = DEFINITIONAL_REPRESENTATION('',(#8742),#8746);
#8742 = LINE('',#8743,#8744);
#8743 = CARTESIAN_POINT('',(0.,-0.));
#8744 = VECTOR('',#8745,1.);
#8745 = DIRECTION('',(-0.,-1.));
#8746 = ( GEOMETRIC_REPRESENTATION_CONTEXT(2) 
PARAMETRIC_REPRESENTATION_CONTEXT() REPRESENTATION_CONTEXT('2D SPACE',''
  ) );
#8747 = ORIENTED_EDGE('',*,*,#2647,.T.);
#8748 = ORIENTED_EDGE('',*,*,#8727,.T.);
#8749 = ADVANCED_FACE('',(#8750),#2695,.F.);
#8750 = FACE_BOUND('',#8751,.F.);
#8751 = EDGE_LOOP('',(#8752,#8781,#8802,#8803));
#8752 = ORIENTED_EDGE('',*,*,#8753,.F.);
#8753 = EDGE_CURVE('',#8754,#8754,#8756,.T.);
#8754 = VERTEX_POINT('',#8755);
#8755 = CARTESIAN_POINT('',(44.,129.89865624326,62.767901270304));
#8756 = SURFACE_CURVE('',#8757,(#8762,#8769),.PCURVE_S1.);
#8757 = CIRCLE('',#8758,2.);
#8758 = AXIS2_PLACEMENT_3D('',#8759,#8760,#8761);
#8759 = CARTESIAN_POINT('',(42.,129.89865624326,62.767901270304));
#8760 = DIRECTION('',(0.,-0.253359391838,0.96737222338));
#8761 = DIRECTION('',(1.,0.,0.));
#8762 = PCURVE('',#2695,#8763);
#8763 = DEFINITIONAL_REPRESENTATION('',(#8764),#8768);
#8764 = LINE('',#8765,#8766);
#8765 = CARTESIAN_POINT('',(-0.,-0.4));
#8766 = VECTOR('',#8767,1.);
#8767 = DIRECTION('',(-1.,-0.));
#8768 = ( GEOMETRIC_REPRESENTATION_CONTEXT(2) 
PARAMETRIC_REPRESENTATION_CONTEXT() REPRESENTATION_CONTEXT('2D SPACE',''
  ) );
#8769 = PCURVE('',#8770,#8775);
#8770 = CYLINDRICAL_SURFACE('',#8771,2.);
#8771 = AXIS2_PLACEMENT_3D('',#8772,#8773,#8774);
#8772 = CARTESIAN_POINT('',(42.,130.,62.380952380952));
#8773 = DIRECTION('',(0.,-0.253359391838,0.96737222338));
#8774 = DIRECTION('',(1.,0.,0.));
#8775 = DEFINITIONAL_REPRESENTATION('',(#8776),#8780);
#8776 = LINE('',#8777,#8778);
#8777 = CARTESIAN_POINT('',(0.,0.4));
#8778 = VECTOR('',#8779,1.);
#8779 = DIRECTION('',(1.,0.));
#8780 = ( GEOMETRIC_REPRESENTATION_CONTEXT(2) 
PARAMETRIC_REPRESENTATION_CONTEXT() REPRESENTATION_CONTEXT('2D SPACE',''
  ) );
#8781 = ORIENTED_EDGE('',*,*,#8782,.F.);
#8782 = EDGE_CURVE('',#2679,#8754,#8783,.T.);
#8783 = SEAM_CURVE('',#8784,(#8788,#8795),.PCURVE_S1.);
#8784 = LINE('',#8785,#8786);
#8785 = CARTESIAN_POINT('',(44.4,130.,62.380952380952));
#8786 = VECTOR('',#8787,1.);
#8787 = DIRECTION('',(-0.707106781187,-0.179152144046,0.684035459084));
#8788 = PCURVE('',#2695,#8789);
#8789 = DEFINITIONAL_REPRESENTATION('',(#8790),#8794);
#8790 = LINE('',#8791,#8792);
#8791 = CARTESIAN_POINT('',(-6.28318530718,0.));
#8792 = VECTOR('',#8793,1.);
#8793 = DIRECTION('',(-0.,-1.));
#8794 = ( GEOMETRIC_REPRESENTATION_CONTEXT(2) 
PARAMETRIC_REPRESENTATION_CONTEXT() REPRESENTATION_CONTEXT('2D SPACE',''
  ) );
#8795 = PCURVE('',#2695,#8796);
#8796 = DEFINITIONAL_REPRESENTATION('',(#8797),#8801);
#8797 = LINE('',#8798,#8799);
#8798 = CARTESIAN_POINT('',(0.,-0.));
#8799 = VECTOR('',#8800,1.);
#8800 = DIRECTION('',(-0.,-1.));
#8801 = ( GEOMETRIC_REPRESENTATION_CONTEXT(2) 
PARAMETRIC_REPRESENTATION_CONTEXT() REPRESENTATION_CONTEXT('2D SPACE',''
  ) );
#8802 = ORIENTED_EDGE('',*,*,#2678,.T.);
#8803 = ORIENTED_EDGE('',*,*,#8782,.T.);
#8804 = ADVANCED_FACE('',(#8805),#2726,.F.);
#8805 = FACE_BOUND('',#8806,.F.);
#8806 = EDGE_LOOP('',(#8807,#8836,#8857,#8858));
#8807 = ORIENTED_EDGE('',*,*,#8808,.F.);
#8808 = EDGE_CURVE('',#8809,#8809,#8811,.T.);
#8809 = VERTEX_POINT('',#8810);
#8810 = CARTESIAN_POINT('',(44.,-50.10134375673,15.625044127447));
#8811 = SURFACE_CURVE('',#8812,(#8817,#8824),.PCURVE_S1.);
#8812 = CIRCLE('',#8813,2.);
#8813 = AXIS2_PLACEMENT_3D('',#8814,#8815,#8816);
#8814 = CARTESIAN_POINT('',(42.,-50.10134375673,15.625044127447));
#8815 = DIRECTION('',(0.,-0.253359391838,0.96737222338));
#8816 = DIRECTION('',(1.,0.,0.));
#8817 = PCURVE('',#2726,#8818);
#8818 = DEFINITIONAL_REPRESENTATION('',(#8819),#8823);
#8819 = LINE('',#8820,#8821);
#8820 = CARTESIAN_POINT('',(-0.,-0.4));
#8821 = VECTOR('',#8822,1.);
#8822 = DIRECTION('',(-1.,-0.));
#8823 = ( GEOMETRIC_REPRESENTATION_CONTEXT(2) 
PARAMETRIC_REPRESENTATION_CONTEXT() REPRESENTATION_CONTEXT('2D SPACE',''
  ) );
#8824 = PCURVE('',#8825,#8830);
#8825 = CYLINDRICAL_SURFACE('',#8826,2.);
#8826 = AXIS2_PLACEMENT_3D('',#8827,#8828,#8829);
#8827 = CARTESIAN_POINT('',(42.,-50.,15.238095238095));
#8828 = DIRECTION('',(0.,-0.253359391838,0.96737222338));
#8829 = DIRECTION('',(1.,0.,0.));
#8830 = DEFINITIONAL_REPRESENTATION('',(#8831),#8835);
#8831 = LINE('',#8832,#8833);
#8832 = CARTESIAN_POINT('',(0.,0.4));
#8833 = VECTOR('',#8834,1.);
#8834 = DIRECTION('',(1.,0.));
#8835 = ( GEOMETRIC_REPRESENTATION_CONTEXT(2) 
PARAMETRIC_REPRESENTATION_CONTEXT() REPRESENTATION_CONTEXT('2D SPACE',''
  ) );
#8836 = ORIENTED_EDGE('',*,*,#8837,.F.);
#8837 = EDGE_CURVE('',#2710,#8809,#8838,.T.);
#8838 = SEAM_CURVE('',#8839,(#8843,#8850),.PCURVE_S1.);
#8839 = LINE('',#8840,#8841);
#8840 = CARTESIAN_POINT('',(44.4,-50.,15.238095238095));
#8841 = VECTOR('',#8842,1.);
#8842 = DIRECTION('',(-0.707106781187,-0.179152144046,0.684035459084));
#8843 = PCURVE('',#2726,#8844);
#8844 = DEFINITIONAL_REPRESENTATION('',(#8845),#8849);
#8845 = LINE('',#8846,#8847);
#8846 = CARTESIAN_POINT('',(-6.28318530718,0.));
#8847 = VECTOR('',#8848,1.);
#8848 = DIRECTION('',(-0.,-1.));
#8849 = ( GEOMETRIC_REPRESENTATION_CONTEXT(2) 
PARAMETRIC_REPRESENTATION_CONTEXT() REPRESENTATION_CONTEXT('2D SPACE',''
  ) );
#8850 = PCURVE('',#2726,#8851);
#8851 = DEFINITIONAL_REPRESENTATION('',(#8852),#8856);
#8852 = LINE('',#8853,#8854);
#8853 = CARTESIAN_POINT('',(0.,-0.));
#8854 = VECTOR('',#8855,1.);
#8855 = DIRECTION('',(-0.,-1.));
#8856 = ( GEOMETRIC_REPRESENTATION_CONTEXT(2) 
PARAMETRIC_REPRESENTATION_CONTEXT() REPRESENTATION_CONTEXT('2D SPACE',''
  ) );
#8857 = ORIENTED_EDGE('',*,*,#2709,.T.);
#8858 = ORIENTED_EDGE('',*,*,#8837,.T.);
#8859 = ADVANCED_FACE('',(#8860),#2801,.F.);
#8860 = FACE_BOUND('',#8861,.F.);
#8861 = EDGE_LOOP('',(#8862,#8863,#8864,#8865));
#8862 = ORIENTED_EDGE('',*,*,#2786,.T.);
#8863 = ORIENTED_EDGE('',*,*,#6627,.F.);
#8864 = ORIENTED_EDGE('',*,*,#6672,.T.);
#8865 = ORIENTED_EDGE('',*,*,#6806,.T.);
#8866 = ADVANCED_FACE('',(#8867),#2946,.F.);
#8867 = FACE_BOUND('',#8868,.F.);
#8868 = EDGE_LOOP('',(#8869,#8890,#8891,#8892));
#8869 = ORIENTED_EDGE('',*,*,#8870,.F.);
#8870 = EDGE_CURVE('',#2983,#8871,#8873,.T.);
#8871 = VERTEX_POINT('',#8872);
#8872 = CARTESIAN_POINT('',(-48.4,117.5,61.407142857143));
#8873 = SURFACE_CURVE('',#8874,(#8878,#8884),.PCURVE_S1.);
#8874 = LINE('',#8875,#8876);
#8875 = CARTESIAN_POINT('',(-48.4,117.5,67.845338519034));
#8876 = VECTOR('',#8877,1.);
#8877 = DIRECTION('',(-0.,0.,1.));
#8878 = PCURVE('',#2946,#8879);
#8879 = DEFINITIONAL_REPRESENTATION('',(#8880),#8883);
#8880 = B_SPLINE_CURVE_WITH_KNOTS('',1,(#8881,#8882),.UNSPECIFIED.,.F.,
  .F.,(2,2),(-66.24533851903,17.251637012685),.PIECEWISE_BEZIER_KNOTS.);
#8881 = CARTESIAN_POINT('',(-56.93691005234,-34.09067703806));
#8882 = CARTESIAN_POINT('',(-56.93691005234,49.406298493652));
#8883 = ( GEOMETRIC_REPRESENTATION_CONTEXT(2) 
PARAMETRIC_REPRESENTATION_CONTEXT() REPRESENTATION_CONTEXT('2D SPACE',''
  ) );
#8884 = PCURVE('',#3018,#8885);
#8885 = DEFINITIONAL_REPRESENTATION('',(#8886),#8889);
#8886 = B_SPLINE_CURVE_WITH_KNOTS('',1,(#8887,#8888),.UNSPECIFIED.,.F.,
  .F.,(2,2),(-66.24533851903,17.251637012685),.PIECEWISE_BEZIER_KNOTS.);
#8887 = CARTESIAN_POINT('',(6.1,-98.4));
#8888 = CARTESIAN_POINT('',(6.1,-14.90302446828));
#8889 = ( GEOMETRIC_REPRESENTATION_CONTEXT(2) 
PARAMETRIC_REPRESENTATION_CONTEXT() REPRESENTATION_CONTEXT('2D SPACE',''
  ) );
#8890 = ORIENTED_EDGE('',*,*,#2982,.T.);
#8891 = ORIENTED_EDGE('',*,*,#2931,.F.);
#8892 = ORIENTED_EDGE('',*,*,#8893,.T.);
#8893 = EDGE_CURVE('',#2906,#8871,#8894,.T.);
#8894 = SURFACE_CURVE('',#8895,(#8899,#8905),.PCURVE_S1.);
#8895 = LINE('',#8896,#8897);
#8896 = CARTESIAN_POINT('',(-48.4,98.957502243833,56.550774397194));
#8897 = VECTOR('',#8898,1.);
#8898 = DIRECTION('',(-0.,0.96737222338,0.253359391838));
#8899 = PCURVE('',#2946,#8900);
#8900 = DEFINITIONAL_REPRESENTATION('',(#8901),#8904);
#8901 = B_SPLINE_CURVE_WITH_KNOTS('',1,(#8902,#8903),.UNSPECIFIED.,.F.,
  .F.,(2,2),(-170.5212308737,42.426789568915),.PIECEWISE_BEZIER_KNOTS.);
#8902 = CARTESIAN_POINT('',(126.56308994765,-22.34305799044));
#8903 = CARTESIAN_POINT('',(-79.43691005234,31.609322961933));
#8904 = ( GEOMETRIC_REPRESENTATION_CONTEXT(2) 
PARAMETRIC_REPRESENTATION_CONTEXT() REPRESENTATION_CONTEXT('2D SPACE',''
  ) );
#8905 = PCURVE('',#2920,#8906);
#8906 = DEFINITIONAL_REPRESENTATION('',(#8907),#8910);
#8907 = B_SPLINE_CURVE_WITH_KNOTS('',1,(#8908,#8909),.UNSPECIFIED.,.F.,
  .F.,(2,2),(-170.5212308737,42.426789568915),.PIECEWISE_BEZIER_KNOTS.);
#8908 = CARTESIAN_POINT('',(212.94802044262,-48.4));
#8909 = CARTESIAN_POINT('',(0.,-48.4));
#8910 = ( GEOMETRIC_REPRESENTATION_CONTEXT(2) 
PARAMETRIC_REPRESENTATION_CONTEXT() REPRESENTATION_CONTEXT('2D SPACE',''
  ) );
#8911 = ADVANCED_FACE('',(#8912),#2920,.F.);
#8912 = FACE_BOUND('',#8913,.F.);
#8913 = EDGE_LOOP('',(#8914,#8933,#8934,#8935));
#8914 = ORIENTED_EDGE('',*,*,#8915,.F.);
#8915 = EDGE_CURVE('',#8871,#6764,#8916,.T.);
#8916 = SURFACE_CURVE('',#8917,(#8921,#8927),.PCURVE_S1.);
#8917 = LINE('',#8918,#8919);
#8918 = CARTESIAN_POINT('',(-27.25,117.5,61.407142857143));
#8919 = VECTOR('',#8920,1.);
#8920 = DIRECTION('',(1.,0.,0.));
#8921 = PCURVE('',#2920,#8922);
#8922 = DEFINITIONAL_REPRESENTATION('',(#8923),#8926);
#8923 = B_SPLINE_CURVE_WITH_KNOTS('',1,(#8924,#8925),.UNSPECIFIED.,.F.,
  .F.,(2,2),(-21.15,-2.25),.PIECEWISE_BEZIER_KNOTS.);
#8924 = CARTESIAN_POINT('',(23.258885727956,-48.4));
#8925 = CARTESIAN_POINT('',(23.258885727956,-29.5));
#8926 = ( GEOMETRIC_REPRESENTATION_CONTEXT(2) 
PARAMETRIC_REPRESENTATION_CONTEXT() REPRESENTATION_CONTEXT('2D SPACE',''
  ) );
#8927 = PCURVE('',#3018,#8928);
#8928 = DEFINITIONAL_REPRESENTATION('',(#8929),#8932);
#8929 = B_SPLINE_CURVE_WITH_KNOTS('',1,(#8930,#8931),.UNSPECIFIED.,.F.,
  .F.,(2,2),(-21.15,-2.25),.PIECEWISE_BEZIER_KNOTS.);
#8930 = CARTESIAN_POINT('',(6.1,-38.59285714285));
#8931 = CARTESIAN_POINT('',(25.,-38.59285714285));
#8932 = ( GEOMETRIC_REPRESENTATION_CONTEXT(2) 
PARAMETRIC_REPRESENTATION_CONTEXT() REPRESENTATION_CONTEXT('2D SPACE',''
  ) );
#8933 = ORIENTED_EDGE('',*,*,#8893,.F.);
#8934 = ORIENTED_EDGE('',*,*,#2905,.F.);
#8935 = ORIENTED_EDGE('',*,*,#6784,.T.);
#8936 = ADVANCED_FACE('',(#8937),#3120,.T.);
#8937 = FACE_BOUND('',#8938,.T.);
#8938 = EDGE_LOOP('',(#8939,#8961,#8962,#8963));
#8939 = ORIENTED_EDGE('',*,*,#8940,.F.);
#8940 = EDGE_CURVE('',#3077,#8941,#8943,.T.);
#8941 = VERTEX_POINT('',#8942);
#8942 = CARTESIAN_POINT('',(-42.,129.96807056754,82.237676892243));
#8943 = SURFACE_CURVE('',#8944,(#8948,#8955),.PCURVE_S1.);
#8944 = LINE('',#8945,#8946);
#8945 = CARTESIAN_POINT('',(-42.,153.83881550472,-8.905167413378));
#8946 = VECTOR('',#8947,1.);
#8947 = DIRECTION('',(0.,-0.253359391838,0.96737222338));
#8948 = PCURVE('',#3120,#8949);
#8949 = DEFINITIONAL_REPRESENTATION('',(#8950),#8954);
#8950 = LINE('',#8951,#8952);
#8951 = CARTESIAN_POINT('',(0.,5.));
#8952 = VECTOR('',#8953,1.);
#8953 = DIRECTION('',(1.,0.));
#8954 = ( GEOMETRIC_REPRESENTATION_CONTEXT(2) 
PARAMETRIC_REPRESENTATION_CONTEXT() REPRESENTATION_CONTEXT('2D SPACE',''
  ) );
#8955 = PCURVE('',#3093,#8956);
#8956 = DEFINITIONAL_REPRESENTATION('',(#8957),#8960);
#8957 = B_SPLINE_CURVE_WITH_KNOTS('',1,(#8958,#8959),.UNSPECIFIED.,.F.,
  .F.,(2,2),(0.,150.),.PIECEWISE_BEZIER_KNOTS.);
#8958 = CARTESIAN_POINT('',(7.853981633974,0.));
#8959 = CARTESIAN_POINT('',(7.853981633974,150.));
#8960 = ( GEOMETRIC_REPRESENTATION_CONTEXT(2) 
PARAMETRIC_REPRESENTATION_CONTEXT() REPRESENTATION_CONTEXT('2D SPACE',''
  ) );
#8961 = ORIENTED_EDGE('',*,*,#3105,.F.);
#8962 = ORIENTED_EDGE('',*,*,#6320,.F.);
#8963 = ORIENTED_EDGE('',*,*,#8964,.T.);
#8964 = EDGE_CURVE('',#6321,#8941,#8965,.T.);
#8965 = SURFACE_CURVE('',#8966,(#8970,#8976),.PCURVE_S1.);
#8966 = LINE('',#8967,#8968);
#8967 = CARTESIAN_POINT('',(-23.5,129.96807056754,82.237676892243));
#8968 = VECTOR('',#8969,1.);
#8969 = DIRECTION('',(1.,-0.,0.));
#8970 = PCURVE('',#3120,#8971);
#8971 = DEFINITIONAL_REPRESENTATION('',(#8972),#8975);
#8972 = B_SPLINE_CURVE_WITH_KNOTS('',1,(#8973,#8974),.UNSPECIFIED.,.F.,
  .F.,(2,2),(-22.5,-18.5),.PIECEWISE_BEZIER_KNOTS.);
#8973 = CARTESIAN_POINT('',(94.216933361126,1.));
#8974 = CARTESIAN_POINT('',(94.216933361126,5.));
#8975 = ( GEOMETRIC_REPRESENTATION_CONTEXT(2) 
PARAMETRIC_REPRESENTATION_CONTEXT() REPRESENTATION_CONTEXT('2D SPACE',''
  ) );
#8976 = PCURVE('',#6357,#8977);
#8977 = DEFINITIONAL_REPRESENTATION('',(#8978),#8981);
#8978 = B_SPLINE_CURVE_WITH_KNOTS('',1,(#8979,#8980),.UNSPECIFIED.,.F.,
  .F.,(2,2),(-22.5,-18.5),.PIECEWISE_BEZIER_KNOTS.);
#8979 = CARTESIAN_POINT('',(202.57773154037,-46.));
#8980 = CARTESIAN_POINT('',(202.57773154037,-42.));
#8981 = ( GEOMETRIC_REPRESENTATION_CONTEXT(2) 
PARAMETRIC_REPRESENTATION_CONTEXT() REPRESENTATION_CONTEXT('2D SPACE',''
  ) );
#8982 = ADVANCED_FACE('',(#8983),#3093,.T.);
#8983 = FACE_BOUND('',#8984,.T.);
#8984 = EDGE_LOOP('',(#8985,#9007,#9008,#9009,#9037,#9060,#9084,#9110,
    #9139,#9165));
#8985 = ORIENTED_EDGE('',*,*,#8986,.F.);
#8986 = EDGE_CURVE('',#3051,#8987,#8989,.T.);
#8987 = VERTEX_POINT('',#8988);
#8988 = CARTESIAN_POINT('',(-42.,122.52391098191,71.19120740812));
#8989 = SURFACE_CURVE('',#8990,(#8994,#9000),.PCURVE_S1.);
#8990 = LINE('',#8991,#8992);
#8991 = CARTESIAN_POINT('',(-42.,144.16509327092,-11.43876133175));
#8992 = VECTOR('',#8993,1.);
#8993 = DIRECTION('',(0.,-0.253359391838,0.96737222338));
#8994 = PCURVE('',#3093,#8995);
#8995 = DEFINITIONAL_REPRESENTATION('',(#8996),#8999);
#8996 = B_SPLINE_CURVE_WITH_KNOTS('',1,(#8997,#8998),.UNSPECIFIED.,.F.,
  .F.,(2,2),(0.,150.),.PIECEWISE_BEZIER_KNOTS.);
#8997 = CARTESIAN_POINT('',(4.712388980385,0.));
#8998 = CARTESIAN_POINT('',(4.712388980385,150.));
#8999 = ( GEOMETRIC_REPRESENTATION_CONTEXT(2) 
PARAMETRIC_REPRESENTATION_CONTEXT() REPRESENTATION_CONTEXT('2D SPACE',''
  ) );
#9000 = PCURVE('',#3065,#9001);
#9001 = DEFINITIONAL_REPRESENTATION('',(#9002),#9006);
#9002 = LINE('',#9003,#9004);
#9003 = CARTESIAN_POINT('',(0.,5.));
#9004 = VECTOR('',#9005,1.);
#9005 = DIRECTION('',(1.,0.));
#9006 = ( GEOMETRIC_REPRESENTATION_CONTEXT(2) 
PARAMETRIC_REPRESENTATION_CONTEXT() REPRESENTATION_CONTEXT('2D SPACE',''
  ) );
#9007 = ORIENTED_EDGE('',*,*,#3076,.T.);
#9008 = ORIENTED_EDGE('',*,*,#8940,.T.);
#9009 = ORIENTED_EDGE('',*,*,#9010,.F.);
#9010 = EDGE_CURVE('',#9011,#8941,#9013,.T.);
#9011 = VERTEX_POINT('',#9012);
#9012 = CARTESIAN_POINT('',(-37.00143175942,125.24695319979,
    81.00119377212));
#9013 = SURFACE_CURVE('',#9014,(#9019,#9026),.PCURVE_S1.);
#9014 = CIRCLE('',#9015,5.);
#9015 = AXIS2_PLACEMENT_3D('',#9016,#9017,#9018);
#9016 = CARTESIAN_POINT('',(-42.,125.13120945064,80.970879933055));
#9017 = DIRECTION('',(0.,-0.253359391838,0.96737222338));
#9018 = DIRECTION('',(1.,0.,0.));
#9019 = PCURVE('',#3093,#9020);
#9020 = DEFINITIONAL_REPRESENTATION('',(#9021),#9025);
#9021 = LINE('',#9022,#9023);
#9022 = CARTESIAN_POINT('',(6.28318530718,94.216933361126));
#9023 = VECTOR('',#9024,1.);
#9024 = DIRECTION('',(1.,0.));
#9025 = ( GEOMETRIC_REPRESENTATION_CONTEXT(2) 
PARAMETRIC_REPRESENTATION_CONTEXT() REPRESENTATION_CONTEXT('2D SPACE',''
  ) );
#9026 = PCURVE('',#6357,#9027);
#9027 = DEFINITIONAL_REPRESENTATION('',(#9028),#9036);
#9028 = ( BOUNDED_CURVE() B_SPLINE_CURVE(2,(#9029,#9030,#9031,#9032,
#9033,#9034,#9035),.UNSPECIFIED.,.T.,.F.) B_SPLINE_CURVE_WITH_KNOTS((1,2
    ,2,2,2,1),(-2.094395102393,0.,2.094395102393,4.188790204786,
6.28318530718,8.377580409573),.UNSPECIFIED.) CURVE() 
GEOMETRIC_REPRESENTATION_ITEM() RATIONAL_B_SPLINE_CURVE((1.,0.5,1.,0.5,
1.,0.5,1.)) REPRESENTATION_ITEM('') );
#9029 = CARTESIAN_POINT('',(197.57773154037,-37.));
#9030 = CARTESIAN_POINT('',(206.23798557822,-37.));
#9031 = CARTESIAN_POINT('',(201.90785855929,-44.5));
#9032 = CARTESIAN_POINT('',(197.57773154037,-52.));
#9033 = CARTESIAN_POINT('',(193.24760452145,-44.5));
#9034 = CARTESIAN_POINT('',(188.91747750253,-37.));
#9035 = CARTESIAN_POINT('',(197.57773154037,-37.));
#9036 = ( GEOMETRIC_REPRESENTATION_CONTEXT(2) 
PARAMETRIC_REPRESENTATION_CONTEXT() REPRESENTATION_CONTEXT('2D SPACE',''
  ) );
#9037 = ORIENTED_EDGE('',*,*,#9038,.T.);
#9038 = EDGE_CURVE('',#9011,#9039,#9041,.T.);
#9039 = VERTEX_POINT('',#9040);
#9040 = CARTESIAN_POINT('',(-37.00143175942,127.47651584797,
    72.488318206374));
#9041 = SURFACE_CURVE('',#9042,(#9046,#9053),.PCURVE_S1.);
#9042 = LINE('',#9043,#9044);
#9043 = CARTESIAN_POINT('',(-37.00143175942,125.24695319979,
    81.00119377212));
#9044 = VECTOR('',#9045,1.);
#9045 = DIRECTION('',(-7.347657835701E-14,0.253359391838,-0.96737222338)
  );
#9046 = PCURVE('',#3093,#9047);
#9047 = DEFINITIONAL_REPRESENTATION('',(#9048),#9052);
#9048 = LINE('',#9049,#9050);
#9049 = CARTESIAN_POINT('',(6.307117108288,94.216933361126));
#9050 = VECTOR('',#9051,1.);
#9051 = DIRECTION('',(-0.,-1.));
#9052 = ( GEOMETRIC_REPRESENTATION_CONTEXT(2) 
PARAMETRIC_REPRESENTATION_CONTEXT() REPRESENTATION_CONTEXT('2D SPACE',''
  ) );
#9053 = PCURVE('',#8658,#9054);
#9054 = DEFINITIONAL_REPRESENTATION('',(#9055),#9059);
#9055 = LINE('',#9056,#9057);
#9056 = CARTESIAN_POINT('',(6.898568240576,6.3));
#9057 = VECTOR('',#9058,1.);
#9058 = DIRECTION('',(-7.347657835701E-14,-1.));
#9059 = ( GEOMETRIC_REPRESENTATION_CONTEXT(2) 
PARAMETRIC_REPRESENTATION_CONTEXT() REPRESENTATION_CONTEXT('2D SPACE',''
  ) );
#9060 = ORIENTED_EDGE('',*,*,#9061,.F.);
#9061 = EDGE_CURVE('',#9062,#9039,#9064,.T.);
#9062 = VERTEX_POINT('',#9063);
#9063 = CARTESIAN_POINT('',(-38.72754899054,123.70376417678,
    71.500216578207));
#9064 = SURFACE_CURVE('',#9065,(#9070,#9077),.PCURVE_S1.);
#9065 = CIRCLE('',#9066,5.);
#9066 = AXIS2_PLACEMENT_3D('',#9067,#9068,#9069);
#9067 = CARTESIAN_POINT('',(-42.,127.36077209881,72.458004367309));
#9068 = DIRECTION('',(0.,-0.253359391838,0.96737222338));
#9069 = DIRECTION('',(1.,0.,0.));
#9070 = PCURVE('',#3093,#9071);
#9071 = DEFINITIONAL_REPRESENTATION('',(#9072),#9076);
#9072 = LINE('',#9073,#9074);
#9073 = CARTESIAN_POINT('',(0.,85.416933361126));
#9074 = VECTOR('',#9075,1.);
#9075 = DIRECTION('',(1.,0.));
#9076 = ( GEOMETRIC_REPRESENTATION_CONTEXT(2) 
PARAMETRIC_REPRESENTATION_CONTEXT() REPRESENTATION_CONTEXT('2D SPACE',''
  ) );
#9077 = PCURVE('',#8632,#9078);
#9078 = DEFINITIONAL_REPRESENTATION('',(#9079),#9083);
#9079 = CIRCLE('',#9080,5.);
#9080 = AXIS2_PLACEMENT_2D('',#9081,#9082);
#9081 = CARTESIAN_POINT('',(-42.,66.280352416204));
#9082 = DIRECTION('',(1.,0.));
#9083 = ( GEOMETRIC_REPRESENTATION_CONTEXT(2) 
PARAMETRIC_REPRESENTATION_CONTEXT() REPRESENTATION_CONTEXT('2D SPACE',''
  ) );
#9084 = ORIENTED_EDGE('',*,*,#9085,.F.);
#9085 = EDGE_CURVE('',#9086,#9062,#9088,.T.);
#9086 = VERTEX_POINT('',#9087);
#9087 = CARTESIAN_POINT('',(-38.72754899054,124.84388144005,
    67.147041572996));
#9088 = SURFACE_CURVE('',#9089,(#9093,#9099),.PCURVE_S1.);
#9089 = LINE('',#9090,#9091);
#9090 = CARTESIAN_POINT('',(-38.72754899054,145.3449464658,
    -11.12975216166));
#9091 = VECTOR('',#9092,1.);
#9092 = DIRECTION('',(0.,-0.253359391838,0.96737222338));
#9093 = PCURVE('',#3093,#9094);
#9094 = DEFINITIONAL_REPRESENTATION('',(#9095),#9098);
#9095 = B_SPLINE_CURVE_WITH_KNOTS('',1,(#9096,#9097),.UNSPECIFIED.,.F.,
  .F.,(2,2),(80.466933361126,85.866933361126),.PIECEWISE_BEZIER_KNOTS.);
#9096 = CARTESIAN_POINT('',(5.425897130656,80.466933361126));
#9097 = CARTESIAN_POINT('',(5.425897130656,85.866933361126));
#9098 = ( GEOMETRIC_REPRESENTATION_CONTEXT(2) 
PARAMETRIC_REPRESENTATION_CONTEXT() REPRESENTATION_CONTEXT('2D SPACE',''
  ) );
#9099 = PCURVE('',#9100,#9105);
#9100 = PLANE('',#9101);
#9101 = AXIS2_PLACEMENT_3D('',#9102,#9103,#9104);
#9102 = CARTESIAN_POINT('',(-40.,124.27382280842,69.323629075602));
#9103 = DIRECTION('',(0.,-0.96737222338,-0.253359391838));
#9104 = DIRECTION('',(1.,0.,0.));
#9105 = DEFINITIONAL_REPRESENTATION('',(#9106),#9109);
#9106 = B_SPLINE_CURVE_WITH_KNOTS('',1,(#9107,#9108),.UNSPECIFIED.,.F.,
  .F.,(2,2),(80.466933361126,85.866933361126),.PIECEWISE_BEZIER_KNOTS.);
#9107 = CARTESIAN_POINT('',(1.272451009458,-2.7));
#9108 = CARTESIAN_POINT('',(1.272451009458,2.7));
#9109 = ( GEOMETRIC_REPRESENTATION_CONTEXT(2) 
PARAMETRIC_REPRESENTATION_CONTEXT() REPRESENTATION_CONTEXT('2D SPACE',''
  ) );
#9110 = ORIENTED_EDGE('',*,*,#9111,.F.);
#9111 = EDGE_CURVE('',#9112,#9086,#9114,.T.);
#9112 = VERTEX_POINT('',#9113);
#9113 = CARTESIAN_POINT('',(-40.,124.06783292324,66.943790770973));
#9114 = SURFACE_CURVE('',#9115,(#9120,#9127),.PCURVE_S1.);
#9115 = CIRCLE('',#9116,5.);
#9116 = AXIS2_PLACEMENT_3D('',#9117,#9118,#9119);
#9117 = CARTESIAN_POINT('',(-42.,128.50088936208,68.104829362097));
#9118 = DIRECTION('',(0.,-0.253359391838,0.96737222338));
#9119 = DIRECTION('',(1.,0.,0.));
#9120 = PCURVE('',#3093,#9121);
#9121 = DEFINITIONAL_REPRESENTATION('',(#9122),#9126);
#9122 = LINE('',#9123,#9124);
#9123 = CARTESIAN_POINT('',(0.,80.916933361126));
#9124 = VECTOR('',#9125,1.);
#9125 = DIRECTION('',(1.,0.));
#9126 = ( GEOMETRIC_REPRESENTATION_CONTEXT(2) 
PARAMETRIC_REPRESENTATION_CONTEXT() REPRESENTATION_CONTEXT('2D SPACE',''
  ) );
#9127 = PCURVE('',#9128,#9133);
#9128 = PLANE('',#9129);
#9129 = AXIS2_PLACEMENT_3D('',#9130,#9131,#9132);
#9130 = CARTESIAN_POINT('',(-34.,119.03964809977,65.62688522197));
#9131 = DIRECTION('',(0.,-0.253359391838,0.96737222338));
#9132 = DIRECTION('',(1.,0.,0.));
#9133 = DEFINITIONAL_REPRESENTATION('',(#9134),#9138);
#9134 = CIRCLE('',#9135,5.);
#9135 = AXIS2_PLACEMENT_2D('',#9136,#9137);
#9136 = CARTESIAN_POINT('',(-8.,9.780352416204));
#9137 = DIRECTION('',(1.,0.));
#9138 = ( GEOMETRIC_REPRESENTATION_CONTEXT(2) 
PARAMETRIC_REPRESENTATION_CONTEXT() REPRESENTATION_CONTEXT('2D SPACE',''
  ) );
#9139 = ORIENTED_EDGE('',*,*,#9140,.T.);
#9140 = EDGE_CURVE('',#9112,#9141,#9143,.T.);
#9141 = VERTEX_POINT('',#9142);
#9142 = CARTESIAN_POINT('',(-40.,122.92771565997,71.296965776184));
#9143 = SURFACE_CURVE('',#9144,(#9148,#9154),.PCURVE_S1.);
#9144 = LINE('',#9145,#9146);
#9145 = CARTESIAN_POINT('',(-40.,144.56889794898,-11.33300296369));
#9146 = VECTOR('',#9147,1.);
#9147 = DIRECTION('',(0.,-0.253359391838,0.96737222338));
#9148 = PCURVE('',#3093,#9149);
#9149 = DEFINITIONAL_REPRESENTATION('',(#9150),#9153);
#9150 = B_SPLINE_CURVE_WITH_KNOTS('',1,(#9151,#9152),.UNSPECIFIED.,.F.,
  .F.,(2,2),(80.466933361126,85.866933361126),.PIECEWISE_BEZIER_KNOTS.);
#9151 = CARTESIAN_POINT('',(5.123905826452,80.466933361126));
#9152 = CARTESIAN_POINT('',(5.123905826452,85.866933361126));
#9153 = ( GEOMETRIC_REPRESENTATION_CONTEXT(2) 
PARAMETRIC_REPRESENTATION_CONTEXT() REPRESENTATION_CONTEXT('2D SPACE',''
  ) );
#9154 = PCURVE('',#9155,#9160);
#9155 = PLANE('',#9156);
#9156 = AXIS2_PLACEMENT_3D('',#9157,#9158,#9159);
#9157 = CARTESIAN_POINT('',(-40.,112.66535612786,66.283316373549));
#9158 = DIRECTION('',(1.,0.,-0.));
#9159 = DIRECTION('',(0.,0.96737222338,0.253359391838));
#9160 = DEFINITIONAL_REPRESENTATION('',(#9161),#9164);
#9161 = B_SPLINE_CURVE_WITH_KNOTS('',1,(#9162,#9163),.UNSPECIFIED.,.F.,
  .F.,(2,2),(80.466933361126,85.866933361126),.PIECEWISE_BEZIER_KNOTS.);
#9162 = CARTESIAN_POINT('',(11.197776721248,-2.7));
#9163 = CARTESIAN_POINT('',(11.197776721248,2.7));
#9164 = ( GEOMETRIC_REPRESENTATION_CONTEXT(2) 
PARAMETRIC_REPRESENTATION_CONTEXT() REPRESENTATION_CONTEXT('2D SPACE',''
  ) );
#9165 = ORIENTED_EDGE('',*,*,#9166,.F.);
#9166 = EDGE_CURVE('',#8987,#9141,#9167,.T.);
#9167 = SURFACE_CURVE('',#9168,(#9173,#9180),.PCURVE_S1.);
#9168 = CIRCLE('',#9169,5.);
#9169 = AXIS2_PLACEMENT_3D('',#9170,#9171,#9172);
#9170 = CARTESIAN_POINT('',(-42.,127.36077209881,72.458004367309));
#9171 = DIRECTION('',(0.,-0.253359391838,0.96737222338));
#9172 = DIRECTION('',(1.,0.,0.));
#9173 = PCURVE('',#3093,#9174);
#9174 = DEFINITIONAL_REPRESENTATION('',(#9175),#9179);
#9175 = LINE('',#9176,#9177);
#9176 = CARTESIAN_POINT('',(0.,85.416933361126));
#9177 = VECTOR('',#9178,1.);
#9178 = DIRECTION('',(1.,0.));
#9179 = ( GEOMETRIC_REPRESENTATION_CONTEXT(2) 
PARAMETRIC_REPRESENTATION_CONTEXT() REPRESENTATION_CONTEXT('2D SPACE',''
  ) );
#9180 = PCURVE('',#8443,#9181);
#9181 = DEFINITIONAL_REPRESENTATION('',(#9182),#9186);
#9182 = CIRCLE('',#9183,5.);
#9183 = AXIS2_PLACEMENT_2D('',#9184,#9185);
#9184 = CARTESIAN_POINT('',(-42.,66.280352416204));
#9185 = DIRECTION('',(1.,0.));
#9186 = ( GEOMETRIC_REPRESENTATION_CONTEXT(2) 
PARAMETRIC_REPRESENTATION_CONTEXT() REPRESENTATION_CONTEXT('2D SPACE',''
  ) );
#9187 = ADVANCED_FACE('',(#9188),#3065,.F.);
#9188 = FACE_BOUND('',#9189,.F.);
#9189 = EDGE_LOOP('',(#9190,#9191,#9192,#9193,#9214,#9242));
#9190 = ORIENTED_EDGE('',*,*,#8986,.F.);
#9191 = ORIENTED_EDGE('',*,*,#3050,.F.);
#9192 = ORIENTED_EDGE('',*,*,#6743,.F.);
#9193 = ORIENTED_EDGE('',*,*,#9194,.T.);
#9194 = EDGE_CURVE('',#6716,#9195,#9197,.T.);
#9195 = VERTEX_POINT('',#9196);
#9196 = CARTESIAN_POINT('',(-43.9,120.29434833373,79.704082973866));
#9197 = SURFACE_CURVE('',#9198,(#9202,#9208),.PCURVE_S1.);
#9198 = LINE('',#9199,#9200);
#9199 = CARTESIAN_POINT('',(-23.5,120.29434833373,79.704082973866));
#9200 = VECTOR('',#9201,1.);
#9201 = DIRECTION('',(1.,-0.,0.));
#9202 = PCURVE('',#3065,#9203);
#9203 = DEFINITIONAL_REPRESENTATION('',(#9204),#9207);
#9204 = B_SPLINE_CURVE_WITH_KNOTS('',1,(#9205,#9206),.UNSPECIFIED.,.F.,
  .F.,(2,2),(-22.5,-18.5),.PIECEWISE_BEZIER_KNOTS.);
#9205 = CARTESIAN_POINT('',(94.216933361126,1.));
#9206 = CARTESIAN_POINT('',(94.216933361126,5.));
#9207 = ( GEOMETRIC_REPRESENTATION_CONTEXT(2) 
PARAMETRIC_REPRESENTATION_CONTEXT() REPRESENTATION_CONTEXT('2D SPACE',''
  ) );
#9208 = PCURVE('',#6731,#9209);
#9209 = DEFINITIONAL_REPRESENTATION('',(#9210),#9213);
#9210 = B_SPLINE_CURVE_WITH_KNOTS('',1,(#9211,#9212),.UNSPECIFIED.,.F.,
  .F.,(2,2),(-22.5,-18.5),.PIECEWISE_BEZIER_KNOTS.);
#9211 = CARTESIAN_POINT('',(192.57773154037,-46.));
#9212 = CARTESIAN_POINT('',(192.57773154037,-42.));
#9213 = ( GEOMETRIC_REPRESENTATION_CONTEXT(2) 
PARAMETRIC_REPRESENTATION_CONTEXT() REPRESENTATION_CONTEXT('2D SPACE',''
  ) );
#9214 = ORIENTED_EDGE('',*,*,#9215,.T.);
#9215 = EDGE_CURVE('',#9195,#9216,#9218,.T.);
#9216 = VERTEX_POINT('',#9217);
#9217 = CARTESIAN_POINT('',(-43.9,122.52391098191,71.19120740812));
#9218 = SURFACE_CURVE('',#9219,(#9223,#9230),.PCURVE_S1.);
#9219 = LINE('',#9220,#9221);
#9220 = CARTESIAN_POINT('',(-43.9,120.29434833373,79.704082973866));
#9221 = VECTOR('',#9222,1.);
#9222 = DIRECTION('',(0.,0.253359391838,-0.96737222338));
#9223 = PCURVE('',#3065,#9224);
#9224 = DEFINITIONAL_REPRESENTATION('',(#9225),#9229);
#9225 = LINE('',#9226,#9227);
#9226 = CARTESIAN_POINT('',(94.216933361126,3.1));
#9227 = VECTOR('',#9228,1.);
#9228 = DIRECTION('',(-1.,0.));
#9229 = ( GEOMETRIC_REPRESENTATION_CONTEXT(2) 
PARAMETRIC_REPRESENTATION_CONTEXT() REPRESENTATION_CONTEXT('2D SPACE',''
  ) );
#9230 = PCURVE('',#9231,#9236);
#9231 = PLANE('',#9232);
#9232 = AXIS2_PLACEMENT_3D('',#9233,#9234,#9235);
#9233 = CARTESIAN_POINT('',(-43.9,-1.62391389652,41.26062152878));
#9234 = DIRECTION('',(1.,0.,-0.));
#9235 = DIRECTION('',(0.,0.96737222338,0.253359391838));
#9236 = DEFINITIONAL_REPRESENTATION('',(#9237),#9241);
#9237 = LINE('',#9238,#9239);
#9238 = CARTESIAN_POINT('',(127.6803524162,6.3));
#9239 = VECTOR('',#9240,1.);
#9240 = DIRECTION('',(1.137978600241E-15,-1.));
#9241 = ( GEOMETRIC_REPRESENTATION_CONTEXT(2) 
PARAMETRIC_REPRESENTATION_CONTEXT() REPRESENTATION_CONTEXT('2D SPACE',''
  ) );
#9242 = ORIENTED_EDGE('',*,*,#9243,.T.);
#9243 = EDGE_CURVE('',#9216,#8987,#9244,.T.);
#9244 = SURFACE_CURVE('',#9245,(#9249,#9255),.PCURVE_S1.);
#9245 = LINE('',#9246,#9247);
#9246 = CARTESIAN_POINT('',(-23.5,122.52391098191,71.19120740812));
#9247 = VECTOR('',#9248,1.);
#9248 = DIRECTION('',(1.,0.,-0.));
#9249 = PCURVE('',#3065,#9250);
#9250 = DEFINITIONAL_REPRESENTATION('',(#9251),#9254);
#9251 = B_SPLINE_CURVE_WITH_KNOTS('',1,(#9252,#9253),.UNSPECIFIED.,.F.,
  .F.,(2,2),(-20.4,-18.5),.PIECEWISE_BEZIER_KNOTS.);
#9252 = CARTESIAN_POINT('',(85.416933361126,3.1));
#9253 = CARTESIAN_POINT('',(85.416933361126,5.));
#9254 = ( GEOMETRIC_REPRESENTATION_CONTEXT(2) 
PARAMETRIC_REPRESENTATION_CONTEXT() REPRESENTATION_CONTEXT('2D SPACE',''
  ) );
#9255 = PCURVE('',#8443,#9256);
#9256 = DEFINITIONAL_REPRESENTATION('',(#9257),#9260);
#9257 = B_SPLINE_CURVE_WITH_KNOTS('',1,(#9258,#9259),.UNSPECIFIED.,.F.,
  .F.,(2,2),(-20.4,-18.5),.PIECEWISE_BEZIER_KNOTS.);
#9258 = CARTESIAN_POINT('',(-43.9,61.280352416204));
#9259 = CARTESIAN_POINT('',(-42.,61.280352416204));
#9260 = ( GEOMETRIC_REPRESENTATION_CONTEXT(2) 
PARAMETRIC_REPRESENTATION_CONTEXT() REPRESENTATION_CONTEXT('2D SPACE',''
  ) );
#9261 = ADVANCED_FACE('',(#9262),#3018,.T.);
#9262 = FACE_BOUND('',#9263,.T.);
#9263 = EDGE_LOOP('',(#9264,#9265,#9266,#9267));
#9264 = ORIENTED_EDGE('',*,*,#8870,.F.);
#9265 = ORIENTED_EDGE('',*,*,#3003,.T.);
#9266 = ORIENTED_EDGE('',*,*,#6763,.T.);
#9267 = ORIENTED_EDGE('',*,*,#8915,.F.);
#9268 = ADVANCED_FACE('',(#9269),#3169,.F.);
#9269 = FACE_BOUND('',#9270,.F.);
#9270 = EDGE_LOOP('',(#9271,#9300,#9321,#9322));
#9271 = ORIENTED_EDGE('',*,*,#9272,.F.);
#9272 = EDGE_CURVE('',#9273,#9273,#9275,.T.);
#9273 = VERTEX_POINT('',#9274);
#9274 = CARTESIAN_POINT('',(-40.,129.89865624326,62.767901270304));
#9275 = SURFACE_CURVE('',#9276,(#9281,#9288),.PCURVE_S1.);
#9276 = CIRCLE('',#9277,2.);
#9277 = AXIS2_PLACEMENT_3D('',#9278,#9279,#9280);
#9278 = CARTESIAN_POINT('',(-42.,129.89865624326,62.767901270304));
#9279 = DIRECTION('',(0.,-0.253359391838,0.96737222338));
#9280 = DIRECTION('',(1.,0.,0.));
#9281 = PCURVE('',#3169,#9282);
#9282 = DEFINITIONAL_REPRESENTATION('',(#9283),#9287);
#9283 = LINE('',#9284,#9285);
#9284 = CARTESIAN_POINT('',(-0.,-0.4));
#9285 = VECTOR('',#9286,1.);
#9286 = DIRECTION('',(-1.,-0.));
#9287 = ( GEOMETRIC_REPRESENTATION_CONTEXT(2) 
PARAMETRIC_REPRESENTATION_CONTEXT() REPRESENTATION_CONTEXT('2D SPACE',''
  ) );
#9288 = PCURVE('',#9289,#9294);
#9289 = CYLINDRICAL_SURFACE('',#9290,2.);
#9290 = AXIS2_PLACEMENT_3D('',#9291,#9292,#9293);
#9291 = CARTESIAN_POINT('',(-42.,130.,62.380952380952));
#9292 = DIRECTION('',(0.,-0.253359391838,0.96737222338));
#9293 = DIRECTION('',(1.,0.,0.));
#9294 = DEFINITIONAL_REPRESENTATION('',(#9295),#9299);
#9295 = LINE('',#9296,#9297);
#9296 = CARTESIAN_POINT('',(0.,0.4));
#9297 = VECTOR('',#9298,1.);
#9298 = DIRECTION('',(1.,0.));
#9299 = ( GEOMETRIC_REPRESENTATION_CONTEXT(2) 
PARAMETRIC_REPRESENTATION_CONTEXT() REPRESENTATION_CONTEXT('2D SPACE',''
  ) );
#9300 = ORIENTED_EDGE('',*,*,#9301,.F.);
#9301 = EDGE_CURVE('',#3153,#9273,#9302,.T.);
#9302 = SEAM_CURVE('',#9303,(#9307,#9314),.PCURVE_S1.);
#9303 = LINE('',#9304,#9305);
#9304 = CARTESIAN_POINT('',(-39.6,130.,62.380952380952));
#9305 = VECTOR('',#9306,1.);
#9306 = DIRECTION('',(-0.707106781187,-0.179152144046,0.684035459084));
#9307 = PCURVE('',#3169,#9308);
#9308 = DEFINITIONAL_REPRESENTATION('',(#9309),#9313);
#9309 = LINE('',#9310,#9311);
#9310 = CARTESIAN_POINT('',(-6.28318530718,0.));
#9311 = VECTOR('',#9312,1.);
#9312 = DIRECTION('',(-0.,-1.));
#9313 = ( GEOMETRIC_REPRESENTATION_CONTEXT(2) 
PARAMETRIC_REPRESENTATION_CONTEXT() REPRESENTATION_CONTEXT('2D SPACE',''
  ) );
#9314 = PCURVE('',#3169,#9315);
#9315 = DEFINITIONAL_REPRESENTATION('',(#9316),#9320);
#9316 = LINE('',#9317,#9318);
#9317 = CARTESIAN_POINT('',(0.,-0.));
#9318 = VECTOR('',#9319,1.);
#9319 = DIRECTION('',(-0.,-1.));
#9320 = ( GEOMETRIC_REPRESENTATION_CONTEXT(2) 
PARAMETRIC_REPRESENTATION_CONTEXT() REPRESENTATION_CONTEXT('2D SPACE',''
  ) );
#9321 = ORIENTED_EDGE('',*,*,#3152,.T.);
#9322 = ORIENTED_EDGE('',*,*,#9301,.T.);
#9323 = ADVANCED_FACE('',(#9324),#3224,.T.);
#9324 = FACE_BOUND('',#9325,.T.);
#9325 = EDGE_LOOP('',(#9326,#9327,#9328,#9329));
#9326 = ORIENTED_EDGE('',*,*,#5970,.F.);
#9327 = ORIENTED_EDGE('',*,*,#4452,.T.);
#9328 = ORIENTED_EDGE('',*,*,#3208,.T.);
#9329 = ORIENTED_EDGE('',*,*,#5709,.F.);
#9330 = ADVANCED_FACE('',(#9331),#3278,.T.);
#9331 = FACE_BOUND('',#9332,.T.);
#9332 = EDGE_LOOP('',(#9333,#9354,#9355,#9356));
#9333 = ORIENTED_EDGE('',*,*,#9334,.F.);
#9334 = EDGE_CURVE('',#3261,#4668,#9335,.T.);
#9335 = SURFACE_CURVE('',#9336,(#9340,#9347),.PCURVE_S1.);
#9336 = LINE('',#9337,#9338);
#9337 = CARTESIAN_POINT('',(-48.6,38.710170368826,49.707809069104));
#9338 = VECTOR('',#9339,1.);
#9339 = DIRECTION('',(0.,-0.253359391838,0.96737222338));
#9340 = PCURVE('',#3278,#9341);
#9341 = DEFINITIONAL_REPRESENTATION('',(#9342),#9346);
#9342 = LINE('',#9343,#9344);
#9343 = CARTESIAN_POINT('',(-17.,0.));
#9344 = VECTOR('',#9345,1.);
#9345 = DIRECTION('',(0.,1.));
#9346 = ( GEOMETRIC_REPRESENTATION_CONTEXT(2) 
PARAMETRIC_REPRESENTATION_CONTEXT() REPRESENTATION_CONTEXT('2D SPACE',''
  ) );
#9347 = PCURVE('',#3306,#9348);
#9348 = DEFINITIONAL_REPRESENTATION('',(#9349),#9353);
#9349 = LINE('',#9350,#9351);
#9350 = CARTESIAN_POINT('',(7.,0.));
#9351 = VECTOR('',#9352,1.);
#9352 = DIRECTION('',(1.,0.));
#9353 = ( GEOMETRIC_REPRESENTATION_CONTEXT(2) 
PARAMETRIC_REPRESENTATION_CONTEXT() REPRESENTATION_CONTEXT('2D SPACE',''
  ) );
#9354 = ORIENTED_EDGE('',*,*,#3260,.T.);
#9355 = ORIENTED_EDGE('',*,*,#5997,.T.);
#9356 = ORIENTED_EDGE('',*,*,#4667,.F.);
#9357 = ADVANCED_FACE('',(#9358),#4609,.T.);
#9358 = FACE_BOUND('',#9359,.T.);
#9359 = EDGE_LOOP('',(#9360,#9361,#9362,#9363));
#9360 = ORIENTED_EDGE('',*,*,#6024,.F.);
#9361 = ORIENTED_EDGE('',*,*,#4593,.T.);
#9362 = ORIENTED_EDGE('',*,*,#6051,.T.);
#9363 = ORIENTED_EDGE('',*,*,#5845,.F.);
#9364 = ADVANCED_FACE('',(#9365),#4536,.T.);
#9365 = FACE_BOUND('',#9366,.T.);
#9366 = EDGE_LOOP('',(#9367,#9368,#9369,#9370));
#9367 = ORIENTED_EDGE('',*,*,#6078,.F.);
#9368 = ORIENTED_EDGE('',*,*,#4520,.T.);
#9369 = ORIENTED_EDGE('',*,*,#5943,.T.);
#9370 = ORIENTED_EDGE('',*,*,#5777,.F.);
#9371 = ADVANCED_FACE('',(#9372),#4417,.T.);
#9372 = FACE_BOUND('',#9373,.T.);
#9373 = EDGE_LOOP('',(#9374,#9375,#9376,#9377));
#9374 = ORIENTED_EDGE('',*,*,#5916,.F.);
#9375 = ORIENTED_EDGE('',*,*,#4401,.T.);
#9376 = ORIENTED_EDGE('',*,*,#6267,.T.);
#9377 = ORIENTED_EDGE('',*,*,#5663,.F.);
#9378 = ADVANCED_FACE('',(#9379),#4344,.T.);
#9379 = FACE_BOUND('',#9380,.T.);
#9380 = EDGE_LOOP('',(#9381,#9382,#9383,#9384));
#9381 = ORIENTED_EDGE('',*,*,#6294,.F.);
#9382 = ORIENTED_EDGE('',*,*,#4328,.T.);
#9383 = ORIENTED_EDGE('',*,*,#6213,.T.);
#9384 = ORIENTED_EDGE('',*,*,#5595,.F.);
#9385 = ADVANCED_FACE('',(#9386),#4271,.T.);
#9386 = FACE_BOUND('',#9387,.T.);
#9387 = EDGE_LOOP('',(#9388,#9389,#9390,#9391));
#9388 = ORIENTED_EDGE('',*,*,#6240,.F.);
#9389 = ORIENTED_EDGE('',*,*,#4255,.T.);
#9390 = ORIENTED_EDGE('',*,*,#6105,.T.);
#9391 = ORIENTED_EDGE('',*,*,#5527,.F.);
#9392 = ADVANCED_FACE('',(#9393),#4198,.T.);
#9393 = FACE_BOUND('',#9394,.T.);
#9394 = EDGE_LOOP('',(#9395,#9396,#9397,#9398));
#9395 = ORIENTED_EDGE('',*,*,#6132,.F.);
#9396 = ORIENTED_EDGE('',*,*,#4182,.T.);
#9397 = ORIENTED_EDGE('',*,*,#6159,.T.);
#9398 = ORIENTED_EDGE('',*,*,#5459,.F.);
#9399 = ADVANCED_FACE('',(#9400),#4125,.T.);
#9400 = FACE_BOUND('',#9401,.T.);
#9401 = EDGE_LOOP('',(#9402,#9403,#9404,#9425));
#9402 = ORIENTED_EDGE('',*,*,#6186,.F.);
#9403 = ORIENTED_EDGE('',*,*,#4109,.T.);
#9404 = ORIENTED_EDGE('',*,*,#9405,.T.);
#9405 = EDGE_CURVE('',#4082,#5369,#9406,.T.);
#9406 = SURFACE_CURVE('',#9407,(#9411,#9418),.PCURVE_S1.);
#9407 = LINE('',#9408,#9409);
#9408 = CARTESIAN_POINT('',(-48.6,71.600825963755,58.322028391586));
#9409 = VECTOR('',#9410,1.);
#9410 = DIRECTION('',(0.,-0.253359391838,0.96737222338));
#9411 = PCURVE('',#4125,#9412);
#9412 = DEFINITIONAL_REPRESENTATION('',(#9413),#9417);
#9413 = LINE('',#9414,#9415);
#9414 = CARTESIAN_POINT('',(17.,0.));
#9415 = VECTOR('',#9416,1.);
#9416 = DIRECTION('',(0.,1.));
#9417 = ( GEOMETRIC_REPRESENTATION_CONTEXT(2) 
PARAMETRIC_REPRESENTATION_CONTEXT() REPRESENTATION_CONTEXT('2D SPACE',''
  ) );
#9418 = PCURVE('',#4097,#9419);
#9419 = DEFINITIONAL_REPRESENTATION('',(#9420),#9424);
#9420 = LINE('',#9421,#9422);
#9421 = CARTESIAN_POINT('',(7.,0.));
#9422 = VECTOR('',#9423,1.);
#9423 = DIRECTION('',(1.,0.));
#9424 = ( GEOMETRIC_REPRESENTATION_CONTEXT(2) 
PARAMETRIC_REPRESENTATION_CONTEXT() REPRESENTATION_CONTEXT('2D SPACE',''
  ) );
#9425 = ORIENTED_EDGE('',*,*,#5391,.F.);
#9426 = ADVANCED_FACE('',(#9427),#4097,.T.);
#9427 = FACE_BOUND('',#9428,.T.);
#9428 = EDGE_LOOP('',(#9429,#9430,#9451,#9452));
#9429 = ORIENTED_EDGE('',*,*,#4081,.T.);
#9430 = ORIENTED_EDGE('',*,*,#9431,.T.);
#9431 = EDGE_CURVE('',#4054,#5346,#9432,.T.);
#9432 = SURFACE_CURVE('',#9433,(#9437,#9444),.PCURVE_S1.);
#9433 = LINE('',#9434,#9435);
#9434 = CARTESIAN_POINT('',(-47.4,71.600825963755,58.322028391586));
#9435 = VECTOR('',#9436,1.);
#9436 = DIRECTION('',(0.,-0.253359391838,0.96737222338));
#9437 = PCURVE('',#4097,#9438);
#9438 = DEFINITIONAL_REPRESENTATION('',(#9439),#9443);
#9439 = LINE('',#9440,#9441);
#9440 = CARTESIAN_POINT('',(7.,-1.2));
#9441 = VECTOR('',#9442,1.);
#9442 = DIRECTION('',(1.,0.));
#9443 = ( GEOMETRIC_REPRESENTATION_CONTEXT(2) 
PARAMETRIC_REPRESENTATION_CONTEXT() REPRESENTATION_CONTEXT('2D SPACE',''
  ) );
#9444 = PCURVE('',#4069,#9445);
#9445 = DEFINITIONAL_REPRESENTATION('',(#9446),#9450);
#9446 = LINE('',#9447,#9448);
#9447 = CARTESIAN_POINT('',(17.,0.));
#9448 = VECTOR('',#9449,1.);
#9449 = DIRECTION('',(0.,1.));
#9450 = ( GEOMETRIC_REPRESENTATION_CONTEXT(2) 
PARAMETRIC_REPRESENTATION_CONTEXT() REPRESENTATION_CONTEXT('2D SPACE',''
  ) );
#9451 = ORIENTED_EDGE('',*,*,#5368,.F.);
#9452 = ORIENTED_EDGE('',*,*,#9405,.F.);
#9453 = ADVANCED_FACE('',(#9454),#4069,.F.);
#9454 = FACE_BOUND('',#9455,.F.);
#9455 = EDGE_LOOP('',(#9456,#9477,#9478,#9479));
#9456 = ORIENTED_EDGE('',*,*,#9457,.F.);
#9457 = EDGE_CURVE('',#4026,#5323,#9458,.T.);
#9458 = SURFACE_CURVE('',#9459,(#9463,#9470),.PCURVE_S1.);
#9459 = LINE('',#9460,#9461);
#9460 = CARTESIAN_POINT('',(-47.4,67.054176513868,57.131239249948));
#9461 = VECTOR('',#9462,1.);
#9462 = DIRECTION('',(0.,-0.253359391838,0.96737222338));
#9463 = PCURVE('',#4069,#9464);
#9464 = DEFINITIONAL_REPRESENTATION('',(#9465),#9469);
#9465 = LINE('',#9466,#9467);
#9466 = CARTESIAN_POINT('',(12.3,3.552713678801E-15));
#9467 = VECTOR('',#9468,1.);
#9468 = DIRECTION('',(0.,1.));
#9469 = ( GEOMETRIC_REPRESENTATION_CONTEXT(2) 
PARAMETRIC_REPRESENTATION_CONTEXT() REPRESENTATION_CONTEXT('2D SPACE',''
  ) );
#9470 = PCURVE('',#4041,#9471);
#9471 = DEFINITIONAL_REPRESENTATION('',(#9472),#9476);
#9472 = LINE('',#9473,#9474);
#9473 = CARTESIAN_POINT('',(7.,0.));
#9474 = VECTOR('',#9475,1.);
#9475 = DIRECTION('',(1.,0.));
#9476 = ( GEOMETRIC_REPRESENTATION_CONTEXT(2) 
PARAMETRIC_REPRESENTATION_CONTEXT() REPRESENTATION_CONTEXT('2D SPACE',''
  ) );
#9477 = ORIENTED_EDGE('',*,*,#4053,.T.);
#9478 = ORIENTED_EDGE('',*,*,#9431,.T.);
#9479 = ORIENTED_EDGE('',*,*,#5345,.F.);
#9480 = ADVANCED_FACE('',(#9481),#4041,.T.);
#9481 = FACE_BOUND('',#9482,.T.);
#9482 = EDGE_LOOP('',(#9483,#9484,#9485,#9486));
#9483 = ORIENTED_EDGE('',*,*,#9457,.F.);
#9484 = ORIENTED_EDGE('',*,*,#4025,.T.);
#9485 = ORIENTED_EDGE('',*,*,#7017,.T.);
#9486 = ORIENTED_EDGE('',*,*,#5322,.F.);
#9487 = ADVANCED_FACE('',(#9488),#3992,.F.);
#9488 = FACE_BOUND('',#9489,.F.);
#9489 = EDGE_LOOP('',(#9490,#9511,#9512,#9513));
#9490 = ORIENTED_EDGE('',*,*,#9491,.F.);
#9491 = EDGE_CURVE('',#3949,#5256,#9492,.T.);
#9492 = SURFACE_CURVE('',#9493,(#9497,#9504),.PCURVE_S1.);
#9493 = LINE('',#9494,#9495);
#9494 = CARTESIAN_POINT('',(-47.4,65.506380956459,56.725864223008));
#9495 = VECTOR('',#9496,1.);
#9496 = DIRECTION('',(0.,-0.253359391838,0.96737222338));
#9497 = PCURVE('',#3992,#9498);
#9498 = DEFINITIONAL_REPRESENTATION('',(#9499),#9503);
#9499 = LINE('',#9500,#9501);
#9500 = CARTESIAN_POINT('',(7.,0.));
#9501 = VECTOR('',#9502,1.);
#9502 = DIRECTION('',(1.,0.));
#9503 = ( GEOMETRIC_REPRESENTATION_CONTEXT(2) 
PARAMETRIC_REPRESENTATION_CONTEXT() REPRESENTATION_CONTEXT('2D SPACE',''
  ) );
#9504 = PCURVE('',#3964,#9505);
#9505 = DEFINITIONAL_REPRESENTATION('',(#9506),#9510);
#9506 = LINE('',#9507,#9508);
#9507 = CARTESIAN_POINT('',(10.7,3.552713678801E-15));
#9508 = VECTOR('',#9509,1.);
#9509 = DIRECTION('',(0.,1.));
#9510 = ( GEOMETRIC_REPRESENTATION_CONTEXT(2) 
PARAMETRIC_REPRESENTATION_CONTEXT() REPRESENTATION_CONTEXT('2D SPACE',''
  ) );
#9511 = ORIENTED_EDGE('',*,*,#3976,.T.);
#9512 = ORIENTED_EDGE('',*,*,#6997,.T.);
#9513 = ORIENTED_EDGE('',*,*,#5278,.F.);
#9514 = ADVANCED_FACE('',(#9515),#3964,.F.);
#9515 = FACE_BOUND('',#9516,.F.);
#9516 = EDGE_LOOP('',(#9517,#9538,#9539,#9540));
#9517 = ORIENTED_EDGE('',*,*,#9518,.F.);
#9518 = EDGE_CURVE('',#3921,#5233,#9519,.T.);
#9519 = SURFACE_CURVE('',#9520,(#9524,#9531),.PCURVE_S1.);
#9520 = LINE('',#9521,#9522);
#9521 = CARTESIAN_POINT('',(-47.4,63.184687620347,56.117801682598));
#9522 = VECTOR('',#9523,1.);
#9523 = DIRECTION('',(0.,-0.253359391838,0.96737222338));
#9524 = PCURVE('',#3964,#9525);
#9525 = DEFINITIONAL_REPRESENTATION('',(#9526),#9530);
#9526 = LINE('',#9527,#9528);
#9527 = CARTESIAN_POINT('',(8.3,3.552713678801E-15));
#9528 = VECTOR('',#9529,1.);
#9529 = DIRECTION('',(0.,1.));
#9530 = ( GEOMETRIC_REPRESENTATION_CONTEXT(2) 
PARAMETRIC_REPRESENTATION_CONTEXT() REPRESENTATION_CONTEXT('2D SPACE',''
  ) );
#9531 = PCURVE('',#3936,#9532);
#9532 = DEFINITIONAL_REPRESENTATION('',(#9533),#9537);
#9533 = LINE('',#9534,#9535);
#9534 = CARTESIAN_POINT('',(7.,0.));
#9535 = VECTOR('',#9536,1.);
#9536 = DIRECTION('',(1.,0.));
#9537 = ( GEOMETRIC_REPRESENTATION_CONTEXT(2) 
PARAMETRIC_REPRESENTATION_CONTEXT() REPRESENTATION_CONTEXT('2D SPACE',''
  ) );
#9538 = ORIENTED_EDGE('',*,*,#3948,.T.);
#9539 = ORIENTED_EDGE('',*,*,#9491,.T.);
#9540 = ORIENTED_EDGE('',*,*,#5255,.F.);
#9541 = ADVANCED_FACE('',(#9542),#3936,.T.);
#9542 = FACE_BOUND('',#9543,.T.);
#9543 = EDGE_LOOP('',(#9544,#9545,#9546,#9547));
#9544 = ORIENTED_EDGE('',*,*,#9518,.F.);
#9545 = ORIENTED_EDGE('',*,*,#3920,.T.);
#9546 = ORIENTED_EDGE('',*,*,#6975,.T.);
#9547 = ORIENTED_EDGE('',*,*,#5232,.F.);
#9548 = ADVANCED_FACE('',(#9549),#3887,.F.);
#9549 = FACE_BOUND('',#9550,.F.);
#9550 = EDGE_LOOP('',(#9551,#9572,#9573,#9574));
#9551 = ORIENTED_EDGE('',*,*,#9552,.F.);
#9552 = EDGE_CURVE('',#3844,#5166,#9553,.T.);
#9553 = SURFACE_CURVE('',#9554,(#9558,#9565),.PCURVE_S1.);
#9554 = LINE('',#9555,#9556);
#9555 = CARTESIAN_POINT('',(-47.4,61.636892062938,55.712426655657));
#9556 = VECTOR('',#9557,1.);
#9557 = DIRECTION('',(0.,-0.253359391838,0.96737222338));
#9558 = PCURVE('',#3887,#9559);
#9559 = DEFINITIONAL_REPRESENTATION('',(#9560),#9564);
#9560 = LINE('',#9561,#9562);
#9561 = CARTESIAN_POINT('',(7.,0.));
#9562 = VECTOR('',#9563,1.);
#9563 = DIRECTION('',(1.,0.));
#9564 = ( GEOMETRIC_REPRESENTATION_CONTEXT(2) 
PARAMETRIC_REPRESENTATION_CONTEXT() REPRESENTATION_CONTEXT('2D SPACE',''
  ) );
#9565 = PCURVE('',#3859,#9566);
#9566 = DEFINITIONAL_REPRESENTATION('',(#9567),#9571);
#9567 = LINE('',#9568,#9569);
#9568 = CARTESIAN_POINT('',(6.7,3.552713678801E-15));
#9569 = VECTOR('',#9570,1.);
#9570 = DIRECTION('',(0.,1.));
#9571 = ( GEOMETRIC_REPRESENTATION_CONTEXT(2) 
PARAMETRIC_REPRESENTATION_CONTEXT() REPRESENTATION_CONTEXT('2D SPACE',''
  ) );
#9572 = ORIENTED_EDGE('',*,*,#3871,.T.);
#9573 = ORIENTED_EDGE('',*,*,#6955,.T.);
#9574 = ORIENTED_EDGE('',*,*,#5188,.F.);
#9575 = ADVANCED_FACE('',(#9576),#3859,.F.);
#9576 = FACE_BOUND('',#9577,.F.);
#9577 = EDGE_LOOP('',(#9578,#9599,#9600,#9601));
#9578 = ORIENTED_EDGE('',*,*,#9579,.F.);
#9579 = EDGE_CURVE('',#3816,#5143,#9580,.T.);
#9580 = SURFACE_CURVE('',#9581,(#9585,#9592),.PCURVE_S1.);
#9581 = LINE('',#9582,#9583);
#9582 = CARTESIAN_POINT('',(-47.4,59.315198726826,55.104364115247));
#9583 = VECTOR('',#9584,1.);
#9584 = DIRECTION('',(0.,-0.253359391838,0.96737222338));
#9585 = PCURVE('',#3859,#9586);
#9586 = DEFINITIONAL_REPRESENTATION('',(#9587),#9591);
#9587 = LINE('',#9588,#9589);
#9588 = CARTESIAN_POINT('',(4.3,3.552713678801E-15));
#9589 = VECTOR('',#9590,1.);
#9590 = DIRECTION('',(0.,1.));
#9591 = ( GEOMETRIC_REPRESENTATION_CONTEXT(2) 
PARAMETRIC_REPRESENTATION_CONTEXT() REPRESENTATION_CONTEXT('2D SPACE',''
  ) );
#9592 = PCURVE('',#3831,#9593);
#9593 = DEFINITIONAL_REPRESENTATION('',(#9594),#9598);
#9594 = LINE('',#9595,#9596);
#9595 = CARTESIAN_POINT('',(7.,0.));
#9596 = VECTOR('',#9597,1.);
#9597 = DIRECTION('',(1.,0.));
#9598 = ( GEOMETRIC_REPRESENTATION_CONTEXT(2) 
PARAMETRIC_REPRESENTATION_CONTEXT() REPRESENTATION_CONTEXT('2D SPACE',''
  ) );
#9599 = ORIENTED_EDGE('',*,*,#3843,.T.);
#9600 = ORIENTED_EDGE('',*,*,#9552,.T.);
#9601 = ORIENTED_EDGE('',*,*,#5165,.F.);
#9602 = ADVANCED_FACE('',(#9603),#3831,.T.);
#9603 = FACE_BOUND('',#9604,.T.);
#9604 = EDGE_LOOP('',(#9605,#9606,#9607,#9608));
#9605 = ORIENTED_EDGE('',*,*,#9579,.F.);
#9606 = ORIENTED_EDGE('',*,*,#3815,.T.);
#9607 = ORIENTED_EDGE('',*,*,#7059,.T.);
#9608 = ORIENTED_EDGE('',*,*,#5142,.F.);
#9609 = ADVANCED_FACE('',(#9610),#3782,.F.);
#9610 = FACE_BOUND('',#9611,.F.);
#9611 = EDGE_LOOP('',(#9612,#9633,#9634,#9635));
#9612 = ORIENTED_EDGE('',*,*,#9613,.F.);
#9613 = EDGE_CURVE('',#3739,#5076,#9614,.T.);
#9614 = SURFACE_CURVE('',#9615,(#9619,#9626),.PCURVE_S1.);
#9615 = LINE('',#9616,#9617);
#9616 = CARTESIAN_POINT('',(-47.4,57.767403169417,54.698989088307));
#9617 = VECTOR('',#9618,1.);
#9618 = DIRECTION('',(0.,-0.253359391838,0.96737222338));
#9619 = PCURVE('',#3782,#9620);
#9620 = DEFINITIONAL_REPRESENTATION('',(#9621),#9625);
#9621 = LINE('',#9622,#9623);
#9622 = CARTESIAN_POINT('',(7.,0.));
#9623 = VECTOR('',#9624,1.);
#9624 = DIRECTION('',(1.,0.));
#9625 = ( GEOMETRIC_REPRESENTATION_CONTEXT(2) 
PARAMETRIC_REPRESENTATION_CONTEXT() REPRESENTATION_CONTEXT('2D SPACE',''
  ) );
#9626 = PCURVE('',#3754,#9627);
#9627 = DEFINITIONAL_REPRESENTATION('',(#9628),#9632);
#9628 = LINE('',#9629,#9630);
#9629 = CARTESIAN_POINT('',(2.7,3.552713678801E-15));
#9630 = VECTOR('',#9631,1.);
#9631 = DIRECTION('',(0.,1.));
#9632 = ( GEOMETRIC_REPRESENTATION_CONTEXT(2) 
PARAMETRIC_REPRESENTATION_CONTEXT() REPRESENTATION_CONTEXT('2D SPACE',''
  ) );
#9633 = ORIENTED_EDGE('',*,*,#3766,.T.);
#9634 = ORIENTED_EDGE('',*,*,#7039,.T.);
#9635 = ORIENTED_EDGE('',*,*,#5098,.F.);
#9636 = ADVANCED_FACE('',(#9637),#3754,.F.);
#9637 = FACE_BOUND('',#9638,.F.);
#9638 = EDGE_LOOP('',(#9639,#9660,#9661,#9662));
#9639 = ORIENTED_EDGE('',*,*,#9640,.F.);
#9640 = EDGE_CURVE('',#3711,#5053,#9641,.T.);
#9641 = SURFACE_CURVE('',#9642,(#9646,#9653),.PCURVE_S1.);
#9642 = LINE('',#9643,#9644);
#9643 = CARTESIAN_POINT('',(-47.4,55.445709833305,54.090926547896));
#9644 = VECTOR('',#9645,1.);
#9645 = DIRECTION('',(0.,-0.253359391838,0.96737222338));
#9646 = PCURVE('',#3754,#9647);
#9647 = DEFINITIONAL_REPRESENTATION('',(#9648),#9652);
#9648 = LINE('',#9649,#9650);
#9649 = CARTESIAN_POINT('',(0.3,3.552713678801E-15));
#9650 = VECTOR('',#9651,1.);
#9651 = DIRECTION('',(0.,1.));
#9652 = ( GEOMETRIC_REPRESENTATION_CONTEXT(2) 
PARAMETRIC_REPRESENTATION_CONTEXT() REPRESENTATION_CONTEXT('2D SPACE',''
  ) );
#9653 = PCURVE('',#3726,#9654);
#9654 = DEFINITIONAL_REPRESENTATION('',(#9655),#9659);
#9655 = LINE('',#9656,#9657);
#9656 = CARTESIAN_POINT('',(7.,0.));
#9657 = VECTOR('',#9658,1.);
#9658 = DIRECTION('',(1.,0.));
#9659 = ( GEOMETRIC_REPRESENTATION_CONTEXT(2) 
PARAMETRIC_REPRESENTATION_CONTEXT() REPRESENTATION_CONTEXT('2D SPACE',''
  ) );
#9660 = ORIENTED_EDGE('',*,*,#3738,.T.);
#9661 = ORIENTED_EDGE('',*,*,#9613,.T.);
#9662 = ORIENTED_EDGE('',*,*,#5075,.F.);
#9663 = ADVANCED_FACE('',(#9664),#3726,.T.);
#9664 = FACE_BOUND('',#9665,.T.);
#9665 = EDGE_LOOP('',(#9666,#9667,#9668,#9669));
#9666 = ORIENTED_EDGE('',*,*,#9640,.F.);
#9667 = ORIENTED_EDGE('',*,*,#3710,.T.);
#9668 = ORIENTED_EDGE('',*,*,#7101,.T.);
#9669 = ORIENTED_EDGE('',*,*,#5052,.F.);
#9670 = ADVANCED_FACE('',(#9671),#3677,.F.);
#9671 = FACE_BOUND('',#9672,.F.);
#9672 = EDGE_LOOP('',(#9673,#9694,#9695,#9696));
#9673 = ORIENTED_EDGE('',*,*,#9674,.F.);
#9674 = EDGE_CURVE('',#3634,#4986,#9675,.T.);
#9675 = SURFACE_CURVE('',#9676,(#9680,#9687),.PCURVE_S1.);
#9676 = LINE('',#9677,#9678);
#9677 = CARTESIAN_POINT('',(-47.4,53.897914275896,53.685551520956));
#9678 = VECTOR('',#9679,1.);
#9679 = DIRECTION('',(0.,-0.253359391838,0.96737222338));
#9680 = PCURVE('',#3677,#9681);
#9681 = DEFINITIONAL_REPRESENTATION('',(#9682),#9686);
#9682 = LINE('',#9683,#9684);
#9683 = CARTESIAN_POINT('',(7.,0.));
#9684 = VECTOR('',#9685,1.);
#9685 = DIRECTION('',(1.,0.));
#9686 = ( GEOMETRIC_REPRESENTATION_CONTEXT(2) 
PARAMETRIC_REPRESENTATION_CONTEXT() REPRESENTATION_CONTEXT('2D SPACE',''
  ) );
#9687 = PCURVE('',#3649,#9688);
#9688 = DEFINITIONAL_REPRESENTATION('',(#9689),#9693);
#9689 = LINE('',#9690,#9691);
#9690 = CARTESIAN_POINT('',(-1.3,3.552713678801E-15));
#9691 = VECTOR('',#9692,1.);
#9692 = DIRECTION('',(0.,1.));
#9693 = ( GEOMETRIC_REPRESENTATION_CONTEXT(2) 
PARAMETRIC_REPRESENTATION_CONTEXT() REPRESENTATION_CONTEXT('2D SPACE',''
  ) );
#9694 = ORIENTED_EDGE('',*,*,#3661,.T.);
#9695 = ORIENTED_EDGE('',*,*,#7081,.T.);
#9696 = ORIENTED_EDGE('',*,*,#5008,.F.);
#9697 = ADVANCED_FACE('',(#9698),#3649,.F.);
#9698 = FACE_BOUND('',#9699,.F.);
#9699 = EDGE_LOOP('',(#9700,#9721,#9722,#9723));
#9700 = ORIENTED_EDGE('',*,*,#9701,.F.);
#9701 = EDGE_CURVE('',#3606,#4963,#9702,.T.);
#9702 = SURFACE_CURVE('',#9703,(#9707,#9714),.PCURVE_S1.);
#9703 = LINE('',#9704,#9705);
#9704 = CARTESIAN_POINT('',(-47.4,51.576220939784,53.077488980546));
#9705 = VECTOR('',#9706,1.);
#9706 = DIRECTION('',(0.,-0.253359391838,0.96737222338));
#9707 = PCURVE('',#3649,#9708);
#9708 = DEFINITIONAL_REPRESENTATION('',(#9709),#9713);
#9709 = LINE('',#9710,#9711);
#9710 = CARTESIAN_POINT('',(-3.7,3.552713678801E-15));
#9711 = VECTOR('',#9712,1.);
#9712 = DIRECTION('',(0.,1.));
#9713 = ( GEOMETRIC_REPRESENTATION_CONTEXT(2) 
PARAMETRIC_REPRESENTATION_CONTEXT() REPRESENTATION_CONTEXT('2D SPACE',''
  ) );
#9714 = PCURVE('',#3621,#9715);
#9715 = DEFINITIONAL_REPRESENTATION('',(#9716),#9720);
#9716 = LINE('',#9717,#9718);
#9717 = CARTESIAN_POINT('',(7.,0.));
#9718 = VECTOR('',#9719,1.);
#9719 = DIRECTION('',(1.,0.));
#9720 = ( GEOMETRIC_REPRESENTATION_CONTEXT(2) 
PARAMETRIC_REPRESENTATION_CONTEXT() REPRESENTATION_CONTEXT('2D SPACE',''
  ) );
#9721 = ORIENTED_EDGE('',*,*,#3633,.T.);
#9722 = ORIENTED_EDGE('',*,*,#9674,.T.);
#9723 = ORIENTED_EDGE('',*,*,#4985,.F.);
#9724 = ADVANCED_FACE('',(#9725),#3621,.T.);
#9725 = FACE_BOUND('',#9726,.T.);
#9726 = EDGE_LOOP('',(#9727,#9728,#9729,#9730));
#9727 = ORIENTED_EDGE('',*,*,#9701,.F.);
#9728 = ORIENTED_EDGE('',*,*,#3605,.T.);
#9729 = ORIENTED_EDGE('',*,*,#6849,.T.);
#9730 = ORIENTED_EDGE('',*,*,#4962,.F.);
#9731 = ADVANCED_FACE('',(#9732),#3572,.F.);
#9732 = FACE_BOUND('',#9733,.F.);
#9733 = EDGE_LOOP('',(#9734,#9755,#9756,#9757));
#9734 = ORIENTED_EDGE('',*,*,#9735,.F.);
#9735 = EDGE_CURVE('',#3529,#4896,#9736,.T.);
#9736 = SURFACE_CURVE('',#9737,(#9741,#9748),.PCURVE_S1.);
#9737 = LINE('',#9738,#9739);
#9738 = CARTESIAN_POINT('',(-47.4,50.028425382375,52.672113953605));
#9739 = VECTOR('',#9740,1.);
#9740 = DIRECTION('',(0.,-0.253359391838,0.96737222338));
#9741 = PCURVE('',#3572,#9742);
#9742 = DEFINITIONAL_REPRESENTATION('',(#9743),#9747);
#9743 = LINE('',#9744,#9745);
#9744 = CARTESIAN_POINT('',(7.,0.));
#9745 = VECTOR('',#9746,1.);
#9746 = DIRECTION('',(1.,0.));
#9747 = ( GEOMETRIC_REPRESENTATION_CONTEXT(2) 
PARAMETRIC_REPRESENTATION_CONTEXT() REPRESENTATION_CONTEXT('2D SPACE',''
  ) );
#9748 = PCURVE('',#3544,#9749);
#9749 = DEFINITIONAL_REPRESENTATION('',(#9750),#9754);
#9750 = LINE('',#9751,#9752);
#9751 = CARTESIAN_POINT('',(-5.3,3.552713678801E-15));
#9752 = VECTOR('',#9753,1.);
#9753 = DIRECTION('',(0.,1.));
#9754 = ( GEOMETRIC_REPRESENTATION_CONTEXT(2) 
PARAMETRIC_REPRESENTATION_CONTEXT() REPRESENTATION_CONTEXT('2D SPACE',''
  ) );
#9755 = ORIENTED_EDGE('',*,*,#3556,.T.);
#9756 = ORIENTED_EDGE('',*,*,#6829,.T.);
#9757 = ORIENTED_EDGE('',*,*,#4918,.F.);
#9758 = ADVANCED_FACE('',(#9759),#3544,.F.);
#9759 = FACE_BOUND('',#9760,.F.);
#9760 = EDGE_LOOP('',(#9761,#9782,#9783,#9784));
#9761 = ORIENTED_EDGE('',*,*,#9762,.F.);
#9762 = EDGE_CURVE('',#3501,#4873,#9763,.T.);
#9763 = SURFACE_CURVE('',#9764,(#9768,#9775),.PCURVE_S1.);
#9764 = LINE('',#9765,#9766);
#9765 = CARTESIAN_POINT('',(-47.4,47.706732046263,52.064051413195));
#9766 = VECTOR('',#9767,1.);
#9767 = DIRECTION('',(0.,-0.253359391838,0.96737222338));
#9768 = PCURVE('',#3544,#9769);
#9769 = DEFINITIONAL_REPRESENTATION('',(#9770),#9774);
#9770 = LINE('',#9771,#9772);
#9771 = CARTESIAN_POINT('',(-7.7,3.552713678801E-15));
#9772 = VECTOR('',#9773,1.);
#9773 = DIRECTION('',(0.,1.));
#9774 = ( GEOMETRIC_REPRESENTATION_CONTEXT(2) 
PARAMETRIC_REPRESENTATION_CONTEXT() REPRESENTATION_CONTEXT('2D SPACE',''
  ) );
#9775 = PCURVE('',#3516,#9776);
#9776 = DEFINITIONAL_REPRESENTATION('',(#9777),#9781);
#9777 = LINE('',#9778,#9779);
#9778 = CARTESIAN_POINT('',(7.,0.));
#9779 = VECTOR('',#9780,1.);
#9780 = DIRECTION('',(1.,0.));
#9781 = ( GEOMETRIC_REPRESENTATION_CONTEXT(2) 
PARAMETRIC_REPRESENTATION_CONTEXT() REPRESENTATION_CONTEXT('2D SPACE',''
  ) );
#9782 = ORIENTED_EDGE('',*,*,#3528,.T.);
#9783 = ORIENTED_EDGE('',*,*,#9735,.T.);
#9784 = ORIENTED_EDGE('',*,*,#4895,.F.);
#9785 = ADVANCED_FACE('',(#9786),#3516,.T.);
#9786 = FACE_BOUND('',#9787,.T.);
#9787 = EDGE_LOOP('',(#9788,#9789,#9790,#9791));
#9788 = ORIENTED_EDGE('',*,*,#9762,.F.);
#9789 = ORIENTED_EDGE('',*,*,#3500,.T.);
#9790 = ORIENTED_EDGE('',*,*,#6933,.T.);
#9791 = ORIENTED_EDGE('',*,*,#4872,.F.);
#9792 = ADVANCED_FACE('',(#9793),#3467,.F.);
#9793 = FACE_BOUND('',#9794,.F.);
#9794 = EDGE_LOOP('',(#9795,#9816,#9817,#9818));
#9795 = ORIENTED_EDGE('',*,*,#9796,.F.);
#9796 = EDGE_CURVE('',#3424,#4806,#9797,.T.);
#9797 = SURFACE_CURVE('',#9798,(#9802,#9809),.PCURVE_S1.);
#9798 = LINE('',#9799,#9800);
#9799 = CARTESIAN_POINT('',(-47.4,46.158936488854,51.658676386255));
#9800 = VECTOR('',#9801,1.);
#9801 = DIRECTION('',(0.,-0.253359391838,0.96737222338));
#9802 = PCURVE('',#3467,#9803);
#9803 = DEFINITIONAL_REPRESENTATION('',(#9804),#9808);
#9804 = LINE('',#9805,#9806);
#9805 = CARTESIAN_POINT('',(7.,0.));
#9806 = VECTOR('',#9807,1.);
#9807 = DIRECTION('',(1.,0.));
#9808 = ( GEOMETRIC_REPRESENTATION_CONTEXT(2) 
PARAMETRIC_REPRESENTATION_CONTEXT() REPRESENTATION_CONTEXT('2D SPACE',''
  ) );
#9809 = PCURVE('',#3439,#9810);
#9810 = DEFINITIONAL_REPRESENTATION('',(#9811),#9815);
#9811 = LINE('',#9812,#9813);
#9812 = CARTESIAN_POINT('',(-9.3,3.552713678801E-15));
#9813 = VECTOR('',#9814,1.);
#9814 = DIRECTION('',(0.,1.));
#9815 = ( GEOMETRIC_REPRESENTATION_CONTEXT(2) 
PARAMETRIC_REPRESENTATION_CONTEXT() REPRESENTATION_CONTEXT('2D SPACE',''
  ) );
#9816 = ORIENTED_EDGE('',*,*,#3451,.T.);
#9817 = ORIENTED_EDGE('',*,*,#6913,.T.);
#9818 = ORIENTED_EDGE('',*,*,#4828,.F.);
#9819 = ADVANCED_FACE('',(#9820),#3439,.F.);
#9820 = FACE_BOUND('',#9821,.F.);
#9821 = EDGE_LOOP('',(#9822,#9843,#9844,#9845));
#9822 = ORIENTED_EDGE('',*,*,#9823,.F.);
#9823 = EDGE_CURVE('',#3396,#4783,#9824,.T.);
#9824 = SURFACE_CURVE('',#9825,(#9829,#9836),.PCURVE_S1.);
#9825 = LINE('',#9826,#9827);
#9826 = CARTESIAN_POINT('',(-47.4,43.837243152742,51.050613845844));
#9827 = VECTOR('',#9828,1.);
#9828 = DIRECTION('',(0.,-0.253359391838,0.96737222338));
#9829 = PCURVE('',#3439,#9830);
#9830 = DEFINITIONAL_REPRESENTATION('',(#9831),#9835);
#9831 = LINE('',#9832,#9833);
#9832 = CARTESIAN_POINT('',(-11.7,3.552713678801E-15));
#9833 = VECTOR('',#9834,1.);
#9834 = DIRECTION('',(0.,1.));
#9835 = ( GEOMETRIC_REPRESENTATION_CONTEXT(2) 
PARAMETRIC_REPRESENTATION_CONTEXT() REPRESENTATION_CONTEXT('2D SPACE',''
  ) );
#9836 = PCURVE('',#3411,#9837);
#9837 = DEFINITIONAL_REPRESENTATION('',(#9838),#9842);
#9838 = LINE('',#9839,#9840);
#9839 = CARTESIAN_POINT('',(7.,0.));
#9840 = VECTOR('',#9841,1.);
#9841 = DIRECTION('',(1.,0.));
#9842 = ( GEOMETRIC_REPRESENTATION_CONTEXT(2) 
PARAMETRIC_REPRESENTATION_CONTEXT() REPRESENTATION_CONTEXT('2D SPACE',''
  ) );
#9843 = ORIENTED_EDGE('',*,*,#3423,.T.);
#9844 = ORIENTED_EDGE('',*,*,#9796,.T.);
#9845 = ORIENTED_EDGE('',*,*,#4805,.F.);
#9846 = ADVANCED_FACE('',(#9847),#3411,.T.);
#9847 = FACE_BOUND('',#9848,.T.);
#9848 = EDGE_LOOP('',(#9849,#9850,#9851,#9852));
#9849 = ORIENTED_EDGE('',*,*,#9823,.F.);
#9850 = ORIENTED_EDGE('',*,*,#3395,.T.);
#9851 = ORIENTED_EDGE('',*,*,#6891,.T.);
#9852 = ORIENTED_EDGE('',*,*,#4782,.F.);
#9853 = ADVANCED_FACE('',(#9854),#3362,.F.);
#9854 = FACE_BOUND('',#9855,.F.);
#9855 = EDGE_LOOP('',(#9856,#9877,#9878,#9879));
#9856 = ORIENTED_EDGE('',*,*,#9857,.F.);
#9857 = EDGE_CURVE('',#3319,#4716,#9858,.T.);
#9858 = SURFACE_CURVE('',#9859,(#9863,#9870),.PCURVE_S1.);
#9859 = LINE('',#9860,#9861);
#9860 = CARTESIAN_POINT('',(-47.4,42.289447595333,50.645238818904));
#9861 = VECTOR('',#9862,1.);
#9862 = DIRECTION('',(0.,-0.253359391838,0.96737222338));
#9863 = PCURVE('',#3362,#9864);
#9864 = DEFINITIONAL_REPRESENTATION('',(#9865),#9869);
#9865 = LINE('',#9866,#9867);
#9866 = CARTESIAN_POINT('',(7.,0.));
#9867 = VECTOR('',#9868,1.);
#9868 = DIRECTION('',(1.,0.));
#9869 = ( GEOMETRIC_REPRESENTATION_CONTEXT(2) 
PARAMETRIC_REPRESENTATION_CONTEXT() REPRESENTATION_CONTEXT('2D SPACE',''
  ) );
#9870 = PCURVE('',#3334,#9871);
#9871 = DEFINITIONAL_REPRESENTATION('',(#9872),#9876);
#9872 = LINE('',#9873,#9874);
#9873 = CARTESIAN_POINT('',(-13.3,3.552713678801E-15));
#9874 = VECTOR('',#9875,1.);
#9875 = DIRECTION('',(0.,1.));
#9876 = ( GEOMETRIC_REPRESENTATION_CONTEXT(2) 
PARAMETRIC_REPRESENTATION_CONTEXT() REPRESENTATION_CONTEXT('2D SPACE',''
  ) );
#9877 = ORIENTED_EDGE('',*,*,#3346,.T.);
#9878 = ORIENTED_EDGE('',*,*,#6871,.T.);
#9879 = ORIENTED_EDGE('',*,*,#4738,.F.);
#9880 = ADVANCED_FACE('',(#9881),#3334,.F.);
#9881 = FACE_BOUND('',#9882,.F.);
#9882 = EDGE_LOOP('',(#9883,#9904,#9905,#9906));
#9883 = ORIENTED_EDGE('',*,*,#9884,.F.);
#9884 = EDGE_CURVE('',#3291,#4693,#9885,.T.);
#9885 = SURFACE_CURVE('',#9886,(#9890,#9897),.PCURVE_S1.);
#9886 = LINE('',#9887,#9888);
#9887 = CARTESIAN_POINT('',(-47.4,38.710170368826,49.707809069104));
#9888 = VECTOR('',#9889,1.);
#9889 = DIRECTION('',(0.,-0.253359391838,0.96737222338));
#9890 = PCURVE('',#3334,#9891);
#9891 = DEFINITIONAL_REPRESENTATION('',(#9892),#9896);
#9892 = LINE('',#9893,#9894);
#9893 = CARTESIAN_POINT('',(-17.,0.));
#9894 = VECTOR('',#9895,1.);
#9895 = DIRECTION('',(0.,1.));
#9896 = ( GEOMETRIC_REPRESENTATION_CONTEXT(2) 
PARAMETRIC_REPRESENTATION_CONTEXT() REPRESENTATION_CONTEXT('2D SPACE',''
  ) );
#9897 = PCURVE('',#3306,#9898);
#9898 = DEFINITIONAL_REPRESENTATION('',(#9899),#9903);
#9899 = LINE('',#9900,#9901);
#9900 = CARTESIAN_POINT('',(7.,-1.2));
#9901 = VECTOR('',#9902,1.);
#9902 = DIRECTION('',(1.,0.));
#9903 = ( GEOMETRIC_REPRESENTATION_CONTEXT(2) 
PARAMETRIC_REPRESENTATION_CONTEXT() REPRESENTATION_CONTEXT('2D SPACE',''
  ) );
#9904 = ORIENTED_EDGE('',*,*,#3318,.T.);
#9905 = ORIENTED_EDGE('',*,*,#9857,.T.);
#9906 = ORIENTED_EDGE('',*,*,#4715,.F.);
#9907 = ADVANCED_FACE('',(#9908),#3306,.F.);
#9908 = FACE_BOUND('',#9909,.F.);
#9909 = EDGE_LOOP('',(#9910,#9911,#9912,#9913));
#9910 = ORIENTED_EDGE('',*,*,#3290,.T.);
#9911 = ORIENTED_EDGE('',*,*,#9884,.T.);
#9912 = ORIENTED_EDGE('',*,*,#4692,.F.);
#9913 = ORIENTED_EDGE('',*,*,#9334,.F.);
#9914 = ADVANCED_FACE('',(#9915),#6357,.T.);
#9915 = FACE_BOUND('',#9916,.T.);
#9916 = EDGE_LOOP('',(#9917,#9918,#9938,#9939,#9940,#9941,#9942,#9943));
#9917 = ORIENTED_EDGE('',*,*,#8457,.T.);
#9918 = ORIENTED_EDGE('',*,*,#9919,.T.);
#9919 = EDGE_CURVE('',#8460,#9011,#9920,.T.);
#9920 = SURFACE_CURVE('',#9921,(#9925,#9931),.PCURVE_S1.);
#9921 = LINE('',#9922,#9923);
#9922 = CARTESIAN_POINT('',(-21.95,125.24695319979,81.00119377212));
#9923 = VECTOR('',#9924,1.);
#9924 = DIRECTION('',(-1.,0.,-0.));
#9925 = PCURVE('',#6357,#9926);
#9926 = DEFINITIONAL_REPRESENTATION('',(#9927),#9930);
#9927 = B_SPLINE_CURVE_WITH_KNOTS('',1,(#9928,#9929),.UNSPECIFIED.,.F.,
  .F.,(2,2),(-65.85,21.95),.PIECEWISE_BEZIER_KNOTS.);
#9928 = CARTESIAN_POINT('',(197.69737912417,43.9));
#9929 = CARTESIAN_POINT('',(197.69737912417,-43.9));
#9930 = ( GEOMETRIC_REPRESENTATION_CONTEXT(2) 
PARAMETRIC_REPRESENTATION_CONTEXT() REPRESENTATION_CONTEXT('2D SPACE',''
  ) );
#9931 = PCURVE('',#8658,#9932);
#9932 = DEFINITIONAL_REPRESENTATION('',(#9933),#9937);
#9933 = LINE('',#9934,#9935);
#9934 = CARTESIAN_POINT('',(21.95,6.3));
#9935 = VECTOR('',#9936,1.);
#9936 = DIRECTION('',(-1.,0.));
#9937 = ( GEOMETRIC_REPRESENTATION_CONTEXT(2) 
PARAMETRIC_REPRESENTATION_CONTEXT() REPRESENTATION_CONTEXT('2D SPACE',''
  ) );
#9938 = ORIENTED_EDGE('',*,*,#9010,.T.);
#9939 = ORIENTED_EDGE('',*,*,#8964,.F.);
#9940 = ORIENTED_EDGE('',*,*,#6341,.T.);
#9941 = ORIENTED_EDGE('',*,*,#6394,.F.);
#9942 = ORIENTED_EDGE('',*,*,#6465,.F.);
#9943 = ORIENTED_EDGE('',*,*,#8676,.F.);
#9944 = ADVANCED_FACE('',(#9945),#6508,.T.);
#9945 = FACE_BOUND('',#9946,.T.);
#9946 = EDGE_LOOP('',(#9947,#9970,#9998,#10019));
#9947 = ORIENTED_EDGE('',*,*,#9948,.F.);
#9948 = EDGE_CURVE('',#9949,#6494,#9951,.T.);
#9949 = VERTEX_POINT('',#9950);
#9950 = CARTESIAN_POINT('',(-38.1,3.353446519491,45.14853655989));
#9951 = SURFACE_CURVE('',#9952,(#9956,#9963),.PCURVE_S1.);
#9952 = LINE('',#9953,#9954);
#9953 = CARTESIAN_POINT('',(-38.1,3.353446519491,45.14853655989));
#9954 = VECTOR('',#9955,1.);
#9955 = DIRECTION('',(0.,-0.253359391838,0.96737222338));
#9956 = PCURVE('',#6508,#9957);
#9957 = DEFINITIONAL_REPRESENTATION('',(#9958),#9962);
#9958 = LINE('',#9959,#9960);
#9959 = CARTESIAN_POINT('',(2.22044604925E-16,-3.9));
#9960 = VECTOR('',#9961,1.);
#9961 = DIRECTION('',(-1.110223024625E-16,1.));
#9962 = ( GEOMETRIC_REPRESENTATION_CONTEXT(2) 
PARAMETRIC_REPRESENTATION_CONTEXT() REPRESENTATION_CONTEXT('2D SPACE',''
  ) );
#9963 = PCURVE('',#6584,#9964);
#9964 = DEFINITIONAL_REPRESENTATION('',(#9965),#9969);
#9965 = LINE('',#9966,#9967);
#9966 = CARTESIAN_POINT('',(0.,-3.9));
#9967 = VECTOR('',#9968,1.);
#9968 = DIRECTION('',(0.,1.));
#9969 = ( GEOMETRIC_REPRESENTATION_CONTEXT(2) 
PARAMETRIC_REPRESENTATION_CONTEXT() REPRESENTATION_CONTEXT('2D SPACE',''
  ) );
#9970 = ORIENTED_EDGE('',*,*,#9971,.T.);
#9971 = EDGE_CURVE('',#9949,#9972,#9974,.T.);
#9972 = VERTEX_POINT('',#9973);
#9973 = CARTESIAN_POINT('',(-38.1,120.59895999317,75.855694850617));
#9974 = SURFACE_CURVE('',#9975,(#9979,#9986),.PCURVE_S1.);
#9975 = LINE('',#9976,#9977);
#9976 = CARTESIAN_POINT('',(-38.1,61.976203256334,60.502115705253));
#9977 = VECTOR('',#9978,1.);
#9978 = DIRECTION('',(0.,0.96737222338,0.253359391838));
#9979 = PCURVE('',#6508,#9980);
#9980 = DEFINITIONAL_REPRESENTATION('',(#9981),#9985);
#9981 = LINE('',#9982,#9983);
#9982 = CARTESIAN_POINT('',(60.6,-3.9));
#9983 = VECTOR('',#9984,1.);
#9984 = DIRECTION('',(1.,0.));
#9985 = ( GEOMETRIC_REPRESENTATION_CONTEXT(2) 
PARAMETRIC_REPRESENTATION_CONTEXT() REPRESENTATION_CONTEXT('2D SPACE',''
  ) );
#9986 = PCURVE('',#9987,#9992);
#9987 = PLANE('',#9988);
#9988 = AXIS2_PLACEMENT_3D('',#9989,#9990,#9991);
#9989 = CARTESIAN_POINT('',(0.,61.976203256334,60.502115705253));
#9990 = DIRECTION('',(0.,-0.253359391838,0.96737222338));
#9991 = DIRECTION('',(1.,0.,0.));
#9992 = DEFINITIONAL_REPRESENTATION('',(#9993),#9997);
#9993 = LINE('',#9994,#9995);
#9994 = CARTESIAN_POINT('',(-38.1,0.));
#9995 = VECTOR('',#9996,1.);
#9996 = DIRECTION('',(0.,1.));
#9997 = ( GEOMETRIC_REPRESENTATION_CONTEXT(2) 
PARAMETRIC_REPRESENTATION_CONTEXT() REPRESENTATION_CONTEXT('2D SPACE',''
  ) );
#9998 = ORIENTED_EDGE('',*,*,#9999,.F.);
#9999 = EDGE_CURVE('',#6492,#9972,#10000,.T.);
#10000 = SURFACE_CURVE('',#10001,(#10005,#10012),.PCURVE_S1.);
#10001 = LINE('',#10002,#10003);
#10002 = CARTESIAN_POINT('',(-38.1,118.62275673684,83.401198192983));
#10003 = VECTOR('',#10004,1.);
#10004 = DIRECTION('',(0.,0.253359391838,-0.96737222338));
#10005 = PCURVE('',#6508,#10006);
#10006 = DEFINITIONAL_REPRESENTATION('',(#10007),#10011);
#10007 = LINE('',#10008,#10009);
#10008 = CARTESIAN_POINT('',(121.2,3.9));
#10009 = VECTOR('',#10010,1.);
#10010 = DIRECTION('',(1.887379141863E-15,-1.));
#10011 = ( GEOMETRIC_REPRESENTATION_CONTEXT(2) 
PARAMETRIC_REPRESENTATION_CONTEXT() REPRESENTATION_CONTEXT('2D SPACE',''
  ) );
#10012 = PCURVE('',#6534,#10013);
#10013 = DEFINITIONAL_REPRESENTATION('',(#10014),#10018);
#10014 = LINE('',#10015,#10016);
#10015 = CARTESIAN_POINT('',(0.,3.9));
#10016 = VECTOR('',#10017,1.);
#10017 = DIRECTION('',(0.,-1.));
#10018 = ( GEOMETRIC_REPRESENTATION_CONTEXT(2) 
PARAMETRIC_REPRESENTATION_CONTEXT() REPRESENTATION_CONTEXT('2D SPACE',''
  ) );
#10019 = ORIENTED_EDGE('',*,*,#6491,.T.);
#10020 = ADVANCED_FACE('',(#10021),#6534,.T.);
#10021 = FACE_BOUND('',#10022,.T.);
#10022 = EDGE_LOOP('',(#10023,#10024,#10047,#10068));
#10023 = ORIENTED_EDGE('',*,*,#9999,.T.);
#10024 = ORIENTED_EDGE('',*,*,#10025,.T.);
#10025 = EDGE_CURVE('',#9972,#10026,#10028,.T.);
#10026 = VERTEX_POINT('',#10027);
#10027 = CARTESIAN_POINT('',(39.6,120.59895999317,75.855694850617));
#10028 = SURFACE_CURVE('',#10029,(#10033,#10040),.PCURVE_S1.);
#10029 = LINE('',#10030,#10031);
#10030 = CARTESIAN_POINT('',(0.75,120.59895999317,75.855694850617));
#10031 = VECTOR('',#10032,1.);
#10032 = DIRECTION('',(1.,0.,0.));
#10033 = PCURVE('',#6534,#10034);
#10034 = DEFINITIONAL_REPRESENTATION('',(#10035),#10039);
#10035 = LINE('',#10036,#10037);
#10036 = CARTESIAN_POINT('',(38.85,-3.9));
#10037 = VECTOR('',#10038,1.);
#10038 = DIRECTION('',(1.,0.));
#10039 = ( GEOMETRIC_REPRESENTATION_CONTEXT(2) 
PARAMETRIC_REPRESENTATION_CONTEXT() REPRESENTATION_CONTEXT('2D SPACE',''
  ) );
#10040 = PCURVE('',#9987,#10041);
#10041 = DEFINITIONAL_REPRESENTATION('',(#10042),#10046);
#10042 = LINE('',#10043,#10044);
#10043 = CARTESIAN_POINT('',(0.75,60.6));
#10044 = VECTOR('',#10045,1.);
#10045 = DIRECTION('',(1.,0.));
#10046 = ( GEOMETRIC_REPRESENTATION_CONTEXT(2) 
PARAMETRIC_REPRESENTATION_CONTEXT() REPRESENTATION_CONTEXT('2D SPACE',''
  ) );
#10047 = ORIENTED_EDGE('',*,*,#10048,.F.);
#10048 = EDGE_CURVE('',#6520,#10026,#10049,.T.);
#10049 = SURFACE_CURVE('',#10050,(#10054,#10061),.PCURVE_S1.);
#10050 = LINE('',#10051,#10052);
#10051 = CARTESIAN_POINT('',(39.6,118.62275673684,83.401198192983));
#10052 = VECTOR('',#10053,1.);
#10053 = DIRECTION('',(0.,0.253359391838,-0.96737222338));
#10054 = PCURVE('',#6534,#10055);
#10055 = DEFINITIONAL_REPRESENTATION('',(#10056),#10060);
#10056 = LINE('',#10057,#10058);
#10057 = CARTESIAN_POINT('',(77.7,3.9));
#10058 = VECTOR('',#10059,1.);
#10059 = DIRECTION('',(0.,-1.));
#10060 = ( GEOMETRIC_REPRESENTATION_CONTEXT(2) 
PARAMETRIC_REPRESENTATION_CONTEXT() REPRESENTATION_CONTEXT('2D SPACE',''
  ) );
#10061 = PCURVE('',#6560,#10062);
#10062 = DEFINITIONAL_REPRESENTATION('',(#10063),#10067);
#10063 = LINE('',#10064,#10065);
#10064 = CARTESIAN_POINT('',(121.2,3.9));
#10065 = VECTOR('',#10066,1.);
#10066 = DIRECTION('',(1.887379141863E-15,-1.));
#10067 = ( GEOMETRIC_REPRESENTATION_CONTEXT(2) 
PARAMETRIC_REPRESENTATION_CONTEXT() REPRESENTATION_CONTEXT('2D SPACE',''
  ) );
#10068 = ORIENTED_EDGE('',*,*,#6519,.T.);
#10069 = ADVANCED_FACE('',(#10070),#6584,.F.);
#10070 = FACE_BOUND('',#10071,.F.);
#10071 = EDGE_LOOP('',(#10072,#10073,#10096,#10122,#10148,#10174,#10197,
    #10218));
#10072 = ORIENTED_EDGE('',*,*,#9948,.F.);
#10073 = ORIENTED_EDGE('',*,*,#10074,.T.);
#10074 = EDGE_CURVE('',#9949,#10075,#10077,.T.);
#10075 = VERTEX_POINT('',#10076);
#10076 = CARTESIAN_POINT('',(-11.,3.353446519491,45.14853655989));
#10077 = SURFACE_CURVE('',#10078,(#10082,#10089),.PCURVE_S1.);
#10078 = LINE('',#10079,#10080);
#10079 = CARTESIAN_POINT('',(0.75,3.353446519491,45.14853655989));
#10080 = VECTOR('',#10081,1.);
#10081 = DIRECTION('',(1.,0.,0.));
#10082 = PCURVE('',#6584,#10083);
#10083 = DEFINITIONAL_REPRESENTATION('',(#10084),#10088);
#10084 = LINE('',#10085,#10086);
#10085 = CARTESIAN_POINT('',(38.85,-3.9));
#10086 = VECTOR('',#10087,1.);
#10087 = DIRECTION('',(1.,0.));
#10088 = ( GEOMETRIC_REPRESENTATION_CONTEXT(2) 
PARAMETRIC_REPRESENTATION_CONTEXT() REPRESENTATION_CONTEXT('2D SPACE',''
  ) );
#10089 = PCURVE('',#9987,#10090);
#10090 = DEFINITIONAL_REPRESENTATION('',(#10091),#10095);
#10091 = LINE('',#10092,#10093);
#10092 = CARTESIAN_POINT('',(0.75,-60.6));
#10093 = VECTOR('',#10094,1.);
#10094 = DIRECTION('',(1.,0.));
#10095 = ( GEOMETRIC_REPRESENTATION_CONTEXT(2) 
PARAMETRIC_REPRESENTATION_CONTEXT() REPRESENTATION_CONTEXT('2D SPACE',''
  ) );
#10096 = ORIENTED_EDGE('',*,*,#10097,.T.);
#10097 = EDGE_CURVE('',#10075,#10098,#10100,.T.);
#10098 = VERTEX_POINT('',#10099);
#10099 = CARTESIAN_POINT('',(-11.,3.100087127653,46.11590878327));
#10100 = SURFACE_CURVE('',#10101,(#10105,#10111),.PCURVE_S1.);
#10101 = LINE('',#10102,#10103);
#10102 = CARTESIAN_POINT('',(-11.,3.176094945205,45.825697116256));
#10103 = VECTOR('',#10104,1.);
#10104 = DIRECTION('',(0.,-0.253359391838,0.96737222338));
#10105 = PCURVE('',#6584,#10106);
#10106 = DEFINITIONAL_REPRESENTATION('',(#10107),#10110);
#10107 = B_SPLINE_CURVE_WITH_KNOTS('',1,(#10108,#10109),.UNSPECIFIED.,
  .F.,.F.,(2,2),(-0.7,0.3),.PIECEWISE_BEZIER_KNOTS.);
#10108 = CARTESIAN_POINT('',(27.1,-3.9));
#10109 = CARTESIAN_POINT('',(27.1,-2.9));
#10110 = ( GEOMETRIC_REPRESENTATION_CONTEXT(2) 
PARAMETRIC_REPRESENTATION_CONTEXT() REPRESENTATION_CONTEXT('2D SPACE',''
  ) );
#10111 = PCURVE('',#10112,#10117);
#10112 = PLANE('',#10113);
#10113 = AXIS2_PLACEMENT_3D('',#10114,#10115,#10116);
#10114 = CARTESIAN_POINT('',(-11.,0.697779439592,41.868684069191));
#10115 = DIRECTION('',(1.,0.,-0.));
#10116 = DIRECTION('',(0.,0.96737222338,0.253359391838));
#10117 = DEFINITIONAL_REPRESENTATION('',(#10118),#10121);
#10118 = B_SPLINE_CURVE_WITH_KNOTS('',1,(#10119,#10120),.UNSPECIFIED.,
  .F.,.F.,(2,2),(-0.7,0.3),.PIECEWISE_BEZIER_KNOTS.);
#10119 = CARTESIAN_POINT('',(3.4,2.5));
#10120 = CARTESIAN_POINT('',(3.4,3.5));
#10121 = ( GEOMETRIC_REPRESENTATION_CONTEXT(2) 
PARAMETRIC_REPRESENTATION_CONTEXT() REPRESENTATION_CONTEXT('2D SPACE',''
  ) );
#10122 = ORIENTED_EDGE('',*,*,#10123,.F.);
#10123 = EDGE_CURVE('',#10124,#10098,#10126,.T.);
#10124 = VERTEX_POINT('',#10125);
#10125 = CARTESIAN_POINT('',(11.,3.100087127653,46.11590878327));
#10126 = SURFACE_CURVE('',#10127,(#10131,#10137),.PCURVE_S1.);
#10127 = LINE('',#10128,#10129);
#10128 = CARTESIAN_POINT('',(-19.05,3.100087127653,46.11590878327));
#10129 = VECTOR('',#10130,1.);
#10130 = DIRECTION('',(-1.,-0.,0.));
#10131 = PCURVE('',#6584,#10132);
#10132 = DEFINITIONAL_REPRESENTATION('',(#10133),#10136);
#10133 = B_SPLINE_CURVE_WITH_KNOTS('',1,(#10134,#10135),.UNSPECIFIED.,
  .F.,.F.,(2,2),(-30.05,-8.05),.PIECEWISE_BEZIER_KNOTS.);
#10134 = CARTESIAN_POINT('',(49.1,-2.9));
#10135 = CARTESIAN_POINT('',(27.1,-2.9));
#10136 = ( GEOMETRIC_REPRESENTATION_CONTEXT(2) 
PARAMETRIC_REPRESENTATION_CONTEXT() REPRESENTATION_CONTEXT('2D SPACE',''
  ) );
#10137 = PCURVE('',#10138,#10143);
#10138 = PLANE('',#10139);
#10139 = AXIS2_PLACEMENT_3D('',#10140,#10141,#10142);
#10140 = CARTESIAN_POINT('',(0.,7.549999355203,47.281361985723));
#10141 = DIRECTION('',(0.,-0.253359391838,0.96737222338));
#10142 = DIRECTION('',(1.,0.,0.));
#10143 = DEFINITIONAL_REPRESENTATION('',(#10144),#10147);
#10144 = B_SPLINE_CURVE_WITH_KNOTS('',1,(#10145,#10146),.UNSPECIFIED.,
  .F.,.F.,(2,2),(-30.05,-8.05),.PIECEWISE_BEZIER_KNOTS.);
#10145 = CARTESIAN_POINT('',(11.,-4.6));
#10146 = CARTESIAN_POINT('',(-11.,-4.6));
#10147 = ( GEOMETRIC_REPRESENTATION_CONTEXT(2) 
PARAMETRIC_REPRESENTATION_CONTEXT() REPRESENTATION_CONTEXT('2D SPACE',''
  ) );
#10148 = ORIENTED_EDGE('',*,*,#10149,.F.);
#10149 = EDGE_CURVE('',#10150,#10124,#10152,.T.);
#10150 = VERTEX_POINT('',#10151);
#10151 = CARTESIAN_POINT('',(11.,3.353446519491,45.14853655989));
#10152 = SURFACE_CURVE('',#10153,(#10157,#10163),.PCURVE_S1.);
#10153 = LINE('',#10154,#10155);
#10154 = CARTESIAN_POINT('',(11.,3.176094945205,45.825697116256));
#10155 = VECTOR('',#10156,1.);
#10156 = DIRECTION('',(0.,-0.253359391838,0.96737222338));
#10157 = PCURVE('',#6584,#10158);
#10158 = DEFINITIONAL_REPRESENTATION('',(#10159),#10162);
#10159 = B_SPLINE_CURVE_WITH_KNOTS('',1,(#10160,#10161),.UNSPECIFIED.,
  .F.,.F.,(2,2),(-0.7,0.3),.PIECEWISE_BEZIER_KNOTS.);
#10160 = CARTESIAN_POINT('',(49.1,-3.9));
#10161 = CARTESIAN_POINT('',(49.1,-2.9));
#10162 = ( GEOMETRIC_REPRESENTATION_CONTEXT(2) 
PARAMETRIC_REPRESENTATION_CONTEXT() REPRESENTATION_CONTEXT('2D SPACE',''
  ) );
#10163 = PCURVE('',#10164,#10169);
#10164 = PLANE('',#10165);
#10165 = AXIS2_PLACEMENT_3D('',#10166,#10167,#10168);
#10166 = CARTESIAN_POINT('',(11.,0.697779439592,41.868684069191));
#10167 = DIRECTION('',(1.,0.,-0.));
#10168 = DIRECTION('',(0.,0.96737222338,0.253359391838));
#10169 = DEFINITIONAL_REPRESENTATION('',(#10170),#10173);
#10170 = B_SPLINE_CURVE_WITH_KNOTS('',1,(#10171,#10172),.UNSPECIFIED.,
  .F.,.F.,(2,2),(-0.7,0.3),.PIECEWISE_BEZIER_KNOTS.);
#10171 = CARTESIAN_POINT('',(3.4,2.5));
#10172 = CARTESIAN_POINT('',(3.4,3.5));
#10173 = ( GEOMETRIC_REPRESENTATION_CONTEXT(2) 
PARAMETRIC_REPRESENTATION_CONTEXT() REPRESENTATION_CONTEXT('2D SPACE',''
  ) );
#10174 = ORIENTED_EDGE('',*,*,#10175,.T.);
#10175 = EDGE_CURVE('',#10150,#10176,#10178,.T.);
#10176 = VERTEX_POINT('',#10177);
#10177 = CARTESIAN_POINT('',(39.6,3.353446519491,45.14853655989));
#10178 = SURFACE_CURVE('',#10179,(#10183,#10190),.PCURVE_S1.);
#10179 = LINE('',#10180,#10181);
#10180 = CARTESIAN_POINT('',(0.75,3.353446519491,45.14853655989));
#10181 = VECTOR('',#10182,1.);
#10182 = DIRECTION('',(1.,0.,0.));
#10183 = PCURVE('',#6584,#10184);
#10184 = DEFINITIONAL_REPRESENTATION('',(#10185),#10189);
#10185 = LINE('',#10186,#10187);
#10186 = CARTESIAN_POINT('',(38.85,-3.9));
#10187 = VECTOR('',#10188,1.);
#10188 = DIRECTION('',(1.,0.));
#10189 = ( GEOMETRIC_REPRESENTATION_CONTEXT(2) 
PARAMETRIC_REPRESENTATION_CONTEXT() REPRESENTATION_CONTEXT('2D SPACE',''
  ) );
#10190 = PCURVE('',#9987,#10191);
#10191 = DEFINITIONAL_REPRESENTATION('',(#10192),#10196);
#10192 = LINE('',#10193,#10194);
#10193 = CARTESIAN_POINT('',(0.75,-60.6));
#10194 = VECTOR('',#10195,1.);
#10195 = DIRECTION('',(1.,0.));
#10196 = ( GEOMETRIC_REPRESENTATION_CONTEXT(2) 
PARAMETRIC_REPRESENTATION_CONTEXT() REPRESENTATION_CONTEXT('2D SPACE',''
  ) );
#10197 = ORIENTED_EDGE('',*,*,#10198,.F.);
#10198 = EDGE_CURVE('',#6546,#10176,#10199,.T.);
#10199 = SURFACE_CURVE('',#10200,(#10204,#10211),.PCURVE_S1.);
#10200 = LINE('',#10201,#10202);
#10201 = CARTESIAN_POINT('',(39.6,1.377243263157,52.694039902255));
#10202 = VECTOR('',#10203,1.);
#10203 = DIRECTION('',(0.,0.253359391838,-0.96737222338));
#10204 = PCURVE('',#6584,#10205);
#10205 = DEFINITIONAL_REPRESENTATION('',(#10206),#10210);
#10206 = LINE('',#10207,#10208);
#10207 = CARTESIAN_POINT('',(77.7,3.9));
#10208 = VECTOR('',#10209,1.);
#10209 = DIRECTION('',(0.,-1.));
#10210 = ( GEOMETRIC_REPRESENTATION_CONTEXT(2) 
PARAMETRIC_REPRESENTATION_CONTEXT() REPRESENTATION_CONTEXT('2D SPACE',''
  ) );
#10211 = PCURVE('',#6560,#10212);
#10212 = DEFINITIONAL_REPRESENTATION('',(#10213),#10217);
#10213 = LINE('',#10214,#10215);
#10214 = CARTESIAN_POINT('',(-2.22044604925E-16,3.9));
#10215 = VECTOR('',#10216,1.);
#10216 = DIRECTION('',(1.110223024625E-16,-1.));
#10217 = ( GEOMETRIC_REPRESENTATION_CONTEXT(2) 
PARAMETRIC_REPRESENTATION_CONTEXT() REPRESENTATION_CONTEXT('2D SPACE',''
  ) );
#10218 = ORIENTED_EDGE('',*,*,#6571,.T.);
#10219 = ADVANCED_FACE('',(#10220),#6560,.F.);
#10220 = FACE_BOUND('',#10221,.F.);
#10221 = EDGE_LOOP('',(#10222,#10223,#10244,#10245));
#10222 = ORIENTED_EDGE('',*,*,#10198,.T.);
#10223 = ORIENTED_EDGE('',*,*,#10224,.T.);
#10224 = EDGE_CURVE('',#10176,#10026,#10225,.T.);
#10225 = SURFACE_CURVE('',#10226,(#10230,#10237),.PCURVE_S1.);
#10226 = LINE('',#10227,#10228);
#10227 = CARTESIAN_POINT('',(39.6,61.976203256334,60.502115705253));
#10228 = VECTOR('',#10229,1.);
#10229 = DIRECTION('',(0.,0.96737222338,0.253359391838));
#10230 = PCURVE('',#6560,#10231);
#10231 = DEFINITIONAL_REPRESENTATION('',(#10232),#10236);
#10232 = LINE('',#10233,#10234);
#10233 = CARTESIAN_POINT('',(60.6,-3.9));
#10234 = VECTOR('',#10235,1.);
#10235 = DIRECTION('',(1.,0.));
#10236 = ( GEOMETRIC_REPRESENTATION_CONTEXT(2) 
PARAMETRIC_REPRESENTATION_CONTEXT() REPRESENTATION_CONTEXT('2D SPACE',''
  ) );
#10237 = PCURVE('',#9987,#10238);
#10238 = DEFINITIONAL_REPRESENTATION('',(#10239),#10243);
#10239 = LINE('',#10240,#10241);
#10240 = CARTESIAN_POINT('',(39.6,0.));
#10241 = VECTOR('',#10242,1.);
#10242 = DIRECTION('',(0.,1.));
#10243 = ( GEOMETRIC_REPRESENTATION_CONTEXT(2) 
PARAMETRIC_REPRESENTATION_CONTEXT() REPRESENTATION_CONTEXT('2D SPACE',''
  ) );
#10244 = ORIENTED_EDGE('',*,*,#10048,.F.);
#10245 = ORIENTED_EDGE('',*,*,#6545,.T.);
#10246 = ADVANCED_FACE('',(#10247),#6731,.T.);
#10247 = FACE_BOUND('',#10248,.T.);
#10248 = EDGE_LOOP('',(#10249,#10250,#10271,#10272,#10273,#10274,#10275,
    #10276,#10277,#10299,#10326,#10346,#10347,#10348,#10349,#10350));
#10249 = ORIENTED_EDGE('',*,*,#7708,.F.);
#10250 = ORIENTED_EDGE('',*,*,#10251,.T.);
#10251 = EDGE_CURVE('',#7709,#7269,#10252,.T.);
#10252 = SURFACE_CURVE('',#10253,(#10257,#10264),.PCURVE_S1.);
#10253 = LINE('',#10254,#10255);
#10254 = CARTESIAN_POINT('',(46.,-66.,30.912706029316));
#10255 = VECTOR('',#10256,1.);
#10256 = DIRECTION('',(-1.,0.,0.));
#10257 = PCURVE('',#6731,#10258);
#10258 = DEFINITIONAL_REPRESENTATION('',(#10259),#10263);
#10259 = LINE('',#10260,#10261);
#10260 = CARTESIAN_POINT('',(0.,46.));
#10261 = VECTOR('',#10262,1.);
#10262 = DIRECTION('',(0.,-1.));
#10263 = ( GEOMETRIC_REPRESENTATION_CONTEXT(2) 
PARAMETRIC_REPRESENTATION_CONTEXT() REPRESENTATION_CONTEXT('2D SPACE',''
  ) );
#10264 = PCURVE('',#7354,#10265);
#10265 = DEFINITIONAL_REPRESENTATION('',(#10266),#10270);
#10266 = LINE('',#10267,#10268);
#10267 = CARTESIAN_POINT('',(26.300667279678,46.));
#10268 = VECTOR('',#10269,1.);
#10269 = DIRECTION('',(0.,-1.));
#10270 = ( GEOMETRIC_REPRESENTATION_CONTEXT(2) 
PARAMETRIC_REPRESENTATION_CONTEXT() REPRESENTATION_CONTEXT('2D SPACE',''
  ) );
#10271 = ORIENTED_EDGE('',*,*,#7268,.T.);
#10272 = ORIENTED_EDGE('',*,*,#7246,.T.);
#10273 = ORIENTED_EDGE('',*,*,#7194,.T.);
#10274 = ORIENTED_EDGE('',*,*,#7148,.F.);
#10275 = ORIENTED_EDGE('',*,*,#6715,.T.);
#10276 = ORIENTED_EDGE('',*,*,#9194,.T.);
#10277 = ORIENTED_EDGE('',*,*,#10278,.T.);
#10278 = EDGE_CURVE('',#9195,#10279,#10281,.T.);
#10279 = VERTEX_POINT('',#10280);
#10280 = CARTESIAN_POINT('',(-43.9,-3.220078065098,47.355066536076));
#10281 = SURFACE_CURVE('',#10282,(#10286,#10292),.PCURVE_S1.);
#10282 = LINE('',#10283,#10284);
#10283 = CARTESIAN_POINT('',(-43.9,-34.61003903254,39.133886282696));
#10284 = VECTOR('',#10285,1.);
#10285 = DIRECTION('',(0.,-0.96737222338,-0.253359391838));
#10286 = PCURVE('',#6731,#10287);
#10287 = DEFINITIONAL_REPRESENTATION('',(#10288),#10291);
#10288 = B_SPLINE_CURVE_WITH_KNOTS('',1,(#10289,#10290),.UNSPECIFIED.,
  .F.,.F.,(2,2),(-165.248689562,-32.44868956208),
  .PIECEWISE_BEZIER_KNOTS.);
#10289 = CARTESIAN_POINT('',(197.69737912417,-43.9));
#10290 = CARTESIAN_POINT('',(64.897379124174,-43.9));
#10291 = ( GEOMETRIC_REPRESENTATION_CONTEXT(2) 
PARAMETRIC_REPRESENTATION_CONTEXT() REPRESENTATION_CONTEXT('2D SPACE',''
  ) );
#10292 = PCURVE('',#9231,#10293);
#10293 = DEFINITIONAL_REPRESENTATION('',(#10294),#10298);
#10294 = LINE('',#10295,#10296);
#10295 = CARTESIAN_POINT('',(-32.44868956208,6.3));
#10296 = VECTOR('',#10297,1.);
#10297 = DIRECTION('',(-1.,0.));
#10298 = ( GEOMETRIC_REPRESENTATION_CONTEXT(2) 
PARAMETRIC_REPRESENTATION_CONTEXT() REPRESENTATION_CONTEXT('2D SPACE',''
  ) );
#10299 = ORIENTED_EDGE('',*,*,#10300,.F.);
#10300 = EDGE_CURVE('',#10301,#10279,#10303,.T.);
#10301 = VERTEX_POINT('',#10302);
#10302 = CARTESIAN_POINT('',(43.9,-3.220078065098,47.355066536076));
#10303 = SURFACE_CURVE('',#10304,(#10308,#10314),.PCURVE_S1.);
#10304 = LINE('',#10305,#10306);
#10305 = CARTESIAN_POINT('',(-21.95,-3.220078065098,47.355066536076));
#10306 = VECTOR('',#10307,1.);
#10307 = DIRECTION('',(-1.,0.,-0.));
#10308 = PCURVE('',#6731,#10309);
#10309 = DEFINITIONAL_REPRESENTATION('',(#10310),#10313);
#10310 = B_SPLINE_CURVE_WITH_KNOTS('',1,(#10311,#10312),.UNSPECIFIED.,
  .F.,.F.,(2,2),(-65.85,21.95),.PIECEWISE_BEZIER_KNOTS.);
#10311 = CARTESIAN_POINT('',(64.897379124174,43.9));
#10312 = CARTESIAN_POINT('',(64.897379124174,-43.9));
#10313 = ( GEOMETRIC_REPRESENTATION_CONTEXT(2) 
PARAMETRIC_REPRESENTATION_CONTEXT() REPRESENTATION_CONTEXT('2D SPACE',''
  ) );
#10314 = PCURVE('',#10315,#10320);
#10315 = PLANE('',#10316);
#10316 = AXIS2_PLACEMENT_3D('',#10317,#10318,#10319);
#10317 = CARTESIAN_POINT('',(-43.9,-1.62391389652,41.26062152878));
#10318 = DIRECTION('',(0.,-0.96737222338,-0.253359391838));
#10319 = DIRECTION('',(1.,0.,0.));
#10320 = DEFINITIONAL_REPRESENTATION('',(#10321),#10325);
#10321 = LINE('',#10322,#10323);
#10322 = CARTESIAN_POINT('',(21.95,6.3));
#10323 = VECTOR('',#10324,1.);
#10324 = DIRECTION('',(-1.,0.));
#10325 = ( GEOMETRIC_REPRESENTATION_CONTEXT(2) 
PARAMETRIC_REPRESENTATION_CONTEXT() REPRESENTATION_CONTEXT('2D SPACE',''
  ) );
#10326 = ORIENTED_EDGE('',*,*,#10327,.F.);
#10327 = EDGE_CURVE('',#8359,#10301,#10328,.T.);
#10328 = SURFACE_CURVE('',#10329,(#10333,#10339),.PCURVE_S1.);
#10329 = LINE('',#10330,#10331);
#10330 = CARTESIAN_POINT('',(43.9,-34.61003903254,39.133886282696));
#10331 = VECTOR('',#10332,1.);
#10332 = DIRECTION('',(0.,-0.96737222338,-0.253359391838));
#10333 = PCURVE('',#6731,#10334);
#10334 = DEFINITIONAL_REPRESENTATION('',(#10335),#10338);
#10335 = B_SPLINE_CURVE_WITH_KNOTS('',1,(#10336,#10337),.UNSPECIFIED.,
  .F.,.F.,(2,2),(-165.248689562,-32.44868956208),
  .PIECEWISE_BEZIER_KNOTS.);
#10336 = CARTESIAN_POINT('',(197.69737912417,43.9));
#10337 = CARTESIAN_POINT('',(64.897379124174,43.9));
#10338 = ( GEOMETRIC_REPRESENTATION_CONTEXT(2) 
PARAMETRIC_REPRESENTATION_CONTEXT() REPRESENTATION_CONTEXT('2D SPACE',''
  ) );
#10339 = PCURVE('',#8374,#10340);
#10340 = DEFINITIONAL_REPRESENTATION('',(#10341),#10345);
#10341 = LINE('',#10342,#10343);
#10342 = CARTESIAN_POINT('',(-32.44868956208,6.3));
#10343 = VECTOR('',#10344,1.);
#10344 = DIRECTION('',(-1.,0.));
#10345 = ( GEOMETRIC_REPRESENTATION_CONTEXT(2) 
PARAMETRIC_REPRESENTATION_CONTEXT() REPRESENTATION_CONTEXT('2D SPACE',''
  ) );
#10346 = ORIENTED_EDGE('',*,*,#8386,.T.);
#10347 = ORIENTED_EDGE('',*,*,#7945,.F.);
#10348 = ORIENTED_EDGE('',*,*,#7923,.F.);
#10349 = ORIENTED_EDGE('',*,*,#7846,.T.);
#10350 = ORIENTED_EDGE('',*,*,#7824,.T.);
#10351 = ADVANCED_FACE('',(#10352),#7354,.T.);
#10352 = FACE_BOUND('',#10353,.T.);
#10353 = EDGE_LOOP('',(#10354,#10373,#10374,#10375));
#10354 = ORIENTED_EDGE('',*,*,#10355,.F.);
#10355 = EDGE_CURVE('',#7315,#7755,#10356,.T.);
#10356 = SURFACE_CURVE('',#10357,(#10361,#10367),.PCURVE_S1.);
#10357 = LINE('',#10358,#10359);
#10358 = CARTESIAN_POINT('',(0.,-66.,13.347619047619));
#10359 = VECTOR('',#10360,1.);
#10360 = DIRECTION('',(1.,0.,-0.));
#10361 = PCURVE('',#7354,#10362);
#10362 = DEFINITIONAL_REPRESENTATION('',(#10363),#10366);
#10363 = B_SPLINE_CURVE_WITH_KNOTS('',1,(#10364,#10365),.UNSPECIFIED.,
  .F.,.F.,(2,2),(-46.,46.),.PIECEWISE_BEZIER_KNOTS.);
#10364 = CARTESIAN_POINT('',(8.735580297982,-46.));
#10365 = CARTESIAN_POINT('',(8.735580297982,46.));
#10366 = ( GEOMETRIC_REPRESENTATION_CONTEXT(2) 
PARAMETRIC_REPRESENTATION_CONTEXT() REPRESENTATION_CONTEXT('2D SPACE',''
  ) );
#10367 = PCURVE('',#7329,#10368);
#10368 = DEFINITIONAL_REPRESENTATION('',(#10369),#10372);
#10369 = B_SPLINE_CURVE_WITH_KNOTS('',1,(#10370,#10371),.UNSPECIFIED.,
  .F.,.F.,(2,2),(-46.,46.),.PIECEWISE_BEZIER_KNOTS.);
#10370 = CARTESIAN_POINT('',(212.94802044262,-46.));
#10371 = CARTESIAN_POINT('',(212.94802044262,46.));
#10372 = ( GEOMETRIC_REPRESENTATION_CONTEXT(2) 
PARAMETRIC_REPRESENTATION_CONTEXT() REPRESENTATION_CONTEXT('2D SPACE',''
  ) );
#10373 = ORIENTED_EDGE('',*,*,#7340,.T.);
#10374 = ORIENTED_EDGE('',*,*,#10251,.F.);
#10375 = ORIENTED_EDGE('',*,*,#7775,.F.);
#10376 = ADVANCED_FACE('',(#10377),#7329,.F.);
#10377 = FACE_BOUND('',#10378,.F.);
#10378 = EDGE_LOOP('',(#10379,#10380,#10381,#10382,#10383,#10384,#10385,
    #10386,#10387,#10388));
#10379 = ORIENTED_EDGE('',*,*,#7392,.F.);
#10380 = ORIENTED_EDGE('',*,*,#7439,.F.);
#10381 = ORIENTED_EDGE('',*,*,#7486,.T.);
#10382 = ORIENTED_EDGE('',*,*,#7518,.T.);
#10383 = ORIENTED_EDGE('',*,*,#7588,.T.);
#10384 = ORIENTED_EDGE('',*,*,#7641,.T.);
#10385 = ORIENTED_EDGE('',*,*,#7663,.F.);
#10386 = ORIENTED_EDGE('',*,*,#7754,.F.);
#10387 = ORIENTED_EDGE('',*,*,#10355,.F.);
#10388 = ORIENTED_EDGE('',*,*,#7314,.T.);
#10389 = ADVANCED_FACE('',(#10390),#8091,.F.);
#10390 = FACE_BOUND('',#10391,.F.);
#10391 = EDGE_LOOP('',(#10392,#10393,#10394,#10395));
#10392 = ORIENTED_EDGE('',*,*,#8076,.F.);
#10393 = ORIENTED_EDGE('',*,*,#8126,.T.);
#10394 = ORIENTED_EDGE('',*,*,#8194,.T.);
#10395 = ORIENTED_EDGE('',*,*,#8216,.F.);
#10396 = ADVANCED_FACE('',(#10397),#8024,.F.);
#10397 = FACE_BOUND('',#10398,.F.);
#10398 = EDGE_LOOP('',(#10399,#10400,#10401,#10402));
#10399 = ORIENTED_EDGE('',*,*,#8009,.F.);
#10400 = ORIENTED_EDGE('',*,*,#8241,.T.);
#10401 = ORIENTED_EDGE('',*,*,#8309,.T.);
#10402 = ORIENTED_EDGE('',*,*,#8331,.F.);
#10403 = ADVANCED_FACE('',(#10404),#8374,.T.);
#10404 = FACE_BOUND('',#10405,.T.);
#10405 = EDGE_LOOP('',(#10406,#10429,#10450,#10451));
#10406 = ORIENTED_EDGE('',*,*,#10407,.F.);
#10407 = EDGE_CURVE('',#10408,#10301,#10410,.T.);
#10408 = VERTEX_POINT('',#10409);
#10409 = CARTESIAN_POINT('',(43.9,-0.990515416926,38.84219097033));
#10410 = SURFACE_CURVE('',#10411,(#10415,#10422),.PCURVE_S1.);
#10411 = LINE('',#10412,#10413);
#10412 = CARTESIAN_POINT('',(43.9,-0.990515416926,38.84219097033));
#10413 = VECTOR('',#10414,1.);
#10414 = DIRECTION('',(0.,-0.253359391838,0.96737222338));
#10415 = PCURVE('',#8374,#10416);
#10416 = DEFINITIONAL_REPRESENTATION('',(#10417),#10421);
#10417 = LINE('',#10418,#10419);
#10418 = CARTESIAN_POINT('',(-1.33226762955E-15,-2.5));
#10419 = VECTOR('',#10420,1.);
#10420 = DIRECTION('',(2.498001805407E-16,1.));
#10421 = ( GEOMETRIC_REPRESENTATION_CONTEXT(2) 
PARAMETRIC_REPRESENTATION_CONTEXT() REPRESENTATION_CONTEXT('2D SPACE',''
  ) );
#10422 = PCURVE('',#10315,#10423);
#10423 = DEFINITIONAL_REPRESENTATION('',(#10424),#10428);
#10424 = LINE('',#10425,#10426);
#10425 = CARTESIAN_POINT('',(87.8,-2.5));
#10426 = VECTOR('',#10427,1.);
#10427 = DIRECTION('',(0.,1.));
#10428 = ( GEOMETRIC_REPRESENTATION_CONTEXT(2) 
PARAMETRIC_REPRESENTATION_CONTEXT() REPRESENTATION_CONTEXT('2D SPACE',''
  ) );
#10429 = ORIENTED_EDGE('',*,*,#10430,.T.);
#10430 = EDGE_CURVE('',#10408,#8357,#10431,.T.);
#10431 = SURFACE_CURVE('',#10432,(#10436,#10443),.PCURVE_S1.);
#10432 = LINE('',#10433,#10434);
#10433 = CARTESIAN_POINT('',(43.9,63.243000215522,55.665254588352));
#10434 = VECTOR('',#10435,1.);
#10435 = DIRECTION('',(0.,0.96737222338,0.253359391838));
#10436 = PCURVE('',#8374,#10437);
#10437 = DEFINITIONAL_REPRESENTATION('',(#10438),#10442);
#10438 = LINE('',#10439,#10440);
#10439 = CARTESIAN_POINT('',(66.4,-2.5));
#10440 = VECTOR('',#10441,1.);
#10441 = DIRECTION('',(1.,0.));
#10442 = ( GEOMETRIC_REPRESENTATION_CONTEXT(2) 
PARAMETRIC_REPRESENTATION_CONTEXT() REPRESENTATION_CONTEXT('2D SPACE',''
  ) );
#10443 = PCURVE('',#8443,#10444);
#10444 = DEFINITIONAL_REPRESENTATION('',(#10445),#10449);
#10445 = LINE('',#10446,#10447);
#10446 = CARTESIAN_POINT('',(43.9,0.));
#10447 = VECTOR('',#10448,1.);
#10448 = DIRECTION('',(0.,1.));
#10449 = ( GEOMETRIC_REPRESENTATION_CONTEXT(2) 
PARAMETRIC_REPRESENTATION_CONTEXT() REPRESENTATION_CONTEXT('2D SPACE',''
  ) );
#10450 = ORIENTED_EDGE('',*,*,#8356,.T.);
#10451 = ORIENTED_EDGE('',*,*,#10327,.T.);
#10452 = ADVANCED_FACE('',(#10453),#8443,.F.);
#10453 = FACE_BOUND('',#10454,.F.);
#10454 = EDGE_LOOP('',(#10455,#10478,#10499,#10500,#10501,#10502,#10525,
    #10553,#10581,#10609,#10637,#10665,#10693,#10721,#10742,#10768,
    #10789,#10817,#10845,#10873,#10901,#10929,#10957,#10985,#11006,
    #11007));
#10455 = ORIENTED_EDGE('',*,*,#10456,.F.);
#10456 = EDGE_CURVE('',#10457,#9216,#10459,.T.);
#10457 = VERTEX_POINT('',#10458);
#10458 = CARTESIAN_POINT('',(-43.9,-0.990515416926,38.84219097033));
#10459 = SURFACE_CURVE('',#10460,(#10464,#10471),.PCURVE_S1.);
#10460 = LINE('',#10461,#10462);
#10461 = CARTESIAN_POINT('',(-43.9,63.243000215522,55.665254588352));
#10462 = VECTOR('',#10463,1.);
#10463 = DIRECTION('',(0.,0.96737222338,0.253359391838));
#10464 = PCURVE('',#8443,#10465);
#10465 = DEFINITIONAL_REPRESENTATION('',(#10466),#10470);
#10466 = LINE('',#10467,#10468);
#10467 = CARTESIAN_POINT('',(-43.9,0.));
#10468 = VECTOR('',#10469,1.);
#10469 = DIRECTION('',(0.,1.));
#10470 = ( GEOMETRIC_REPRESENTATION_CONTEXT(2) 
PARAMETRIC_REPRESENTATION_CONTEXT() REPRESENTATION_CONTEXT('2D SPACE',''
  ) );
#10471 = PCURVE('',#9231,#10472);
#10472 = DEFINITIONAL_REPRESENTATION('',(#10473),#10477);
#10473 = LINE('',#10474,#10475);
#10474 = CARTESIAN_POINT('',(66.4,-2.5));
#10475 = VECTOR('',#10476,1.);
#10476 = DIRECTION('',(1.,0.));
#10477 = ( GEOMETRIC_REPRESENTATION_CONTEXT(2) 
PARAMETRIC_REPRESENTATION_CONTEXT() REPRESENTATION_CONTEXT('2D SPACE',''
  ) );
#10478 = ORIENTED_EDGE('',*,*,#10479,.T.);
#10479 = EDGE_CURVE('',#10457,#10408,#10480,.T.);
#10480 = SURFACE_CURVE('',#10481,(#10485,#10492),.PCURVE_S1.);
#10481 = LINE('',#10482,#10483);
#10482 = CARTESIAN_POINT('',(0.,-0.990515416926,38.84219097033));
#10483 = VECTOR('',#10484,1.);
#10484 = DIRECTION('',(1.,0.,0.));
#10485 = PCURVE('',#8443,#10486);
#10486 = DEFINITIONAL_REPRESENTATION('',(#10487),#10491);
#10487 = LINE('',#10488,#10489);
#10488 = CARTESIAN_POINT('',(0.,-66.4));
#10489 = VECTOR('',#10490,1.);
#10490 = DIRECTION('',(1.,0.));
#10491 = ( GEOMETRIC_REPRESENTATION_CONTEXT(2) 
PARAMETRIC_REPRESENTATION_CONTEXT() REPRESENTATION_CONTEXT('2D SPACE',''
  ) );
#10492 = PCURVE('',#10315,#10493);
#10493 = DEFINITIONAL_REPRESENTATION('',(#10494),#10498);
#10494 = LINE('',#10495,#10496);
#10495 = CARTESIAN_POINT('',(43.9,-2.5));
#10496 = VECTOR('',#10497,1.);
#10497 = DIRECTION('',(1.,0.));
#10498 = ( GEOMETRIC_REPRESENTATION_CONTEXT(2) 
PARAMETRIC_REPRESENTATION_CONTEXT() REPRESENTATION_CONTEXT('2D SPACE',''
  ) );
#10499 = ORIENTED_EDGE('',*,*,#10430,.T.);
#10500 = ORIENTED_EDGE('',*,*,#8430,.F.);
#10501 = ORIENTED_EDGE('',*,*,#8510,.F.);
#10502 = ORIENTED_EDGE('',*,*,#10503,.F.);
#10503 = EDGE_CURVE('',#10504,#8511,#10506,.T.);
#10504 = VERTEX_POINT('',#10505);
#10505 = CARTESIAN_POINT('',(40.,112.09529749622,68.459903876155));
#10506 = SURFACE_CURVE('',#10507,(#10511,#10518),.PCURVE_S1.);
#10507 = LINE('',#10508,#10509);
#10508 = CARTESIAN_POINT('',(40.,117.8995308365,69.980060227181));
#10509 = VECTOR('',#10510,1.);
#10510 = DIRECTION('',(0.,0.96737222338,0.253359391838));
#10511 = PCURVE('',#8443,#10512);
#10512 = DEFINITIONAL_REPRESENTATION('',(#10513),#10517);
#10513 = LINE('',#10514,#10515);
#10514 = CARTESIAN_POINT('',(40.,56.5));
#10515 = VECTOR('',#10516,1.);
#10516 = DIRECTION('',(0.,1.));
#10517 = ( GEOMETRIC_REPRESENTATION_CONTEXT(2) 
PARAMETRIC_REPRESENTATION_CONTEXT() REPRESENTATION_CONTEXT('2D SPACE',''
  ) );
#10518 = PCURVE('',#8549,#10519);
#10519 = DEFINITIONAL_REPRESENTATION('',(#10520),#10524);
#10520 = LINE('',#10521,#10522);
#10521 = CARTESIAN_POINT('',(6.,2.25));
#10522 = VECTOR('',#10523,1.);
#10523 = DIRECTION('',(1.,0.));
#10524 = ( GEOMETRIC_REPRESENTATION_CONTEXT(2) 
PARAMETRIC_REPRESENTATION_CONTEXT() REPRESENTATION_CONTEXT('2D SPACE',''
  ) );
#10525 = ORIENTED_EDGE('',*,*,#10526,.F.);
#10526 = EDGE_CURVE('',#10527,#10504,#10529,.T.);
#10527 = VERTEX_POINT('',#10528);
#10528 = CARTESIAN_POINT('',(28.9,112.09529749622,68.459903876155));
#10529 = SURFACE_CURVE('',#10530,(#10534,#10541),.PCURVE_S1.);
#10530 = LINE('',#10531,#10532);
#10531 = CARTESIAN_POINT('',(34.,112.09529749622,68.459903876155));
#10532 = VECTOR('',#10533,1.);
#10533 = DIRECTION('',(1.,0.,0.));
#10534 = PCURVE('',#8443,#10535);
#10535 = DEFINITIONAL_REPRESENTATION('',(#10536),#10540);
#10536 = LINE('',#10537,#10538);
#10537 = CARTESIAN_POINT('',(34.,50.5));
#10538 = VECTOR('',#10539,1.);
#10539 = DIRECTION('',(1.,0.));
#10540 = ( GEOMETRIC_REPRESENTATION_CONTEXT(2) 
PARAMETRIC_REPRESENTATION_CONTEXT() REPRESENTATION_CONTEXT('2D SPACE',''
  ) );
#10541 = PCURVE('',#10542,#10547);
#10542 = PLANE('',#10543);
#10543 = AXIS2_PLACEMENT_3D('',#10544,#10545,#10546);
#10544 = CARTESIAN_POINT('',(28.,112.66535612786,66.283316373549));
#10545 = DIRECTION('',(0.,-0.96737222338,-0.253359391838));
#10546 = DIRECTION('',(1.,0.,0.));
#10547 = DEFINITIONAL_REPRESENTATION('',(#10548),#10552);
#10548 = LINE('',#10549,#10550);
#10549 = CARTESIAN_POINT('',(6.,2.25));
#10550 = VECTOR('',#10551,1.);
#10551 = DIRECTION('',(1.,0.));
#10552 = ( GEOMETRIC_REPRESENTATION_CONTEXT(2) 
PARAMETRIC_REPRESENTATION_CONTEXT() REPRESENTATION_CONTEXT('2D SPACE',''
  ) );
#10553 = ORIENTED_EDGE('',*,*,#10554,.F.);
#10554 = EDGE_CURVE('',#10555,#10527,#10557,.T.);
#10555 = VERTEX_POINT('',#10556);
#10556 = CARTESIAN_POINT('',(28.9,14.39070293482,42.870605300549));
#10557 = SURFACE_CURVE('',#10558,(#10562,#10569),.PCURVE_S1.);
#10558 = LINE('',#10559,#10560);
#10559 = CARTESIAN_POINT('',(28.9,63.243000215522,55.665254588352));
#10560 = VECTOR('',#10561,1.);
#10561 = DIRECTION('',(0.,0.96737222338,0.253359391838));
#10562 = PCURVE('',#8443,#10563);
#10563 = DEFINITIONAL_REPRESENTATION('',(#10564),#10568);
#10564 = LINE('',#10565,#10566);
#10565 = CARTESIAN_POINT('',(28.9,0.));
#10566 = VECTOR('',#10567,1.);
#10567 = DIRECTION('',(0.,1.));
#10568 = ( GEOMETRIC_REPRESENTATION_CONTEXT(2) 
PARAMETRIC_REPRESENTATION_CONTEXT() REPRESENTATION_CONTEXT('2D SPACE',''
  ) );
#10569 = PCURVE('',#10570,#10575);
#10570 = PLANE('',#10571);
#10571 = AXIS2_PLACEMENT_3D('',#10572,#10573,#10574);
#10572 = CARTESIAN_POINT('',(28.9,12.886669454184,45.061012406346));
#10573 = DIRECTION('',(1.,0.,-0.));
#10574 = DIRECTION('',(0.,0.96737222338,0.253359391838));
#10575 = DEFINITIONAL_REPRESENTATION('',(#10576),#10580);
#10576 = LINE('',#10577,#10578);
#10577 = CARTESIAN_POINT('',(51.4,-2.5));
#10578 = VECTOR('',#10579,1.);
#10579 = DIRECTION('',(1.,0.));
#10580 = ( GEOMETRIC_REPRESENTATION_CONTEXT(2) 
PARAMETRIC_REPRESENTATION_CONTEXT() REPRESENTATION_CONTEXT('2D SPACE',''
  ) );
#10581 = ORIENTED_EDGE('',*,*,#10582,.T.);
#10582 = EDGE_CURVE('',#10555,#10583,#10585,.T.);
#10583 = VERTEX_POINT('',#10584);
#10584 = CARTESIAN_POINT('',(40.,14.39070293482,42.870605300549));
#10585 = SURFACE_CURVE('',#10586,(#10590,#10597),.PCURVE_S1.);
#10586 = LINE('',#10587,#10588);
#10587 = CARTESIAN_POINT('',(34.,14.39070293482,42.870605300549));
#10588 = VECTOR('',#10589,1.);
#10589 = DIRECTION('',(1.,0.,0.));
#10590 = PCURVE('',#8443,#10591);
#10591 = DEFINITIONAL_REPRESENTATION('',(#10592),#10596);
#10592 = LINE('',#10593,#10594);
#10593 = CARTESIAN_POINT('',(34.,-50.5));
#10594 = VECTOR('',#10595,1.);
#10595 = DIRECTION('',(1.,0.));
#10596 = ( GEOMETRIC_REPRESENTATION_CONTEXT(2) 
PARAMETRIC_REPRESENTATION_CONTEXT() REPRESENTATION_CONTEXT('2D SPACE',''
  ) );
#10597 = PCURVE('',#10598,#10603);
#10598 = PLANE('',#10599);
#10599 = AXIS2_PLACEMENT_3D('',#10600,#10601,#10602);
#10600 = CARTESIAN_POINT('',(28.,14.960761566455,40.694017797943));
#10601 = DIRECTION('',(0.,-0.96737222338,-0.253359391838));
#10602 = DIRECTION('',(1.,0.,0.));
#10603 = DEFINITIONAL_REPRESENTATION('',(#10604),#10608);
#10604 = LINE('',#10605,#10606);
#10605 = CARTESIAN_POINT('',(6.,2.25));
#10606 = VECTOR('',#10607,1.);
#10607 = DIRECTION('',(1.,0.));
#10608 = ( GEOMETRIC_REPRESENTATION_CONTEXT(2) 
PARAMETRIC_REPRESENTATION_CONTEXT() REPRESENTATION_CONTEXT('2D SPACE',''
  ) );
#10609 = ORIENTED_EDGE('',*,*,#10610,.F.);
#10610 = EDGE_CURVE('',#10611,#10583,#10613,.T.);
#10611 = VERTEX_POINT('',#10612);
#10612 = CARTESIAN_POINT('',(40.,2.782236254257,39.830292598497));
#10613 = SURFACE_CURVE('',#10614,(#10618,#10625),.PCURVE_S1.);
#10614 = LINE('',#10615,#10616);
#10615 = CARTESIAN_POINT('',(40.,8.586469594538,41.350448949523));
#10616 = VECTOR('',#10617,1.);
#10617 = DIRECTION('',(0.,0.96737222338,0.253359391838));
#10618 = PCURVE('',#8443,#10619);
#10619 = DEFINITIONAL_REPRESENTATION('',(#10620),#10624);
#10620 = LINE('',#10621,#10622);
#10621 = CARTESIAN_POINT('',(40.,-56.5));
#10622 = VECTOR('',#10623,1.);
#10623 = DIRECTION('',(0.,1.));
#10624 = ( GEOMETRIC_REPRESENTATION_CONTEXT(2) 
PARAMETRIC_REPRESENTATION_CONTEXT() REPRESENTATION_CONTEXT('2D SPACE',''
  ) );
#10625 = PCURVE('',#10626,#10631);
#10626 = PLANE('',#10627);
#10627 = AXIS2_PLACEMENT_3D('',#10628,#10629,#10630);
#10628 = CARTESIAN_POINT('',(40.,3.352294885892,37.653705095891));
#10629 = DIRECTION('',(1.,0.,-0.));
#10630 = DIRECTION('',(0.,0.96737222338,0.253359391838));
#10631 = DEFINITIONAL_REPRESENTATION('',(#10632),#10636);
#10632 = LINE('',#10633,#10634);
#10633 = CARTESIAN_POINT('',(6.,2.25));
#10634 = VECTOR('',#10635,1.);
#10635 = DIRECTION('',(1.,0.));
#10636 = ( GEOMETRIC_REPRESENTATION_CONTEXT(2) 
PARAMETRIC_REPRESENTATION_CONTEXT() REPRESENTATION_CONTEXT('2D SPACE',''
  ) );
#10637 = ORIENTED_EDGE('',*,*,#10638,.F.);
#10638 = EDGE_CURVE('',#10639,#10611,#10641,.T.);
#10639 = VERTEX_POINT('',#10640);
#10640 = CARTESIAN_POINT('',(28.,2.782236254257,39.830292598497));
#10641 = SURFACE_CURVE('',#10642,(#10646,#10653),.PCURVE_S1.);
#10642 = LINE('',#10643,#10644);
#10643 = CARTESIAN_POINT('',(34.,2.782236254257,39.830292598497));
#10644 = VECTOR('',#10645,1.);
#10645 = DIRECTION('',(1.,0.,0.));
#10646 = PCURVE('',#8443,#10647);
#10647 = DEFINITIONAL_REPRESENTATION('',(#10648),#10652);
#10648 = LINE('',#10649,#10650);
#10649 = CARTESIAN_POINT('',(34.,-62.5));
#10650 = VECTOR('',#10651,1.);
#10651 = DIRECTION('',(1.,0.));
#10652 = ( GEOMETRIC_REPRESENTATION_CONTEXT(2) 
PARAMETRIC_REPRESENTATION_CONTEXT() REPRESENTATION_CONTEXT('2D SPACE',''
  ) );
#10653 = PCURVE('',#10654,#10659);
#10654 = PLANE('',#10655);
#10655 = AXIS2_PLACEMENT_3D('',#10656,#10657,#10658);
#10656 = CARTESIAN_POINT('',(28.,3.352294885892,37.653705095891));
#10657 = DIRECTION('',(0.,-0.96737222338,-0.253359391838));
#10658 = DIRECTION('',(1.,0.,0.));
#10659 = DEFINITIONAL_REPRESENTATION('',(#10660),#10664);
#10660 = LINE('',#10661,#10662);
#10661 = CARTESIAN_POINT('',(6.,2.25));
#10662 = VECTOR('',#10663,1.);
#10663 = DIRECTION('',(1.,0.));
#10664 = ( GEOMETRIC_REPRESENTATION_CONTEXT(2) 
PARAMETRIC_REPRESENTATION_CONTEXT() REPRESENTATION_CONTEXT('2D SPACE',''
  ) );
#10665 = ORIENTED_EDGE('',*,*,#10666,.T.);
#10666 = EDGE_CURVE('',#10639,#10667,#10669,.T.);
#10667 = VERTEX_POINT('',#10668);
#10668 = CARTESIAN_POINT('',(28.,13.520067933778,42.642581847895));
#10669 = SURFACE_CURVE('',#10670,(#10674,#10681),.PCURVE_S1.);
#10670 = LINE('',#10671,#10672);
#10671 = CARTESIAN_POINT('',(28.,8.586469594538,41.350448949523));
#10672 = VECTOR('',#10673,1.);
#10673 = DIRECTION('',(0.,0.96737222338,0.253359391838));
#10674 = PCURVE('',#8443,#10675);
#10675 = DEFINITIONAL_REPRESENTATION('',(#10676),#10680);
#10676 = LINE('',#10677,#10678);
#10677 = CARTESIAN_POINT('',(28.,-56.5));
#10678 = VECTOR('',#10679,1.);
#10679 = DIRECTION('',(0.,1.));
#10680 = ( GEOMETRIC_REPRESENTATION_CONTEXT(2) 
PARAMETRIC_REPRESENTATION_CONTEXT() REPRESENTATION_CONTEXT('2D SPACE',''
  ) );
#10681 = PCURVE('',#10682,#10687);
#10682 = PLANE('',#10683);
#10683 = AXIS2_PLACEMENT_3D('',#10684,#10685,#10686);
#10684 = CARTESIAN_POINT('',(28.,3.352294885892,37.653705095891));
#10685 = DIRECTION('',(1.,0.,-0.));
#10686 = DIRECTION('',(0.,0.96737222338,0.253359391838));
#10687 = DEFINITIONAL_REPRESENTATION('',(#10688),#10692);
#10688 = LINE('',#10689,#10690);
#10689 = CARTESIAN_POINT('',(6.,2.25));
#10690 = VECTOR('',#10691,1.);
#10691 = DIRECTION('',(1.,0.));
#10692 = ( GEOMETRIC_REPRESENTATION_CONTEXT(2) 
PARAMETRIC_REPRESENTATION_CONTEXT() REPRESENTATION_CONTEXT('2D SPACE',''
  ) );
#10693 = ORIENTED_EDGE('',*,*,#10694,.F.);
#10694 = EDGE_CURVE('',#10695,#10667,#10697,.T.);
#10695 = VERTEX_POINT('',#10696);
#10696 = CARTESIAN_POINT('',(11.,13.520067933778,42.642581847895));
#10697 = SURFACE_CURVE('',#10698,(#10702,#10709),.PCURVE_S1.);
#10698 = LINE('',#10699,#10700);
#10699 = CARTESIAN_POINT('',(0.,13.520067933778,42.642581847895));
#10700 = VECTOR('',#10701,1.);
#10701 = DIRECTION('',(1.,0.,0.));
#10702 = PCURVE('',#8443,#10703);
#10703 = DEFINITIONAL_REPRESENTATION('',(#10704),#10708);
#10704 = LINE('',#10705,#10706);
#10705 = CARTESIAN_POINT('',(0.,-51.4));
#10706 = VECTOR('',#10707,1.);
#10707 = DIRECTION('',(1.,0.));
#10708 = ( GEOMETRIC_REPRESENTATION_CONTEXT(2) 
PARAMETRIC_REPRESENTATION_CONTEXT() REPRESENTATION_CONTEXT('2D SPACE',''
  ) );
#10709 = PCURVE('',#10710,#10715);
#10710 = PLANE('',#10711);
#10711 = AXIS2_PLACEMENT_3D('',#10712,#10713,#10714);
#10712 = CARTESIAN_POINT('',(-28.9,12.886669454184,45.061012406346));
#10713 = DIRECTION('',(0.,-0.96737222338,-0.253359391838));
#10714 = DIRECTION('',(1.,0.,0.));
#10715 = DEFINITIONAL_REPRESENTATION('',(#10716),#10720);
#10716 = LINE('',#10717,#10718);
#10717 = CARTESIAN_POINT('',(28.9,-2.5));
#10718 = VECTOR('',#10719,1.);
#10719 = DIRECTION('',(1.,0.));
#10720 = ( GEOMETRIC_REPRESENTATION_CONTEXT(2) 
PARAMETRIC_REPRESENTATION_CONTEXT() REPRESENTATION_CONTEXT('2D SPACE',''
  ) );
#10721 = ORIENTED_EDGE('',*,*,#10722,.F.);
#10722 = EDGE_CURVE('',#10723,#10695,#10725,.T.);
#10723 = VERTEX_POINT('',#10724);
#10724 = CARTESIAN_POINT('',(11.,1.331177919187,39.45025351074));
#10725 = SURFACE_CURVE('',#10726,(#10730,#10736),.PCURVE_S1.);
#10726 = LINE('',#10727,#10728);
#10727 = CARTESIAN_POINT('',(11.,32.287089067354,47.557754049546));
#10728 = VECTOR('',#10729,1.);
#10729 = DIRECTION('',(0.,0.96737222338,0.253359391838));
#10730 = PCURVE('',#8443,#10731);
#10731 = DEFINITIONAL_REPRESENTATION('',(#10732),#10735);
#10732 = B_SPLINE_CURVE_WITH_KNOTS('',1,(#10733,#10734),.UNSPECIFIED.,
  .F.,.F.,(2,2),(-32.,-16.),.PIECEWISE_BEZIER_KNOTS.);
#10733 = CARTESIAN_POINT('',(11.,-64.));
#10734 = CARTESIAN_POINT('',(11.,-48.));
#10735 = ( GEOMETRIC_REPRESENTATION_CONTEXT(2) 
PARAMETRIC_REPRESENTATION_CONTEXT() REPRESENTATION_CONTEXT('2D SPACE',''
  ) );
#10736 = PCURVE('',#10164,#10737);
#10737 = DEFINITIONAL_REPRESENTATION('',(#10738),#10741);
#10738 = B_SPLINE_CURVE_WITH_KNOTS('',1,(#10739,#10740),.UNSPECIFIED.,
  .F.,.F.,(2,2),(-32.,-16.),.PIECEWISE_BEZIER_KNOTS.);
#10739 = CARTESIAN_POINT('',(-3.552713678801E-15,-2.5));
#10740 = CARTESIAN_POINT('',(16.,-2.5));
#10741 = ( GEOMETRIC_REPRESENTATION_CONTEXT(2) 
PARAMETRIC_REPRESENTATION_CONTEXT() REPRESENTATION_CONTEXT('2D SPACE',''
  ) );
#10742 = ORIENTED_EDGE('',*,*,#10743,.F.);
#10743 = EDGE_CURVE('',#10744,#10723,#10746,.T.);
#10744 = VERTEX_POINT('',#10745);
#10745 = CARTESIAN_POINT('',(-11.,1.331177919187,39.45025351074));
#10746 = SURFACE_CURVE('',#10747,(#10751,#10757),.PCURVE_S1.);
#10747 = LINE('',#10748,#10749);
#10748 = CARTESIAN_POINT('',(-5.5,1.331177919187,39.45025351074));
#10749 = VECTOR('',#10750,1.);
#10750 = DIRECTION('',(1.,0.,0.));
#10751 = PCURVE('',#8443,#10752);
#10752 = DEFINITIONAL_REPRESENTATION('',(#10753),#10756);
#10753 = B_SPLINE_CURVE_WITH_KNOTS('',1,(#10754,#10755),.UNSPECIFIED.,
  .F.,.F.,(2,2),(-5.5,16.5),.PIECEWISE_BEZIER_KNOTS.);
#10754 = CARTESIAN_POINT('',(-11.,-64.));
#10755 = CARTESIAN_POINT('',(11.,-64.));
#10756 = ( GEOMETRIC_REPRESENTATION_CONTEXT(2) 
PARAMETRIC_REPRESENTATION_CONTEXT() REPRESENTATION_CONTEXT('2D SPACE',''
  ) );
#10757 = PCURVE('',#10758,#10763);
#10758 = PLANE('',#10759);
#10759 = AXIS2_PLACEMENT_3D('',#10760,#10761,#10762);
#10760 = CARTESIAN_POINT('',(-11.,0.697779439592,41.868684069191));
#10761 = DIRECTION('',(0.,-0.96737222338,-0.253359391838));
#10762 = DIRECTION('',(1.,0.,0.));
#10763 = DEFINITIONAL_REPRESENTATION('',(#10764),#10767);
#10764 = B_SPLINE_CURVE_WITH_KNOTS('',1,(#10765,#10766),.UNSPECIFIED.,
  .F.,.F.,(2,2),(-5.5,16.5),.PIECEWISE_BEZIER_KNOTS.);
#10765 = CARTESIAN_POINT('',(0.,-2.5));
#10766 = CARTESIAN_POINT('',(22.,-2.5));
#10767 = ( GEOMETRIC_REPRESENTATION_CONTEXT(2) 
PARAMETRIC_REPRESENTATION_CONTEXT() REPRESENTATION_CONTEXT('2D SPACE',''
  ) );
#10768 = ORIENTED_EDGE('',*,*,#10769,.T.);
#10769 = EDGE_CURVE('',#10744,#10770,#10772,.T.);
#10770 = VERTEX_POINT('',#10771);
#10771 = CARTESIAN_POINT('',(-11.,13.520067933778,42.642581847895));
#10772 = SURFACE_CURVE('',#10773,(#10777,#10783),.PCURVE_S1.);
#10773 = LINE('',#10774,#10775);
#10774 = CARTESIAN_POINT('',(-11.,32.287089067354,47.557754049546));
#10775 = VECTOR('',#10776,1.);
#10776 = DIRECTION('',(0.,0.96737222338,0.253359391838));
#10777 = PCURVE('',#8443,#10778);
#10778 = DEFINITIONAL_REPRESENTATION('',(#10779),#10782);
#10779 = B_SPLINE_CURVE_WITH_KNOTS('',1,(#10780,#10781),.UNSPECIFIED.,
  .F.,.F.,(2,2),(-32.,-16.),.PIECEWISE_BEZIER_KNOTS.);
#10780 = CARTESIAN_POINT('',(-11.,-64.));
#10781 = CARTESIAN_POINT('',(-11.,-48.));
#10782 = ( GEOMETRIC_REPRESENTATION_CONTEXT(2) 
PARAMETRIC_REPRESENTATION_CONTEXT() REPRESENTATION_CONTEXT('2D SPACE',''
  ) );
#10783 = PCURVE('',#10112,#10784);
#10784 = DEFINITIONAL_REPRESENTATION('',(#10785),#10788);
#10785 = B_SPLINE_CURVE_WITH_KNOTS('',1,(#10786,#10787),.UNSPECIFIED.,
  .F.,.F.,(2,2),(-32.,-16.),.PIECEWISE_BEZIER_KNOTS.);
#10786 = CARTESIAN_POINT('',(-3.552713678801E-15,-2.5));
#10787 = CARTESIAN_POINT('',(16.,-2.5));
#10788 = ( GEOMETRIC_REPRESENTATION_CONTEXT(2) 
PARAMETRIC_REPRESENTATION_CONTEXT() REPRESENTATION_CONTEXT('2D SPACE',''
  ) );
#10789 = ORIENTED_EDGE('',*,*,#10790,.F.);
#10790 = EDGE_CURVE('',#10791,#10770,#10793,.T.);
#10791 = VERTEX_POINT('',#10792);
#10792 = CARTESIAN_POINT('',(-28.,13.520067933778,42.642581847895));
#10793 = SURFACE_CURVE('',#10794,(#10798,#10805),.PCURVE_S1.);
#10794 = LINE('',#10795,#10796);
#10795 = CARTESIAN_POINT('',(0.,13.520067933778,42.642581847895));
#10796 = VECTOR('',#10797,1.);
#10797 = DIRECTION('',(1.,0.,0.));
#10798 = PCURVE('',#8443,#10799);
#10799 = DEFINITIONAL_REPRESENTATION('',(#10800),#10804);
#10800 = LINE('',#10801,#10802);
#10801 = CARTESIAN_POINT('',(0.,-51.4));
#10802 = VECTOR('',#10803,1.);
#10803 = DIRECTION('',(1.,0.));
#10804 = ( GEOMETRIC_REPRESENTATION_CONTEXT(2) 
PARAMETRIC_REPRESENTATION_CONTEXT() REPRESENTATION_CONTEXT('2D SPACE',''
  ) );
#10805 = PCURVE('',#10806,#10811);
#10806 = PLANE('',#10807);
#10807 = AXIS2_PLACEMENT_3D('',#10808,#10809,#10810);
#10808 = CARTESIAN_POINT('',(-28.9,12.886669454184,45.061012406346));
#10809 = DIRECTION('',(0.,-0.96737222338,-0.253359391838));
#10810 = DIRECTION('',(1.,0.,0.));
#10811 = DEFINITIONAL_REPRESENTATION('',(#10812),#10816);
#10812 = LINE('',#10813,#10814);
#10813 = CARTESIAN_POINT('',(28.9,-2.5));
#10814 = VECTOR('',#10815,1.);
#10815 = DIRECTION('',(1.,0.));
#10816 = ( GEOMETRIC_REPRESENTATION_CONTEXT(2) 
PARAMETRIC_REPRESENTATION_CONTEXT() REPRESENTATION_CONTEXT('2D SPACE',''
  ) );
#10817 = ORIENTED_EDGE('',*,*,#10818,.F.);
#10818 = EDGE_CURVE('',#10819,#10791,#10821,.T.);
#10819 = VERTEX_POINT('',#10820);
#10820 = CARTESIAN_POINT('',(-28.,2.782236254257,39.830292598497));
#10821 = SURFACE_CURVE('',#10822,(#10826,#10833),.PCURVE_S1.);
#10822 = LINE('',#10823,#10824);
#10823 = CARTESIAN_POINT('',(-28.,8.586469594538,41.350448949523));
#10824 = VECTOR('',#10825,1.);
#10825 = DIRECTION('',(0.,0.96737222338,0.253359391838));
#10826 = PCURVE('',#8443,#10827);
#10827 = DEFINITIONAL_REPRESENTATION('',(#10828),#10832);
#10828 = LINE('',#10829,#10830);
#10829 = CARTESIAN_POINT('',(-28.,-56.5));
#10830 = VECTOR('',#10831,1.);
#10831 = DIRECTION('',(0.,1.));
#10832 = ( GEOMETRIC_REPRESENTATION_CONTEXT(2) 
PARAMETRIC_REPRESENTATION_CONTEXT() REPRESENTATION_CONTEXT('2D SPACE',''
  ) );
#10833 = PCURVE('',#10834,#10839);
#10834 = PLANE('',#10835);
#10835 = AXIS2_PLACEMENT_3D('',#10836,#10837,#10838);
#10836 = CARTESIAN_POINT('',(-28.,3.352294885892,37.653705095891));
#10837 = DIRECTION('',(1.,0.,-0.));
#10838 = DIRECTION('',(0.,0.96737222338,0.253359391838));
#10839 = DEFINITIONAL_REPRESENTATION('',(#10840),#10844);
#10840 = LINE('',#10841,#10842);
#10841 = CARTESIAN_POINT('',(6.,2.25));
#10842 = VECTOR('',#10843,1.);
#10843 = DIRECTION('',(1.,0.));
#10844 = ( GEOMETRIC_REPRESENTATION_CONTEXT(2) 
PARAMETRIC_REPRESENTATION_CONTEXT() REPRESENTATION_CONTEXT('2D SPACE',''
  ) );
#10845 = ORIENTED_EDGE('',*,*,#10846,.F.);
#10846 = EDGE_CURVE('',#10847,#10819,#10849,.T.);
#10847 = VERTEX_POINT('',#10848);
#10848 = CARTESIAN_POINT('',(-40.,2.782236254257,39.830292598497));
#10849 = SURFACE_CURVE('',#10850,(#10854,#10861),.PCURVE_S1.);
#10850 = LINE('',#10851,#10852);
#10851 = CARTESIAN_POINT('',(-34.,2.782236254257,39.830292598497));
#10852 = VECTOR('',#10853,1.);
#10853 = DIRECTION('',(1.,0.,0.));
#10854 = PCURVE('',#8443,#10855);
#10855 = DEFINITIONAL_REPRESENTATION('',(#10856),#10860);
#10856 = LINE('',#10857,#10858);
#10857 = CARTESIAN_POINT('',(-34.,-62.5));
#10858 = VECTOR('',#10859,1.);
#10859 = DIRECTION('',(1.,0.));
#10860 = ( GEOMETRIC_REPRESENTATION_CONTEXT(2) 
PARAMETRIC_REPRESENTATION_CONTEXT() REPRESENTATION_CONTEXT('2D SPACE',''
  ) );
#10861 = PCURVE('',#10862,#10867);
#10862 = PLANE('',#10863);
#10863 = AXIS2_PLACEMENT_3D('',#10864,#10865,#10866);
#10864 = CARTESIAN_POINT('',(-40.,3.352294885892,37.653705095891));
#10865 = DIRECTION('',(0.,-0.96737222338,-0.253359391838));
#10866 = DIRECTION('',(1.,0.,0.));
#10867 = DEFINITIONAL_REPRESENTATION('',(#10868),#10872);
#10868 = LINE('',#10869,#10870);
#10869 = CARTESIAN_POINT('',(6.,2.25));
#10870 = VECTOR('',#10871,1.);
#10871 = DIRECTION('',(1.,0.));
#10872 = ( GEOMETRIC_REPRESENTATION_CONTEXT(2) 
PARAMETRIC_REPRESENTATION_CONTEXT() REPRESENTATION_CONTEXT('2D SPACE',''
  ) );
#10873 = ORIENTED_EDGE('',*,*,#10874,.T.);
#10874 = EDGE_CURVE('',#10847,#10875,#10877,.T.);
#10875 = VERTEX_POINT('',#10876);
#10876 = CARTESIAN_POINT('',(-40.,14.39070293482,42.870605300549));
#10877 = SURFACE_CURVE('',#10878,(#10882,#10889),.PCURVE_S1.);
#10878 = LINE('',#10879,#10880);
#10879 = CARTESIAN_POINT('',(-40.,8.586469594538,41.350448949523));
#10880 = VECTOR('',#10881,1.);
#10881 = DIRECTION('',(0.,0.96737222338,0.253359391838));
#10882 = PCURVE('',#8443,#10883);
#10883 = DEFINITIONAL_REPRESENTATION('',(#10884),#10888);
#10884 = LINE('',#10885,#10886);
#10885 = CARTESIAN_POINT('',(-40.,-56.5));
#10886 = VECTOR('',#10887,1.);
#10887 = DIRECTION('',(0.,1.));
#10888 = ( GEOMETRIC_REPRESENTATION_CONTEXT(2) 
PARAMETRIC_REPRESENTATION_CONTEXT() REPRESENTATION_CONTEXT('2D SPACE',''
  ) );
#10889 = PCURVE('',#10890,#10895);
#10890 = PLANE('',#10891);
#10891 = AXIS2_PLACEMENT_3D('',#10892,#10893,#10894);
#10892 = CARTESIAN_POINT('',(-40.,3.352294885892,37.653705095891));
#10893 = DIRECTION('',(1.,0.,-0.));
#10894 = DIRECTION('',(0.,0.96737222338,0.253359391838));
#10895 = DEFINITIONAL_REPRESENTATION('',(#10896),#10900);
#10896 = LINE('',#10897,#10898);
#10897 = CARTESIAN_POINT('',(6.,2.25));
#10898 = VECTOR('',#10899,1.);
#10899 = DIRECTION('',(1.,0.));
#10900 = ( GEOMETRIC_REPRESENTATION_CONTEXT(2) 
PARAMETRIC_REPRESENTATION_CONTEXT() REPRESENTATION_CONTEXT('2D SPACE',''
  ) );
#10901 = ORIENTED_EDGE('',*,*,#10902,.T.);
#10902 = EDGE_CURVE('',#10875,#10903,#10905,.T.);
#10903 = VERTEX_POINT('',#10904);
#10904 = CARTESIAN_POINT('',(-28.9,14.39070293482,42.870605300549));
#10905 = SURFACE_CURVE('',#10906,(#10910,#10917),.PCURVE_S1.);
#10906 = LINE('',#10907,#10908);
#10907 = CARTESIAN_POINT('',(-34.,14.39070293482,42.870605300549));
#10908 = VECTOR('',#10909,1.);
#10909 = DIRECTION('',(1.,0.,0.));
#10910 = PCURVE('',#8443,#10911);
#10911 = DEFINITIONAL_REPRESENTATION('',(#10912),#10916);
#10912 = LINE('',#10913,#10914);
#10913 = CARTESIAN_POINT('',(-34.,-50.5));
#10914 = VECTOR('',#10915,1.);
#10915 = DIRECTION('',(1.,0.));
#10916 = ( GEOMETRIC_REPRESENTATION_CONTEXT(2) 
PARAMETRIC_REPRESENTATION_CONTEXT() REPRESENTATION_CONTEXT('2D SPACE',''
  ) );
#10917 = PCURVE('',#10918,#10923);
#10918 = PLANE('',#10919);
#10919 = AXIS2_PLACEMENT_3D('',#10920,#10921,#10922);
#10920 = CARTESIAN_POINT('',(-40.,14.960761566455,40.694017797943));
#10921 = DIRECTION('',(0.,-0.96737222338,-0.253359391838));
#10922 = DIRECTION('',(1.,0.,0.));
#10923 = DEFINITIONAL_REPRESENTATION('',(#10924),#10928);
#10924 = LINE('',#10925,#10926);
#10925 = CARTESIAN_POINT('',(6.,2.25));
#10926 = VECTOR('',#10927,1.);
#10927 = DIRECTION('',(1.,0.));
#10928 = ( GEOMETRIC_REPRESENTATION_CONTEXT(2) 
PARAMETRIC_REPRESENTATION_CONTEXT() REPRESENTATION_CONTEXT('2D SPACE',''
  ) );
#10929 = ORIENTED_EDGE('',*,*,#10930,.T.);
#10930 = EDGE_CURVE('',#10903,#10931,#10933,.T.);
#10931 = VERTEX_POINT('',#10932);
#10932 = CARTESIAN_POINT('',(-28.9,112.09529749622,68.459903876155));
#10933 = SURFACE_CURVE('',#10934,(#10938,#10945),.PCURVE_S1.);
#10934 = LINE('',#10935,#10936);
#10935 = CARTESIAN_POINT('',(-28.9,63.243000215522,55.665254588352));
#10936 = VECTOR('',#10937,1.);
#10937 = DIRECTION('',(0.,0.96737222338,0.253359391838));
#10938 = PCURVE('',#8443,#10939);
#10939 = DEFINITIONAL_REPRESENTATION('',(#10940),#10944);
#10940 = LINE('',#10941,#10942);
#10941 = CARTESIAN_POINT('',(-28.9,0.));
#10942 = VECTOR('',#10943,1.);
#10943 = DIRECTION('',(0.,1.));
#10944 = ( GEOMETRIC_REPRESENTATION_CONTEXT(2) 
PARAMETRIC_REPRESENTATION_CONTEXT() REPRESENTATION_CONTEXT('2D SPACE',''
  ) );
#10945 = PCURVE('',#10946,#10951);
#10946 = PLANE('',#10947);
#10947 = AXIS2_PLACEMENT_3D('',#10948,#10949,#10950);
#10948 = CARTESIAN_POINT('',(-28.9,12.886669454184,45.061012406346));
#10949 = DIRECTION('',(1.,0.,-0.));
#10950 = DIRECTION('',(0.,0.96737222338,0.253359391838));
#10951 = DEFINITIONAL_REPRESENTATION('',(#10952),#10956);
#10952 = LINE('',#10953,#10954);
#10953 = CARTESIAN_POINT('',(51.4,-2.5));
#10954 = VECTOR('',#10955,1.);
#10955 = DIRECTION('',(1.,0.));
#10956 = ( GEOMETRIC_REPRESENTATION_CONTEXT(2) 
PARAMETRIC_REPRESENTATION_CONTEXT() REPRESENTATION_CONTEXT('2D SPACE',''
  ) );
#10957 = ORIENTED_EDGE('',*,*,#10958,.F.);
#10958 = EDGE_CURVE('',#10959,#10931,#10961,.T.);
#10959 = VERTEX_POINT('',#10960);
#10960 = CARTESIAN_POINT('',(-40.,112.09529749622,68.459903876155));
#10961 = SURFACE_CURVE('',#10962,(#10966,#10973),.PCURVE_S1.);
#10962 = LINE('',#10963,#10964);
#10963 = CARTESIAN_POINT('',(-34.,112.09529749622,68.459903876155));
#10964 = VECTOR('',#10965,1.);
#10965 = DIRECTION('',(1.,0.,0.));
#10966 = PCURVE('',#8443,#10967);
#10967 = DEFINITIONAL_REPRESENTATION('',(#10968),#10972);
#10968 = LINE('',#10969,#10970);
#10969 = CARTESIAN_POINT('',(-34.,50.5));
#10970 = VECTOR('',#10971,1.);
#10971 = DIRECTION('',(1.,0.));
#10972 = ( GEOMETRIC_REPRESENTATION_CONTEXT(2) 
PARAMETRIC_REPRESENTATION_CONTEXT() REPRESENTATION_CONTEXT('2D SPACE',''
  ) );
#10973 = PCURVE('',#10974,#10979);
#10974 = PLANE('',#10975);
#10975 = AXIS2_PLACEMENT_3D('',#10976,#10977,#10978);
#10976 = CARTESIAN_POINT('',(-40.,112.66535612786,66.283316373549));
#10977 = DIRECTION('',(0.,-0.96737222338,-0.253359391838));
#10978 = DIRECTION('',(1.,0.,0.));
#10979 = DEFINITIONAL_REPRESENTATION('',(#10980),#10984);
#10980 = LINE('',#10981,#10982);
#10981 = CARTESIAN_POINT('',(6.,2.25));
#10982 = VECTOR('',#10983,1.);
#10983 = DIRECTION('',(1.,0.));
#10984 = ( GEOMETRIC_REPRESENTATION_CONTEXT(2) 
PARAMETRIC_REPRESENTATION_CONTEXT() REPRESENTATION_CONTEXT('2D SPACE',''
  ) );
#10985 = ORIENTED_EDGE('',*,*,#10986,.T.);
#10986 = EDGE_CURVE('',#10959,#9141,#10987,.T.);
#10987 = SURFACE_CURVE('',#10988,(#10992,#10999),.PCURVE_S1.);
#10988 = LINE('',#10989,#10990);
#10989 = CARTESIAN_POINT('',(-40.,117.8995308365,69.980060227181));
#10990 = VECTOR('',#10991,1.);
#10991 = DIRECTION('',(0.,0.96737222338,0.253359391838));
#10992 = PCURVE('',#8443,#10993);
#10993 = DEFINITIONAL_REPRESENTATION('',(#10994),#10998);
#10994 = LINE('',#10995,#10996);
#10995 = CARTESIAN_POINT('',(-40.,56.5));
#10996 = VECTOR('',#10997,1.);
#10997 = DIRECTION('',(0.,1.));
#10998 = ( GEOMETRIC_REPRESENTATION_CONTEXT(2) 
PARAMETRIC_REPRESENTATION_CONTEXT() REPRESENTATION_CONTEXT('2D SPACE',''
  ) );
#10999 = PCURVE('',#9155,#11000);
#11000 = DEFINITIONAL_REPRESENTATION('',(#11001),#11005);
#11001 = LINE('',#11002,#11003);
#11002 = CARTESIAN_POINT('',(6.,2.25));
#11003 = VECTOR('',#11004,1.);
#11004 = DIRECTION('',(1.,0.));
#11005 = ( GEOMETRIC_REPRESENTATION_CONTEXT(2) 
PARAMETRIC_REPRESENTATION_CONTEXT() REPRESENTATION_CONTEXT('2D SPACE',''
  ) );
#11006 = ORIENTED_EDGE('',*,*,#9166,.F.);
#11007 = ORIENTED_EDGE('',*,*,#9243,.F.);
#11008 = ADVANCED_FACE('',(#11009),#8658,.F.);
#11009 = FACE_BOUND('',#11010,.F.);
#11010 = EDGE_LOOP('',(#11011,#11032,#11033,#11034));
#11011 = ORIENTED_EDGE('',*,*,#11012,.T.);
#11012 = EDGE_CURVE('',#9039,#8616,#11013,.T.);
#11013 = SURFACE_CURVE('',#11014,(#11018,#11025),.PCURVE_S1.);
#11014 = LINE('',#11015,#11016);
#11015 = CARTESIAN_POINT('',(0.,127.47651584797,72.488318206374));
#11016 = VECTOR('',#11017,1.);
#11017 = DIRECTION('',(1.,0.,0.));
#11018 = PCURVE('',#8658,#11019);
#11019 = DEFINITIONAL_REPRESENTATION('',(#11020),#11024);
#11020 = LINE('',#11021,#11022);
#11021 = CARTESIAN_POINT('',(43.9,-2.5));
#11022 = VECTOR('',#11023,1.);
#11023 = DIRECTION('',(1.,0.));
#11024 = ( GEOMETRIC_REPRESENTATION_CONTEXT(2) 
PARAMETRIC_REPRESENTATION_CONTEXT() REPRESENTATION_CONTEXT('2D SPACE',''
  ) );
#11025 = PCURVE('',#8632,#11026);
#11026 = DEFINITIONAL_REPRESENTATION('',(#11027),#11031);
#11027 = LINE('',#11028,#11029);
#11028 = CARTESIAN_POINT('',(0.,66.4));
#11029 = VECTOR('',#11030,1.);
#11030 = DIRECTION('',(1.,0.));
#11031 = ( GEOMETRIC_REPRESENTATION_CONTEXT(2) 
PARAMETRIC_REPRESENTATION_CONTEXT() REPRESENTATION_CONTEXT('2D SPACE',''
  ) );
#11032 = ORIENTED_EDGE('',*,*,#8644,.F.);
#11033 = ORIENTED_EDGE('',*,*,#9919,.T.);
#11034 = ORIENTED_EDGE('',*,*,#9038,.T.);
#11035 = ADVANCED_FACE('',(#11036),#8632,.F.);
#11036 = FACE_BOUND('',#11037,.F.);
#11037 = EDGE_LOOP('',(#11038,#11061,#11062,#11063,#11064,#11087,#11115,
    #11143));
#11038 = ORIENTED_EDGE('',*,*,#11039,.T.);
#11039 = EDGE_CURVE('',#11040,#8590,#11042,.T.);
#11040 = VERTEX_POINT('',#11041);
#11041 = CARTESIAN_POINT('',(28.,123.70376417678,71.500216578207));
#11042 = SURFACE_CURVE('',#11043,(#11047,#11054),.PCURVE_S1.);
#11043 = LINE('',#11044,#11045);
#11044 = CARTESIAN_POINT('',(34.,123.70376417678,71.500216578207));
#11045 = VECTOR('',#11046,1.);
#11046 = DIRECTION('',(1.,0.,0.));
#11047 = PCURVE('',#8632,#11048);
#11048 = DEFINITIONAL_REPRESENTATION('',(#11049),#11053);
#11049 = LINE('',#11050,#11051);
#11050 = CARTESIAN_POINT('',(34.,62.5));
#11051 = VECTOR('',#11052,1.);
#11052 = DIRECTION('',(1.,0.));
#11053 = ( GEOMETRIC_REPRESENTATION_CONTEXT(2) 
PARAMETRIC_REPRESENTATION_CONTEXT() REPRESENTATION_CONTEXT('2D SPACE',''
  ) );
#11054 = PCURVE('',#8604,#11055);
#11055 = DEFINITIONAL_REPRESENTATION('',(#11056),#11060);
#11056 = LINE('',#11057,#11058);
#11057 = CARTESIAN_POINT('',(6.,2.25));
#11058 = VECTOR('',#11059,1.);
#11059 = DIRECTION('',(1.,0.));
#11060 = ( GEOMETRIC_REPRESENTATION_CONTEXT(2) 
PARAMETRIC_REPRESENTATION_CONTEXT() REPRESENTATION_CONTEXT('2D SPACE',''
  ) );
#11061 = ORIENTED_EDGE('',*,*,#8615,.F.);
#11062 = ORIENTED_EDGE('',*,*,#11012,.F.);
#11063 = ORIENTED_EDGE('',*,*,#9061,.F.);
#11064 = ORIENTED_EDGE('',*,*,#11065,.T.);
#11065 = EDGE_CURVE('',#9062,#11066,#11068,.T.);
#11066 = VERTEX_POINT('',#11067);
#11067 = CARTESIAN_POINT('',(-28.,123.70376417678,71.500216578207));
#11068 = SURFACE_CURVE('',#11069,(#11073,#11080),.PCURVE_S1.);
#11069 = LINE('',#11070,#11071);
#11070 = CARTESIAN_POINT('',(-34.,123.70376417678,71.500216578207));
#11071 = VECTOR('',#11072,1.);
#11072 = DIRECTION('',(1.,0.,0.));
#11073 = PCURVE('',#8632,#11074);
#11074 = DEFINITIONAL_REPRESENTATION('',(#11075),#11079);
#11075 = LINE('',#11076,#11077);
#11076 = CARTESIAN_POINT('',(-34.,62.5));
#11077 = VECTOR('',#11078,1.);
#11078 = DIRECTION('',(1.,0.));
#11079 = ( GEOMETRIC_REPRESENTATION_CONTEXT(2) 
PARAMETRIC_REPRESENTATION_CONTEXT() REPRESENTATION_CONTEXT('2D SPACE',''
  ) );
#11080 = PCURVE('',#9100,#11081);
#11081 = DEFINITIONAL_REPRESENTATION('',(#11082),#11086);
#11082 = LINE('',#11083,#11084);
#11083 = CARTESIAN_POINT('',(6.,2.25));
#11084 = VECTOR('',#11085,1.);
#11085 = DIRECTION('',(1.,0.));
#11086 = ( GEOMETRIC_REPRESENTATION_CONTEXT(2) 
PARAMETRIC_REPRESENTATION_CONTEXT() REPRESENTATION_CONTEXT('2D SPACE',''
  ) );
#11087 = ORIENTED_EDGE('',*,*,#11088,.F.);
#11088 = EDGE_CURVE('',#11089,#11066,#11091,.T.);
#11089 = VERTEX_POINT('',#11090);
#11090 = CARTESIAN_POINT('',(-28.,112.96593249726,68.687927328809));
#11091 = SURFACE_CURVE('',#11092,(#11096,#11103),.PCURVE_S1.);
#11092 = LINE('',#11093,#11094);
#11093 = CARTESIAN_POINT('',(-28.,117.8995308365,69.980060227181));
#11094 = VECTOR('',#11095,1.);
#11095 = DIRECTION('',(0.,0.96737222338,0.253359391838));
#11096 = PCURVE('',#8632,#11097);
#11097 = DEFINITIONAL_REPRESENTATION('',(#11098),#11102);
#11098 = LINE('',#11099,#11100);
#11099 = CARTESIAN_POINT('',(-28.,56.5));
#11100 = VECTOR('',#11101,1.);
#11101 = DIRECTION('',(0.,1.));
#11102 = ( GEOMETRIC_REPRESENTATION_CONTEXT(2) 
PARAMETRIC_REPRESENTATION_CONTEXT() REPRESENTATION_CONTEXT('2D SPACE',''
  ) );
#11103 = PCURVE('',#11104,#11109);
#11104 = PLANE('',#11105);
#11105 = AXIS2_PLACEMENT_3D('',#11106,#11107,#11108);
#11106 = CARTESIAN_POINT('',(-28.,112.66535612786,66.283316373549));
#11107 = DIRECTION('',(1.,0.,-0.));
#11108 = DIRECTION('',(0.,0.96737222338,0.253359391838));
#11109 = DEFINITIONAL_REPRESENTATION('',(#11110),#11114);
#11110 = LINE('',#11111,#11112);
#11111 = CARTESIAN_POINT('',(6.,2.25));
#11112 = VECTOR('',#11113,1.);
#11113 = DIRECTION('',(1.,0.));
#11114 = ( GEOMETRIC_REPRESENTATION_CONTEXT(2) 
PARAMETRIC_REPRESENTATION_CONTEXT() REPRESENTATION_CONTEXT('2D SPACE',''
  ) );
#11115 = ORIENTED_EDGE('',*,*,#11116,.T.);
#11116 = EDGE_CURVE('',#11089,#11117,#11119,.T.);
#11117 = VERTEX_POINT('',#11118);
#11118 = CARTESIAN_POINT('',(28.,112.96593249726,68.687927328809));
#11119 = SURFACE_CURVE('',#11120,(#11124,#11131),.PCURVE_S1.);
#11120 = LINE('',#11121,#11122);
#11121 = CARTESIAN_POINT('',(0.,112.96593249726,68.687927328809));
#11122 = VECTOR('',#11123,1.);
#11123 = DIRECTION('',(1.,0.,0.));
#11124 = PCURVE('',#8632,#11125);
#11125 = DEFINITIONAL_REPRESENTATION('',(#11126),#11130);
#11126 = LINE('',#11127,#11128);
#11127 = CARTESIAN_POINT('',(0.,51.4));
#11128 = VECTOR('',#11129,1.);
#11129 = DIRECTION('',(1.,0.));
#11130 = ( GEOMETRIC_REPRESENTATION_CONTEXT(2) 
PARAMETRIC_REPRESENTATION_CONTEXT() REPRESENTATION_CONTEXT('2D SPACE',''
  ) );
#11131 = PCURVE('',#11132,#11137);
#11132 = PLANE('',#11133);
#11133 = AXIS2_PLACEMENT_3D('',#11134,#11135,#11136);
#11134 = CARTESIAN_POINT('',(-28.9,112.33253401767,71.106357887259));
#11135 = DIRECTION('',(0.,-0.96737222338,-0.253359391838));
#11136 = DIRECTION('',(1.,0.,0.));
#11137 = DEFINITIONAL_REPRESENTATION('',(#11138),#11142);
#11138 = LINE('',#11139,#11140);
#11139 = CARTESIAN_POINT('',(28.9,-2.5));
#11140 = VECTOR('',#11141,1.);
#11141 = DIRECTION('',(1.,0.));
#11142 = ( GEOMETRIC_REPRESENTATION_CONTEXT(2) 
PARAMETRIC_REPRESENTATION_CONTEXT() REPRESENTATION_CONTEXT('2D SPACE',''
  ) );
#11143 = ORIENTED_EDGE('',*,*,#11144,.T.);
#11144 = EDGE_CURVE('',#11117,#11040,#11145,.T.);
#11145 = SURFACE_CURVE('',#11146,(#11150,#11157),.PCURVE_S1.);
#11146 = LINE('',#11147,#11148);
#11147 = CARTESIAN_POINT('',(28.,117.8995308365,69.980060227181));
#11148 = VECTOR('',#11149,1.);
#11149 = DIRECTION('',(0.,0.96737222338,0.253359391838));
#11150 = PCURVE('',#8632,#11151);
#11151 = DEFINITIONAL_REPRESENTATION('',(#11152),#11156);
#11152 = LINE('',#11153,#11154);
#11153 = CARTESIAN_POINT('',(28.,56.5));
#11154 = VECTOR('',#11155,1.);
#11155 = DIRECTION('',(0.,1.));
#11156 = ( GEOMETRIC_REPRESENTATION_CONTEXT(2) 
PARAMETRIC_REPRESENTATION_CONTEXT() REPRESENTATION_CONTEXT('2D SPACE',''
  ) );
#11157 = PCURVE('',#11158,#11163);
#11158 = PLANE('',#11159);
#11159 = AXIS2_PLACEMENT_3D('',#11160,#11161,#11162);
#11160 = CARTESIAN_POINT('',(28.,112.66535612786,66.283316373549));
#11161 = DIRECTION('',(1.,0.,-0.));
#11162 = DIRECTION('',(0.,0.96737222338,0.253359391838));
#11163 = DEFINITIONAL_REPRESENTATION('',(#11164),#11168);
#11164 = LINE('',#11165,#11166);
#11165 = CARTESIAN_POINT('',(6.,2.25));
#11166 = VECTOR('',#11167,1.);
#11167 = DIRECTION('',(1.,0.));
#11168 = ( GEOMETRIC_REPRESENTATION_CONTEXT(2) 
PARAMETRIC_REPRESENTATION_CONTEXT() REPRESENTATION_CONTEXT('2D SPACE',''
  ) );
#11169 = ADVANCED_FACE('',(#11170),#8604,.F.);
#11170 = FACE_BOUND('',#11171,.F.);
#11171 = EDGE_LOOP('',(#11172,#11195,#11216,#11217));
#11172 = ORIENTED_EDGE('',*,*,#11173,.T.);
#11173 = EDGE_CURVE('',#11040,#11174,#11176,.T.);
#11174 = VERTEX_POINT('',#11175);
#11175 = CARTESIAN_POINT('',(28.,124.84388144005,67.147041572996));
#11176 = SURFACE_CURVE('',#11177,(#11181,#11188),.PCURVE_S1.);
#11177 = LINE('',#11178,#11179);
#11178 = CARTESIAN_POINT('',(28.,123.70376417678,71.500216578207));
#11179 = VECTOR('',#11180,1.);
#11180 = DIRECTION('',(0.,0.253359391838,-0.96737222338));
#11181 = PCURVE('',#8604,#11182);
#11182 = DEFINITIONAL_REPRESENTATION('',(#11183),#11187);
#11183 = LINE('',#11184,#11185);
#11184 = CARTESIAN_POINT('',(0.,2.25));
#11185 = VECTOR('',#11186,1.);
#11186 = DIRECTION('',(0.,-1.));
#11187 = ( GEOMETRIC_REPRESENTATION_CONTEXT(2) 
PARAMETRIC_REPRESENTATION_CONTEXT() REPRESENTATION_CONTEXT('2D SPACE',''
  ) );
#11188 = PCURVE('',#11158,#11189);
#11189 = DEFINITIONAL_REPRESENTATION('',(#11190),#11194);
#11190 = LINE('',#11191,#11192);
#11191 = CARTESIAN_POINT('',(12.,2.25));
#11192 = VECTOR('',#11193,1.);
#11193 = DIRECTION('',(-8.326672684689E-17,-1.));
#11194 = ( GEOMETRIC_REPRESENTATION_CONTEXT(2) 
PARAMETRIC_REPRESENTATION_CONTEXT() REPRESENTATION_CONTEXT('2D SPACE',''
  ) );
#11195 = ORIENTED_EDGE('',*,*,#11196,.T.);
#11196 = EDGE_CURVE('',#11174,#8561,#11197,.T.);
#11197 = SURFACE_CURVE('',#11198,(#11202,#11209),.PCURVE_S1.);
#11198 = LINE('',#11199,#11200);
#11199 = CARTESIAN_POINT('',(34.,124.84388144005,67.147041572996));
#11200 = VECTOR('',#11201,1.);
#11201 = DIRECTION('',(1.,0.,0.));
#11202 = PCURVE('',#8604,#11203);
#11203 = DEFINITIONAL_REPRESENTATION('',(#11204),#11208);
#11204 = LINE('',#11205,#11206);
#11205 = CARTESIAN_POINT('',(6.,-2.25));
#11206 = VECTOR('',#11207,1.);
#11207 = DIRECTION('',(1.,0.));
#11208 = ( GEOMETRIC_REPRESENTATION_CONTEXT(2) 
PARAMETRIC_REPRESENTATION_CONTEXT() REPRESENTATION_CONTEXT('2D SPACE',''
  ) );
#11209 = PCURVE('',#8577,#11210);
#11210 = DEFINITIONAL_REPRESENTATION('',(#11211),#11215);
#11211 = LINE('',#11212,#11213);
#11212 = CARTESIAN_POINT('',(0.,6.));
#11213 = VECTOR('',#11214,1.);
#11214 = DIRECTION('',(1.,0.));
#11215 = ( GEOMETRIC_REPRESENTATION_CONTEXT(2) 
PARAMETRIC_REPRESENTATION_CONTEXT() REPRESENTATION_CONTEXT('2D SPACE',''
  ) );
#11216 = ORIENTED_EDGE('',*,*,#8589,.T.);
#11217 = ORIENTED_EDGE('',*,*,#11039,.F.);
#11218 = ADVANCED_FACE('',(#11219,#11334),#8577,.F.);
#11219 = FACE_BOUND('',#11220,.F.);
#11220 = EDGE_LOOP('',(#11221,#11244,#11266,#11288,#11311,#11332,#11333)
  );
#11221 = ORIENTED_EDGE('',*,*,#11222,.F.);
#11222 = EDGE_CURVE('',#11223,#11174,#11225,.T.);
#11223 = VERTEX_POINT('',#11224);
#11224 = CARTESIAN_POINT('',(28.,114.10604976053,64.334752323598));
#11225 = SURFACE_CURVE('',#11226,(#11230,#11237),.PCURVE_S1.);
#11226 = LINE('',#11227,#11228);
#11227 = CARTESIAN_POINT('',(28.,119.03964809977,65.62688522197));
#11228 = VECTOR('',#11229,1.);
#11229 = DIRECTION('',(0.,0.96737222338,0.253359391838));
#11230 = PCURVE('',#8577,#11231);
#11231 = DEFINITIONAL_REPRESENTATION('',(#11232),#11236);
#11232 = LINE('',#11233,#11234);
#11233 = CARTESIAN_POINT('',(-6.,0.));
#11234 = VECTOR('',#11235,1.);
#11235 = DIRECTION('',(0.,1.));
#11236 = ( GEOMETRIC_REPRESENTATION_CONTEXT(2) 
PARAMETRIC_REPRESENTATION_CONTEXT() REPRESENTATION_CONTEXT('2D SPACE',''
  ) );
#11237 = PCURVE('',#11158,#11238);
#11238 = DEFINITIONAL_REPRESENTATION('',(#11239),#11243);
#11239 = LINE('',#11240,#11241);
#11240 = CARTESIAN_POINT('',(6.,-2.25));
#11241 = VECTOR('',#11242,1.);
#11242 = DIRECTION('',(1.,0.));
#11243 = ( GEOMETRIC_REPRESENTATION_CONTEXT(2) 
PARAMETRIC_REPRESENTATION_CONTEXT() REPRESENTATION_CONTEXT('2D SPACE',''
  ) );
#11244 = ORIENTED_EDGE('',*,*,#11245,.T.);
#11245 = EDGE_CURVE('',#11223,#11246,#11248,.T.);
#11246 = VERTEX_POINT('',#11247);
#11247 = CARTESIAN_POINT('',(28.9,114.10604976053,64.334752323598));
#11248 = SURFACE_CURVE('',#11249,(#11253,#11259),.PCURVE_S1.);
#11249 = LINE('',#11250,#11251);
#11250 = CARTESIAN_POINT('',(2.55,114.10604976053,64.334752323598));
#11251 = VECTOR('',#11252,1.);
#11252 = DIRECTION('',(1.,0.,0.));
#11253 = PCURVE('',#8577,#11254);
#11254 = DEFINITIONAL_REPRESENTATION('',(#11255),#11258);
#11255 = B_SPLINE_CURVE_WITH_KNOTS('',1,(#11256,#11257),.UNSPECIFIED.,
  .F.,.F.,(2,2),(25.45,26.35),.PIECEWISE_BEZIER_KNOTS.);
#11256 = CARTESIAN_POINT('',(-6.,-5.1));
#11257 = CARTESIAN_POINT('',(-5.1,-5.1));
#11258 = ( GEOMETRIC_REPRESENTATION_CONTEXT(2) 
PARAMETRIC_REPRESENTATION_CONTEXT() REPRESENTATION_CONTEXT('2D SPACE',''
  ) );
#11259 = PCURVE('',#11132,#11260);
#11260 = DEFINITIONAL_REPRESENTATION('',(#11261),#11265);
#11261 = LINE('',#11262,#11263);
#11262 = CARTESIAN_POINT('',(31.45,-7.));
#11263 = VECTOR('',#11264,1.);
#11264 = DIRECTION('',(1.,0.));
#11265 = ( GEOMETRIC_REPRESENTATION_CONTEXT(2) 
PARAMETRIC_REPRESENTATION_CONTEXT() REPRESENTATION_CONTEXT('2D SPACE',''
  ) );
#11266 = ORIENTED_EDGE('',*,*,#11267,.F.);
#11267 = EDGE_CURVE('',#11268,#11246,#11270,.T.);
#11268 = VERTEX_POINT('',#11269);
#11269 = CARTESIAN_POINT('',(28.9,113.23541475949,64.106728870944));
#11270 = SURFACE_CURVE('',#11271,(#11275,#11281),.PCURVE_S1.);
#11271 = LINE('',#11272,#11273);
#11272 = CARTESIAN_POINT('',(28.9,66.849916648412,51.958146032327));
#11273 = VECTOR('',#11274,1.);
#11274 = DIRECTION('',(0.,0.96737222338,0.253359391838));
#11275 = PCURVE('',#8577,#11276);
#11276 = DEFINITIONAL_REPRESENTATION('',(#11277),#11280);
#11277 = B_SPLINE_CURVE_WITH_KNOTS('',1,(#11278,#11279),.UNSPECIFIED.,
  .F.,.F.,(2,2),(47.95,48.85),.PIECEWISE_BEZIER_KNOTS.);
#11278 = CARTESIAN_POINT('',(-5.1,-6.));
#11279 = CARTESIAN_POINT('',(-5.1,-5.1));
#11280 = ( GEOMETRIC_REPRESENTATION_CONTEXT(2) 
PARAMETRIC_REPRESENTATION_CONTEXT() REPRESENTATION_CONTEXT('2D SPACE',''
  ) );
#11281 = PCURVE('',#10570,#11282);
#11282 = DEFINITIONAL_REPRESENTATION('',(#11283),#11287);
#11283 = LINE('',#11284,#11285);
#11284 = CARTESIAN_POINT('',(53.95,-7.));
#11285 = VECTOR('',#11286,1.);
#11286 = DIRECTION('',(1.,0.));
#11287 = ( GEOMETRIC_REPRESENTATION_CONTEXT(2) 
PARAMETRIC_REPRESENTATION_CONTEXT() REPRESENTATION_CONTEXT('2D SPACE',''
  ) );
#11288 = ORIENTED_EDGE('',*,*,#11289,.T.);
#11289 = EDGE_CURVE('',#11268,#11290,#11292,.T.);
#11290 = VERTEX_POINT('',#11291);
#11291 = CARTESIAN_POINT('',(40.,113.23541475949,64.106728870944));
#11292 = SURFACE_CURVE('',#11293,(#11297,#11304),.PCURVE_S1.);
#11293 = LINE('',#11294,#11295);
#11294 = CARTESIAN_POINT('',(34.,113.23541475949,64.106728870944));
#11295 = VECTOR('',#11296,1.);
#11296 = DIRECTION('',(1.,0.,0.));
#11297 = PCURVE('',#8577,#11298);
#11298 = DEFINITIONAL_REPRESENTATION('',(#11299),#11303);
#11299 = LINE('',#11300,#11301);
#11300 = CARTESIAN_POINT('',(0.,-6.));
#11301 = VECTOR('',#11302,1.);
#11302 = DIRECTION('',(1.,0.));
#11303 = ( GEOMETRIC_REPRESENTATION_CONTEXT(2) 
PARAMETRIC_REPRESENTATION_CONTEXT() REPRESENTATION_CONTEXT('2D SPACE',''
  ) );
#11304 = PCURVE('',#10542,#11305);
#11305 = DEFINITIONAL_REPRESENTATION('',(#11306),#11310);
#11306 = LINE('',#11307,#11308);
#11307 = CARTESIAN_POINT('',(6.,-2.25));
#11308 = VECTOR('',#11309,1.);
#11309 = DIRECTION('',(1.,0.));
#11310 = ( GEOMETRIC_REPRESENTATION_CONTEXT(2) 
PARAMETRIC_REPRESENTATION_CONTEXT() REPRESENTATION_CONTEXT('2D SPACE',''
  ) );
#11311 = ORIENTED_EDGE('',*,*,#11312,.T.);
#11312 = EDGE_CURVE('',#11290,#8535,#11313,.T.);
#11313 = SURFACE_CURVE('',#11314,(#11318,#11325),.PCURVE_S1.);
#11314 = LINE('',#11315,#11316);
#11315 = CARTESIAN_POINT('',(40.,119.03964809977,65.62688522197));
#11316 = VECTOR('',#11317,1.);
#11317 = DIRECTION('',(0.,0.96737222338,0.253359391838));
#11318 = PCURVE('',#8577,#11319);
#11319 = DEFINITIONAL_REPRESENTATION('',(#11320),#11324);
#11320 = LINE('',#11321,#11322);
#11321 = CARTESIAN_POINT('',(6.,0.));
#11322 = VECTOR('',#11323,1.);
#11323 = DIRECTION('',(0.,1.));
#11324 = ( GEOMETRIC_REPRESENTATION_CONTEXT(2) 
PARAMETRIC_REPRESENTATION_CONTEXT() REPRESENTATION_CONTEXT('2D SPACE',''
  ) );
#11325 = PCURVE('',#8549,#11326);
#11326 = DEFINITIONAL_REPRESENTATION('',(#11327),#11331);
#11327 = LINE('',#11328,#11329);
#11328 = CARTESIAN_POINT('',(6.,-2.25));
#11329 = VECTOR('',#11330,1.);
#11330 = DIRECTION('',(1.,0.));
#11331 = ( GEOMETRIC_REPRESENTATION_CONTEXT(2) 
PARAMETRIC_REPRESENTATION_CONTEXT() REPRESENTATION_CONTEXT('2D SPACE',''
  ) );
#11332 = ORIENTED_EDGE('',*,*,#8560,.F.);
#11333 = ORIENTED_EDGE('',*,*,#11196,.F.);
#11334 = FACE_BOUND('',#11335,.F.);
#11335 = EDGE_LOOP('',(#11336));
#11336 = ORIENTED_EDGE('',*,*,#11337,.F.);
#11337 = EDGE_CURVE('',#11338,#11338,#11340,.T.);
#11338 = VERTEX_POINT('',#11339);
#11339 = CARTESIAN_POINT('',(36.9,119.03964809977,65.62688522197));
#11340 = SURFACE_CURVE('',#11341,(#11346,#11353),.PCURVE_S1.);
#11341 = CIRCLE('',#11342,2.9);
#11342 = AXIS2_PLACEMENT_3D('',#11343,#11344,#11345);
#11343 = CARTESIAN_POINT('',(34.,119.03964809977,65.62688522197));
#11344 = DIRECTION('',(0.,-0.253359391838,0.96737222338));
#11345 = DIRECTION('',(1.,0.,0.));
#11346 = PCURVE('',#8577,#11347);
#11347 = DEFINITIONAL_REPRESENTATION('',(#11348),#11352);
#11348 = CIRCLE('',#11349,2.9);
#11349 = AXIS2_PLACEMENT_2D('',#11350,#11351);
#11350 = CARTESIAN_POINT('',(0.,-1.374718612198E-14));
#11351 = DIRECTION('',(1.,0.));
#11352 = ( GEOMETRIC_REPRESENTATION_CONTEXT(2) 
PARAMETRIC_REPRESENTATION_CONTEXT() REPRESENTATION_CONTEXT('2D SPACE',''
  ) );
#11353 = PCURVE('',#11354,#11359);
#11354 = CYLINDRICAL_SURFACE('',#11355,2.9);
#11355 = AXIS2_PLACEMENT_3D('',#11356,#11357,#11358);
#11356 = CARTESIAN_POINT('',(34.,118.40624962018,68.045315780421));
#11357 = DIRECTION('',(0.,-0.253359391838,0.96737222338));
#11358 = DIRECTION('',(1.,0.,0.));
#11359 = DEFINITIONAL_REPRESENTATION('',(#11360),#11364);
#11360 = LINE('',#11361,#11362);
#11361 = CARTESIAN_POINT('',(0.,-2.5));
#11362 = VECTOR('',#11363,1.);
#11363 = DIRECTION('',(1.,0.));
#11364 = ( GEOMETRIC_REPRESENTATION_CONTEXT(2) 
PARAMETRIC_REPRESENTATION_CONTEXT() REPRESENTATION_CONTEXT('2D SPACE',''
  ) );
#11365 = ADVANCED_FACE('',(#11366),#8549,.T.);
#11366 = FACE_BOUND('',#11367,.T.);
#11367 = EDGE_LOOP('',(#11368,#11389,#11390,#11391));
#11368 = ORIENTED_EDGE('',*,*,#11369,.F.);
#11369 = EDGE_CURVE('',#11290,#10504,#11370,.T.);
#11370 = SURFACE_CURVE('',#11371,(#11375,#11382),.PCURVE_S1.);
#11371 = LINE('',#11372,#11373);
#11372 = CARTESIAN_POINT('',(40.,113.23541475949,64.106728870944));
#11373 = VECTOR('',#11374,1.);
#11374 = DIRECTION('',(0.,-0.253359391838,0.96737222338));
#11375 = PCURVE('',#8549,#11376);
#11376 = DEFINITIONAL_REPRESENTATION('',(#11377),#11381);
#11377 = LINE('',#11378,#11379);
#11378 = CARTESIAN_POINT('',(4.884981308351E-15,-2.25));
#11379 = VECTOR('',#11380,1.);
#11380 = DIRECTION('',(8.326672684689E-17,1.));
#11381 = ( GEOMETRIC_REPRESENTATION_CONTEXT(2) 
PARAMETRIC_REPRESENTATION_CONTEXT() REPRESENTATION_CONTEXT('2D SPACE',''
  ) );
#11382 = PCURVE('',#10542,#11383);
#11383 = DEFINITIONAL_REPRESENTATION('',(#11384),#11388);
#11384 = LINE('',#11385,#11386);
#11385 = CARTESIAN_POINT('',(12.,-2.25));
#11386 = VECTOR('',#11387,1.);
#11387 = DIRECTION('',(0.,1.));
#11388 = ( GEOMETRIC_REPRESENTATION_CONTEXT(2) 
PARAMETRIC_REPRESENTATION_CONTEXT() REPRESENTATION_CONTEXT('2D SPACE',''
  ) );
#11389 = ORIENTED_EDGE('',*,*,#11312,.T.);
#11390 = ORIENTED_EDGE('',*,*,#8534,.T.);
#11391 = ORIENTED_EDGE('',*,*,#10503,.F.);
#11392 = ADVANCED_FACE('',(#11393),#8715,.F.);
#11393 = FACE_BOUND('',#11394,.F.);
#11394 = EDGE_LOOP('',(#11395,#11418,#11445,#11446));
#11395 = ORIENTED_EDGE('',*,*,#11396,.T.);
#11396 = EDGE_CURVE('',#8699,#11397,#11399,.T.);
#11397 = VERTEX_POINT('',#11398);
#11398 = CARTESIAN_POINT('',(-40.,-52.15355483062,23.460759136827));
#11399 = SEAM_CURVE('',#11400,(#11404,#11411),.PCURVE_S1.);
#11400 = LINE('',#11401,#11402);
#11401 = CARTESIAN_POINT('',(-40.,-50.,15.238095238095));
#11402 = VECTOR('',#11403,1.);
#11403 = DIRECTION('',(0.,-0.253359391838,0.96737222338));
#11404 = PCURVE('',#8715,#11405);
#11405 = DEFINITIONAL_REPRESENTATION('',(#11406),#11410);
#11406 = LINE('',#11407,#11408);
#11407 = CARTESIAN_POINT('',(6.28318530718,-0.));
#11408 = VECTOR('',#11409,1.);
#11409 = DIRECTION('',(0.,1.));
#11410 = ( GEOMETRIC_REPRESENTATION_CONTEXT(2) 
PARAMETRIC_REPRESENTATION_CONTEXT() REPRESENTATION_CONTEXT('2D SPACE',''
  ) );
#11411 = PCURVE('',#8715,#11412);
#11412 = DEFINITIONAL_REPRESENTATION('',(#11413),#11417);
#11413 = LINE('',#11414,#11415);
#11414 = CARTESIAN_POINT('',(0.,-0.));
#11415 = VECTOR('',#11416,1.);
#11416 = DIRECTION('',(0.,1.));
#11417 = ( GEOMETRIC_REPRESENTATION_CONTEXT(2) 
PARAMETRIC_REPRESENTATION_CONTEXT() REPRESENTATION_CONTEXT('2D SPACE',''
  ) );
#11418 = ORIENTED_EDGE('',*,*,#11419,.F.);
#11419 = EDGE_CURVE('',#11397,#11397,#11420,.T.);
#11420 = SURFACE_CURVE('',#11421,(#11426,#11433),.PCURVE_S1.);
#11421 = CIRCLE('',#11422,2.);
#11422 = AXIS2_PLACEMENT_3D('',#11423,#11424,#11425);
#11423 = CARTESIAN_POINT('',(-42.,-52.15355483062,23.460759136827));
#11424 = DIRECTION('',(0.,-0.253359391838,0.96737222338));
#11425 = DIRECTION('',(1.,0.,0.));
#11426 = PCURVE('',#8715,#11427);
#11427 = DEFINITIONAL_REPRESENTATION('',(#11428),#11432);
#11428 = LINE('',#11429,#11430);
#11429 = CARTESIAN_POINT('',(0.,8.5));
#11430 = VECTOR('',#11431,1.);
#11431 = DIRECTION('',(1.,0.));
#11432 = ( GEOMETRIC_REPRESENTATION_CONTEXT(2) 
PARAMETRIC_REPRESENTATION_CONTEXT() REPRESENTATION_CONTEXT('2D SPACE',''
  ) );
#11433 = PCURVE('',#11434,#11439);
#11434 = PLANE('',#11435);
#11435 = AXIS2_PLACEMENT_3D('',#11436,#11437,#11438);
#11436 = CARTESIAN_POINT('',(-42.,-52.15355483062,23.460759136827));
#11437 = DIRECTION('',(0.,-0.253359391838,0.96737222338));
#11438 = DIRECTION('',(1.,0.,0.));
#11439 = DEFINITIONAL_REPRESENTATION('',(#11440),#11444);
#11440 = CIRCLE('',#11441,2.);
#11441 = AXIS2_PLACEMENT_2D('',#11442,#11443);
#11442 = CARTESIAN_POINT('',(0.,0.));
#11443 = DIRECTION('',(1.,0.));
#11444 = ( GEOMETRIC_REPRESENTATION_CONTEXT(2) 
PARAMETRIC_REPRESENTATION_CONTEXT() REPRESENTATION_CONTEXT('2D SPACE',''
  ) );
#11445 = ORIENTED_EDGE('',*,*,#11396,.F.);
#11446 = ORIENTED_EDGE('',*,*,#8698,.T.);
#11447 = ADVANCED_FACE('',(#11448),#8770,.F.);
#11448 = FACE_BOUND('',#11449,.F.);
#11449 = EDGE_LOOP('',(#11450,#11473,#11500,#11501));
#11450 = ORIENTED_EDGE('',*,*,#11451,.T.);
#11451 = EDGE_CURVE('',#8754,#11452,#11454,.T.);
#11452 = VERTEX_POINT('',#11453);
#11453 = CARTESIAN_POINT('',(44.,127.84644516938,70.603616279684));
#11454 = SEAM_CURVE('',#11455,(#11459,#11466),.PCURVE_S1.);
#11455 = LINE('',#11456,#11457);
#11456 = CARTESIAN_POINT('',(44.,130.,62.380952380952));
#11457 = VECTOR('',#11458,1.);
#11458 = DIRECTION('',(0.,-0.253359391838,0.96737222338));
#11459 = PCURVE('',#8770,#11460);
#11460 = DEFINITIONAL_REPRESENTATION('',(#11461),#11465);
#11461 = LINE('',#11462,#11463);
#11462 = CARTESIAN_POINT('',(6.28318530718,-0.));
#11463 = VECTOR('',#11464,1.);
#11464 = DIRECTION('',(0.,1.));
#11465 = ( GEOMETRIC_REPRESENTATION_CONTEXT(2) 
PARAMETRIC_REPRESENTATION_CONTEXT() REPRESENTATION_CONTEXT('2D SPACE',''
  ) );
#11466 = PCURVE('',#8770,#11467);
#11467 = DEFINITIONAL_REPRESENTATION('',(#11468),#11472);
#11468 = LINE('',#11469,#11470);
#11469 = CARTESIAN_POINT('',(0.,-0.));
#11470 = VECTOR('',#11471,1.);
#11471 = DIRECTION('',(0.,1.));
#11472 = ( GEOMETRIC_REPRESENTATION_CONTEXT(2) 
PARAMETRIC_REPRESENTATION_CONTEXT() REPRESENTATION_CONTEXT('2D SPACE',''
  ) );
#11473 = ORIENTED_EDGE('',*,*,#11474,.F.);
#11474 = EDGE_CURVE('',#11452,#11452,#11475,.T.);
#11475 = SURFACE_CURVE('',#11476,(#11481,#11488),.PCURVE_S1.);
#11476 = CIRCLE('',#11477,2.);
#11477 = AXIS2_PLACEMENT_3D('',#11478,#11479,#11480);
#11478 = CARTESIAN_POINT('',(42.,127.84644516938,70.603616279684));
#11479 = DIRECTION('',(0.,-0.253359391838,0.96737222338));
#11480 = DIRECTION('',(1.,0.,0.));
#11481 = PCURVE('',#8770,#11482);
#11482 = DEFINITIONAL_REPRESENTATION('',(#11483),#11487);
#11483 = LINE('',#11484,#11485);
#11484 = CARTESIAN_POINT('',(0.,8.5));
#11485 = VECTOR('',#11486,1.);
#11486 = DIRECTION('',(1.,0.));
#11487 = ( GEOMETRIC_REPRESENTATION_CONTEXT(2) 
PARAMETRIC_REPRESENTATION_CONTEXT() REPRESENTATION_CONTEXT('2D SPACE',''
  ) );
#11488 = PCURVE('',#11489,#11494);
#11489 = PLANE('',#11490);
#11490 = AXIS2_PLACEMENT_3D('',#11491,#11492,#11493);
#11491 = CARTESIAN_POINT('',(42.,127.84644516938,70.603616279684));
#11492 = DIRECTION('',(0.,-0.253359391838,0.96737222338));
#11493 = DIRECTION('',(1.,0.,0.));
#11494 = DEFINITIONAL_REPRESENTATION('',(#11495),#11499);
#11495 = CIRCLE('',#11496,2.);
#11496 = AXIS2_PLACEMENT_2D('',#11497,#11498);
#11497 = CARTESIAN_POINT('',(0.,0.));
#11498 = DIRECTION('',(1.,0.));
#11499 = ( GEOMETRIC_REPRESENTATION_CONTEXT(2) 
PARAMETRIC_REPRESENTATION_CONTEXT() REPRESENTATION_CONTEXT('2D SPACE',''
  ) );
#11500 = ORIENTED_EDGE('',*,*,#11451,.F.);
#11501 = ORIENTED_EDGE('',*,*,#8753,.T.);
#11502 = ADVANCED_FACE('',(#11503),#8825,.F.);
#11503 = FACE_BOUND('',#11504,.F.);
#11504 = EDGE_LOOP('',(#11505,#11528,#11555,#11556));
#11505 = ORIENTED_EDGE('',*,*,#11506,.T.);
#11506 = EDGE_CURVE('',#8809,#11507,#11509,.T.);
#11507 = VERTEX_POINT('',#11508);
#11508 = CARTESIAN_POINT('',(44.,-52.15355483062,23.460759136827));
#11509 = SEAM_CURVE('',#11510,(#11514,#11521),.PCURVE_S1.);
#11510 = LINE('',#11511,#11512);
#11511 = CARTESIAN_POINT('',(44.,-50.,15.238095238095));
#11512 = VECTOR('',#11513,1.);
#11513 = DIRECTION('',(0.,-0.253359391838,0.96737222338));
#11514 = PCURVE('',#8825,#11515);
#11515 = DEFINITIONAL_REPRESENTATION('',(#11516),#11520);
#11516 = LINE('',#11517,#11518);
#11517 = CARTESIAN_POINT('',(6.28318530718,-0.));
#11518 = VECTOR('',#11519,1.);
#11519 = DIRECTION('',(0.,1.));
#11520 = ( GEOMETRIC_REPRESENTATION_CONTEXT(2) 
PARAMETRIC_REPRESENTATION_CONTEXT() REPRESENTATION_CONTEXT('2D SPACE',''
  ) );
#11521 = PCURVE('',#8825,#11522);
#11522 = DEFINITIONAL_REPRESENTATION('',(#11523),#11527);
#11523 = LINE('',#11524,#11525);
#11524 = CARTESIAN_POINT('',(0.,-0.));
#11525 = VECTOR('',#11526,1.);
#11526 = DIRECTION('',(0.,1.));
#11527 = ( GEOMETRIC_REPRESENTATION_CONTEXT(2) 
PARAMETRIC_REPRESENTATION_CONTEXT() REPRESENTATION_CONTEXT('2D SPACE',''
  ) );
#11528 = ORIENTED_EDGE('',*,*,#11529,.F.);
#11529 = EDGE_CURVE('',#11507,#11507,#11530,.T.);
#11530 = SURFACE_CURVE('',#11531,(#11536,#11543),.PCURVE_S1.);
#11531 = CIRCLE('',#11532,2.);
#11532 = AXIS2_PLACEMENT_3D('',#11533,#11534,#11535);
#11533 = CARTESIAN_POINT('',(42.,-52.15355483062,23.460759136827));
#11534 = DIRECTION('',(0.,-0.253359391838,0.96737222338));
#11535 = DIRECTION('',(1.,0.,0.));
#11536 = PCURVE('',#8825,#11537);
#11537 = DEFINITIONAL_REPRESENTATION('',(#11538),#11542);
#11538 = LINE('',#11539,#11540);
#11539 = CARTESIAN_POINT('',(0.,8.5));
#11540 = VECTOR('',#11541,1.);
#11541 = DIRECTION('',(1.,0.));
#11542 = ( GEOMETRIC_REPRESENTATION_CONTEXT(2) 
PARAMETRIC_REPRESENTATION_CONTEXT() REPRESENTATION_CONTEXT('2D SPACE',''
  ) );
#11543 = PCURVE('',#11544,#11549);
#11544 = PLANE('',#11545);
#11545 = AXIS2_PLACEMENT_3D('',#11546,#11547,#11548);
#11546 = CARTESIAN_POINT('',(42.,-52.15355483062,23.460759136827));
#11547 = DIRECTION('',(0.,-0.253359391838,0.96737222338));
#11548 = DIRECTION('',(1.,0.,0.));
#11549 = DEFINITIONAL_REPRESENTATION('',(#11550),#11554);
#11550 = CIRCLE('',#11551,2.);
#11551 = AXIS2_PLACEMENT_2D('',#11552,#11553);
#11552 = CARTESIAN_POINT('',(0.,0.));
#11553 = DIRECTION('',(1.,0.));
#11554 = ( GEOMETRIC_REPRESENTATION_CONTEXT(2) 
PARAMETRIC_REPRESENTATION_CONTEXT() REPRESENTATION_CONTEXT('2D SPACE',''
  ) );
#11555 = ORIENTED_EDGE('',*,*,#11506,.F.);
#11556 = ORIENTED_EDGE('',*,*,#8808,.T.);
#11557 = ADVANCED_FACE('',(#11558),#9155,.F.);
#11558 = FACE_BOUND('',#11559,.F.);
#11559 = EDGE_LOOP('',(#11560,#11583,#11604,#11605));
#11560 = ORIENTED_EDGE('',*,*,#11561,.F.);
#11561 = EDGE_CURVE('',#11562,#10959,#11564,.T.);
#11562 = VERTEX_POINT('',#11563);
#11563 = CARTESIAN_POINT('',(-40.,113.23541475949,64.106728870944));
#11564 = SURFACE_CURVE('',#11565,(#11569,#11576),.PCURVE_S1.);
#11565 = LINE('',#11566,#11567);
#11566 = CARTESIAN_POINT('',(-40.,113.23541475949,64.106728870944));
#11567 = VECTOR('',#11568,1.);
#11568 = DIRECTION('',(0.,-0.253359391838,0.96737222338));
#11569 = PCURVE('',#9155,#11570);
#11570 = DEFINITIONAL_REPRESENTATION('',(#11571),#11575);
#11571 = LINE('',#11572,#11573);
#11572 = CARTESIAN_POINT('',(4.884981308351E-15,-2.25));
#11573 = VECTOR('',#11574,1.);
#11574 = DIRECTION('',(8.326672684689E-17,1.));
#11575 = ( GEOMETRIC_REPRESENTATION_CONTEXT(2) 
PARAMETRIC_REPRESENTATION_CONTEXT() REPRESENTATION_CONTEXT('2D SPACE',''
  ) );
#11576 = PCURVE('',#10974,#11577);
#11577 = DEFINITIONAL_REPRESENTATION('',(#11578),#11582);
#11578 = LINE('',#11579,#11580);
#11579 = CARTESIAN_POINT('',(0.,-2.25));
#11580 = VECTOR('',#11581,1.);
#11581 = DIRECTION('',(0.,1.));
#11582 = ( GEOMETRIC_REPRESENTATION_CONTEXT(2) 
PARAMETRIC_REPRESENTATION_CONTEXT() REPRESENTATION_CONTEXT('2D SPACE',''
  ) );
#11583 = ORIENTED_EDGE('',*,*,#11584,.T.);
#11584 = EDGE_CURVE('',#11562,#9112,#11585,.T.);
#11585 = SURFACE_CURVE('',#11586,(#11590,#11597),.PCURVE_S1.);
#11586 = LINE('',#11587,#11588);
#11587 = CARTESIAN_POINT('',(-40.,119.03964809977,65.62688522197));
#11588 = VECTOR('',#11589,1.);
#11589 = DIRECTION('',(0.,0.96737222338,0.253359391838));
#11590 = PCURVE('',#9155,#11591);
#11591 = DEFINITIONAL_REPRESENTATION('',(#11592),#11596);
#11592 = LINE('',#11593,#11594);
#11593 = CARTESIAN_POINT('',(6.,-2.25));
#11594 = VECTOR('',#11595,1.);
#11595 = DIRECTION('',(1.,0.));
#11596 = ( GEOMETRIC_REPRESENTATION_CONTEXT(2) 
PARAMETRIC_REPRESENTATION_CONTEXT() REPRESENTATION_CONTEXT('2D SPACE',''
  ) );
#11597 = PCURVE('',#9128,#11598);
#11598 = DEFINITIONAL_REPRESENTATION('',(#11599),#11603);
#11599 = LINE('',#11600,#11601);
#11600 = CARTESIAN_POINT('',(-6.,0.));
#11601 = VECTOR('',#11602,1.);
#11602 = DIRECTION('',(0.,1.));
#11603 = ( GEOMETRIC_REPRESENTATION_CONTEXT(2) 
PARAMETRIC_REPRESENTATION_CONTEXT() REPRESENTATION_CONTEXT('2D SPACE',''
  ) );
#11604 = ORIENTED_EDGE('',*,*,#9140,.T.);
#11605 = ORIENTED_EDGE('',*,*,#10986,.F.);
#11606 = ADVANCED_FACE('',(#11607,#11722),#9128,.F.);
#11607 = FACE_BOUND('',#11608,.F.);
#11608 = EDGE_LOOP('',(#11609,#11610,#11633,#11655,#11677,#11700,#11721)
  );
#11609 = ORIENTED_EDGE('',*,*,#11584,.F.);
#11610 = ORIENTED_EDGE('',*,*,#11611,.T.);
#11611 = EDGE_CURVE('',#11562,#11612,#11614,.T.);
#11612 = VERTEX_POINT('',#11613);
#11613 = CARTESIAN_POINT('',(-28.9,113.23541475949,64.106728870944));
#11614 = SURFACE_CURVE('',#11615,(#11619,#11626),.PCURVE_S1.);
#11615 = LINE('',#11616,#11617);
#11616 = CARTESIAN_POINT('',(-34.,113.23541475949,64.106728870944));
#11617 = VECTOR('',#11618,1.);
#11618 = DIRECTION('',(1.,0.,0.));
#11619 = PCURVE('',#9128,#11620);
#11620 = DEFINITIONAL_REPRESENTATION('',(#11621),#11625);
#11621 = LINE('',#11622,#11623);
#11622 = CARTESIAN_POINT('',(0.,-6.));
#11623 = VECTOR('',#11624,1.);
#11624 = DIRECTION('',(1.,0.));
#11625 = ( GEOMETRIC_REPRESENTATION_CONTEXT(2) 
PARAMETRIC_REPRESENTATION_CONTEXT() REPRESENTATION_CONTEXT('2D SPACE',''
  ) );
#11626 = PCURVE('',#10974,#11627);
#11627 = DEFINITIONAL_REPRESENTATION('',(#11628),#11632);
#11628 = LINE('',#11629,#11630);
#11629 = CARTESIAN_POINT('',(6.,-2.25));
#11630 = VECTOR('',#11631,1.);
#11631 = DIRECTION('',(1.,0.));
#11632 = ( GEOMETRIC_REPRESENTATION_CONTEXT(2) 
PARAMETRIC_REPRESENTATION_CONTEXT() REPRESENTATION_CONTEXT('2D SPACE',''
  ) );
#11633 = ORIENTED_EDGE('',*,*,#11634,.T.);
#11634 = EDGE_CURVE('',#11612,#11635,#11637,.T.);
#11635 = VERTEX_POINT('',#11636);
#11636 = CARTESIAN_POINT('',(-28.9,114.10604976053,64.334752323598));
#11637 = SURFACE_CURVE('',#11638,(#11642,#11648),.PCURVE_S1.);
#11638 = LINE('',#11639,#11640);
#11639 = CARTESIAN_POINT('',(-28.9,66.849916648412,51.958146032327));
#11640 = VECTOR('',#11641,1.);
#11641 = DIRECTION('',(0.,0.96737222338,0.253359391838));
#11642 = PCURVE('',#9128,#11643);
#11643 = DEFINITIONAL_REPRESENTATION('',(#11644),#11647);
#11644 = B_SPLINE_CURVE_WITH_KNOTS('',1,(#11645,#11646),.UNSPECIFIED.,
  .F.,.F.,(2,2),(47.95,48.85),.PIECEWISE_BEZIER_KNOTS.);
#11645 = CARTESIAN_POINT('',(5.1,-6.));
#11646 = CARTESIAN_POINT('',(5.1,-5.1));
#11647 = ( GEOMETRIC_REPRESENTATION_CONTEXT(2) 
PARAMETRIC_REPRESENTATION_CONTEXT() REPRESENTATION_CONTEXT('2D SPACE',''
  ) );
#11648 = PCURVE('',#10946,#11649);
#11649 = DEFINITIONAL_REPRESENTATION('',(#11650),#11654);
#11650 = LINE('',#11651,#11652);
#11651 = CARTESIAN_POINT('',(53.95,-7.));
#11652 = VECTOR('',#11653,1.);
#11653 = DIRECTION('',(1.,0.));
#11654 = ( GEOMETRIC_REPRESENTATION_CONTEXT(2) 
PARAMETRIC_REPRESENTATION_CONTEXT() REPRESENTATION_CONTEXT('2D SPACE',''
  ) );
#11655 = ORIENTED_EDGE('',*,*,#11656,.T.);
#11656 = EDGE_CURVE('',#11635,#11657,#11659,.T.);
#11657 = VERTEX_POINT('',#11658);
#11658 = CARTESIAN_POINT('',(-28.,114.10604976053,64.334752323598));
#11659 = SURFACE_CURVE('',#11660,(#11664,#11670),.PCURVE_S1.);
#11660 = LINE('',#11661,#11662);
#11661 = CARTESIAN_POINT('',(-31.45,114.10604976053,64.334752323598));
#11662 = VECTOR('',#11663,1.);
#11663 = DIRECTION('',(1.,0.,0.));
#11664 = PCURVE('',#9128,#11665);
#11665 = DEFINITIONAL_REPRESENTATION('',(#11666),#11669);
#11666 = B_SPLINE_CURVE_WITH_KNOTS('',1,(#11667,#11668),.UNSPECIFIED.,
  .F.,.F.,(2,2),(2.55,3.45),.PIECEWISE_BEZIER_KNOTS.);
#11667 = CARTESIAN_POINT('',(5.1,-5.1));
#11668 = CARTESIAN_POINT('',(6.,-5.1));
#11669 = ( GEOMETRIC_REPRESENTATION_CONTEXT(2) 
PARAMETRIC_REPRESENTATION_CONTEXT() REPRESENTATION_CONTEXT('2D SPACE',''
  ) );
#11670 = PCURVE('',#11132,#11671);
#11671 = DEFINITIONAL_REPRESENTATION('',(#11672),#11676);
#11672 = LINE('',#11673,#11674);
#11673 = CARTESIAN_POINT('',(-2.55,-7.));
#11674 = VECTOR('',#11675,1.);
#11675 = DIRECTION('',(1.,0.));
#11676 = ( GEOMETRIC_REPRESENTATION_CONTEXT(2) 
PARAMETRIC_REPRESENTATION_CONTEXT() REPRESENTATION_CONTEXT('2D SPACE',''
  ) );
#11677 = ORIENTED_EDGE('',*,*,#11678,.T.);
#11678 = EDGE_CURVE('',#11657,#11679,#11681,.T.);
#11679 = VERTEX_POINT('',#11680);
#11680 = CARTESIAN_POINT('',(-28.,124.84388144005,67.147041572996));
#11681 = SURFACE_CURVE('',#11682,(#11686,#11693),.PCURVE_S1.);
#11682 = LINE('',#11683,#11684);
#11683 = CARTESIAN_POINT('',(-28.,119.03964809977,65.62688522197));
#11684 = VECTOR('',#11685,1.);
#11685 = DIRECTION('',(0.,0.96737222338,0.253359391838));
#11686 = PCURVE('',#9128,#11687);
#11687 = DEFINITIONAL_REPRESENTATION('',(#11688),#11692);
#11688 = LINE('',#11689,#11690);
#11689 = CARTESIAN_POINT('',(6.,0.));
#11690 = VECTOR('',#11691,1.);
#11691 = DIRECTION('',(0.,1.));
#11692 = ( GEOMETRIC_REPRESENTATION_CONTEXT(2) 
PARAMETRIC_REPRESENTATION_CONTEXT() REPRESENTATION_CONTEXT('2D SPACE',''
  ) );
#11693 = PCURVE('',#11104,#11694);
#11694 = DEFINITIONAL_REPRESENTATION('',(#11695),#11699);
#11695 = LINE('',#11696,#11697);
#11696 = CARTESIAN_POINT('',(6.,-2.25));
#11697 = VECTOR('',#11698,1.);
#11698 = DIRECTION('',(1.,0.));
#11699 = ( GEOMETRIC_REPRESENTATION_CONTEXT(2) 
PARAMETRIC_REPRESENTATION_CONTEXT() REPRESENTATION_CONTEXT('2D SPACE',''
  ) );
#11700 = ORIENTED_EDGE('',*,*,#11701,.F.);
#11701 = EDGE_CURVE('',#9086,#11679,#11702,.T.);
#11702 = SURFACE_CURVE('',#11703,(#11707,#11714),.PCURVE_S1.);
#11703 = LINE('',#11704,#11705);
#11704 = CARTESIAN_POINT('',(-34.,124.84388144005,67.147041572996));
#11705 = VECTOR('',#11706,1.);
#11706 = DIRECTION('',(1.,0.,0.));
#11707 = PCURVE('',#9128,#11708);
#11708 = DEFINITIONAL_REPRESENTATION('',(#11709),#11713);
#11709 = LINE('',#11710,#11711);
#11710 = CARTESIAN_POINT('',(0.,6.));
#11711 = VECTOR('',#11712,1.);
#11712 = DIRECTION('',(1.,0.));
#11713 = ( GEOMETRIC_REPRESENTATION_CONTEXT(2) 
PARAMETRIC_REPRESENTATION_CONTEXT() REPRESENTATION_CONTEXT('2D SPACE',''
  ) );
#11714 = PCURVE('',#9100,#11715);
#11715 = DEFINITIONAL_REPRESENTATION('',(#11716),#11720);
#11716 = LINE('',#11717,#11718);
#11717 = CARTESIAN_POINT('',(6.,-2.25));
#11718 = VECTOR('',#11719,1.);
#11719 = DIRECTION('',(1.,0.));
#11720 = ( GEOMETRIC_REPRESENTATION_CONTEXT(2) 
PARAMETRIC_REPRESENTATION_CONTEXT() REPRESENTATION_CONTEXT('2D SPACE',''
  ) );
#11721 = ORIENTED_EDGE('',*,*,#9111,.F.);
#11722 = FACE_BOUND('',#11723,.F.);
#11723 = EDGE_LOOP('',(#11724));
#11724 = ORIENTED_EDGE('',*,*,#11725,.F.);
#11725 = EDGE_CURVE('',#11726,#11726,#11728,.T.);
#11726 = VERTEX_POINT('',#11727);
#11727 = CARTESIAN_POINT('',(-31.1,119.03964809977,65.62688522197));
#11728 = SURFACE_CURVE('',#11729,(#11734,#11741),.PCURVE_S1.);
#11729 = CIRCLE('',#11730,2.9);
#11730 = AXIS2_PLACEMENT_3D('',#11731,#11732,#11733);
#11731 = CARTESIAN_POINT('',(-34.,119.03964809977,65.62688522197));
#11732 = DIRECTION('',(0.,-0.253359391838,0.96737222338));
#11733 = DIRECTION('',(1.,0.,0.));
#11734 = PCURVE('',#9128,#11735);
#11735 = DEFINITIONAL_REPRESENTATION('',(#11736),#11740);
#11736 = CIRCLE('',#11737,2.9);
#11737 = AXIS2_PLACEMENT_2D('',#11738,#11739);
#11738 = CARTESIAN_POINT('',(0.,-1.374718612198E-14));
#11739 = DIRECTION('',(1.,0.));
#11740 = ( GEOMETRIC_REPRESENTATION_CONTEXT(2) 
PARAMETRIC_REPRESENTATION_CONTEXT() REPRESENTATION_CONTEXT('2D SPACE',''
  ) );
#11741 = PCURVE('',#11742,#11747);
#11742 = CYLINDRICAL_SURFACE('',#11743,2.9);
#11743 = AXIS2_PLACEMENT_3D('',#11744,#11745,#11746);
#11744 = CARTESIAN_POINT('',(-34.,118.40624962018,68.045315780421));
#11745 = DIRECTION('',(0.,-0.253359391838,0.96737222338));
#11746 = DIRECTION('',(1.,0.,0.));
#11747 = DEFINITIONAL_REPRESENTATION('',(#11748),#11752);
#11748 = LINE('',#11749,#11750);
#11749 = CARTESIAN_POINT('',(0.,-2.5));
#11750 = VECTOR('',#11751,1.);
#11751 = DIRECTION('',(1.,0.));
#11752 = ( GEOMETRIC_REPRESENTATION_CONTEXT(2) 
PARAMETRIC_REPRESENTATION_CONTEXT() REPRESENTATION_CONTEXT('2D SPACE',''
  ) );
#11753 = ADVANCED_FACE('',(#11754),#9100,.F.);
#11754 = FACE_BOUND('',#11755,.F.);
#11755 = EDGE_LOOP('',(#11756,#11757,#11758,#11779));
#11756 = ORIENTED_EDGE('',*,*,#9085,.F.);
#11757 = ORIENTED_EDGE('',*,*,#11701,.T.);
#11758 = ORIENTED_EDGE('',*,*,#11759,.F.);
#11759 = EDGE_CURVE('',#11066,#11679,#11760,.T.);
#11760 = SURFACE_CURVE('',#11761,(#11765,#11772),.PCURVE_S1.);
#11761 = LINE('',#11762,#11763);
#11762 = CARTESIAN_POINT('',(-28.,123.70376417678,71.500216578207));
#11763 = VECTOR('',#11764,1.);
#11764 = DIRECTION('',(0.,0.253359391838,-0.96737222338));
#11765 = PCURVE('',#9100,#11766);
#11766 = DEFINITIONAL_REPRESENTATION('',(#11767),#11771);
#11767 = LINE('',#11768,#11769);
#11768 = CARTESIAN_POINT('',(12.,2.25));
#11769 = VECTOR('',#11770,1.);
#11770 = DIRECTION('',(0.,-1.));
#11771 = ( GEOMETRIC_REPRESENTATION_CONTEXT(2) 
PARAMETRIC_REPRESENTATION_CONTEXT() REPRESENTATION_CONTEXT('2D SPACE',''
  ) );
#11772 = PCURVE('',#11104,#11773);
#11773 = DEFINITIONAL_REPRESENTATION('',(#11774),#11778);
#11774 = LINE('',#11775,#11776);
#11775 = CARTESIAN_POINT('',(12.,2.25));
#11776 = VECTOR('',#11777,1.);
#11777 = DIRECTION('',(-8.326672684689E-17,-1.));
#11778 = ( GEOMETRIC_REPRESENTATION_CONTEXT(2) 
PARAMETRIC_REPRESENTATION_CONTEXT() REPRESENTATION_CONTEXT('2D SPACE',''
  ) );
#11779 = ORIENTED_EDGE('',*,*,#11065,.F.);
#11780 = ADVANCED_FACE('',(#11781),#9231,.F.);
#11781 = FACE_BOUND('',#11782,.F.);
#11782 = EDGE_LOOP('',(#11783,#11804,#11805,#11806));
#11783 = ORIENTED_EDGE('',*,*,#11784,.F.);
#11784 = EDGE_CURVE('',#10457,#10279,#11785,.T.);
#11785 = SURFACE_CURVE('',#11786,(#11790,#11797),.PCURVE_S1.);
#11786 = LINE('',#11787,#11788);
#11787 = CARTESIAN_POINT('',(-43.9,-0.990515416926,38.84219097033));
#11788 = VECTOR('',#11789,1.);
#11789 = DIRECTION('',(0.,-0.253359391838,0.96737222338));
#11790 = PCURVE('',#9231,#11791);
#11791 = DEFINITIONAL_REPRESENTATION('',(#11792),#11796);
#11792 = LINE('',#11793,#11794);
#11793 = CARTESIAN_POINT('',(-1.33226762955E-15,-2.5));
#11794 = VECTOR('',#11795,1.);
#11795 = DIRECTION('',(2.498001805407E-16,1.));
#11796 = ( GEOMETRIC_REPRESENTATION_CONTEXT(2) 
PARAMETRIC_REPRESENTATION_CONTEXT() REPRESENTATION_CONTEXT('2D SPACE',''
  ) );
#11797 = PCURVE('',#10315,#11798);
#11798 = DEFINITIONAL_REPRESENTATION('',(#11799),#11803);
#11799 = LINE('',#11800,#11801);
#11800 = CARTESIAN_POINT('',(0.,-2.5));
#11801 = VECTOR('',#11802,1.);
#11802 = DIRECTION('',(0.,1.));
#11803 = ( GEOMETRIC_REPRESENTATION_CONTEXT(2) 
PARAMETRIC_REPRESENTATION_CONTEXT() REPRESENTATION_CONTEXT('2D SPACE',''
  ) );
#11804 = ORIENTED_EDGE('',*,*,#10456,.T.);
#11805 = ORIENTED_EDGE('',*,*,#9215,.F.);
#11806 = ORIENTED_EDGE('',*,*,#10278,.T.);
#11807 = ADVANCED_FACE('',(#11808),#9289,.F.);
#11808 = FACE_BOUND('',#11809,.F.);
#11809 = EDGE_LOOP('',(#11810,#11833,#11860,#11861));
#11810 = ORIENTED_EDGE('',*,*,#11811,.T.);
#11811 = EDGE_CURVE('',#9273,#11812,#11814,.T.);
#11812 = VERTEX_POINT('',#11813);
#11813 = CARTESIAN_POINT('',(-40.,127.84644516938,70.603616279684));
#11814 = SEAM_CURVE('',#11815,(#11819,#11826),.PCURVE_S1.);
#11815 = LINE('',#11816,#11817);
#11816 = CARTESIAN_POINT('',(-40.,130.,62.380952380952));
#11817 = VECTOR('',#11818,1.);
#11818 = DIRECTION('',(0.,-0.253359391838,0.96737222338));
#11819 = PCURVE('',#9289,#11820);
#11820 = DEFINITIONAL_REPRESENTATION('',(#11821),#11825);
#11821 = LINE('',#11822,#11823);
#11822 = CARTESIAN_POINT('',(6.28318530718,-0.));
#11823 = VECTOR('',#11824,1.);
#11824 = DIRECTION('',(0.,1.));
#11825 = ( GEOMETRIC_REPRESENTATION_CONTEXT(2) 
PARAMETRIC_REPRESENTATION_CONTEXT() REPRESENTATION_CONTEXT('2D SPACE',''
  ) );
#11826 = PCURVE('',#9289,#11827);
#11827 = DEFINITIONAL_REPRESENTATION('',(#11828),#11832);
#11828 = LINE('',#11829,#11830);
#11829 = CARTESIAN_POINT('',(0.,-0.));
#11830 = VECTOR('',#11831,1.);
#11831 = DIRECTION('',(0.,1.));
#11832 = ( GEOMETRIC_REPRESENTATION_CONTEXT(2) 
PARAMETRIC_REPRESENTATION_CONTEXT() REPRESENTATION_CONTEXT('2D SPACE',''
  ) );
#11833 = ORIENTED_EDGE('',*,*,#11834,.F.);
#11834 = EDGE_CURVE('',#11812,#11812,#11835,.T.);
#11835 = SURFACE_CURVE('',#11836,(#11841,#11848),.PCURVE_S1.);
#11836 = CIRCLE('',#11837,2.);
#11837 = AXIS2_PLACEMENT_3D('',#11838,#11839,#11840);
#11838 = CARTESIAN_POINT('',(-42.,127.84644516938,70.603616279684));
#11839 = DIRECTION('',(0.,-0.253359391838,0.96737222338));
#11840 = DIRECTION('',(1.,0.,0.));
#11841 = PCURVE('',#9289,#11842);
#11842 = DEFINITIONAL_REPRESENTATION('',(#11843),#11847);
#11843 = LINE('',#11844,#11845);
#11844 = CARTESIAN_POINT('',(0.,8.5));
#11845 = VECTOR('',#11846,1.);
#11846 = DIRECTION('',(1.,0.));
#11847 = ( GEOMETRIC_REPRESENTATION_CONTEXT(2) 
PARAMETRIC_REPRESENTATION_CONTEXT() REPRESENTATION_CONTEXT('2D SPACE',''
  ) );
#11848 = PCURVE('',#11849,#11854);
#11849 = PLANE('',#11850);
#11850 = AXIS2_PLACEMENT_3D('',#11851,#11852,#11853);
#11851 = CARTESIAN_POINT('',(-42.,127.84644516938,70.603616279684));
#11852 = DIRECTION('',(0.,-0.253359391838,0.96737222338));
#11853 = DIRECTION('',(1.,0.,0.));
#11854 = DEFINITIONAL_REPRESENTATION('',(#11855),#11859);
#11855 = CIRCLE('',#11856,2.);
#11856 = AXIS2_PLACEMENT_2D('',#11857,#11858);
#11857 = CARTESIAN_POINT('',(0.,0.));
#11858 = DIRECTION('',(1.,0.));
#11859 = ( GEOMETRIC_REPRESENTATION_CONTEXT(2) 
PARAMETRIC_REPRESENTATION_CONTEXT() REPRESENTATION_CONTEXT('2D SPACE',''
  ) );
#11860 = ORIENTED_EDGE('',*,*,#11811,.F.);
#11861 = ORIENTED_EDGE('',*,*,#9272,.T.);
#11862 = ADVANCED_FACE('',(#11863,#12025,#12060,#12095,#12130),#9987,.T.
  );
#11863 = FACE_BOUND('',#11864,.T.);
#11864 = EDGE_LOOP('',(#11865,#11866,#11867,#11888,#11911,#11934,#11957,
    #11980,#12003,#12022,#12023,#12024));
#11865 = ORIENTED_EDGE('',*,*,#9971,.F.);
#11866 = ORIENTED_EDGE('',*,*,#10074,.T.);
#11867 = ORIENTED_EDGE('',*,*,#11868,.T.);
#11868 = EDGE_CURVE('',#10075,#11869,#11871,.T.);
#11869 = VERTEX_POINT('',#11870);
#11870 = CARTESIAN_POINT('',(-11.,12.253270974589,47.479442964796));
#11871 = SURFACE_CURVE('',#11872,(#11876,#11882),.PCURVE_S1.);
#11872 = LINE('',#11873,#11874);
#11873 = CARTESIAN_POINT('',(-11.,31.020292108166,52.394615166447));
#11874 = VECTOR('',#11875,1.);
#11875 = DIRECTION('',(0.,0.96737222338,0.253359391838));
#11876 = PCURVE('',#9987,#11877);
#11877 = DEFINITIONAL_REPRESENTATION('',(#11878),#11881);
#11878 = B_SPLINE_CURVE_WITH_KNOTS('',1,(#11879,#11880),.UNSPECIFIED.,
  .F.,.F.,(2,2),(-28.6,-16.),.PIECEWISE_BEZIER_KNOTS.);
#11879 = CARTESIAN_POINT('',(-11.,-60.6));
#11880 = CARTESIAN_POINT('',(-11.,-48.));
#11881 = ( GEOMETRIC_REPRESENTATION_CONTEXT(2) 
PARAMETRIC_REPRESENTATION_CONTEXT() REPRESENTATION_CONTEXT('2D SPACE',''
  ) );
#11882 = PCURVE('',#10112,#11883);
#11883 = DEFINITIONAL_REPRESENTATION('',(#11884),#11887);
#11884 = B_SPLINE_CURVE_WITH_KNOTS('',1,(#11885,#11886),.UNSPECIFIED.,
  .F.,.F.,(2,2),(-28.6,-16.),.PIECEWISE_BEZIER_KNOTS.);
#11885 = CARTESIAN_POINT('',(3.4,2.5));
#11886 = CARTESIAN_POINT('',(16.,2.5));
#11887 = ( GEOMETRIC_REPRESENTATION_CONTEXT(2) 
PARAMETRIC_REPRESENTATION_CONTEXT() REPRESENTATION_CONTEXT('2D SPACE',''
  ) );
#11888 = ORIENTED_EDGE('',*,*,#11889,.F.);
#11889 = EDGE_CURVE('',#11890,#11869,#11892,.T.);
#11890 = VERTEX_POINT('',#11891);
#11891 = CARTESIAN_POINT('',(-28.9,12.253270974589,47.479442964796));
#11892 = SURFACE_CURVE('',#11893,(#11897,#11904),.PCURVE_S1.);
#11893 = LINE('',#11894,#11895);
#11894 = CARTESIAN_POINT('',(0.,12.253270974589,47.479442964796));
#11895 = VECTOR('',#11896,1.);
#11896 = DIRECTION('',(1.,0.,0.));
#11897 = PCURVE('',#9987,#11898);
#11898 = DEFINITIONAL_REPRESENTATION('',(#11899),#11903);
#11899 = LINE('',#11900,#11901);
#11900 = CARTESIAN_POINT('',(0.,-51.4));
#11901 = VECTOR('',#11902,1.);
#11902 = DIRECTION('',(1.,0.));
#11903 = ( GEOMETRIC_REPRESENTATION_CONTEXT(2) 
PARAMETRIC_REPRESENTATION_CONTEXT() REPRESENTATION_CONTEXT('2D SPACE',''
  ) );
#11904 = PCURVE('',#10806,#11905);
#11905 = DEFINITIONAL_REPRESENTATION('',(#11906),#11910);
#11906 = LINE('',#11907,#11908);
#11907 = CARTESIAN_POINT('',(28.9,2.5));
#11908 = VECTOR('',#11909,1.);
#11909 = DIRECTION('',(1.,0.));
#11910 = ( GEOMETRIC_REPRESENTATION_CONTEXT(2) 
PARAMETRIC_REPRESENTATION_CONTEXT() REPRESENTATION_CONTEXT('2D SPACE',''
  ) );
#11911 = ORIENTED_EDGE('',*,*,#11912,.T.);
#11912 = EDGE_CURVE('',#11890,#11913,#11915,.T.);
#11913 = VERTEX_POINT('',#11914);
#11914 = CARTESIAN_POINT('',(-28.9,111.69913553807,73.52478844571));
#11915 = SURFACE_CURVE('',#11916,(#11920,#11927),.PCURVE_S1.);
#11916 = LINE('',#11917,#11918);
#11917 = CARTESIAN_POINT('',(-28.9,61.976203256334,60.502115705253));
#11918 = VECTOR('',#11919,1.);
#11919 = DIRECTION('',(0.,0.96737222338,0.253359391838));
#11920 = PCURVE('',#9987,#11921);
#11921 = DEFINITIONAL_REPRESENTATION('',(#11922),#11926);
#11922 = LINE('',#11923,#11924);
#11923 = CARTESIAN_POINT('',(-28.9,0.));
#11924 = VECTOR('',#11925,1.);
#11925 = DIRECTION('',(0.,1.));
#11926 = ( GEOMETRIC_REPRESENTATION_CONTEXT(2) 
PARAMETRIC_REPRESENTATION_CONTEXT() REPRESENTATION_CONTEXT('2D SPACE',''
  ) );
#11927 = PCURVE('',#10946,#11928);
#11928 = DEFINITIONAL_REPRESENTATION('',(#11929),#11933);
#11929 = LINE('',#11930,#11931);
#11930 = CARTESIAN_POINT('',(51.4,2.5));
#11931 = VECTOR('',#11932,1.);
#11932 = DIRECTION('',(1.,0.));
#11933 = ( GEOMETRIC_REPRESENTATION_CONTEXT(2) 
PARAMETRIC_REPRESENTATION_CONTEXT() REPRESENTATION_CONTEXT('2D SPACE',''
  ) );
#11934 = ORIENTED_EDGE('',*,*,#11935,.T.);
#11935 = EDGE_CURVE('',#11913,#11936,#11938,.T.);
#11936 = VERTEX_POINT('',#11937);
#11937 = CARTESIAN_POINT('',(28.9,111.69913553807,73.52478844571));
#11938 = SURFACE_CURVE('',#11939,(#11943,#11950),.PCURVE_S1.);
#11939 = LINE('',#11940,#11941);
#11940 = CARTESIAN_POINT('',(0.,111.69913553807,73.52478844571));
#11941 = VECTOR('',#11942,1.);
#11942 = DIRECTION('',(1.,0.,0.));
#11943 = PCURVE('',#9987,#11944);
#11944 = DEFINITIONAL_REPRESENTATION('',(#11945),#11949);
#11945 = LINE('',#11946,#11947);
#11946 = CARTESIAN_POINT('',(0.,51.4));
#11947 = VECTOR('',#11948,1.);
#11948 = DIRECTION('',(1.,0.));
#11949 = ( GEOMETRIC_REPRESENTATION_CONTEXT(2) 
PARAMETRIC_REPRESENTATION_CONTEXT() REPRESENTATION_CONTEXT('2D SPACE',''
  ) );
#11950 = PCURVE('',#11132,#11951);
#11951 = DEFINITIONAL_REPRESENTATION('',(#11952),#11956);
#11952 = LINE('',#11953,#11954);
#11953 = CARTESIAN_POINT('',(28.9,2.5));
#11954 = VECTOR('',#11955,1.);
#11955 = DIRECTION('',(1.,0.));
#11956 = ( GEOMETRIC_REPRESENTATION_CONTEXT(2) 
PARAMETRIC_REPRESENTATION_CONTEXT() REPRESENTATION_CONTEXT('2D SPACE',''
  ) );
#11957 = ORIENTED_EDGE('',*,*,#11958,.F.);
#11958 = EDGE_CURVE('',#11959,#11936,#11961,.T.);
#11959 = VERTEX_POINT('',#11960);
#11960 = CARTESIAN_POINT('',(28.9,12.253270974589,47.479442964796));
#11961 = SURFACE_CURVE('',#11962,(#11966,#11973),.PCURVE_S1.);
#11962 = LINE('',#11963,#11964);
#11963 = CARTESIAN_POINT('',(28.9,61.976203256334,60.502115705253));
#11964 = VECTOR('',#11965,1.);
#11965 = DIRECTION('',(0.,0.96737222338,0.253359391838));
#11966 = PCURVE('',#9987,#11967);
#11967 = DEFINITIONAL_REPRESENTATION('',(#11968),#11972);
#11968 = LINE('',#11969,#11970);
#11969 = CARTESIAN_POINT('',(28.9,0.));
#11970 = VECTOR('',#11971,1.);
#11971 = DIRECTION('',(0.,1.));
#11972 = ( GEOMETRIC_REPRESENTATION_CONTEXT(2) 
PARAMETRIC_REPRESENTATION_CONTEXT() REPRESENTATION_CONTEXT('2D SPACE',''
  ) );
#11973 = PCURVE('',#10570,#11974);
#11974 = DEFINITIONAL_REPRESENTATION('',(#11975),#11979);
#11975 = LINE('',#11976,#11977);
#11976 = CARTESIAN_POINT('',(51.4,2.5));
#11977 = VECTOR('',#11978,1.);
#11978 = DIRECTION('',(1.,0.));
#11979 = ( GEOMETRIC_REPRESENTATION_CONTEXT(2) 
PARAMETRIC_REPRESENTATION_CONTEXT() REPRESENTATION_CONTEXT('2D SPACE',''
  ) );
#11980 = ORIENTED_EDGE('',*,*,#11981,.F.);
#11981 = EDGE_CURVE('',#11982,#11959,#11984,.T.);
#11982 = VERTEX_POINT('',#11983);
#11983 = CARTESIAN_POINT('',(11.,12.253270974589,47.479442964796));
#11984 = SURFACE_CURVE('',#11985,(#11989,#11996),.PCURVE_S1.);
#11985 = LINE('',#11986,#11987);
#11986 = CARTESIAN_POINT('',(0.,12.253270974589,47.479442964796));
#11987 = VECTOR('',#11988,1.);
#11988 = DIRECTION('',(1.,0.,0.));
#11989 = PCURVE('',#9987,#11990);
#11990 = DEFINITIONAL_REPRESENTATION('',(#11991),#11995);
#11991 = LINE('',#11992,#11993);
#11992 = CARTESIAN_POINT('',(0.,-51.4));
#11993 = VECTOR('',#11994,1.);
#11994 = DIRECTION('',(1.,0.));
#11995 = ( GEOMETRIC_REPRESENTATION_CONTEXT(2) 
PARAMETRIC_REPRESENTATION_CONTEXT() REPRESENTATION_CONTEXT('2D SPACE',''
  ) );
#11996 = PCURVE('',#10710,#11997);
#11997 = DEFINITIONAL_REPRESENTATION('',(#11998),#12002);
#11998 = LINE('',#11999,#12000);
#11999 = CARTESIAN_POINT('',(28.9,2.5));
#12000 = VECTOR('',#12001,1.);
#12001 = DIRECTION('',(1.,0.));
#12002 = ( GEOMETRIC_REPRESENTATION_CONTEXT(2) 
PARAMETRIC_REPRESENTATION_CONTEXT() REPRESENTATION_CONTEXT('2D SPACE',''
  ) );
#12003 = ORIENTED_EDGE('',*,*,#12004,.F.);
#12004 = EDGE_CURVE('',#10150,#11982,#12005,.T.);
#12005 = SURFACE_CURVE('',#12006,(#12010,#12016),.PCURVE_S1.);
#12006 = LINE('',#12007,#12008);
#12007 = CARTESIAN_POINT('',(11.,31.020292108166,52.394615166447));
#12008 = VECTOR('',#12009,1.);
#12009 = DIRECTION('',(0.,0.96737222338,0.253359391838));
#12010 = PCURVE('',#9987,#12011);
#12011 = DEFINITIONAL_REPRESENTATION('',(#12012),#12015);
#12012 = B_SPLINE_CURVE_WITH_KNOTS('',1,(#12013,#12014),.UNSPECIFIED.,
  .F.,.F.,(2,2),(-28.6,-16.),.PIECEWISE_BEZIER_KNOTS.);
#12013 = CARTESIAN_POINT('',(11.,-60.6));
#12014 = CARTESIAN_POINT('',(11.,-48.));
#12015 = ( GEOMETRIC_REPRESENTATION_CONTEXT(2) 
PARAMETRIC_REPRESENTATION_CONTEXT() REPRESENTATION_CONTEXT('2D SPACE',''
  ) );
#12016 = PCURVE('',#10164,#12017);
#12017 = DEFINITIONAL_REPRESENTATION('',(#12018),#12021);
#12018 = B_SPLINE_CURVE_WITH_KNOTS('',1,(#12019,#12020),.UNSPECIFIED.,
  .F.,.F.,(2,2),(-28.6,-16.),.PIECEWISE_BEZIER_KNOTS.);
#12019 = CARTESIAN_POINT('',(3.4,2.5));
#12020 = CARTESIAN_POINT('',(16.,2.5));
#12021 = ( GEOMETRIC_REPRESENTATION_CONTEXT(2) 
PARAMETRIC_REPRESENTATION_CONTEXT() REPRESENTATION_CONTEXT('2D SPACE',''
  ) );
#12022 = ORIENTED_EDGE('',*,*,#10175,.T.);
#12023 = ORIENTED_EDGE('',*,*,#10224,.T.);
#12024 = ORIENTED_EDGE('',*,*,#10025,.F.);
#12025 = FACE_BOUND('',#12026,.T.);
#12026 = EDGE_LOOP('',(#12027));
#12027 = ORIENTED_EDGE('',*,*,#12028,.T.);
#12028 = EDGE_CURVE('',#12029,#12029,#12031,.T.);
#12029 = VERTEX_POINT('',#12030);
#12030 = CARTESIAN_POINT('',(-31.,7.31967263535,46.187310066424));
#12031 = SURFACE_CURVE('',#12032,(#12037,#12048),.PCURVE_S1.);
#12032 = CIRCLE('',#12033,3.);
#12033 = AXIS2_PLACEMENT_3D('',#12034,#12035,#12036);
#12034 = CARTESIAN_POINT('',(-34.,7.31967263535,46.187310066424));
#12035 = DIRECTION('',(0.,0.253359391838,-0.96737222338));
#12036 = DIRECTION('',(1.,0.,0.));
#12037 = PCURVE('',#9987,#12038);
#12038 = DEFINITIONAL_REPRESENTATION('',(#12039),#12047);
#12039 = ( BOUNDED_CURVE() B_SPLINE_CURVE(2,(#12040,#12041,#12042,#12043
    ,#12044,#12045,#12046),.UNSPECIFIED.,.T.,.F.) 
B_SPLINE_CURVE_WITH_KNOTS((1,2,2,2,2,1),(-2.094395102393,0.,
    2.094395102393,4.188790204786,6.28318530718,8.377580409573),
.UNSPECIFIED.) CURVE() GEOMETRIC_REPRESENTATION_ITEM() 
RATIONAL_B_SPLINE_CURVE((1.,0.5,1.,0.5,1.,0.5,1.)) REPRESENTATION_ITEM(
  '') );
#12040 = CARTESIAN_POINT('',(-31.,-56.5));
#12041 = CARTESIAN_POINT('',(-31.,-61.6961524227));
#12042 = CARTESIAN_POINT('',(-35.5,-59.09807621135));
#12043 = CARTESIAN_POINT('',(-40.,-56.5));
#12044 = CARTESIAN_POINT('',(-35.5,-53.90192378864));
#12045 = CARTESIAN_POINT('',(-31.,-51.30384757729));
#12046 = CARTESIAN_POINT('',(-31.,-56.5));
#12047 = ( GEOMETRIC_REPRESENTATION_CONTEXT(2) 
PARAMETRIC_REPRESENTATION_CONTEXT() REPRESENTATION_CONTEXT('2D SPACE',''
  ) );
#12048 = PCURVE('',#12049,#12054);
#12049 = CYLINDRICAL_SURFACE('',#12050,3.);
#12050 = AXIS2_PLACEMENT_3D('',#12051,#12052,#12053);
#12051 = CARTESIAN_POINT('',(-34.,8.586469594538,41.350448949523));
#12052 = DIRECTION('',(-0.,0.253359391838,-0.96737222338));
#12053 = DIRECTION('',(1.,0.,0.));
#12054 = DEFINITIONAL_REPRESENTATION('',(#12055),#12059);
#12055 = LINE('',#12056,#12057);
#12056 = CARTESIAN_POINT('',(-6.28318530718,-5.));
#12057 = VECTOR('',#12058,1.);
#12058 = DIRECTION('',(1.,-0.));
#12059 = ( GEOMETRIC_REPRESENTATION_CONTEXT(2) 
PARAMETRIC_REPRESENTATION_CONTEXT() REPRESENTATION_CONTEXT('2D SPACE',''
  ) );
#12060 = FACE_BOUND('',#12061,.T.);
#12061 = EDGE_LOOP('',(#12062));
#12062 = ORIENTED_EDGE('',*,*,#12063,.T.);
#12063 = EDGE_CURVE('',#12064,#12064,#12066,.T.);
#12064 = VERTEX_POINT('',#12065);
#12065 = CARTESIAN_POINT('',(37.,7.31967263535,46.187310066424));
#12066 = SURFACE_CURVE('',#12067,(#12072,#12083),.PCURVE_S1.);
#12067 = CIRCLE('',#12068,3.);
#12068 = AXIS2_PLACEMENT_3D('',#12069,#12070,#12071);
#12069 = CARTESIAN_POINT('',(34.,7.31967263535,46.187310066424));
#12070 = DIRECTION('',(0.,0.253359391838,-0.96737222338));
#12071 = DIRECTION('',(1.,0.,0.));
#12072 = PCURVE('',#9987,#12073);
#12073 = DEFINITIONAL_REPRESENTATION('',(#12074),#12082);
#12074 = ( BOUNDED_CURVE() B_SPLINE_CURVE(2,(#12075,#12076,#12077,#12078
    ,#12079,#12080,#12081),.UNSPECIFIED.,.T.,.F.) 
B_SPLINE_CURVE_WITH_KNOTS((1,2,2,2,2,1),(-2.094395102393,0.,
    2.094395102393,4.188790204786,6.28318530718,8.377580409573),
.UNSPECIFIED.) CURVE() GEOMETRIC_REPRESENTATION_ITEM() 
RATIONAL_B_SPLINE_CURVE((1.,0.5,1.,0.5,1.,0.5,1.)) REPRESENTATION_ITEM(
  '') );
#12075 = CARTESIAN_POINT('',(37.,-56.5));
#12076 = CARTESIAN_POINT('',(37.,-61.6961524227));
#12077 = CARTESIAN_POINT('',(32.5,-59.09807621135));
#12078 = CARTESIAN_POINT('',(28.,-56.5));
#12079 = CARTESIAN_POINT('',(32.5,-53.90192378864));
#12080 = CARTESIAN_POINT('',(37.,-51.30384757729));
#12081 = CARTESIAN_POINT('',(37.,-56.5));
#12082 = ( GEOMETRIC_REPRESENTATION_CONTEXT(2) 
PARAMETRIC_REPRESENTATION_CONTEXT() REPRESENTATION_CONTEXT('2D SPACE',''
  ) );
#12083 = PCURVE('',#12084,#12089);
#12084 = CYLINDRICAL_SURFACE('',#12085,3.);
#12085 = AXIS2_PLACEMENT_3D('',#12086,#12087,#12088);
#12086 = CARTESIAN_POINT('',(34.,8.586469594538,41.350448949523));
#12087 = DIRECTION('',(-0.,0.253359391838,-0.96737222338));
#12088 = DIRECTION('',(1.,0.,0.));
#12089 = DEFINITIONAL_REPRESENTATION('',(#12090),#12094);
#12090 = LINE('',#12091,#12092);
#12091 = CARTESIAN_POINT('',(-6.28318530718,-5.));
#12092 = VECTOR('',#12093,1.);
#12093 = DIRECTION('',(1.,-0.));
#12094 = ( GEOMETRIC_REPRESENTATION_CONTEXT(2) 
PARAMETRIC_REPRESENTATION_CONTEXT() REPRESENTATION_CONTEXT('2D SPACE',''
  ) );
#12095 = FACE_BOUND('',#12096,.T.);
#12096 = EDGE_LOOP('',(#12097));
#12097 = ORIENTED_EDGE('',*,*,#12098,.T.);
#12098 = EDGE_CURVE('',#12099,#12099,#12101,.T.);
#12099 = VERTEX_POINT('',#12100);
#12100 = CARTESIAN_POINT('',(-31.,116.63273387731,74.816921344082));
#12101 = SURFACE_CURVE('',#12102,(#12107,#12118),.PCURVE_S1.);
#12102 = CIRCLE('',#12103,3.);
#12103 = AXIS2_PLACEMENT_3D('',#12104,#12105,#12106);
#12104 = CARTESIAN_POINT('',(-34.,116.63273387731,74.816921344082));
#12105 = DIRECTION('',(0.,0.253359391838,-0.96737222338));
#12106 = DIRECTION('',(1.,0.,0.));
#12107 = PCURVE('',#9987,#12108);
#12108 = DEFINITIONAL_REPRESENTATION('',(#12109),#12117);
#12109 = ( BOUNDED_CURVE() B_SPLINE_CURVE(2,(#12110,#12111,#12112,#12113
    ,#12114,#12115,#12116),.UNSPECIFIED.,.T.,.F.) 
B_SPLINE_CURVE_WITH_KNOTS((1,2,2,2,2,1),(-2.094395102393,0.,
    2.094395102393,4.188790204786,6.28318530718,8.377580409573),
.UNSPECIFIED.) CURVE() GEOMETRIC_REPRESENTATION_ITEM() 
RATIONAL_B_SPLINE_CURVE((1.,0.5,1.,0.5,1.,0.5,1.)) REPRESENTATION_ITEM(
  '') );
#12110 = CARTESIAN_POINT('',(-31.,56.5));
#12111 = CARTESIAN_POINT('',(-31.,51.303847577293));
#12112 = CARTESIAN_POINT('',(-35.5,53.901923788647));
#12113 = CARTESIAN_POINT('',(-40.,56.5));
#12114 = CARTESIAN_POINT('',(-35.5,59.098076211353));
#12115 = CARTESIAN_POINT('',(-31.,61.696152422707));
#12116 = CARTESIAN_POINT('',(-31.,56.5));
#12117 = ( GEOMETRIC_REPRESENTATION_CONTEXT(2) 
PARAMETRIC_REPRESENTATION_CONTEXT() REPRESENTATION_CONTEXT('2D SPACE',''
  ) );
#12118 = PCURVE('',#12119,#12124);
#12119 = CYLINDRICAL_SURFACE('',#12120,3.);
#12120 = AXIS2_PLACEMENT_3D('',#12121,#12122,#12123);
#12121 = CARTESIAN_POINT('',(-34.,117.8995308365,69.980060227181));
#12122 = DIRECTION('',(-0.,0.253359391838,-0.96737222338));
#12123 = DIRECTION('',(1.,0.,0.));
#12124 = DEFINITIONAL_REPRESENTATION('',(#12125),#12129);
#12125 = LINE('',#12126,#12127);
#12126 = CARTESIAN_POINT('',(-6.28318530718,-5.));
#12127 = VECTOR('',#12128,1.);
#12128 = DIRECTION('',(1.,-0.));
#12129 = ( GEOMETRIC_REPRESENTATION_CONTEXT(2) 
PARAMETRIC_REPRESENTATION_CONTEXT() REPRESENTATION_CONTEXT('2D SPACE',''
  ) );
#12130 = FACE_BOUND('',#12131,.T.);
#12131 = EDGE_LOOP('',(#12132));
#12132 = ORIENTED_EDGE('',*,*,#12133,.T.);
#12133 = EDGE_CURVE('',#12134,#12134,#12136,.T.);
#12134 = VERTEX_POINT('',#12135);
#12135 = CARTESIAN_POINT('',(37.,116.63273387731,74.816921344082));
#12136 = SURFACE_CURVE('',#12137,(#12142,#12153),.PCURVE_S1.);
#12137 = CIRCLE('',#12138,3.);
#12138 = AXIS2_PLACEMENT_3D('',#12139,#12140,#12141);
#12139 = CARTESIAN_POINT('',(34.,116.63273387731,74.816921344082));
#12140 = DIRECTION('',(0.,0.253359391838,-0.96737222338));
#12141 = DIRECTION('',(1.,0.,0.));
#12142 = PCURVE('',#9987,#12143);
#12143 = DEFINITIONAL_REPRESENTATION('',(#12144),#12152);
#12144 = ( BOUNDED_CURVE() B_SPLINE_CURVE(2,(#12145,#12146,#12147,#12148
    ,#12149,#12150,#12151),.UNSPECIFIED.,.T.,.F.) 
B_SPLINE_CURVE_WITH_KNOTS((1,2,2,2,2,1),(-2.094395102393,0.,
    2.094395102393,4.188790204786,6.28318530718,8.377580409573),
.UNSPECIFIED.) CURVE() GEOMETRIC_REPRESENTATION_ITEM() 
RATIONAL_B_SPLINE_CURVE((1.,0.5,1.,0.5,1.,0.5,1.)) REPRESENTATION_ITEM(
  '') );
#12145 = CARTESIAN_POINT('',(37.,56.5));
#12146 = CARTESIAN_POINT('',(37.,51.303847577293));
#12147 = CARTESIAN_POINT('',(32.5,53.901923788647));
#12148 = CARTESIAN_POINT('',(28.,56.5));
#12149 = CARTESIAN_POINT('',(32.5,59.098076211353));
#12150 = CARTESIAN_POINT('',(37.,61.696152422707));
#12151 = CARTESIAN_POINT('',(37.,56.5));
#12152 = ( GEOMETRIC_REPRESENTATION_CONTEXT(2) 
PARAMETRIC_REPRESENTATION_CONTEXT() REPRESENTATION_CONTEXT('2D SPACE',''
  ) );
#12153 = PCURVE('',#12154,#12159);
#12154 = CYLINDRICAL_SURFACE('',#12155,3.);
#12155 = AXIS2_PLACEMENT_3D('',#12156,#12157,#12158);
#12156 = CARTESIAN_POINT('',(34.,117.8995308365,69.980060227181));
#12157 = DIRECTION('',(-0.,0.253359391838,-0.96737222338));
#12158 = DIRECTION('',(1.,0.,0.));
#12159 = DEFINITIONAL_REPRESENTATION('',(#12160),#12164);
#12160 = LINE('',#12161,#12162);
#12161 = CARTESIAN_POINT('',(-6.28318530718,-5.));
#12162 = VECTOR('',#12163,1.);
#12163 = DIRECTION('',(1.,-0.));
#12164 = ( GEOMETRIC_REPRESENTATION_CONTEXT(2) 
PARAMETRIC_REPRESENTATION_CONTEXT() REPRESENTATION_CONTEXT('2D SPACE',''
  ) );
#12165 = ADVANCED_FACE('',(#12166),#10164,.F.);
#12166 = FACE_BOUND('',#12167,.F.);
#12167 = EDGE_LOOP('',(#12168,#12191,#12192,#12211,#12212,#12213));
#12168 = ORIENTED_EDGE('',*,*,#12169,.F.);
#12169 = EDGE_CURVE('',#10723,#12170,#12172,.T.);
#12170 = VERTEX_POINT('',#12171);
#12171 = CARTESIAN_POINT('',(11.,-0.188978431839,45.254486851022));
#12172 = SURFACE_CURVE('',#12173,(#12177,#12184),.PCURVE_S1.);
#12173 = LINE('',#12174,#12175);
#12174 = CARTESIAN_POINT('',(11.,1.584537311024,38.48288128736));
#12175 = VECTOR('',#12176,1.);
#12176 = DIRECTION('',(0.,-0.253359391838,0.96737222338));
#12177 = PCURVE('',#10164,#12178);
#12178 = DEFINITIONAL_REPRESENTATION('',(#12179),#12183);
#12179 = LINE('',#12180,#12181);
#12180 = CARTESIAN_POINT('',(-2.553512956638E-15,-3.5));
#12181 = VECTOR('',#12182,1.);
#12182 = DIRECTION('',(7.49400541622E-16,1.));
#12183 = ( GEOMETRIC_REPRESENTATION_CONTEXT(2) 
PARAMETRIC_REPRESENTATION_CONTEXT() REPRESENTATION_CONTEXT('2D SPACE',''
  ) );
#12184 = PCURVE('',#10758,#12185);
#12185 = DEFINITIONAL_REPRESENTATION('',(#12186),#12190);
#12186 = LINE('',#12187,#12188);
#12187 = CARTESIAN_POINT('',(22.,-3.5));
#12188 = VECTOR('',#12189,1.);
#12189 = DIRECTION('',(0.,1.));
#12190 = ( GEOMETRIC_REPRESENTATION_CONTEXT(2) 
PARAMETRIC_REPRESENTATION_CONTEXT() REPRESENTATION_CONTEXT('2D SPACE',''
  ) );
#12191 = ORIENTED_EDGE('',*,*,#10722,.T.);
#12192 = ORIENTED_EDGE('',*,*,#12193,.T.);
#12193 = EDGE_CURVE('',#10695,#11982,#12194,.T.);
#12194 = SURFACE_CURVE('',#12195,(#12199,#12205),.PCURVE_S1.);
#12195 = LINE('',#12196,#12197);
#12196 = CARTESIAN_POINT('',(11.,12.886669454184,45.061012406346));
#12197 = VECTOR('',#12198,1.);
#12198 = DIRECTION('',(0.,-0.253359391838,0.96737222338));
#12199 = PCURVE('',#10164,#12200);
#12200 = DEFINITIONAL_REPRESENTATION('',(#12201),#12204);
#12201 = B_SPLINE_CURVE_WITH_KNOTS('',1,(#12202,#12203),.UNSPECIFIED.,
  .F.,.F.,(2,2),(-3.5,2.5),.PIECEWISE_BEZIER_KNOTS.);
#12202 = CARTESIAN_POINT('',(12.6,-3.5));
#12203 = CARTESIAN_POINT('',(12.6,2.5));
#12204 = ( GEOMETRIC_REPRESENTATION_CONTEXT(2) 
PARAMETRIC_REPRESENTATION_CONTEXT() REPRESENTATION_CONTEXT('2D SPACE',''
  ) );
#12205 = PCURVE('',#10710,#12206);
#12206 = DEFINITIONAL_REPRESENTATION('',(#12207),#12210);
#12207 = B_SPLINE_CURVE_WITH_KNOTS('',1,(#12208,#12209),.UNSPECIFIED.,
  .F.,.F.,(2,2),(-3.5,2.5),.PIECEWISE_BEZIER_KNOTS.);
#12208 = CARTESIAN_POINT('',(39.9,-3.5));
#12209 = CARTESIAN_POINT('',(39.9,2.5));
#12210 = ( GEOMETRIC_REPRESENTATION_CONTEXT(2) 
PARAMETRIC_REPRESENTATION_CONTEXT() REPRESENTATION_CONTEXT('2D SPACE',''
  ) );
#12211 = ORIENTED_EDGE('',*,*,#12004,.F.);
#12212 = ORIENTED_EDGE('',*,*,#10149,.T.);
#12213 = ORIENTED_EDGE('',*,*,#12214,.F.);
#12214 = EDGE_CURVE('',#12170,#10124,#12215,.T.);
#12215 = SURFACE_CURVE('',#12216,(#12220,#12227),.PCURVE_S1.);
#12216 = LINE('',#12217,#12218);
#12217 = CARTESIAN_POINT('',(11.,7.549999355203,47.281361985723));
#12218 = VECTOR('',#12219,1.);
#12219 = DIRECTION('',(0.,0.96737222338,0.253359391838));
#12220 = PCURVE('',#10164,#12221);
#12221 = DEFINITIONAL_REPRESENTATION('',(#12222),#12226);
#12222 = LINE('',#12223,#12224);
#12223 = CARTESIAN_POINT('',(8.,3.5));
#12224 = VECTOR('',#12225,1.);
#12225 = DIRECTION('',(1.,0.));
#12226 = ( GEOMETRIC_REPRESENTATION_CONTEXT(2) 
PARAMETRIC_REPRESENTATION_CONTEXT() REPRESENTATION_CONTEXT('2D SPACE',''
  ) );
#12227 = PCURVE('',#10138,#12228);
#12228 = DEFINITIONAL_REPRESENTATION('',(#12229),#12233);
#12229 = LINE('',#12230,#12231);
#12230 = CARTESIAN_POINT('',(11.,0.));
#12231 = VECTOR('',#12232,1.);
#12232 = DIRECTION('',(0.,1.));
#12233 = ( GEOMETRIC_REPRESENTATION_CONTEXT(2) 
PARAMETRIC_REPRESENTATION_CONTEXT() REPRESENTATION_CONTEXT('2D SPACE',''
  ) );
#12234 = ADVANCED_FACE('',(#12235),#10138,.F.);
#12235 = FACE_BOUND('',#12236,.F.);
#12236 = EDGE_LOOP('',(#12237,#12260,#12281,#12282));
#12237 = ORIENTED_EDGE('',*,*,#12238,.F.);
#12238 = EDGE_CURVE('',#12239,#10098,#12241,.T.);
#12239 = VERTEX_POINT('',#12240);
#12240 = CARTESIAN_POINT('',(-11.,-0.188978431839,45.254486851022));
#12241 = SURFACE_CURVE('',#12242,(#12246,#12253),.PCURVE_S1.);
#12242 = LINE('',#12243,#12244);
#12243 = CARTESIAN_POINT('',(-11.,7.549999355203,47.281361985723));
#12244 = VECTOR('',#12245,1.);
#12245 = DIRECTION('',(0.,0.96737222338,0.253359391838));
#12246 = PCURVE('',#10138,#12247);
#12247 = DEFINITIONAL_REPRESENTATION('',(#12248),#12252);
#12248 = LINE('',#12249,#12250);
#12249 = CARTESIAN_POINT('',(-11.,0.));
#12250 = VECTOR('',#12251,1.);
#12251 = DIRECTION('',(0.,1.));
#12252 = ( GEOMETRIC_REPRESENTATION_CONTEXT(2) 
PARAMETRIC_REPRESENTATION_CONTEXT() REPRESENTATION_CONTEXT('2D SPACE',''
  ) );
#12253 = PCURVE('',#10112,#12254);
#12254 = DEFINITIONAL_REPRESENTATION('',(#12255),#12259);
#12255 = LINE('',#12256,#12257);
#12256 = CARTESIAN_POINT('',(8.,3.5));
#12257 = VECTOR('',#12258,1.);
#12258 = DIRECTION('',(1.,0.));
#12259 = ( GEOMETRIC_REPRESENTATION_CONTEXT(2) 
PARAMETRIC_REPRESENTATION_CONTEXT() REPRESENTATION_CONTEXT('2D SPACE',''
  ) );
#12260 = ORIENTED_EDGE('',*,*,#12261,.T.);
#12261 = EDGE_CURVE('',#12239,#12170,#12262,.T.);
#12262 = SURFACE_CURVE('',#12263,(#12267,#12274),.PCURVE_S1.);
#12263 = LINE('',#12264,#12265);
#12264 = CARTESIAN_POINT('',(0.,-0.188978431839,45.254486851022));
#12265 = VECTOR('',#12266,1.);
#12266 = DIRECTION('',(1.,0.,0.));
#12267 = PCURVE('',#10138,#12268);
#12268 = DEFINITIONAL_REPRESENTATION('',(#12269),#12273);
#12269 = LINE('',#12270,#12271);
#12270 = CARTESIAN_POINT('',(0.,-8.));
#12271 = VECTOR('',#12272,1.);
#12272 = DIRECTION('',(1.,0.));
#12273 = ( GEOMETRIC_REPRESENTATION_CONTEXT(2) 
PARAMETRIC_REPRESENTATION_CONTEXT() REPRESENTATION_CONTEXT('2D SPACE',''
  ) );
#12274 = PCURVE('',#10758,#12275);
#12275 = DEFINITIONAL_REPRESENTATION('',(#12276),#12280);
#12276 = LINE('',#12277,#12278);
#12277 = CARTESIAN_POINT('',(11.,3.5));
#12278 = VECTOR('',#12279,1.);
#12279 = DIRECTION('',(1.,0.));
#12280 = ( GEOMETRIC_REPRESENTATION_CONTEXT(2) 
PARAMETRIC_REPRESENTATION_CONTEXT() REPRESENTATION_CONTEXT('2D SPACE',''
  ) );
#12281 = ORIENTED_EDGE('',*,*,#12214,.T.);
#12282 = ORIENTED_EDGE('',*,*,#10123,.T.);
#12283 = ADVANCED_FACE('',(#12284),#10112,.T.);
#12284 = FACE_BOUND('',#12285,.T.);
#12285 = EDGE_LOOP('',(#12286,#12307,#12308,#12327,#12328,#12329));
#12286 = ORIENTED_EDGE('',*,*,#12287,.F.);
#12287 = EDGE_CURVE('',#10744,#12239,#12288,.T.);
#12288 = SURFACE_CURVE('',#12289,(#12293,#12300),.PCURVE_S1.);
#12289 = LINE('',#12290,#12291);
#12290 = CARTESIAN_POINT('',(-11.,1.584537311024,38.48288128736));
#12291 = VECTOR('',#12292,1.);
#12292 = DIRECTION('',(0.,-0.253359391838,0.96737222338));
#12293 = PCURVE('',#10112,#12294);
#12294 = DEFINITIONAL_REPRESENTATION('',(#12295),#12299);
#12295 = LINE('',#12296,#12297);
#12296 = CARTESIAN_POINT('',(-2.553512956638E-15,-3.5));
#12297 = VECTOR('',#12298,1.);
#12298 = DIRECTION('',(7.49400541622E-16,1.));
#12299 = ( GEOMETRIC_REPRESENTATION_CONTEXT(2) 
PARAMETRIC_REPRESENTATION_CONTEXT() REPRESENTATION_CONTEXT('2D SPACE',''
  ) );
#12300 = PCURVE('',#10758,#12301);
#12301 = DEFINITIONAL_REPRESENTATION('',(#12302),#12306);
#12302 = LINE('',#12303,#12304);
#12303 = CARTESIAN_POINT('',(0.,-3.5));
#12304 = VECTOR('',#12305,1.);
#12305 = DIRECTION('',(0.,1.));
#12306 = ( GEOMETRIC_REPRESENTATION_CONTEXT(2) 
PARAMETRIC_REPRESENTATION_CONTEXT() REPRESENTATION_CONTEXT('2D SPACE',''
  ) );
#12307 = ORIENTED_EDGE('',*,*,#10769,.T.);
#12308 = ORIENTED_EDGE('',*,*,#12309,.T.);
#12309 = EDGE_CURVE('',#10770,#11869,#12310,.T.);
#12310 = SURFACE_CURVE('',#12311,(#12315,#12321),.PCURVE_S1.);
#12311 = LINE('',#12312,#12313);
#12312 = CARTESIAN_POINT('',(-11.,12.886669454184,45.061012406346));
#12313 = VECTOR('',#12314,1.);
#12314 = DIRECTION('',(0.,-0.253359391838,0.96737222338));
#12315 = PCURVE('',#10112,#12316);
#12316 = DEFINITIONAL_REPRESENTATION('',(#12317),#12320);
#12317 = B_SPLINE_CURVE_WITH_KNOTS('',1,(#12318,#12319),.UNSPECIFIED.,
  .F.,.F.,(2,2),(-3.5,2.5),.PIECEWISE_BEZIER_KNOTS.);
#12318 = CARTESIAN_POINT('',(12.6,-3.5));
#12319 = CARTESIAN_POINT('',(12.6,2.5));
#12320 = ( GEOMETRIC_REPRESENTATION_CONTEXT(2) 
PARAMETRIC_REPRESENTATION_CONTEXT() REPRESENTATION_CONTEXT('2D SPACE',''
  ) );
#12321 = PCURVE('',#10806,#12322);
#12322 = DEFINITIONAL_REPRESENTATION('',(#12323),#12326);
#12323 = B_SPLINE_CURVE_WITH_KNOTS('',1,(#12324,#12325),.UNSPECIFIED.,
  .F.,.F.,(2,2),(-3.5,2.5),.PIECEWISE_BEZIER_KNOTS.);
#12324 = CARTESIAN_POINT('',(17.9,-3.5));
#12325 = CARTESIAN_POINT('',(17.9,2.5));
#12326 = ( GEOMETRIC_REPRESENTATION_CONTEXT(2) 
PARAMETRIC_REPRESENTATION_CONTEXT() REPRESENTATION_CONTEXT('2D SPACE',''
  ) );
#12327 = ORIENTED_EDGE('',*,*,#11868,.F.);
#12328 = ORIENTED_EDGE('',*,*,#10097,.T.);
#12329 = ORIENTED_EDGE('',*,*,#12238,.F.);
#12330 = ADVANCED_FACE('',(#12331),#10315,.T.);
#12331 = FACE_BOUND('',#12332,.T.);
#12332 = EDGE_LOOP('',(#12333,#12334,#12335,#12336));
#12333 = ORIENTED_EDGE('',*,*,#11784,.F.);
#12334 = ORIENTED_EDGE('',*,*,#10479,.T.);
#12335 = ORIENTED_EDGE('',*,*,#10407,.T.);
#12336 = ORIENTED_EDGE('',*,*,#10300,.T.);
#12337 = ADVANCED_FACE('',(#12338),#10974,.T.);
#12338 = FACE_BOUND('',#12339,.T.);
#12339 = EDGE_LOOP('',(#12340,#12341,#12342,#12362));
#12340 = ORIENTED_EDGE('',*,*,#11561,.F.);
#12341 = ORIENTED_EDGE('',*,*,#11611,.T.);
#12342 = ORIENTED_EDGE('',*,*,#12343,.T.);
#12343 = EDGE_CURVE('',#11612,#10931,#12344,.T.);
#12344 = SURFACE_CURVE('',#12345,(#12349,#12355),.PCURVE_S1.);
#12345 = LINE('',#12346,#12347);
#12346 = CARTESIAN_POINT('',(-28.9,112.63368620388,66.404237901472));
#12347 = VECTOR('',#12348,1.);
#12348 = DIRECTION('',(0.,-0.253359391838,0.96737222338));
#12349 = PCURVE('',#10974,#12350);
#12350 = DEFINITIONAL_REPRESENTATION('',(#12351),#12354);
#12351 = B_SPLINE_CURVE_WITH_KNOTS('',1,(#12352,#12353),.UNSPECIFIED.,
  .F.,.F.,(2,2),(-2.375,2.125),.PIECEWISE_BEZIER_KNOTS.);
#12352 = CARTESIAN_POINT('',(11.1,-2.25));
#12353 = CARTESIAN_POINT('',(11.1,2.25));
#12354 = ( GEOMETRIC_REPRESENTATION_CONTEXT(2) 
PARAMETRIC_REPRESENTATION_CONTEXT() REPRESENTATION_CONTEXT('2D SPACE',''
  ) );
#12355 = PCURVE('',#10946,#12356);
#12356 = DEFINITIONAL_REPRESENTATION('',(#12357),#12361);
#12357 = LINE('',#12358,#12359);
#12358 = CARTESIAN_POINT('',(101.9,-4.625));
#12359 = VECTOR('',#12360,1.);
#12360 = DIRECTION('',(0.,1.));
#12361 = ( GEOMETRIC_REPRESENTATION_CONTEXT(2) 
PARAMETRIC_REPRESENTATION_CONTEXT() REPRESENTATION_CONTEXT('2D SPACE',''
  ) );
#12362 = ORIENTED_EDGE('',*,*,#10958,.F.);
#12363 = ADVANCED_FACE('',(#12364),#10946,.T.);
#12364 = FACE_BOUND('',#12365,.T.);
#12365 = EDGE_LOOP('',(#12366,#12389,#12416,#12436,#12437,#12438,#12439,
    #12460));
#12366 = ORIENTED_EDGE('',*,*,#12367,.F.);
#12367 = EDGE_CURVE('',#12368,#11890,#12370,.T.);
#12368 = VERTEX_POINT('',#12369);
#12369 = CARTESIAN_POINT('',(-28.9,14.660185197047,38.289406842684));
#12370 = SURFACE_CURVE('',#12371,(#12375,#12382),.PCURVE_S1.);
#12371 = LINE('',#12372,#12373);
#12372 = CARTESIAN_POINT('',(-28.9,14.660185197047,38.289406842684));
#12373 = VECTOR('',#12374,1.);
#12374 = DIRECTION('',(3.739698609264E-16,-0.253359391838,0.96737222338)
  );
#12375 = PCURVE('',#10946,#12376);
#12376 = DEFINITIONAL_REPRESENTATION('',(#12377),#12381);
#12377 = LINE('',#12378,#12379);
#12378 = CARTESIAN_POINT('',(-3.552713678801E-15,-7.));
#12379 = VECTOR('',#12380,1.);
#12380 = DIRECTION('',(1.387778780781E-16,1.));
#12381 = ( GEOMETRIC_REPRESENTATION_CONTEXT(2) 
PARAMETRIC_REPRESENTATION_CONTEXT() REPRESENTATION_CONTEXT('2D SPACE',''
  ) );
#12382 = PCURVE('',#10806,#12383);
#12383 = DEFINITIONAL_REPRESENTATION('',(#12384),#12388);
#12384 = LINE('',#12385,#12386);
#12385 = CARTESIAN_POINT('',(0.,-7.));
#12386 = VECTOR('',#12387,1.);
#12387 = DIRECTION('',(3.739698609264E-16,1.));
#12388 = ( GEOMETRIC_REPRESENTATION_CONTEXT(2) 
PARAMETRIC_REPRESENTATION_CONTEXT() REPRESENTATION_CONTEXT('2D SPACE',''
  ) );
#12389 = ORIENTED_EDGE('',*,*,#12390,.T.);
#12390 = EDGE_CURVE('',#12368,#12391,#12393,.T.);
#12391 = VERTEX_POINT('',#12392);
#12392 = CARTESIAN_POINT('',(-28.9,15.53082019809,38.517430295338));
#12393 = SURFACE_CURVE('',#12394,(#12398,#12405),.PCURVE_S1.);
#12394 = LINE('',#12395,#12396);
#12395 = CARTESIAN_POINT('',(-28.9,12.193386027428,37.643340393498));
#12396 = VECTOR('',#12397,1.);
#12397 = DIRECTION('',(0.,0.96737222338,0.253359391838));
#12398 = PCURVE('',#10946,#12399);
#12399 = DEFINITIONAL_REPRESENTATION('',(#12400),#12404);
#12400 = LINE('',#12401,#12402);
#12401 = CARTESIAN_POINT('',(-2.55,-7.));
#12402 = VECTOR('',#12403,1.);
#12403 = DIRECTION('',(1.,0.));
#12404 = ( GEOMETRIC_REPRESENTATION_CONTEXT(2) 
PARAMETRIC_REPRESENTATION_CONTEXT() REPRESENTATION_CONTEXT('2D SPACE',''
  ) );
#12405 = PCURVE('',#12406,#12411);
#12406 = PLANE('',#12407);
#12407 = AXIS2_PLACEMENT_3D('',#12408,#12409,#12410);
#12408 = CARTESIAN_POINT('',(-34.,9.726586857808,36.997273944312));
#12409 = DIRECTION('',(0.,-0.253359391838,0.96737222338));
#12410 = DIRECTION('',(1.,0.,0.));
#12411 = DEFINITIONAL_REPRESENTATION('',(#12412),#12415);
#12412 = B_SPLINE_CURVE_WITH_KNOTS('',1,(#12413,#12414),.UNSPECIFIED.,
  .F.,.F.,(2,2),(2.55,3.45),.PIECEWISE_BEZIER_KNOTS.);
#12413 = CARTESIAN_POINT('',(5.1,5.1));
#12414 = CARTESIAN_POINT('',(5.1,6.));
#12415 = ( GEOMETRIC_REPRESENTATION_CONTEXT(2) 
PARAMETRIC_REPRESENTATION_CONTEXT() REPRESENTATION_CONTEXT('2D SPACE',''
  ) );
#12416 = ORIENTED_EDGE('',*,*,#12417,.T.);
#12417 = EDGE_CURVE('',#12391,#10903,#12418,.T.);
#12418 = SURFACE_CURVE('',#12419,(#12423,#12430),.PCURVE_S1.);
#12419 = LINE('',#12420,#12421);
#12420 = CARTESIAN_POINT('',(-28.9,14.929091642475,40.814939325866));
#12421 = VECTOR('',#12422,1.);
#12422 = DIRECTION('',(0.,-0.253359391838,0.96737222338));
#12423 = PCURVE('',#10946,#12424);
#12424 = DEFINITIONAL_REPRESENTATION('',(#12425),#12429);
#12425 = LINE('',#12426,#12427);
#12426 = CARTESIAN_POINT('',(0.9,-4.625));
#12427 = VECTOR('',#12428,1.);
#12428 = DIRECTION('',(0.,1.));
#12429 = ( GEOMETRIC_REPRESENTATION_CONTEXT(2) 
PARAMETRIC_REPRESENTATION_CONTEXT() REPRESENTATION_CONTEXT('2D SPACE',''
  ) );
#12430 = PCURVE('',#10918,#12431);
#12431 = DEFINITIONAL_REPRESENTATION('',(#12432),#12435);
#12432 = B_SPLINE_CURVE_WITH_KNOTS('',1,(#12433,#12434),.UNSPECIFIED.,
  .F.,.F.,(2,2),(-2.375,2.125),.PIECEWISE_BEZIER_KNOTS.);
#12433 = CARTESIAN_POINT('',(11.1,-2.25));
#12434 = CARTESIAN_POINT('',(11.1,2.25));
#12435 = ( GEOMETRIC_REPRESENTATION_CONTEXT(2) 
PARAMETRIC_REPRESENTATION_CONTEXT() REPRESENTATION_CONTEXT('2D SPACE',''
  ) );
#12436 = ORIENTED_EDGE('',*,*,#10930,.T.);
#12437 = ORIENTED_EDGE('',*,*,#12343,.F.);
#12438 = ORIENTED_EDGE('',*,*,#11634,.T.);
#12439 = ORIENTED_EDGE('',*,*,#12440,.T.);
#12440 = EDGE_CURVE('',#11635,#11913,#12441,.T.);
#12441 = SURFACE_CURVE('',#12442,(#12446,#12453),.PCURVE_S1.);
#12442 = LINE('',#12443,#12444);
#12443 = CARTESIAN_POINT('',(-28.9,114.10604976053,64.334752323598));
#12444 = VECTOR('',#12445,1.);
#12445 = DIRECTION('',(3.739698609264E-16,-0.253359391838,0.96737222338)
  );
#12446 = PCURVE('',#10946,#12447);
#12447 = DEFINITIONAL_REPRESENTATION('',(#12448),#12452);
#12448 = LINE('',#12449,#12450);
#12449 = CARTESIAN_POINT('',(102.8,-7.));
#12450 = VECTOR('',#12451,1.);
#12451 = DIRECTION('',(2.498001805407E-15,1.));
#12452 = ( GEOMETRIC_REPRESENTATION_CONTEXT(2) 
PARAMETRIC_REPRESENTATION_CONTEXT() REPRESENTATION_CONTEXT('2D SPACE',''
  ) );
#12453 = PCURVE('',#11132,#12454);
#12454 = DEFINITIONAL_REPRESENTATION('',(#12455),#12459);
#12455 = LINE('',#12456,#12457);
#12456 = CARTESIAN_POINT('',(0.,-7.));
#12457 = VECTOR('',#12458,1.);
#12458 = DIRECTION('',(3.739698609264E-16,1.));
#12459 = ( GEOMETRIC_REPRESENTATION_CONTEXT(2) 
PARAMETRIC_REPRESENTATION_CONTEXT() REPRESENTATION_CONTEXT('2D SPACE',''
  ) );
#12460 = ORIENTED_EDGE('',*,*,#11912,.F.);
#12461 = ADVANCED_FACE('',(#12462),#10918,.F.);
#12462 = FACE_BOUND('',#12463,.F.);
#12463 = EDGE_LOOP('',(#12464,#12487,#12508,#12509));
#12464 = ORIENTED_EDGE('',*,*,#12465,.T.);
#12465 = EDGE_CURVE('',#10875,#12466,#12468,.T.);
#12466 = VERTEX_POINT('',#12467);
#12467 = CARTESIAN_POINT('',(-40.,15.53082019809,38.517430295338));
#12468 = SURFACE_CURVE('',#12469,(#12473,#12480),.PCURVE_S1.);
#12469 = LINE('',#12470,#12471);
#12470 = CARTESIAN_POINT('',(-40.,14.39070293482,42.870605300549));
#12471 = VECTOR('',#12472,1.);
#12472 = DIRECTION('',(0.,0.253359391838,-0.96737222338));
#12473 = PCURVE('',#10918,#12474);
#12474 = DEFINITIONAL_REPRESENTATION('',(#12475),#12479);
#12475 = LINE('',#12476,#12477);
#12476 = CARTESIAN_POINT('',(0.,2.25));
#12477 = VECTOR('',#12478,1.);
#12478 = DIRECTION('',(0.,-1.));
#12479 = ( GEOMETRIC_REPRESENTATION_CONTEXT(2) 
PARAMETRIC_REPRESENTATION_CONTEXT() REPRESENTATION_CONTEXT('2D SPACE',''
  ) );
#12480 = PCURVE('',#10890,#12481);
#12481 = DEFINITIONAL_REPRESENTATION('',(#12482),#12486);
#12482 = LINE('',#12483,#12484);
#12483 = CARTESIAN_POINT('',(12.,2.25));
#12484 = VECTOR('',#12485,1.);
#12485 = DIRECTION('',(1.443289932013E-15,-1.));
#12486 = ( GEOMETRIC_REPRESENTATION_CONTEXT(2) 
PARAMETRIC_REPRESENTATION_CONTEXT() REPRESENTATION_CONTEXT('2D SPACE',''
  ) );
#12487 = ORIENTED_EDGE('',*,*,#12488,.T.);
#12488 = EDGE_CURVE('',#12466,#12391,#12489,.T.);
#12489 = SURFACE_CURVE('',#12490,(#12494,#12501),.PCURVE_S1.);
#12490 = LINE('',#12491,#12492);
#12491 = CARTESIAN_POINT('',(-34.,15.53082019809,38.517430295338));
#12492 = VECTOR('',#12493,1.);
#12493 = DIRECTION('',(1.,0.,0.));
#12494 = PCURVE('',#10918,#12495);
#12495 = DEFINITIONAL_REPRESENTATION('',(#12496),#12500);
#12496 = LINE('',#12497,#12498);
#12497 = CARTESIAN_POINT('',(6.,-2.25));
#12498 = VECTOR('',#12499,1.);
#12499 = DIRECTION('',(1.,0.));
#12500 = ( GEOMETRIC_REPRESENTATION_CONTEXT(2) 
PARAMETRIC_REPRESENTATION_CONTEXT() REPRESENTATION_CONTEXT('2D SPACE',''
  ) );
#12501 = PCURVE('',#12406,#12502);
#12502 = DEFINITIONAL_REPRESENTATION('',(#12503),#12507);
#12503 = LINE('',#12504,#12505);
#12504 = CARTESIAN_POINT('',(0.,6.));
#12505 = VECTOR('',#12506,1.);
#12506 = DIRECTION('',(1.,0.));
#12507 = ( GEOMETRIC_REPRESENTATION_CONTEXT(2) 
PARAMETRIC_REPRESENTATION_CONTEXT() REPRESENTATION_CONTEXT('2D SPACE',''
  ) );
#12508 = ORIENTED_EDGE('',*,*,#12417,.T.);
#12509 = ORIENTED_EDGE('',*,*,#10902,.F.);
#12510 = ADVANCED_FACE('',(#12511),#10890,.F.);
#12511 = FACE_BOUND('',#12512,.F.);
#12512 = EDGE_LOOP('',(#12513,#12536,#12557,#12558));
#12513 = ORIENTED_EDGE('',*,*,#12514,.F.);
#12514 = EDGE_CURVE('',#12515,#10847,#12517,.T.);
#12515 = VERTEX_POINT('',#12516);
#12516 = CARTESIAN_POINT('',(-40.,3.922353517527,35.477117593286));
#12517 = SURFACE_CURVE('',#12518,(#12522,#12529),.PCURVE_S1.);
#12518 = LINE('',#12519,#12520);
#12519 = CARTESIAN_POINT('',(-40.,3.922353517527,35.477117593286));
#12520 = VECTOR('',#12521,1.);
#12521 = DIRECTION('',(0.,-0.253359391838,0.96737222338));
#12522 = PCURVE('',#10890,#12523);
#12523 = DEFINITIONAL_REPRESENTATION('',(#12524),#12528);
#12524 = LINE('',#12525,#12526);
#12525 = CARTESIAN_POINT('',(6.772360450213E-15,-2.25));
#12526 = VECTOR('',#12527,1.);
#12527 = DIRECTION('',(-1.443289932013E-15,1.));
#12528 = ( GEOMETRIC_REPRESENTATION_CONTEXT(2) 
PARAMETRIC_REPRESENTATION_CONTEXT() REPRESENTATION_CONTEXT('2D SPACE',''
  ) );
#12529 = PCURVE('',#10862,#12530);
#12530 = DEFINITIONAL_REPRESENTATION('',(#12531),#12535);
#12531 = LINE('',#12532,#12533);
#12532 = CARTESIAN_POINT('',(0.,-2.25));
#12533 = VECTOR('',#12534,1.);
#12534 = DIRECTION('',(0.,1.));
#12535 = ( GEOMETRIC_REPRESENTATION_CONTEXT(2) 
PARAMETRIC_REPRESENTATION_CONTEXT() REPRESENTATION_CONTEXT('2D SPACE',''
  ) );
#12536 = ORIENTED_EDGE('',*,*,#12537,.T.);
#12537 = EDGE_CURVE('',#12515,#12466,#12538,.T.);
#12538 = SURFACE_CURVE('',#12539,(#12543,#12550),.PCURVE_S1.);
#12539 = LINE('',#12540,#12541);
#12540 = CARTESIAN_POINT('',(-40.,9.726586857808,36.997273944312));
#12541 = VECTOR('',#12542,1.);
#12542 = DIRECTION('',(0.,0.96737222338,0.253359391838));
#12543 = PCURVE('',#10890,#12544);
#12544 = DEFINITIONAL_REPRESENTATION('',(#12545),#12549);
#12545 = LINE('',#12546,#12547);
#12546 = CARTESIAN_POINT('',(6.,-2.25));
#12547 = VECTOR('',#12548,1.);
#12548 = DIRECTION('',(1.,0.));
#12549 = ( GEOMETRIC_REPRESENTATION_CONTEXT(2) 
PARAMETRIC_REPRESENTATION_CONTEXT() REPRESENTATION_CONTEXT('2D SPACE',''
  ) );
#12550 = PCURVE('',#12406,#12551);
#12551 = DEFINITIONAL_REPRESENTATION('',(#12552),#12556);
#12552 = LINE('',#12553,#12554);
#12553 = CARTESIAN_POINT('',(-6.,0.));
#12554 = VECTOR('',#12555,1.);
#12555 = DIRECTION('',(0.,1.));
#12556 = ( GEOMETRIC_REPRESENTATION_CONTEXT(2) 
PARAMETRIC_REPRESENTATION_CONTEXT() REPRESENTATION_CONTEXT('2D SPACE',''
  ) );
#12557 = ORIENTED_EDGE('',*,*,#12465,.F.);
#12558 = ORIENTED_EDGE('',*,*,#10874,.F.);
#12559 = ADVANCED_FACE('',(#12560),#10862,.T.);
#12560 = FACE_BOUND('',#12561,.T.);
#12561 = EDGE_LOOP('',(#12562,#12563,#12586,#12607));
#12562 = ORIENTED_EDGE('',*,*,#12514,.F.);
#12563 = ORIENTED_EDGE('',*,*,#12564,.T.);
#12564 = EDGE_CURVE('',#12515,#12565,#12567,.T.);
#12565 = VERTEX_POINT('',#12566);
#12566 = CARTESIAN_POINT('',(-28.,3.922353517527,35.477117593286));
#12567 = SURFACE_CURVE('',#12568,(#12572,#12579),.PCURVE_S1.);
#12568 = LINE('',#12569,#12570);
#12569 = CARTESIAN_POINT('',(-34.,3.922353517527,35.477117593286));
#12570 = VECTOR('',#12571,1.);
#12571 = DIRECTION('',(1.,0.,0.));
#12572 = PCURVE('',#10862,#12573);
#12573 = DEFINITIONAL_REPRESENTATION('',(#12574),#12578);
#12574 = LINE('',#12575,#12576);
#12575 = CARTESIAN_POINT('',(6.,-2.25));
#12576 = VECTOR('',#12577,1.);
#12577 = DIRECTION('',(1.,0.));
#12578 = ( GEOMETRIC_REPRESENTATION_CONTEXT(2) 
PARAMETRIC_REPRESENTATION_CONTEXT() REPRESENTATION_CONTEXT('2D SPACE',''
  ) );
#12579 = PCURVE('',#12406,#12580);
#12580 = DEFINITIONAL_REPRESENTATION('',(#12581),#12585);
#12581 = LINE('',#12582,#12583);
#12582 = CARTESIAN_POINT('',(0.,-6.));
#12583 = VECTOR('',#12584,1.);
#12584 = DIRECTION('',(1.,0.));
#12585 = ( GEOMETRIC_REPRESENTATION_CONTEXT(2) 
PARAMETRIC_REPRESENTATION_CONTEXT() REPRESENTATION_CONTEXT('2D SPACE',''
  ) );
#12586 = ORIENTED_EDGE('',*,*,#12587,.T.);
#12587 = EDGE_CURVE('',#12565,#10819,#12588,.T.);
#12588 = SURFACE_CURVE('',#12589,(#12593,#12600),.PCURVE_S1.);
#12589 = LINE('',#12590,#12591);
#12590 = CARTESIAN_POINT('',(-28.,3.922353517527,35.477117593286));
#12591 = VECTOR('',#12592,1.);
#12592 = DIRECTION('',(0.,-0.253359391838,0.96737222338));
#12593 = PCURVE('',#10862,#12594);
#12594 = DEFINITIONAL_REPRESENTATION('',(#12595),#12599);
#12595 = LINE('',#12596,#12597);
#12596 = CARTESIAN_POINT('',(12.,-2.25));
#12597 = VECTOR('',#12598,1.);
#12598 = DIRECTION('',(0.,1.));
#12599 = ( GEOMETRIC_REPRESENTATION_CONTEXT(2) 
PARAMETRIC_REPRESENTATION_CONTEXT() REPRESENTATION_CONTEXT('2D SPACE',''
  ) );
#12600 = PCURVE('',#10834,#12601);
#12601 = DEFINITIONAL_REPRESENTATION('',(#12602),#12606);
#12602 = LINE('',#12603,#12604);
#12603 = CARTESIAN_POINT('',(6.772360450213E-15,-2.25));
#12604 = VECTOR('',#12605,1.);
#12605 = DIRECTION('',(-1.443289932013E-15,1.));
#12606 = ( GEOMETRIC_REPRESENTATION_CONTEXT(2) 
PARAMETRIC_REPRESENTATION_CONTEXT() REPRESENTATION_CONTEXT('2D SPACE',''
  ) );
#12607 = ORIENTED_EDGE('',*,*,#10846,.F.);
#12608 = ADVANCED_FACE('',(#12609),#10834,.T.);
#12609 = FACE_BOUND('',#12610,.T.);
#12610 = EDGE_LOOP('',(#12611,#12612,#12635,#12655));
#12611 = ORIENTED_EDGE('',*,*,#12587,.F.);
#12612 = ORIENTED_EDGE('',*,*,#12613,.T.);
#12613 = EDGE_CURVE('',#12565,#12614,#12616,.T.);
#12614 = VERTEX_POINT('',#12615);
#12615 = CARTESIAN_POINT('',(-28.,14.660185197047,38.289406842684));
#12616 = SURFACE_CURVE('',#12617,(#12621,#12628),.PCURVE_S1.);
#12617 = LINE('',#12618,#12619);
#12618 = CARTESIAN_POINT('',(-28.,9.726586857808,36.997273944312));
#12619 = VECTOR('',#12620,1.);
#12620 = DIRECTION('',(0.,0.96737222338,0.253359391838));
#12621 = PCURVE('',#10834,#12622);
#12622 = DEFINITIONAL_REPRESENTATION('',(#12623),#12627);
#12623 = LINE('',#12624,#12625);
#12624 = CARTESIAN_POINT('',(6.,-2.25));
#12625 = VECTOR('',#12626,1.);
#12626 = DIRECTION('',(1.,0.));
#12627 = ( GEOMETRIC_REPRESENTATION_CONTEXT(2) 
PARAMETRIC_REPRESENTATION_CONTEXT() REPRESENTATION_CONTEXT('2D SPACE',''
  ) );
#12628 = PCURVE('',#12406,#12629);
#12629 = DEFINITIONAL_REPRESENTATION('',(#12630),#12634);
#12630 = LINE('',#12631,#12632);
#12631 = CARTESIAN_POINT('',(6.,0.));
#12632 = VECTOR('',#12633,1.);
#12633 = DIRECTION('',(0.,1.));
#12634 = ( GEOMETRIC_REPRESENTATION_CONTEXT(2) 
PARAMETRIC_REPRESENTATION_CONTEXT() REPRESENTATION_CONTEXT('2D SPACE',''
  ) );
#12635 = ORIENTED_EDGE('',*,*,#12636,.F.);
#12636 = EDGE_CURVE('',#10791,#12614,#12637,.T.);
#12637 = SURFACE_CURVE('',#12638,(#12642,#12648),.PCURVE_S1.);
#12638 = LINE('',#12639,#12640);
#12639 = CARTESIAN_POINT('',(-28.,14.058456641433,40.586915873212));
#12640 = VECTOR('',#12641,1.);
#12641 = DIRECTION('',(-0.,0.253359391838,-0.96737222338));
#12642 = PCURVE('',#10834,#12643);
#12643 = DEFINITIONAL_REPRESENTATION('',(#12644),#12647);
#12644 = B_SPLINE_CURVE_WITH_KNOTS('',1,(#12645,#12646),.UNSPECIFIED.,
  .F.,.F.,(2,2),(-2.125,2.375),.PIECEWISE_BEZIER_KNOTS.);
#12645 = CARTESIAN_POINT('',(11.1,2.25));
#12646 = CARTESIAN_POINT('',(11.1,-2.25));
#12647 = ( GEOMETRIC_REPRESENTATION_CONTEXT(2) 
PARAMETRIC_REPRESENTATION_CONTEXT() REPRESENTATION_CONTEXT('2D SPACE',''
  ) );
#12648 = PCURVE('',#10806,#12649);
#12649 = DEFINITIONAL_REPRESENTATION('',(#12650),#12654);
#12650 = LINE('',#12651,#12652);
#12651 = CARTESIAN_POINT('',(0.9,-4.625));
#12652 = VECTOR('',#12653,1.);
#12653 = DIRECTION('',(0.,-1.));
#12654 = ( GEOMETRIC_REPRESENTATION_CONTEXT(2) 
PARAMETRIC_REPRESENTATION_CONTEXT() REPRESENTATION_CONTEXT('2D SPACE',''
  ) );
#12655 = ORIENTED_EDGE('',*,*,#10818,.F.);
#12656 = ADVANCED_FACE('',(#12657),#10806,.F.);
#12657 = FACE_BOUND('',#12658,.F.);
#12658 = EDGE_LOOP('',(#12659,#12660,#12680,#12681,#12682,#12683));
#12659 = ORIENTED_EDGE('',*,*,#12367,.F.);
#12660 = ORIENTED_EDGE('',*,*,#12661,.T.);
#12661 = EDGE_CURVE('',#12368,#12614,#12662,.T.);
#12662 = SURFACE_CURVE('',#12663,(#12667,#12674),.PCURVE_S1.);
#12663 = LINE('',#12664,#12665);
#12664 = CARTESIAN_POINT('',(-31.45,14.660185197047,38.289406842684));
#12665 = VECTOR('',#12666,1.);
#12666 = DIRECTION('',(1.,0.,0.));
#12667 = PCURVE('',#10806,#12668);
#12668 = DEFINITIONAL_REPRESENTATION('',(#12669),#12673);
#12669 = LINE('',#12670,#12671);
#12670 = CARTESIAN_POINT('',(-2.55,-7.));
#12671 = VECTOR('',#12672,1.);
#12672 = DIRECTION('',(1.,0.));
#12673 = ( GEOMETRIC_REPRESENTATION_CONTEXT(2) 
PARAMETRIC_REPRESENTATION_CONTEXT() REPRESENTATION_CONTEXT('2D SPACE',''
  ) );
#12674 = PCURVE('',#12406,#12675);
#12675 = DEFINITIONAL_REPRESENTATION('',(#12676),#12679);
#12676 = B_SPLINE_CURVE_WITH_KNOTS('',1,(#12677,#12678),.UNSPECIFIED.,
  .F.,.F.,(2,2),(2.55,3.45),.PIECEWISE_BEZIER_KNOTS.);
#12677 = CARTESIAN_POINT('',(5.1,5.1));
#12678 = CARTESIAN_POINT('',(6.,5.1));
#12679 = ( GEOMETRIC_REPRESENTATION_CONTEXT(2) 
PARAMETRIC_REPRESENTATION_CONTEXT() REPRESENTATION_CONTEXT('2D SPACE',''
  ) );
#12680 = ORIENTED_EDGE('',*,*,#12636,.F.);
#12681 = ORIENTED_EDGE('',*,*,#10790,.T.);
#12682 = ORIENTED_EDGE('',*,*,#12309,.T.);
#12683 = ORIENTED_EDGE('',*,*,#11889,.F.);
#12684 = ADVANCED_FACE('',(#12685),#10758,.F.);
#12685 = FACE_BOUND('',#12686,.F.);
#12686 = EDGE_LOOP('',(#12687,#12688,#12689,#12690));
#12687 = ORIENTED_EDGE('',*,*,#12287,.F.);
#12688 = ORIENTED_EDGE('',*,*,#10743,.T.);
#12689 = ORIENTED_EDGE('',*,*,#12169,.T.);
#12690 = ORIENTED_EDGE('',*,*,#12261,.F.);
#12691 = ADVANCED_FACE('',(#12692),#10710,.F.);
#12692 = FACE_BOUND('',#12693,.F.);
#12693 = EDGE_LOOP('',(#12694,#12695,#12696,#12697,#12719,#12746));
#12694 = ORIENTED_EDGE('',*,*,#11981,.F.);
#12695 = ORIENTED_EDGE('',*,*,#12193,.F.);
#12696 = ORIENTED_EDGE('',*,*,#10694,.T.);
#12697 = ORIENTED_EDGE('',*,*,#12698,.T.);
#12698 = EDGE_CURVE('',#10667,#12699,#12701,.T.);
#12699 = VERTEX_POINT('',#12700);
#12700 = CARTESIAN_POINT('',(28.,14.660185197047,38.289406842684));
#12701 = SURFACE_CURVE('',#12702,(#12706,#12713),.PCURVE_S1.);
#12702 = LINE('',#12703,#12704);
#12703 = CARTESIAN_POINT('',(28.,14.058456641433,40.586915873212));
#12704 = VECTOR('',#12705,1.);
#12705 = DIRECTION('',(-0.,0.253359391838,-0.96737222338));
#12706 = PCURVE('',#10710,#12707);
#12707 = DEFINITIONAL_REPRESENTATION('',(#12708),#12712);
#12708 = LINE('',#12709,#12710);
#12709 = CARTESIAN_POINT('',(56.9,-4.625));
#12710 = VECTOR('',#12711,1.);
#12711 = DIRECTION('',(0.,-1.));
#12712 = ( GEOMETRIC_REPRESENTATION_CONTEXT(2) 
PARAMETRIC_REPRESENTATION_CONTEXT() REPRESENTATION_CONTEXT('2D SPACE',''
  ) );
#12713 = PCURVE('',#10682,#12714);
#12714 = DEFINITIONAL_REPRESENTATION('',(#12715),#12718);
#12715 = B_SPLINE_CURVE_WITH_KNOTS('',1,(#12716,#12717),.UNSPECIFIED.,
  .F.,.F.,(2,2),(-2.125,2.375),.PIECEWISE_BEZIER_KNOTS.);
#12716 = CARTESIAN_POINT('',(11.1,2.25));
#12717 = CARTESIAN_POINT('',(11.1,-2.25));
#12718 = ( GEOMETRIC_REPRESENTATION_CONTEXT(2) 
PARAMETRIC_REPRESENTATION_CONTEXT() REPRESENTATION_CONTEXT('2D SPACE',''
  ) );
#12719 = ORIENTED_EDGE('',*,*,#12720,.T.);
#12720 = EDGE_CURVE('',#12699,#12721,#12723,.T.);
#12721 = VERTEX_POINT('',#12722);
#12722 = CARTESIAN_POINT('',(28.9,14.660185197047,38.289406842684));
#12723 = SURFACE_CURVE('',#12724,(#12728,#12735),.PCURVE_S1.);
#12724 = LINE('',#12725,#12726);
#12725 = CARTESIAN_POINT('',(2.55,14.660185197047,38.289406842684));
#12726 = VECTOR('',#12727,1.);
#12727 = DIRECTION('',(1.,0.,0.));
#12728 = PCURVE('',#10710,#12729);
#12729 = DEFINITIONAL_REPRESENTATION('',(#12730),#12734);
#12730 = LINE('',#12731,#12732);
#12731 = CARTESIAN_POINT('',(31.45,-7.));
#12732 = VECTOR('',#12733,1.);
#12733 = DIRECTION('',(1.,0.));
#12734 = ( GEOMETRIC_REPRESENTATION_CONTEXT(2) 
PARAMETRIC_REPRESENTATION_CONTEXT() REPRESENTATION_CONTEXT('2D SPACE',''
  ) );
#12735 = PCURVE('',#12736,#12741);
#12736 = PLANE('',#12737);
#12737 = AXIS2_PLACEMENT_3D('',#12738,#12739,#12740);
#12738 = CARTESIAN_POINT('',(34.,9.726586857808,36.997273944312));
#12739 = DIRECTION('',(0.,-0.253359391838,0.96737222338));
#12740 = DIRECTION('',(1.,0.,0.));
#12741 = DEFINITIONAL_REPRESENTATION('',(#12742),#12745);
#12742 = B_SPLINE_CURVE_WITH_KNOTS('',1,(#12743,#12744),.UNSPECIFIED.,
  .F.,.F.,(2,2),(25.45,26.35),.PIECEWISE_BEZIER_KNOTS.);
#12743 = CARTESIAN_POINT('',(-6.,5.1));
#12744 = CARTESIAN_POINT('',(-5.1,5.1));
#12745 = ( GEOMETRIC_REPRESENTATION_CONTEXT(2) 
PARAMETRIC_REPRESENTATION_CONTEXT() REPRESENTATION_CONTEXT('2D SPACE',''
  ) );
#12746 = ORIENTED_EDGE('',*,*,#12747,.F.);
#12747 = EDGE_CURVE('',#11959,#12721,#12748,.T.);
#12748 = SURFACE_CURVE('',#12749,(#12753,#12760),.PCURVE_S1.);
#12749 = LINE('',#12750,#12751);
#12750 = CARTESIAN_POINT('',(28.9,12.253270974589,47.479442964796));
#12751 = VECTOR('',#12752,1.);
#12752 = DIRECTION('',(3.739698609264E-16,0.253359391838,-0.96737222338)
  );
#12753 = PCURVE('',#10710,#12754);
#12754 = DEFINITIONAL_REPRESENTATION('',(#12755),#12759);
#12755 = LINE('',#12756,#12757);
#12756 = CARTESIAN_POINT('',(57.8,2.5));
#12757 = VECTOR('',#12758,1.);
#12758 = DIRECTION('',(3.739698609264E-16,-1.));
#12759 = ( GEOMETRIC_REPRESENTATION_CONTEXT(2) 
PARAMETRIC_REPRESENTATION_CONTEXT() REPRESENTATION_CONTEXT('2D SPACE',''
  ) );
#12760 = PCURVE('',#10570,#12761);
#12761 = DEFINITIONAL_REPRESENTATION('',(#12762),#12766);
#12762 = LINE('',#12763,#12764);
#12763 = CARTESIAN_POINT('',(-1.998401444325E-15,2.5));
#12764 = VECTOR('',#12765,1.);
#12765 = DIRECTION('',(-1.387778780781E-16,-1.));
#12766 = ( GEOMETRIC_REPRESENTATION_CONTEXT(2) 
PARAMETRIC_REPRESENTATION_CONTEXT() REPRESENTATION_CONTEXT('2D SPACE',''
  ) );
#12767 = ADVANCED_FACE('',(#12768),#10682,.F.);
#12768 = FACE_BOUND('',#12769,.F.);
#12769 = EDGE_LOOP('',(#12770,#12793,#12814,#12815));
#12770 = ORIENTED_EDGE('',*,*,#12771,.F.);
#12771 = EDGE_CURVE('',#12772,#10639,#12774,.T.);
#12772 = VERTEX_POINT('',#12773);
#12773 = CARTESIAN_POINT('',(28.,3.922353517527,35.477117593286));
#12774 = SURFACE_CURVE('',#12775,(#12779,#12786),.PCURVE_S1.);
#12775 = LINE('',#12776,#12777);
#12776 = CARTESIAN_POINT('',(28.,3.922353517527,35.477117593286));
#12777 = VECTOR('',#12778,1.);
#12778 = DIRECTION('',(0.,-0.253359391838,0.96737222338));
#12779 = PCURVE('',#10682,#12780);
#12780 = DEFINITIONAL_REPRESENTATION('',(#12781),#12785);
#12781 = LINE('',#12782,#12783);
#12782 = CARTESIAN_POINT('',(6.772360450213E-15,-2.25));
#12783 = VECTOR('',#12784,1.);
#12784 = DIRECTION('',(-1.443289932013E-15,1.));
#12785 = ( GEOMETRIC_REPRESENTATION_CONTEXT(2) 
PARAMETRIC_REPRESENTATION_CONTEXT() REPRESENTATION_CONTEXT('2D SPACE',''
  ) );
#12786 = PCURVE('',#10654,#12787);
#12787 = DEFINITIONAL_REPRESENTATION('',(#12788),#12792);
#12788 = LINE('',#12789,#12790);
#12789 = CARTESIAN_POINT('',(0.,-2.25));
#12790 = VECTOR('',#12791,1.);
#12791 = DIRECTION('',(0.,1.));
#12792 = ( GEOMETRIC_REPRESENTATION_CONTEXT(2) 
PARAMETRIC_REPRESENTATION_CONTEXT() REPRESENTATION_CONTEXT('2D SPACE',''
  ) );
#12793 = ORIENTED_EDGE('',*,*,#12794,.T.);
#12794 = EDGE_CURVE('',#12772,#12699,#12795,.T.);
#12795 = SURFACE_CURVE('',#12796,(#12800,#12807),.PCURVE_S1.);
#12796 = LINE('',#12797,#12798);
#12797 = CARTESIAN_POINT('',(28.,9.726586857808,36.997273944312));
#12798 = VECTOR('',#12799,1.);
#12799 = DIRECTION('',(0.,0.96737222338,0.253359391838));
#12800 = PCURVE('',#10682,#12801);
#12801 = DEFINITIONAL_REPRESENTATION('',(#12802),#12806);
#12802 = LINE('',#12803,#12804);
#12803 = CARTESIAN_POINT('',(6.,-2.25));
#12804 = VECTOR('',#12805,1.);
#12805 = DIRECTION('',(1.,0.));
#12806 = ( GEOMETRIC_REPRESENTATION_CONTEXT(2) 
PARAMETRIC_REPRESENTATION_CONTEXT() REPRESENTATION_CONTEXT('2D SPACE',''
  ) );
#12807 = PCURVE('',#12736,#12808);
#12808 = DEFINITIONAL_REPRESENTATION('',(#12809),#12813);
#12809 = LINE('',#12810,#12811);
#12810 = CARTESIAN_POINT('',(-6.,0.));
#12811 = VECTOR('',#12812,1.);
#12812 = DIRECTION('',(0.,1.));
#12813 = ( GEOMETRIC_REPRESENTATION_CONTEXT(2) 
PARAMETRIC_REPRESENTATION_CONTEXT() REPRESENTATION_CONTEXT('2D SPACE',''
  ) );
#12814 = ORIENTED_EDGE('',*,*,#12698,.F.);
#12815 = ORIENTED_EDGE('',*,*,#10666,.F.);
#12816 = ADVANCED_FACE('',(#12817),#10654,.T.);
#12817 = FACE_BOUND('',#12818,.T.);
#12818 = EDGE_LOOP('',(#12819,#12820,#12843,#12864));
#12819 = ORIENTED_EDGE('',*,*,#12771,.F.);
#12820 = ORIENTED_EDGE('',*,*,#12821,.T.);
#12821 = EDGE_CURVE('',#12772,#12822,#12824,.T.);
#12822 = VERTEX_POINT('',#12823);
#12823 = CARTESIAN_POINT('',(40.,3.922353517527,35.477117593286));
#12824 = SURFACE_CURVE('',#12825,(#12829,#12836),.PCURVE_S1.);
#12825 = LINE('',#12826,#12827);
#12826 = CARTESIAN_POINT('',(34.,3.922353517527,35.477117593286));
#12827 = VECTOR('',#12828,1.);
#12828 = DIRECTION('',(1.,0.,0.));
#12829 = PCURVE('',#10654,#12830);
#12830 = DEFINITIONAL_REPRESENTATION('',(#12831),#12835);
#12831 = LINE('',#12832,#12833);
#12832 = CARTESIAN_POINT('',(6.,-2.25));
#12833 = VECTOR('',#12834,1.);
#12834 = DIRECTION('',(1.,0.));
#12835 = ( GEOMETRIC_REPRESENTATION_CONTEXT(2) 
PARAMETRIC_REPRESENTATION_CONTEXT() REPRESENTATION_CONTEXT('2D SPACE',''
  ) );
#12836 = PCURVE('',#12736,#12837);
#12837 = DEFINITIONAL_REPRESENTATION('',(#12838),#12842);
#12838 = LINE('',#12839,#12840);
#12839 = CARTESIAN_POINT('',(0.,-6.));
#12840 = VECTOR('',#12841,1.);
#12841 = DIRECTION('',(1.,0.));
#12842 = ( GEOMETRIC_REPRESENTATION_CONTEXT(2) 
PARAMETRIC_REPRESENTATION_CONTEXT() REPRESENTATION_CONTEXT('2D SPACE',''
  ) );
#12843 = ORIENTED_EDGE('',*,*,#12844,.T.);
#12844 = EDGE_CURVE('',#12822,#10611,#12845,.T.);
#12845 = SURFACE_CURVE('',#12846,(#12850,#12857),.PCURVE_S1.);
#12846 = LINE('',#12847,#12848);
#12847 = CARTESIAN_POINT('',(40.,3.922353517527,35.477117593286));
#12848 = VECTOR('',#12849,1.);
#12849 = DIRECTION('',(0.,-0.253359391838,0.96737222338));
#12850 = PCURVE('',#10654,#12851);
#12851 = DEFINITIONAL_REPRESENTATION('',(#12852),#12856);
#12852 = LINE('',#12853,#12854);
#12853 = CARTESIAN_POINT('',(12.,-2.25));
#12854 = VECTOR('',#12855,1.);
#12855 = DIRECTION('',(0.,1.));
#12856 = ( GEOMETRIC_REPRESENTATION_CONTEXT(2) 
PARAMETRIC_REPRESENTATION_CONTEXT() REPRESENTATION_CONTEXT('2D SPACE',''
  ) );
#12857 = PCURVE('',#10626,#12858);
#12858 = DEFINITIONAL_REPRESENTATION('',(#12859),#12863);
#12859 = LINE('',#12860,#12861);
#12860 = CARTESIAN_POINT('',(6.772360450213E-15,-2.25));
#12861 = VECTOR('',#12862,1.);
#12862 = DIRECTION('',(-1.443289932013E-15,1.));
#12863 = ( GEOMETRIC_REPRESENTATION_CONTEXT(2) 
PARAMETRIC_REPRESENTATION_CONTEXT() REPRESENTATION_CONTEXT('2D SPACE',''
  ) );
#12864 = ORIENTED_EDGE('',*,*,#10638,.F.);
#12865 = ADVANCED_FACE('',(#12866),#10626,.T.);
#12866 = FACE_BOUND('',#12867,.T.);
#12867 = EDGE_LOOP('',(#12868,#12869,#12892,#12913));
#12868 = ORIENTED_EDGE('',*,*,#12844,.F.);
#12869 = ORIENTED_EDGE('',*,*,#12870,.T.);
#12870 = EDGE_CURVE('',#12822,#12871,#12873,.T.);
#12871 = VERTEX_POINT('',#12872);
#12872 = CARTESIAN_POINT('',(40.,15.53082019809,38.517430295338));
#12873 = SURFACE_CURVE('',#12874,(#12878,#12885),.PCURVE_S1.);
#12874 = LINE('',#12875,#12876);
#12875 = CARTESIAN_POINT('',(40.,9.726586857808,36.997273944312));
#12876 = VECTOR('',#12877,1.);
#12877 = DIRECTION('',(0.,0.96737222338,0.253359391838));
#12878 = PCURVE('',#10626,#12879);
#12879 = DEFINITIONAL_REPRESENTATION('',(#12880),#12884);
#12880 = LINE('',#12881,#12882);
#12881 = CARTESIAN_POINT('',(6.,-2.25));
#12882 = VECTOR('',#12883,1.);
#12883 = DIRECTION('',(1.,0.));
#12884 = ( GEOMETRIC_REPRESENTATION_CONTEXT(2) 
PARAMETRIC_REPRESENTATION_CONTEXT() REPRESENTATION_CONTEXT('2D SPACE',''
  ) );
#12885 = PCURVE('',#12736,#12886);
#12886 = DEFINITIONAL_REPRESENTATION('',(#12887),#12891);
#12887 = LINE('',#12888,#12889);
#12888 = CARTESIAN_POINT('',(6.,0.));
#12889 = VECTOR('',#12890,1.);
#12890 = DIRECTION('',(0.,1.));
#12891 = ( GEOMETRIC_REPRESENTATION_CONTEXT(2) 
PARAMETRIC_REPRESENTATION_CONTEXT() REPRESENTATION_CONTEXT('2D SPACE',''
  ) );
#12892 = ORIENTED_EDGE('',*,*,#12893,.F.);
#12893 = EDGE_CURVE('',#10583,#12871,#12894,.T.);
#12894 = SURFACE_CURVE('',#12895,(#12899,#12906),.PCURVE_S1.);
#12895 = LINE('',#12896,#12897);
#12896 = CARTESIAN_POINT('',(40.,14.39070293482,42.870605300549));
#12897 = VECTOR('',#12898,1.);
#12898 = DIRECTION('',(0.,0.253359391838,-0.96737222338));
#12899 = PCURVE('',#10626,#12900);
#12900 = DEFINITIONAL_REPRESENTATION('',(#12901),#12905);
#12901 = LINE('',#12902,#12903);
#12902 = CARTESIAN_POINT('',(12.,2.25));
#12903 = VECTOR('',#12904,1.);
#12904 = DIRECTION('',(1.443289932013E-15,-1.));
#12905 = ( GEOMETRIC_REPRESENTATION_CONTEXT(2) 
PARAMETRIC_REPRESENTATION_CONTEXT() REPRESENTATION_CONTEXT('2D SPACE',''
  ) );
#12906 = PCURVE('',#10598,#12907);
#12907 = DEFINITIONAL_REPRESENTATION('',(#12908),#12912);
#12908 = LINE('',#12909,#12910);
#12909 = CARTESIAN_POINT('',(12.,2.25));
#12910 = VECTOR('',#12911,1.);
#12911 = DIRECTION('',(0.,-1.));
#12912 = ( GEOMETRIC_REPRESENTATION_CONTEXT(2) 
PARAMETRIC_REPRESENTATION_CONTEXT() REPRESENTATION_CONTEXT('2D SPACE',''
  ) );
#12913 = ORIENTED_EDGE('',*,*,#10610,.F.);
#12914 = ADVANCED_FACE('',(#12915),#10598,.F.);
#12915 = FACE_BOUND('',#12916,.F.);
#12916 = EDGE_LOOP('',(#12917,#12939,#12960,#12961));
#12917 = ORIENTED_EDGE('',*,*,#12918,.F.);
#12918 = EDGE_CURVE('',#12919,#10555,#12921,.T.);
#12919 = VERTEX_POINT('',#12920);
#12920 = CARTESIAN_POINT('',(28.9,15.53082019809,38.517430295338));
#12921 = SURFACE_CURVE('',#12922,(#12926,#12932),.PCURVE_S1.);
#12922 = LINE('',#12923,#12924);
#12923 = CARTESIAN_POINT('',(28.9,14.929091642475,40.814939325866));
#12924 = VECTOR('',#12925,1.);
#12925 = DIRECTION('',(0.,-0.253359391838,0.96737222338));
#12926 = PCURVE('',#10598,#12927);
#12927 = DEFINITIONAL_REPRESENTATION('',(#12928),#12931);
#12928 = B_SPLINE_CURVE_WITH_KNOTS('',1,(#12929,#12930),.UNSPECIFIED.,
  .F.,.F.,(2,2),(-2.375,2.125),.PIECEWISE_BEZIER_KNOTS.);
#12929 = CARTESIAN_POINT('',(0.9,-2.25));
#12930 = CARTESIAN_POINT('',(0.9,2.25));
#12931 = ( GEOMETRIC_REPRESENTATION_CONTEXT(2) 
PARAMETRIC_REPRESENTATION_CONTEXT() REPRESENTATION_CONTEXT('2D SPACE',''
  ) );
#12932 = PCURVE('',#10570,#12933);
#12933 = DEFINITIONAL_REPRESENTATION('',(#12934),#12938);
#12934 = LINE('',#12935,#12936);
#12935 = CARTESIAN_POINT('',(0.9,-4.625));
#12936 = VECTOR('',#12937,1.);
#12937 = DIRECTION('',(0.,1.));
#12938 = ( GEOMETRIC_REPRESENTATION_CONTEXT(2) 
PARAMETRIC_REPRESENTATION_CONTEXT() REPRESENTATION_CONTEXT('2D SPACE',''
  ) );
#12939 = ORIENTED_EDGE('',*,*,#12940,.T.);
#12940 = EDGE_CURVE('',#12919,#12871,#12941,.T.);
#12941 = SURFACE_CURVE('',#12942,(#12946,#12953),.PCURVE_S1.);
#12942 = LINE('',#12943,#12944);
#12943 = CARTESIAN_POINT('',(34.,15.53082019809,38.517430295338));
#12944 = VECTOR('',#12945,1.);
#12945 = DIRECTION('',(1.,0.,0.));
#12946 = PCURVE('',#10598,#12947);
#12947 = DEFINITIONAL_REPRESENTATION('',(#12948),#12952);
#12948 = LINE('',#12949,#12950);
#12949 = CARTESIAN_POINT('',(6.,-2.25));
#12950 = VECTOR('',#12951,1.);
#12951 = DIRECTION('',(1.,0.));
#12952 = ( GEOMETRIC_REPRESENTATION_CONTEXT(2) 
PARAMETRIC_REPRESENTATION_CONTEXT() REPRESENTATION_CONTEXT('2D SPACE',''
  ) );
#12953 = PCURVE('',#12736,#12954);
#12954 = DEFINITIONAL_REPRESENTATION('',(#12955),#12959);
#12955 = LINE('',#12956,#12957);
#12956 = CARTESIAN_POINT('',(0.,6.));
#12957 = VECTOR('',#12958,1.);
#12958 = DIRECTION('',(1.,0.));
#12959 = ( GEOMETRIC_REPRESENTATION_CONTEXT(2) 
PARAMETRIC_REPRESENTATION_CONTEXT() REPRESENTATION_CONTEXT('2D SPACE',''
  ) );
#12960 = ORIENTED_EDGE('',*,*,#12893,.F.);
#12961 = ORIENTED_EDGE('',*,*,#10582,.F.);
#12962 = ADVANCED_FACE('',(#12963),#10570,.F.);
#12963 = FACE_BOUND('',#12964,.F.);
#12964 = EDGE_LOOP('',(#12965,#12966,#12986,#12987,#13008,#13009,#13010,
    #13030));
#12965 = ORIENTED_EDGE('',*,*,#10554,.T.);
#12966 = ORIENTED_EDGE('',*,*,#12967,.F.);
#12967 = EDGE_CURVE('',#11268,#10527,#12968,.T.);
#12968 = SURFACE_CURVE('',#12969,(#12973,#12980),.PCURVE_S1.);
#12969 = LINE('',#12970,#12971);
#12970 = CARTESIAN_POINT('',(28.9,112.63368620388,66.404237901472));
#12971 = VECTOR('',#12972,1.);
#12972 = DIRECTION('',(0.,-0.253359391838,0.96737222338));
#12973 = PCURVE('',#10570,#12974);
#12974 = DEFINITIONAL_REPRESENTATION('',(#12975),#12979);
#12975 = LINE('',#12976,#12977);
#12976 = CARTESIAN_POINT('',(101.9,-4.625));
#12977 = VECTOR('',#12978,1.);
#12978 = DIRECTION('',(0.,1.));
#12979 = ( GEOMETRIC_REPRESENTATION_CONTEXT(2) 
PARAMETRIC_REPRESENTATION_CONTEXT() REPRESENTATION_CONTEXT('2D SPACE',''
  ) );
#12980 = PCURVE('',#10542,#12981);
#12981 = DEFINITIONAL_REPRESENTATION('',(#12982),#12985);
#12982 = B_SPLINE_CURVE_WITH_KNOTS('',1,(#12983,#12984),.UNSPECIFIED.,
  .F.,.F.,(2,2),(-2.375,2.125),.PIECEWISE_BEZIER_KNOTS.);
#12983 = CARTESIAN_POINT('',(0.9,-2.25));
#12984 = CARTESIAN_POINT('',(0.9,2.25));
#12985 = ( GEOMETRIC_REPRESENTATION_CONTEXT(2) 
PARAMETRIC_REPRESENTATION_CONTEXT() REPRESENTATION_CONTEXT('2D SPACE',''
  ) );
#12986 = ORIENTED_EDGE('',*,*,#11267,.T.);
#12987 = ORIENTED_EDGE('',*,*,#12988,.F.);
#12988 = EDGE_CURVE('',#11936,#11246,#12989,.T.);
#12989 = SURFACE_CURVE('',#12990,(#12994,#13001),.PCURVE_S1.);
#12990 = LINE('',#12991,#12992);
#12991 = CARTESIAN_POINT('',(28.9,111.69913553807,73.52478844571));
#12992 = VECTOR('',#12993,1.);
#12993 = DIRECTION('',(3.739698609264E-16,0.253359391838,-0.96737222338)
  );
#12994 = PCURVE('',#10570,#12995);
#12995 = DEFINITIONAL_REPRESENTATION('',(#12996),#13000);
#12996 = LINE('',#12997,#12998);
#12997 = CARTESIAN_POINT('',(102.8,2.5));
#12998 = VECTOR('',#12999,1.);
#12999 = DIRECTION('',(-2.498001805407E-15,-1.));
#13000 = ( GEOMETRIC_REPRESENTATION_CONTEXT(2) 
PARAMETRIC_REPRESENTATION_CONTEXT() REPRESENTATION_CONTEXT('2D SPACE',''
  ) );
#13001 = PCURVE('',#11132,#13002);
#13002 = DEFINITIONAL_REPRESENTATION('',(#13003),#13007);
#13003 = LINE('',#13004,#13005);
#13004 = CARTESIAN_POINT('',(57.8,2.5));
#13005 = VECTOR('',#13006,1.);
#13006 = DIRECTION('',(3.739698609264E-16,-1.));
#13007 = ( GEOMETRIC_REPRESENTATION_CONTEXT(2) 
PARAMETRIC_REPRESENTATION_CONTEXT() REPRESENTATION_CONTEXT('2D SPACE',''
  ) );
#13008 = ORIENTED_EDGE('',*,*,#11958,.F.);
#13009 = ORIENTED_EDGE('',*,*,#12747,.T.);
#13010 = ORIENTED_EDGE('',*,*,#13011,.T.);
#13011 = EDGE_CURVE('',#12721,#12919,#13012,.T.);
#13012 = SURFACE_CURVE('',#13013,(#13017,#13024),.PCURVE_S1.);
#13013 = LINE('',#13014,#13015);
#13014 = CARTESIAN_POINT('',(28.9,12.193386027428,37.643340393498));
#13015 = VECTOR('',#13016,1.);
#13016 = DIRECTION('',(0.,0.96737222338,0.253359391838));
#13017 = PCURVE('',#10570,#13018);
#13018 = DEFINITIONAL_REPRESENTATION('',(#13019),#13023);
#13019 = LINE('',#13020,#13021);
#13020 = CARTESIAN_POINT('',(-2.55,-7.));
#13021 = VECTOR('',#13022,1.);
#13022 = DIRECTION('',(1.,0.));
#13023 = ( GEOMETRIC_REPRESENTATION_CONTEXT(2) 
PARAMETRIC_REPRESENTATION_CONTEXT() REPRESENTATION_CONTEXT('2D SPACE',''
  ) );
#13024 = PCURVE('',#12736,#13025);
#13025 = DEFINITIONAL_REPRESENTATION('',(#13026),#13029);
#13026 = B_SPLINE_CURVE_WITH_KNOTS('',1,(#13027,#13028),.UNSPECIFIED.,
  .F.,.F.,(2,2),(2.55,3.45),.PIECEWISE_BEZIER_KNOTS.);
#13027 = CARTESIAN_POINT('',(-5.1,5.1));
#13028 = CARTESIAN_POINT('',(-5.1,6.));
#13029 = ( GEOMETRIC_REPRESENTATION_CONTEXT(2) 
PARAMETRIC_REPRESENTATION_CONTEXT() REPRESENTATION_CONTEXT('2D SPACE',''
  ) );
#13030 = ORIENTED_EDGE('',*,*,#12918,.T.);
#13031 = ADVANCED_FACE('',(#13032),#10542,.T.);
#13032 = FACE_BOUND('',#13033,.T.);
#13033 = EDGE_LOOP('',(#13034,#13035,#13036,#13037));
#13034 = ORIENTED_EDGE('',*,*,#12967,.F.);
#13035 = ORIENTED_EDGE('',*,*,#11289,.T.);
#13036 = ORIENTED_EDGE('',*,*,#11369,.T.);
#13037 = ORIENTED_EDGE('',*,*,#10526,.F.);
#13038 = ADVANCED_FACE('',(#13039),#11158,.F.);
#13039 = FACE_BOUND('',#13040,.F.);
#13040 = EDGE_LOOP('',(#13041,#13061,#13062,#13063));
#13041 = ORIENTED_EDGE('',*,*,#13042,.T.);
#13042 = EDGE_CURVE('',#11117,#11223,#13043,.T.);
#13043 = SURFACE_CURVE('',#13044,(#13048,#13054),.PCURVE_S1.);
#13044 = LINE('',#13045,#13046);
#13045 = CARTESIAN_POINT('',(28.,113.50432120492,66.632261354126));
#13046 = VECTOR('',#13047,1.);
#13047 = DIRECTION('',(-0.,0.253359391838,-0.96737222338));
#13048 = PCURVE('',#11158,#13049);
#13049 = DEFINITIONAL_REPRESENTATION('',(#13050),#13053);
#13050 = B_SPLINE_CURVE_WITH_KNOTS('',1,(#13051,#13052),.UNSPECIFIED.,
  .F.,.F.,(2,2),(-2.125,2.375),.PIECEWISE_BEZIER_KNOTS.);
#13051 = CARTESIAN_POINT('',(0.9,2.25));
#13052 = CARTESIAN_POINT('',(0.9,-2.25));
#13053 = ( GEOMETRIC_REPRESENTATION_CONTEXT(2) 
PARAMETRIC_REPRESENTATION_CONTEXT() REPRESENTATION_CONTEXT('2D SPACE',''
  ) );
#13054 = PCURVE('',#11132,#13055);
#13055 = DEFINITIONAL_REPRESENTATION('',(#13056),#13060);
#13056 = LINE('',#13057,#13058);
#13057 = CARTESIAN_POINT('',(56.9,-4.625));
#13058 = VECTOR('',#13059,1.);
#13059 = DIRECTION('',(0.,-1.));
#13060 = ( GEOMETRIC_REPRESENTATION_CONTEXT(2) 
PARAMETRIC_REPRESENTATION_CONTEXT() REPRESENTATION_CONTEXT('2D SPACE',''
  ) );
#13061 = ORIENTED_EDGE('',*,*,#11222,.T.);
#13062 = ORIENTED_EDGE('',*,*,#11173,.F.);
#13063 = ORIENTED_EDGE('',*,*,#11144,.F.);
#13064 = ADVANCED_FACE('',(#13065),#11132,.T.);
#13065 = FACE_BOUND('',#13066,.T.);
#13066 = EDGE_LOOP('',(#13067,#13068,#13069,#13070,#13071,#13072,#13073,
    #13074));
#13067 = ORIENTED_EDGE('',*,*,#11116,.T.);
#13068 = ORIENTED_EDGE('',*,*,#13042,.T.);
#13069 = ORIENTED_EDGE('',*,*,#11245,.T.);
#13070 = ORIENTED_EDGE('',*,*,#12988,.F.);
#13071 = ORIENTED_EDGE('',*,*,#11935,.F.);
#13072 = ORIENTED_EDGE('',*,*,#12440,.F.);
#13073 = ORIENTED_EDGE('',*,*,#11656,.T.);
#13074 = ORIENTED_EDGE('',*,*,#13075,.F.);
#13075 = EDGE_CURVE('',#11089,#11657,#13076,.T.);
#13076 = SURFACE_CURVE('',#13077,(#13081,#13088),.PCURVE_S1.);
#13077 = LINE('',#13078,#13079);
#13078 = CARTESIAN_POINT('',(-28.,113.50432120492,66.632261354126));
#13079 = VECTOR('',#13080,1.);
#13080 = DIRECTION('',(-0.,0.253359391838,-0.96737222338));
#13081 = PCURVE('',#11132,#13082);
#13082 = DEFINITIONAL_REPRESENTATION('',(#13083),#13087);
#13083 = LINE('',#13084,#13085);
#13084 = CARTESIAN_POINT('',(0.9,-4.625));
#13085 = VECTOR('',#13086,1.);
#13086 = DIRECTION('',(0.,-1.));
#13087 = ( GEOMETRIC_REPRESENTATION_CONTEXT(2) 
PARAMETRIC_REPRESENTATION_CONTEXT() REPRESENTATION_CONTEXT('2D SPACE',''
  ) );
#13088 = PCURVE('',#11104,#13089);
#13089 = DEFINITIONAL_REPRESENTATION('',(#13090),#13093);
#13090 = B_SPLINE_CURVE_WITH_KNOTS('',1,(#13091,#13092),.UNSPECIFIED.,
  .F.,.F.,(2,2),(-2.125,2.375),.PIECEWISE_BEZIER_KNOTS.);
#13091 = CARTESIAN_POINT('',(0.9,2.25));
#13092 = CARTESIAN_POINT('',(0.9,-2.25));
#13093 = ( GEOMETRIC_REPRESENTATION_CONTEXT(2) 
PARAMETRIC_REPRESENTATION_CONTEXT() REPRESENTATION_CONTEXT('2D SPACE',''
  ) );
#13094 = ADVANCED_FACE('',(#13095),#11104,.T.);
#13095 = FACE_BOUND('',#13096,.T.);
#13096 = EDGE_LOOP('',(#13097,#13098,#13099,#13100));
#13097 = ORIENTED_EDGE('',*,*,#13075,.T.);
#13098 = ORIENTED_EDGE('',*,*,#11678,.T.);
#13099 = ORIENTED_EDGE('',*,*,#11759,.F.);
#13100 = ORIENTED_EDGE('',*,*,#11088,.F.);
#13101 = ADVANCED_FACE('',(#13102),#11354,.F.);
#13102 = FACE_BOUND('',#13103,.F.);
#13103 = EDGE_LOOP('',(#13104,#13133,#13154,#13155));
#13104 = ORIENTED_EDGE('',*,*,#13105,.F.);
#13105 = EDGE_CURVE('',#13106,#13106,#13108,.T.);
#13106 = VERTEX_POINT('',#13107);
#13107 = CARTESIAN_POINT('',(36.9,118.40624962018,68.045315780421));
#13108 = SURFACE_CURVE('',#13109,(#13114,#13121),.PCURVE_S1.);
#13109 = CIRCLE('',#13110,2.9);
#13110 = AXIS2_PLACEMENT_3D('',#13111,#13112,#13113);
#13111 = CARTESIAN_POINT('',(34.,118.40624962018,68.045315780421));
#13112 = DIRECTION('',(0.,-0.253359391838,0.96737222338));
#13113 = DIRECTION('',(1.,0.,0.));
#13114 = PCURVE('',#11354,#13115);
#13115 = DEFINITIONAL_REPRESENTATION('',(#13116),#13120);
#13116 = LINE('',#13117,#13118);
#13117 = CARTESIAN_POINT('',(0.,0.));
#13118 = VECTOR('',#13119,1.);
#13119 = DIRECTION('',(1.,0.));
#13120 = ( GEOMETRIC_REPRESENTATION_CONTEXT(2) 
PARAMETRIC_REPRESENTATION_CONTEXT() REPRESENTATION_CONTEXT('2D SPACE',''
  ) );
#13121 = PCURVE('',#13122,#13127);
#13122 = PLANE('',#13123);
#13123 = AXIS2_PLACEMENT_3D('',#13124,#13125,#13126);
#13124 = CARTESIAN_POINT('',(34.,118.40624962018,68.045315780421));
#13125 = DIRECTION('',(0.,-0.253359391838,0.96737222338));
#13126 = DIRECTION('',(1.,0.,0.));
#13127 = DEFINITIONAL_REPRESENTATION('',(#13128),#13132);
#13128 = CIRCLE('',#13129,2.9);
#13129 = AXIS2_PLACEMENT_2D('',#13130,#13131);
#13130 = CARTESIAN_POINT('',(1.178827700465E-16,-1.173830161754E-16));
#13131 = DIRECTION('',(1.,0.));
#13132 = ( GEOMETRIC_REPRESENTATION_CONTEXT(2) 
PARAMETRIC_REPRESENTATION_CONTEXT() REPRESENTATION_CONTEXT('2D SPACE',''
  ) );
#13133 = ORIENTED_EDGE('',*,*,#13134,.T.);
#13134 = EDGE_CURVE('',#13106,#11338,#13135,.T.);
#13135 = SEAM_CURVE('',#13136,(#13140,#13147),.PCURVE_S1.);
#13136 = LINE('',#13137,#13138);
#13137 = CARTESIAN_POINT('',(36.9,118.40624962018,68.045315780421));
#13138 = VECTOR('',#13139,1.);
#13139 = DIRECTION('',(-0.,0.253359391838,-0.96737222338));
#13140 = PCURVE('',#11354,#13141);
#13141 = DEFINITIONAL_REPRESENTATION('',(#13142),#13146);
#13142 = LINE('',#13143,#13144);
#13143 = CARTESIAN_POINT('',(6.28318530718,0.));
#13144 = VECTOR('',#13145,1.);
#13145 = DIRECTION('',(0.,-1.));
#13146 = ( GEOMETRIC_REPRESENTATION_CONTEXT(2) 
PARAMETRIC_REPRESENTATION_CONTEXT() REPRESENTATION_CONTEXT('2D SPACE',''
  ) );
#13147 = PCURVE('',#11354,#13148);
#13148 = DEFINITIONAL_REPRESENTATION('',(#13149),#13153);
#13149 = LINE('',#13150,#13151);
#13150 = CARTESIAN_POINT('',(0.,0.));
#13151 = VECTOR('',#13152,1.);
#13152 = DIRECTION('',(0.,-1.));
#13153 = ( GEOMETRIC_REPRESENTATION_CONTEXT(2) 
PARAMETRIC_REPRESENTATION_CONTEXT() REPRESENTATION_CONTEXT('2D SPACE',''
  ) );
#13154 = ORIENTED_EDGE('',*,*,#11337,.T.);
#13155 = ORIENTED_EDGE('',*,*,#13134,.F.);
#13156 = ADVANCED_FACE('',(#13157),#11434,.F.);
#13157 = FACE_BOUND('',#13158,.F.);
#13158 = EDGE_LOOP('',(#13159));
#13159 = ORIENTED_EDGE('',*,*,#11419,.T.);
#13160 = ADVANCED_FACE('',(#13161),#11489,.F.);
#13161 = FACE_BOUND('',#13162,.F.);
#13162 = EDGE_LOOP('',(#13163));
#13163 = ORIENTED_EDGE('',*,*,#11474,.T.);
#13164 = ADVANCED_FACE('',(#13165),#11544,.F.);
#13165 = FACE_BOUND('',#13166,.F.);
#13166 = EDGE_LOOP('',(#13167));
#13167 = ORIENTED_EDGE('',*,*,#11529,.T.);
#13168 = ADVANCED_FACE('',(#13169),#11742,.F.);
#13169 = FACE_BOUND('',#13170,.F.);
#13170 = EDGE_LOOP('',(#13171,#13200,#13221,#13222));
#13171 = ORIENTED_EDGE('',*,*,#13172,.F.);
#13172 = EDGE_CURVE('',#13173,#13173,#13175,.T.);
#13173 = VERTEX_POINT('',#13174);
#13174 = CARTESIAN_POINT('',(-31.1,118.40624962018,68.045315780421));
#13175 = SURFACE_CURVE('',#13176,(#13181,#13188),.PCURVE_S1.);
#13176 = CIRCLE('',#13177,2.9);
#13177 = AXIS2_PLACEMENT_3D('',#13178,#13179,#13180);
#13178 = CARTESIAN_POINT('',(-34.,118.40624962018,68.045315780421));
#13179 = DIRECTION('',(0.,-0.253359391838,0.96737222338));
#13180 = DIRECTION('',(1.,0.,0.));
#13181 = PCURVE('',#11742,#13182);
#13182 = DEFINITIONAL_REPRESENTATION('',(#13183),#13187);
#13183 = LINE('',#13184,#13185);
#13184 = CARTESIAN_POINT('',(0.,0.));
#13185 = VECTOR('',#13186,1.);
#13186 = DIRECTION('',(1.,0.));
#13187 = ( GEOMETRIC_REPRESENTATION_CONTEXT(2) 
PARAMETRIC_REPRESENTATION_CONTEXT() REPRESENTATION_CONTEXT('2D SPACE',''
  ) );
#13188 = PCURVE('',#13189,#13194);
#13189 = PLANE('',#13190);
#13190 = AXIS2_PLACEMENT_3D('',#13191,#13192,#13193);
#13191 = CARTESIAN_POINT('',(-34.,118.40624962018,68.045315780421));
#13192 = DIRECTION('',(0.,-0.253359391838,0.96737222338));
#13193 = DIRECTION('',(1.,0.,0.));
#13194 = DEFINITIONAL_REPRESENTATION('',(#13195),#13199);
#13195 = CIRCLE('',#13196,2.9);
#13196 = AXIS2_PLACEMENT_2D('',#13197,#13198);
#13197 = CARTESIAN_POINT('',(1.178827700465E-16,-1.173830161754E-16));
#13198 = DIRECTION('',(1.,0.));
#13199 = ( GEOMETRIC_REPRESENTATION_CONTEXT(2) 
PARAMETRIC_REPRESENTATION_CONTEXT() REPRESENTATION_CONTEXT('2D SPACE',''
  ) );
#13200 = ORIENTED_EDGE('',*,*,#13201,.T.);
#13201 = EDGE_CURVE('',#13173,#11726,#13202,.T.);
#13202 = SEAM_CURVE('',#13203,(#13207,#13214),.PCURVE_S1.);
#13203 = LINE('',#13204,#13205);
#13204 = CARTESIAN_POINT('',(-31.1,118.40624962018,68.045315780421));
#13205 = VECTOR('',#13206,1.);
#13206 = DIRECTION('',(-0.,0.253359391838,-0.96737222338));
#13207 = PCURVE('',#11742,#13208);
#13208 = DEFINITIONAL_REPRESENTATION('',(#13209),#13213);
#13209 = LINE('',#13210,#13211);
#13210 = CARTESIAN_POINT('',(6.28318530718,0.));
#13211 = VECTOR('',#13212,1.);
#13212 = DIRECTION('',(0.,-1.));
#13213 = ( GEOMETRIC_REPRESENTATION_CONTEXT(2) 
PARAMETRIC_REPRESENTATION_CONTEXT() REPRESENTATION_CONTEXT('2D SPACE',''
  ) );
#13214 = PCURVE('',#11742,#13215);
#13215 = DEFINITIONAL_REPRESENTATION('',(#13216),#13220);
#13216 = LINE('',#13217,#13218);
#13217 = CARTESIAN_POINT('',(0.,0.));
#13218 = VECTOR('',#13219,1.);
#13219 = DIRECTION('',(0.,-1.));
#13220 = ( GEOMETRIC_REPRESENTATION_CONTEXT(2) 
PARAMETRIC_REPRESENTATION_CONTEXT() REPRESENTATION_CONTEXT('2D SPACE',''
  ) );
#13221 = ORIENTED_EDGE('',*,*,#11725,.T.);
#13222 = ORIENTED_EDGE('',*,*,#13201,.F.);
#13223 = ADVANCED_FACE('',(#13224),#11849,.F.);
#13224 = FACE_BOUND('',#13225,.F.);
#13225 = EDGE_LOOP('',(#13226));
#13226 = ORIENTED_EDGE('',*,*,#11834,.T.);
#13227 = ADVANCED_FACE('',(#13228),#12049,.F.);
#13228 = FACE_BOUND('',#13229,.T.);
#13229 = EDGE_LOOP('',(#13230,#13259,#13280,#13281));
#13230 = ORIENTED_EDGE('',*,*,#13231,.F.);
#13231 = EDGE_CURVE('',#13232,#13232,#13234,.T.);
#13232 = VERTEX_POINT('',#13233);
#13233 = CARTESIAN_POINT('',(-31.,8.586469594538,41.350448949523));
#13234 = SURFACE_CURVE('',#13235,(#13240,#13247),.PCURVE_S1.);
#13235 = CIRCLE('',#13236,3.);
#13236 = AXIS2_PLACEMENT_3D('',#13237,#13238,#13239);
#13237 = CARTESIAN_POINT('',(-34.,8.586469594538,41.350448949523));
#13238 = DIRECTION('',(0.,-0.253359391838,0.96737222338));
#13239 = DIRECTION('',(1.,0.,0.));
#13240 = PCURVE('',#12049,#13241);
#13241 = DEFINITIONAL_REPRESENTATION('',(#13242),#13246);
#13242 = LINE('',#13243,#13244);
#13243 = CARTESIAN_POINT('',(-0.,0.));
#13244 = VECTOR('',#13245,1.);
#13245 = DIRECTION('',(-1.,0.));
#13246 = ( GEOMETRIC_REPRESENTATION_CONTEXT(2) 
PARAMETRIC_REPRESENTATION_CONTEXT() REPRESENTATION_CONTEXT('2D SPACE',''
  ) );
#13247 = PCURVE('',#13248,#13253);
#13248 = PLANE('',#13249);
#13249 = AXIS2_PLACEMENT_3D('',#13250,#13251,#13252);
#13250 = CARTESIAN_POINT('',(-34.,8.586469594538,41.350448949523));
#13251 = DIRECTION('',(0.,-0.253359391838,0.96737222338));
#13252 = DIRECTION('',(1.,0.,0.));
#13253 = DEFINITIONAL_REPRESENTATION('',(#13254),#13258);
#13254 = CIRCLE('',#13255,3.);
#13255 = AXIS2_PLACEMENT_2D('',#13256,#13257);
#13256 = CARTESIAN_POINT('',(1.709300165674E-16,8.51133553645E-18));
#13257 = DIRECTION('',(1.,0.));
#13258 = ( GEOMETRIC_REPRESENTATION_CONTEXT(2) 
PARAMETRIC_REPRESENTATION_CONTEXT() REPRESENTATION_CONTEXT('2D SPACE',''
  ) );
#13259 = ORIENTED_EDGE('',*,*,#13260,.T.);
#13260 = EDGE_CURVE('',#13232,#12029,#13261,.T.);
#13261 = SEAM_CURVE('',#13262,(#13266,#13273),.PCURVE_S1.);
#13262 = LINE('',#13263,#13264);
#13263 = CARTESIAN_POINT('',(-31.,8.586469594538,41.350448949523));
#13264 = VECTOR('',#13265,1.);
#13265 = DIRECTION('',(0.,-0.253359391838,0.96737222338));
#13266 = PCURVE('',#12049,#13267);
#13267 = DEFINITIONAL_REPRESENTATION('',(#13268),#13272);
#13268 = LINE('',#13269,#13270);
#13269 = CARTESIAN_POINT('',(-6.28318530718,0.));
#13270 = VECTOR('',#13271,1.);
#13271 = DIRECTION('',(-0.,-1.));
#13272 = ( GEOMETRIC_REPRESENTATION_CONTEXT(2) 
PARAMETRIC_REPRESENTATION_CONTEXT() REPRESENTATION_CONTEXT('2D SPACE',''
  ) );
#13273 = PCURVE('',#12049,#13274);
#13274 = DEFINITIONAL_REPRESENTATION('',(#13275),#13279);
#13275 = LINE('',#13276,#13277);
#13276 = CARTESIAN_POINT('',(-0.,0.));
#13277 = VECTOR('',#13278,1.);
#13278 = DIRECTION('',(-0.,-1.));
#13279 = ( GEOMETRIC_REPRESENTATION_CONTEXT(2) 
PARAMETRIC_REPRESENTATION_CONTEXT() REPRESENTATION_CONTEXT('2D SPACE',''
  ) );
#13280 = ORIENTED_EDGE('',*,*,#12028,.F.);
#13281 = ORIENTED_EDGE('',*,*,#13260,.F.);
#13282 = ADVANCED_FACE('',(#13283),#12084,.F.);
#13283 = FACE_BOUND('',#13284,.T.);
#13284 = EDGE_LOOP('',(#13285,#13314,#13335,#13336));
#13285 = ORIENTED_EDGE('',*,*,#13286,.F.);
#13286 = EDGE_CURVE('',#13287,#13287,#13289,.T.);
#13287 = VERTEX_POINT('',#13288);
#13288 = CARTESIAN_POINT('',(37.,8.586469594538,41.350448949523));
#13289 = SURFACE_CURVE('',#13290,(#13295,#13302),.PCURVE_S1.);
#13290 = CIRCLE('',#13291,3.);
#13291 = AXIS2_PLACEMENT_3D('',#13292,#13293,#13294);
#13292 = CARTESIAN_POINT('',(34.,8.586469594538,41.350448949523));
#13293 = DIRECTION('',(0.,-0.253359391838,0.96737222338));
#13294 = DIRECTION('',(1.,0.,0.));
#13295 = PCURVE('',#12084,#13296);
#13296 = DEFINITIONAL_REPRESENTATION('',(#13297),#13301);
#13297 = LINE('',#13298,#13299);
#13298 = CARTESIAN_POINT('',(-0.,0.));
#13299 = VECTOR('',#13300,1.);
#13300 = DIRECTION('',(-1.,0.));
#13301 = ( GEOMETRIC_REPRESENTATION_CONTEXT(2) 
PARAMETRIC_REPRESENTATION_CONTEXT() REPRESENTATION_CONTEXT('2D SPACE',''
  ) );
#13302 = PCURVE('',#13303,#13308);
#13303 = PLANE('',#13304);
#13304 = AXIS2_PLACEMENT_3D('',#13305,#13306,#13307);
#13305 = CARTESIAN_POINT('',(34.,8.586469594538,41.350448949523));
#13306 = DIRECTION('',(0.,-0.253359391838,0.96737222338));
#13307 = DIRECTION('',(1.,0.,0.));
#13308 = DEFINITIONAL_REPRESENTATION('',(#13309),#13313);
#13309 = CIRCLE('',#13310,3.);
#13310 = AXIS2_PLACEMENT_2D('',#13311,#13312);
#13311 = CARTESIAN_POINT('',(1.709300165674E-16,8.51133553645E-18));
#13312 = DIRECTION('',(1.,0.));
#13313 = ( GEOMETRIC_REPRESENTATION_CONTEXT(2) 
PARAMETRIC_REPRESENTATION_CONTEXT() REPRESENTATION_CONTEXT('2D SPACE',''
  ) );
#13314 = ORIENTED_EDGE('',*,*,#13315,.T.);
#13315 = EDGE_CURVE('',#13287,#12064,#13316,.T.);
#13316 = SEAM_CURVE('',#13317,(#13321,#13328),.PCURVE_S1.);
#13317 = LINE('',#13318,#13319);
#13318 = CARTESIAN_POINT('',(37.,8.586469594538,41.350448949523));
#13319 = VECTOR('',#13320,1.);
#13320 = DIRECTION('',(0.,-0.253359391838,0.96737222338));
#13321 = PCURVE('',#12084,#13322);
#13322 = DEFINITIONAL_REPRESENTATION('',(#13323),#13327);
#13323 = LINE('',#13324,#13325);
#13324 = CARTESIAN_POINT('',(-6.28318530718,0.));
#13325 = VECTOR('',#13326,1.);
#13326 = DIRECTION('',(-0.,-1.));
#13327 = ( GEOMETRIC_REPRESENTATION_CONTEXT(2) 
PARAMETRIC_REPRESENTATION_CONTEXT() REPRESENTATION_CONTEXT('2D SPACE',''
  ) );
#13328 = PCURVE('',#12084,#13329);
#13329 = DEFINITIONAL_REPRESENTATION('',(#13330),#13334);
#13330 = LINE('',#13331,#13332);
#13331 = CARTESIAN_POINT('',(-0.,0.));
#13332 = VECTOR('',#13333,1.);
#13333 = DIRECTION('',(-0.,-1.));
#13334 = ( GEOMETRIC_REPRESENTATION_CONTEXT(2) 
PARAMETRIC_REPRESENTATION_CONTEXT() REPRESENTATION_CONTEXT('2D SPACE',''
  ) );
#13335 = ORIENTED_EDGE('',*,*,#12063,.F.);
#13336 = ORIENTED_EDGE('',*,*,#13315,.F.);
#13337 = ADVANCED_FACE('',(#13338),#12119,.F.);
#13338 = FACE_BOUND('',#13339,.T.);
#13339 = EDGE_LOOP('',(#13340,#13369,#13390,#13391));
#13340 = ORIENTED_EDGE('',*,*,#13341,.F.);
#13341 = EDGE_CURVE('',#13342,#13342,#13344,.T.);
#13342 = VERTEX_POINT('',#13343);
#13343 = CARTESIAN_POINT('',(-31.,117.8995308365,69.980060227181));
#13344 = SURFACE_CURVE('',#13345,(#13350,#13357),.PCURVE_S1.);
#13345 = CIRCLE('',#13346,3.);
#13346 = AXIS2_PLACEMENT_3D('',#13347,#13348,#13349);
#13347 = CARTESIAN_POINT('',(-34.,117.8995308365,69.980060227181));
#13348 = DIRECTION('',(0.,-0.253359391838,0.96737222338));
#13349 = DIRECTION('',(1.,0.,0.));
#13350 = PCURVE('',#12119,#13351);
#13351 = DEFINITIONAL_REPRESENTATION('',(#13352),#13356);
#13352 = LINE('',#13353,#13354);
#13353 = CARTESIAN_POINT('',(-0.,0.));
#13354 = VECTOR('',#13355,1.);
#13355 = DIRECTION('',(-1.,0.));
#13356 = ( GEOMETRIC_REPRESENTATION_CONTEXT(2) 
PARAMETRIC_REPRESENTATION_CONTEXT() REPRESENTATION_CONTEXT('2D SPACE',''
  ) );
#13357 = PCURVE('',#13358,#13363);
#13358 = PLANE('',#13359);
#13359 = AXIS2_PLACEMENT_3D('',#13360,#13361,#13362);
#13360 = CARTESIAN_POINT('',(-34.,117.8995308365,69.980060227181));
#13361 = DIRECTION('',(0.,-0.253359391838,0.96737222338));
#13362 = DIRECTION('',(1.,0.,0.));
#13363 = DEFINITIONAL_REPRESENTATION('',(#13364),#13368);
#13364 = CIRCLE('',#13365,3.);
#13365 = AXIS2_PLACEMENT_2D('',#13366,#13367);
#13366 = CARTESIAN_POINT('',(1.709300165674E-16,8.51133553645E-18));
#13367 = DIRECTION('',(1.,0.));
#13368 = ( GEOMETRIC_REPRESENTATION_CONTEXT(2) 
PARAMETRIC_REPRESENTATION_CONTEXT() REPRESENTATION_CONTEXT('2D SPACE',''
  ) );
#13369 = ORIENTED_EDGE('',*,*,#13370,.T.);
#13370 = EDGE_CURVE('',#13342,#12099,#13371,.T.);
#13371 = SEAM_CURVE('',#13372,(#13376,#13383),.PCURVE_S1.);
#13372 = LINE('',#13373,#13374);
#13373 = CARTESIAN_POINT('',(-31.,117.8995308365,69.980060227181));
#13374 = VECTOR('',#13375,1.);
#13375 = DIRECTION('',(0.,-0.253359391838,0.96737222338));
#13376 = PCURVE('',#12119,#13377);
#13377 = DEFINITIONAL_REPRESENTATION('',(#13378),#13382);
#13378 = LINE('',#13379,#13380);
#13379 = CARTESIAN_POINT('',(-6.28318530718,0.));
#13380 = VECTOR('',#13381,1.);
#13381 = DIRECTION('',(-0.,-1.));
#13382 = ( GEOMETRIC_REPRESENTATION_CONTEXT(2) 
PARAMETRIC_REPRESENTATION_CONTEXT() REPRESENTATION_CONTEXT('2D SPACE',''
  ) );
#13383 = PCURVE('',#12119,#13384);
#13384 = DEFINITIONAL_REPRESENTATION('',(#13385),#13389);
#13385 = LINE('',#13386,#13387);
#13386 = CARTESIAN_POINT('',(-0.,0.));
#13387 = VECTOR('',#13388,1.);
#13388 = DIRECTION('',(-0.,-1.));
#13389 = ( GEOMETRIC_REPRESENTATION_CONTEXT(2) 
PARAMETRIC_REPRESENTATION_CONTEXT() REPRESENTATION_CONTEXT('2D SPACE',''
  ) );
#13390 = ORIENTED_EDGE('',*,*,#12098,.F.);
#13391 = ORIENTED_EDGE('',*,*,#13370,.F.);
#13392 = ADVANCED_FACE('',(#13393),#12154,.F.);
#13393 = FACE_BOUND('',#13394,.T.);
#13394 = EDGE_LOOP('',(#13395,#13424,#13445,#13446));
#13395 = ORIENTED_EDGE('',*,*,#13396,.F.);
#13396 = EDGE_CURVE('',#13397,#13397,#13399,.T.);
#13397 = VERTEX_POINT('',#13398);
#13398 = CARTESIAN_POINT('',(37.,117.8995308365,69.980060227181));
#13399 = SURFACE_CURVE('',#13400,(#13405,#13412),.PCURVE_S1.);
#13400 = CIRCLE('',#13401,3.);
#13401 = AXIS2_PLACEMENT_3D('',#13402,#13403,#13404);
#13402 = CARTESIAN_POINT('',(34.,117.8995308365,69.980060227181));
#13403 = DIRECTION('',(0.,-0.253359391838,0.96737222338));
#13404 = DIRECTION('',(1.,0.,0.));
#13405 = PCURVE('',#12154,#13406);
#13406 = DEFINITIONAL_REPRESENTATION('',(#13407),#13411);
#13407 = LINE('',#13408,#13409);
#13408 = CARTESIAN_POINT('',(-0.,0.));
#13409 = VECTOR('',#13410,1.);
#13410 = DIRECTION('',(-1.,0.));
#13411 = ( GEOMETRIC_REPRESENTATION_CONTEXT(2) 
PARAMETRIC_REPRESENTATION_CONTEXT() REPRESENTATION_CONTEXT('2D SPACE',''
  ) );
#13412 = PCURVE('',#13413,#13418);
#13413 = PLANE('',#13414);
#13414 = AXIS2_PLACEMENT_3D('',#13415,#13416,#13417);
#13415 = CARTESIAN_POINT('',(34.,117.8995308365,69.980060227181));
#13416 = DIRECTION('',(0.,-0.253359391838,0.96737222338));
#13417 = DIRECTION('',(1.,0.,0.));
#13418 = DEFINITIONAL_REPRESENTATION('',(#13419),#13423);
#13419 = CIRCLE('',#13420,3.);
#13420 = AXIS2_PLACEMENT_2D('',#13421,#13422);
#13421 = CARTESIAN_POINT('',(1.709300165674E-16,8.51133553645E-18));
#13422 = DIRECTION('',(1.,0.));
#13423 = ( GEOMETRIC_REPRESENTATION_CONTEXT(2) 
PARAMETRIC_REPRESENTATION_CONTEXT() REPRESENTATION_CONTEXT('2D SPACE',''
  ) );
#13424 = ORIENTED_EDGE('',*,*,#13425,.T.);
#13425 = EDGE_CURVE('',#13397,#12134,#13426,.T.);
#13426 = SEAM_CURVE('',#13427,(#13431,#13438),.PCURVE_S1.);
#13427 = LINE('',#13428,#13429);
#13428 = CARTESIAN_POINT('',(37.,117.8995308365,69.980060227181));
#13429 = VECTOR('',#13430,1.);
#13430 = DIRECTION('',(0.,-0.253359391838,0.96737222338));
#13431 = PCURVE('',#12154,#13432);
#13432 = DEFINITIONAL_REPRESENTATION('',(#13433),#13437);
#13433 = LINE('',#13434,#13435);
#13434 = CARTESIAN_POINT('',(-6.28318530718,0.));
#13435 = VECTOR('',#13436,1.);
#13436 = DIRECTION('',(-0.,-1.));
#13437 = ( GEOMETRIC_REPRESENTATION_CONTEXT(2) 
PARAMETRIC_REPRESENTATION_CONTEXT() REPRESENTATION_CONTEXT('2D SPACE',''
  ) );
#13438 = PCURVE('',#12154,#13439);
#13439 = DEFINITIONAL_REPRESENTATION('',(#13440),#13444);
#13440 = LINE('',#13441,#13442);
#13441 = CARTESIAN_POINT('',(-0.,0.));
#13442 = VECTOR('',#13443,1.);
#13443 = DIRECTION('',(-0.,-1.));
#13444 = ( GEOMETRIC_REPRESENTATION_CONTEXT(2) 
PARAMETRIC_REPRESENTATION_CONTEXT() REPRESENTATION_CONTEXT('2D SPACE',''
  ) );
#13445 = ORIENTED_EDGE('',*,*,#12133,.F.);
#13446 = ORIENTED_EDGE('',*,*,#13425,.F.);
#13447 = ADVANCED_FACE('',(#13448,#13456),#12406,.F.);
#13448 = FACE_BOUND('',#13449,.F.);
#13449 = EDGE_LOOP('',(#13450,#13451,#13452,#13453,#13454,#13455));
#13450 = ORIENTED_EDGE('',*,*,#12537,.F.);
#13451 = ORIENTED_EDGE('',*,*,#12564,.T.);
#13452 = ORIENTED_EDGE('',*,*,#12613,.T.);
#13453 = ORIENTED_EDGE('',*,*,#12661,.F.);
#13454 = ORIENTED_EDGE('',*,*,#12390,.T.);
#13455 = ORIENTED_EDGE('',*,*,#12488,.F.);
#13456 = FACE_BOUND('',#13457,.F.);
#13457 = EDGE_LOOP('',(#13458));
#13458 = ORIENTED_EDGE('',*,*,#13459,.F.);
#13459 = EDGE_CURVE('',#13460,#13460,#13462,.T.);
#13460 = VERTEX_POINT('',#13461);
#13461 = CARTESIAN_POINT('',(-31.1,9.726586857808,36.997273944312));
#13462 = SURFACE_CURVE('',#13463,(#13468,#13475),.PCURVE_S1.);
#13463 = CIRCLE('',#13464,2.9);
#13464 = AXIS2_PLACEMENT_3D('',#13465,#13466,#13467);
#13465 = CARTESIAN_POINT('',(-34.,9.726586857808,36.997273944312));
#13466 = DIRECTION('',(0.,-0.253359391838,0.96737222338));
#13467 = DIRECTION('',(1.,0.,0.));
#13468 = PCURVE('',#12406,#13469);
#13469 = DEFINITIONAL_REPRESENTATION('',(#13470),#13474);
#13470 = CIRCLE('',#13471,2.9);
#13471 = AXIS2_PLACEMENT_2D('',#13472,#13473);
#13472 = CARTESIAN_POINT('',(0.,-1.211061634555E-14));
#13473 = DIRECTION('',(1.,0.));
#13474 = ( GEOMETRIC_REPRESENTATION_CONTEXT(2) 
PARAMETRIC_REPRESENTATION_CONTEXT() REPRESENTATION_CONTEXT('2D SPACE',''
  ) );
#13475 = PCURVE('',#13476,#13481);
#13476 = CYLINDRICAL_SURFACE('',#13477,2.9);
#13477 = AXIS2_PLACEMENT_3D('',#13478,#13479,#13480);
#13478 = CARTESIAN_POINT('',(-34.,9.093188378214,39.415704502762));
#13479 = DIRECTION('',(0.,-0.253359391838,0.96737222338));
#13480 = DIRECTION('',(1.,0.,0.));
#13481 = DEFINITIONAL_REPRESENTATION('',(#13482),#13486);
#13482 = LINE('',#13483,#13484);
#13483 = CARTESIAN_POINT('',(0.,-2.5));
#13484 = VECTOR('',#13485,1.);
#13485 = DIRECTION('',(1.,0.));
#13486 = ( GEOMETRIC_REPRESENTATION_CONTEXT(2) 
PARAMETRIC_REPRESENTATION_CONTEXT() REPRESENTATION_CONTEXT('2D SPACE',''
  ) );
#13487 = ADVANCED_FACE('',(#13488,#13496),#12736,.F.);
#13488 = FACE_BOUND('',#13489,.F.);
#13489 = EDGE_LOOP('',(#13490,#13491,#13492,#13493,#13494,#13495));
#13490 = ORIENTED_EDGE('',*,*,#12794,.F.);
#13491 = ORIENTED_EDGE('',*,*,#12821,.T.);
#13492 = ORIENTED_EDGE('',*,*,#12870,.T.);
#13493 = ORIENTED_EDGE('',*,*,#12940,.F.);
#13494 = ORIENTED_EDGE('',*,*,#13011,.F.);
#13495 = ORIENTED_EDGE('',*,*,#12720,.F.);
#13496 = FACE_BOUND('',#13497,.F.);
#13497 = EDGE_LOOP('',(#13498));
#13498 = ORIENTED_EDGE('',*,*,#13499,.F.);
#13499 = EDGE_CURVE('',#13500,#13500,#13502,.T.);
#13500 = VERTEX_POINT('',#13501);
#13501 = CARTESIAN_POINT('',(36.9,9.726586857808,36.997273944312));
#13502 = SURFACE_CURVE('',#13503,(#13508,#13515),.PCURVE_S1.);
#13503 = CIRCLE('',#13504,2.9);
#13504 = AXIS2_PLACEMENT_3D('',#13505,#13506,#13507);
#13505 = CARTESIAN_POINT('',(34.,9.726586857808,36.997273944312));
#13506 = DIRECTION('',(0.,-0.253359391838,0.96737222338));
#13507 = DIRECTION('',(1.,0.,0.));
#13508 = PCURVE('',#12736,#13509);
#13509 = DEFINITIONAL_REPRESENTATION('',(#13510),#13514);
#13510 = CIRCLE('',#13511,2.9);
#13511 = AXIS2_PLACEMENT_2D('',#13512,#13513);
#13512 = CARTESIAN_POINT('',(0.,-1.211061634555E-14));
#13513 = DIRECTION('',(1.,0.));
#13514 = ( GEOMETRIC_REPRESENTATION_CONTEXT(2) 
PARAMETRIC_REPRESENTATION_CONTEXT() REPRESENTATION_CONTEXT('2D SPACE',''
  ) );
#13515 = PCURVE('',#13516,#13521);
#13516 = CYLINDRICAL_SURFACE('',#13517,2.9);
#13517 = AXIS2_PLACEMENT_3D('',#13518,#13519,#13520);
#13518 = CARTESIAN_POINT('',(34.,9.093188378214,39.415704502762));
#13519 = DIRECTION('',(0.,-0.253359391838,0.96737222338));
#13520 = DIRECTION('',(1.,0.,0.));
#13521 = DEFINITIONAL_REPRESENTATION('',(#13522),#13526);
#13522 = LINE('',#13523,#13524);
#13523 = CARTESIAN_POINT('',(0.,-2.5));
#13524 = VECTOR('',#13525,1.);
#13525 = DIRECTION('',(1.,0.));
#13526 = ( GEOMETRIC_REPRESENTATION_CONTEXT(2) 
PARAMETRIC_REPRESENTATION_CONTEXT() REPRESENTATION_CONTEXT('2D SPACE',''
  ) );
#13527 = ADVANCED_FACE('',(#13528,#13531),#13122,.F.);
#13528 = FACE_BOUND('',#13529,.F.);
#13529 = EDGE_LOOP('',(#13530));
#13530 = ORIENTED_EDGE('',*,*,#13105,.T.);
#13531 = FACE_BOUND('',#13532,.F.);
#13532 = EDGE_LOOP('',(#13533));
#13533 = ORIENTED_EDGE('',*,*,#13534,.F.);
#13534 = EDGE_CURVE('',#13535,#13535,#13537,.T.);
#13535 = VERTEX_POINT('',#13536);
#13536 = CARTESIAN_POINT('',(35.5,118.40624962018,68.045315780421));
#13537 = SURFACE_CURVE('',#13538,(#13543,#13550),.PCURVE_S1.);
#13538 = CIRCLE('',#13539,1.5);
#13539 = AXIS2_PLACEMENT_3D('',#13540,#13541,#13542);
#13540 = CARTESIAN_POINT('',(34.,118.40624962018,68.045315780421));
#13541 = DIRECTION('',(0.,-0.253359391838,0.96737222338));
#13542 = DIRECTION('',(1.,0.,0.));
#13543 = PCURVE('',#13122,#13544);
#13544 = DEFINITIONAL_REPRESENTATION('',(#13545),#13549);
#13545 = CIRCLE('',#13546,1.5);
#13546 = AXIS2_PLACEMENT_2D('',#13547,#13548);
#13547 = CARTESIAN_POINT('',(0.,0.));
#13548 = DIRECTION('',(1.,0.));
#13549 = ( GEOMETRIC_REPRESENTATION_CONTEXT(2) 
PARAMETRIC_REPRESENTATION_CONTEXT() REPRESENTATION_CONTEXT('2D SPACE',''
  ) );
#13550 = PCURVE('',#13551,#13556);
#13551 = CYLINDRICAL_SURFACE('',#13552,1.5);
#13552 = AXIS2_PLACEMENT_3D('',#13553,#13554,#13555);
#13553 = CARTESIAN_POINT('',(34.,119.72371845773,63.014980218843));
#13554 = DIRECTION('',(0.,-0.253359391838,0.96737222338));
#13555 = DIRECTION('',(1.,0.,0.));
#13556 = DEFINITIONAL_REPRESENTATION('',(#13557),#13561);
#13557 = LINE('',#13558,#13559);
#13558 = CARTESIAN_POINT('',(0.,5.2));
#13559 = VECTOR('',#13560,1.);
#13560 = DIRECTION('',(1.,0.));
#13561 = ( GEOMETRIC_REPRESENTATION_CONTEXT(2) 
PARAMETRIC_REPRESENTATION_CONTEXT() REPRESENTATION_CONTEXT('2D SPACE',''
  ) );
#13562 = ADVANCED_FACE('',(#13563,#13566),#13189,.F.);
#13563 = FACE_BOUND('',#13564,.F.);
#13564 = EDGE_LOOP('',(#13565));
#13565 = ORIENTED_EDGE('',*,*,#13172,.T.);
#13566 = FACE_BOUND('',#13567,.F.);
#13567 = EDGE_LOOP('',(#13568));
#13568 = ORIENTED_EDGE('',*,*,#13569,.F.);
#13569 = EDGE_CURVE('',#13570,#13570,#13572,.T.);
#13570 = VERTEX_POINT('',#13571);
#13571 = CARTESIAN_POINT('',(-32.5,118.40624962018,68.045315780421));
#13572 = SURFACE_CURVE('',#13573,(#13578,#13585),.PCURVE_S1.);
#13573 = CIRCLE('',#13574,1.5);
#13574 = AXIS2_PLACEMENT_3D('',#13575,#13576,#13577);
#13575 = CARTESIAN_POINT('',(-34.,118.40624962018,68.045315780421));
#13576 = DIRECTION('',(0.,-0.253359391838,0.96737222338));
#13577 = DIRECTION('',(1.,0.,0.));
#13578 = PCURVE('',#13189,#13579);
#13579 = DEFINITIONAL_REPRESENTATION('',(#13580),#13584);
#13580 = CIRCLE('',#13581,1.5);
#13581 = AXIS2_PLACEMENT_2D('',#13582,#13583);
#13582 = CARTESIAN_POINT('',(0.,0.));
#13583 = DIRECTION('',(1.,0.));
#13584 = ( GEOMETRIC_REPRESENTATION_CONTEXT(2) 
PARAMETRIC_REPRESENTATION_CONTEXT() REPRESENTATION_CONTEXT('2D SPACE',''
  ) );
#13585 = PCURVE('',#13586,#13591);
#13586 = CYLINDRICAL_SURFACE('',#13587,1.5);
#13587 = AXIS2_PLACEMENT_3D('',#13588,#13589,#13590);
#13588 = CARTESIAN_POINT('',(-34.,119.72371845773,63.014980218843));
#13589 = DIRECTION('',(0.,-0.253359391838,0.96737222338));
#13590 = DIRECTION('',(1.,0.,0.));
#13591 = DEFINITIONAL_REPRESENTATION('',(#13592),#13596);
#13592 = LINE('',#13593,#13594);
#13593 = CARTESIAN_POINT('',(0.,5.2));
#13594 = VECTOR('',#13595,1.);
#13595 = DIRECTION('',(1.,0.));
#13596 = ( GEOMETRIC_REPRESENTATION_CONTEXT(2) 
PARAMETRIC_REPRESENTATION_CONTEXT() REPRESENTATION_CONTEXT('2D SPACE',''
  ) );
#13597 = ADVANCED_FACE('',(#13598,#13601),#13248,.T.);
#13598 = FACE_BOUND('',#13599,.T.);
#13599 = EDGE_LOOP('',(#13600));
#13600 = ORIENTED_EDGE('',*,*,#13231,.T.);
#13601 = FACE_BOUND('',#13602,.T.);
#13602 = EDGE_LOOP('',(#13603));
#13603 = ORIENTED_EDGE('',*,*,#13604,.F.);
#13604 = EDGE_CURVE('',#13605,#13605,#13607,.T.);
#13605 = VERTEX_POINT('',#13606);
#13606 = CARTESIAN_POINT('',(-32.5,8.586469594538,41.350448949523));
#13607 = SURFACE_CURVE('',#13608,(#13613,#13620),.PCURVE_S1.);
#13608 = CIRCLE('',#13609,1.5);
#13609 = AXIS2_PLACEMENT_3D('',#13610,#13611,#13612);
#13610 = CARTESIAN_POINT('',(-34.,8.586469594538,41.350448949523));
#13611 = DIRECTION('',(0.,-0.253359391838,0.96737222338));
#13612 = DIRECTION('',(1.,0.,0.));
#13613 = PCURVE('',#13248,#13614);
#13614 = DEFINITIONAL_REPRESENTATION('',(#13615),#13619);
#13615 = CIRCLE('',#13616,1.5);
#13616 = AXIS2_PLACEMENT_2D('',#13617,#13618);
#13617 = CARTESIAN_POINT('',(0.,-1.718398265247E-15));
#13618 = DIRECTION('',(1.,0.));
#13619 = ( GEOMETRIC_REPRESENTATION_CONTEXT(2) 
PARAMETRIC_REPRESENTATION_CONTEXT() REPRESENTATION_CONTEXT('2D SPACE',''
  ) );
#13620 = PCURVE('',#13621,#13626);
#13621 = CYLINDRICAL_SURFACE('',#13622,1.5);
#13622 = AXIS2_PLACEMENT_3D('',#13623,#13624,#13625);
#13623 = CARTESIAN_POINT('',(-34.,10.41065721577,34.385368941185));
#13624 = DIRECTION('',(0.,-0.253359391838,0.96737222338));
#13625 = DIRECTION('',(1.,0.,0.));
#13626 = DEFINITIONAL_REPRESENTATION('',(#13627),#13631);
#13627 = LINE('',#13628,#13629);
#13628 = CARTESIAN_POINT('',(0.,7.2));
#13629 = VECTOR('',#13630,1.);
#13630 = DIRECTION('',(1.,0.));
#13631 = ( GEOMETRIC_REPRESENTATION_CONTEXT(2) 
PARAMETRIC_REPRESENTATION_CONTEXT() REPRESENTATION_CONTEXT('2D SPACE',''
  ) );
#13632 = ADVANCED_FACE('',(#13633,#13636),#13303,.T.);
#13633 = FACE_BOUND('',#13634,.T.);
#13634 = EDGE_LOOP('',(#13635));
#13635 = ORIENTED_EDGE('',*,*,#13286,.T.);
#13636 = FACE_BOUND('',#13637,.T.);
#13637 = EDGE_LOOP('',(#13638));
#13638 = ORIENTED_EDGE('',*,*,#13639,.F.);
#13639 = EDGE_CURVE('',#13640,#13640,#13642,.T.);
#13640 = VERTEX_POINT('',#13641);
#13641 = CARTESIAN_POINT('',(35.5,8.586469594538,41.350448949523));
#13642 = SURFACE_CURVE('',#13643,(#13648,#13655),.PCURVE_S1.);
#13643 = CIRCLE('',#13644,1.5);
#13644 = AXIS2_PLACEMENT_3D('',#13645,#13646,#13647);
#13645 = CARTESIAN_POINT('',(34.,8.586469594538,41.350448949523));
#13646 = DIRECTION('',(0.,-0.253359391838,0.96737222338));
#13647 = DIRECTION('',(1.,0.,0.));
#13648 = PCURVE('',#13303,#13649);
#13649 = DEFINITIONAL_REPRESENTATION('',(#13650),#13654);
#13650 = CIRCLE('',#13651,1.5);
#13651 = AXIS2_PLACEMENT_2D('',#13652,#13653);
#13652 = CARTESIAN_POINT('',(0.,-1.718398265247E-15));
#13653 = DIRECTION('',(1.,0.));
#13654 = ( GEOMETRIC_REPRESENTATION_CONTEXT(2) 
PARAMETRIC_REPRESENTATION_CONTEXT() REPRESENTATION_CONTEXT('2D SPACE',''
  ) );
#13655 = PCURVE('',#13656,#13661);
#13656 = CYLINDRICAL_SURFACE('',#13657,1.5);
#13657 = AXIS2_PLACEMENT_3D('',#13658,#13659,#13660);
#13658 = CARTESIAN_POINT('',(34.,10.41065721577,34.385368941185));
#13659 = DIRECTION('',(0.,-0.253359391838,0.96737222338));
#13660 = DIRECTION('',(1.,0.,0.));
#13661 = DEFINITIONAL_REPRESENTATION('',(#13662),#13666);
#13662 = LINE('',#13663,#13664);
#13663 = CARTESIAN_POINT('',(0.,7.2));
#13664 = VECTOR('',#13665,1.);
#13665 = DIRECTION('',(1.,0.));
#13666 = ( GEOMETRIC_REPRESENTATION_CONTEXT(2) 
PARAMETRIC_REPRESENTATION_CONTEXT() REPRESENTATION_CONTEXT('2D SPACE',''
  ) );
#13667 = ADVANCED_FACE('',(#13668,#13671),#13358,.T.);
#13668 = FACE_BOUND('',#13669,.T.);
#13669 = EDGE_LOOP('',(#13670));
#13670 = ORIENTED_EDGE('',*,*,#13341,.T.);
#13671 = FACE_BOUND('',#13672,.T.);
#13672 = EDGE_LOOP('',(#13673));
#13673 = ORIENTED_EDGE('',*,*,#13674,.F.);
#13674 = EDGE_CURVE('',#13675,#13675,#13677,.T.);
#13675 = VERTEX_POINT('',#13676);
#13676 = CARTESIAN_POINT('',(-32.5,117.8995308365,69.980060227181));
#13677 = SURFACE_CURVE('',#13678,(#13683,#13690),.PCURVE_S1.);
#13678 = CIRCLE('',#13679,1.5);
#13679 = AXIS2_PLACEMENT_3D('',#13680,#13681,#13682);
#13680 = CARTESIAN_POINT('',(-34.,117.8995308365,69.980060227181));
#13681 = DIRECTION('',(0.,-0.253359391838,0.96737222338));
#13682 = DIRECTION('',(1.,0.,0.));
#13683 = PCURVE('',#13358,#13684);
#13684 = DEFINITIONAL_REPRESENTATION('',(#13685),#13689);
#13685 = CIRCLE('',#13686,1.5);
#13686 = AXIS2_PLACEMENT_2D('',#13687,#13688);
#13687 = CARTESIAN_POINT('',(0.,0.));
#13688 = DIRECTION('',(1.,0.));
#13689 = ( GEOMETRIC_REPRESENTATION_CONTEXT(2) 
PARAMETRIC_REPRESENTATION_CONTEXT() REPRESENTATION_CONTEXT('2D SPACE',''
  ) );
#13690 = PCURVE('',#13586,#13691);
#13691 = DEFINITIONAL_REPRESENTATION('',(#13692),#13696);
#13692 = LINE('',#13693,#13694);
#13693 = CARTESIAN_POINT('',(0.,7.2));
#13694 = VECTOR('',#13695,1.);
#13695 = DIRECTION('',(1.,0.));
#13696 = ( GEOMETRIC_REPRESENTATION_CONTEXT(2) 
PARAMETRIC_REPRESENTATION_CONTEXT() REPRESENTATION_CONTEXT('2D SPACE',''
  ) );
#13697 = ADVANCED_FACE('',(#13698,#13701),#13413,.T.);
#13698 = FACE_BOUND('',#13699,.T.);
#13699 = EDGE_LOOP('',(#13700));
#13700 = ORIENTED_EDGE('',*,*,#13396,.T.);
#13701 = FACE_BOUND('',#13702,.T.);
#13702 = EDGE_LOOP('',(#13703));
#13703 = ORIENTED_EDGE('',*,*,#13704,.F.);
#13704 = EDGE_CURVE('',#13705,#13705,#13707,.T.);
#13705 = VERTEX_POINT('',#13706);
#13706 = CARTESIAN_POINT('',(35.5,117.8995308365,69.980060227181));
#13707 = SURFACE_CURVE('',#13708,(#13713,#13720),.PCURVE_S1.);
#13708 = CIRCLE('',#13709,1.5);
#13709 = AXIS2_PLACEMENT_3D('',#13710,#13711,#13712);
#13710 = CARTESIAN_POINT('',(34.,117.8995308365,69.980060227181));
#13711 = DIRECTION('',(0.,-0.253359391838,0.96737222338));
#13712 = DIRECTION('',(1.,0.,0.));
#13713 = PCURVE('',#13413,#13714);
#13714 = DEFINITIONAL_REPRESENTATION('',(#13715),#13719);
#13715 = CIRCLE('',#13716,1.5);
#13716 = AXIS2_PLACEMENT_2D('',#13717,#13718);
#13717 = CARTESIAN_POINT('',(0.,0.));
#13718 = DIRECTION('',(1.,0.));
#13719 = ( GEOMETRIC_REPRESENTATION_CONTEXT(2) 
PARAMETRIC_REPRESENTATION_CONTEXT() REPRESENTATION_CONTEXT('2D SPACE',''
  ) );
#13720 = PCURVE('',#13551,#13721);
#13721 = DEFINITIONAL_REPRESENTATION('',(#13722),#13726);
#13722 = LINE('',#13723,#13724);
#13723 = CARTESIAN_POINT('',(0.,7.2));
#13724 = VECTOR('',#13725,1.);
#13725 = DIRECTION('',(1.,0.));
#13726 = ( GEOMETRIC_REPRESENTATION_CONTEXT(2) 
PARAMETRIC_REPRESENTATION_CONTEXT() REPRESENTATION_CONTEXT('2D SPACE',''
  ) );
#13727 = ADVANCED_FACE('',(#13728),#13476,.F.);
#13728 = FACE_BOUND('',#13729,.F.);
#13729 = EDGE_LOOP('',(#13730,#13759,#13780,#13781));
#13730 = ORIENTED_EDGE('',*,*,#13731,.F.);
#13731 = EDGE_CURVE('',#13732,#13732,#13734,.T.);
#13732 = VERTEX_POINT('',#13733);
#13733 = CARTESIAN_POINT('',(-31.1,9.093188378214,39.415704502762));
#13734 = SURFACE_CURVE('',#13735,(#13740,#13747),.PCURVE_S1.);
#13735 = CIRCLE('',#13736,2.9);
#13736 = AXIS2_PLACEMENT_3D('',#13737,#13738,#13739);
#13737 = CARTESIAN_POINT('',(-34.,9.093188378214,39.415704502762));
#13738 = DIRECTION('',(0.,-0.253359391838,0.96737222338));
#13739 = DIRECTION('',(1.,0.,0.));
#13740 = PCURVE('',#13476,#13741);
#13741 = DEFINITIONAL_REPRESENTATION('',(#13742),#13746);
#13742 = LINE('',#13743,#13744);
#13743 = CARTESIAN_POINT('',(0.,0.));
#13744 = VECTOR('',#13745,1.);
#13745 = DIRECTION('',(1.,0.));
#13746 = ( GEOMETRIC_REPRESENTATION_CONTEXT(2) 
PARAMETRIC_REPRESENTATION_CONTEXT() REPRESENTATION_CONTEXT('2D SPACE',''
  ) );
#13747 = PCURVE('',#13748,#13753);
#13748 = PLANE('',#13749);
#13749 = AXIS2_PLACEMENT_3D('',#13750,#13751,#13752);
#13750 = CARTESIAN_POINT('',(-34.,9.093188378214,39.415704502762));
#13751 = DIRECTION('',(0.,-0.253359391838,0.96737222338));
#13752 = DIRECTION('',(1.,0.,0.));
#13753 = DEFINITIONAL_REPRESENTATION('',(#13754),#13758);
#13754 = CIRCLE('',#13755,2.9);
#13755 = AXIS2_PLACEMENT_2D('',#13756,#13757);
#13756 = CARTESIAN_POINT('',(1.178827700465E-16,-1.173830161754E-16));
#13757 = DIRECTION('',(1.,0.));
#13758 = ( GEOMETRIC_REPRESENTATION_CONTEXT(2) 
PARAMETRIC_REPRESENTATION_CONTEXT() REPRESENTATION_CONTEXT('2D SPACE',''
  ) );
#13759 = ORIENTED_EDGE('',*,*,#13760,.T.);
#13760 = EDGE_CURVE('',#13732,#13460,#13761,.T.);
#13761 = SEAM_CURVE('',#13762,(#13766,#13773),.PCURVE_S1.);
#13762 = LINE('',#13763,#13764);
#13763 = CARTESIAN_POINT('',(-31.1,9.093188378214,39.415704502762));
#13764 = VECTOR('',#13765,1.);
#13765 = DIRECTION('',(-0.,0.253359391838,-0.96737222338));
#13766 = PCURVE('',#13476,#13767);
#13767 = DEFINITIONAL_REPRESENTATION('',(#13768),#13772);
#13768 = LINE('',#13769,#13770);
#13769 = CARTESIAN_POINT('',(6.28318530718,0.));
#13770 = VECTOR('',#13771,1.);
#13771 = DIRECTION('',(0.,-1.));
#13772 = ( GEOMETRIC_REPRESENTATION_CONTEXT(2) 
PARAMETRIC_REPRESENTATION_CONTEXT() REPRESENTATION_CONTEXT('2D SPACE',''
  ) );
#13773 = PCURVE('',#13476,#13774);
#13774 = DEFINITIONAL_REPRESENTATION('',(#13775),#13779);
#13775 = LINE('',#13776,#13777);
#13776 = CARTESIAN_POINT('',(0.,0.));
#13777 = VECTOR('',#13778,1.);
#13778 = DIRECTION('',(0.,-1.));
#13779 = ( GEOMETRIC_REPRESENTATION_CONTEXT(2) 
PARAMETRIC_REPRESENTATION_CONTEXT() REPRESENTATION_CONTEXT('2D SPACE',''
  ) );
#13780 = ORIENTED_EDGE('',*,*,#13459,.T.);
#13781 = ORIENTED_EDGE('',*,*,#13760,.F.);
#13782 = ADVANCED_FACE('',(#13783),#13516,.F.);
#13783 = FACE_BOUND('',#13784,.F.);
#13784 = EDGE_LOOP('',(#13785,#13814,#13835,#13836));
#13785 = ORIENTED_EDGE('',*,*,#13786,.F.);
#13786 = EDGE_CURVE('',#13787,#13787,#13789,.T.);
#13787 = VERTEX_POINT('',#13788);
#13788 = CARTESIAN_POINT('',(36.9,9.093188378214,39.415704502762));
#13789 = SURFACE_CURVE('',#13790,(#13795,#13802),.PCURVE_S1.);
#13790 = CIRCLE('',#13791,2.9);
#13791 = AXIS2_PLACEMENT_3D('',#13792,#13793,#13794);
#13792 = CARTESIAN_POINT('',(34.,9.093188378214,39.415704502762));
#13793 = DIRECTION('',(0.,-0.253359391838,0.96737222338));
#13794 = DIRECTION('',(1.,0.,0.));
#13795 = PCURVE('',#13516,#13796);
#13796 = DEFINITIONAL_REPRESENTATION('',(#13797),#13801);
#13797 = LINE('',#13798,#13799);
#13798 = CARTESIAN_POINT('',(0.,0.));
#13799 = VECTOR('',#13800,1.);
#13800 = DIRECTION('',(1.,0.));
#13801 = ( GEOMETRIC_REPRESENTATION_CONTEXT(2) 
PARAMETRIC_REPRESENTATION_CONTEXT() REPRESENTATION_CONTEXT('2D SPACE',''
  ) );
#13802 = PCURVE('',#13803,#13808);
#13803 = PLANE('',#13804);
#13804 = AXIS2_PLACEMENT_3D('',#13805,#13806,#13807);
#13805 = CARTESIAN_POINT('',(34.,9.093188378214,39.415704502762));
#13806 = DIRECTION('',(0.,-0.253359391838,0.96737222338));
#13807 = DIRECTION('',(1.,0.,0.));
#13808 = DEFINITIONAL_REPRESENTATION('',(#13809),#13813);
#13809 = CIRCLE('',#13810,2.9);
#13810 = AXIS2_PLACEMENT_2D('',#13811,#13812);
#13811 = CARTESIAN_POINT('',(1.178827700465E-16,-1.173830161754E-16));
#13812 = DIRECTION('',(1.,0.));
#13813 = ( GEOMETRIC_REPRESENTATION_CONTEXT(2) 
PARAMETRIC_REPRESENTATION_CONTEXT() REPRESENTATION_CONTEXT('2D SPACE',''
  ) );
#13814 = ORIENTED_EDGE('',*,*,#13815,.T.);
#13815 = EDGE_CURVE('',#13787,#13500,#13816,.T.);
#13816 = SEAM_CURVE('',#13817,(#13821,#13828),.PCURVE_S1.);
#13817 = LINE('',#13818,#13819);
#13818 = CARTESIAN_POINT('',(36.9,9.093188378214,39.415704502762));
#13819 = VECTOR('',#13820,1.);
#13820 = DIRECTION('',(-0.,0.253359391838,-0.96737222338));
#13821 = PCURVE('',#13516,#13822);
#13822 = DEFINITIONAL_REPRESENTATION('',(#13823),#13827);
#13823 = LINE('',#13824,#13825);
#13824 = CARTESIAN_POINT('',(6.28318530718,0.));
#13825 = VECTOR('',#13826,1.);
#13826 = DIRECTION('',(0.,-1.));
#13827 = ( GEOMETRIC_REPRESENTATION_CONTEXT(2) 
PARAMETRIC_REPRESENTATION_CONTEXT() REPRESENTATION_CONTEXT('2D SPACE',''
  ) );
#13828 = PCURVE('',#13516,#13829);
#13829 = DEFINITIONAL_REPRESENTATION('',(#13830),#13834);
#13830 = LINE('',#13831,#13832);
#13831 = CARTESIAN_POINT('',(0.,0.));
#13832 = VECTOR('',#13833,1.);
#13833 = DIRECTION('',(0.,-1.));
#13834 = ( GEOMETRIC_REPRESENTATION_CONTEXT(2) 
PARAMETRIC_REPRESENTATION_CONTEXT() REPRESENTATION_CONTEXT('2D SPACE',''
  ) );
#13835 = ORIENTED_EDGE('',*,*,#13499,.T.);
#13836 = ORIENTED_EDGE('',*,*,#13815,.F.);
#13837 = ADVANCED_FACE('',(#13838),#13551,.F.);
#13838 = FACE_BOUND('',#13839,.F.);
#13839 = EDGE_LOOP('',(#13840,#13841,#13862,#13863));
#13840 = ORIENTED_EDGE('',*,*,#13534,.T.);
#13841 = ORIENTED_EDGE('',*,*,#13842,.T.);
#13842 = EDGE_CURVE('',#13535,#13705,#13843,.T.);
#13843 = SEAM_CURVE('',#13844,(#13848,#13855),.PCURVE_S1.);
#13844 = LINE('',#13845,#13846);
#13845 = CARTESIAN_POINT('',(35.5,124.79090629449,43.667535751238));
#13846 = VECTOR('',#13847,1.);
#13847 = DIRECTION('',(0.,-0.253359391838,0.96737222338));
#13848 = PCURVE('',#13551,#13849);
#13849 = DEFINITIONAL_REPRESENTATION('',(#13850),#13854);
#13850 = LINE('',#13851,#13852);
#13851 = CARTESIAN_POINT('',(0.,-20.));
#13852 = VECTOR('',#13853,1.);
#13853 = DIRECTION('',(-0.,1.));
#13854 = ( GEOMETRIC_REPRESENTATION_CONTEXT(2) 
PARAMETRIC_REPRESENTATION_CONTEXT() REPRESENTATION_CONTEXT('2D SPACE',''
  ) );
#13855 = PCURVE('',#13551,#13856);
#13856 = DEFINITIONAL_REPRESENTATION('',(#13857),#13861);
#13857 = LINE('',#13858,#13859);
#13858 = CARTESIAN_POINT('',(6.28318530718,-20.));
#13859 = VECTOR('',#13860,1.);
#13860 = DIRECTION('',(-0.,1.));
#13861 = ( GEOMETRIC_REPRESENTATION_CONTEXT(2) 
PARAMETRIC_REPRESENTATION_CONTEXT() REPRESENTATION_CONTEXT('2D SPACE',''
  ) );
#13862 = ORIENTED_EDGE('',*,*,#13704,.F.);
#13863 = ORIENTED_EDGE('',*,*,#13842,.F.);
#13864 = ADVANCED_FACE('',(#13865),#13586,.F.);
#13865 = FACE_BOUND('',#13866,.F.);
#13866 = EDGE_LOOP('',(#13867,#13868,#13889,#13890));
#13867 = ORIENTED_EDGE('',*,*,#13569,.T.);
#13868 = ORIENTED_EDGE('',*,*,#13869,.T.);
#13869 = EDGE_CURVE('',#13570,#13675,#13870,.T.);
#13870 = SEAM_CURVE('',#13871,(#13875,#13882),.PCURVE_S1.);
#13871 = LINE('',#13872,#13873);
#13872 = CARTESIAN_POINT('',(-32.5,124.79090629449,43.667535751238));
#13873 = VECTOR('',#13874,1.);
#13874 = DIRECTION('',(0.,-0.253359391838,0.96737222338));
#13875 = PCURVE('',#13586,#13876);
#13876 = DEFINITIONAL_REPRESENTATION('',(#13877),#13881);
#13877 = LINE('',#13878,#13879);
#13878 = CARTESIAN_POINT('',(0.,-20.));
#13879 = VECTOR('',#13880,1.);
#13880 = DIRECTION('',(-0.,1.));
#13881 = ( GEOMETRIC_REPRESENTATION_CONTEXT(2) 
PARAMETRIC_REPRESENTATION_CONTEXT() REPRESENTATION_CONTEXT('2D SPACE',''
  ) );
#13882 = PCURVE('',#13586,#13883);
#13883 = DEFINITIONAL_REPRESENTATION('',(#13884),#13888);
#13884 = LINE('',#13885,#13886);
#13885 = CARTESIAN_POINT('',(6.28318530718,-20.));
#13886 = VECTOR('',#13887,1.);
#13887 = DIRECTION('',(-0.,1.));
#13888 = ( GEOMETRIC_REPRESENTATION_CONTEXT(2) 
PARAMETRIC_REPRESENTATION_CONTEXT() REPRESENTATION_CONTEXT('2D SPACE',''
  ) );
#13889 = ORIENTED_EDGE('',*,*,#13674,.F.);
#13890 = ORIENTED_EDGE('',*,*,#13869,.F.);
#13891 = ADVANCED_FACE('',(#13892),#13621,.F.);
#13892 = FACE_BOUND('',#13893,.F.);
#13893 = EDGE_LOOP('',(#13894,#13918,#13939,#13940));
#13894 = ORIENTED_EDGE('',*,*,#13895,.T.);
#13895 = EDGE_CURVE('',#13896,#13896,#13898,.T.);
#13896 = VERTEX_POINT('',#13897);
#13897 = CARTESIAN_POINT('',(-32.5,9.093188378214,39.415704502762));
#13898 = SURFACE_CURVE('',#13899,(#13904,#13911),.PCURVE_S1.);
#13899 = CIRCLE('',#13900,1.5);
#13900 = AXIS2_PLACEMENT_3D('',#13901,#13902,#13903);
#13901 = CARTESIAN_POINT('',(-34.,9.093188378214,39.415704502762));
#13902 = DIRECTION('',(0.,-0.253359391838,0.96737222338));
#13903 = DIRECTION('',(1.,0.,0.));
#13904 = PCURVE('',#13621,#13905);
#13905 = DEFINITIONAL_REPRESENTATION('',(#13906),#13910);
#13906 = LINE('',#13907,#13908);
#13907 = CARTESIAN_POINT('',(0.,5.2));
#13908 = VECTOR('',#13909,1.);
#13909 = DIRECTION('',(1.,0.));
#13910 = ( GEOMETRIC_REPRESENTATION_CONTEXT(2) 
PARAMETRIC_REPRESENTATION_CONTEXT() REPRESENTATION_CONTEXT('2D SPACE',''
  ) );
#13911 = PCURVE('',#13748,#13912);
#13912 = DEFINITIONAL_REPRESENTATION('',(#13913),#13917);
#13913 = CIRCLE('',#13914,1.5);
#13914 = AXIS2_PLACEMENT_2D('',#13915,#13916);
#13915 = CARTESIAN_POINT('',(0.,-1.718398265247E-15));
#13916 = DIRECTION('',(1.,0.));
#13917 = ( GEOMETRIC_REPRESENTATION_CONTEXT(2) 
PARAMETRIC_REPRESENTATION_CONTEXT() REPRESENTATION_CONTEXT('2D SPACE',''
  ) );
#13918 = ORIENTED_EDGE('',*,*,#13919,.T.);
#13919 = EDGE_CURVE('',#13896,#13605,#13920,.T.);
#13920 = SEAM_CURVE('',#13921,(#13925,#13932),.PCURVE_S1.);
#13921 = LINE('',#13922,#13923);
#13922 = CARTESIAN_POINT('',(-32.5,15.477845052523,15.03792447358));
#13923 = VECTOR('',#13924,1.);
#13924 = DIRECTION('',(0.,-0.253359391838,0.96737222338));
#13925 = PCURVE('',#13621,#13926);
#13926 = DEFINITIONAL_REPRESENTATION('',(#13927),#13931);
#13927 = LINE('',#13928,#13929);
#13928 = CARTESIAN_POINT('',(0.,-20.));
#13929 = VECTOR('',#13930,1.);
#13930 = DIRECTION('',(-0.,1.));
#13931 = ( GEOMETRIC_REPRESENTATION_CONTEXT(2) 
PARAMETRIC_REPRESENTATION_CONTEXT() REPRESENTATION_CONTEXT('2D SPACE',''
  ) );
#13932 = PCURVE('',#13621,#13933);
#13933 = DEFINITIONAL_REPRESENTATION('',(#13934),#13938);
#13934 = LINE('',#13935,#13936);
#13935 = CARTESIAN_POINT('',(6.28318530718,-20.));
#13936 = VECTOR('',#13937,1.);
#13937 = DIRECTION('',(-0.,1.));
#13938 = ( GEOMETRIC_REPRESENTATION_CONTEXT(2) 
PARAMETRIC_REPRESENTATION_CONTEXT() REPRESENTATION_CONTEXT('2D SPACE',''
  ) );
#13939 = ORIENTED_EDGE('',*,*,#13604,.F.);
#13940 = ORIENTED_EDGE('',*,*,#13919,.F.);
#13941 = ADVANCED_FACE('',(#13942),#13656,.F.);
#13942 = FACE_BOUND('',#13943,.F.);
#13943 = EDGE_LOOP('',(#13944,#13968,#13989,#13990));
#13944 = ORIENTED_EDGE('',*,*,#13945,.T.);
#13945 = EDGE_CURVE('',#13946,#13946,#13948,.T.);
#13946 = VERTEX_POINT('',#13947);
#13947 = CARTESIAN_POINT('',(35.5,9.093188378214,39.415704502762));
#13948 = SURFACE_CURVE('',#13949,(#13954,#13961),.PCURVE_S1.);
#13949 = CIRCLE('',#13950,1.5);
#13950 = AXIS2_PLACEMENT_3D('',#13951,#13952,#13953);
#13951 = CARTESIAN_POINT('',(34.,9.093188378214,39.415704502762));
#13952 = DIRECTION('',(0.,-0.253359391838,0.96737222338));
#13953 = DIRECTION('',(1.,0.,0.));
#13954 = PCURVE('',#13656,#13955);
#13955 = DEFINITIONAL_REPRESENTATION('',(#13956),#13960);
#13956 = LINE('',#13957,#13958);
#13957 = CARTESIAN_POINT('',(0.,5.2));
#13958 = VECTOR('',#13959,1.);
#13959 = DIRECTION('',(1.,0.));
#13960 = ( GEOMETRIC_REPRESENTATION_CONTEXT(2) 
PARAMETRIC_REPRESENTATION_CONTEXT() REPRESENTATION_CONTEXT('2D SPACE',''
  ) );
#13961 = PCURVE('',#13803,#13962);
#13962 = DEFINITIONAL_REPRESENTATION('',(#13963),#13967);
#13963 = CIRCLE('',#13964,1.5);
#13964 = AXIS2_PLACEMENT_2D('',#13965,#13966);
#13965 = CARTESIAN_POINT('',(0.,-1.718398265247E-15));
#13966 = DIRECTION('',(1.,0.));
#13967 = ( GEOMETRIC_REPRESENTATION_CONTEXT(2) 
PARAMETRIC_REPRESENTATION_CONTEXT() REPRESENTATION_CONTEXT('2D SPACE',''
  ) );
#13968 = ORIENTED_EDGE('',*,*,#13969,.T.);
#13969 = EDGE_CURVE('',#13946,#13640,#13970,.T.);
#13970 = SEAM_CURVE('',#13971,(#13975,#13982),.PCURVE_S1.);
#13971 = LINE('',#13972,#13973);
#13972 = CARTESIAN_POINT('',(35.5,15.477845052523,15.03792447358));
#13973 = VECTOR('',#13974,1.);
#13974 = DIRECTION('',(0.,-0.253359391838,0.96737222338));
#13975 = PCURVE('',#13656,#13976);
#13976 = DEFINITIONAL_REPRESENTATION('',(#13977),#13981);
#13977 = LINE('',#13978,#13979);
#13978 = CARTESIAN_POINT('',(0.,-20.));
#13979 = VECTOR('',#13980,1.);
#13980 = DIRECTION('',(-0.,1.));
#13981 = ( GEOMETRIC_REPRESENTATION_CONTEXT(2) 
PARAMETRIC_REPRESENTATION_CONTEXT() REPRESENTATION_CONTEXT('2D SPACE',''
  ) );
#13982 = PCURVE('',#13656,#13983);
#13983 = DEFINITIONAL_REPRESENTATION('',(#13984),#13988);
#13984 = LINE('',#13985,#13986);
#13985 = CARTESIAN_POINT('',(6.28318530718,-20.));
#13986 = VECTOR('',#13987,1.);
#13987 = DIRECTION('',(-0.,1.));
#13988 = ( GEOMETRIC_REPRESENTATION_CONTEXT(2) 
PARAMETRIC_REPRESENTATION_CONTEXT() REPRESENTATION_CONTEXT('2D SPACE',''
  ) );
#13989 = ORIENTED_EDGE('',*,*,#13639,.F.);
#13990 = ORIENTED_EDGE('',*,*,#13969,.F.);
#13991 = ADVANCED_FACE('',(#13992,#13995),#13748,.F.);
#13992 = FACE_BOUND('',#13993,.F.);
#13993 = EDGE_LOOP('',(#13994));
#13994 = ORIENTED_EDGE('',*,*,#13731,.T.);
#13995 = FACE_BOUND('',#13996,.F.);
#13996 = EDGE_LOOP('',(#13997));
#13997 = ORIENTED_EDGE('',*,*,#13895,.F.);
#13998 = ADVANCED_FACE('',(#13999,#14002),#13803,.F.);
#13999 = FACE_BOUND('',#14000,.F.);
#14000 = EDGE_LOOP('',(#14001));
#14001 = ORIENTED_EDGE('',*,*,#13786,.T.);
#14002 = FACE_BOUND('',#14003,.F.);
#14003 = EDGE_LOOP('',(#14004));
#14004 = ORIENTED_EDGE('',*,*,#13945,.F.);
#14005 = ( GEOMETRIC_REPRESENTATION_CONTEXT(3) 
GLOBAL_UNCERTAINTY_ASSIGNED_CONTEXT((#14009)) 
GLOBAL_UNIT_ASSIGNED_CONTEXT((#14006,#14007,#14008)) 
REPRESENTATION_CONTEXT('Context #1',
  '3D Context with UNIT and UNCERTAINTY') );
#14006 = ( LENGTH_UNIT() NAMED_UNIT(*) SI_UNIT(.MILLI.,.METRE.) );
#14007 = ( NAMED_UNIT(*) PLANE_ANGLE_UNIT() SI_UNIT($,.RADIAN.) );
#14008 = ( NAMED_UNIT(*) SI_UNIT($,.STERADIAN.) SOLID_ANGLE_UNIT() );
#14009 = UNCERTAINTY_MEASURE_WITH_UNIT(LENGTH_MEASURE(5.E-07),#14006,
  'distance_accuracy_value','confusion accuracy');
#14010 = PRODUCT_RELATED_PRODUCT_CATEGORY('part',$,(#7));
ENDSEC;
END-ISO-10303-21;
