ISO-10303-21;
HEADER;
FILE_DESCRIPTION(('Open CASCADE Model'),'2;1');
FILE_NAME('Open CASCADE Shape Model','2026-09-16T16:55:46',('Author'),(
    'Open CASCADE'),'Open CASCADE STEP processor 7.9','build123d',
  'Unknown');
FILE_SCHEMA(('AUTOMOTIVE_DESIGN { 1 0 10303 214 1 1 1 1 }'));
ENDSEC;
DATA;
#1 = APPLICATION_PROTOCOL_DEFINITION('international standard',
  'automotive_design',2000,#2);
#2 = APPLICATION_CONTEXT(
  'core data for automotive mechanical design processes');
#3 = SHAPE_DEFINITION_REPRESENTATION(#4,#10);
#4 = PRODUCT_DEFINITION_SHAPE('','',#5);
#5 = PRODUCT_DEFINITION('design','',#6,#9);
#6 = PRODUCT_DEFINITION_FORMATION('','',#7);
#7 = PRODUCT('COMPOUND','COMPOUND','',(#8));
#8 = PRODUCT_CONTEXT('',#2,'mechanical');
#9 = PRODUCT_DEFINITION_CONTEXT('part definition',#2,'design');
#10 = ADVANCED_BREP_SHAPE_REPRESENTATION('',(#11,#15),#16799);
#11 = AXIS2_PLACEMENT_3D('',#12,#13,#14);
#12 = CARTESIAN_POINT('',(0.,0.,0.));
#13 = DIRECTION('',(0.,0.,1.));
#14 = DIRECTION('',(1.,0.,-0.));
#15 = MANIFOLD_SOLID_BREP('',#16);
#16 = CLOSED_SHELL('',(#17,#193,#455,#532,#691,#740,#1215,#1265,#1466,
    #1701,#1800,#2068,#2165,#3040,#3158,#3205,#3212,#3313,#3582,#3676,
    #3980,#4059,#4144,#4192,#4241,#4268,#4345,#4392,#4442,#4489,#4539,
    #4586,#4636,#4661,#5699,#5725,#5752,#5758,#5805,#5865,#5911,#5958,
    #6046,#6071,#6126,#6193,#6200,#6245,#6310,#6335,#6361,#6546,#6646,
    #6692,#6719,#6744,#6751,#6778,#6859,#6907,#7022,#7179,#7224,#7312,
    #7359,#7407,#7468,#7514,#7561,#7659,#7706,#7761,#7808,#7863,#7908,
    #8001,#8048,#8095,#8228,#8417,#8472,#8527,#8551,#8597,#10347,#10372,
    #10397,#10447,#10496,#10542,#10567,#10592,#10599,#10626,#10652,
    #10724,#10769,#10834,#10859,#10886,#10893,#10948,#10973,#11098,
    #11105,#11155,#11210,#11260,#11315,#11362,#11389,#11416,#11423,
    #11470,#11497,#11524,#11531,#11578,#11605,#11632,#11639,#11694,
    #11744,#11791,#11818,#11845,#11852,#11899,#11926,#11953,#11960,
    #12015,#12065,#12072,#12151,#12200,#12227,#12254,#12261,#12268,
    #12417,#12462,#12489,#12496,#12543,#12595,#12622,#12716,#12743,
    #12814,#12863,#12890,#12915,#12922,#12929,#13003,#13108,#13213,
    #13286,#13293,#13300,#13325,#13332,#13339,#13413,#13438,#13514,
    #13563,#13612,#13639,#13694,#13749,#13804,#13859,#13914,#13988,
    #14141,#14190,#14319,#14326,#14333,#14380,#14431,#14482,#14509,
    #14544,#14579,#14614,#14649,#14676,#14810,#14893,#14972,#15050,
    #15057,#15178,#15208,#15238,#15242,#15272,#15302,#15426,#15527,
    #15576,#15670,#15764,#15812,#15865,#15892,#15919,#15946,#15973,
    #16000,#16049,#16188,#16215,#16261,#16268,#16293,#16321,#16328,
    #16404,#16453,#16502,#16529,#16578,#16627,#16680,#16705,#16758,
    #16785,#16792));
#17 = ADVANCED_FACE('',(#18),#32,.F.);
#18 = FACE_BOUND('',#19,.F.);
#19 = EDGE_LOOP('',(#20,#55,#83,#111,#139,#167));
#20 = ORIENTED_EDGE('',*,*,#21,.T.);
#21 = EDGE_CURVE('',#22,#24,#26,.T.);
#22 = VERTEX_POINT('',#23);
#23 = CARTESIAN_POINT('',(-50.,140.,89.));
#24 = VERTEX_POINT('',#25);
#25 = CARTESIAN_POINT('',(-50.,179.32584269662,1.5));
#26 = SURFACE_CURVE('',#27,(#31,#43),.PCURVE_S1.);
#27 = LINE('',#28,#29);
#28 = CARTESIAN_POINT('',(-50.,140.,89.));
#29 = VECTOR('',#30,1.);
#30 = DIRECTION('',(0.,0.409938501027,-0.912113164786));
#31 = PCURVE('',#32,#37);
#32 = PLANE('',#33);
#33 = AXIS2_PLACEMENT_3D('',#34,#35,#36);
#34 = CARTESIAN_POINT('',(0.,140.,89.));
#35 = DIRECTION('',(0.,-0.912113164786,-0.409938501027));
#36 = DIRECTION('',(0.,0.409938501027,-0.912113164786));
#37 = DEFINITIONAL_REPRESENTATION('',(#38),#42);
#38 = LINE('',#39,#40);
#39 = CARTESIAN_POINT('',(0.,-50.));
#40 = VECTOR('',#41,1.);
#41 = DIRECTION('',(1.,0.));
#42 = ( GEOMETRIC_REPRESENTATION_CONTEXT(2) 
PARAMETRIC_REPRESENTATION_CONTEXT() REPRESENTATION_CONTEXT('2D SPACE',''
  ) );
#43 = PCURVE('',#44,#49);
#44 = PLANE('',#45);
#45 = AXIS2_PLACEMENT_3D('',#46,#47,#48);
#46 = CARTESIAN_POINT('',(-50.,60.563089947655,35.690677038067));
#47 = DIRECTION('',(-1.,-0.,-0.));
#48 = DIRECTION('',(0.,-1.,0.));
#49 = DEFINITIONAL_REPRESENTATION('',(#50),#54);
#50 = LINE('',#51,#52);
#51 = CARTESIAN_POINT('',(-79.43691005234,53.309322961933));
#52 = VECTOR('',#53,1.);
#53 = DIRECTION('',(-0.409938501027,-0.912113164786));
#54 = ( GEOMETRIC_REPRESENTATION_CONTEXT(2) 
PARAMETRIC_REPRESENTATION_CONTEXT() REPRESENTATION_CONTEXT('2D SPACE',''
  ) );
#55 = ORIENTED_EDGE('',*,*,#56,.F.);
#56 = EDGE_CURVE('',#57,#24,#59,.T.);
#57 = VERTEX_POINT('',#58);
#58 = CARTESIAN_POINT('',(-49.86816974717,179.38509224845,1.368169747179
    ));
#59 = SURFACE_CURVE('',#60,(#64,#71),.PCURVE_S1.);
#60 = LINE('',#61,#62);
#61 = CARTESIAN_POINT('',(-62.11890838206,173.87914230019,
    13.618908382066));
#62 = VECTOR('',#63,1.);
#63 = DIRECTION('',(-0.673894428129,-0.302873900283,0.673894428129));
#64 = PCURVE('',#32,#65);
#65 = DEFINITIONAL_REPRESENTATION('',(#66),#70);
#66 = LINE('',#67,#68);
#67 = CARTESIAN_POINT('',(82.644450851271,-62.11890838206));
#68 = VECTOR('',#69,1.);
#69 = DIRECTION('',(-0.738827652255,-0.673894428129));
#70 = ( GEOMETRIC_REPRESENTATION_CONTEXT(2) 
PARAMETRIC_REPRESENTATION_CONTEXT() REPRESENTATION_CONTEXT('2D SPACE',''
  ) );
#71 = PCURVE('',#72,#77);
#72 = PLANE('',#73);
#73 = AXIS2_PLACEMENT_3D('',#74,#75,#76);
#74 = CARTESIAN_POINT('',(-49.25,180.,0.75));
#75 = DIRECTION('',(0.707106781187,0.,0.707106781187));
#76 = DIRECTION('',(0.,-1.,0.));
#77 = DEFINITIONAL_REPRESENTATION('',(#78),#82);
#78 = LINE('',#79,#80);
#79 = CARTESIAN_POINT('',(6.120857699805,-18.19938476685));
#80 = VECTOR('',#81,1.);
#81 = DIRECTION('',(0.302873900283,-0.953030639868));
#82 = ( GEOMETRIC_REPRESENTATION_CONTEXT(2) 
PARAMETRIC_REPRESENTATION_CONTEXT() REPRESENTATION_CONTEXT('2D SPACE',''
  ) );
#83 = ORIENTED_EDGE('',*,*,#84,.F.);
#84 = EDGE_CURVE('',#85,#57,#87,.T.);
#85 = VERTEX_POINT('',#86);
#86 = CARTESIAN_POINT('',(49.868169747179,179.38509224845,1.368169747179
    ));
#87 = SURFACE_CURVE('',#88,(#92,#99),.PCURVE_S1.);
#88 = LINE('',#89,#90);
#89 = CARTESIAN_POINT('',(50.,179.38509224845,1.368169747179));
#90 = VECTOR('',#91,1.);
#91 = DIRECTION('',(-1.,0.,0.));
#92 = PCURVE('',#32,#93);
#93 = DEFINITIONAL_REPRESENTATION('',(#94),#98);
#94 = LINE('',#95,#96);
#95 = CARTESIAN_POINT('',(96.075611707024,50.));
#96 = VECTOR('',#97,1.);
#97 = DIRECTION('',(0.,-1.));
#98 = ( GEOMETRIC_REPRESENTATION_CONTEXT(2) 
PARAMETRIC_REPRESENTATION_CONTEXT() REPRESENTATION_CONTEXT('2D SPACE',''
  ) );
#99 = PCURVE('',#100,#105);
#100 = PLANE('',#101);
#101 = AXIS2_PLACEMENT_3D('',#102,#103,#104);
#102 = CARTESIAN_POINT('',(50.,178.94254612423,0.684084873589));
#103 = DIRECTION('',(1.406082755151E-17,0.839624469935,-0.543167331019)
  );
#104 = DIRECTION('',(1.,-1.180581487978E-17,7.637382173072E-18));
#105 = DEFINITIONAL_REPRESENTATION('',(#106),#110);
#106 = LINE('',#107,#108);
#107 = CARTESIAN_POINT('',(-0.,-0.814750996529));
#108 = VECTOR('',#109,1.);
#109 = DIRECTION('',(-1.,0.));
#110 = ( GEOMETRIC_REPRESENTATION_CONTEXT(2) 
PARAMETRIC_REPRESENTATION_CONTEXT() REPRESENTATION_CONTEXT('2D SPACE',''
  ) );
#111 = ORIENTED_EDGE('',*,*,#112,.T.);
#112 = EDGE_CURVE('',#85,#113,#115,.T.);
#113 = VERTEX_POINT('',#114);
#114 = CARTESIAN_POINT('',(50.,179.32584269662,1.5));
#115 = SURFACE_CURVE('',#116,(#120,#127),.PCURVE_S1.);
#116 = LINE('',#117,#118);
#117 = CARTESIAN_POINT('',(62.118908382066,173.87914230019,
    13.618908382066));
#118 = VECTOR('',#119,1.);
#119 = DIRECTION('',(0.673894428129,-0.302873900283,0.673894428129));
#120 = PCURVE('',#32,#121);
#121 = DEFINITIONAL_REPRESENTATION('',(#122),#126);
#122 = LINE('',#123,#124);
#123 = CARTESIAN_POINT('',(82.644450851271,62.118908382066));
#124 = VECTOR('',#125,1.);
#125 = DIRECTION('',(-0.738827652255,0.673894428129));
#126 = ( GEOMETRIC_REPRESENTATION_CONTEXT(2) 
PARAMETRIC_REPRESENTATION_CONTEXT() REPRESENTATION_CONTEXT('2D SPACE',''
  ) );
#127 = PCURVE('',#128,#133);
#128 = PLANE('',#129);
#129 = AXIS2_PLACEMENT_3D('',#130,#131,#132);
#130 = CARTESIAN_POINT('',(49.25,180.,0.75));
#131 = DIRECTION('',(0.707106781187,0.,-0.707106781187));
#132 = DIRECTION('',(0.,-1.,0.));
#133 = DEFINITIONAL_REPRESENTATION('',(#134),#138);
#134 = LINE('',#135,#136);
#135 = CARTESIAN_POINT('',(6.120857699805,-18.19938476685));
#136 = VECTOR('',#137,1.);
#137 = DIRECTION('',(0.302873900283,-0.953030639868));
#138 = ( GEOMETRIC_REPRESENTATION_CONTEXT(2) 
PARAMETRIC_REPRESENTATION_CONTEXT() REPRESENTATION_CONTEXT('2D SPACE',''
  ) );
#139 = ORIENTED_EDGE('',*,*,#140,.F.);
#140 = EDGE_CURVE('',#141,#113,#143,.T.);
#141 = VERTEX_POINT('',#142);
#142 = CARTESIAN_POINT('',(50.,140.,89.));
#143 = SURFACE_CURVE('',#144,(#148,#155),.PCURVE_S1.);
#144 = LINE('',#145,#146);
#145 = CARTESIAN_POINT('',(50.,140.,89.));
#146 = VECTOR('',#147,1.);
#147 = DIRECTION('',(0.,0.409938501027,-0.912113164786));
#148 = PCURVE('',#32,#149);
#149 = DEFINITIONAL_REPRESENTATION('',(#150),#154);
#150 = LINE('',#151,#152);
#151 = CARTESIAN_POINT('',(0.,50.));
#152 = VECTOR('',#153,1.);
#153 = DIRECTION('',(1.,0.));
#154 = ( GEOMETRIC_REPRESENTATION_CONTEXT(2) 
PARAMETRIC_REPRESENTATION_CONTEXT() REPRESENTATION_CONTEXT('2D SPACE',''
  ) );
#155 = PCURVE('',#156,#161);
#156 = PLANE('',#157);
#157 = AXIS2_PLACEMENT_3D('',#158,#159,#160);
#158 = CARTESIAN_POINT('',(50.,60.563089947655,35.690677038067));
#159 = DIRECTION('',(-1.,-0.,-0.));
#160 = DIRECTION('',(0.,-1.,0.));
#161 = DEFINITIONAL_REPRESENTATION('',(#162),#166);
#162 = LINE('',#163,#164);
#163 = CARTESIAN_POINT('',(-79.43691005234,53.309322961933));
#164 = VECTOR('',#165,1.);
#165 = DIRECTION('',(-0.409938501027,-0.912113164786));
#166 = ( GEOMETRIC_REPRESENTATION_CONTEXT(2) 
PARAMETRIC_REPRESENTATION_CONTEXT() REPRESENTATION_CONTEXT('2D SPACE',''
  ) );
#167 = ORIENTED_EDGE('',*,*,#168,.T.);
#168 = EDGE_CURVE('',#141,#22,#169,.T.);
#169 = SURFACE_CURVE('',#170,(#174,#181),.PCURVE_S1.);
#170 = LINE('',#171,#172);
#171 = CARTESIAN_POINT('',(50.,140.,89.));
#172 = VECTOR('',#173,1.);
#173 = DIRECTION('',(-1.,0.,0.));
#174 = PCURVE('',#32,#175);
#175 = DEFINITIONAL_REPRESENTATION('',(#176),#180);
#176 = LINE('',#177,#178);
#177 = CARTESIAN_POINT('',(0.,50.));
#178 = VECTOR('',#179,1.);
#179 = DIRECTION('',(0.,-1.));
#180 = ( GEOMETRIC_REPRESENTATION_CONTEXT(2) 
PARAMETRIC_REPRESENTATION_CONTEXT() REPRESENTATION_CONTEXT('2D SPACE',''
  ) );
#181 = PCURVE('',#182,#187);
#182 = PLANE('',#183);
#183 = AXIS2_PLACEMENT_3D('',#184,#185,#186);
#184 = CARTESIAN_POINT('',(0.,140.,150.));
#185 = DIRECTION('',(0.,-1.,0.));
#186 = DIRECTION('',(0.,0.,-1.));
#187 = DEFINITIONAL_REPRESENTATION('',(#188),#192);
#188 = LINE('',#189,#190);
#189 = CARTESIAN_POINT('',(61.,50.));
#190 = VECTOR('',#191,1.);
#191 = DIRECTION('',(0.,-1.));
#192 = ( GEOMETRIC_REPRESENTATION_CONTEXT(2) 
PARAMETRIC_REPRESENTATION_CONTEXT() REPRESENTATION_CONTEXT('2D SPACE',''
  ) );
#193 = ADVANCED_FACE('',(#194),#44,.T.);
#194 = FACE_BOUND('',#195,.T.);
#195 = EDGE_LOOP('',(#196,#226,#254,#282,#308,#334,#361,#387,#413,#433,
    #434));
#196 = ORIENTED_EDGE('',*,*,#197,.T.);
#197 = EDGE_CURVE('',#198,#200,#202,.T.);
#198 = VERTEX_POINT('',#199);
#199 = CARTESIAN_POINT('',(-50.,159.24125874125,1.5));
#200 = VERTEX_POINT('',#201);
#201 = CARTESIAN_POINT('',(-50.,143.78520727554,32.055972713334));
#202 = SURFACE_CURVE('',#203,(#207,#214),.PCURVE_S1.);
#203 = LINE('',#204,#205);
#204 = CARTESIAN_POINT('',(-50.,159.24125874125,1.5));
#205 = VECTOR('',#206,1.);
#206 = DIRECTION('',(0.,-0.451368839694,0.892337475708));
#207 = PCURVE('',#44,#208);
#208 = DEFINITIONAL_REPRESENTATION('',(#209),#213);
#209 = LINE('',#210,#211);
#210 = CARTESIAN_POINT('',(-98.6781687936,-34.19067703806));
#211 = VECTOR('',#212,1.);
#212 = DIRECTION('',(0.451368839694,0.892337475708));
#213 = ( GEOMETRIC_REPRESENTATION_CONTEXT(2) 
PARAMETRIC_REPRESENTATION_CONTEXT() REPRESENTATION_CONTEXT('2D SPACE',''
  ) );
#214 = PCURVE('',#215,#220);
#215 = PLANE('',#216);
#216 = AXIS2_PLACEMENT_3D('',#217,#218,#219);
#217 = CARTESIAN_POINT('',(0.,160.,0.));
#218 = DIRECTION('',(-0.,0.892337475708,0.451368839694));
#219 = DIRECTION('',(0.,-0.451368839694,0.892337475708));
#220 = DEFINITIONAL_REPRESENTATION('',(#221),#225);
#221 = LINE('',#222,#223);
#222 = CARTESIAN_POINT('',(1.680978375148,-50.));
#223 = VECTOR('',#224,1.);
#224 = DIRECTION('',(1.,0.));
#225 = ( GEOMETRIC_REPRESENTATION_CONTEXT(2) 
PARAMETRIC_REPRESENTATION_CONTEXT() REPRESENTATION_CONTEXT('2D SPACE',''
  ) );
#226 = ORIENTED_EDGE('',*,*,#227,.T.);
#227 = EDGE_CURVE('',#200,#228,#230,.T.);
#228 = VERTEX_POINT('',#229);
#229 = CARTESIAN_POINT('',(-50.,-66.,2.086657388257));
#230 = SURFACE_CURVE('',#231,(#235,#242),.PCURVE_S1.);
#231 = LINE('',#232,#233);
#232 = CARTESIAN_POINT('',(-50.,144.28786796564,32.127781383349));
#233 = VECTOR('',#234,1.);
#234 = DIRECTION('',(0.,-0.989949493661,-0.141421356237));
#235 = PCURVE('',#44,#236);
#236 = DEFINITIONAL_REPRESENTATION('',(#237),#241);
#237 = LINE('',#238,#239);
#238 = CARTESIAN_POINT('',(-83.72477801798,-3.562895654719));
#239 = VECTOR('',#240,1.);
#240 = DIRECTION('',(0.989949493661,-0.141421356237));
#241 = ( GEOMETRIC_REPRESENTATION_CONTEXT(2) 
PARAMETRIC_REPRESENTATION_CONTEXT() REPRESENTATION_CONTEXT('2D SPACE',''
  ) );
#242 = PCURVE('',#243,#248);
#243 = PLANE('',#244);
#244 = AXIS2_PLACEMENT_3D('',#245,#246,#247);
#245 = CARTESIAN_POINT('',(-49.25,144.39393398282,31.385319263103));
#246 = DIRECTION('',(0.707106781187,-1.E-01,0.7));
#247 = DIRECTION('',(8.326672684689E-17,-0.989949493661,-0.141421356237)
  );
#248 = DEFINITIONAL_REPRESENTATION('',(#249),#253);
#249 = LINE('',#250,#251);
#250 = CARTESIAN_POINT('',(2.84217094304E-14,-1.06066017178));
#251 = VECTOR('',#252,1.);
#252 = DIRECTION('',(1.,0.));
#253 = ( GEOMETRIC_REPRESENTATION_CONTEXT(2) 
PARAMETRIC_REPRESENTATION_CONTEXT() REPRESENTATION_CONTEXT('2D SPACE',''
  ) );
#254 = ORIENTED_EDGE('',*,*,#255,.T.);
#255 = EDGE_CURVE('',#228,#256,#258,.T.);
#256 = VERTEX_POINT('',#257);
#257 = CARTESIAN_POINT('',(-50.,-66.,11.047619047619));
#258 = SURFACE_CURVE('',#259,(#263,#270),.PCURVE_S1.);
#259 = LINE('',#260,#261);
#260 = CARTESIAN_POINT('',(-50.,-66.,0.));
#261 = VECTOR('',#262,1.);
#262 = DIRECTION('',(0.,0.,1.));
#263 = PCURVE('',#44,#264);
#264 = DEFINITIONAL_REPRESENTATION('',(#265),#269);
#265 = LINE('',#266,#267);
#266 = CARTESIAN_POINT('',(126.56308994765,-35.69067703806));
#267 = VECTOR('',#268,1.);
#268 = DIRECTION('',(0.,1.));
#269 = ( GEOMETRIC_REPRESENTATION_CONTEXT(2) 
PARAMETRIC_REPRESENTATION_CONTEXT() REPRESENTATION_CONTEXT('2D SPACE',''
  ) );
#270 = PCURVE('',#271,#276);
#271 = CYLINDRICAL_SURFACE('',#272,4.);
#272 = AXIS2_PLACEMENT_3D('',#273,#274,#275);
#273 = CARTESIAN_POINT('',(-46.,-66.,0.));
#274 = DIRECTION('',(0.,0.,1.));
#275 = DIRECTION('',(0.,-1.,0.));
#276 = DEFINITIONAL_REPRESENTATION('',(#277),#281);
#277 = LINE('',#278,#279);
#278 = CARTESIAN_POINT('',(-1.570796326795,0.));
#279 = VECTOR('',#280,1.);
#280 = DIRECTION('',(-0.,1.));
#281 = ( GEOMETRIC_REPRESENTATION_CONTEXT(2) 
PARAMETRIC_REPRESENTATION_CONTEXT() REPRESENTATION_CONTEXT('2D SPACE',''
  ) );
#282 = ORIENTED_EDGE('',*,*,#283,.T.);
#283 = EDGE_CURVE('',#256,#284,#286,.T.);
#284 = VERTEX_POINT('',#285);
#285 = CARTESIAN_POINT('',(-50.,-17.86069297557,23.655532792112));
#286 = SURFACE_CURVE('',#287,(#291,#297),.PCURVE_S1.);
#287 = LINE('',#288,#289);
#288 = CARTESIAN_POINT('',(-50.,99.239359007759,54.324594025842));
#289 = VECTOR('',#290,1.);
#290 = DIRECTION('',(-0.,0.96737222338,0.253359391838));
#291 = PCURVE('',#44,#292);
#292 = DEFINITIONAL_REPRESENTATION('',(#293),#296);
#293 = B_SPLINE_CURVE_WITH_KNOTS('',1,(#294,#295),.UNSPECIFIED.,.F.,.F.,
  (2,2),(-170.8125941743,42.135426268301),.PIECEWISE_BEZIER_KNOTS.);
#294 = CARTESIAN_POINT('',(126.56308994765,-24.64305799044));
#295 = CARTESIAN_POINT('',(-79.43691005234,29.309322961933));
#296 = ( GEOMETRIC_REPRESENTATION_CONTEXT(2) 
PARAMETRIC_REPRESENTATION_CONTEXT() REPRESENTATION_CONTEXT('2D SPACE',''
  ) );
#297 = PCURVE('',#298,#303);
#298 = PLANE('',#299);
#299 = AXIS2_PLACEMENT_3D('',#300,#301,#302);
#300 = CARTESIAN_POINT('',(0.,140.,65.));
#301 = DIRECTION('',(0.,-0.253359391838,0.96737222338));
#302 = DIRECTION('',(0.,-0.96737222338,-0.253359391838));
#303 = DEFINITIONAL_REPRESENTATION('',(#304),#307);
#304 = B_SPLINE_CURVE_WITH_KNOTS('',1,(#305,#306),.UNSPECIFIED.,.F.,.F.,
  (2,2),(-170.8125941743,42.135426268301),.PIECEWISE_BEZIER_KNOTS.);
#305 = CARTESIAN_POINT('',(212.94802044262,-50.));
#306 = CARTESIAN_POINT('',(0.,-50.));
#307 = ( GEOMETRIC_REPRESENTATION_CONTEXT(2) 
PARAMETRIC_REPRESENTATION_CONTEXT() REPRESENTATION_CONTEXT('2D SPACE',''
  ) );
#308 = ORIENTED_EDGE('',*,*,#309,.T.);
#309 = EDGE_CURVE('',#284,#310,#312,.T.);
#310 = VERTEX_POINT('',#311);
#311 = CARTESIAN_POINT('',(-50.,-16.87863886692,16.781154031579));
#312 = SURFACE_CURVE('',#313,(#317,#323),.PCURVE_S1.);
#313 = LINE('',#314,#315);
#314 = CARTESIAN_POINT('',(-50.,-17.42788818923,20.625899287738));
#315 = VECTOR('',#316,1.);
#316 = DIRECTION('',(0.,0.141421356237,-0.989949493661));
#317 = PCURVE('',#44,#318);
#318 = DEFINITIONAL_REPRESENTATION('',(#319),#322);
#319 = B_SPLINE_CURVE_WITH_KNOTS('',1,(#320,#321),.UNSPECIFIED.,.F.,.F.,
  (2,2),(-8.616220796336,3.883779203664),.PIECEWISE_BEZIER_KNOTS.);
#320 = CARTESIAN_POINT('',(79.209495767544,-6.535154335724));
#321 = CARTESIAN_POINT('',(77.441728814578,-18.90952300648));
#322 = ( GEOMETRIC_REPRESENTATION_CONTEXT(2) 
PARAMETRIC_REPRESENTATION_CONTEXT() REPRESENTATION_CONTEXT('2D SPACE',''
  ) );
#323 = PCURVE('',#324,#329);
#324 = PLANE('',#325);
#325 = AXIS2_PLACEMENT_3D('',#326,#327,#328);
#326 = CARTESIAN_POINT('',(-60.,-16.87863886692,16.781154031579));
#327 = DIRECTION('',(-0.,0.989949493661,0.141421356237));
#328 = DIRECTION('',(1.,0.,0.));
#329 = DEFINITIONAL_REPRESENTATION('',(#330),#333);
#330 = B_SPLINE_CURVE_WITH_KNOTS('',1,(#331,#332),.UNSPECIFIED.,.F.,.F.,
  (2,2),(-8.616220796336,3.883779203664),.PIECEWISE_BEZIER_KNOTS.);
#331 = CARTESIAN_POINT('',(10.,-12.5));
#332 = CARTESIAN_POINT('',(10.,0.));
#333 = ( GEOMETRIC_REPRESENTATION_CONTEXT(2) 
PARAMETRIC_REPRESENTATION_CONTEXT() REPRESENTATION_CONTEXT('2D SPACE',''
  ) );
#334 = ORIENTED_EDGE('',*,*,#335,.T.);
#335 = EDGE_CURVE('',#310,#336,#338,.T.);
#336 = VERTEX_POINT('',#337);
#337 = CARTESIAN_POINT('',(-50.,-5.98919443665,18.336788950189));
#338 = SURFACE_CURVE('',#339,(#343,#349),.PCURVE_S1.);
#339 = LINE('',#340,#341);
#340 = CARTESIAN_POINT('',(-50.,25.113835970243,22.780079008317));
#341 = VECTOR('',#342,1.);
#342 = DIRECTION('',(-0.,0.989949493661,0.141421356237));
#343 = PCURVE('',#44,#344);
#344 = DEFINITIONAL_REPRESENTATION('',(#345),#348);
#345 = B_SPLINE_CURVE_WITH_KNOTS('',1,(#346,#347),.UNSPECIFIED.,.F.,.F.,
  (2,2),(-42.4188053088,-31.4188053088),.PIECEWISE_BEZIER_KNOTS.);
#346 = CARTESIAN_POINT('',(77.441728814578,-18.90952300648));
#347 = CARTESIAN_POINT('',(66.552284384305,-17.35388808787));
#348 = ( GEOMETRIC_REPRESENTATION_CONTEXT(2) 
PARAMETRIC_REPRESENTATION_CONTEXT() REPRESENTATION_CONTEXT('2D SPACE',''
  ) );
#349 = PCURVE('',#350,#355);
#350 = PLANE('',#351);
#351 = AXIS2_PLACEMENT_3D('',#352,#353,#354);
#352 = CARTESIAN_POINT('',(-47.5,-11.43391665178,17.558971490884));
#353 = DIRECTION('',(0.,-0.141421356237,0.989949493661));
#354 = DIRECTION('',(1.,0.,0.));
#355 = DEFINITIONAL_REPRESENTATION('',(#356),#360);
#356 = LINE('',#357,#358);
#357 = CARTESIAN_POINT('',(-2.5,36.918805308808));
#358 = VECTOR('',#359,1.);
#359 = DIRECTION('',(0.,1.));
#360 = ( GEOMETRIC_REPRESENTATION_CONTEXT(2) 
PARAMETRIC_REPRESENTATION_CONTEXT() REPRESENTATION_CONTEXT('2D SPACE',''
  ) );
#361 = ORIENTED_EDGE('',*,*,#362,.F.);
#362 = EDGE_CURVE('',#363,#336,#365,.T.);
#363 = VERTEX_POINT('',#364);
#364 = CARTESIAN_POINT('',(-50.,-7.149764027761,26.460776087967));
#365 = SURFACE_CURVE('',#366,(#370,#376),.PCURVE_S1.);
#366 = LINE('',#367,#368);
#367 = CARTESIAN_POINT('',(-50.,-6.538443758958,22.181534206348));
#368 = VECTOR('',#369,1.);
#369 = DIRECTION('',(0.,0.141421356237,-0.989949493661));
#370 = PCURVE('',#44,#371);
#371 = DEFINITIONAL_REPRESENTATION('',(#372),#375);
#372 = B_SPLINE_CURVE_WITH_KNOTS('',1,(#373,#374),.UNSPECIFIED.,.F.,.F.,
  (2,2),(-8.616220796336,3.883779203664),.PIECEWISE_BEZIER_KNOTS.);
#373 = CARTESIAN_POINT('',(68.320051337272,-4.979519417114));
#374 = CARTESIAN_POINT('',(66.552284384305,-17.35388808787));
#375 = ( GEOMETRIC_REPRESENTATION_CONTEXT(2) 
PARAMETRIC_REPRESENTATION_CONTEXT() REPRESENTATION_CONTEXT('2D SPACE',''
  ) );
#376 = PCURVE('',#377,#382);
#377 = PLANE('',#378);
#378 = AXIS2_PLACEMENT_3D('',#379,#380,#381);
#379 = CARTESIAN_POINT('',(-60.,-5.98919443665,18.336788950189));
#380 = DIRECTION('',(-0.,0.989949493661,0.141421356237));
#381 = DIRECTION('',(1.,0.,0.));
#382 = DEFINITIONAL_REPRESENTATION('',(#383),#386);
#383 = B_SPLINE_CURVE_WITH_KNOTS('',1,(#384,#385),.UNSPECIFIED.,.F.,.F.,
  (2,2),(-8.616220796336,3.883779203664),.PIECEWISE_BEZIER_KNOTS.);
#384 = CARTESIAN_POINT('',(10.,-12.5));
#385 = CARTESIAN_POINT('',(10.,0.));
#386 = ( GEOMETRIC_REPRESENTATION_CONTEXT(2) 
PARAMETRIC_REPRESENTATION_CONTEXT() REPRESENTATION_CONTEXT('2D SPACE',''
  ) );
#387 = ORIENTED_EDGE('',*,*,#388,.T.);
#388 = EDGE_CURVE('',#363,#389,#391,.T.);
#389 = VERTEX_POINT('',#390);
#390 = CARTESIAN_POINT('',(-50.,140.,65.));
#391 = SURFACE_CURVE('',#392,(#396,#402),.PCURVE_S1.);
#392 = LINE('',#393,#394);
#393 = CARTESIAN_POINT('',(-50.,99.239359007759,54.324594025842));
#394 = VECTOR('',#395,1.);
#395 = DIRECTION('',(-0.,0.96737222338,0.253359391838));
#396 = PCURVE('',#44,#397);
#397 = DEFINITIONAL_REPRESENTATION('',(#398),#401);
#398 = B_SPLINE_CURVE_WITH_KNOTS('',1,(#399,#400),.UNSPECIFIED.,.F.,.F.,
  (2,2),(-170.8125941743,42.135426268301),.PIECEWISE_BEZIER_KNOTS.);
#399 = CARTESIAN_POINT('',(126.56308994765,-24.64305799044));
#400 = CARTESIAN_POINT('',(-79.43691005234,29.309322961933));
#401 = ( GEOMETRIC_REPRESENTATION_CONTEXT(2) 
PARAMETRIC_REPRESENTATION_CONTEXT() REPRESENTATION_CONTEXT('2D SPACE',''
  ) );
#402 = PCURVE('',#403,#408);
#403 = PLANE('',#404);
#404 = AXIS2_PLACEMENT_3D('',#405,#406,#407);
#405 = CARTESIAN_POINT('',(0.,140.,65.));
#406 = DIRECTION('',(0.,-0.253359391838,0.96737222338));
#407 = DIRECTION('',(0.,-0.96737222338,-0.253359391838));
#408 = DEFINITIONAL_REPRESENTATION('',(#409),#412);
#409 = B_SPLINE_CURVE_WITH_KNOTS('',1,(#410,#411),.UNSPECIFIED.,.F.,.F.,
  (2,2),(-170.8125941743,42.135426268301),.PIECEWISE_BEZIER_KNOTS.);
#410 = CARTESIAN_POINT('',(212.94802044262,-50.));
#411 = CARTESIAN_POINT('',(0.,-50.));
#412 = ( GEOMETRIC_REPRESENTATION_CONTEXT(2) 
PARAMETRIC_REPRESENTATION_CONTEXT() REPRESENTATION_CONTEXT('2D SPACE',''
  ) );
#413 = ORIENTED_EDGE('',*,*,#414,.T.);
#414 = EDGE_CURVE('',#389,#22,#415,.T.);
#415 = SURFACE_CURVE('',#416,(#420,#426),.PCURVE_S1.);
#416 = LINE('',#417,#418);
#417 = CARTESIAN_POINT('',(-50.,140.,92.845338519034));
#418 = VECTOR('',#419,1.);
#419 = DIRECTION('',(-0.,0.,1.));
#420 = PCURVE('',#44,#421);
#421 = DEFINITIONAL_REPRESENTATION('',(#422),#425);
#422 = B_SPLINE_CURVE_WITH_KNOTS('',1,(#423,#424),.UNSPECIFIED.,.F.,.F.,
  (2,2),(-27.84533851903,-3.845338519034),.PIECEWISE_BEZIER_KNOTS.);
#423 = CARTESIAN_POINT('',(-79.43691005234,29.309322961933));
#424 = CARTESIAN_POINT('',(-79.43691005234,53.309322961933));
#425 = ( GEOMETRIC_REPRESENTATION_CONTEXT(2) 
PARAMETRIC_REPRESENTATION_CONTEXT() REPRESENTATION_CONTEXT('2D SPACE',''
  ) );
#426 = PCURVE('',#182,#427);
#427 = DEFINITIONAL_REPRESENTATION('',(#428),#432);
#428 = LINE('',#429,#430);
#429 = CARTESIAN_POINT('',(57.154661480966,-50.));
#430 = VECTOR('',#431,1.);
#431 = DIRECTION('',(-1.,0.));
#432 = ( GEOMETRIC_REPRESENTATION_CONTEXT(2) 
PARAMETRIC_REPRESENTATION_CONTEXT() REPRESENTATION_CONTEXT('2D SPACE',''
  ) );
#433 = ORIENTED_EDGE('',*,*,#21,.T.);
#434 = ORIENTED_EDGE('',*,*,#435,.T.);
#435 = EDGE_CURVE('',#24,#198,#436,.T.);
#436 = SURFACE_CURVE('',#437,(#441,#448),.PCURVE_S1.);
#437 = LINE('',#438,#439);
#438 = CARTESIAN_POINT('',(-50.,180.,1.5));
#439 = VECTOR('',#440,1.);
#440 = DIRECTION('',(0.,-1.,0.));
#441 = PCURVE('',#44,#442);
#442 = DEFINITIONAL_REPRESENTATION('',(#443),#447);
#443 = LINE('',#444,#445);
#444 = CARTESIAN_POINT('',(-119.4369100523,-34.19067703806));
#445 = VECTOR('',#446,1.);
#446 = DIRECTION('',(1.,0.));
#447 = ( GEOMETRIC_REPRESENTATION_CONTEXT(2) 
PARAMETRIC_REPRESENTATION_CONTEXT() REPRESENTATION_CONTEXT('2D SPACE',''
  ) );
#448 = PCURVE('',#72,#449);
#449 = DEFINITIONAL_REPRESENTATION('',(#450),#454);
#450 = LINE('',#451,#452);
#451 = CARTESIAN_POINT('',(0.,-1.06066017178));
#452 = VECTOR('',#453,1.);
#453 = DIRECTION('',(1.,0.));
#454 = ( GEOMETRIC_REPRESENTATION_CONTEXT(2) 
PARAMETRIC_REPRESENTATION_CONTEXT() REPRESENTATION_CONTEXT('2D SPACE',''
  ) );
#455 = ADVANCED_FACE('',(#456),#72,.F.);
#456 = FACE_BOUND('',#457,.F.);
#457 = EDGE_LOOP('',(#458,#481,#482,#483,#506));
#458 = ORIENTED_EDGE('',*,*,#459,.T.);
#459 = EDGE_CURVE('',#460,#57,#462,.T.);
#460 = VERTEX_POINT('',#461);
#461 = CARTESIAN_POINT('',(-48.5,178.5,-6.439293542826E-15));
#462 = SURFACE_CURVE('',#463,(#467,#474),.PCURVE_S1.);
#463 = LINE('',#464,#465);
#464 = CARTESIAN_POINT('',(-28.84749086165,165.78645803125,
    -19.65250913834));
#465 = VECTOR('',#466,1.);
#466 = DIRECTION('',(-0.643023450764,0.415982792356,0.643023450764));
#467 = PCURVE('',#72,#468);
#468 = DEFINITIONAL_REPRESENTATION('',(#469),#473);
#469 = LINE('',#470,#471);
#470 = CARTESIAN_POINT('',(14.213541968745,28.853505129893));
#471 = VECTOR('',#472,1.);
#472 = DIRECTION('',(-0.415982792356,-0.909372484994));
#473 = ( GEOMETRIC_REPRESENTATION_CONTEXT(2) 
PARAMETRIC_REPRESENTATION_CONTEXT() REPRESENTATION_CONTEXT('2D SPACE',''
  ) );
#474 = PCURVE('',#100,#475);
#475 = DEFINITIONAL_REPRESENTATION('',(#476),#480);
#476 = LINE('',#477,#478);
#477 = CARTESIAN_POINT('',(-78.84749086165,24.221059223669));
#478 = VECTOR('',#479,1.);
#479 = DIRECTION('',(-0.643023450764,-0.765846487077));
#480 = ( GEOMETRIC_REPRESENTATION_CONTEXT(2) 
PARAMETRIC_REPRESENTATION_CONTEXT() REPRESENTATION_CONTEXT('2D SPACE',''
  ) );
#481 = ORIENTED_EDGE('',*,*,#56,.T.);
#482 = ORIENTED_EDGE('',*,*,#435,.T.);
#483 = ORIENTED_EDGE('',*,*,#484,.T.);
#484 = EDGE_CURVE('',#198,#485,#487,.T.);
#485 = VERTEX_POINT('',#486);
#486 = CARTESIAN_POINT('',(-48.5,160.,-1.110223024625E-15));
#487 = SURFACE_CURVE('',#488,(#492,#499),.PCURVE_S1.);
#488 = LINE('',#489,#490);
#489 = CARTESIAN_POINT('',(-35.84041274559,166.4035674457,-12.6595872544
    ));
#490 = VECTOR('',#491,1.);
#491 = DIRECTION('',(0.665799994341,0.336779950518,-0.665799994341));
#492 = PCURVE('',#72,#493);
#493 = DEFINITIONAL_REPRESENTATION('',(#494),#498);
#494 = LINE('',#495,#496);
#495 = CARTESIAN_POINT('',(13.596432554297,18.96402016101));
#496 = VECTOR('',#497,1.);
#497 = DIRECTION('',(-0.336779950518,0.941583381825));
#498 = ( GEOMETRIC_REPRESENTATION_CONTEXT(2) 
PARAMETRIC_REPRESENTATION_CONTEXT() REPRESENTATION_CONTEXT('2D SPACE',''
  ) );
#499 = PCURVE('',#215,#500);
#500 = DEFINITIONAL_REPRESENTATION('',(#501),#505);
#501 = LINE('',#502,#503);
#502 = CARTESIAN_POINT('',(-14.18699494197,-35.84041274559));
#503 = VECTOR('',#504,1.);
#504 = DIRECTION('',(-0.746130261774,0.665799994341));
#505 = ( GEOMETRIC_REPRESENTATION_CONTEXT(2) 
PARAMETRIC_REPRESENTATION_CONTEXT() REPRESENTATION_CONTEXT('2D SPACE',''
  ) );
#506 = ORIENTED_EDGE('',*,*,#507,.F.);
#507 = EDGE_CURVE('',#460,#485,#508,.T.);
#508 = SURFACE_CURVE('',#509,(#513,#520),.PCURVE_S1.);
#509 = LINE('',#510,#511);
#510 = CARTESIAN_POINT('',(-48.5,180.,0.));
#511 = VECTOR('',#512,1.);
#512 = DIRECTION('',(0.,-1.,0.));
#513 = PCURVE('',#72,#514);
#514 = DEFINITIONAL_REPRESENTATION('',(#515),#519);
#515 = LINE('',#516,#517);
#516 = CARTESIAN_POINT('',(0.,1.06066017178));
#517 = VECTOR('',#518,1.);
#518 = DIRECTION('',(1.,0.));
#519 = ( GEOMETRIC_REPRESENTATION_CONTEXT(2) 
PARAMETRIC_REPRESENTATION_CONTEXT() REPRESENTATION_CONTEXT('2D SPACE',''
  ) );
#520 = PCURVE('',#521,#526);
#521 = PLANE('',#522);
#522 = AXIS2_PLACEMENT_3D('',#523,#524,#525);
#523 = CARTESIAN_POINT('',(0.,180.,0.));
#524 = DIRECTION('',(-0.,0.,1.));
#525 = DIRECTION('',(0.,-1.,0.));
#526 = DEFINITIONAL_REPRESENTATION('',(#527),#531);
#527 = LINE('',#528,#529);
#528 = CARTESIAN_POINT('',(0.,-48.5));
#529 = VECTOR('',#530,1.);
#530 = DIRECTION('',(1.,0.));
#531 = ( GEOMETRIC_REPRESENTATION_CONTEXT(2) 
PARAMETRIC_REPRESENTATION_CONTEXT() REPRESENTATION_CONTEXT('2D SPACE',''
  ) );
#532 = ADVANCED_FACE('',(#533),#182,.T.);
#533 = FACE_BOUND('',#534,.T.);
#534 = EDGE_LOOP('',(#535,#536,#559,#586,#614,#641,#669,#690));
#535 = ORIENTED_EDGE('',*,*,#414,.F.);
#536 = ORIENTED_EDGE('',*,*,#537,.T.);
#537 = EDGE_CURVE('',#389,#538,#540,.T.);
#538 = VERTEX_POINT('',#539);
#539 = CARTESIAN_POINT('',(-46.,140.,65.));
#540 = SURFACE_CURVE('',#541,(#545,#552),.PCURVE_S1.);
#541 = LINE('',#542,#543);
#542 = CARTESIAN_POINT('',(-150.,140.,65.));
#543 = VECTOR('',#544,1.);
#544 = DIRECTION('',(1.,0.,0.));
#545 = PCURVE('',#182,#546);
#546 = DEFINITIONAL_REPRESENTATION('',(#547),#551);
#547 = LINE('',#548,#549);
#548 = CARTESIAN_POINT('',(85.,-150.));
#549 = VECTOR('',#550,1.);
#550 = DIRECTION('',(0.,1.));
#551 = ( GEOMETRIC_REPRESENTATION_CONTEXT(2) 
PARAMETRIC_REPRESENTATION_CONTEXT() REPRESENTATION_CONTEXT('2D SPACE',''
  ) );
#552 = PCURVE('',#403,#553);
#553 = DEFINITIONAL_REPRESENTATION('',(#554),#558);
#554 = LINE('',#555,#556);
#555 = CARTESIAN_POINT('',(-0.,-150.));
#556 = VECTOR('',#557,1.);
#557 = DIRECTION('',(0.,1.));
#558 = ( GEOMETRIC_REPRESENTATION_CONTEXT(2) 
PARAMETRIC_REPRESENTATION_CONTEXT() REPRESENTATION_CONTEXT('2D SPACE',''
  ) );
#559 = ORIENTED_EDGE('',*,*,#560,.T.);
#560 = EDGE_CURVE('',#538,#561,#563,.T.);
#561 = VERTEX_POINT('',#562);
#562 = CARTESIAN_POINT('',(-46.,140.,79.242438829298));
#563 = SURFACE_CURVE('',#564,(#568,#575),.PCURVE_S1.);
#564 = LINE('',#565,#566);
#565 = CARTESIAN_POINT('',(-46.,140.,92.845338519034));
#566 = VECTOR('',#567,1.);
#567 = DIRECTION('',(-0.,0.,1.));
#568 = PCURVE('',#182,#569);
#569 = DEFINITIONAL_REPRESENTATION('',(#570),#574);
#570 = LINE('',#571,#572);
#571 = CARTESIAN_POINT('',(57.154661480966,-46.));
#572 = VECTOR('',#573,1.);
#573 = DIRECTION('',(-1.,0.));
#574 = ( GEOMETRIC_REPRESENTATION_CONTEXT(2) 
PARAMETRIC_REPRESENTATION_CONTEXT() REPRESENTATION_CONTEXT('2D SPACE',''
  ) );
#575 = PCURVE('',#576,#581);
#576 = PLANE('',#577);
#577 = AXIS2_PLACEMENT_3D('',#578,#579,#580);
#578 = CARTESIAN_POINT('',(-46.,60.563089947655,35.690677038067));
#579 = DIRECTION('',(-1.,-0.,-0.));
#580 = DIRECTION('',(0.,-1.,0.));
#581 = DEFINITIONAL_REPRESENTATION('',(#582),#585);
#582 = B_SPLINE_CURVE_WITH_KNOTS('',1,(#583,#584),.UNSPECIFIED.,.F.,.F.,
  (2,2),(-27.84533851903,-8.572392558652),.PIECEWISE_BEZIER_KNOTS.);
#583 = CARTESIAN_POINT('',(-79.43691005234,29.309322961933));
#584 = CARTESIAN_POINT('',(-79.43691005234,48.582268922314));
#585 = ( GEOMETRIC_REPRESENTATION_CONTEXT(2) 
PARAMETRIC_REPRESENTATION_CONTEXT() REPRESENTATION_CONTEXT('2D SPACE',''
  ) );
#586 = ORIENTED_EDGE('',*,*,#587,.T.);
#587 = EDGE_CURVE('',#561,#588,#590,.T.);
#588 = VERTEX_POINT('',#589);
#589 = CARTESIAN_POINT('',(46.,140.,79.242438829298));
#590 = SURFACE_CURVE('',#591,(#595,#602),.PCURVE_S1.);
#591 = LINE('',#592,#593);
#592 = CARTESIAN_POINT('',(-46.,140.,79.242438829298));
#593 = VECTOR('',#594,1.);
#594 = DIRECTION('',(1.,0.,0.));
#595 = PCURVE('',#182,#596);
#596 = DEFINITIONAL_REPRESENTATION('',(#597),#601);
#597 = LINE('',#598,#599);
#598 = CARTESIAN_POINT('',(70.757561170702,-46.));
#599 = VECTOR('',#600,1.);
#600 = DIRECTION('',(0.,1.));
#601 = ( GEOMETRIC_REPRESENTATION_CONTEXT(2) 
PARAMETRIC_REPRESENTATION_CONTEXT() REPRESENTATION_CONTEXT('2D SPACE',''
  ) );
#602 = PCURVE('',#603,#608);
#603 = PLANE('',#604);
#604 = AXIS2_PLACEMENT_3D('',#605,#606,#607);
#605 = CARTESIAN_POINT('',(0.,137.73909791861,84.272945960381));
#606 = DIRECTION('',(0.,-0.912113164786,-0.409938501027));
#607 = DIRECTION('',(0.,0.409938501027,-0.912113164786));
#608 = DEFINITIONAL_REPRESENTATION('',(#609),#613);
#609 = LINE('',#610,#611);
#610 = CARTESIAN_POINT('',(5.515222590023,-46.));
#611 = VECTOR('',#612,1.);
#612 = DIRECTION('',(0.,1.));
#613 = ( GEOMETRIC_REPRESENTATION_CONTEXT(2) 
PARAMETRIC_REPRESENTATION_CONTEXT() REPRESENTATION_CONTEXT('2D SPACE',''
  ) );
#614 = ORIENTED_EDGE('',*,*,#615,.F.);
#615 = EDGE_CURVE('',#616,#588,#618,.T.);
#616 = VERTEX_POINT('',#617);
#617 = CARTESIAN_POINT('',(46.,140.,65.));
#618 = SURFACE_CURVE('',#619,(#623,#630),.PCURVE_S1.);
#619 = LINE('',#620,#621);
#620 = CARTESIAN_POINT('',(46.,140.,92.845338519034));
#621 = VECTOR('',#622,1.);
#622 = DIRECTION('',(-0.,0.,1.));
#623 = PCURVE('',#182,#624);
#624 = DEFINITIONAL_REPRESENTATION('',(#625),#629);
#625 = LINE('',#626,#627);
#626 = CARTESIAN_POINT('',(57.154661480966,46.));
#627 = VECTOR('',#628,1.);
#628 = DIRECTION('',(-1.,0.));
#629 = ( GEOMETRIC_REPRESENTATION_CONTEXT(2) 
PARAMETRIC_REPRESENTATION_CONTEXT() REPRESENTATION_CONTEXT('2D SPACE',''
  ) );
#630 = PCURVE('',#631,#636);
#631 = PLANE('',#632);
#632 = AXIS2_PLACEMENT_3D('',#633,#634,#635);
#633 = CARTESIAN_POINT('',(46.,60.563089947655,35.690677038067));
#634 = DIRECTION('',(-1.,-0.,-0.));
#635 = DIRECTION('',(0.,-1.,0.));
#636 = DEFINITIONAL_REPRESENTATION('',(#637),#640);
#637 = B_SPLINE_CURVE_WITH_KNOTS('',1,(#638,#639),.UNSPECIFIED.,.F.,.F.,
  (2,2),(-27.84533851903,-8.572392558652),.PIECEWISE_BEZIER_KNOTS.);
#638 = CARTESIAN_POINT('',(-79.43691005234,29.309322961933));
#639 = CARTESIAN_POINT('',(-79.43691005234,48.582268922314));
#640 = ( GEOMETRIC_REPRESENTATION_CONTEXT(2) 
PARAMETRIC_REPRESENTATION_CONTEXT() REPRESENTATION_CONTEXT('2D SPACE',''
  ) );
#641 = ORIENTED_EDGE('',*,*,#642,.T.);
#642 = EDGE_CURVE('',#616,#643,#645,.T.);
#643 = VERTEX_POINT('',#644);
#644 = CARTESIAN_POINT('',(50.,140.,65.));
#645 = SURFACE_CURVE('',#646,(#650,#657),.PCURVE_S1.);
#646 = LINE('',#647,#648);
#647 = CARTESIAN_POINT('',(-150.,140.,65.));
#648 = VECTOR('',#649,1.);
#649 = DIRECTION('',(1.,0.,0.));
#650 = PCURVE('',#182,#651);
#651 = DEFINITIONAL_REPRESENTATION('',(#652),#656);
#652 = LINE('',#653,#654);
#653 = CARTESIAN_POINT('',(85.,-150.));
#654 = VECTOR('',#655,1.);
#655 = DIRECTION('',(0.,1.));
#656 = ( GEOMETRIC_REPRESENTATION_CONTEXT(2) 
PARAMETRIC_REPRESENTATION_CONTEXT() REPRESENTATION_CONTEXT('2D SPACE',''
  ) );
#657 = PCURVE('',#658,#663);
#658 = PLANE('',#659);
#659 = AXIS2_PLACEMENT_3D('',#660,#661,#662);
#660 = CARTESIAN_POINT('',(0.,140.,65.));
#661 = DIRECTION('',(0.,-0.253359391838,0.96737222338));
#662 = DIRECTION('',(0.,-0.96737222338,-0.253359391838));
#663 = DEFINITIONAL_REPRESENTATION('',(#664),#668);
#664 = LINE('',#665,#666);
#665 = CARTESIAN_POINT('',(-0.,-150.));
#666 = VECTOR('',#667,1.);
#667 = DIRECTION('',(0.,1.));
#668 = ( GEOMETRIC_REPRESENTATION_CONTEXT(2) 
PARAMETRIC_REPRESENTATION_CONTEXT() REPRESENTATION_CONTEXT('2D SPACE',''
  ) );
#669 = ORIENTED_EDGE('',*,*,#670,.T.);
#670 = EDGE_CURVE('',#643,#141,#671,.T.);
#671 = SURFACE_CURVE('',#672,(#676,#683),.PCURVE_S1.);
#672 = LINE('',#673,#674);
#673 = CARTESIAN_POINT('',(50.,140.,92.845338519034));
#674 = VECTOR('',#675,1.);
#675 = DIRECTION('',(-0.,0.,1.));
#676 = PCURVE('',#182,#677);
#677 = DEFINITIONAL_REPRESENTATION('',(#678),#682);
#678 = LINE('',#679,#680);
#679 = CARTESIAN_POINT('',(57.154661480966,50.));
#680 = VECTOR('',#681,1.);
#681 = DIRECTION('',(-1.,0.));
#682 = ( GEOMETRIC_REPRESENTATION_CONTEXT(2) 
PARAMETRIC_REPRESENTATION_CONTEXT() REPRESENTATION_CONTEXT('2D SPACE',''
  ) );
#683 = PCURVE('',#156,#684);
#684 = DEFINITIONAL_REPRESENTATION('',(#685),#689);
#685 = LINE('',#686,#687);
#686 = CARTESIAN_POINT('',(-79.43691005234,57.154661480966));
#687 = VECTOR('',#688,1.);
#688 = DIRECTION('',(0.,1.));
#689 = ( GEOMETRIC_REPRESENTATION_CONTEXT(2) 
PARAMETRIC_REPRESENTATION_CONTEXT() REPRESENTATION_CONTEXT('2D SPACE',''
  ) );
#690 = ORIENTED_EDGE('',*,*,#168,.T.);
#691 = ADVANCED_FACE('',(#692),#100,.T.);
#692 = FACE_BOUND('',#693,.F.);
#693 = EDGE_LOOP('',(#694,#717,#718,#719));
#694 = ORIENTED_EDGE('',*,*,#695,.T.);
#695 = EDGE_CURVE('',#696,#85,#698,.T.);
#696 = VERTEX_POINT('',#697);
#697 = CARTESIAN_POINT('',(48.5,178.5,-5.662137425588E-15));
#698 = SURFACE_CURVE('',#699,(#703,#710),.PCURVE_S1.);
#699 = LINE('',#700,#701);
#700 = CARTESIAN_POINT('',(49.521448773246,179.1607925612,1.021448773246
    ));
#701 = VECTOR('',#702,1.);
#702 = DIRECTION('',(0.643023450764,0.415982792356,0.643023450764));
#703 = PCURVE('',#100,#704);
#704 = DEFINITIONAL_REPRESENTATION('',(#705),#709);
#705 = LINE('',#706,#707);
#706 = CARTESIAN_POINT('',(-0.478551226754,-0.4018033201));
#707 = VECTOR('',#708,1.);
#708 = DIRECTION('',(0.643023450764,-0.765846487077));
#709 = ( GEOMETRIC_REPRESENTATION_CONTEXT(2) 
PARAMETRIC_REPRESENTATION_CONTEXT() REPRESENTATION_CONTEXT('2D SPACE',''
  ) );
#710 = PCURVE('',#128,#711);
#711 = DEFINITIONAL_REPRESENTATION('',(#712),#716);
#712 = LINE('',#713,#714);
#713 = CARTESIAN_POINT('',(0.839207438797,-0.383886536614));
#714 = VECTOR('',#715,1.);
#715 = DIRECTION('',(-0.415982792356,-0.909372484994));
#716 = ( GEOMETRIC_REPRESENTATION_CONTEXT(2) 
PARAMETRIC_REPRESENTATION_CONTEXT() REPRESENTATION_CONTEXT('2D SPACE',''
  ) );
#717 = ORIENTED_EDGE('',*,*,#84,.T.);
#718 = ORIENTED_EDGE('',*,*,#459,.F.);
#719 = ORIENTED_EDGE('',*,*,#720,.F.);
#720 = EDGE_CURVE('',#696,#460,#721,.T.);
#721 = SURFACE_CURVE('',#722,(#726,#733),.PCURVE_S1.);
#722 = LINE('',#723,#724);
#723 = CARTESIAN_POINT('',(50.,178.5,-7.105427357601E-15));
#724 = VECTOR('',#725,1.);
#725 = DIRECTION('',(-1.,0.,0.));
#726 = PCURVE('',#100,#727);
#727 = DEFINITIONAL_REPRESENTATION('',(#728),#732);
#728 = LINE('',#729,#730);
#729 = CARTESIAN_POINT('',(-0.,0.814750996529));
#730 = VECTOR('',#731,1.);
#731 = DIRECTION('',(-1.,0.));
#732 = ( GEOMETRIC_REPRESENTATION_CONTEXT(2) 
PARAMETRIC_REPRESENTATION_CONTEXT() REPRESENTATION_CONTEXT('2D SPACE',''
  ) );
#733 = PCURVE('',#521,#734);
#734 = DEFINITIONAL_REPRESENTATION('',(#735),#739);
#735 = LINE('',#736,#737);
#736 = CARTESIAN_POINT('',(1.5,50.));
#737 = VECTOR('',#738,1.);
#738 = DIRECTION('',(0.,-1.));
#739 = ( GEOMETRIC_REPRESENTATION_CONTEXT(2) 
PARAMETRIC_REPRESENTATION_CONTEXT() REPRESENTATION_CONTEXT('2D SPACE',''
  ) );
#740 = ADVANCED_FACE('',(#741,#977),#156,.F.);
#741 = FACE_BOUND('',#742,.F.);
#742 = EDGE_LOOP('',(#743,#773,#801,#824,#851,#884,#911,#931,#932,#933,
    #956));
#743 = ORIENTED_EDGE('',*,*,#744,.F.);
#744 = EDGE_CURVE('',#745,#747,#749,.T.);
#745 = VERTEX_POINT('',#746);
#746 = CARTESIAN_POINT('',(50.,-66.,2.086657388257));
#747 = VERTEX_POINT('',#748);
#748 = CARTESIAN_POINT('',(50.,143.78520727554,32.055972713334));
#749 = SURFACE_CURVE('',#750,(#754,#761),.PCURVE_S1.);
#750 = LINE('',#751,#752);
#751 = CARTESIAN_POINT('',(50.,-66.,2.086657388257));
#752 = VECTOR('',#753,1.);
#753 = DIRECTION('',(0.,0.989949493661,0.141421356237));
#754 = PCURVE('',#156,#755);
#755 = DEFINITIONAL_REPRESENTATION('',(#756),#760);
#756 = LINE('',#757,#758);
#757 = CARTESIAN_POINT('',(126.56308994765,-33.60401964981));
#758 = VECTOR('',#759,1.);
#759 = DIRECTION('',(-0.989949493661,0.141421356237));
#760 = ( GEOMETRIC_REPRESENTATION_CONTEXT(2) 
PARAMETRIC_REPRESENTATION_CONTEXT() REPRESENTATION_CONTEXT('2D SPACE',''
  ) );
#761 = PCURVE('',#762,#767);
#762 = PLANE('',#763);
#763 = AXIS2_PLACEMENT_3D('',#764,#765,#766);
#764 = CARTESIAN_POINT('',(49.25,-66.10606601717,1.313890691674));
#765 = DIRECTION('',(0.707106781187,0.1,-0.7));
#766 = DIRECTION('',(8.326672684689E-17,-0.989949493661,-0.141421356237)
  );
#767 = DEFINITIONAL_REPRESENTATION('',(#768),#772);
#768 = LINE('',#769,#770);
#769 = CARTESIAN_POINT('',(-0.214285714286,-1.06066017178));
#770 = VECTOR('',#771,1.);
#771 = DIRECTION('',(-1.,2.775557561563E-17));
#772 = ( GEOMETRIC_REPRESENTATION_CONTEXT(2) 
PARAMETRIC_REPRESENTATION_CONTEXT() REPRESENTATION_CONTEXT('2D SPACE',''
  ) );
#773 = ORIENTED_EDGE('',*,*,#774,.T.);
#774 = EDGE_CURVE('',#745,#775,#777,.T.);
#775 = VERTEX_POINT('',#776);
#776 = CARTESIAN_POINT('',(50.,-66.,11.047619047619));
#777 = SURFACE_CURVE('',#778,(#782,#789),.PCURVE_S1.);
#778 = LINE('',#779,#780);
#779 = CARTESIAN_POINT('',(50.,-66.,0.));
#780 = VECTOR('',#781,1.);
#781 = DIRECTION('',(0.,0.,1.));
#782 = PCURVE('',#156,#783);
#783 = DEFINITIONAL_REPRESENTATION('',(#784),#788);
#784 = LINE('',#785,#786);
#785 = CARTESIAN_POINT('',(126.56308994765,-35.69067703806));
#786 = VECTOR('',#787,1.);
#787 = DIRECTION('',(0.,1.));
#788 = ( GEOMETRIC_REPRESENTATION_CONTEXT(2) 
PARAMETRIC_REPRESENTATION_CONTEXT() REPRESENTATION_CONTEXT('2D SPACE',''
  ) );
#789 = PCURVE('',#790,#795);
#790 = CYLINDRICAL_SURFACE('',#791,4.);
#791 = AXIS2_PLACEMENT_3D('',#792,#793,#794);
#792 = CARTESIAN_POINT('',(46.,-66.,0.));
#793 = DIRECTION('',(0.,0.,1.));
#794 = DIRECTION('',(0.,-1.,0.));
#795 = DEFINITIONAL_REPRESENTATION('',(#796),#800);
#796 = LINE('',#797,#798);
#797 = CARTESIAN_POINT('',(1.570796326795,0.));
#798 = VECTOR('',#799,1.);
#799 = DIRECTION('',(0.,1.));
#800 = ( GEOMETRIC_REPRESENTATION_CONTEXT(2) 
PARAMETRIC_REPRESENTATION_CONTEXT() REPRESENTATION_CONTEXT('2D SPACE',''
  ) );
#801 = ORIENTED_EDGE('',*,*,#802,.F.);
#802 = EDGE_CURVE('',#803,#775,#805,.T.);
#803 = VERTEX_POINT('',#804);
#804 = CARTESIAN_POINT('',(50.,28.8,35.87619047619));
#805 = SURFACE_CURVE('',#806,(#810,#817),.PCURVE_S1.);
#806 = LINE('',#807,#808);
#807 = CARTESIAN_POINT('',(50.,28.8,35.87619047619));
#808 = VECTOR('',#809,1.);
#809 = DIRECTION('',(0.,-0.96737222338,-0.253359391838));
#810 = PCURVE('',#156,#811);
#811 = DEFINITIONAL_REPRESENTATION('',(#812),#816);
#812 = LINE('',#813,#814);
#813 = CARTESIAN_POINT('',(31.763089947655,0.185513438123));
#814 = VECTOR('',#815,1.);
#815 = DIRECTION('',(0.96737222338,-0.253359391838));
#816 = ( GEOMETRIC_REPRESENTATION_CONTEXT(2) 
PARAMETRIC_REPRESENTATION_CONTEXT() REPRESENTATION_CONTEXT('2D SPACE',''
  ) );
#817 = PCURVE('',#298,#818);
#818 = DEFINITIONAL_REPRESENTATION('',(#819),#823);
#819 = LINE('',#820,#821);
#820 = CARTESIAN_POINT('',(114.95058190883,50.));
#821 = VECTOR('',#822,1.);
#822 = DIRECTION('',(1.,0.));
#823 = ( GEOMETRIC_REPRESENTATION_CONTEXT(2) 
PARAMETRIC_REPRESENTATION_CONTEXT() REPRESENTATION_CONTEXT('2D SPACE',''
  ) );
#824 = ORIENTED_EDGE('',*,*,#825,.T.);
#825 = EDGE_CURVE('',#803,#826,#828,.T.);
#826 = VERTEX_POINT('',#827);
#827 = CARTESIAN_POINT('',(50.,28.8,28.));
#828 = SURFACE_CURVE('',#829,(#833,#840),.PCURVE_S1.);
#829 = LINE('',#830,#831);
#830 = CARTESIAN_POINT('',(50.,28.8,31.845338519034));
#831 = VECTOR('',#832,1.);
#832 = DIRECTION('',(0.,0.,-1.));
#833 = PCURVE('',#156,#834);
#834 = DEFINITIONAL_REPRESENTATION('',(#835),#839);
#835 = LINE('',#836,#837);
#836 = CARTESIAN_POINT('',(31.763089947655,-3.845338519034));
#837 = VECTOR('',#838,1.);
#838 = DIRECTION('',(0.,-1.));
#839 = ( GEOMETRIC_REPRESENTATION_CONTEXT(2) 
PARAMETRIC_REPRESENTATION_CONTEXT() REPRESENTATION_CONTEXT('2D SPACE',''
  ) );
#840 = PCURVE('',#841,#846);
#841 = PLANE('',#842);
#842 = AXIS2_PLACEMENT_3D('',#843,#844,#845);
#843 = CARTESIAN_POINT('',(48.25,28.8,28.));
#844 = DIRECTION('',(0.,1.,0.));
#845 = DIRECTION('',(0.,0.,1.));
#846 = DEFINITIONAL_REPRESENTATION('',(#847),#850);
#847 = B_SPLINE_CURVE_WITH_KNOTS('',1,(#848,#849),.UNSPECIFIED.,.F.,.F.,
  (2,2),(-8.154661480966,3.845338519034),.PIECEWISE_BEZIER_KNOTS.);
#848 = CARTESIAN_POINT('',(12.,1.75));
#849 = CARTESIAN_POINT('',(0.,1.75));
#850 = ( GEOMETRIC_REPRESENTATION_CONTEXT(2) 
PARAMETRIC_REPRESENTATION_CONTEXT() REPRESENTATION_CONTEXT('2D SPACE',''
  ) );
#851 = ORIENTED_EDGE('',*,*,#852,.T.);
#852 = EDGE_CURVE('',#826,#853,#855,.T.);
#853 = VERTEX_POINT('',#854);
#854 = CARTESIAN_POINT('',(50.,35.2,28.));
#855 = SURFACE_CURVE('',#856,(#861,#872),.PCURVE_S1.);
#856 = CIRCLE('',#857,3.2);
#857 = AXIS2_PLACEMENT_3D('',#858,#859,#860);
#858 = CARTESIAN_POINT('',(50.,32.,28.));
#859 = DIRECTION('',(1.,0.,2.22044604925E-16));
#860 = DIRECTION('',(2.22044604925E-16,0.,-1.));
#861 = PCURVE('',#156,#862);
#862 = DEFINITIONAL_REPRESENTATION('',(#863),#871);
#863 = ( BOUNDED_CURVE() B_SPLINE_CURVE(2,(#864,#865,#866,#867,#868,#869
,#870),.UNSPECIFIED.,.T.,.F.) B_SPLINE_CURVE_WITH_KNOTS((1,2,2,2,2,1),(
    -2.094395102393,0.,2.094395102393,4.188790204786,6.28318530718,
8.377580409573),.UNSPECIFIED.) CURVE() GEOMETRIC_REPRESENTATION_ITEM() 
RATIONAL_B_SPLINE_CURVE((1.,0.5,1.,0.5,1.,0.5,1.)) REPRESENTATION_ITEM(
  '') );
#864 = CARTESIAN_POINT('',(28.563089947655,-10.89067703806));
#865 = CARTESIAN_POINT('',(23.020527363435,-10.89067703806));
#866 = CARTESIAN_POINT('',(25.791808655545,-6.090677038067));
#867 = CARTESIAN_POINT('',(28.563089947655,-1.290677038068));
#868 = CARTESIAN_POINT('',(31.334371239765,-6.090677038067));
#869 = CARTESIAN_POINT('',(34.105652531876,-10.89067703806));
#870 = CARTESIAN_POINT('',(28.563089947655,-10.89067703806));
#871 = ( GEOMETRIC_REPRESENTATION_CONTEXT(2) 
PARAMETRIC_REPRESENTATION_CONTEXT() REPRESENTATION_CONTEXT('2D SPACE',''
  ) );
#872 = PCURVE('',#873,#878);
#873 = CYLINDRICAL_SURFACE('',#874,3.2);
#874 = AXIS2_PLACEMENT_3D('',#875,#876,#877);
#875 = CARTESIAN_POINT('',(48.25,32.,28.));
#876 = DIRECTION('',(1.,0.,2.22044604925E-16));
#877 = DIRECTION('',(2.22044604925E-16,0.,-1.));
#878 = DEFINITIONAL_REPRESENTATION('',(#879),#883);
#879 = LINE('',#880,#881);
#880 = CARTESIAN_POINT('',(0.,1.75));
#881 = VECTOR('',#882,1.);
#882 = DIRECTION('',(1.,0.));
#883 = ( GEOMETRIC_REPRESENTATION_CONTEXT(2) 
PARAMETRIC_REPRESENTATION_CONTEXT() REPRESENTATION_CONTEXT('2D SPACE',''
  ) );
#884 = ORIENTED_EDGE('',*,*,#885,.F.);
#885 = EDGE_CURVE('',#886,#853,#888,.T.);
#886 = VERTEX_POINT('',#887);
#887 = CARTESIAN_POINT('',(50.,35.2,37.552380952381));
#888 = SURFACE_CURVE('',#889,(#893,#900),.PCURVE_S1.);
#889 = LINE('',#890,#891);
#890 = CARTESIAN_POINT('',(50.,35.2,31.845338519034));
#891 = VECTOR('',#892,1.);
#892 = DIRECTION('',(0.,0.,-1.));
#893 = PCURVE('',#156,#894);
#894 = DEFINITIONAL_REPRESENTATION('',(#895),#899);
#895 = LINE('',#896,#897);
#896 = CARTESIAN_POINT('',(25.363089947655,-3.845338519034));
#897 = VECTOR('',#898,1.);
#898 = DIRECTION('',(0.,-1.));
#899 = ( GEOMETRIC_REPRESENTATION_CONTEXT(2) 
PARAMETRIC_REPRESENTATION_CONTEXT() REPRESENTATION_CONTEXT('2D SPACE',''
  ) );
#900 = PCURVE('',#901,#906);
#901 = PLANE('',#902);
#902 = AXIS2_PLACEMENT_3D('',#903,#904,#905);
#903 = CARTESIAN_POINT('',(48.25,35.2,28.));
#904 = DIRECTION('',(0.,1.,0.));
#905 = DIRECTION('',(0.,0.,1.));
#906 = DEFINITIONAL_REPRESENTATION('',(#907),#910);
#907 = B_SPLINE_CURVE_WITH_KNOTS('',1,(#908,#909),.UNSPECIFIED.,.F.,.F.,
  (2,2),(-8.154661480966,3.845338519034),.PIECEWISE_BEZIER_KNOTS.);
#908 = CARTESIAN_POINT('',(12.,1.75));
#909 = CARTESIAN_POINT('',(0.,1.75));
#910 = ( GEOMETRIC_REPRESENTATION_CONTEXT(2) 
PARAMETRIC_REPRESENTATION_CONTEXT() REPRESENTATION_CONTEXT('2D SPACE',''
  ) );
#911 = ORIENTED_EDGE('',*,*,#912,.T.);
#912 = EDGE_CURVE('',#886,#643,#913,.T.);
#913 = SURFACE_CURVE('',#914,(#918,#925),.PCURVE_S1.);
#914 = LINE('',#915,#916);
#915 = CARTESIAN_POINT('',(50.,99.239359007759,54.324594025842));
#916 = VECTOR('',#917,1.);
#917 = DIRECTION('',(-0.,0.96737222338,0.253359391838));
#918 = PCURVE('',#156,#919);
#919 = DEFINITIONAL_REPRESENTATION('',(#920),#924);
#920 = LINE('',#921,#922);
#921 = CARTESIAN_POINT('',(-38.6762690601,18.633916987774));
#922 = VECTOR('',#923,1.);
#923 = DIRECTION('',(-0.96737222338,0.253359391838));
#924 = ( GEOMETRIC_REPRESENTATION_CONTEXT(2) 
PARAMETRIC_REPRESENTATION_CONTEXT() REPRESENTATION_CONTEXT('2D SPACE',''
  ) );
#925 = PCURVE('',#658,#926);
#926 = DEFINITIONAL_REPRESENTATION('',(#927),#930);
#927 = B_SPLINE_CURVE_WITH_KNOTS('',1,(#928,#929),.UNSPECIFIED.,.F.,.F.,
  (2,2),(-170.8125941743,42.135426268301),.PIECEWISE_BEZIER_KNOTS.);
#928 = CARTESIAN_POINT('',(212.94802044262,50.));
#929 = CARTESIAN_POINT('',(0.,50.));
#930 = ( GEOMETRIC_REPRESENTATION_CONTEXT(2) 
PARAMETRIC_REPRESENTATION_CONTEXT() REPRESENTATION_CONTEXT('2D SPACE',''
  ) );
#931 = ORIENTED_EDGE('',*,*,#670,.T.);
#932 = ORIENTED_EDGE('',*,*,#140,.T.);
#933 = ORIENTED_EDGE('',*,*,#934,.T.);
#934 = EDGE_CURVE('',#113,#935,#937,.T.);
#935 = VERTEX_POINT('',#936);
#936 = CARTESIAN_POINT('',(50.,159.24125874125,1.5));
#937 = SURFACE_CURVE('',#938,(#942,#949),.PCURVE_S1.);
#938 = LINE('',#939,#940);
#939 = CARTESIAN_POINT('',(50.,180.,1.5));
#940 = VECTOR('',#941,1.);
#941 = DIRECTION('',(0.,-1.,0.));
#942 = PCURVE('',#156,#943);
#943 = DEFINITIONAL_REPRESENTATION('',(#944),#948);
#944 = LINE('',#945,#946);
#945 = CARTESIAN_POINT('',(-119.4369100523,-34.19067703806));
#946 = VECTOR('',#947,1.);
#947 = DIRECTION('',(1.,0.));
#948 = ( GEOMETRIC_REPRESENTATION_CONTEXT(2) 
PARAMETRIC_REPRESENTATION_CONTEXT() REPRESENTATION_CONTEXT('2D SPACE',''
  ) );
#949 = PCURVE('',#128,#950);
#950 = DEFINITIONAL_REPRESENTATION('',(#951),#955);
#951 = LINE('',#952,#953);
#952 = CARTESIAN_POINT('',(0.,-1.06066017178));
#953 = VECTOR('',#954,1.);
#954 = DIRECTION('',(1.,0.));
#955 = ( GEOMETRIC_REPRESENTATION_CONTEXT(2) 
PARAMETRIC_REPRESENTATION_CONTEXT() REPRESENTATION_CONTEXT('2D SPACE',''
  ) );
#956 = ORIENTED_EDGE('',*,*,#957,.F.);
#957 = EDGE_CURVE('',#747,#935,#958,.T.);
#958 = SURFACE_CURVE('',#959,(#963,#970),.PCURVE_S1.);
#959 = LINE('',#960,#961);
#960 = CARTESIAN_POINT('',(50.,143.78520727554,32.055972713334));
#961 = VECTOR('',#962,1.);
#962 = DIRECTION('',(0.,0.451368839694,-0.892337475708));
#963 = PCURVE('',#156,#964);
#964 = DEFINITIONAL_REPRESENTATION('',(#965),#969);
#965 = LINE('',#966,#967);
#966 = CARTESIAN_POINT('',(-83.22211732788,-3.634704324734));
#967 = VECTOR('',#968,1.);
#968 = DIRECTION('',(-0.451368839694,-0.892337475708));
#969 = ( GEOMETRIC_REPRESENTATION_CONTEXT(2) 
PARAMETRIC_REPRESENTATION_CONTEXT() REPRESENTATION_CONTEXT('2D SPACE',''
  ) );
#970 = PCURVE('',#215,#971);
#971 = DEFINITIONAL_REPRESENTATION('',(#972),#976);
#972 = LINE('',#973,#974);
#973 = CARTESIAN_POINT('',(35.923597950306,50.));
#974 = VECTOR('',#975,1.);
#975 = DIRECTION('',(-1.,0.));
#976 = ( GEOMETRIC_REPRESENTATION_CONTEXT(2) 
PARAMETRIC_REPRESENTATION_CONTEXT() REPRESENTATION_CONTEXT('2D SPACE',''
  ) );
#977 = FACE_BOUND('',#978,.F.);
#978 = EDGE_LOOP('',(#979,#1014,#1040,#1073,#1099,#1132,#1158,#1191));
#979 = ORIENTED_EDGE('',*,*,#980,.T.);
#980 = EDGE_CURVE('',#981,#983,#985,.T.);
#981 = VERTEX_POINT('',#982);
#982 = CARTESIAN_POINT('',(50.,12.5,26.399999997548));
#983 = VERTEX_POINT('',#984);
#984 = CARTESIAN_POINT('',(50.,12.15,26.049999994561));
#985 = SURFACE_CURVE('',#986,(#991,#1002),.PCURVE_S1.);
#986 = CIRCLE('',#987,0.35);
#987 = AXIS2_PLACEMENT_3D('',#988,#989,#990);
#988 = CARTESIAN_POINT('',(50.,12.5,26.049999994561));
#989 = DIRECTION('',(1.,0.,0.));
#990 = DIRECTION('',(-0.,1.,0.));
#991 = PCURVE('',#156,#992);
#992 = DEFINITIONAL_REPRESENTATION('',(#993),#1001);
#993 = ( BOUNDED_CURVE() B_SPLINE_CURVE(2,(#994,#995,#996,#997,#998,#999
,#1000),.UNSPECIFIED.,.T.,.F.) B_SPLINE_CURVE_WITH_KNOTS((1,2,2,2,2,1),(
    -2.094395102393,0.,2.094395102393,4.188790204786,6.28318530718,
8.377580409573),.UNSPECIFIED.) CURVE() GEOMETRIC_REPRESENTATION_ITEM() 
RATIONAL_B_SPLINE_CURVE((1.,0.5,1.,0.5,1.,0.5,1.)) REPRESENTATION_ITEM(
  '') );
#994 = CARTESIAN_POINT('',(47.713089947655,-9.640677043507));
#995 = CARTESIAN_POINT('',(47.713089947655,-9.034459260857));
#996 = CARTESIAN_POINT('',(48.238089947655,-9.337568152182));
#997 = CARTESIAN_POINT('',(48.763089947655,-9.640677043507));
#998 = CARTESIAN_POINT('',(48.238089947655,-9.943785934831));
#999 = CARTESIAN_POINT('',(47.713089947655,-10.24689482615));
#1000 = CARTESIAN_POINT('',(47.713089947655,-9.640677043507));
#1001 = ( GEOMETRIC_REPRESENTATION_CONTEXT(2) 
PARAMETRIC_REPRESENTATION_CONTEXT() REPRESENTATION_CONTEXT('2D SPACE',''
  ) );
#1002 = PCURVE('',#1003,#1008);
#1003 = CYLINDRICAL_SURFACE('',#1004,0.35);
#1004 = AXIS2_PLACEMENT_3D('',#1005,#1006,#1007);
#1005 = CARTESIAN_POINT('',(48.5,12.5,26.049999994561));
#1006 = DIRECTION('',(1.,0.,0.));
#1007 = DIRECTION('',(0.,1.,0.));
#1008 = DEFINITIONAL_REPRESENTATION('',(#1009),#1013);
#1009 = LINE('',#1010,#1011);
#1010 = CARTESIAN_POINT('',(0.,1.5));
#1011 = VECTOR('',#1012,1.);
#1012 = DIRECTION('',(1.,0.));
#1013 = ( GEOMETRIC_REPRESENTATION_CONTEXT(2) 
PARAMETRIC_REPRESENTATION_CONTEXT() REPRESENTATION_CONTEXT('2D SPACE',''
  ) );
#1014 = ORIENTED_EDGE('',*,*,#1015,.T.);
#1015 = EDGE_CURVE('',#983,#1016,#1018,.T.);
#1016 = VERTEX_POINT('',#1017);
#1017 = CARTESIAN_POINT('',(50.,12.15,25.949999999464));
#1018 = SURFACE_CURVE('',#1019,(#1023,#1029),.PCURVE_S1.);
#1019 = LINE('',#1020,#1021);
#1020 = CARTESIAN_POINT('',(50.,12.15,30.820338518766));
#1021 = VECTOR('',#1022,1.);
#1022 = DIRECTION('',(0.,0.,-1.));
#1023 = PCURVE('',#156,#1024);
#1024 = DEFINITIONAL_REPRESENTATION('',(#1025),#1028);
#1025 = B_SPLINE_CURVE_WITH_KNOTS('',1,(#1026,#1027),.UNSPECIFIED.,.F.,
  .F.,(2,2),(4.770338524205,4.870338519302),.PIECEWISE_BEZIER_KNOTS.);
#1026 = CARTESIAN_POINT('',(48.413089947655,-9.640677043507));
#1027 = CARTESIAN_POINT('',(48.413089947655,-9.740677038603));
#1028 = ( GEOMETRIC_REPRESENTATION_CONTEXT(2) 
PARAMETRIC_REPRESENTATION_CONTEXT() REPRESENTATION_CONTEXT('2D SPACE',''
  ) );
#1029 = PCURVE('',#1030,#1035);
#1030 = PLANE('',#1031);
#1031 = AXIS2_PLACEMENT_3D('',#1032,#1033,#1034);
#1032 = CARTESIAN_POINT('',(48.5,12.15,25.949999999464));
#1033 = DIRECTION('',(0.,1.,0.));
#1034 = DIRECTION('',(0.,-0.,1.));
#1035 = DEFINITIONAL_REPRESENTATION('',(#1036),#1039);
#1036 = B_SPLINE_CURVE_WITH_KNOTS('',1,(#1037,#1038),.UNSPECIFIED.,.F.,
  .F.,(2,2),(4.770338524205,4.870338519302),.PIECEWISE_BEZIER_KNOTS.);
#1037 = CARTESIAN_POINT('',(9.999999509677E-02,1.5));
#1038 = CARTESIAN_POINT('',(0.,1.5));
#1039 = ( GEOMETRIC_REPRESENTATION_CONTEXT(2) 
PARAMETRIC_REPRESENTATION_CONTEXT() REPRESENTATION_CONTEXT('2D SPACE',''
  ) );
#1040 = ORIENTED_EDGE('',*,*,#1041,.T.);
#1041 = EDGE_CURVE('',#1016,#1042,#1044,.T.);
#1042 = VERTEX_POINT('',#1043);
#1043 = CARTESIAN_POINT('',(50.,12.5,25.6));
#1044 = SURFACE_CURVE('',#1045,(#1050,#1061),.PCURVE_S1.);
#1045 = CIRCLE('',#1046,0.35);
#1046 = AXIS2_PLACEMENT_3D('',#1047,#1048,#1049);
#1047 = CARTESIAN_POINT('',(50.,12.5,25.949999999464));
#1048 = DIRECTION('',(1.,0.,0.));
#1049 = DIRECTION('',(-0.,1.,0.));
#1050 = PCURVE('',#156,#1051);
#1051 = DEFINITIONAL_REPRESENTATION('',(#1052),#1060);
#1052 = ( BOUNDED_CURVE() B_SPLINE_CURVE(2,(#1053,#1054,#1055,#1056,
#1057,#1058,#1059),.UNSPECIFIED.,.T.,.F.) B_SPLINE_CURVE_WITH_KNOTS((1,2
    ,2,2,2,1),(-2.094395102393,0.,2.094395102393,4.188790204786,
6.28318530718,8.377580409573),.UNSPECIFIED.) CURVE() 
GEOMETRIC_REPRESENTATION_ITEM() RATIONAL_B_SPLINE_CURVE((1.,0.5,1.,0.5,
1.,0.5,1.)) REPRESENTATION_ITEM('') );
#1053 = CARTESIAN_POINT('',(47.713089947655,-9.740677038603));
#1054 = CARTESIAN_POINT('',(47.713089947655,-9.134459255954));
#1055 = CARTESIAN_POINT('',(48.238089947655,-9.437568147279));
#1056 = CARTESIAN_POINT('',(48.763089947655,-9.740677038603));
#1057 = CARTESIAN_POINT('',(48.238089947655,-10.04378592992));
#1058 = CARTESIAN_POINT('',(47.713089947655,-10.34689482125));
#1059 = CARTESIAN_POINT('',(47.713089947655,-9.740677038603));
#1060 = ( GEOMETRIC_REPRESENTATION_CONTEXT(2) 
PARAMETRIC_REPRESENTATION_CONTEXT() REPRESENTATION_CONTEXT('2D SPACE',''
  ) );
#1061 = PCURVE('',#1062,#1067);
#1062 = CYLINDRICAL_SURFACE('',#1063,0.35);
#1063 = AXIS2_PLACEMENT_3D('',#1064,#1065,#1066);
#1064 = CARTESIAN_POINT('',(48.5,12.5,25.949999999464));
#1065 = DIRECTION('',(1.,0.,0.));
#1066 = DIRECTION('',(0.,1.,0.));
#1067 = DEFINITIONAL_REPRESENTATION('',(#1068),#1072);
#1068 = LINE('',#1069,#1070);
#1069 = CARTESIAN_POINT('',(0.,1.5));
#1070 = VECTOR('',#1071,1.);
#1071 = DIRECTION('',(1.,0.));
#1072 = ( GEOMETRIC_REPRESENTATION_CONTEXT(2) 
PARAMETRIC_REPRESENTATION_CONTEXT() REPRESENTATION_CONTEXT('2D SPACE',''
  ) );
#1073 = ORIENTED_EDGE('',*,*,#1074,.F.);
#1074 = EDGE_CURVE('',#1075,#1042,#1077,.T.);
#1075 = VERTEX_POINT('',#1076);
#1076 = CARTESIAN_POINT('',(50.,20.3,25.6));
#1077 = SURFACE_CURVE('',#1078,(#1082,#1088),.PCURVE_S1.);
#1078 = LINE('',#1079,#1080);
#1079 = CARTESIAN_POINT('',(50.,36.531544973828,25.600000000536));
#1080 = VECTOR('',#1081,1.);
#1081 = DIRECTION('',(0.,-1.,0.));
#1082 = PCURVE('',#156,#1083);
#1083 = DEFINITIONAL_REPRESENTATION('',(#1084),#1087);
#1084 = B_SPLINE_CURVE_WITH_KNOTS('',1,(#1085,#1086),.UNSPECIFIED.,.F.,
  .F.,(2,2),(16.231544973828,24.031544973828),.PIECEWISE_BEZIER_KNOTS.);
#1085 = CARTESIAN_POINT('',(40.263089947655,-10.09067703753));
#1086 = CARTESIAN_POINT('',(48.063089947655,-10.09067703753));
#1087 = ( GEOMETRIC_REPRESENTATION_CONTEXT(2) 
PARAMETRIC_REPRESENTATION_CONTEXT() REPRESENTATION_CONTEXT('2D SPACE',''
  ) );
#1088 = PCURVE('',#1089,#1094);
#1089 = PLANE('',#1090);
#1090 = AXIS2_PLACEMENT_3D('',#1091,#1092,#1093);
#1091 = CARTESIAN_POINT('',(48.5,12.5,25.600000000536));
#1092 = DIRECTION('',(0.,0.,-1.));
#1093 = DIRECTION('',(0.,1.,0.));
#1094 = DEFINITIONAL_REPRESENTATION('',(#1095),#1098);
#1095 = B_SPLINE_CURVE_WITH_KNOTS('',1,(#1096,#1097),.UNSPECIFIED.,.F.,
  .F.,(2,2),(16.231544973828,24.031544973828),.PIECEWISE_BEZIER_KNOTS.);
#1096 = CARTESIAN_POINT('',(7.8,1.5));
#1097 = CARTESIAN_POINT('',(0.,1.5));
#1098 = ( GEOMETRIC_REPRESENTATION_CONTEXT(2) 
PARAMETRIC_REPRESENTATION_CONTEXT() REPRESENTATION_CONTEXT('2D SPACE',''
  ) );
#1099 = ORIENTED_EDGE('',*,*,#1100,.T.);
#1100 = EDGE_CURVE('',#1075,#1101,#1103,.T.);
#1101 = VERTEX_POINT('',#1102);
#1102 = CARTESIAN_POINT('',(50.,20.65,25.949999999464));
#1103 = SURFACE_CURVE('',#1104,(#1109,#1120),.PCURVE_S1.);
#1104 = CIRCLE('',#1105,0.35);
#1105 = AXIS2_PLACEMENT_3D('',#1106,#1107,#1108);
#1106 = CARTESIAN_POINT('',(50.,20.3,25.949999999464));
#1107 = DIRECTION('',(1.,0.,0.));
#1108 = DIRECTION('',(-0.,1.,0.));
#1109 = PCURVE('',#156,#1110);
#1110 = DEFINITIONAL_REPRESENTATION('',(#1111),#1119);
#1111 = ( BOUNDED_CURVE() B_SPLINE_CURVE(2,(#1112,#1113,#1114,#1115,
#1116,#1117,#1118),.UNSPECIFIED.,.T.,.F.) B_SPLINE_CURVE_WITH_KNOTS((1,2
    ,2,2,2,1),(-2.094395102393,0.,2.094395102393,4.188790204786,
6.28318530718,8.377580409573),.UNSPECIFIED.) CURVE() 
GEOMETRIC_REPRESENTATION_ITEM() RATIONAL_B_SPLINE_CURVE((1.,0.5,1.,0.5,
1.,0.5,1.)) REPRESENTATION_ITEM('') );
#1112 = CARTESIAN_POINT('',(39.913089947655,-9.740677038603));
#1113 = CARTESIAN_POINT('',(39.913089947655,-9.134459255954));
#1114 = CARTESIAN_POINT('',(40.438089947655,-9.437568147279));
#1115 = CARTESIAN_POINT('',(40.963089947655,-9.740677038603));
#1116 = CARTESIAN_POINT('',(40.438089947655,-10.04378592992));
#1117 = CARTESIAN_POINT('',(39.913089947655,-10.34689482125));
#1118 = CARTESIAN_POINT('',(39.913089947655,-9.740677038603));
#1119 = ( GEOMETRIC_REPRESENTATION_CONTEXT(2) 
PARAMETRIC_REPRESENTATION_CONTEXT() REPRESENTATION_CONTEXT('2D SPACE',''
  ) );
#1120 = PCURVE('',#1121,#1126);
#1121 = CYLINDRICAL_SURFACE('',#1122,0.35);
#1122 = AXIS2_PLACEMENT_3D('',#1123,#1124,#1125);
#1123 = CARTESIAN_POINT('',(48.5,20.3,25.949999999464));
#1124 = DIRECTION('',(1.,0.,0.));
#1125 = DIRECTION('',(0.,1.,0.));
#1126 = DEFINITIONAL_REPRESENTATION('',(#1127),#1131);
#1127 = LINE('',#1128,#1129);
#1128 = CARTESIAN_POINT('',(0.,1.5));
#1129 = VECTOR('',#1130,1.);
#1130 = DIRECTION('',(1.,0.));
#1131 = ( GEOMETRIC_REPRESENTATION_CONTEXT(2) 
PARAMETRIC_REPRESENTATION_CONTEXT() REPRESENTATION_CONTEXT('2D SPACE',''
  ) );
#1132 = ORIENTED_EDGE('',*,*,#1133,.F.);
#1133 = EDGE_CURVE('',#1134,#1101,#1136,.T.);
#1134 = VERTEX_POINT('',#1135);
#1135 = CARTESIAN_POINT('',(50.,20.65,26.049999994561));
#1136 = SURFACE_CURVE('',#1137,(#1141,#1147),.PCURVE_S1.);
#1137 = LINE('',#1138,#1139);
#1138 = CARTESIAN_POINT('',(50.,20.65,30.820338518766));
#1139 = VECTOR('',#1140,1.);
#1140 = DIRECTION('',(0.,0.,-1.));
#1141 = PCURVE('',#156,#1142);
#1142 = DEFINITIONAL_REPRESENTATION('',(#1143),#1146);
#1143 = B_SPLINE_CURVE_WITH_KNOTS('',1,(#1144,#1145),.UNSPECIFIED.,.F.,
  .F.,(2,2),(4.770338524205,4.870338519302),.PIECEWISE_BEZIER_KNOTS.);
#1144 = CARTESIAN_POINT('',(39.913089947655,-9.640677043507));
#1145 = CARTESIAN_POINT('',(39.913089947655,-9.740677038603));
#1146 = ( GEOMETRIC_REPRESENTATION_CONTEXT(2) 
PARAMETRIC_REPRESENTATION_CONTEXT() REPRESENTATION_CONTEXT('2D SPACE',''
  ) );
#1147 = PCURVE('',#1148,#1153);
#1148 = PLANE('',#1149);
#1149 = AXIS2_PLACEMENT_3D('',#1150,#1151,#1152);
#1150 = CARTESIAN_POINT('',(48.5,20.65,25.949999999464));
#1151 = DIRECTION('',(0.,1.,0.));
#1152 = DIRECTION('',(0.,-0.,1.));
#1153 = DEFINITIONAL_REPRESENTATION('',(#1154),#1157);
#1154 = B_SPLINE_CURVE_WITH_KNOTS('',1,(#1155,#1156),.UNSPECIFIED.,.F.,
  .F.,(2,2),(4.770338524205,4.870338519302),.PIECEWISE_BEZIER_KNOTS.);
#1155 = CARTESIAN_POINT('',(9.999999509677E-02,1.5));
#1156 = CARTESIAN_POINT('',(0.,1.5));
#1157 = ( GEOMETRIC_REPRESENTATION_CONTEXT(2) 
PARAMETRIC_REPRESENTATION_CONTEXT() REPRESENTATION_CONTEXT('2D SPACE',''
  ) );
#1158 = ORIENTED_EDGE('',*,*,#1159,.T.);
#1159 = EDGE_CURVE('',#1134,#1160,#1162,.T.);
#1160 = VERTEX_POINT('',#1161);
#1161 = CARTESIAN_POINT('',(50.,20.3,26.399999997548));
#1162 = SURFACE_CURVE('',#1163,(#1168,#1179),.PCURVE_S1.);
#1163 = CIRCLE('',#1164,0.35);
#1164 = AXIS2_PLACEMENT_3D('',#1165,#1166,#1167);
#1165 = CARTESIAN_POINT('',(50.,20.3,26.049999994561));
#1166 = DIRECTION('',(1.,0.,0.));
#1167 = DIRECTION('',(-0.,1.,0.));
#1168 = PCURVE('',#156,#1169);
#1169 = DEFINITIONAL_REPRESENTATION('',(#1170),#1178);
#1170 = ( BOUNDED_CURVE() B_SPLINE_CURVE(2,(#1171,#1172,#1173,#1174,
#1175,#1176,#1177),.UNSPECIFIED.,.T.,.F.) B_SPLINE_CURVE_WITH_KNOTS((1,2
    ,2,2,2,1),(-2.094395102393,0.,2.094395102393,4.188790204786,
6.28318530718,8.377580409573),.UNSPECIFIED.) CURVE() 
GEOMETRIC_REPRESENTATION_ITEM() RATIONAL_B_SPLINE_CURVE((1.,0.5,1.,0.5,
1.,0.5,1.)) REPRESENTATION_ITEM('') );
#1171 = CARTESIAN_POINT('',(39.913089947655,-9.640677043507));
#1172 = CARTESIAN_POINT('',(39.913089947655,-9.034459260857));
#1173 = CARTESIAN_POINT('',(40.438089947655,-9.337568152182));
#1174 = CARTESIAN_POINT('',(40.963089947655,-9.640677043507));
#1175 = CARTESIAN_POINT('',(40.438089947655,-9.943785934831));
#1176 = CARTESIAN_POINT('',(39.913089947655,-10.24689482615));
#1177 = CARTESIAN_POINT('',(39.913089947655,-9.640677043507));
#1178 = ( GEOMETRIC_REPRESENTATION_CONTEXT(2) 
PARAMETRIC_REPRESENTATION_CONTEXT() REPRESENTATION_CONTEXT('2D SPACE',''
  ) );
#1179 = PCURVE('',#1180,#1185);
#1180 = CYLINDRICAL_SURFACE('',#1181,0.35);
#1181 = AXIS2_PLACEMENT_3D('',#1182,#1183,#1184);
#1182 = CARTESIAN_POINT('',(48.5,20.3,26.049999994561));
#1183 = DIRECTION('',(1.,0.,0.));
#1184 = DIRECTION('',(0.,1.,0.));
#1185 = DEFINITIONAL_REPRESENTATION('',(#1186),#1190);
#1186 = LINE('',#1187,#1188);
#1187 = CARTESIAN_POINT('',(0.,1.5));
#1188 = VECTOR('',#1189,1.);
#1189 = DIRECTION('',(1.,0.));
#1190 = ( GEOMETRIC_REPRESENTATION_CONTEXT(2) 
PARAMETRIC_REPRESENTATION_CONTEXT() REPRESENTATION_CONTEXT('2D SPACE',''
  ) );
#1191 = ORIENTED_EDGE('',*,*,#1192,.T.);
#1192 = EDGE_CURVE('',#1160,#981,#1193,.T.);
#1193 = SURFACE_CURVE('',#1194,(#1198,#1204),.PCURVE_S1.);
#1194 = LINE('',#1195,#1196);
#1195 = CARTESIAN_POINT('',(50.,36.531544973828,26.400000000536));
#1196 = VECTOR('',#1197,1.);
#1197 = DIRECTION('',(0.,-1.,0.));
#1198 = PCURVE('',#156,#1199);
#1199 = DEFINITIONAL_REPRESENTATION('',(#1200),#1203);
#1200 = B_SPLINE_CURVE_WITH_KNOTS('',1,(#1201,#1202),.UNSPECIFIED.,.F.,
  .F.,(2,2),(16.231544973828,24.031544973828),.PIECEWISE_BEZIER_KNOTS.);
#1201 = CARTESIAN_POINT('',(40.263089947655,-9.290677037532));
#1202 = CARTESIAN_POINT('',(48.063089947655,-9.290677037532));
#1203 = ( GEOMETRIC_REPRESENTATION_CONTEXT(2) 
PARAMETRIC_REPRESENTATION_CONTEXT() REPRESENTATION_CONTEXT('2D SPACE',''
  ) );
#1204 = PCURVE('',#1205,#1210);
#1205 = PLANE('',#1206);
#1206 = AXIS2_PLACEMENT_3D('',#1207,#1208,#1209);
#1207 = CARTESIAN_POINT('',(48.5,12.5,26.400000000536));
#1208 = DIRECTION('',(0.,0.,-1.));
#1209 = DIRECTION('',(0.,1.,0.));
#1210 = DEFINITIONAL_REPRESENTATION('',(#1211),#1214);
#1211 = B_SPLINE_CURVE_WITH_KNOTS('',1,(#1212,#1213),.UNSPECIFIED.,.F.,
  .F.,(2,2),(16.231544973828,24.031544973828),.PIECEWISE_BEZIER_KNOTS.);
#1212 = CARTESIAN_POINT('',(7.8,1.5));
#1213 = CARTESIAN_POINT('',(0.,1.5));
#1214 = ( GEOMETRIC_REPRESENTATION_CONTEXT(2) 
PARAMETRIC_REPRESENTATION_CONTEXT() REPRESENTATION_CONTEXT('2D SPACE',''
  ) );
#1215 = ADVANCED_FACE('',(#1216),#128,.T.);
#1216 = FACE_BOUND('',#1217,.T.);
#1217 = EDGE_LOOP('',(#1218,#1219,#1220,#1221,#1244));
#1218 = ORIENTED_EDGE('',*,*,#695,.T.);
#1219 = ORIENTED_EDGE('',*,*,#112,.T.);
#1220 = ORIENTED_EDGE('',*,*,#934,.T.);
#1221 = ORIENTED_EDGE('',*,*,#1222,.T.);
#1222 = EDGE_CURVE('',#935,#1223,#1225,.T.);
#1223 = VERTEX_POINT('',#1224);
#1224 = CARTESIAN_POINT('',(48.5,160.,-1.110223024625E-15));
#1225 = SURFACE_CURVE('',#1226,(#1230,#1237),.PCURVE_S1.);
#1226 = LINE('',#1227,#1228);
#1227 = CARTESIAN_POINT('',(35.840412745592,166.4035674457,
    -12.6595872544));
#1228 = VECTOR('',#1229,1.);
#1229 = DIRECTION('',(-0.665799994341,0.336779950518,-0.665799994341));
#1230 = PCURVE('',#128,#1231);
#1231 = DEFINITIONAL_REPRESENTATION('',(#1232),#1236);
#1232 = LINE('',#1233,#1234);
#1233 = CARTESIAN_POINT('',(13.596432554297,18.96402016101));
#1234 = VECTOR('',#1235,1.);
#1235 = DIRECTION('',(-0.336779950518,0.941583381825));
#1236 = ( GEOMETRIC_REPRESENTATION_CONTEXT(2) 
PARAMETRIC_REPRESENTATION_CONTEXT() REPRESENTATION_CONTEXT('2D SPACE',''
  ) );
#1237 = PCURVE('',#215,#1238);
#1238 = DEFINITIONAL_REPRESENTATION('',(#1239),#1243);
#1239 = LINE('',#1240,#1241);
#1240 = CARTESIAN_POINT('',(-14.18699494197,35.840412745592));
#1241 = VECTOR('',#1242,1.);
#1242 = DIRECTION('',(-0.746130261774,-0.665799994341));
#1243 = ( GEOMETRIC_REPRESENTATION_CONTEXT(2) 
PARAMETRIC_REPRESENTATION_CONTEXT() REPRESENTATION_CONTEXT('2D SPACE',''
  ) );
#1244 = ORIENTED_EDGE('',*,*,#1245,.F.);
#1245 = EDGE_CURVE('',#696,#1223,#1246,.T.);
#1246 = SURFACE_CURVE('',#1247,(#1251,#1258),.PCURVE_S1.);
#1247 = LINE('',#1248,#1249);
#1248 = CARTESIAN_POINT('',(48.5,180.,0.));
#1249 = VECTOR('',#1250,1.);
#1250 = DIRECTION('',(0.,-1.,0.));
#1251 = PCURVE('',#128,#1252);
#1252 = DEFINITIONAL_REPRESENTATION('',(#1253),#1257);
#1253 = LINE('',#1254,#1255);
#1254 = CARTESIAN_POINT('',(0.,1.06066017178));
#1255 = VECTOR('',#1256,1.);
#1256 = DIRECTION('',(1.,0.));
#1257 = ( GEOMETRIC_REPRESENTATION_CONTEXT(2) 
PARAMETRIC_REPRESENTATION_CONTEXT() REPRESENTATION_CONTEXT('2D SPACE',''
  ) );
#1258 = PCURVE('',#521,#1259);
#1259 = DEFINITIONAL_REPRESENTATION('',(#1260),#1264);
#1260 = LINE('',#1261,#1262);
#1261 = CARTESIAN_POINT('',(0.,48.5));
#1262 = VECTOR('',#1263,1.);
#1263 = DIRECTION('',(1.,0.));
#1264 = ( GEOMETRIC_REPRESENTATION_CONTEXT(2) 
PARAMETRIC_REPRESENTATION_CONTEXT() REPRESENTATION_CONTEXT('2D SPACE',''
  ) );
#1265 = ADVANCED_FACE('',(#1266),#215,.F.);
#1266 = FACE_BOUND('',#1267,.F.);
#1267 = EDGE_LOOP('',(#1268,#1289,#1290,#1291,#1314,#1342,#1368,#1394,
    #1420,#1443,#1464,#1465));
#1268 = ORIENTED_EDGE('',*,*,#1269,.F.);
#1269 = EDGE_CURVE('',#485,#1223,#1270,.T.);
#1270 = SURFACE_CURVE('',#1271,(#1275,#1282),.PCURVE_S1.);
#1271 = LINE('',#1272,#1273);
#1272 = CARTESIAN_POINT('',(-50.,160.,0.));
#1273 = VECTOR('',#1274,1.);
#1274 = DIRECTION('',(1.,0.,0.));
#1275 = PCURVE('',#215,#1276);
#1276 = DEFINITIONAL_REPRESENTATION('',(#1277),#1281);
#1277 = LINE('',#1278,#1279);
#1278 = CARTESIAN_POINT('',(0.,-50.));
#1279 = VECTOR('',#1280,1.);
#1280 = DIRECTION('',(0.,1.));
#1281 = ( GEOMETRIC_REPRESENTATION_CONTEXT(2) 
PARAMETRIC_REPRESENTATION_CONTEXT() REPRESENTATION_CONTEXT('2D SPACE',''
  ) );
#1282 = PCURVE('',#521,#1283);
#1283 = DEFINITIONAL_REPRESENTATION('',(#1284),#1288);
#1284 = LINE('',#1285,#1286);
#1285 = CARTESIAN_POINT('',(20.,-50.));
#1286 = VECTOR('',#1287,1.);
#1287 = DIRECTION('',(0.,1.));
#1288 = ( GEOMETRIC_REPRESENTATION_CONTEXT(2) 
PARAMETRIC_REPRESENTATION_CONTEXT() REPRESENTATION_CONTEXT('2D SPACE',''
  ) );
#1289 = ORIENTED_EDGE('',*,*,#484,.F.);
#1290 = ORIENTED_EDGE('',*,*,#197,.T.);
#1291 = ORIENTED_EDGE('',*,*,#1292,.T.);
#1292 = EDGE_CURVE('',#200,#1293,#1295,.T.);
#1293 = VERTEX_POINT('',#1294);
#1294 = CARTESIAN_POINT('',(-48.5,144.5,30.642857142857));
#1295 = SURFACE_CURVE('',#1296,(#1300,#1307),.PCURVE_S1.);
#1296 = LINE('',#1297,#1298);
#1297 = CARTESIAN_POINT('',(-28.81434447199,153.8807755651,
    12.097452915077));
#1298 = VECTOR('',#1299,1.);
#1299 = DIRECTION('',(0.687681056595,0.327699610669,-0.647848539064));
#1300 = PCURVE('',#215,#1301);
#1301 = DEFINITIONAL_REPRESENTATION('',(#1302),#1306);
#1302 = LINE('',#1303,#1304);
#1303 = CARTESIAN_POINT('',(13.557037829747,-28.81434447199));
#1304 = VECTOR('',#1305,1.);
#1305 = DIRECTION('',(-0.726012923026,0.687681056595));
#1306 = ( GEOMETRIC_REPRESENTATION_CONTEXT(2) 
PARAMETRIC_REPRESENTATION_CONTEXT() REPRESENTATION_CONTEXT('2D SPACE',''
  ) );
#1307 = PCURVE('',#243,#1308);
#1308 = DEFINITIONAL_REPRESENTATION('',(#1309),#1313);
#1309 = LINE('',#1310,#1311);
#1310 = CARTESIAN_POINT('',(-6.663777802959,28.900381203692));
#1311 = VECTOR('',#1312,1.);
#1312 = DIRECTION('',(-0.232786444624,0.972527876824));
#1313 = ( GEOMETRIC_REPRESENTATION_CONTEXT(2) 
PARAMETRIC_REPRESENTATION_CONTEXT() REPRESENTATION_CONTEXT('2D SPACE',''
  ) );
#1314 = ORIENTED_EDGE('',*,*,#1315,.T.);
#1315 = EDGE_CURVE('',#1293,#1316,#1318,.T.);
#1316 = VERTEX_POINT('',#1317);
#1317 = CARTESIAN_POINT('',(-22.75,144.5,30.642857142857));
#1318 = SURFACE_CURVE('',#1319,(#1323,#1330),.PCURVE_S1.);
#1319 = LINE('',#1320,#1321);
#1320 = CARTESIAN_POINT('',(-50.,144.5,30.642857142857));
#1321 = VECTOR('',#1322,1.);
#1322 = DIRECTION('',(1.,0.,0.));
#1323 = PCURVE('',#215,#1324);
#1324 = DEFINITIONAL_REPRESENTATION('',(#1325),#1329);
#1325 = LINE('',#1326,#1327);
#1326 = CARTESIAN_POINT('',(34.339986806601,-50.));
#1327 = VECTOR('',#1328,1.);
#1328 = DIRECTION('',(0.,1.));
#1329 = ( GEOMETRIC_REPRESENTATION_CONTEXT(2) 
PARAMETRIC_REPRESENTATION_CONTEXT() REPRESENTATION_CONTEXT('2D SPACE',''
  ) );
#1330 = PCURVE('',#1331,#1336);
#1331 = PLANE('',#1332);
#1332 = AXIS2_PLACEMENT_3D('',#1333,#1334,#1335);
#1333 = CARTESIAN_POINT('',(0.,144.5,30.642857142857));
#1334 = DIRECTION('',(0.,-0.141421356237,0.989949493661));
#1335 = DIRECTION('',(0.,-0.989949493661,-0.141421356237));
#1336 = DEFINITIONAL_REPRESENTATION('',(#1337),#1341);
#1337 = LINE('',#1338,#1339);
#1338 = CARTESIAN_POINT('',(-0.,-50.));
#1339 = VECTOR('',#1340,1.);
#1340 = DIRECTION('',(0.,1.));
#1341 = ( GEOMETRIC_REPRESENTATION_CONTEXT(2) 
PARAMETRIC_REPRESENTATION_CONTEXT() REPRESENTATION_CONTEXT('2D SPACE',''
  ) );
#1342 = ORIENTED_EDGE('',*,*,#1343,.F.);
#1343 = EDGE_CURVE('',#1344,#1316,#1346,.T.);
#1344 = VERTEX_POINT('',#1345);
#1345 = CARTESIAN_POINT('',(-22.75,146.76275939809,26.169475659979));
#1346 = SURFACE_CURVE('',#1347,(#1351,#1357),.PCURVE_S1.);
#1347 = LINE('',#1348,#1349);
#1348 = CARTESIAN_POINT('',(-22.75,153.66711029697,12.519860288464));
#1349 = VECTOR('',#1350,1.);
#1350 = DIRECTION('',(0.,-0.451368839694,0.892337475708));
#1351 = PCURVE('',#215,#1352);
#1352 = DEFINITIONAL_REPRESENTATION('',(#1353),#1356);
#1353 = B_SPLINE_CURVE_WITH_KNOTS('',1,(#1354,#1355),.UNSPECIFIED.,.F.,
  .F.,(2,2),(-6.959093905067,21.893188347115),.PIECEWISE_BEZIER_KNOTS.);
#1354 = CARTESIAN_POINT('',(7.071315698124,-22.75));
#1355 = CARTESIAN_POINT('',(35.923597950306,-22.75));
#1356 = ( GEOMETRIC_REPRESENTATION_CONTEXT(2) 
PARAMETRIC_REPRESENTATION_CONTEXT() REPRESENTATION_CONTEXT('2D SPACE',''
  ) );
#1357 = PCURVE('',#1358,#1363);
#1358 = PLANE('',#1359);
#1359 = AXIS2_PLACEMENT_3D('',#1360,#1361,#1362);
#1360 = CARTESIAN_POINT('',(-22.75,150.45589275372,26.618748219516));
#1361 = DIRECTION('',(-1.,-0.,-0.));
#1362 = DIRECTION('',(0.,-1.,0.));
#1363 = DEFINITIONAL_REPRESENTATION('',(#1364),#1367);
#1364 = B_SPLINE_CURVE_WITH_KNOTS('',1,(#1365,#1366),.UNSPECIFIED.,.F.,
  .F.,(2,2),(-6.959093905067,21.893188347115),.PIECEWISE_BEZIER_KNOTS.);
#1365 = CARTESIAN_POINT('',(-6.352335684504,-20.30874821951));
#1366 = CARTESIAN_POINT('',(6.670685478185,5.437224493818));
#1367 = ( GEOMETRIC_REPRESENTATION_CONTEXT(2) 
PARAMETRIC_REPRESENTATION_CONTEXT() REPRESENTATION_CONTEXT('2D SPACE',''
  ) );
#1368 = ORIENTED_EDGE('',*,*,#1369,.T.);
#1369 = EDGE_CURVE('',#1344,#1370,#1372,.T.);
#1370 = VERTEX_POINT('',#1371);
#1371 = CARTESIAN_POINT('',(22.75,146.76275939809,26.169475659979));
#1372 = SURFACE_CURVE('',#1373,(#1377,#1383),.PCURVE_S1.);
#1373 = LINE('',#1374,#1375);
#1374 = CARTESIAN_POINT('',(0.,146.76275939809,26.169475659979));
#1375 = VECTOR('',#1376,1.);
#1376 = DIRECTION('',(1.,0.,0.));
#1377 = PCURVE('',#215,#1378);
#1378 = DEFINITIONAL_REPRESENTATION('',(#1379),#1382);
#1379 = B_SPLINE_CURVE_WITH_KNOTS('',1,(#1380,#1381),.UNSPECIFIED.,.F.,
  .F.,(2,2),(-22.75,22.75),.PIECEWISE_BEZIER_KNOTS.);
#1380 = CARTESIAN_POINT('',(29.326881782263,-22.75));
#1381 = CARTESIAN_POINT('',(29.326881782263,22.75));
#1382 = ( GEOMETRIC_REPRESENTATION_CONTEXT(2) 
PARAMETRIC_REPRESENTATION_CONTEXT() REPRESENTATION_CONTEXT('2D SPACE',''
  ) );
#1383 = PCURVE('',#1384,#1389);
#1384 = PLANE('',#1385);
#1385 = AXIS2_PLACEMENT_3D('',#1386,#1387,#1388);
#1386 = CARTESIAN_POINT('',(0.,160.,6.31));
#1387 = DIRECTION('',(-0.,0.832096893115,0.554630291698));
#1388 = DIRECTION('',(0.,-0.554630291698,0.832096893115));
#1389 = DEFINITIONAL_REPRESENTATION('',(#1390),#1393);
#1390 = B_SPLINE_CURVE_WITH_KNOTS('',1,(#1391,#1392),.UNSPECIFIED.,.F.,
  .F.,(2,2),(-22.75,22.75),.PIECEWISE_BEZIER_KNOTS.);
#1391 = CARTESIAN_POINT('',(23.866782611863,-22.75));
#1392 = CARTESIAN_POINT('',(23.866782611863,22.75));
#1393 = ( GEOMETRIC_REPRESENTATION_CONTEXT(2) 
PARAMETRIC_REPRESENTATION_CONTEXT() REPRESENTATION_CONTEXT('2D SPACE',''
  ) );
#1394 = ORIENTED_EDGE('',*,*,#1395,.T.);
#1395 = EDGE_CURVE('',#1370,#1396,#1398,.T.);
#1396 = VERTEX_POINT('',#1397);
#1397 = CARTESIAN_POINT('',(22.75,144.5,30.642857142857));
#1398 = SURFACE_CURVE('',#1399,(#1403,#1409),.PCURVE_S1.);
#1399 = LINE('',#1400,#1401);
#1400 = CARTESIAN_POINT('',(22.75,153.66711029697,12.519860288464));
#1401 = VECTOR('',#1402,1.);
#1402 = DIRECTION('',(0.,-0.451368839694,0.892337475708));
#1403 = PCURVE('',#215,#1404);
#1404 = DEFINITIONAL_REPRESENTATION('',(#1405),#1408);
#1405 = B_SPLINE_CURVE_WITH_KNOTS('',1,(#1406,#1407),.UNSPECIFIED.,.F.,
  .F.,(2,2),(-6.959093905067,21.893188347115),.PIECEWISE_BEZIER_KNOTS.);
#1406 = CARTESIAN_POINT('',(7.071315698124,22.75));
#1407 = CARTESIAN_POINT('',(35.923597950306,22.75));
#1408 = ( GEOMETRIC_REPRESENTATION_CONTEXT(2) 
PARAMETRIC_REPRESENTATION_CONTEXT() REPRESENTATION_CONTEXT('2D SPACE',''
  ) );
#1409 = PCURVE('',#1410,#1415);
#1410 = PLANE('',#1411);
#1411 = AXIS2_PLACEMENT_3D('',#1412,#1413,#1414);
#1412 = CARTESIAN_POINT('',(22.75,150.45589275372,26.618748219516));
#1413 = DIRECTION('',(-1.,-0.,-0.));
#1414 = DIRECTION('',(0.,-1.,0.));
#1415 = DEFINITIONAL_REPRESENTATION('',(#1416),#1419);
#1416 = B_SPLINE_CURVE_WITH_KNOTS('',1,(#1417,#1418),.UNSPECIFIED.,.F.,
  .F.,(2,2),(-6.959093905067,21.893188347115),.PIECEWISE_BEZIER_KNOTS.);
#1417 = CARTESIAN_POINT('',(-6.352335684504,-20.30874821951));
#1418 = CARTESIAN_POINT('',(6.670685478185,5.437224493818));
#1419 = ( GEOMETRIC_REPRESENTATION_CONTEXT(2) 
PARAMETRIC_REPRESENTATION_CONTEXT() REPRESENTATION_CONTEXT('2D SPACE',''
  ) );
#1420 = ORIENTED_EDGE('',*,*,#1421,.T.);
#1421 = EDGE_CURVE('',#1396,#1422,#1424,.T.);
#1422 = VERTEX_POINT('',#1423);
#1423 = CARTESIAN_POINT('',(48.5,144.5,30.642857142857));
#1424 = SURFACE_CURVE('',#1425,(#1429,#1436),.PCURVE_S1.);
#1425 = LINE('',#1426,#1427);
#1426 = CARTESIAN_POINT('',(-50.,144.5,30.642857142857));
#1427 = VECTOR('',#1428,1.);
#1428 = DIRECTION('',(1.,0.,0.));
#1429 = PCURVE('',#215,#1430);
#1430 = DEFINITIONAL_REPRESENTATION('',(#1431),#1435);
#1431 = LINE('',#1432,#1433);
#1432 = CARTESIAN_POINT('',(34.339986806601,-50.));
#1433 = VECTOR('',#1434,1.);
#1434 = DIRECTION('',(0.,1.));
#1435 = ( GEOMETRIC_REPRESENTATION_CONTEXT(2) 
PARAMETRIC_REPRESENTATION_CONTEXT() REPRESENTATION_CONTEXT('2D SPACE',''
  ) );
#1436 = PCURVE('',#1331,#1437);
#1437 = DEFINITIONAL_REPRESENTATION('',(#1438),#1442);
#1438 = LINE('',#1439,#1440);
#1439 = CARTESIAN_POINT('',(-0.,-50.));
#1440 = VECTOR('',#1441,1.);
#1441 = DIRECTION('',(0.,1.));
#1442 = ( GEOMETRIC_REPRESENTATION_CONTEXT(2) 
PARAMETRIC_REPRESENTATION_CONTEXT() REPRESENTATION_CONTEXT('2D SPACE',''
  ) );
#1443 = ORIENTED_EDGE('',*,*,#1444,.F.);
#1444 = EDGE_CURVE('',#747,#1422,#1445,.T.);
#1445 = SURFACE_CURVE('',#1446,(#1450,#1457),.PCURVE_S1.);
#1446 = LINE('',#1447,#1448);
#1447 = CARTESIAN_POINT('',(45.834119496805,145.77036799197,
    28.131392310794));
#1448 = VECTOR('',#1449,1.);
#1449 = DIRECTION('',(-0.687681056595,0.327699610669,-0.647848539064));
#1450 = PCURVE('',#215,#1451);
#1451 = DEFINITIONAL_REPRESENTATION('',(#1452),#1456);
#1452 = LINE('',#1453,#1454);
#1453 = CARTESIAN_POINT('',(31.525508091505,45.834119496805));
#1454 = VECTOR('',#1455,1.);
#1455 = DIRECTION('',(-0.726012923026,-0.687681056595));
#1456 = ( GEOMETRIC_REPRESENTATION_CONTEXT(2) 
PARAMETRIC_REPRESENTATION_CONTEXT() REPRESENTATION_CONTEXT('2D SPACE',''
  ) );
#1457 = PCURVE('',#762,#1458);
#1458 = DEFINITIONAL_REPRESENTATION('',(#1459),#1463);
#1459 = LINE('',#1460,#1461);
#1460 = CARTESIAN_POINT('',(-213.5395360159,4.830784535064));
#1461 = VECTOR('',#1462,1.);
#1462 = DIRECTION('',(-0.232786444624,0.972527876824));
#1463 = ( GEOMETRIC_REPRESENTATION_CONTEXT(2) 
PARAMETRIC_REPRESENTATION_CONTEXT() REPRESENTATION_CONTEXT('2D SPACE',''
  ) );
#1464 = ORIENTED_EDGE('',*,*,#957,.T.);
#1465 = ORIENTED_EDGE('',*,*,#1222,.T.);
#1466 = ADVANCED_FACE('',(#1467,#1670),#403,.T.);
#1467 = FACE_BOUND('',#1468,.T.);
#1468 = EDGE_LOOP('',(#1469,#1470,#1471,#1492,#1518,#1544,#1570,#1596,
    #1625,#1651));
#1469 = ORIENTED_EDGE('',*,*,#537,.F.);
#1470 = ORIENTED_EDGE('',*,*,#388,.F.);
#1471 = ORIENTED_EDGE('',*,*,#1472,.F.);
#1472 = EDGE_CURVE('',#1473,#363,#1475,.T.);
#1473 = VERTEX_POINT('',#1474);
#1474 = CARTESIAN_POINT('',(-48.2,-7.149764027761,26.460776087967));
#1475 = SURFACE_CURVE('',#1476,(#1480,#1486),.PCURVE_S1.);
#1476 = LINE('',#1477,#1478);
#1477 = CARTESIAN_POINT('',(-30.,-7.149764027761,26.460776087967));
#1478 = VECTOR('',#1479,1.);
#1479 = DIRECTION('',(-1.,-0.,0.));
#1480 = PCURVE('',#403,#1481);
#1481 = DEFINITIONAL_REPRESENTATION('',(#1482),#1485);
#1482 = B_SPLINE_CURVE_WITH_KNOTS('',1,(#1483,#1484),.UNSPECIFIED.,.F.,
  .F.,(2,2),(5.,20.),.PIECEWISE_BEZIER_KNOTS.);
#1483 = CARTESIAN_POINT('',(152.11286872966,-35.));
#1484 = CARTESIAN_POINT('',(152.11286872966,-50.));
#1485 = ( GEOMETRIC_REPRESENTATION_CONTEXT(2) 
PARAMETRIC_REPRESENTATION_CONTEXT() REPRESENTATION_CONTEXT('2D SPACE',''
  ) );
#1486 = PCURVE('',#377,#1487);
#1487 = DEFINITIONAL_REPRESENTATION('',(#1488),#1491);
#1488 = B_SPLINE_CURVE_WITH_KNOTS('',1,(#1489,#1490),.UNSPECIFIED.,.F.,
  .F.,(2,2),(5.,20.),.PIECEWISE_BEZIER_KNOTS.);
#1489 = CARTESIAN_POINT('',(25.,-8.206466279136));
#1490 = CARTESIAN_POINT('',(10.,-8.206466279136));
#1491 = ( GEOMETRIC_REPRESENTATION_CONTEXT(2) 
PARAMETRIC_REPRESENTATION_CONTEXT() REPRESENTATION_CONTEXT('2D SPACE',''
  ) );
#1492 = ORIENTED_EDGE('',*,*,#1493,.F.);
#1493 = EDGE_CURVE('',#1494,#1473,#1496,.T.);
#1494 = VERTEX_POINT('',#1495);
#1495 = CARTESIAN_POINT('',(-48.2,117.5,59.107142857143));
#1496 = SURFACE_CURVE('',#1497,(#1501,#1507),.PCURVE_S1.);
#1497 = LINE('',#1498,#1499);
#1498 = CARTESIAN_POINT('',(-48.2,99.239359007759,54.324594025842));
#1499 = VECTOR('',#1500,1.);
#1500 = DIRECTION('',(0.,-0.96737222338,-0.253359391838));
#1501 = PCURVE('',#403,#1502);
#1502 = DEFINITIONAL_REPRESENTATION('',(#1503),#1506);
#1503 = B_SPLINE_CURVE_WITH_KNOTS('',1,(#1504,#1505),.UNSPECIFIED.,.F.,
  .F.,(2,2),(-18.87654054034,141.3513389189),.PIECEWISE_BEZIER_KNOTS.);
#1504 = CARTESIAN_POINT('',(23.258885727956,-48.2));
#1505 = CARTESIAN_POINT('',(183.48676518721,-48.2));
#1506 = ( GEOMETRIC_REPRESENTATION_CONTEXT(2) 
PARAMETRIC_REPRESENTATION_CONTEXT() REPRESENTATION_CONTEXT('2D SPACE',''
  ) );
#1507 = PCURVE('',#1508,#1513);
#1508 = PLANE('',#1509);
#1509 = AXIS2_PLACEMENT_3D('',#1510,#1511,#1512);
#1510 = CARTESIAN_POINT('',(-48.2,60.563089947655,35.690677038067));
#1511 = DIRECTION('',(-1.,-0.,-0.));
#1512 = DIRECTION('',(0.,-1.,0.));
#1513 = DEFINITIONAL_REPRESENTATION('',(#1514),#1517);
#1514 = B_SPLINE_CURVE_WITH_KNOTS('',1,(#1515,#1516),.UNSPECIFIED.,.F.,
  .F.,(2,2),(-18.87654054034,141.3513389189),.PIECEWISE_BEZIER_KNOTS.);
#1515 = CARTESIAN_POINT('',(-56.93691005234,23.416465819075));
#1516 = CARTESIAN_POINT('',(98.063089947655,-17.17877227616));
#1517 = ( GEOMETRIC_REPRESENTATION_CONTEXT(2) 
PARAMETRIC_REPRESENTATION_CONTEXT() REPRESENTATION_CONTEXT('2D SPACE',''
  ) );
#1518 = ORIENTED_EDGE('',*,*,#1519,.T.);
#1519 = EDGE_CURVE('',#1494,#1520,#1522,.T.);
#1520 = VERTEX_POINT('',#1521);
#1521 = CARTESIAN_POINT('',(-46.,117.5,59.107142857143));
#1522 = SURFACE_CURVE('',#1523,(#1527,#1533),.PCURVE_S1.);
#1523 = LINE('',#1524,#1525);
#1524 = CARTESIAN_POINT('',(-27.25,117.5,59.107142857143));
#1525 = VECTOR('',#1526,1.);
#1526 = DIRECTION('',(1.,0.,0.));
#1527 = PCURVE('',#403,#1528);
#1528 = DEFINITIONAL_REPRESENTATION('',(#1529),#1532);
#1529 = B_SPLINE_CURVE_WITH_KNOTS('',1,(#1530,#1531),.UNSPECIFIED.,.F.,
  .F.,(2,2),(-20.95,-2.25),.PIECEWISE_BEZIER_KNOTS.);
#1530 = CARTESIAN_POINT('',(23.258885727956,-48.2));
#1531 = CARTESIAN_POINT('',(23.258885727956,-29.5));
#1532 = ( GEOMETRIC_REPRESENTATION_CONTEXT(2) 
PARAMETRIC_REPRESENTATION_CONTEXT() REPRESENTATION_CONTEXT('2D SPACE',''
  ) );
#1533 = PCURVE('',#1534,#1539);
#1534 = PLANE('',#1535);
#1535 = AXIS2_PLACEMENT_3D('',#1536,#1537,#1538);
#1536 = CARTESIAN_POINT('',(-54.5,117.5,100.));
#1537 = DIRECTION('',(0.,-1.,0.));
#1538 = DIRECTION('',(1.,0.,0.));
#1539 = DEFINITIONAL_REPRESENTATION('',(#1540),#1543);
#1540 = B_SPLINE_CURVE_WITH_KNOTS('',1,(#1541,#1542),.UNSPECIFIED.,.F.,
  .F.,(2,2),(-20.95,-2.25),.PIECEWISE_BEZIER_KNOTS.);
#1541 = CARTESIAN_POINT('',(6.3,-40.89285714285));
#1542 = CARTESIAN_POINT('',(25.,-40.89285714285));
#1543 = ( GEOMETRIC_REPRESENTATION_CONTEXT(2) 
PARAMETRIC_REPRESENTATION_CONTEXT() REPRESENTATION_CONTEXT('2D SPACE',''
  ) );
#1544 = ORIENTED_EDGE('',*,*,#1545,.T.);
#1545 = EDGE_CURVE('',#1520,#1546,#1548,.T.);
#1546 = VERTEX_POINT('',#1547);
#1547 = CARTESIAN_POINT('',(-46.,125.16313888309,61.114155421764));
#1548 = SURFACE_CURVE('',#1549,(#1553,#1559),.PCURVE_S1.);
#1549 = LINE('',#1550,#1551);
#1550 = CARTESIAN_POINT('',(-46.,99.239359007759,54.324594025842));
#1551 = VECTOR('',#1552,1.);
#1552 = DIRECTION('',(-0.,0.96737222338,0.253359391838));
#1553 = PCURVE('',#403,#1554);
#1554 = DEFINITIONAL_REPRESENTATION('',(#1555),#1558);
#1555 = B_SPLINE_CURVE_WITH_KNOTS('',1,(#1556,#1557),.UNSPECIFIED.,.F.,
  .F.,(2,2),(-154.3059484575,34.416783511323),.PIECEWISE_BEZIER_KNOTS.);
#1556 = CARTESIAN_POINT('',(196.44137472589,-46.));
#1557 = CARTESIAN_POINT('',(7.718642756978,-46.));
#1558 = ( GEOMETRIC_REPRESENTATION_CONTEXT(2) 
PARAMETRIC_REPRESENTATION_CONTEXT() REPRESENTATION_CONTEXT('2D SPACE',''
  ) );
#1559 = PCURVE('',#1560,#1565);
#1560 = PLANE('',#1561);
#1561 = AXIS2_PLACEMENT_3D('',#1562,#1563,#1564);
#1562 = CARTESIAN_POINT('',(-46.,60.563089947655,35.690677038067));
#1563 = DIRECTION('',(-1.,-0.,-0.));
#1564 = DIRECTION('',(0.,-1.,0.));
#1565 = DEFINITIONAL_REPRESENTATION('',(#1566),#1569);
#1566 = B_SPLINE_CURVE_WITH_KNOTS('',1,(#1567,#1568),.UNSPECIFIED.,.F.,
  .F.,(2,2),(-154.3059484575,34.416783511323),.PIECEWISE_BEZIER_KNOTS.);
#1567 = CARTESIAN_POINT('',(110.59501938011,-20.46094427037));
#1568 = CARTESIAN_POINT('',(-71.97010944704,27.353732327212));
#1569 = ( GEOMETRIC_REPRESENTATION_CONTEXT(2) 
PARAMETRIC_REPRESENTATION_CONTEXT() REPRESENTATION_CONTEXT('2D SPACE',''
  ) );
#1570 = ORIENTED_EDGE('',*,*,#1571,.T.);
#1571 = EDGE_CURVE('',#1546,#1572,#1574,.T.);
#1572 = VERTEX_POINT('',#1573);
#1573 = CARTESIAN_POINT('',(-42.,125.16313888309,61.114155421764));
#1574 = SURFACE_CURVE('',#1575,(#1579,#1585),.PCURVE_S1.);
#1575 = LINE('',#1576,#1577);
#1576 = CARTESIAN_POINT('',(-23.5,125.16313888309,61.114155421764));
#1577 = VECTOR('',#1578,1.);
#1578 = DIRECTION('',(1.,0.,-0.));
#1579 = PCURVE('',#403,#1580);
#1580 = DEFINITIONAL_REPRESENTATION('',(#1581),#1584);
#1581 = B_SPLINE_CURVE_WITH_KNOTS('',1,(#1582,#1583),.UNSPECIFIED.,.F.,
  .F.,(2,2),(-22.5,-18.5),.PIECEWISE_BEZIER_KNOTS.);
#1582 = CARTESIAN_POINT('',(15.337282545758,-46.));
#1583 = CARTESIAN_POINT('',(15.337282545758,-42.));
#1584 = ( GEOMETRIC_REPRESENTATION_CONTEXT(2) 
PARAMETRIC_REPRESENTATION_CONTEXT() REPRESENTATION_CONTEXT('2D SPACE',''
  ) );
#1585 = PCURVE('',#1586,#1591);
#1586 = PLANE('',#1587);
#1587 = AXIS2_PLACEMENT_3D('',#1588,#1589,#1590);
#1588 = CARTESIAN_POINT('',(-47.,144.16509327092,-11.43876133175));
#1589 = DIRECTION('',(0.,0.96737222338,0.253359391838));
#1590 = DIRECTION('',(0.,-0.253359391838,0.96737222338));
#1591 = DEFINITIONAL_REPRESENTATION('',(#1592),#1595);
#1592 = B_SPLINE_CURVE_WITH_KNOTS('',1,(#1593,#1594),.UNSPECIFIED.,.F.,
  .F.,(2,2),(-22.5,-18.5),.PIECEWISE_BEZIER_KNOTS.);
#1593 = CARTESIAN_POINT('',(75.,1.));
#1594 = CARTESIAN_POINT('',(75.,5.));
#1595 = ( GEOMETRIC_REPRESENTATION_CONTEXT(2) 
PARAMETRIC_REPRESENTATION_CONTEXT() REPRESENTATION_CONTEXT('2D SPACE',''
  ) );
#1596 = ORIENTED_EDGE('',*,*,#1597,.T.);
#1597 = EDGE_CURVE('',#1572,#1598,#1600,.T.);
#1598 = VERTEX_POINT('',#1599);
#1599 = CARTESIAN_POINT('',(-42.,134.8368611169,63.647749340141));
#1600 = SURFACE_CURVE('',#1601,(#1606,#1613),.PCURVE_S1.);
#1601 = CIRCLE('',#1602,5.);
#1602 = AXIS2_PLACEMENT_3D('',#1603,#1604,#1605);
#1603 = CARTESIAN_POINT('',(-42.,130.,62.380952380952));
#1604 = DIRECTION('',(0.,-0.253359391838,0.96737222338));
#1605 = DIRECTION('',(1.,0.,0.));
#1606 = PCURVE('',#403,#1607);
#1607 = DEFINITIONAL_REPRESENTATION('',(#1608),#1612);
#1608 = CIRCLE('',#1609,5.);
#1609 = AXIS2_PLACEMENT_2D('',#1610,#1611);
#1610 = CARTESIAN_POINT('',(10.337282545758,-42.));
#1611 = DIRECTION('',(0.,1.));
#1612 = ( GEOMETRIC_REPRESENTATION_CONTEXT(2) 
PARAMETRIC_REPRESENTATION_CONTEXT() REPRESENTATION_CONTEXT('2D SPACE',''
  ) );
#1613 = PCURVE('',#1614,#1619);
#1614 = CYLINDRICAL_SURFACE('',#1615,5.);
#1615 = AXIS2_PLACEMENT_3D('',#1616,#1617,#1618);
#1616 = CARTESIAN_POINT('',(-42.,149.00195438782,-10.17196437256));
#1617 = DIRECTION('',(0.,-0.253359391838,0.96737222338));
#1618 = DIRECTION('',(1.,0.,0.));
#1619 = DEFINITIONAL_REPRESENTATION('',(#1620),#1624);
#1620 = LINE('',#1621,#1622);
#1621 = CARTESIAN_POINT('',(0.,75.));
#1622 = VECTOR('',#1623,1.);
#1623 = DIRECTION('',(1.,0.));
#1624 = ( GEOMETRIC_REPRESENTATION_CONTEXT(2) 
PARAMETRIC_REPRESENTATION_CONTEXT() REPRESENTATION_CONTEXT('2D SPACE',''
  ) );
#1625 = ORIENTED_EDGE('',*,*,#1626,.F.);
#1626 = EDGE_CURVE('',#1627,#1598,#1629,.T.);
#1627 = VERTEX_POINT('',#1628);
#1628 = CARTESIAN_POINT('',(-46.,134.8368611169,63.647749340141));
#1629 = SURFACE_CURVE('',#1630,(#1634,#1640),.PCURVE_S1.);
#1630 = LINE('',#1631,#1632);
#1631 = CARTESIAN_POINT('',(-23.5,134.8368611169,63.647749340141));
#1632 = VECTOR('',#1633,1.);
#1633 = DIRECTION('',(1.,0.,-0.));
#1634 = PCURVE('',#403,#1635);
#1635 = DEFINITIONAL_REPRESENTATION('',(#1636),#1639);
#1636 = B_SPLINE_CURVE_WITH_KNOTS('',1,(#1637,#1638),.UNSPECIFIED.,.F.,
  .F.,(2,2),(-22.5,-18.5),.PIECEWISE_BEZIER_KNOTS.);
#1637 = CARTESIAN_POINT('',(5.337282545758,-46.));
#1638 = CARTESIAN_POINT('',(5.337282545758,-42.));
#1639 = ( GEOMETRIC_REPRESENTATION_CONTEXT(2) 
PARAMETRIC_REPRESENTATION_CONTEXT() REPRESENTATION_CONTEXT('2D SPACE',''
  ) );
#1640 = PCURVE('',#1641,#1646);
#1641 = PLANE('',#1642);
#1642 = AXIS2_PLACEMENT_3D('',#1643,#1644,#1645);
#1643 = CARTESIAN_POINT('',(-47.,153.83881550472,-8.905167413378));
#1644 = DIRECTION('',(0.,0.96737222338,0.253359391838));
#1645 = DIRECTION('',(0.,-0.253359391838,0.96737222338));
#1646 = DEFINITIONAL_REPRESENTATION('',(#1647),#1650);
#1647 = B_SPLINE_CURVE_WITH_KNOTS('',1,(#1648,#1649),.UNSPECIFIED.,.F.,
  .F.,(2,2),(-22.5,-18.5),.PIECEWISE_BEZIER_KNOTS.);
#1648 = CARTESIAN_POINT('',(75.,1.));
#1649 = CARTESIAN_POINT('',(75.,5.));
#1650 = ( GEOMETRIC_REPRESENTATION_CONTEXT(2) 
PARAMETRIC_REPRESENTATION_CONTEXT() REPRESENTATION_CONTEXT('2D SPACE',''
  ) );
#1651 = ORIENTED_EDGE('',*,*,#1652,.T.);
#1652 = EDGE_CURVE('',#1627,#538,#1653,.T.);
#1653 = SURFACE_CURVE('',#1654,(#1658,#1664),.PCURVE_S1.);
#1654 = LINE('',#1655,#1656);
#1655 = CARTESIAN_POINT('',(-46.,99.239359007759,54.324594025842));
#1656 = VECTOR('',#1657,1.);
#1657 = DIRECTION('',(-0.,0.96737222338,0.253359391838));
#1658 = PCURVE('',#403,#1659);
#1659 = DEFINITIONAL_REPRESENTATION('',(#1660),#1663);
#1660 = B_SPLINE_CURVE_WITH_KNOTS('',1,(#1661,#1662),.UNSPECIFIED.,.F.,
  .F.,(2,2),(31.765137366058,42.135426268301),.PIECEWISE_BEZIER_KNOTS.);
#1661 = CARTESIAN_POINT('',(10.370288902244,-46.));
#1662 = CARTESIAN_POINT('',(0.,-46.));
#1663 = ( GEOMETRIC_REPRESENTATION_CONTEXT(2) 
PARAMETRIC_REPRESENTATION_CONTEXT() REPRESENTATION_CONTEXT('2D SPACE',''
  ) );
#1664 = PCURVE('',#576,#1665);
#1665 = DEFINITIONAL_REPRESENTATION('',(#1666),#1669);
#1666 = B_SPLINE_CURVE_WITH_KNOTS('',1,(#1667,#1668),.UNSPECIFIED.,.F.,
  .F.,(2,2),(31.765137366058,42.135426268301),.PIECEWISE_BEZIER_KNOTS.);
#1667 = CARTESIAN_POINT('',(-69.40498061988,26.681912872479));
#1668 = CARTESIAN_POINT('',(-79.43691005234,29.309322961933));
#1669 = ( GEOMETRIC_REPRESENTATION_CONTEXT(2) 
PARAMETRIC_REPRESENTATION_CONTEXT() REPRESENTATION_CONTEXT('2D SPACE',''
  ) );
#1670 = FACE_BOUND('',#1671,.T.);
#1671 = EDGE_LOOP('',(#1672));
#1672 = ORIENTED_EDGE('',*,*,#1673,.F.);
#1673 = EDGE_CURVE('',#1674,#1674,#1676,.T.);
#1674 = VERTEX_POINT('',#1675);
#1675 = CARTESIAN_POINT('',(-40.3,130.,62.380952380952));
#1676 = SURFACE_CURVE('',#1677,(#1682,#1689),.PCURVE_S1.);
#1677 = CIRCLE('',#1678,1.7);
#1678 = AXIS2_PLACEMENT_3D('',#1679,#1680,#1681);
#1679 = CARTESIAN_POINT('',(-42.,130.,62.380952380952));
#1680 = DIRECTION('',(0.,-0.253359391838,0.96737222338));
#1681 = DIRECTION('',(1.,0.,0.));
#1682 = PCURVE('',#403,#1683);
#1683 = DEFINITIONAL_REPRESENTATION('',(#1684),#1688);
#1684 = CIRCLE('',#1685,1.7);
#1685 = AXIS2_PLACEMENT_2D('',#1686,#1687);
#1686 = CARTESIAN_POINT('',(10.337282545758,-42.));
#1687 = DIRECTION('',(0.,1.));
#1688 = ( GEOMETRIC_REPRESENTATION_CONTEXT(2) 
PARAMETRIC_REPRESENTATION_CONTEXT() REPRESENTATION_CONTEXT('2D SPACE',''
  ) );
#1689 = PCURVE('',#1690,#1695);
#1690 = CYLINDRICAL_SURFACE('',#1691,1.7);
#1691 = AXIS2_PLACEMENT_3D('',#1692,#1693,#1694);
#1692 = CARTESIAN_POINT('',(-42.,145.20156351026,4.338618978138));
#1693 = DIRECTION('',(0.,-0.253359391838,0.96737222338));
#1694 = DIRECTION('',(1.,0.,0.));
#1695 = DEFINITIONAL_REPRESENTATION('',(#1696),#1700);
#1696 = LINE('',#1697,#1698);
#1697 = CARTESIAN_POINT('',(0.,60.));
#1698 = VECTOR('',#1699,1.);
#1699 = DIRECTION('',(1.,0.));
#1700 = ( GEOMETRIC_REPRESENTATION_CONTEXT(2) 
PARAMETRIC_REPRESENTATION_CONTEXT() REPRESENTATION_CONTEXT('2D SPACE',''
  ) );
#1701 = ADVANCED_FACE('',(#1702),#377,.F.);
#1702 = FACE_BOUND('',#1703,.F.);
#1703 = EDGE_LOOP('',(#1704,#1727,#1728,#1729,#1750,#1776));
#1704 = ORIENTED_EDGE('',*,*,#1705,.F.);
#1705 = EDGE_CURVE('',#336,#1706,#1708,.T.);
#1706 = VERTEX_POINT('',#1707);
#1707 = CARTESIAN_POINT('',(-45.,-5.98919443665,18.336788950189));
#1708 = SURFACE_CURVE('',#1709,(#1713,#1720),.PCURVE_S1.);
#1709 = LINE('',#1710,#1711);
#1710 = CARTESIAN_POINT('',(-47.5,-5.98919443665,18.336788950189));
#1711 = VECTOR('',#1712,1.);
#1712 = DIRECTION('',(1.,0.,0.));
#1713 = PCURVE('',#377,#1714);
#1714 = DEFINITIONAL_REPRESENTATION('',(#1715),#1719);
#1715 = LINE('',#1716,#1717);
#1716 = CARTESIAN_POINT('',(12.5,0.));
#1717 = VECTOR('',#1718,1.);
#1718 = DIRECTION('',(1.,0.));
#1719 = ( GEOMETRIC_REPRESENTATION_CONTEXT(2) 
PARAMETRIC_REPRESENTATION_CONTEXT() REPRESENTATION_CONTEXT('2D SPACE',''
  ) );
#1720 = PCURVE('',#350,#1721);
#1721 = DEFINITIONAL_REPRESENTATION('',(#1722),#1726);
#1722 = LINE('',#1723,#1724);
#1723 = CARTESIAN_POINT('',(0.,5.5));
#1724 = VECTOR('',#1725,1.);
#1725 = DIRECTION('',(1.,0.));
#1726 = ( GEOMETRIC_REPRESENTATION_CONTEXT(2) 
PARAMETRIC_REPRESENTATION_CONTEXT() REPRESENTATION_CONTEXT('2D SPACE',''
  ) );
#1727 = ORIENTED_EDGE('',*,*,#362,.F.);
#1728 = ORIENTED_EDGE('',*,*,#1472,.F.);
#1729 = ORIENTED_EDGE('',*,*,#1730,.F.);
#1730 = EDGE_CURVE('',#1731,#1473,#1733,.T.);
#1731 = VERTEX_POINT('',#1732);
#1732 = CARTESIAN_POINT('',(-48.2,-7.425173863827,28.388644940426));
#1733 = SURFACE_CURVE('',#1734,(#1738,#1744),.PCURVE_S1.);
#1734 = LINE('',#1735,#1736);
#1735 = CARTESIAN_POINT('',(-48.2,-6.538443758958,22.181534206348));
#1736 = VECTOR('',#1737,1.);
#1737 = DIRECTION('',(0.,0.141421356237,-0.989949493661));
#1738 = PCURVE('',#377,#1739);
#1739 = DEFINITIONAL_REPRESENTATION('',(#1740),#1743);
#1740 = B_SPLINE_CURVE_WITH_KNOTS('',1,(#1741,#1742),.UNSPECIFIED.,.F.,
  .F.,(2,2),(-8.616220796336,3.706885520868),.PIECEWISE_BEZIER_KNOTS.);
#1741 = CARTESIAN_POINT('',(11.8,-12.5));
#1742 = CARTESIAN_POINT('',(11.8,-0.176893682796));
#1743 = ( GEOMETRIC_REPRESENTATION_CONTEXT(2) 
PARAMETRIC_REPRESENTATION_CONTEXT() REPRESENTATION_CONTEXT('2D SPACE',''
  ) );
#1744 = PCURVE('',#1508,#1745);
#1745 = DEFINITIONAL_REPRESENTATION('',(#1746),#1749);
#1746 = B_SPLINE_CURVE_WITH_KNOTS('',1,(#1747,#1748),.UNSPECIFIED.,.F.,
  .F.,(2,2),(-8.616220796336,3.706885520868),.PIECEWISE_BEZIER_KNOTS.);
#1747 = CARTESIAN_POINT('',(68.320051337272,-4.979519417114));
#1748 = CARTESIAN_POINT('',(66.577300928836,-17.17877227616));
#1749 = ( GEOMETRIC_REPRESENTATION_CONTEXT(2) 
PARAMETRIC_REPRESENTATION_CONTEXT() REPRESENTATION_CONTEXT('2D SPACE',''
  ) );
#1750 = ORIENTED_EDGE('',*,*,#1751,.F.);
#1751 = EDGE_CURVE('',#1752,#1731,#1754,.T.);
#1752 = VERTEX_POINT('',#1753);
#1753 = CARTESIAN_POINT('',(-45.,-7.425173863827,28.388644940426));
#1754 = SURFACE_CURVE('',#1755,(#1759,#1765),.PCURVE_S1.);
#1755 = LINE('',#1756,#1757);
#1756 = CARTESIAN_POINT('',(-30.,-7.425173863827,28.388644940426));
#1757 = VECTOR('',#1758,1.);
#1758 = DIRECTION('',(-1.,-0.,0.));
#1759 = PCURVE('',#377,#1760);
#1760 = DEFINITIONAL_REPRESENTATION('',(#1761),#1764);
#1761 = B_SPLINE_CURVE_WITH_KNOTS('',1,(#1762,#1763),.UNSPECIFIED.,.F.,
  .F.,(2,2),(15.,18.2),.PIECEWISE_BEZIER_KNOTS.);
#1762 = CARTESIAN_POINT('',(15.,-10.15390790601));
#1763 = CARTESIAN_POINT('',(11.8,-10.15390790601));
#1764 = ( GEOMETRIC_REPRESENTATION_CONTEXT(2) 
PARAMETRIC_REPRESENTATION_CONTEXT() REPRESENTATION_CONTEXT('2D SPACE',''
  ) );
#1765 = PCURVE('',#1766,#1771);
#1766 = PLANE('',#1767);
#1767 = AXIS2_PLACEMENT_3D('',#1768,#1769,#1770);
#1768 = CARTESIAN_POINT('',(0.,140.,67.));
#1769 = DIRECTION('',(0.,-0.253359391838,0.96737222338));
#1770 = DIRECTION('',(0.,-0.96737222338,-0.253359391838));
#1771 = DEFINITIONAL_REPRESENTATION('',(#1772),#1775);
#1772 = B_SPLINE_CURVE_WITH_KNOTS('',1,(#1773,#1774),.UNSPECIFIED.,.F.,
  .F.,(2,2),(15.,18.2),.PIECEWISE_BEZIER_KNOTS.);
#1773 = CARTESIAN_POINT('',(152.39756765879,-45.));
#1774 = CARTESIAN_POINT('',(152.39756765879,-48.2));
#1775 = ( GEOMETRIC_REPRESENTATION_CONTEXT(2) 
PARAMETRIC_REPRESENTATION_CONTEXT() REPRESENTATION_CONTEXT('2D SPACE',''
  ) );
#1776 = ORIENTED_EDGE('',*,*,#1777,.T.);
#1777 = EDGE_CURVE('',#1752,#1706,#1778,.T.);
#1778 = SURFACE_CURVE('',#1779,(#1783,#1789),.PCURVE_S1.);
#1779 = LINE('',#1780,#1781);
#1780 = CARTESIAN_POINT('',(-45.,-6.538443758958,22.181534206348));
#1781 = VECTOR('',#1782,1.);
#1782 = DIRECTION('',(0.,0.141421356237,-0.989949493661));
#1783 = PCURVE('',#377,#1784);
#1784 = DEFINITIONAL_REPRESENTATION('',(#1785),#1788);
#1785 = B_SPLINE_CURVE_WITH_KNOTS('',1,(#1786,#1787),.UNSPECIFIED.,.F.,
  .F.,(2,2),(-8.616220796336,3.883779203664),.PIECEWISE_BEZIER_KNOTS.);
#1786 = CARTESIAN_POINT('',(15.,-12.5));
#1787 = CARTESIAN_POINT('',(15.,0.));
#1788 = ( GEOMETRIC_REPRESENTATION_CONTEXT(2) 
PARAMETRIC_REPRESENTATION_CONTEXT() REPRESENTATION_CONTEXT('2D SPACE',''
  ) );
#1789 = PCURVE('',#1790,#1795);
#1790 = PLANE('',#1791);
#1791 = AXIS2_PLACEMENT_3D('',#1792,#1793,#1794);
#1792 = CARTESIAN_POINT('',(-45.,60.563089947655,35.690677038067));
#1793 = DIRECTION('',(-1.,-0.,-0.));
#1794 = DIRECTION('',(0.,-1.,0.));
#1795 = DEFINITIONAL_REPRESENTATION('',(#1796),#1799);
#1796 = B_SPLINE_CURVE_WITH_KNOTS('',1,(#1797,#1798),.UNSPECIFIED.,.F.,
  .F.,(2,2),(-8.616220796336,3.883779203664),.PIECEWISE_BEZIER_KNOTS.);
#1797 = CARTESIAN_POINT('',(68.320051337272,-4.979519417114));
#1798 = CARTESIAN_POINT('',(66.552284384305,-17.35388808787));
#1799 = ( GEOMETRIC_REPRESENTATION_CONTEXT(2) 
PARAMETRIC_REPRESENTATION_CONTEXT() REPRESENTATION_CONTEXT('2D SPACE',''
  ) );
#1800 = ADVANCED_FACE('',(#1801),#350,.T.);
#1801 = FACE_BOUND('',#1802,.T.);
#1802 = EDGE_LOOP('',(#1803,#1804,#1827,#1854,#1881,#1909,#1936,#1964,
    #1992,#2019,#2047,#2067));
#1803 = ORIENTED_EDGE('',*,*,#335,.F.);
#1804 = ORIENTED_EDGE('',*,*,#1805,.T.);
#1805 = EDGE_CURVE('',#310,#1806,#1808,.T.);
#1806 = VERTEX_POINT('',#1807);
#1807 = CARTESIAN_POINT('',(-45.,-16.87863886692,16.781154031579));
#1808 = SURFACE_CURVE('',#1809,(#1813,#1820),.PCURVE_S1.);
#1809 = LINE('',#1810,#1811);
#1810 = CARTESIAN_POINT('',(-47.5,-16.87863886692,16.781154031579));
#1811 = VECTOR('',#1812,1.);
#1812 = DIRECTION('',(1.,0.,0.));
#1813 = PCURVE('',#350,#1814);
#1814 = DEFINITIONAL_REPRESENTATION('',(#1815),#1819);
#1815 = LINE('',#1816,#1817);
#1816 = CARTESIAN_POINT('',(0.,-5.5));
#1817 = VECTOR('',#1818,1.);
#1818 = DIRECTION('',(1.,0.));
#1819 = ( GEOMETRIC_REPRESENTATION_CONTEXT(2) 
PARAMETRIC_REPRESENTATION_CONTEXT() REPRESENTATION_CONTEXT('2D SPACE',''
  ) );
#1820 = PCURVE('',#324,#1821);
#1821 = DEFINITIONAL_REPRESENTATION('',(#1822),#1826);
#1822 = LINE('',#1823,#1824);
#1823 = CARTESIAN_POINT('',(12.5,0.));
#1824 = VECTOR('',#1825,1.);
#1825 = DIRECTION('',(1.,0.));
#1826 = ( GEOMETRIC_REPRESENTATION_CONTEXT(2) 
PARAMETRIC_REPRESENTATION_CONTEXT() REPRESENTATION_CONTEXT('2D SPACE',''
  ) );
#1827 = ORIENTED_EDGE('',*,*,#1828,.F.);
#1828 = EDGE_CURVE('',#1829,#1806,#1831,.T.);
#1829 = VERTEX_POINT('',#1830);
#1830 = CARTESIAN_POINT('',(-45.,-37.5,13.835245298282));
#1831 = SURFACE_CURVE('',#1832,(#1836,#1843),.PCURVE_S1.);
#1832 = LINE('',#1833,#1834);
#1833 = CARTESIAN_POINT('',(-45.,22.515218549382,22.408847948194));
#1834 = VECTOR('',#1835,1.);
#1835 = DIRECTION('',(-0.,0.989949493661,0.141421356237));
#1836 = PCURVE('',#350,#1837);
#1837 = DEFINITIONAL_REPRESENTATION('',(#1838),#1842);
#1838 = LINE('',#1839,#1840);
#1839 = CARTESIAN_POINT('',(2.5,34.293805308808));
#1840 = VECTOR('',#1841,1.);
#1841 = DIRECTION('',(0.,1.));
#1842 = ( GEOMETRIC_REPRESENTATION_CONTEXT(2) 
PARAMETRIC_REPRESENTATION_CONTEXT() REPRESENTATION_CONTEXT('2D SPACE',''
  ) );
#1843 = PCURVE('',#1844,#1849);
#1844 = PLANE('',#1845);
#1845 = AXIS2_PLACEMENT_3D('',#1846,#1847,#1848);
#1846 = CARTESIAN_POINT('',(-45.,60.563089947655,35.690677038067));
#1847 = DIRECTION('',(-1.,-0.,-0.));
#1848 = DIRECTION('',(0.,-1.,0.));
#1849 = DEFINITIONAL_REPRESENTATION('',(#1850),#1853);
#1850 = B_SPLINE_CURVE_WITH_KNOTS('',1,(#1851,#1852),.UNSPECIFIED.,.F.,
  .F.,(2,2),(-60.62452572951,-9.493805308808),.PIECEWISE_BEZIER_KNOTS.);
#1851 = CARTESIAN_POINT('',(98.063089947655,-21.85543173978));
#1852 = CARTESIAN_POINT('',(47.446259156645,-14.62445591249));
#1853 = ( GEOMETRIC_REPRESENTATION_CONTEXT(2) 
PARAMETRIC_REPRESENTATION_CONTEXT() REPRESENTATION_CONTEXT('2D SPACE',''
  ) );
#1854 = ORIENTED_EDGE('',*,*,#1855,.T.);
#1855 = EDGE_CURVE('',#1829,#1856,#1858,.T.);
#1856 = VERTEX_POINT('',#1857);
#1857 = CARTESIAN_POINT('',(-46.,-37.5,13.835245298282));
#1858 = SURFACE_CURVE('',#1859,(#1863,#1870),.PCURVE_S1.);
#1859 = LINE('',#1860,#1861);
#1860 = CARTESIAN_POINT('',(-29.525,-37.5,13.835245298282));
#1861 = VECTOR('',#1862,1.);
#1862 = DIRECTION('',(-1.,0.,0.));
#1863 = PCURVE('',#350,#1864);
#1864 = DEFINITIONAL_REPRESENTATION('',(#1865),#1869);
#1865 = LINE('',#1866,#1867);
#1866 = CARTESIAN_POINT('',(17.975,-26.3307204207));
#1867 = VECTOR('',#1868,1.);
#1868 = DIRECTION('',(-1.,0.));
#1869 = ( GEOMETRIC_REPRESENTATION_CONTEXT(2) 
PARAMETRIC_REPRESENTATION_CONTEXT() REPRESENTATION_CONTEXT('2D SPACE',''
  ) );
#1870 = PCURVE('',#1871,#1876);
#1871 = PLANE('',#1872);
#1872 = AXIS2_PLACEMENT_3D('',#1873,#1874,#1875);
#1873 = CARTESIAN_POINT('',(-54.5,-37.5,100.));
#1874 = DIRECTION('',(0.,-1.,0.));
#1875 = DIRECTION('',(1.,0.,0.));
#1876 = DEFINITIONAL_REPRESENTATION('',(#1877),#1880);
#1877 = B_SPLINE_CURVE_WITH_KNOTS('',1,(#1878,#1879),.UNSPECIFIED.,.F.,
  .F.,(2,2),(15.475,16.475),.PIECEWISE_BEZIER_KNOTS.);
#1878 = CARTESIAN_POINT('',(9.5,-86.16475470171));
#1879 = CARTESIAN_POINT('',(8.5,-86.16475470171));
#1880 = ( GEOMETRIC_REPRESENTATION_CONTEXT(2) 
PARAMETRIC_REPRESENTATION_CONTEXT() REPRESENTATION_CONTEXT('2D SPACE',''
  ) );
#1881 = ORIENTED_EDGE('',*,*,#1882,.F.);
#1882 = EDGE_CURVE('',#1883,#1856,#1885,.T.);
#1883 = VERTEX_POINT('',#1884);
#1884 = CARTESIAN_POINT('',(-46.,-44.21278695215,12.876275733688));
#1885 = SURFACE_CURVE('',#1886,(#1890,#1897),.PCURVE_S1.);
#1886 = LINE('',#1887,#1888);
#1887 = CARTESIAN_POINT('',(-46.,-46.37913377802,12.566797615707));
#1888 = VECTOR('',#1889,1.);
#1889 = DIRECTION('',(0.,0.989949493661,0.141421356237));
#1890 = PCURVE('',#350,#1891);
#1891 = DEFINITIONAL_REPRESENTATION('',(#1892),#1896);
#1892 = LINE('',#1893,#1894);
#1893 = CARTESIAN_POINT('',(1.5,-35.3));
#1894 = VECTOR('',#1895,1.);
#1895 = DIRECTION('',(0.,1.));
#1896 = ( GEOMETRIC_REPRESENTATION_CONTEXT(2) 
PARAMETRIC_REPRESENTATION_CONTEXT() REPRESENTATION_CONTEXT('2D SPACE',''
  ) );
#1897 = PCURVE('',#1898,#1903);
#1898 = PLANE('',#1899);
#1899 = AXIS2_PLACEMENT_3D('',#1900,#1901,#1902);
#1900 = CARTESIAN_POINT('',(-46.,60.563089947655,35.690677038067));
#1901 = DIRECTION('',(-1.,-0.,-0.));
#1902 = DIRECTION('',(0.,-1.,0.));
#1903 = DEFINITIONAL_REPRESENTATION('',(#1904),#1908);
#1904 = LINE('',#1905,#1906);
#1905 = CARTESIAN_POINT('',(106.94222372568,-23.12387942236));
#1906 = VECTOR('',#1907,1.);
#1907 = DIRECTION('',(-0.989949493661,0.141421356237));
#1908 = ( GEOMETRIC_REPRESENTATION_CONTEXT(2) 
PARAMETRIC_REPRESENTATION_CONTEXT() REPRESENTATION_CONTEXT('2D SPACE',''
  ) );
#1909 = ORIENTED_EDGE('',*,*,#1910,.T.);
#1910 = EDGE_CURVE('',#1883,#1911,#1913,.T.);
#1911 = VERTEX_POINT('',#1912);
#1912 = CARTESIAN_POINT('',(-44.5,-44.21278695215,12.876275733688));
#1913 = SURFACE_CURVE('',#1914,(#1918,#1925),.PCURVE_S1.);
#1914 = LINE('',#1915,#1916);
#1915 = CARTESIAN_POINT('',(-25.775,-44.21278695215,12.876275733688));
#1916 = VECTOR('',#1917,1.);
#1917 = DIRECTION('',(1.,0.,-0.));
#1918 = PCURVE('',#350,#1919);
#1919 = DEFINITIONAL_REPRESENTATION('',(#1920),#1924);
#1920 = LINE('',#1921,#1922);
#1921 = CARTESIAN_POINT('',(21.725,-33.11165924146));
#1922 = VECTOR('',#1923,1.);
#1923 = DIRECTION('',(1.,0.));
#1924 = ( GEOMETRIC_REPRESENTATION_CONTEXT(2) 
PARAMETRIC_REPRESENTATION_CONTEXT() REPRESENTATION_CONTEXT('2D SPACE',''
  ) );
#1925 = PCURVE('',#1926,#1931);
#1926 = PLANE('',#1927);
#1927 = AXIS2_PLACEMENT_3D('',#1928,#1929,#1930);
#1928 = CARTESIAN_POINT('',(-47.,-26.16118449527,-56.04802455623));
#1929 = DIRECTION('',(0.,0.96737222338,0.253359391838));
#1930 = DIRECTION('',(0.,-0.253359391838,0.96737222338));
#1931 = DEFINITIONAL_REPRESENTATION('',(#1932),#1935);
#1932 = B_SPLINE_CURVE_WITH_KNOTS('',1,(#1933,#1934),.UNSPECIFIED.,.F.,
  .F.,(2,2),(-20.225,-16.225),.PIECEWISE_BEZIER_KNOTS.);
#1933 = CARTESIAN_POINT('',(71.248996636563,1.));
#1934 = CARTESIAN_POINT('',(71.248996636563,5.));
#1935 = ( GEOMETRIC_REPRESENTATION_CONTEXT(2) 
PARAMETRIC_REPRESENTATION_CONTEXT() REPRESENTATION_CONTEXT('2D SPACE',''
  ) );
#1936 = ORIENTED_EDGE('',*,*,#1937,.T.);
#1937 = EDGE_CURVE('',#1911,#1938,#1940,.T.);
#1938 = VERTEX_POINT('',#1939);
#1939 = CARTESIAN_POINT('',(-44.5,11.631906550519,20.854089091214));
#1940 = SURFACE_CURVE('',#1941,(#1945,#1952),.PCURVE_S1.);
#1941 = LINE('',#1942,#1943);
#1942 = CARTESIAN_POINT('',(-44.5,-44.21278695215,12.876275733688));
#1943 = VECTOR('',#1944,1.);
#1944 = DIRECTION('',(0.,0.989949493661,0.141421356237));
#1945 = PCURVE('',#350,#1946);
#1946 = DEFINITIONAL_REPRESENTATION('',(#1947),#1951);
#1947 = LINE('',#1948,#1949);
#1948 = CARTESIAN_POINT('',(3.,-33.11165924146));
#1949 = VECTOR('',#1950,1.);
#1950 = DIRECTION('',(0.,1.));
#1951 = ( GEOMETRIC_REPRESENTATION_CONTEXT(2) 
PARAMETRIC_REPRESENTATION_CONTEXT() REPRESENTATION_CONTEXT('2D SPACE',''
  ) );
#1952 = PCURVE('',#1953,#1958);
#1953 = PLANE('',#1954);
#1954 = AXIS2_PLACEMENT_3D('',#1955,#1956,#1957);
#1955 = CARTESIAN_POINT('',(-44.5,-44.66793536755,11.195010460205));
#1956 = DIRECTION('',(-1.,0.,0.));
#1957 = DIRECTION('',(0.,0.989949493661,0.141421356237));
#1958 = DEFINITIONAL_REPRESENTATION('',(#1959),#1963);
#1959 = LINE('',#1960,#1961);
#1960 = CARTESIAN_POINT('',(0.688340758534,-1.6));
#1961 = VECTOR('',#1962,1.);
#1962 = DIRECTION('',(1.,2.775557561563E-17));
#1963 = ( GEOMETRIC_REPRESENTATION_CONTEXT(2) 
PARAMETRIC_REPRESENTATION_CONTEXT() REPRESENTATION_CONTEXT('2D SPACE',''
  ) );
#1964 = ORIENTED_EDGE('',*,*,#1965,.T.);
#1965 = EDGE_CURVE('',#1938,#1966,#1968,.T.);
#1966 = VERTEX_POINT('',#1967);
#1967 = CARTESIAN_POINT('',(3.,11.631906550519,20.854089091214));
#1968 = SURFACE_CURVE('',#1969,(#1973,#1980),.PCURVE_S1.);
#1969 = LINE('',#1970,#1971);
#1970 = CARTESIAN_POINT('',(-4.55,11.631906550519,20.854089091214));
#1971 = VECTOR('',#1972,1.);
#1972 = DIRECTION('',(1.,0.,0.));
#1973 = PCURVE('',#350,#1974);
#1974 = DEFINITIONAL_REPRESENTATION('',(#1975),#1979);
#1975 = LINE('',#1976,#1977);
#1976 = CARTESIAN_POINT('',(42.95,23.3));
#1977 = VECTOR('',#1978,1.);
#1978 = DIRECTION('',(1.,0.));
#1979 = ( GEOMETRIC_REPRESENTATION_CONTEXT(2) 
PARAMETRIC_REPRESENTATION_CONTEXT() REPRESENTATION_CONTEXT('2D SPACE',''
  ) );
#1980 = PCURVE('',#1981,#1986);
#1981 = PLANE('',#1982);
#1982 = AXIS2_PLACEMENT_3D('',#1983,#1984,#1985);
#1983 = CARTESIAN_POINT('',(-44.5,12.353155467329,15.805346673542));
#1984 = DIRECTION('',(-0.,0.989949493661,0.141421356237));
#1985 = DIRECTION('',(1.,0.,0.));
#1986 = DEFINITIONAL_REPRESENTATION('',(#1987),#1991);
#1987 = LINE('',#1988,#1989);
#1988 = CARTESIAN_POINT('',(39.95,-5.1));
#1989 = VECTOR('',#1990,1.);
#1990 = DIRECTION('',(1.,0.));
#1991 = ( GEOMETRIC_REPRESENTATION_CONTEXT(2) 
PARAMETRIC_REPRESENTATION_CONTEXT() REPRESENTATION_CONTEXT('2D SPACE',''
  ) );
#1992 = ORIENTED_EDGE('',*,*,#1993,.F.);
#1993 = EDGE_CURVE('',#1994,#1966,#1996,.T.);
#1994 = VERTEX_POINT('',#1995);
#1995 = CARTESIAN_POINT('',(3.,13.11683079101,21.066221125569));
#1996 = SURFACE_CURVE('',#1997,(#2001,#2008),.PCURVE_S1.);
#1997 = LINE('',#1998,#1999);
#1998 = CARTESIAN_POINT('',(3.,-12.42386614544,17.417550134647));
#1999 = VECTOR('',#2000,1.);
#2000 = DIRECTION('',(-0.,-0.989949493661,-0.141421356237));
#2001 = PCURVE('',#350,#2002);
#2002 = DEFINITIONAL_REPRESENTATION('',(#2003),#2007);
#2003 = LINE('',#2004,#2005);
#2004 = CARTESIAN_POINT('',(50.5,-1.));
#2005 = VECTOR('',#2006,1.);
#2006 = DIRECTION('',(-0.,-1.));
#2007 = ( GEOMETRIC_REPRESENTATION_CONTEXT(2) 
PARAMETRIC_REPRESENTATION_CONTEXT() REPRESENTATION_CONTEXT('2D SPACE',''
  ) );
#2008 = PCURVE('',#2009,#2014);
#2009 = PLANE('',#2010);
#2010 = AXIS2_PLACEMENT_3D('',#2011,#2012,#2013);
#2011 = CARTESIAN_POINT('',(3.,-7.212489168103,10.989949493661));
#2012 = DIRECTION('',(-1.,0.,0.));
#2013 = DIRECTION('',(0.,0.989949493661,0.141421356237));
#2014 = DEFINITIONAL_REPRESENTATION('',(#2015),#2018);
#2015 = B_SPLINE_CURVE_WITH_KNOTS('',1,(#2016,#2017),.UNSPECIFIED.,.F.,
  .F.,(2,2),(-25.8,-4.25),.PIECEWISE_BEZIER_KNOTS.);
#2016 = CARTESIAN_POINT('',(21.55,-7.1));
#2017 = CARTESIAN_POINT('',(0.,-7.1));
#2018 = ( GEOMETRIC_REPRESENTATION_CONTEXT(2) 
PARAMETRIC_REPRESENTATION_CONTEXT() REPRESENTATION_CONTEXT('2D SPACE',''
  ) );
#2019 = ORIENTED_EDGE('',*,*,#2020,.F.);
#2020 = EDGE_CURVE('',#2021,#1994,#2023,.T.);
#2021 = VERTEX_POINT('',#2022);
#2022 = CARTESIAN_POINT('',(-45.,13.11683079101,21.066221125569));
#2023 = SURFACE_CURVE('',#2024,(#2028,#2035),.PCURVE_S1.);
#2024 = LINE('',#2025,#2026);
#2025 = CARTESIAN_POINT('',(-4.55,13.11683079101,21.066221125569));
#2026 = VECTOR('',#2027,1.);
#2027 = DIRECTION('',(1.,0.,0.));
#2028 = PCURVE('',#350,#2029);
#2029 = DEFINITIONAL_REPRESENTATION('',(#2030),#2034);
#2030 = LINE('',#2031,#2032);
#2031 = CARTESIAN_POINT('',(42.95,24.8));
#2032 = VECTOR('',#2033,1.);
#2033 = DIRECTION('',(1.,0.));
#2034 = ( GEOMETRIC_REPRESENTATION_CONTEXT(2) 
PARAMETRIC_REPRESENTATION_CONTEXT() REPRESENTATION_CONTEXT('2D SPACE',''
  ) );
#2035 = PCURVE('',#2036,#2041);
#2036 = PLANE('',#2037);
#2037 = AXIS2_PLACEMENT_3D('',#2038,#2039,#2040);
#2038 = CARTESIAN_POINT('',(-46.,13.838079707821,16.017478707898));
#2039 = DIRECTION('',(-0.,0.989949493661,0.141421356237));
#2040 = DIRECTION('',(1.,0.,0.));
#2041 = DEFINITIONAL_REPRESENTATION('',(#2042),#2046);
#2042 = LINE('',#2043,#2044);
#2043 = CARTESIAN_POINT('',(41.45,-5.1));
#2044 = VECTOR('',#2045,1.);
#2045 = DIRECTION('',(1.,0.));
#2046 = ( GEOMETRIC_REPRESENTATION_CONTEXT(2) 
PARAMETRIC_REPRESENTATION_CONTEXT() REPRESENTATION_CONTEXT('2D SPACE',''
  ) );
#2047 = ORIENTED_EDGE('',*,*,#2048,.F.);
#2048 = EDGE_CURVE('',#1706,#2021,#2049,.T.);
#2049 = SURFACE_CURVE('',#2050,(#2054,#2061),.PCURVE_S1.);
#2050 = LINE('',#2051,#2052);
#2051 = CARTESIAN_POINT('',(-45.,22.515218549382,22.408847948194));
#2052 = VECTOR('',#2053,1.);
#2053 = DIRECTION('',(-0.,0.989949493661,0.141421356237));
#2054 = PCURVE('',#350,#2055);
#2055 = DEFINITIONAL_REPRESENTATION('',(#2056),#2060);
#2056 = LINE('',#2057,#2058);
#2057 = CARTESIAN_POINT('',(2.5,34.293805308808));
#2058 = VECTOR('',#2059,1.);
#2059 = DIRECTION('',(0.,1.));
#2060 = ( GEOMETRIC_REPRESENTATION_CONTEXT(2) 
PARAMETRIC_REPRESENTATION_CONTEXT() REPRESENTATION_CONTEXT('2D SPACE',''
  ) );
#2061 = PCURVE('',#1790,#2062);
#2062 = DEFINITIONAL_REPRESENTATION('',(#2063),#2066);
#2063 = B_SPLINE_CURVE_WITH_KNOTS('',1,(#2064,#2065),.UNSPECIFIED.,.F.,
  .F.,(2,2),(-60.62452572951,-9.493805308808),.PIECEWISE_BEZIER_KNOTS.);
#2064 = CARTESIAN_POINT('',(98.063089947655,-21.85543173978));
#2065 = CARTESIAN_POINT('',(47.446259156645,-14.62445591249));
#2066 = ( GEOMETRIC_REPRESENTATION_CONTEXT(2) 
PARAMETRIC_REPRESENTATION_CONTEXT() REPRESENTATION_CONTEXT('2D SPACE',''
  ) );
#2067 = ORIENTED_EDGE('',*,*,#1705,.F.);
#2068 = ADVANCED_FACE('',(#2069),#324,.T.);
#2069 = FACE_BOUND('',#2070,.T.);
#2070 = EDGE_LOOP('',(#2071,#2072,#2073,#2094,#2120,#2146));
#2071 = ORIENTED_EDGE('',*,*,#1805,.F.);
#2072 = ORIENTED_EDGE('',*,*,#309,.F.);
#2073 = ORIENTED_EDGE('',*,*,#2074,.F.);
#2074 = EDGE_CURVE('',#2075,#284,#2077,.T.);
#2075 = VERTEX_POINT('',#2076);
#2076 = CARTESIAN_POINT('',(-48.2,-17.86069297557,23.655532792112));
#2077 = SURFACE_CURVE('',#2078,(#2082,#2088),.PCURVE_S1.);
#2078 = LINE('',#2079,#2080);
#2079 = CARTESIAN_POINT('',(-30.,-17.86069297557,23.655532792112));
#2080 = VECTOR('',#2081,1.);
#2081 = DIRECTION('',(-1.,-0.,0.));
#2082 = PCURVE('',#324,#2083);
#2083 = DEFINITIONAL_REPRESENTATION('',(#2084),#2087);
#2084 = B_SPLINE_CURVE_WITH_KNOTS('',1,(#2085,#2086),.UNSPECIFIED.,.F.,
  .F.,(2,2),(5.,20.),.PIECEWISE_BEZIER_KNOTS.);
#2085 = CARTESIAN_POINT('',(25.,-6.944171197169));
#2086 = CARTESIAN_POINT('',(10.,-6.944171197169));
#2087 = ( GEOMETRIC_REPRESENTATION_CONTEXT(2) 
PARAMETRIC_REPRESENTATION_CONTEXT() REPRESENTATION_CONTEXT('2D SPACE',''
  ) );
#2088 = PCURVE('',#298,#2089);
#2089 = DEFINITIONAL_REPRESENTATION('',(#2090),#2093);
#2090 = B_SPLINE_CURVE_WITH_KNOTS('',1,(#2091,#2092),.UNSPECIFIED.,.F.,
  .F.,(2,2),(5.,20.),.PIECEWISE_BEZIER_KNOTS.);
#2091 = CARTESIAN_POINT('',(163.18505861576,-35.));
#2092 = CARTESIAN_POINT('',(163.18505861576,-50.));
#2093 = ( GEOMETRIC_REPRESENTATION_CONTEXT(2) 
PARAMETRIC_REPRESENTATION_CONTEXT() REPRESENTATION_CONTEXT('2D SPACE',''
  ) );
#2094 = ORIENTED_EDGE('',*,*,#2095,.F.);
#2095 = EDGE_CURVE('',#2096,#2075,#2098,.T.);
#2096 = VERTEX_POINT('',#2097);
#2097 = CARTESIAN_POINT('',(-48.2,-18.13610281163,25.583401644571));
#2098 = SURFACE_CURVE('',#2099,(#2103,#2109),.PCURVE_S1.);
#2099 = LINE('',#2100,#2101);
#2100 = CARTESIAN_POINT('',(-48.2,-17.42788818923,20.625899287738));
#2101 = VECTOR('',#2102,1.);
#2102 = DIRECTION('',(0.,0.141421356237,-0.989949493661));
#2103 = PCURVE('',#324,#2104);
#2104 = DEFINITIONAL_REPRESENTATION('',(#2105),#2108);
#2105 = B_SPLINE_CURVE_WITH_KNOTS('',1,(#2106,#2107),.UNSPECIFIED.,.F.,
  .F.,(2,2),(-8.616220796336,2.13545694944),.PIECEWISE_BEZIER_KNOTS.);
#2106 = CARTESIAN_POINT('',(11.8,-12.5));
#2107 = CARTESIAN_POINT('',(11.8,-1.748322254224));
#2108 = ( GEOMETRIC_REPRESENTATION_CONTEXT(2) 
PARAMETRIC_REPRESENTATION_CONTEXT() REPRESENTATION_CONTEXT('2D SPACE',''
  ) );
#2109 = PCURVE('',#2110,#2115);
#2110 = PLANE('',#2111);
#2111 = AXIS2_PLACEMENT_3D('',#2112,#2113,#2114);
#2112 = CARTESIAN_POINT('',(-48.2,60.563089947655,35.690677038067));
#2113 = DIRECTION('',(-1.,-0.,-0.));
#2114 = DIRECTION('',(0.,-1.,0.));
#2115 = DEFINITIONAL_REPRESENTATION('',(#2116),#2119);
#2116 = B_SPLINE_CURVE_WITH_KNOTS('',1,(#2117,#2118),.UNSPECIFIED.,.F.,
  .F.,(2,2),(-8.616220796336,2.13545694944),.PIECEWISE_BEZIER_KNOTS.);
#2117 = CARTESIAN_POINT('',(79.209495767544,-6.535154335724));
#2118 = CARTESIAN_POINT('',(77.68897891891,-17.17877227616));
#2119 = ( GEOMETRIC_REPRESENTATION_CONTEXT(2) 
PARAMETRIC_REPRESENTATION_CONTEXT() REPRESENTATION_CONTEXT('2D SPACE',''
  ) );
#2120 = ORIENTED_EDGE('',*,*,#2121,.F.);
#2121 = EDGE_CURVE('',#2122,#2096,#2124,.T.);
#2122 = VERTEX_POINT('',#2123);
#2123 = CARTESIAN_POINT('',(-45.,-18.13610281163,25.583401644571));
#2124 = SURFACE_CURVE('',#2125,(#2129,#2135),.PCURVE_S1.);
#2125 = LINE('',#2126,#2127);
#2126 = CARTESIAN_POINT('',(-30.,-18.13610281163,25.583401644571));
#2127 = VECTOR('',#2128,1.);
#2128 = DIRECTION('',(-1.,-0.,0.));
#2129 = PCURVE('',#324,#2130);
#2130 = DEFINITIONAL_REPRESENTATION('',(#2131),#2134);
#2131 = B_SPLINE_CURVE_WITH_KNOTS('',1,(#2132,#2133),.UNSPECIFIED.,.F.,
  .F.,(2,2),(15.,18.2),.PIECEWISE_BEZIER_KNOTS.);
#2132 = CARTESIAN_POINT('',(15.,-8.891612824043));
#2133 = CARTESIAN_POINT('',(11.8,-8.891612824043));
#2134 = ( GEOMETRIC_REPRESENTATION_CONTEXT(2) 
PARAMETRIC_REPRESENTATION_CONTEXT() REPRESENTATION_CONTEXT('2D SPACE',''
  ) );
#2135 = PCURVE('',#2136,#2141);
#2136 = PLANE('',#2137);
#2137 = AXIS2_PLACEMENT_3D('',#2138,#2139,#2140);
#2138 = CARTESIAN_POINT('',(0.,140.,67.));
#2139 = DIRECTION('',(0.,-0.253359391838,0.96737222338));
#2140 = DIRECTION('',(0.,-0.96737222338,-0.253359391838));
#2141 = DEFINITIONAL_REPRESENTATION('',(#2142),#2145);
#2142 = B_SPLINE_CURVE_WITH_KNOTS('',1,(#2143,#2144),.UNSPECIFIED.,.F.,
  .F.,(2,2),(15.,18.2),.PIECEWISE_BEZIER_KNOTS.);
#2143 = CARTESIAN_POINT('',(163.46975754489,-45.));
#2144 = CARTESIAN_POINT('',(163.46975754489,-48.2));
#2145 = ( GEOMETRIC_REPRESENTATION_CONTEXT(2) 
PARAMETRIC_REPRESENTATION_CONTEXT() REPRESENTATION_CONTEXT('2D SPACE',''
  ) );
#2146 = ORIENTED_EDGE('',*,*,#2147,.T.);
#2147 = EDGE_CURVE('',#2122,#1806,#2148,.T.);
#2148 = SURFACE_CURVE('',#2149,(#2153,#2159),.PCURVE_S1.);
#2149 = LINE('',#2150,#2151);
#2150 = CARTESIAN_POINT('',(-45.,-17.42788818923,20.625899287738));
#2151 = VECTOR('',#2152,1.);
#2152 = DIRECTION('',(0.,0.141421356237,-0.989949493661));
#2153 = PCURVE('',#324,#2154);
#2154 = DEFINITIONAL_REPRESENTATION('',(#2155),#2158);
#2155 = B_SPLINE_CURVE_WITH_KNOTS('',1,(#2156,#2157),.UNSPECIFIED.,.F.,
  .F.,(2,2),(-8.616220796336,3.883779203664),.PIECEWISE_BEZIER_KNOTS.);
#2156 = CARTESIAN_POINT('',(15.,-12.5));
#2157 = CARTESIAN_POINT('',(15.,0.));
#2158 = ( GEOMETRIC_REPRESENTATION_CONTEXT(2) 
PARAMETRIC_REPRESENTATION_CONTEXT() REPRESENTATION_CONTEXT('2D SPACE',''
  ) );
#2159 = PCURVE('',#1844,#2160);
#2160 = DEFINITIONAL_REPRESENTATION('',(#2161),#2164);
#2161 = B_SPLINE_CURVE_WITH_KNOTS('',1,(#2162,#2163),.UNSPECIFIED.,.F.,
  .F.,(2,2),(-8.616220796336,3.883779203664),.PIECEWISE_BEZIER_KNOTS.);
#2162 = CARTESIAN_POINT('',(79.209495767544,-6.535154335724));
#2163 = CARTESIAN_POINT('',(77.441728814578,-18.90952300648));
#2164 = ( GEOMETRIC_REPRESENTATION_CONTEXT(2) 
PARAMETRIC_REPRESENTATION_CONTEXT() REPRESENTATION_CONTEXT('2D SPACE',''
  ) );
#2165 = ADVANCED_FACE('',(#2166,#2978,#3009),#298,.T.);
#2166 = FACE_BOUND('',#2167,.T.);
#2167 = EDGE_LOOP('',(#2168,#2189,#2190,#2191,#2220,#2248,#2275,#2276,
    #2297,#2323,#2349,#2375,#2402,#2430,#2456,#2482,#2508,#2537,#2563,
    #2589,#2615,#2641,#2675,#2701,#2735,#2761,#2787,#2813,#2839,#2868,
    #2895,#2917,#2938,#2959));
#2168 = ORIENTED_EDGE('',*,*,#2169,.F.);
#2169 = EDGE_CURVE('',#2075,#2170,#2172,.T.);
#2170 = VERTEX_POINT('',#2171);
#2171 = CARTESIAN_POINT('',(-48.2,-37.5,18.511904761905));
#2172 = SURFACE_CURVE('',#2173,(#2177,#2183),.PCURVE_S1.);
#2173 = LINE('',#2174,#2175);
#2174 = CARTESIAN_POINT('',(-48.2,99.239359007759,54.324594025842));
#2175 = VECTOR('',#2176,1.);
#2176 = DIRECTION('',(0.,-0.96737222338,-0.253359391838));
#2177 = PCURVE('',#298,#2178);
#2178 = DEFINITIONAL_REPRESENTATION('',(#2179),#2182);
#2179 = B_SPLINE_CURVE_WITH_KNOTS('',1,(#2180,#2181),.UNSPECIFIED.,.F.,
  .F.,(2,2),(-18.87654054034,141.3513389189),.PIECEWISE_BEZIER_KNOTS.);
#2180 = CARTESIAN_POINT('',(23.258885727956,-48.2));
#2181 = CARTESIAN_POINT('',(183.48676518721,-48.2));
#2182 = ( GEOMETRIC_REPRESENTATION_CONTEXT(2) 
PARAMETRIC_REPRESENTATION_CONTEXT() REPRESENTATION_CONTEXT('2D SPACE',''
  ) );
#2183 = PCURVE('',#2110,#2184);
#2184 = DEFINITIONAL_REPRESENTATION('',(#2185),#2188);
#2185 = B_SPLINE_CURVE_WITH_KNOTS('',1,(#2186,#2187),.UNSPECIFIED.,.F.,
  .F.,(2,2),(-18.87654054034,141.3513389189),.PIECEWISE_BEZIER_KNOTS.);
#2186 = CARTESIAN_POINT('',(-56.93691005234,23.416465819075));
#2187 = CARTESIAN_POINT('',(98.063089947655,-17.17877227616));
#2188 = ( GEOMETRIC_REPRESENTATION_CONTEXT(2) 
PARAMETRIC_REPRESENTATION_CONTEXT() REPRESENTATION_CONTEXT('2D SPACE',''
  ) );
#2189 = ORIENTED_EDGE('',*,*,#2074,.T.);
#2190 = ORIENTED_EDGE('',*,*,#283,.F.);
#2191 = ORIENTED_EDGE('',*,*,#2192,.T.);
#2192 = EDGE_CURVE('',#256,#2193,#2195,.T.);
#2193 = VERTEX_POINT('',#2194);
#2194 = CARTESIAN_POINT('',(-46.,-70.,10.));
#2195 = SURFACE_CURVE('',#2196,(#2201,#2208),.PCURVE_S1.);
#2196 = ELLIPSE('',#2197,4.134913018303,4.);
#2197 = AXIS2_PLACEMENT_3D('',#2198,#2199,#2200);
#2198 = CARTESIAN_POINT('',(-46.,-66.,11.047619047619));
#2199 = DIRECTION('',(0.,-0.253359391838,0.96737222338));
#2200 = DIRECTION('',(0.,0.96737222338,0.253359391838));
#2201 = PCURVE('',#298,#2202);
#2202 = DEFINITIONAL_REPRESENTATION('',(#2203),#2207);
#2203 = ELLIPSE('',#2204,4.134913018303,4.);
#2204 = AXIS2_PLACEMENT_2D('',#2205,#2206);
#2205 = CARTESIAN_POINT('',(212.94802044262,-46.));
#2206 = DIRECTION('',(-1.,0.));
#2207 = ( GEOMETRIC_REPRESENTATION_CONTEXT(2) 
PARAMETRIC_REPRESENTATION_CONTEXT() REPRESENTATION_CONTEXT('2D SPACE',''
  ) );
#2208 = PCURVE('',#271,#2209);
#2209 = DEFINITIONAL_REPRESENTATION('',(#2210),#2219);
#2210 = B_SPLINE_CURVE_WITH_KNOTS('',7,(#2211,#2212,#2213,#2214,#2215,
    #2216,#2217,#2218),.UNSPECIFIED.,.F.,.F.,(8,8),(1.570796326795,
    3.14159265359),.PIECEWISE_BEZIER_KNOTS.);
#2211 = CARTESIAN_POINT('',(-1.570796326795,11.047619047619));
#2212 = CARTESIAN_POINT('',(-1.346396851538,10.812533883065));
#2213 = CARTESIAN_POINT('',(-1.121997376282,10.577449673094));
#2214 = CARTESIAN_POINT('',(-0.897597901026,10.361693801569));
#2215 = CARTESIAN_POINT('',(-0.67319842577,10.184629757061));
#2216 = CARTESIAN_POINT('',(-0.448798950513,10.061546228447));
#2217 = CARTESIAN_POINT('',(-0.224399475256,10.));
#2218 = CARTESIAN_POINT('',(0.,10.));
#2219 = ( GEOMETRIC_REPRESENTATION_CONTEXT(2) 
PARAMETRIC_REPRESENTATION_CONTEXT() REPRESENTATION_CONTEXT('2D SPACE',''
  ) );
#2220 = ORIENTED_EDGE('',*,*,#2221,.F.);
#2221 = EDGE_CURVE('',#2222,#2193,#2224,.T.);
#2222 = VERTEX_POINT('',#2223);
#2223 = CARTESIAN_POINT('',(46.,-70.,10.));
#2224 = SURFACE_CURVE('',#2225,(#2229,#2236),.PCURVE_S1.);
#2225 = LINE('',#2226,#2227);
#2226 = CARTESIAN_POINT('',(150.,-70.,10.));
#2227 = VECTOR('',#2228,1.);
#2228 = DIRECTION('',(-1.,0.,0.));
#2229 = PCURVE('',#298,#2230);
#2230 = DEFINITIONAL_REPRESENTATION('',(#2231),#2235);
#2231 = LINE('',#2232,#2233);
#2232 = CARTESIAN_POINT('',(217.08293346092,150.));
#2233 = VECTOR('',#2234,1.);
#2234 = DIRECTION('',(-0.,-1.));
#2235 = ( GEOMETRIC_REPRESENTATION_CONTEXT(2) 
PARAMETRIC_REPRESENTATION_CONTEXT() REPRESENTATION_CONTEXT('2D SPACE',''
  ) );
#2236 = PCURVE('',#2237,#2242);
#2237 = PLANE('',#2238);
#2238 = AXIS2_PLACEMENT_3D('',#2239,#2240,#2241);
#2239 = CARTESIAN_POINT('',(0.,-70.,0.));
#2240 = DIRECTION('',(0.,1.,0.));
#2241 = DIRECTION('',(0.,-0.,1.));
#2242 = DEFINITIONAL_REPRESENTATION('',(#2243),#2247);
#2243 = LINE('',#2244,#2245);
#2244 = CARTESIAN_POINT('',(10.,150.));
#2245 = VECTOR('',#2246,1.);
#2246 = DIRECTION('',(0.,-1.));
#2247 = ( GEOMETRIC_REPRESENTATION_CONTEXT(2) 
PARAMETRIC_REPRESENTATION_CONTEXT() REPRESENTATION_CONTEXT('2D SPACE',''
  ) );
#2248 = ORIENTED_EDGE('',*,*,#2249,.T.);
#2249 = EDGE_CURVE('',#2222,#775,#2250,.T.);
#2250 = SURFACE_CURVE('',#2251,(#2256,#2263),.PCURVE_S1.);
#2251 = ELLIPSE('',#2252,4.134913018303,4.);
#2252 = AXIS2_PLACEMENT_3D('',#2253,#2254,#2255);
#2253 = CARTESIAN_POINT('',(46.,-66.,11.047619047619));
#2254 = DIRECTION('',(0.,-0.253359391838,0.96737222338));
#2255 = DIRECTION('',(0.,0.96737222338,0.253359391838));
#2256 = PCURVE('',#298,#2257);
#2257 = DEFINITIONAL_REPRESENTATION('',(#2258),#2262);
#2258 = ELLIPSE('',#2259,4.134913018303,4.);
#2259 = AXIS2_PLACEMENT_2D('',#2260,#2261);
#2260 = CARTESIAN_POINT('',(212.94802044262,46.));
#2261 = DIRECTION('',(-1.,0.));
#2262 = ( GEOMETRIC_REPRESENTATION_CONTEXT(2) 
PARAMETRIC_REPRESENTATION_CONTEXT() REPRESENTATION_CONTEXT('2D SPACE',''
  ) );
#2263 = PCURVE('',#790,#2264);
#2264 = DEFINITIONAL_REPRESENTATION('',(#2265),#2274);
#2265 = B_SPLINE_CURVE_WITH_KNOTS('',7,(#2266,#2267,#2268,#2269,#2270,
    #2271,#2272,#2273),.UNSPECIFIED.,.F.,.F.,(8,8),(3.14159265359,
    4.712388980385),.PIECEWISE_BEZIER_KNOTS.);
#2266 = CARTESIAN_POINT('',(0.,10.));
#2267 = CARTESIAN_POINT('',(0.224399475256,10.));
#2268 = CARTESIAN_POINT('',(0.448798950513,10.06154622845));
#2269 = CARTESIAN_POINT('',(0.673198425769,10.184629757056));
#2270 = CARTESIAN_POINT('',(0.897597901026,10.361693801571));
#2271 = CARTESIAN_POINT('',(1.121997376282,10.577449673092));
#2272 = CARTESIAN_POINT('',(1.346396851538,10.812533883065));
#2273 = CARTESIAN_POINT('',(1.570796326795,11.047619047619));
#2274 = ( GEOMETRIC_REPRESENTATION_CONTEXT(2) 
PARAMETRIC_REPRESENTATION_CONTEXT() REPRESENTATION_CONTEXT('2D SPACE',''
  ) );
#2275 = ORIENTED_EDGE('',*,*,#802,.F.);
#2276 = ORIENTED_EDGE('',*,*,#2277,.T.);
#2277 = EDGE_CURVE('',#803,#2278,#2280,.T.);
#2278 = VERTEX_POINT('',#2279);
#2279 = CARTESIAN_POINT('',(48.5,28.8,35.87619047619));
#2280 = SURFACE_CURVE('',#2281,(#2285,#2291),.PCURVE_S1.);
#2281 = LINE('',#2282,#2283);
#2282 = CARTESIAN_POINT('',(24.125,28.8,35.87619047619));
#2283 = VECTOR('',#2284,1.);
#2284 = DIRECTION('',(-1.,0.,0.));
#2285 = PCURVE('',#298,#2286);
#2286 = DEFINITIONAL_REPRESENTATION('',(#2287),#2290);
#2287 = B_SPLINE_CURVE_WITH_KNOTS('',1,(#2288,#2289),.UNSPECIFIED.,.F.,
  .F.,(2,2),(-25.875,-24.375),.PIECEWISE_BEZIER_KNOTS.);
#2288 = CARTESIAN_POINT('',(114.95058190883,50.));
#2289 = CARTESIAN_POINT('',(114.95058190883,48.5));
#2290 = ( GEOMETRIC_REPRESENTATION_CONTEXT(2) 
PARAMETRIC_REPRESENTATION_CONTEXT() REPRESENTATION_CONTEXT('2D SPACE',''
  ) );
#2291 = PCURVE('',#841,#2292);
#2292 = DEFINITIONAL_REPRESENTATION('',(#2293),#2296);
#2293 = B_SPLINE_CURVE_WITH_KNOTS('',1,(#2294,#2295),.UNSPECIFIED.,.F.,
  .F.,(2,2),(-25.875,-24.375),.PIECEWISE_BEZIER_KNOTS.);
#2294 = CARTESIAN_POINT('',(7.87619047619,1.75));
#2295 = CARTESIAN_POINT('',(7.87619047619,0.25));
#2296 = ( GEOMETRIC_REPRESENTATION_CONTEXT(2) 
PARAMETRIC_REPRESENTATION_CONTEXT() REPRESENTATION_CONTEXT('2D SPACE',''
  ) );
#2297 = ORIENTED_EDGE('',*,*,#2298,.F.);
#2298 = EDGE_CURVE('',#2299,#2278,#2301,.T.);
#2299 = VERTEX_POINT('',#2300);
#2300 = CARTESIAN_POINT('',(48.5,27.4,35.509523809524));
#2301 = SURFACE_CURVE('',#2302,(#2306,#2312),.PCURVE_S1.);
#2302 = LINE('',#2303,#2304);
#2303 = CARTESIAN_POINT('',(48.5,82.779734748011,50.01374005305));
#2304 = VECTOR('',#2305,1.);
#2305 = DIRECTION('',(-0.,0.96737222338,0.253359391838));
#2306 = PCURVE('',#298,#2307);
#2307 = DEFINITIONAL_REPRESENTATION('',(#2308),#2311);
#2308 = B_SPLINE_CURVE_WITH_KNOTS('',1,(#2309,#2310),.UNSPECIFIED.,.F.,
  .F.,(2,2),(-57.24759653993,-47.73729659783),.PIECEWISE_BEZIER_KNOTS.);
#2309 = CARTESIAN_POINT('',(116.39780146523,48.5));
#2310 = CARTESIAN_POINT('',(106.88750152314,48.5));
#2311 = ( GEOMETRIC_REPRESENTATION_CONTEXT(2) 
PARAMETRIC_REPRESENTATION_CONTEXT() REPRESENTATION_CONTEXT('2D SPACE',''
  ) );
#2312 = PCURVE('',#2313,#2318);
#2313 = PLANE('',#2314);
#2314 = AXIS2_PLACEMENT_3D('',#2315,#2316,#2317);
#2315 = CARTESIAN_POINT('',(48.5,27.4,28.));
#2316 = DIRECTION('',(1.,0.,0.));
#2317 = DIRECTION('',(0.,0.,1.));
#2318 = DEFINITIONAL_REPRESENTATION('',(#2319),#2322);
#2319 = B_SPLINE_CURVE_WITH_KNOTS('',1,(#2320,#2321),.UNSPECIFIED.,.F.,
  .F.,(2,2),(-57.24759653993,-47.73729659783),.PIECEWISE_BEZIER_KNOTS.);
#2320 = CARTESIAN_POINT('',(7.509523809524,-7.105427357601E-15));
#2321 = CARTESIAN_POINT('',(9.919047619048,-9.2));
#2322 = ( GEOMETRIC_REPRESENTATION_CONTEXT(2) 
PARAMETRIC_REPRESENTATION_CONTEXT() REPRESENTATION_CONTEXT('2D SPACE',''
  ) );
#2323 = ORIENTED_EDGE('',*,*,#2324,.T.);
#2324 = EDGE_CURVE('',#2299,#2325,#2327,.T.);
#2325 = VERTEX_POINT('',#2326);
#2326 = CARTESIAN_POINT('',(46.,27.4,35.509523809524));
#2327 = SURFACE_CURVE('',#2328,(#2332,#2338),.PCURVE_S1.);
#2328 = LINE('',#2329,#2330);
#2329 = CARTESIAN_POINT('',(23.,27.4,35.509523809524));
#2330 = VECTOR('',#2331,1.);
#2331 = DIRECTION('',(-1.,0.,0.));
#2332 = PCURVE('',#298,#2333);
#2333 = DEFINITIONAL_REPRESENTATION('',(#2334),#2337);
#2334 = B_SPLINE_CURVE_WITH_KNOTS('',1,(#2335,#2336),.UNSPECIFIED.,.F.,
  .F.,(2,2),(-25.5,-23.),.PIECEWISE_BEZIER_KNOTS.);
#2335 = CARTESIAN_POINT('',(116.39780146523,48.5));
#2336 = CARTESIAN_POINT('',(116.39780146523,46.));
#2337 = ( GEOMETRIC_REPRESENTATION_CONTEXT(2) 
PARAMETRIC_REPRESENTATION_CONTEXT() REPRESENTATION_CONTEXT('2D SPACE',''
  ) );
#2338 = PCURVE('',#2339,#2344);
#2339 = PLANE('',#2340);
#2340 = AXIS2_PLACEMENT_3D('',#2341,#2342,#2343);
#2341 = CARTESIAN_POINT('',(46.,27.4,28.));
#2342 = DIRECTION('',(0.,1.,0.));
#2343 = DIRECTION('',(0.,0.,1.));
#2344 = DEFINITIONAL_REPRESENTATION('',(#2345),#2348);
#2345 = B_SPLINE_CURVE_WITH_KNOTS('',1,(#2346,#2347),.UNSPECIFIED.,.F.,
  .F.,(2,2),(-25.5,-23.),.PIECEWISE_BEZIER_KNOTS.);
#2346 = CARTESIAN_POINT('',(7.509523809524,2.5));
#2347 = CARTESIAN_POINT('',(7.509523809524,0.));
#2348 = ( GEOMETRIC_REPRESENTATION_CONTEXT(2) 
PARAMETRIC_REPRESENTATION_CONTEXT() REPRESENTATION_CONTEXT('2D SPACE',''
  ) );
#2349 = ORIENTED_EDGE('',*,*,#2350,.F.);
#2350 = EDGE_CURVE('',#2351,#2325,#2353,.T.);
#2351 = VERTEX_POINT('',#2352);
#2352 = CARTESIAN_POINT('',(46.,22.,34.095238095238));
#2353 = SURFACE_CURVE('',#2354,(#2358,#2364),.PCURVE_S1.);
#2354 = LINE('',#2355,#2356);
#2355 = CARTESIAN_POINT('',(46.,99.239359007759,54.324594025842));
#2356 = VECTOR('',#2357,1.);
#2357 = DIRECTION('',(-0.,0.96737222338,0.253359391838));
#2358 = PCURVE('',#298,#2359);
#2359 = DEFINITIONAL_REPRESENTATION('',(#2360),#2363);
#2360 = B_SPLINE_CURVE_WITH_KNOTS('',1,(#2361,#2362),.UNSPECIFIED.,.F.,
  .F.,(2,2),(-154.3059484575,34.416783511323),.PIECEWISE_BEZIER_KNOTS.);
#2361 = CARTESIAN_POINT('',(196.44137472589,46.));
#2362 = CARTESIAN_POINT('',(7.718642756978,46.));
#2363 = ( GEOMETRIC_REPRESENTATION_CONTEXT(2) 
PARAMETRIC_REPRESENTATION_CONTEXT() REPRESENTATION_CONTEXT('2D SPACE',''
  ) );
#2364 = PCURVE('',#2365,#2370);
#2365 = PLANE('',#2366);
#2366 = AXIS2_PLACEMENT_3D('',#2367,#2368,#2369);
#2367 = CARTESIAN_POINT('',(46.,60.563089947655,35.690677038067));
#2368 = DIRECTION('',(-1.,-0.,-0.));
#2369 = DIRECTION('',(0.,-1.,0.));
#2370 = DEFINITIONAL_REPRESENTATION('',(#2371),#2374);
#2371 = B_SPLINE_CURVE_WITH_KNOTS('',1,(#2372,#2373),.UNSPECIFIED.,.F.,
  .F.,(2,2),(-154.3059484575,34.416783511323),.PIECEWISE_BEZIER_KNOTS.);
#2372 = CARTESIAN_POINT('',(110.59501938011,-20.46094427037));
#2373 = CARTESIAN_POINT('',(-71.97010944704,27.353732327212));
#2374 = ( GEOMETRIC_REPRESENTATION_CONTEXT(2) 
PARAMETRIC_REPRESENTATION_CONTEXT() REPRESENTATION_CONTEXT('2D SPACE',''
  ) );
#2375 = ORIENTED_EDGE('',*,*,#2376,.T.);
#2376 = EDGE_CURVE('',#2351,#2377,#2379,.T.);
#2377 = VERTEX_POINT('',#2378);
#2378 = CARTESIAN_POINT('',(48.2,22.,34.095238095238));
#2379 = SURFACE_CURVE('',#2380,(#2384,#2390),.PCURVE_S1.);
#2380 = LINE('',#2381,#2382);
#2381 = CARTESIAN_POINT('',(20.25,22.,34.095238095238));
#2382 = VECTOR('',#2383,1.);
#2383 = DIRECTION('',(1.,0.,0.));
#2384 = PCURVE('',#298,#2385);
#2385 = DEFINITIONAL_REPRESENTATION('',(#2386),#2389);
#2386 = B_SPLINE_CURVE_WITH_KNOTS('',1,(#2387,#2388),.UNSPECIFIED.,.F.,
  .F.,(2,2),(20.25,27.95),.PIECEWISE_BEZIER_KNOTS.);
#2387 = CARTESIAN_POINT('',(121.97993403994,40.5));
#2388 = CARTESIAN_POINT('',(121.97993403994,48.2));
#2389 = ( GEOMETRIC_REPRESENTATION_CONTEXT(2) 
PARAMETRIC_REPRESENTATION_CONTEXT() REPRESENTATION_CONTEXT('2D SPACE',''
  ) );
#2390 = PCURVE('',#2391,#2396);
#2391 = PLANE('',#2392);
#2392 = AXIS2_PLACEMENT_3D('',#2393,#2394,#2395);
#2393 = CARTESIAN_POINT('',(40.5,22.,100.));
#2394 = DIRECTION('',(0.,-1.,0.));
#2395 = DIRECTION('',(1.,0.,0.));
#2396 = DEFINITIONAL_REPRESENTATION('',(#2397),#2401);
#2397 = LINE('',#2398,#2399);
#2398 = CARTESIAN_POINT('',(-20.25,-65.90476190476));
#2399 = VECTOR('',#2400,1.);
#2400 = DIRECTION('',(1.,0.));
#2401 = ( GEOMETRIC_REPRESENTATION_CONTEXT(2) 
PARAMETRIC_REPRESENTATION_CONTEXT() REPRESENTATION_CONTEXT('2D SPACE',''
  ) );
#2402 = ORIENTED_EDGE('',*,*,#2403,.T.);
#2403 = EDGE_CURVE('',#2377,#2404,#2406,.T.);
#2404 = VERTEX_POINT('',#2405);
#2405 = CARTESIAN_POINT('',(48.2,-37.5,18.511904761905));
#2406 = SURFACE_CURVE('',#2407,(#2411,#2418),.PCURVE_S1.);
#2407 = LINE('',#2408,#2409);
#2408 = CARTESIAN_POINT('',(48.2,22.,34.095238095238));
#2409 = VECTOR('',#2410,1.);
#2410 = DIRECTION('',(0.,-0.96737222338,-0.253359391838));
#2411 = PCURVE('',#298,#2412);
#2412 = DEFINITIONAL_REPRESENTATION('',(#2413),#2417);
#2413 = LINE('',#2414,#2415);
#2414 = CARTESIAN_POINT('',(121.97993403994,48.2));
#2415 = VECTOR('',#2416,1.);
#2416 = DIRECTION('',(1.,0.));
#2417 = ( GEOMETRIC_REPRESENTATION_CONTEXT(2) 
PARAMETRIC_REPRESENTATION_CONTEXT() REPRESENTATION_CONTEXT('2D SPACE',''
  ) );
#2418 = PCURVE('',#2419,#2424);
#2419 = PLANE('',#2420);
#2420 = AXIS2_PLACEMENT_3D('',#2421,#2422,#2423);
#2421 = CARTESIAN_POINT('',(48.2,60.563089947655,35.690677038067));
#2422 = DIRECTION('',(-1.,-0.,-0.));
#2423 = DIRECTION('',(0.,-1.,0.));
#2424 = DEFINITIONAL_REPRESENTATION('',(#2425),#2429);
#2425 = LINE('',#2426,#2427);
#2426 = CARTESIAN_POINT('',(38.563089947655,-1.595438942829));
#2427 = VECTOR('',#2428,1.);
#2428 = DIRECTION('',(0.96737222338,-0.253359391838));
#2429 = ( GEOMETRIC_REPRESENTATION_CONTEXT(2) 
PARAMETRIC_REPRESENTATION_CONTEXT() REPRESENTATION_CONTEXT('2D SPACE',''
  ) );
#2430 = ORIENTED_EDGE('',*,*,#2431,.F.);
#2431 = EDGE_CURVE('',#2432,#2404,#2434,.T.);
#2432 = VERTEX_POINT('',#2433);
#2433 = CARTESIAN_POINT('',(46.,-37.5,18.511904761905));
#2434 = SURFACE_CURVE('',#2435,(#2439,#2445),.PCURVE_S1.);
#2435 = LINE('',#2436,#2437);
#2436 = CARTESIAN_POINT('',(14.75,-37.5,18.511904761905));
#2437 = VECTOR('',#2438,1.);
#2438 = DIRECTION('',(1.,0.,0.));
#2439 = PCURVE('',#298,#2440);
#2440 = DEFINITIONAL_REPRESENTATION('',(#2441),#2444);
#2441 = B_SPLINE_CURVE_WITH_KNOTS('',1,(#2442,#2443),.UNSPECIFIED.,.F.,
  .F.,(2,2),(14.75,33.45),.PIECEWISE_BEZIER_KNOTS.);
#2442 = CARTESIAN_POINT('',(183.48676518721,29.5));
#2443 = CARTESIAN_POINT('',(183.48676518721,48.2));
#2444 = ( GEOMETRIC_REPRESENTATION_CONTEXT(2) 
PARAMETRIC_REPRESENTATION_CONTEXT() REPRESENTATION_CONTEXT('2D SPACE',''
  ) );
#2445 = PCURVE('',#2446,#2451);
#2446 = PLANE('',#2447);
#2447 = AXIS2_PLACEMENT_3D('',#2448,#2449,#2450);
#2448 = CARTESIAN_POINT('',(29.5,-37.5,100.));
#2449 = DIRECTION('',(0.,-1.,0.));
#2450 = DIRECTION('',(1.,0.,0.));
#2451 = DEFINITIONAL_REPRESENTATION('',(#2452),#2455);
#2452 = B_SPLINE_CURVE_WITH_KNOTS('',1,(#2453,#2454),.UNSPECIFIED.,.F.,
  .F.,(2,2),(14.75,33.45),.PIECEWISE_BEZIER_KNOTS.);
#2453 = CARTESIAN_POINT('',(0.,-81.48809523809));
#2454 = CARTESIAN_POINT('',(18.7,-81.48809523809));
#2455 = ( GEOMETRIC_REPRESENTATION_CONTEXT(2) 
PARAMETRIC_REPRESENTATION_CONTEXT() REPRESENTATION_CONTEXT('2D SPACE',''
  ) );
#2456 = ORIENTED_EDGE('',*,*,#2457,.F.);
#2457 = EDGE_CURVE('',#2458,#2432,#2460,.T.);
#2458 = VERTEX_POINT('',#2459);
#2459 = CARTESIAN_POINT('',(46.,-45.16313888309,16.504892197284));
#2460 = SURFACE_CURVE('',#2461,(#2465,#2471),.PCURVE_S1.);
#2461 = LINE('',#2462,#2463);
#2462 = CARTESIAN_POINT('',(46.,99.239359007759,54.324594025842));
#2463 = VECTOR('',#2464,1.);
#2464 = DIRECTION('',(-0.,0.96737222338,0.253359391838));
#2465 = PCURVE('',#298,#2466);
#2466 = DEFINITIONAL_REPRESENTATION('',(#2467),#2470);
#2467 = B_SPLINE_CURVE_WITH_KNOTS('',1,(#2468,#2469),.UNSPECIFIED.,.F.,
  .F.,(2,2),(-154.3059484575,34.416783511323),.PIECEWISE_BEZIER_KNOTS.);
#2468 = CARTESIAN_POINT('',(196.44137472589,46.));
#2469 = CARTESIAN_POINT('',(7.718642756978,46.));
#2470 = ( GEOMETRIC_REPRESENTATION_CONTEXT(2) 
PARAMETRIC_REPRESENTATION_CONTEXT() REPRESENTATION_CONTEXT('2D SPACE',''
  ) );
#2471 = PCURVE('',#2472,#2477);
#2472 = PLANE('',#2473);
#2473 = AXIS2_PLACEMENT_3D('',#2474,#2475,#2476);
#2474 = CARTESIAN_POINT('',(46.,60.563089947655,35.690677038067));
#2475 = DIRECTION('',(-1.,-0.,-0.));
#2476 = DIRECTION('',(0.,-1.,0.));
#2477 = DEFINITIONAL_REPRESENTATION('',(#2478),#2481);
#2478 = B_SPLINE_CURVE_WITH_KNOTS('',1,(#2479,#2480),.UNSPECIFIED.,.F.,
  .F.,(2,2),(-154.3059484575,34.416783511323),.PIECEWISE_BEZIER_KNOTS.);
#2479 = CARTESIAN_POINT('',(110.59501938011,-20.46094427037));
#2480 = CARTESIAN_POINT('',(-71.97010944704,27.353732327212));
#2481 = ( GEOMETRIC_REPRESENTATION_CONTEXT(2) 
PARAMETRIC_REPRESENTATION_CONTEXT() REPRESENTATION_CONTEXT('2D SPACE',''
  ) );
#2482 = ORIENTED_EDGE('',*,*,#2483,.F.);
#2483 = EDGE_CURVE('',#2484,#2458,#2486,.T.);
#2484 = VERTEX_POINT('',#2485);
#2485 = CARTESIAN_POINT('',(42.,-45.16313888309,16.504892197284));
#2486 = SURFACE_CURVE('',#2487,(#2491,#2497),.PCURVE_S1.);
#2487 = LINE('',#2488,#2489);
#2488 = CARTESIAN_POINT('',(21.,-45.16313888309,16.504892197284));
#2489 = VECTOR('',#2490,1.);
#2490 = DIRECTION('',(1.,0.,-0.));
#2491 = PCURVE('',#298,#2492);
#2492 = DEFINITIONAL_REPRESENTATION('',(#2493),#2496);
#2493 = B_SPLINE_CURVE_WITH_KNOTS('',1,(#2494,#2495),.UNSPECIFIED.,.F.,
  .F.,(2,2),(21.,25.),.PIECEWISE_BEZIER_KNOTS.);
#2494 = CARTESIAN_POINT('',(191.4083683694,42.));
#2495 = CARTESIAN_POINT('',(191.4083683694,46.));
#2496 = ( GEOMETRIC_REPRESENTATION_CONTEXT(2) 
PARAMETRIC_REPRESENTATION_CONTEXT() REPRESENTATION_CONTEXT('2D SPACE',''
  ) );
#2497 = PCURVE('',#2498,#2503);
#2498 = PLANE('',#2499);
#2499 = AXIS2_PLACEMENT_3D('',#2500,#2501,#2502);
#2500 = CARTESIAN_POINT('',(42.,-26.16118449527,-56.04802455623));
#2501 = DIRECTION('',(0.,0.96737222338,0.253359391838));
#2502 = DIRECTION('',(0.,-0.253359391838,0.96737222338));
#2503 = DEFINITIONAL_REPRESENTATION('',(#2504),#2507);
#2504 = B_SPLINE_CURVE_WITH_KNOTS('',1,(#2505,#2506),.UNSPECIFIED.,.F.,
  .F.,(2,2),(21.,25.),.PIECEWISE_BEZIER_KNOTS.);
#2505 = CARTESIAN_POINT('',(75.,0.));
#2506 = CARTESIAN_POINT('',(75.,4.));
#2507 = ( GEOMETRIC_REPRESENTATION_CONTEXT(2) 
PARAMETRIC_REPRESENTATION_CONTEXT() REPRESENTATION_CONTEXT('2D SPACE',''
  ) );
#2508 = ORIENTED_EDGE('',*,*,#2509,.T.);
#2509 = EDGE_CURVE('',#2484,#2510,#2512,.T.);
#2510 = VERTEX_POINT('',#2511);
#2511 = CARTESIAN_POINT('',(42.,-54.8368611169,13.971298278907));
#2512 = SURFACE_CURVE('',#2513,(#2518,#2525),.PCURVE_S1.);
#2513 = CIRCLE('',#2514,5.);
#2514 = AXIS2_PLACEMENT_3D('',#2515,#2516,#2517);
#2515 = CARTESIAN_POINT('',(42.,-50.,15.238095238095));
#2516 = DIRECTION('',(0.,-0.253359391838,0.96737222338));
#2517 = DIRECTION('',(1.,0.,0.));
#2518 = PCURVE('',#298,#2519);
#2519 = DEFINITIONAL_REPRESENTATION('',(#2520),#2524);
#2520 = CIRCLE('',#2521,5.);
#2521 = AXIS2_PLACEMENT_2D('',#2522,#2523);
#2522 = CARTESIAN_POINT('',(196.4083683694,42.));
#2523 = DIRECTION('',(0.,1.));
#2524 = ( GEOMETRIC_REPRESENTATION_CONTEXT(2) 
PARAMETRIC_REPRESENTATION_CONTEXT() REPRESENTATION_CONTEXT('2D SPACE',''
  ) );
#2525 = PCURVE('',#2526,#2531);
#2526 = CYLINDRICAL_SURFACE('',#2527,5.);
#2527 = AXIS2_PLACEMENT_3D('',#2528,#2529,#2530);
#2528 = CARTESIAN_POINT('',(42.,-30.99804561217,-57.31482151542));
#2529 = DIRECTION('',(0.,-0.253359391838,0.96737222338));
#2530 = DIRECTION('',(1.,0.,0.));
#2531 = DEFINITIONAL_REPRESENTATION('',(#2532),#2536);
#2532 = LINE('',#2533,#2534);
#2533 = CARTESIAN_POINT('',(0.,75.));
#2534 = VECTOR('',#2535,1.);
#2535 = DIRECTION('',(1.,0.));
#2536 = ( GEOMETRIC_REPRESENTATION_CONTEXT(2) 
PARAMETRIC_REPRESENTATION_CONTEXT() REPRESENTATION_CONTEXT('2D SPACE',''
  ) );
#2537 = ORIENTED_EDGE('',*,*,#2538,.T.);
#2538 = EDGE_CURVE('',#2510,#2539,#2541,.T.);
#2539 = VERTEX_POINT('',#2540);
#2540 = CARTESIAN_POINT('',(46.,-54.8368611169,13.971298278907));
#2541 = SURFACE_CURVE('',#2542,(#2546,#2552),.PCURVE_S1.);
#2542 = LINE('',#2543,#2544);
#2543 = CARTESIAN_POINT('',(21.,-54.8368611169,13.971298278907));
#2544 = VECTOR('',#2545,1.);
#2545 = DIRECTION('',(1.,0.,-0.));
#2546 = PCURVE('',#298,#2547);
#2547 = DEFINITIONAL_REPRESENTATION('',(#2548),#2551);
#2548 = B_SPLINE_CURVE_WITH_KNOTS('',1,(#2549,#2550),.UNSPECIFIED.,.F.,
  .F.,(2,2),(21.,25.),.PIECEWISE_BEZIER_KNOTS.);
#2549 = CARTESIAN_POINT('',(201.4083683694,42.));
#2550 = CARTESIAN_POINT('',(201.4083683694,46.));
#2551 = ( GEOMETRIC_REPRESENTATION_CONTEXT(2) 
PARAMETRIC_REPRESENTATION_CONTEXT() REPRESENTATION_CONTEXT('2D SPACE',''
  ) );
#2552 = PCURVE('',#2553,#2558);
#2553 = PLANE('',#2554);
#2554 = AXIS2_PLACEMENT_3D('',#2555,#2556,#2557);
#2555 = CARTESIAN_POINT('',(42.,-35.83490672907,-58.58161847461));
#2556 = DIRECTION('',(0.,0.96737222338,0.253359391838));
#2557 = DIRECTION('',(0.,-0.253359391838,0.96737222338));
#2558 = DEFINITIONAL_REPRESENTATION('',(#2559),#2562);
#2559 = B_SPLINE_CURVE_WITH_KNOTS('',1,(#2560,#2561),.UNSPECIFIED.,.F.,
  .F.,(2,2),(21.,25.),.PIECEWISE_BEZIER_KNOTS.);
#2560 = CARTESIAN_POINT('',(75.,0.));
#2561 = CARTESIAN_POINT('',(75.,4.));
#2562 = ( GEOMETRIC_REPRESENTATION_CONTEXT(2) 
PARAMETRIC_REPRESENTATION_CONTEXT() REPRESENTATION_CONTEXT('2D SPACE',''
  ) );
#2563 = ORIENTED_EDGE('',*,*,#2564,.F.);
#2564 = EDGE_CURVE('',#2565,#2539,#2567,.T.);
#2565 = VERTEX_POINT('',#2566);
#2566 = CARTESIAN_POINT('',(46.,-62.5,11.964285714286));
#2567 = SURFACE_CURVE('',#2568,(#2572,#2578),.PCURVE_S1.);
#2568 = LINE('',#2569,#2570);
#2569 = CARTESIAN_POINT('',(46.,99.239359007759,54.324594025842));
#2570 = VECTOR('',#2571,1.);
#2571 = DIRECTION('',(-0.,0.96737222338,0.253359391838));
#2572 = PCURVE('',#298,#2573);
#2573 = DEFINITIONAL_REPRESENTATION('',(#2574),#2577);
#2574 = B_SPLINE_CURVE_WITH_KNOTS('',1,(#2575,#2576),.UNSPECIFIED.,.F.,
  .F.,(2,2),(-170.8125941743,-157.2466027059),.PIECEWISE_BEZIER_KNOTS.);
#2575 = CARTESIAN_POINT('',(212.94802044262,46.));
#2576 = CARTESIAN_POINT('',(199.38202897423,46.));
#2577 = ( GEOMETRIC_REPRESENTATION_CONTEXT(2) 
PARAMETRIC_REPRESENTATION_CONTEXT() REPRESENTATION_CONTEXT('2D SPACE',''
  ) );
#2578 = PCURVE('',#2579,#2584);
#2579 = PLANE('',#2580);
#2580 = AXIS2_PLACEMENT_3D('',#2581,#2582,#2583);
#2581 = CARTESIAN_POINT('',(46.,60.563089947655,35.690677038067));
#2582 = DIRECTION('',(-1.,-0.,-0.));
#2583 = DIRECTION('',(0.,-1.,0.));
#2584 = DEFINITIONAL_REPRESENTATION('',(#2585),#2588);
#2585 = B_SPLINE_CURVE_WITH_KNOTS('',1,(#2586,#2587),.UNSPECIFIED.,.F.,
  .F.,(2,2),(-170.8125941743,-157.2466027059),.PIECEWISE_BEZIER_KNOTS.);
#2586 = CARTESIAN_POINT('',(126.56308994765,-24.64305799044));
#2587 = CARTESIAN_POINT('',(113.43972661852,-21.20598664234));
#2588 = ( GEOMETRIC_REPRESENTATION_CONTEXT(2) 
PARAMETRIC_REPRESENTATION_CONTEXT() REPRESENTATION_CONTEXT('2D SPACE',''
  ) );
#2589 = ORIENTED_EDGE('',*,*,#2590,.T.);
#2590 = EDGE_CURVE('',#2565,#2591,#2593,.T.);
#2591 = VERTEX_POINT('',#2592);
#2592 = CARTESIAN_POINT('',(48.2,-62.5,11.964285714286));
#2593 = SURFACE_CURVE('',#2594,(#2598,#2604),.PCURVE_S1.);
#2594 = LINE('',#2595,#2596);
#2595 = CARTESIAN_POINT('',(14.75,-62.5,11.964285714286));
#2596 = VECTOR('',#2597,1.);
#2597 = DIRECTION('',(1.,0.,0.));
#2598 = PCURVE('',#298,#2599);
#2599 = DEFINITIONAL_REPRESENTATION('',(#2600),#2603);
#2600 = B_SPLINE_CURVE_WITH_KNOTS('',1,(#2601,#2602),.UNSPECIFIED.,.F.,
  .F.,(2,2),(14.75,33.45),.PIECEWISE_BEZIER_KNOTS.);
#2601 = CARTESIAN_POINT('',(209.3299715516,29.5));
#2602 = CARTESIAN_POINT('',(209.3299715516,48.2));
#2603 = ( GEOMETRIC_REPRESENTATION_CONTEXT(2) 
PARAMETRIC_REPRESENTATION_CONTEXT() REPRESENTATION_CONTEXT('2D SPACE',''
  ) );
#2604 = PCURVE('',#2605,#2610);
#2605 = PLANE('',#2606);
#2606 = AXIS2_PLACEMENT_3D('',#2607,#2608,#2609);
#2607 = CARTESIAN_POINT('',(29.5,-62.5,100.));
#2608 = DIRECTION('',(0.,-1.,0.));
#2609 = DIRECTION('',(1.,0.,0.));
#2610 = DEFINITIONAL_REPRESENTATION('',(#2611),#2614);
#2611 = B_SPLINE_CURVE_WITH_KNOTS('',1,(#2612,#2613),.UNSPECIFIED.,.F.,
  .F.,(2,2),(14.75,33.45),.PIECEWISE_BEZIER_KNOTS.);
#2612 = CARTESIAN_POINT('',(0.,-88.03571428571));
#2613 = CARTESIAN_POINT('',(18.7,-88.03571428571));
#2614 = ( GEOMETRIC_REPRESENTATION_CONTEXT(2) 
PARAMETRIC_REPRESENTATION_CONTEXT() REPRESENTATION_CONTEXT('2D SPACE',''
  ) );
#2615 = ORIENTED_EDGE('',*,*,#2616,.T.);
#2616 = EDGE_CURVE('',#2591,#2617,#2619,.T.);
#2617 = VERTEX_POINT('',#2618);
#2618 = CARTESIAN_POINT('',(48.2,-66.,11.047619047619));
#2619 = SURFACE_CURVE('',#2620,(#2624,#2630),.PCURVE_S1.);
#2620 = LINE('',#2621,#2622);
#2621 = CARTESIAN_POINT('',(48.2,99.239359007759,54.324594025842));
#2622 = VECTOR('',#2623,1.);
#2623 = DIRECTION('',(0.,-0.96737222338,-0.253359391838));
#2624 = PCURVE('',#298,#2625);
#2625 = DEFINITIONAL_REPRESENTATION('',(#2626),#2629);
#2626 = B_SPLINE_CURVE_WITH_KNOTS('',1,(#2627,#2628),.UNSPECIFIED.,.F.,
  .F.,(2,2),(167.1945452833,170.81259417431),.PIECEWISE_BEZIER_KNOTS.);
#2627 = CARTESIAN_POINT('',(209.3299715516,48.2));
#2628 = CARTESIAN_POINT('',(212.94802044262,48.2));
#2629 = ( GEOMETRIC_REPRESENTATION_CONTEXT(2) 
PARAMETRIC_REPRESENTATION_CONTEXT() REPRESENTATION_CONTEXT('2D SPACE',''
  ) );
#2630 = PCURVE('',#2631,#2636);
#2631 = PLANE('',#2632);
#2632 = AXIS2_PLACEMENT_3D('',#2633,#2634,#2635);
#2633 = CARTESIAN_POINT('',(48.2,60.563089947655,35.690677038067));
#2634 = DIRECTION('',(-1.,-0.,-0.));
#2635 = DIRECTION('',(0.,-1.,0.));
#2636 = DEFINITIONAL_REPRESENTATION('',(#2637),#2640);
#2637 = B_SPLINE_CURVE_WITH_KNOTS('',1,(#2638,#2639),.UNSPECIFIED.,.F.,
  .F.,(2,2),(167.1945452833,170.81259417431),.PIECEWISE_BEZIER_KNOTS.);
#2638 = CARTESIAN_POINT('',(123.06308994765,-23.72639132378));
#2639 = CARTESIAN_POINT('',(126.56308994765,-24.64305799044));
#2640 = ( GEOMETRIC_REPRESENTATION_CONTEXT(2) 
PARAMETRIC_REPRESENTATION_CONTEXT() REPRESENTATION_CONTEXT('2D SPACE',''
  ) );
#2641 = ORIENTED_EDGE('',*,*,#2642,.F.);
#2642 = EDGE_CURVE('',#2643,#2617,#2645,.T.);
#2643 = VERTEX_POINT('',#2644);
#2644 = CARTESIAN_POINT('',(46.,-68.2,10.471428571429));
#2645 = SURFACE_CURVE('',#2646,(#2651,#2658),.PCURVE_S1.);
#2646 = ELLIPSE('',#2647,2.274202160067,2.2);
#2647 = AXIS2_PLACEMENT_3D('',#2648,#2649,#2650);
#2648 = CARTESIAN_POINT('',(46.,-66.,11.047619047619));
#2649 = DIRECTION('',(0.,-0.253359391838,0.96737222338));
#2650 = DIRECTION('',(0.,0.96737222338,0.253359391838));
#2651 = PCURVE('',#298,#2652);
#2652 = DEFINITIONAL_REPRESENTATION('',(#2653),#2657);
#2653 = ELLIPSE('',#2654,2.274202160067,2.2);
#2654 = AXIS2_PLACEMENT_2D('',#2655,#2656);
#2655 = CARTESIAN_POINT('',(212.94802044262,46.));
#2656 = DIRECTION('',(-1.,0.));
#2657 = ( GEOMETRIC_REPRESENTATION_CONTEXT(2) 
PARAMETRIC_REPRESENTATION_CONTEXT() REPRESENTATION_CONTEXT('2D SPACE',''
  ) );
#2658 = PCURVE('',#2659,#2664);
#2659 = CYLINDRICAL_SURFACE('',#2660,2.2);
#2660 = AXIS2_PLACEMENT_3D('',#2661,#2662,#2663);
#2661 = CARTESIAN_POINT('',(46.,-66.,2.075417437337));
#2662 = DIRECTION('',(0.,0.,1.));
#2663 = DIRECTION('',(0.,-1.,0.));
#2664 = DEFINITIONAL_REPRESENTATION('',(#2665),#2674);
#2665 = B_SPLINE_CURVE_WITH_KNOTS('',7,(#2666,#2667,#2668,#2669,#2670,
    #2671,#2672,#2673),.UNSPECIFIED.,.F.,.F.,(8,8),(3.14159265359,
    4.712388980385),.PIECEWISE_BEZIER_KNOTS.);
#2666 = CARTESIAN_POINT('',(0.,8.396011134092));
#2667 = CARTESIAN_POINT('',(0.224399475256,8.396011134092));
#2668 = CARTESIAN_POINT('',(0.448798950513,8.429861559739));
#2669 = CARTESIAN_POINT('',(0.673198425769,8.497557500476));
#2670 = CARTESIAN_POINT('',(0.897597901026,8.594942724959));
#2671 = CARTESIAN_POINT('',(1.121997376282,8.713608454292));
#2672 = CARTESIAN_POINT('',(1.346396851538,8.842904769777));
#2673 = CARTESIAN_POINT('',(1.570796326795,8.972201610282));
#2674 = ( GEOMETRIC_REPRESENTATION_CONTEXT(2) 
PARAMETRIC_REPRESENTATION_CONTEXT() REPRESENTATION_CONTEXT('2D SPACE',''
  ) );
#2675 = ORIENTED_EDGE('',*,*,#2676,.T.);
#2676 = EDGE_CURVE('',#2643,#2677,#2679,.T.);
#2677 = VERTEX_POINT('',#2678);
#2678 = CARTESIAN_POINT('',(-46.,-68.2,10.471428571429));
#2679 = SURFACE_CURVE('',#2680,(#2684,#2690),.PCURVE_S1.);
#2680 = LINE('',#2681,#2682);
#2681 = CARTESIAN_POINT('',(0.,-68.2,10.471428571429));
#2682 = VECTOR('',#2683,1.);
#2683 = DIRECTION('',(-1.,0.,0.));
#2684 = PCURVE('',#298,#2685);
#2685 = DEFINITIONAL_REPRESENTATION('',(#2686),#2689);
#2686 = B_SPLINE_CURVE_WITH_KNOTS('',1,(#2687,#2688),.UNSPECIFIED.,.F.,
  .F.,(2,2),(-46.,46.),.PIECEWISE_BEZIER_KNOTS.);
#2687 = CARTESIAN_POINT('',(215.22222260268,46.));
#2688 = CARTESIAN_POINT('',(215.22222260268,-46.));
#2689 = ( GEOMETRIC_REPRESENTATION_CONTEXT(2) 
PARAMETRIC_REPRESENTATION_CONTEXT() REPRESENTATION_CONTEXT('2D SPACE',''
  ) );
#2690 = PCURVE('',#2691,#2696);
#2691 = PLANE('',#2692);
#2692 = AXIS2_PLACEMENT_3D('',#2693,#2694,#2695);
#2693 = CARTESIAN_POINT('',(0.,-68.2,2.075417437337));
#2694 = DIRECTION('',(0.,1.,0.));
#2695 = DIRECTION('',(0.,-0.,1.));
#2696 = DEFINITIONAL_REPRESENTATION('',(#2697),#2700);
#2697 = B_SPLINE_CURVE_WITH_KNOTS('',1,(#2698,#2699),.UNSPECIFIED.,.F.,
  .F.,(2,2),(-46.,46.),.PIECEWISE_BEZIER_KNOTS.);
#2698 = CARTESIAN_POINT('',(8.396011134092,46.));
#2699 = CARTESIAN_POINT('',(8.396011134092,-46.));
#2700 = ( GEOMETRIC_REPRESENTATION_CONTEXT(2) 
PARAMETRIC_REPRESENTATION_CONTEXT() REPRESENTATION_CONTEXT('2D SPACE',''
  ) );
#2701 = ORIENTED_EDGE('',*,*,#2702,.F.);
#2702 = EDGE_CURVE('',#2703,#2677,#2705,.T.);
#2703 = VERTEX_POINT('',#2704);
#2704 = CARTESIAN_POINT('',(-48.2,-66.,11.047619047619));
#2705 = SURFACE_CURVE('',#2706,(#2711,#2718),.PCURVE_S1.);
#2706 = ELLIPSE('',#2707,2.274202160067,2.2);
#2707 = AXIS2_PLACEMENT_3D('',#2708,#2709,#2710);
#2708 = CARTESIAN_POINT('',(-46.,-66.,11.047619047619));
#2709 = DIRECTION('',(0.,-0.253359391838,0.96737222338));
#2710 = DIRECTION('',(0.,0.96737222338,0.253359391838));
#2711 = PCURVE('',#298,#2712);
#2712 = DEFINITIONAL_REPRESENTATION('',(#2713),#2717);
#2713 = ELLIPSE('',#2714,2.274202160067,2.2);
#2714 = AXIS2_PLACEMENT_2D('',#2715,#2716);
#2715 = CARTESIAN_POINT('',(212.94802044262,-46.));
#2716 = DIRECTION('',(-1.,0.));
#2717 = ( GEOMETRIC_REPRESENTATION_CONTEXT(2) 
PARAMETRIC_REPRESENTATION_CONTEXT() REPRESENTATION_CONTEXT('2D SPACE',''
  ) );
#2718 = PCURVE('',#2719,#2724);
#2719 = CYLINDRICAL_SURFACE('',#2720,2.2);
#2720 = AXIS2_PLACEMENT_3D('',#2721,#2722,#2723);
#2721 = CARTESIAN_POINT('',(-46.,-66.,2.075417437337));
#2722 = DIRECTION('',(0.,0.,1.));
#2723 = DIRECTION('',(0.,-1.,0.));
#2724 = DEFINITIONAL_REPRESENTATION('',(#2725),#2734);
#2725 = B_SPLINE_CURVE_WITH_KNOTS('',7,(#2726,#2727,#2728,#2729,#2730,
    #2731,#2732,#2733),.UNSPECIFIED.,.F.,.F.,(8,8),(1.570796326795,
    3.14159265359),.PIECEWISE_BEZIER_KNOTS.);
#2726 = CARTESIAN_POINT('',(-1.570796326795,8.972201610282));
#2727 = CARTESIAN_POINT('',(-1.346396851538,8.842904769777));
#2728 = CARTESIAN_POINT('',(-1.121997376282,8.713608454295));
#2729 = CARTESIAN_POINT('',(-0.897597901026,8.594942724952));
#2730 = CARTESIAN_POINT('',(-0.673198425769,8.497557500482));
#2731 = CARTESIAN_POINT('',(-0.448798950513,8.429861559736));
#2732 = CARTESIAN_POINT('',(-0.224399475256,8.396011134092));
#2733 = CARTESIAN_POINT('',(0.,8.396011134092));
#2734 = ( GEOMETRIC_REPRESENTATION_CONTEXT(2) 
PARAMETRIC_REPRESENTATION_CONTEXT() REPRESENTATION_CONTEXT('2D SPACE',''
  ) );
#2735 = ORIENTED_EDGE('',*,*,#2736,.F.);
#2736 = EDGE_CURVE('',#2737,#2703,#2739,.T.);
#2737 = VERTEX_POINT('',#2738);
#2738 = CARTESIAN_POINT('',(-48.2,-62.5,11.964285714286));
#2739 = SURFACE_CURVE('',#2740,(#2744,#2750),.PCURVE_S1.);
#2740 = LINE('',#2741,#2742);
#2741 = CARTESIAN_POINT('',(-48.2,99.239359007759,54.324594025842));
#2742 = VECTOR('',#2743,1.);
#2743 = DIRECTION('',(0.,-0.96737222338,-0.253359391838));
#2744 = PCURVE('',#298,#2745);
#2745 = DEFINITIONAL_REPRESENTATION('',(#2746),#2749);
#2746 = B_SPLINE_CURVE_WITH_KNOTS('',1,(#2747,#2748),.UNSPECIFIED.,.F.,
  .F.,(2,2),(167.1945452833,170.81259417431),.PIECEWISE_BEZIER_KNOTS.);
#2747 = CARTESIAN_POINT('',(209.3299715516,-48.2));
#2748 = CARTESIAN_POINT('',(212.94802044262,-48.2));
#2749 = ( GEOMETRIC_REPRESENTATION_CONTEXT(2) 
PARAMETRIC_REPRESENTATION_CONTEXT() REPRESENTATION_CONTEXT('2D SPACE',''
  ) );
#2750 = PCURVE('',#2751,#2756);
#2751 = PLANE('',#2752);
#2752 = AXIS2_PLACEMENT_3D('',#2753,#2754,#2755);
#2753 = CARTESIAN_POINT('',(-48.2,60.563089947655,35.690677038067));
#2754 = DIRECTION('',(-1.,-0.,-0.));
#2755 = DIRECTION('',(0.,-1.,0.));
#2756 = DEFINITIONAL_REPRESENTATION('',(#2757),#2760);
#2757 = B_SPLINE_CURVE_WITH_KNOTS('',1,(#2758,#2759),.UNSPECIFIED.,.F.,
  .F.,(2,2),(167.1945452833,170.81259417431),.PIECEWISE_BEZIER_KNOTS.);
#2758 = CARTESIAN_POINT('',(123.06308994765,-23.72639132378));
#2759 = CARTESIAN_POINT('',(126.56308994765,-24.64305799044));
#2760 = ( GEOMETRIC_REPRESENTATION_CONTEXT(2) 
PARAMETRIC_REPRESENTATION_CONTEXT() REPRESENTATION_CONTEXT('2D SPACE',''
  ) );
#2761 = ORIENTED_EDGE('',*,*,#2762,.T.);
#2762 = EDGE_CURVE('',#2737,#2763,#2765,.T.);
#2763 = VERTEX_POINT('',#2764);
#2764 = CARTESIAN_POINT('',(-46.,-62.5,11.964285714286));
#2765 = SURFACE_CURVE('',#2766,(#2770,#2776),.PCURVE_S1.);
#2766 = LINE('',#2767,#2768);
#2767 = CARTESIAN_POINT('',(-27.25,-62.5,11.964285714286));
#2768 = VECTOR('',#2769,1.);
#2769 = DIRECTION('',(1.,0.,0.));
#2770 = PCURVE('',#298,#2771);
#2771 = DEFINITIONAL_REPRESENTATION('',(#2772),#2775);
#2772 = B_SPLINE_CURVE_WITH_KNOTS('',1,(#2773,#2774),.UNSPECIFIED.,.F.,
  .F.,(2,2),(-20.95,-2.25),.PIECEWISE_BEZIER_KNOTS.);
#2773 = CARTESIAN_POINT('',(209.3299715516,-48.2));
#2774 = CARTESIAN_POINT('',(209.3299715516,-29.5));
#2775 = ( GEOMETRIC_REPRESENTATION_CONTEXT(2) 
PARAMETRIC_REPRESENTATION_CONTEXT() REPRESENTATION_CONTEXT('2D SPACE',''
  ) );
#2776 = PCURVE('',#2777,#2782);
#2777 = PLANE('',#2778);
#2778 = AXIS2_PLACEMENT_3D('',#2779,#2780,#2781);
#2779 = CARTESIAN_POINT('',(-54.5,-62.5,100.));
#2780 = DIRECTION('',(0.,-1.,0.));
#2781 = DIRECTION('',(1.,0.,0.));
#2782 = DEFINITIONAL_REPRESENTATION('',(#2783),#2786);
#2783 = B_SPLINE_CURVE_WITH_KNOTS('',1,(#2784,#2785),.UNSPECIFIED.,.F.,
  .F.,(2,2),(-20.95,-2.25),.PIECEWISE_BEZIER_KNOTS.);
#2784 = CARTESIAN_POINT('',(6.3,-88.03571428571));
#2785 = CARTESIAN_POINT('',(25.,-88.03571428571));
#2786 = ( GEOMETRIC_REPRESENTATION_CONTEXT(2) 
PARAMETRIC_REPRESENTATION_CONTEXT() REPRESENTATION_CONTEXT('2D SPACE',''
  ) );
#2787 = ORIENTED_EDGE('',*,*,#2788,.T.);
#2788 = EDGE_CURVE('',#2763,#2789,#2791,.T.);
#2789 = VERTEX_POINT('',#2790);
#2790 = CARTESIAN_POINT('',(-46.,-54.8368611169,13.971298278907));
#2791 = SURFACE_CURVE('',#2792,(#2796,#2802),.PCURVE_S1.);
#2792 = LINE('',#2793,#2794);
#2793 = CARTESIAN_POINT('',(-46.,99.239359007759,54.324594025842));
#2794 = VECTOR('',#2795,1.);
#2795 = DIRECTION('',(-0.,0.96737222338,0.253359391838));
#2796 = PCURVE('',#298,#2797);
#2797 = DEFINITIONAL_REPRESENTATION('',(#2798),#2801);
#2798 = B_SPLINE_CURVE_WITH_KNOTS('',1,(#2799,#2800),.UNSPECIFIED.,.F.,
  .F.,(2,2),(-170.8125941743,-157.2466027059),.PIECEWISE_BEZIER_KNOTS.);
#2799 = CARTESIAN_POINT('',(212.94802044262,-46.));
#2800 = CARTESIAN_POINT('',(199.38202897423,-46.));
#2801 = ( GEOMETRIC_REPRESENTATION_CONTEXT(2) 
PARAMETRIC_REPRESENTATION_CONTEXT() REPRESENTATION_CONTEXT('2D SPACE',''
  ) );
#2802 = PCURVE('',#2803,#2808);
#2803 = PLANE('',#2804);
#2804 = AXIS2_PLACEMENT_3D('',#2805,#2806,#2807);
#2805 = CARTESIAN_POINT('',(-46.,60.563089947655,35.690677038067));
#2806 = DIRECTION('',(-1.,-0.,-0.));
#2807 = DIRECTION('',(0.,-1.,0.));
#2808 = DEFINITIONAL_REPRESENTATION('',(#2809),#2812);
#2809 = B_SPLINE_CURVE_WITH_KNOTS('',1,(#2810,#2811),.UNSPECIFIED.,.F.,
  .F.,(2,2),(-170.8125941743,-157.2466027059),.PIECEWISE_BEZIER_KNOTS.);
#2810 = CARTESIAN_POINT('',(126.56308994765,-24.64305799044));
#2811 = CARTESIAN_POINT('',(113.43972661852,-21.20598664234));
#2812 = ( GEOMETRIC_REPRESENTATION_CONTEXT(2) 
PARAMETRIC_REPRESENTATION_CONTEXT() REPRESENTATION_CONTEXT('2D SPACE',''
  ) );
#2813 = ORIENTED_EDGE('',*,*,#2814,.T.);
#2814 = EDGE_CURVE('',#2789,#2815,#2817,.T.);
#2815 = VERTEX_POINT('',#2816);
#2816 = CARTESIAN_POINT('',(-42.,-54.8368611169,13.971298278907));
#2817 = SURFACE_CURVE('',#2818,(#2822,#2828),.PCURVE_S1.);
#2818 = LINE('',#2819,#2820);
#2819 = CARTESIAN_POINT('',(-23.5,-54.8368611169,13.971298278907));
#2820 = VECTOR('',#2821,1.);
#2821 = DIRECTION('',(1.,0.,-0.));
#2822 = PCURVE('',#298,#2823);
#2823 = DEFINITIONAL_REPRESENTATION('',(#2824),#2827);
#2824 = B_SPLINE_CURVE_WITH_KNOTS('',1,(#2825,#2826),.UNSPECIFIED.,.F.,
  .F.,(2,2),(-22.5,-18.5),.PIECEWISE_BEZIER_KNOTS.);
#2825 = CARTESIAN_POINT('',(201.4083683694,-46.));
#2826 = CARTESIAN_POINT('',(201.4083683694,-42.));
#2827 = ( GEOMETRIC_REPRESENTATION_CONTEXT(2) 
PARAMETRIC_REPRESENTATION_CONTEXT() REPRESENTATION_CONTEXT('2D SPACE',''
  ) );
#2828 = PCURVE('',#2829,#2834);
#2829 = PLANE('',#2830);
#2830 = AXIS2_PLACEMENT_3D('',#2831,#2832,#2833);
#2831 = CARTESIAN_POINT('',(-47.,-35.83490672907,-58.58161847461));
#2832 = DIRECTION('',(0.,0.96737222338,0.253359391838));
#2833 = DIRECTION('',(0.,-0.253359391838,0.96737222338));
#2834 = DEFINITIONAL_REPRESENTATION('',(#2835),#2838);
#2835 = B_SPLINE_CURVE_WITH_KNOTS('',1,(#2836,#2837),.UNSPECIFIED.,.F.,
  .F.,(2,2),(-22.5,-18.5),.PIECEWISE_BEZIER_KNOTS.);
#2836 = CARTESIAN_POINT('',(75.,1.));
#2837 = CARTESIAN_POINT('',(75.,5.));
#2838 = ( GEOMETRIC_REPRESENTATION_CONTEXT(2) 
PARAMETRIC_REPRESENTATION_CONTEXT() REPRESENTATION_CONTEXT('2D SPACE',''
  ) );
#2839 = ORIENTED_EDGE('',*,*,#2840,.T.);
#2840 = EDGE_CURVE('',#2815,#2841,#2843,.T.);
#2841 = VERTEX_POINT('',#2842);
#2842 = CARTESIAN_POINT('',(-40.4014726626,-45.41699199584,
    16.438406858231));
#2843 = SURFACE_CURVE('',#2844,(#2849,#2856),.PCURVE_S1.);
#2844 = CIRCLE('',#2845,5.);
#2845 = AXIS2_PLACEMENT_3D('',#2846,#2847,#2848);
#2846 = CARTESIAN_POINT('',(-42.,-50.,15.238095238095));
#2847 = DIRECTION('',(0.,-0.253359391838,0.96737222338));
#2848 = DIRECTION('',(1.,0.,0.));
#2849 = PCURVE('',#298,#2850);
#2850 = DEFINITIONAL_REPRESENTATION('',(#2851),#2855);
#2851 = CIRCLE('',#2852,5.);
#2852 = AXIS2_PLACEMENT_2D('',#2853,#2854);
#2853 = CARTESIAN_POINT('',(196.4083683694,-42.));
#2854 = DIRECTION('',(0.,1.));
#2855 = ( GEOMETRIC_REPRESENTATION_CONTEXT(2) 
PARAMETRIC_REPRESENTATION_CONTEXT() REPRESENTATION_CONTEXT('2D SPACE',''
  ) );
#2856 = PCURVE('',#2857,#2862);
#2857 = CYLINDRICAL_SURFACE('',#2858,5.);
#2858 = AXIS2_PLACEMENT_3D('',#2859,#2860,#2861);
#2859 = CARTESIAN_POINT('',(-42.,-30.99804561217,-57.31482151542));
#2860 = DIRECTION('',(0.,-0.253359391838,0.96737222338));
#2861 = DIRECTION('',(1.,0.,0.));
#2862 = DEFINITIONAL_REPRESENTATION('',(#2863),#2867);
#2863 = LINE('',#2864,#2865);
#2864 = CARTESIAN_POINT('',(0.,75.));
#2865 = VECTOR('',#2866,1.);
#2866 = DIRECTION('',(1.,0.));
#2867 = ( GEOMETRIC_REPRESENTATION_CONTEXT(2) 
PARAMETRIC_REPRESENTATION_CONTEXT() REPRESENTATION_CONTEXT('2D SPACE',''
  ) );
#2868 = ORIENTED_EDGE('',*,*,#2869,.T.);
#2869 = EDGE_CURVE('',#2841,#2870,#2872,.T.);
#2870 = VERTEX_POINT('',#2871);
#2871 = CARTESIAN_POINT('',(-44.5,-45.41699199584,16.438406858231));
#2872 = SURFACE_CURVE('',#2873,(#2877,#2883),.PCURVE_S1.);
#2873 = LINE('',#2874,#2875);
#2874 = CARTESIAN_POINT('',(-22.25,-45.41699199584,16.438406858231));
#2875 = VECTOR('',#2876,1.);
#2876 = DIRECTION('',(-1.,-0.,0.));
#2877 = PCURVE('',#298,#2878);
#2878 = DEFINITIONAL_REPRESENTATION('',(#2879),#2882);
#2879 = B_SPLINE_CURVE_WITH_KNOTS('',1,(#2880,#2881),.UNSPECIFIED.,.F.,
  .F.,(2,2),(-57.65,22.25),.PIECEWISE_BEZIER_KNOTS.);
#2880 = CARTESIAN_POINT('',(191.67078350456,35.4));
#2881 = CARTESIAN_POINT('',(191.67078350456,-44.5));
#2882 = ( GEOMETRIC_REPRESENTATION_CONTEXT(2) 
PARAMETRIC_REPRESENTATION_CONTEXT() REPRESENTATION_CONTEXT('2D SPACE',''
  ) );
#2883 = PCURVE('',#2884,#2889);
#2884 = PLANE('',#2885);
#2885 = AXIS2_PLACEMENT_3D('',#2886,#2887,#2888);
#2886 = CARTESIAN_POINT('',(-44.5,-44.66793536755,11.195010460205));
#2887 = DIRECTION('',(-0.,0.989949493661,0.141421356237));
#2888 = DIRECTION('',(1.,0.,0.));
#2889 = DEFINITIONAL_REPRESENTATION('',(#2890),#2894);
#2890 = LINE('',#2891,#2892);
#2891 = CARTESIAN_POINT('',(22.25,-5.296630213562));
#2892 = VECTOR('',#2893,1.);
#2893 = DIRECTION('',(-1.,-0.));
#2894 = ( GEOMETRIC_REPRESENTATION_CONTEXT(2) 
PARAMETRIC_REPRESENTATION_CONTEXT() REPRESENTATION_CONTEXT('2D SPACE',''
  ) );
#2895 = ORIENTED_EDGE('',*,*,#2896,.F.);
#2896 = EDGE_CURVE('',#2897,#2870,#2899,.T.);
#2897 = VERTEX_POINT('',#2898);
#2898 = CARTESIAN_POINT('',(-44.5,-45.16313888309,16.504892197284));
#2899 = SURFACE_CURVE('',#2900,(#2904,#2910),.PCURVE_S1.);
#2900 = LINE('',#2901,#2902);
#2901 = CARTESIAN_POINT('',(-44.5,46.999431523674,40.6427082562));
#2902 = VECTOR('',#2903,1.);
#2903 = DIRECTION('',(-0.,-0.96737222338,-0.253359391838));
#2904 = PCURVE('',#298,#2905);
#2905 = DEFINITIONAL_REPRESENTATION('',(#2906),#2909);
#2906 = B_SPLINE_CURVE_WITH_KNOTS('',1,(#2907,#2908),.UNSPECIFIED.,.F.,
  .F.,(2,2),(38.058737042919,95.533468178971),.PIECEWISE_BEZIER_KNOTS.);
#2907 = CARTESIAN_POINT('',(134.19605236851,-44.5));
#2908 = CARTESIAN_POINT('',(191.67078350456,-44.5));
#2909 = ( GEOMETRIC_REPRESENTATION_CONTEXT(2) 
PARAMETRIC_REPRESENTATION_CONTEXT() REPRESENTATION_CONTEXT('2D SPACE',''
  ) );
#2910 = PCURVE('',#1953,#2911);
#2911 = DEFINITIONAL_REPRESENTATION('',(#2912),#2916);
#2912 = LINE('',#2913,#2914);
#2913 = CARTESIAN_POINT('',(94.910596799599,-16.18801017417));
#2914 = VECTOR('',#2915,1.);
#2915 = DIRECTION('',(-0.993480071526,0.114005909847));
#2916 = ( GEOMETRIC_REPRESENTATION_CONTEXT(2) 
PARAMETRIC_REPRESENTATION_CONTEXT() REPRESENTATION_CONTEXT('2D SPACE',''
  ) );
#2917 = ORIENTED_EDGE('',*,*,#2918,.F.);
#2918 = EDGE_CURVE('',#2919,#2897,#2921,.T.);
#2919 = VERTEX_POINT('',#2920);
#2920 = CARTESIAN_POINT('',(-46.,-45.16313888309,16.504892197284));
#2921 = SURFACE_CURVE('',#2922,(#2926,#2932),.PCURVE_S1.);
#2922 = LINE('',#2923,#2924);
#2923 = CARTESIAN_POINT('',(-23.5,-45.16313888309,16.504892197284));
#2924 = VECTOR('',#2925,1.);
#2925 = DIRECTION('',(1.,0.,-0.));
#2926 = PCURVE('',#298,#2927);
#2927 = DEFINITIONAL_REPRESENTATION('',(#2928),#2931);
#2928 = B_SPLINE_CURVE_WITH_KNOTS('',1,(#2929,#2930),.UNSPECIFIED.,.F.,
  .F.,(2,2),(-22.5,-18.5),.PIECEWISE_BEZIER_KNOTS.);
#2929 = CARTESIAN_POINT('',(191.4083683694,-46.));
#2930 = CARTESIAN_POINT('',(191.4083683694,-42.));
#2931 = ( GEOMETRIC_REPRESENTATION_CONTEXT(2) 
PARAMETRIC_REPRESENTATION_CONTEXT() REPRESENTATION_CONTEXT('2D SPACE',''
  ) );
#2932 = PCURVE('',#1926,#2933);
#2933 = DEFINITIONAL_REPRESENTATION('',(#2934),#2937);
#2934 = B_SPLINE_CURVE_WITH_KNOTS('',1,(#2935,#2936),.UNSPECIFIED.,.F.,
  .F.,(2,2),(-22.5,-18.5),.PIECEWISE_BEZIER_KNOTS.);
#2935 = CARTESIAN_POINT('',(75.,1.));
#2936 = CARTESIAN_POINT('',(75.,5.));
#2937 = ( GEOMETRIC_REPRESENTATION_CONTEXT(2) 
PARAMETRIC_REPRESENTATION_CONTEXT() REPRESENTATION_CONTEXT('2D SPACE',''
  ) );
#2938 = ORIENTED_EDGE('',*,*,#2939,.T.);
#2939 = EDGE_CURVE('',#2919,#2940,#2942,.T.);
#2940 = VERTEX_POINT('',#2941);
#2941 = CARTESIAN_POINT('',(-46.,-37.5,18.511904761905));
#2942 = SURFACE_CURVE('',#2943,(#2947,#2953),.PCURVE_S1.);
#2943 = LINE('',#2944,#2945);
#2944 = CARTESIAN_POINT('',(-46.,99.239359007759,54.324594025842));
#2945 = VECTOR('',#2946,1.);
#2946 = DIRECTION('',(-0.,0.96737222338,0.253359391838));
#2947 = PCURVE('',#298,#2948);
#2948 = DEFINITIONAL_REPRESENTATION('',(#2949),#2952);
#2949 = B_SPLINE_CURVE_WITH_KNOTS('',1,(#2950,#2951),.UNSPECIFIED.,.F.,
  .F.,(2,2),(-154.3059484575,34.416783511323),.PIECEWISE_BEZIER_KNOTS.);
#2950 = CARTESIAN_POINT('',(196.44137472589,-46.));
#2951 = CARTESIAN_POINT('',(7.718642756978,-46.));
#2952 = ( GEOMETRIC_REPRESENTATION_CONTEXT(2) 
PARAMETRIC_REPRESENTATION_CONTEXT() REPRESENTATION_CONTEXT('2D SPACE',''
  ) );
#2953 = PCURVE('',#1898,#2954);
#2954 = DEFINITIONAL_REPRESENTATION('',(#2955),#2958);
#2955 = B_SPLINE_CURVE_WITH_KNOTS('',1,(#2956,#2957),.UNSPECIFIED.,.F.,
  .F.,(2,2),(-154.3059484575,34.416783511323),.PIECEWISE_BEZIER_KNOTS.);
#2956 = CARTESIAN_POINT('',(110.59501938011,-20.46094427037));
#2957 = CARTESIAN_POINT('',(-71.97010944704,27.353732327212));
#2958 = ( GEOMETRIC_REPRESENTATION_CONTEXT(2) 
PARAMETRIC_REPRESENTATION_CONTEXT() REPRESENTATION_CONTEXT('2D SPACE',''
  ) );
#2959 = ORIENTED_EDGE('',*,*,#2960,.F.);
#2960 = EDGE_CURVE('',#2170,#2940,#2961,.T.);
#2961 = SURFACE_CURVE('',#2962,(#2966,#2972),.PCURVE_S1.);
#2962 = LINE('',#2963,#2964);
#2963 = CARTESIAN_POINT('',(-27.25,-37.5,18.511904761905));
#2964 = VECTOR('',#2965,1.);
#2965 = DIRECTION('',(1.,0.,0.));
#2966 = PCURVE('',#298,#2967);
#2967 = DEFINITIONAL_REPRESENTATION('',(#2968),#2971);
#2968 = B_SPLINE_CURVE_WITH_KNOTS('',1,(#2969,#2970),.UNSPECIFIED.,.F.,
  .F.,(2,2),(-20.95,-2.25),.PIECEWISE_BEZIER_KNOTS.);
#2969 = CARTESIAN_POINT('',(183.48676518721,-48.2));
#2970 = CARTESIAN_POINT('',(183.48676518721,-29.5));
#2971 = ( GEOMETRIC_REPRESENTATION_CONTEXT(2) 
PARAMETRIC_REPRESENTATION_CONTEXT() REPRESENTATION_CONTEXT('2D SPACE',''
  ) );
#2972 = PCURVE('',#1871,#2973);
#2973 = DEFINITIONAL_REPRESENTATION('',(#2974),#2977);
#2974 = B_SPLINE_CURVE_WITH_KNOTS('',1,(#2975,#2976),.UNSPECIFIED.,.F.,
  .F.,(2,2),(-20.95,-2.25),.PIECEWISE_BEZIER_KNOTS.);
#2975 = CARTESIAN_POINT('',(6.3,-81.48809523809));
#2976 = CARTESIAN_POINT('',(25.,-81.48809523809));
#2977 = ( GEOMETRIC_REPRESENTATION_CONTEXT(2) 
PARAMETRIC_REPRESENTATION_CONTEXT() REPRESENTATION_CONTEXT('2D SPACE',''
  ) );
#2978 = FACE_BOUND('',#2979,.T.);
#2979 = EDGE_LOOP('',(#2980));
#2980 = ORIENTED_EDGE('',*,*,#2981,.F.);
#2981 = EDGE_CURVE('',#2982,#2982,#2984,.T.);
#2982 = VERTEX_POINT('',#2983);
#2983 = CARTESIAN_POINT('',(-40.3,-50.,15.238095238095));
#2984 = SURFACE_CURVE('',#2985,(#2990,#2997),.PCURVE_S1.);
#2985 = CIRCLE('',#2986,1.7);
#2986 = AXIS2_PLACEMENT_3D('',#2987,#2988,#2989);
#2987 = CARTESIAN_POINT('',(-42.,-50.,15.238095238095));
#2988 = DIRECTION('',(0.,-0.253359391838,0.96737222338));
#2989 = DIRECTION('',(1.,0.,0.));
#2990 = PCURVE('',#298,#2991);
#2991 = DEFINITIONAL_REPRESENTATION('',(#2992),#2996);
#2992 = CIRCLE('',#2993,1.7);
#2993 = AXIS2_PLACEMENT_2D('',#2994,#2995);
#2994 = CARTESIAN_POINT('',(196.4083683694,-42.));
#2995 = DIRECTION('',(0.,1.));
#2996 = ( GEOMETRIC_REPRESENTATION_CONTEXT(2) 
PARAMETRIC_REPRESENTATION_CONTEXT() REPRESENTATION_CONTEXT('2D SPACE',''
  ) );
#2997 = PCURVE('',#2998,#3003);
#2998 = CYLINDRICAL_SURFACE('',#2999,1.7);
#2999 = AXIS2_PLACEMENT_3D('',#3000,#3001,#3002);
#3000 = CARTESIAN_POINT('',(-42.,-34.79843648973,-42.80423816471));
#3001 = DIRECTION('',(0.,-0.253359391838,0.96737222338));
#3002 = DIRECTION('',(1.,0.,0.));
#3003 = DEFINITIONAL_REPRESENTATION('',(#3004),#3008);
#3004 = LINE('',#3005,#3006);
#3005 = CARTESIAN_POINT('',(0.,60.));
#3006 = VECTOR('',#3007,1.);
#3007 = DIRECTION('',(1.,0.));
#3008 = ( GEOMETRIC_REPRESENTATION_CONTEXT(2) 
PARAMETRIC_REPRESENTATION_CONTEXT() REPRESENTATION_CONTEXT('2D SPACE',''
  ) );
#3009 = FACE_BOUND('',#3010,.T.);
#3010 = EDGE_LOOP('',(#3011));
#3011 = ORIENTED_EDGE('',*,*,#3012,.F.);
#3012 = EDGE_CURVE('',#3013,#3013,#3015,.T.);
#3013 = VERTEX_POINT('',#3014);
#3014 = CARTESIAN_POINT('',(43.7,-50.,15.238095238095));
#3015 = SURFACE_CURVE('',#3016,(#3021,#3028),.PCURVE_S1.);
#3016 = CIRCLE('',#3017,1.7);
#3017 = AXIS2_PLACEMENT_3D('',#3018,#3019,#3020);
#3018 = CARTESIAN_POINT('',(42.,-50.,15.238095238095));
#3019 = DIRECTION('',(0.,-0.253359391838,0.96737222338));
#3020 = DIRECTION('',(1.,0.,0.));
#3021 = PCURVE('',#298,#3022);
#3022 = DEFINITIONAL_REPRESENTATION('',(#3023),#3027);
#3023 = CIRCLE('',#3024,1.7);
#3024 = AXIS2_PLACEMENT_2D('',#3025,#3026);
#3025 = CARTESIAN_POINT('',(196.4083683694,42.));
#3026 = DIRECTION('',(0.,1.));
#3027 = ( GEOMETRIC_REPRESENTATION_CONTEXT(2) 
PARAMETRIC_REPRESENTATION_CONTEXT() REPRESENTATION_CONTEXT('2D SPACE',''
  ) );
#3028 = PCURVE('',#3029,#3034);
#3029 = CYLINDRICAL_SURFACE('',#3030,1.7);
#3030 = AXIS2_PLACEMENT_3D('',#3031,#3032,#3033);
#3031 = CARTESIAN_POINT('',(42.,-34.79843648973,-42.80423816471));
#3032 = DIRECTION('',(0.,-0.253359391838,0.96737222338));
#3033 = DIRECTION('',(1.,0.,0.));
#3034 = DEFINITIONAL_REPRESENTATION('',(#3035),#3039);
#3035 = LINE('',#3036,#3037);
#3036 = CARTESIAN_POINT('',(0.,60.));
#3037 = VECTOR('',#3038,1.);
#3038 = DIRECTION('',(1.,0.));
#3039 = ( GEOMETRIC_REPRESENTATION_CONTEXT(2) 
PARAMETRIC_REPRESENTATION_CONTEXT() REPRESENTATION_CONTEXT('2D SPACE',''
  ) );
#3040 = ADVANCED_FACE('',(#3041),#271,.T.);
#3041 = FACE_BOUND('',#3042,.F.);
#3042 = EDGE_LOOP('',(#3043,#3066,#3156,#3157));
#3043 = ORIENTED_EDGE('',*,*,#3044,.F.);
#3044 = EDGE_CURVE('',#3045,#2193,#3047,.T.);
#3045 = VERTEX_POINT('',#3046);
#3046 = CARTESIAN_POINT('',(-46.,-70.,1.5));
#3047 = SURFACE_CURVE('',#3048,(#3052,#3059),.PCURVE_S1.);
#3048 = LINE('',#3049,#3050);
#3049 = CARTESIAN_POINT('',(-46.,-70.,0.));
#3050 = VECTOR('',#3051,1.);
#3051 = DIRECTION('',(0.,0.,1.));
#3052 = PCURVE('',#271,#3053);
#3053 = DEFINITIONAL_REPRESENTATION('',(#3054),#3058);
#3054 = LINE('',#3055,#3056);
#3055 = CARTESIAN_POINT('',(-0.,0.));
#3056 = VECTOR('',#3057,1.);
#3057 = DIRECTION('',(-0.,1.));
#3058 = ( GEOMETRIC_REPRESENTATION_CONTEXT(2) 
PARAMETRIC_REPRESENTATION_CONTEXT() REPRESENTATION_CONTEXT('2D SPACE',''
  ) );
#3059 = PCURVE('',#2237,#3060);
#3060 = DEFINITIONAL_REPRESENTATION('',(#3061),#3065);
#3061 = LINE('',#3062,#3063);
#3062 = CARTESIAN_POINT('',(0.,-46.));
#3063 = VECTOR('',#3064,1.);
#3064 = DIRECTION('',(1.,0.));
#3065 = ( GEOMETRIC_REPRESENTATION_CONTEXT(2) 
PARAMETRIC_REPRESENTATION_CONTEXT() REPRESENTATION_CONTEXT('2D SPACE',''
  ) );
#3066 = ORIENTED_EDGE('',*,*,#3067,.F.);
#3067 = EDGE_CURVE('',#228,#3045,#3068,.T.);
#3068 = SURFACE_CURVE('',#3069,(#3086,#3116),.PCURVE_S1.);
#3069 = B_SPLINE_CURVE_WITH_KNOTS('',8,(#3070,#3071,#3072,#3073,#3074,
    #3075,#3076,#3077,#3078,#3079,#3080,#3081,#3082,#3083,#3084,#3085),
  .UNSPECIFIED.,.F.,.F.,(9,7,9),(212.42282491395,212.63607121664,
    218.95223136755),.UNSPECIFIED.);
#3070 = CARTESIAN_POINT('',(-50.,-66.,2.086657388257));
#3071 = CARTESIAN_POINT('',(-50.,-66.02651650429,2.082869316215));
#3072 = CARTESIAN_POINT('',(-49.99979899229,-66.05303428022,
    2.079081028785));
#3073 = CARTESIAN_POINT('',(-49.99939764057,-66.07954581909,
    2.075293792184));
#3074 = CARTESIAN_POINT('',(-49.99879429677,-66.10606979707,
    2.071504327727));
#3075 = CARTESIAN_POINT('',(-49.99799063138,-66.13258342195,
    2.067716085588));
#3076 = CARTESIAN_POINT('',(-49.99698652944,-66.15908941328,
    2.063928265239));
#3077 = CARTESIAN_POINT('',(-49.99577802631,-66.18563656719,
    2.060132220393));
#3078 = CARTESIAN_POINT('',(-49.95272855697,-66.99631631448,
    1.944167518767));
#3079 = CARTESIAN_POINT('',(-49.73540312395,-67.76363514035,
    1.833199517395));
#3080 = CARTESIAN_POINT('',(-49.35211488693,-68.46257410823,
    1.730297741646));
#3081 = CARTESIAN_POINT('',(-48.82781046975,-69.06210432377,
    1.641345600044));
#3082 = CARTESIAN_POINT('',(-48.19319931595,-69.52610015218,
    1.571491915657));
#3083 = CARTESIAN_POINT('',(-47.48671466021,-69.84219611329,
    1.523827811267));
#3084 = CARTESIAN_POINT('',(-46.74331985895,-69.99999999999,1.5));
#3085 = CARTESIAN_POINT('',(-46.,-70.,1.5));
#3086 = PCURVE('',#271,#3087);
#3087 = DEFINITIONAL_REPRESENTATION('',(#3088),#3115);
#3088 = B_SPLINE_CURVE_WITH_KNOTS('',5,(#3089,#3090,#3091,#3092,#3093,
    #3094,#3095,#3096,#3097,#3098,#3099,#3100,#3101,#3102,#3103,#3104,
    #3105,#3106,#3107,#3108,#3109,#3110,#3111,#3112,#3113,#3114),
  .UNSPECIFIED.,.F.,.F.,(6,4,4,4,4,4,6),(212.42282491395,212.62686886563
    ,212.8309128173,213.23900072065,214.05517652735,215.68752814075,
    218.95223136755),.UNSPECIFIED.);
#3089 = CARTESIAN_POINT('',(-1.570796326795,2.086657388257));
#3090 = CARTESIAN_POINT('',(-1.560647438392,2.080858023455));
#3091 = CARTESIAN_POINT('',(-1.550495573866,2.075056799107));
#3092 = CARTESIAN_POINT('',(-1.540354431959,2.069263607323));
#3093 = CARTESIAN_POINT('',(-1.530185472313,2.063454122082));
#3094 = CARTESIAN_POINT('',(-1.509878954375,2.051851411606));
#3095 = CARTESIAN_POINT('',(-1.499744908107,2.046061041264));
#3096 = CARTESIAN_POINT('',(-1.489599505593,2.040265820162));
#3097 = CARTESIAN_POINT('',(-1.479470488309,2.034482315298));
#3098 = CARTESIAN_POINT('',(-1.449094198489,2.017149149684));
#3099 = CARTESIAN_POINT('',(-1.428868193643,2.0056226351));
#3100 = CARTESIAN_POINT('',(-1.408667850995,1.994134955523));
#3101 = CARTESIAN_POINT('',(-1.388493977711,1.982696016798));
#3102 = CARTESIAN_POINT('',(-1.328054187448,1.948555140719));
#3103 = CARTESIAN_POINT('',(-1.287870835775,1.926030606364));
#3104 = CARTESIAN_POINT('',(-1.24779600846,1.903815587113));
#3105 = CARTESIAN_POINT('',(-1.207828388027,1.881983548374));
#3106 = CARTESIAN_POINT('',(-1.088243194945,1.817856769909));
#3107 = CARTESIAN_POINT('',(-1.008938735182,1.776922110593));
#3108 = CARTESIAN_POINT('',(-0.930024016586,1.738364993644));
#3109 = CARTESIAN_POINT('',(-0.851466290146,1.702665790555));
#3110 = CARTESIAN_POINT('',(-0.616755376579,1.605341103718));
#3111 = CARTESIAN_POINT('',(-0.461558940316,1.55348012966));
#3112 = CARTESIAN_POINT('',(-0.307367738485,1.517823887663));
#3113 = CARTESIAN_POINT('',(-0.153683167246,1.5));
#3114 = CARTESIAN_POINT('',(-1.713788580602E-15,1.5));
#3115 = ( GEOMETRIC_REPRESENTATION_CONTEXT(2) 
PARAMETRIC_REPRESENTATION_CONTEXT() REPRESENTATION_CONTEXT('2D SPACE',''
  ) );
#3116 = PCURVE('',#3117,#3150);
#3117 = B_SPLINE_SURFACE_WITH_KNOTS('',1,8,(
    (#3118,#3119,#3120,#3121,#3122,#3123,#3124,#3125,#3126,#3127,#3128
      ,#3129,#3130,#3131,#3132,#3133)
    ,(#3134,#3135,#3136,#3137,#3138,#3139,#3140,#3141,#3142,#3143,#3144
      ,#3145,#3146,#3147,#3148,#3149
    )),.UNSPECIFIED.,.F.,.F.,.F.,(2,2),(9,7,9),(0.,6.529406453604),(
    212.42282491395,212.63607121664,218.95223136755),.UNSPECIFIED.);
#3118 = CARTESIAN_POINT('',(-50.,-66.,2.086657388257));
#3119 = CARTESIAN_POINT('',(-50.,-66.02651650429,2.082869316215));
#3120 = CARTESIAN_POINT('',(-49.99979899229,-66.05303428022,
    2.079081028785));
#3121 = CARTESIAN_POINT('',(-49.99939764057,-66.07954581909,
    2.075293792184));
#3122 = CARTESIAN_POINT('',(-49.99879429677,-66.10606979707,
    2.071504327727));
#3123 = CARTESIAN_POINT('',(-49.99799063138,-66.13258342195,
    2.067716085588));
#3124 = CARTESIAN_POINT('',(-49.99698652944,-66.15908941328,
    2.063928265239));
#3125 = CARTESIAN_POINT('',(-49.99577802631,-66.18563656719,
    2.060132220393));
#3126 = CARTESIAN_POINT('',(-49.95272855697,-66.99631631448,
    1.944167518767));
#3127 = CARTESIAN_POINT('',(-49.73540312395,-67.76363514035,
    1.833199517395));
#3128 = CARTESIAN_POINT('',(-49.35211488693,-68.46257410823,
    1.730297741646));
#3129 = CARTESIAN_POINT('',(-48.82781046975,-69.06210432377,
    1.641345600044));
#3130 = CARTESIAN_POINT('',(-48.19319931595,-69.52610015218,
    1.571491915657));
#3131 = CARTESIAN_POINT('',(-47.48671466021,-69.84219611329,
    1.523827811267));
#3132 = CARTESIAN_POINT('',(-46.74331985895,-69.99999999999,1.5));
#3133 = CARTESIAN_POINT('',(-46.,-70.,1.5));
#3134 = CARTESIAN_POINT('',(-48.5,-65.78786796564,0.601733147765));
#3135 = CARTESIAN_POINT('',(-48.5,-65.81438446993,0.597945075723));
#3136 = CARTESIAN_POINT('',(-48.49999544893,-65.84095919114,
    0.594148686979));
#3137 = CARTESIAN_POINT('',(-48.50000957982,-65.86723114162,
    0.590395551196));
#3138 = CARTESIAN_POINT('',(-48.49999879677,-65.89419495893,
    0.586543577295));
#3139 = CARTESIAN_POINT('',(-48.49998376098,-65.92026391581,
    0.582819440598));
#3140 = CARTESIAN_POINT('',(-48.50001178582,-65.94702546283,
    0.578996362453));
#3141 = CARTESIAN_POINT('',(-48.50006235223,-65.9781966466,
    0.574543336199));
#3142 = CARTESIAN_POINT('',(-48.49838454359,-66.50147986003,
    0.499788591424));
#3143 = CARTESIAN_POINT('',(-48.38685086754,-66.99377920288,
    0.429460113873));
#3144 = CARTESIAN_POINT('',(-48.16654761859,-67.45882147065,
    0.363025504192));
#3145 = CARTESIAN_POINT('',(-47.84087566076,-67.86726540397,
    0.304676370862));
#3146 = CARTESIAN_POINT('',(-47.43611419443,-68.18614861498,
    0.25912162643));
#3147 = CARTESIAN_POINT('',(-46.97576646633,-68.40570197476,
    0.227756860748));
#3148 = CARTESIAN_POINT('',(-46.48788144746,-68.5150757595,
    0.212132034356));
#3149 = CARTESIAN_POINT('',(-46.,-68.5150757595,0.212132034356));
#3150 = DEFINITIONAL_REPRESENTATION('',(#3151),#3155);
#3151 = LINE('',#3152,#3153);
#3152 = CARTESIAN_POINT('',(0.,0.));
#3153 = VECTOR('',#3154,1.);
#3154 = DIRECTION('',(0.,1.));
#3155 = ( GEOMETRIC_REPRESENTATION_CONTEXT(2) 
PARAMETRIC_REPRESENTATION_CONTEXT() REPRESENTATION_CONTEXT('2D SPACE',''
  ) );
#3156 = ORIENTED_EDGE('',*,*,#255,.T.);
#3157 = ORIENTED_EDGE('',*,*,#2192,.T.);
#3158 = ADVANCED_FACE('',(#3159),#243,.F.);
#3159 = FACE_BOUND('',#3160,.F.);
#3160 = EDGE_LOOP('',(#3161,#3162,#3163,#3184));
#3161 = ORIENTED_EDGE('',*,*,#1292,.F.);
#3162 = ORIENTED_EDGE('',*,*,#227,.T.);
#3163 = ORIENTED_EDGE('',*,*,#3164,.T.);
#3164 = EDGE_CURVE('',#228,#3165,#3167,.T.);
#3165 = VERTEX_POINT('',#3166);
#3166 = CARTESIAN_POINT('',(-48.5,-65.78786796564,0.601733147765));
#3167 = SURFACE_CURVE('',#3168,(#3172,#3178),.PCURVE_S1.);
#3168 = LINE('',#3169,#3170);
#3169 = CARTESIAN_POINT('',(-49.25,-65.89393398282,1.344195268011));
#3170 = VECTOR('',#3171,1.);
#3171 = DIRECTION('',(0.707106781187,0.1,-0.7));
#3172 = PCURVE('',#243,#3173);
#3173 = DEFINITIONAL_REPRESENTATION('',(#3174),#3177);
#3174 = B_SPLINE_CURVE_WITH_KNOTS('',1,(#3175,#3176),.UNSPECIFIED.,.F.,
  .F.,(2,2),(-1.06066017178,1.06066017178),.PIECEWISE_BEZIER_KNOTS.);
#3175 = CARTESIAN_POINT('',(212.42282491395,-1.06066017178));
#3176 = CARTESIAN_POINT('',(212.42282491395,1.06066017178));
#3177 = ( GEOMETRIC_REPRESENTATION_CONTEXT(2) 
PARAMETRIC_REPRESENTATION_CONTEXT() REPRESENTATION_CONTEXT('2D SPACE',''
  ) );
#3178 = PCURVE('',#3117,#3179);
#3179 = DEFINITIONAL_REPRESENTATION('',(#3180),#3183);
#3180 = B_SPLINE_CURVE_WITH_KNOTS('',1,(#3181,#3182),.UNSPECIFIED.,.F.,
  .F.,(2,2),(-1.06066017178,1.06066017178),.PIECEWISE_BEZIER_KNOTS.);
#3181 = CARTESIAN_POINT('',(0.,212.42282491395));
#3182 = CARTESIAN_POINT('',(6.529406453604,212.42282491395));
#3183 = ( GEOMETRIC_REPRESENTATION_CONTEXT(2) 
PARAMETRIC_REPRESENTATION_CONTEXT() REPRESENTATION_CONTEXT('2D SPACE',''
  ) );
#3184 = ORIENTED_EDGE('',*,*,#3185,.F.);
#3185 = EDGE_CURVE('',#1293,#3165,#3186,.T.);
#3186 = SURFACE_CURVE('',#3187,(#3191,#3198),.PCURVE_S1.);
#3187 = LINE('',#3188,#3189);
#3188 = CARTESIAN_POINT('',(-48.5,144.5,30.642857142857));
#3189 = VECTOR('',#3190,1.);
#3190 = DIRECTION('',(0.,-0.989949493661,-0.141421356237));
#3191 = PCURVE('',#243,#3192);
#3192 = DEFINITIONAL_REPRESENTATION('',(#3193),#3197);
#3193 = LINE('',#3194,#3195);
#3194 = CARTESIAN_POINT('',(2.84217094304E-14,1.06066017178));
#3195 = VECTOR('',#3196,1.);
#3196 = DIRECTION('',(1.,0.));
#3197 = ( GEOMETRIC_REPRESENTATION_CONTEXT(2) 
PARAMETRIC_REPRESENTATION_CONTEXT() REPRESENTATION_CONTEXT('2D SPACE',''
  ) );
#3198 = PCURVE('',#1331,#3199);
#3199 = DEFINITIONAL_REPRESENTATION('',(#3200),#3204);
#3200 = LINE('',#3201,#3202);
#3201 = CARTESIAN_POINT('',(0.,-48.5));
#3202 = VECTOR('',#3203,1.);
#3203 = DIRECTION('',(1.,0.));
#3204 = ( GEOMETRIC_REPRESENTATION_CONTEXT(2) 
PARAMETRIC_REPRESENTATION_CONTEXT() REPRESENTATION_CONTEXT('2D SPACE',''
  ) );
#3205 = ADVANCED_FACE('',(#3206),#521,.F.);
#3206 = FACE_BOUND('',#3207,.F.);
#3207 = EDGE_LOOP('',(#3208,#3209,#3210,#3211));
#3208 = ORIENTED_EDGE('',*,*,#1269,.T.);
#3209 = ORIENTED_EDGE('',*,*,#1245,.F.);
#3210 = ORIENTED_EDGE('',*,*,#720,.T.);
#3211 = ORIENTED_EDGE('',*,*,#507,.T.);
#3212 = ADVANCED_FACE('',(#3213),#576,.F.);
#3213 = FACE_BOUND('',#3214,.F.);
#3214 = EDGE_LOOP('',(#3215,#3243,#3271,#3290,#3291,#3292));
#3215 = ORIENTED_EDGE('',*,*,#3216,.F.);
#3216 = EDGE_CURVE('',#3217,#3219,#3221,.T.);
#3217 = VERTEX_POINT('',#3218);
#3218 = CARTESIAN_POINT('',(-46.,142.5,34.397753035352));
#3219 = VERTEX_POINT('',#3220);
#3220 = CARTESIAN_POINT('',(-46.,142.5,73.679938829298));
#3221 = SURFACE_CURVE('',#3222,(#3226,#3232),.PCURVE_S1.);
#3222 = LINE('',#3223,#3224);
#3223 = CARTESIAN_POINT('',(-46.,142.5,67.845338519034));
#3224 = VECTOR('',#3225,1.);
#3225 = DIRECTION('',(-0.,0.,1.));
#3226 = PCURVE('',#576,#3227);
#3227 = DEFINITIONAL_REPRESENTATION('',(#3228),#3231);
#3228 = B_SPLINE_CURVE_WITH_KNOTS('',1,(#3229,#3230),.UNSPECIFIED.,.F.,
  .F.,(2,2),(-35.66992108169,11.20125895415),.PIECEWISE_BEZIER_KNOTS.);
#3229 = CARTESIAN_POINT('',(-81.93691005234,-3.515259600731));
#3230 = CARTESIAN_POINT('',(-81.93691005234,43.355920435116));
#3231 = ( GEOMETRIC_REPRESENTATION_CONTEXT(2) 
PARAMETRIC_REPRESENTATION_CONTEXT() REPRESENTATION_CONTEXT('2D SPACE',''
  ) );
#3232 = PCURVE('',#3233,#3238);
#3233 = PLANE('',#3234);
#3234 = AXIS2_PLACEMENT_3D('',#3235,#3236,#3237);
#3235 = CARTESIAN_POINT('',(-54.5,142.5,100.));
#3236 = DIRECTION('',(0.,-1.,0.));
#3237 = DIRECTION('',(1.,0.,0.));
#3238 = DEFINITIONAL_REPRESENTATION('',(#3239),#3242);
#3239 = B_SPLINE_CURVE_WITH_KNOTS('',1,(#3240,#3241),.UNSPECIFIED.,.F.,
  .F.,(2,2),(-35.66992108169,11.20125895415),.PIECEWISE_BEZIER_KNOTS.);
#3240 = CARTESIAN_POINT('',(8.5,-67.82458256266));
#3241 = CARTESIAN_POINT('',(8.5,-20.95340252681));
#3242 = ( GEOMETRIC_REPRESENTATION_CONTEXT(2) 
PARAMETRIC_REPRESENTATION_CONTEXT() REPRESENTATION_CONTEXT('2D SPACE',''
  ) );
#3243 = ORIENTED_EDGE('',*,*,#3244,.T.);
#3244 = EDGE_CURVE('',#3217,#3245,#3247,.T.);
#3245 = VERTEX_POINT('',#3246);
#3246 = CARTESIAN_POINT('',(-46.,142.49766191422,34.397419023098));
#3247 = SURFACE_CURVE('',#3248,(#3252,#3259),.PCURVE_S1.);
#3248 = LINE('',#3249,#3250);
#3249 = CARTESIAN_POINT('',(-46.,143.93431457505,34.602655117502));
#3250 = VECTOR('',#3251,1.);
#3251 = DIRECTION('',(0.,-0.989949493661,-0.141421356237));
#3252 = PCURVE('',#576,#3253);
#3253 = DEFINITIONAL_REPRESENTATION('',(#3254),#3258);
#3254 = LINE('',#3255,#3256);
#3255 = CARTESIAN_POINT('',(-83.37122462739,-1.088021920566));
#3256 = VECTOR('',#3257,1.);
#3257 = DIRECTION('',(0.989949493661,-0.141421356237));
#3258 = ( GEOMETRIC_REPRESENTATION_CONTEXT(2) 
PARAMETRIC_REPRESENTATION_CONTEXT() REPRESENTATION_CONTEXT('2D SPACE',''
  ) );
#3259 = PCURVE('',#3260,#3265);
#3260 = PLANE('',#3261);
#3261 = AXIS2_PLACEMENT_3D('',#3262,#3263,#3264);
#3262 = CARTESIAN_POINT('',(0.,146.77440620108,35.008382492649));
#3263 = DIRECTION('',(0.,-0.141421356237,0.989949493661));
#3264 = DIRECTION('',(0.,-0.989949493661,-0.141421356237));
#3265 = DEFINITIONAL_REPRESENTATION('',(#3266),#3270);
#3266 = LINE('',#3267,#3268);
#3267 = CARTESIAN_POINT('',(2.868925782798,-46.));
#3268 = VECTOR('',#3269,1.);
#3269 = DIRECTION('',(1.,0.));
#3270 = ( GEOMETRIC_REPRESENTATION_CONTEXT(2) 
PARAMETRIC_REPRESENTATION_CONTEXT() REPRESENTATION_CONTEXT('2D SPACE',''
  ) );
#3271 = ORIENTED_EDGE('',*,*,#3272,.F.);
#3272 = EDGE_CURVE('',#1627,#3245,#3273,.T.);
#3273 = SURFACE_CURVE('',#3274,(#3278,#3284),.PCURVE_S1.);
#3274 = LINE('',#3275,#3276);
#3275 = CARTESIAN_POINT('',(-46.,145.38002427688,23.392035456574));
#3276 = VECTOR('',#3277,1.);
#3277 = DIRECTION('',(0.,0.253359391838,-0.96737222338));
#3278 = PCURVE('',#576,#3279);
#3279 = DEFINITIONAL_REPRESENTATION('',(#3280),#3283);
#3280 = B_SPLINE_CURVE_WITH_KNOTS('',1,(#3281,#3282),.UNSPECIFIED.,.F.,
  .F.,(2,2),(-62.93431735208,-7.350325077486),.PIECEWISE_BEZIER_KNOTS.);
#3281 = CARTESIAN_POINT('',(-68.87193395918,48.582268922314));
#3282 = CARTESIAN_POINT('',(-82.95466043778,-5.188141268719));
#3283 = ( GEOMETRIC_REPRESENTATION_CONTEXT(2) 
PARAMETRIC_REPRESENTATION_CONTEXT() REPRESENTATION_CONTEXT('2D SPACE',''
  ) );
#3284 = PCURVE('',#1641,#3285);
#3285 = DEFINITIONAL_REPRESENTATION('',(#3286),#3289);
#3286 = B_SPLINE_CURVE_WITH_KNOTS('',1,(#3287,#3288),.UNSPECIFIED.,.F.,
  .F.,(2,2),(-62.93431735208,-7.350325077486),.PIECEWISE_BEZIER_KNOTS.);
#3287 = CARTESIAN_POINT('',(96.320848502525,1.));
#3288 = CARTESIAN_POINT('',(40.736856227922,1.));
#3289 = ( GEOMETRIC_REPRESENTATION_CONTEXT(2) 
PARAMETRIC_REPRESENTATION_CONTEXT() REPRESENTATION_CONTEXT('2D SPACE',''
  ) );
#3290 = ORIENTED_EDGE('',*,*,#1652,.T.);
#3291 = ORIENTED_EDGE('',*,*,#560,.T.);
#3292 = ORIENTED_EDGE('',*,*,#3293,.T.);
#3293 = EDGE_CURVE('',#561,#3219,#3294,.T.);
#3294 = SURFACE_CURVE('',#3295,(#3299,#3306),.PCURVE_S1.);
#3295 = LINE('',#3296,#3297);
#3296 = CARTESIAN_POINT('',(-46.,136.35154734085,87.360245995891));
#3297 = VECTOR('',#3298,1.);
#3298 = DIRECTION('',(0.,0.409938501027,-0.912113164786));
#3299 = PCURVE('',#576,#3300);
#3300 = DEFINITIONAL_REPRESENTATION('',(#3301),#3305);
#3301 = LINE('',#3302,#3303);
#3302 = CARTESIAN_POINT('',(-75.7884573932,51.669568957823));
#3303 = VECTOR('',#3304,1.);
#3304 = DIRECTION('',(-0.409938501027,-0.912113164786));
#3305 = ( GEOMETRIC_REPRESENTATION_CONTEXT(2) 
PARAMETRIC_REPRESENTATION_CONTEXT() REPRESENTATION_CONTEXT('2D SPACE',''
  ) );
#3306 = PCURVE('',#603,#3307);
#3307 = DEFINITIONAL_REPRESENTATION('',(#3308),#3312);
#3308 = LINE('',#3309,#3310);
#3309 = CARTESIAN_POINT('',(-3.384777409977,-46.));
#3310 = VECTOR('',#3311,1.);
#3311 = DIRECTION('',(1.,0.));
#3312 = ( GEOMETRIC_REPRESENTATION_CONTEXT(2) 
PARAMETRIC_REPRESENTATION_CONTEXT() REPRESENTATION_CONTEXT('2D SPACE',''
  ) );
#3313 = ADVANCED_FACE('',(#3314),#603,.T.);
#3314 = FACE_BOUND('',#3315,.T.);
#3315 = EDGE_LOOP('',(#3316,#3339,#3340,#3341,#3363,#3391,#3418,#3446,
    #3474,#3502,#3529,#3557));
#3316 = ORIENTED_EDGE('',*,*,#3317,.F.);
#3317 = EDGE_CURVE('',#588,#3318,#3320,.T.);
#3318 = VERTEX_POINT('',#3319);
#3319 = CARTESIAN_POINT('',(46.,142.5,73.679938829298));
#3320 = SURFACE_CURVE('',#3321,(#3325,#3332),.PCURVE_S1.);
#3321 = LINE('',#3322,#3323);
#3322 = CARTESIAN_POINT('',(46.,136.35154734085,87.360245995891));
#3323 = VECTOR('',#3324,1.);
#3324 = DIRECTION('',(0.,0.409938501027,-0.912113164786));
#3325 = PCURVE('',#603,#3326);
#3326 = DEFINITIONAL_REPRESENTATION('',(#3327),#3331);
#3327 = LINE('',#3328,#3329);
#3328 = CARTESIAN_POINT('',(-3.384777409977,46.));
#3329 = VECTOR('',#3330,1.);
#3330 = DIRECTION('',(1.,0.));
#3331 = ( GEOMETRIC_REPRESENTATION_CONTEXT(2) 
PARAMETRIC_REPRESENTATION_CONTEXT() REPRESENTATION_CONTEXT('2D SPACE',''
  ) );
#3332 = PCURVE('',#631,#3333);
#3333 = DEFINITIONAL_REPRESENTATION('',(#3334),#3338);
#3334 = LINE('',#3335,#3336);
#3335 = CARTESIAN_POINT('',(-75.7884573932,51.669568957823));
#3336 = VECTOR('',#3337,1.);
#3337 = DIRECTION('',(-0.409938501027,-0.912113164786));
#3338 = ( GEOMETRIC_REPRESENTATION_CONTEXT(2) 
PARAMETRIC_REPRESENTATION_CONTEXT() REPRESENTATION_CONTEXT('2D SPACE',''
  ) );
#3339 = ORIENTED_EDGE('',*,*,#587,.F.);
#3340 = ORIENTED_EDGE('',*,*,#3293,.T.);
#3341 = ORIENTED_EDGE('',*,*,#3342,.F.);
#3342 = EDGE_CURVE('',#3343,#3219,#3345,.T.);
#3343 = VERTEX_POINT('',#3344);
#3344 = CARTESIAN_POINT('',(-45.,142.5,73.679938829298));
#3345 = SURFACE_CURVE('',#3346,(#3350,#3357),.PCURVE_S1.);
#3346 = LINE('',#3347,#3348);
#3347 = CARTESIAN_POINT('',(-27.25,142.5,73.679938829298));
#3348 = VECTOR('',#3349,1.);
#3349 = DIRECTION('',(-1.,-0.,0.));
#3350 = PCURVE('',#603,#3351);
#3351 = DEFINITIONAL_REPRESENTATION('',(#3352),#3356);
#3352 = LINE('',#3353,#3354);
#3353 = CARTESIAN_POINT('',(11.613698321712,-27.25));
#3354 = VECTOR('',#3355,1.);
#3355 = DIRECTION('',(0.,-1.));
#3356 = ( GEOMETRIC_REPRESENTATION_CONTEXT(2) 
PARAMETRIC_REPRESENTATION_CONTEXT() REPRESENTATION_CONTEXT('2D SPACE',''
  ) );
#3357 = PCURVE('',#3233,#3358);
#3358 = DEFINITIONAL_REPRESENTATION('',(#3359),#3362);
#3359 = B_SPLINE_CURVE_WITH_KNOTS('',1,(#3360,#3361),.UNSPECIFIED.,.F.,
  .F.,(2,2),(2.25,18.75),.PIECEWISE_BEZIER_KNOTS.);
#3360 = CARTESIAN_POINT('',(25.,-26.3200611707));
#3361 = CARTESIAN_POINT('',(8.5,-26.3200611707));
#3362 = ( GEOMETRIC_REPRESENTATION_CONTEXT(2) 
PARAMETRIC_REPRESENTATION_CONTEXT() REPRESENTATION_CONTEXT('2D SPACE',''
  ) );
#3363 = ORIENTED_EDGE('',*,*,#3364,.T.);
#3364 = EDGE_CURVE('',#3343,#3365,#3367,.T.);
#3365 = VERTEX_POINT('',#3366);
#3366 = CARTESIAN_POINT('',(-45.,145.,68.117438829298));
#3367 = SURFACE_CURVE('',#3368,(#3372,#3379),.PCURVE_S1.);
#3368 = LINE('',#3369,#3370);
#3369 = CARTESIAN_POINT('',(-45.,136.35154734085,87.360245995891));
#3370 = VECTOR('',#3371,1.);
#3371 = DIRECTION('',(0.,0.409938501027,-0.912113164786));
#3372 = PCURVE('',#603,#3373);
#3373 = DEFINITIONAL_REPRESENTATION('',(#3374),#3378);
#3374 = LINE('',#3375,#3376);
#3375 = CARTESIAN_POINT('',(-3.384777409977,-45.));
#3376 = VECTOR('',#3377,1.);
#3377 = DIRECTION('',(1.,0.));
#3378 = ( GEOMETRIC_REPRESENTATION_CONTEXT(2) 
PARAMETRIC_REPRESENTATION_CONTEXT() REPRESENTATION_CONTEXT('2D SPACE',''
  ) );
#3379 = PCURVE('',#3380,#3385);
#3380 = PLANE('',#3381);
#3381 = AXIS2_PLACEMENT_3D('',#3382,#3383,#3384);
#3382 = CARTESIAN_POINT('',(-45.,60.563089947655,35.690677038067));
#3383 = DIRECTION('',(-1.,-0.,-0.));
#3384 = DIRECTION('',(0.,-1.,0.));
#3385 = DEFINITIONAL_REPRESENTATION('',(#3386),#3390);
#3386 = LINE('',#3387,#3388);
#3387 = CARTESIAN_POINT('',(-75.7884573932,51.669568957823));
#3388 = VECTOR('',#3389,1.);
#3389 = DIRECTION('',(-0.409938501027,-0.912113164786));
#3390 = ( GEOMETRIC_REPRESENTATION_CONTEXT(2) 
PARAMETRIC_REPRESENTATION_CONTEXT() REPRESENTATION_CONTEXT('2D SPACE',''
  ) );
#3391 = ORIENTED_EDGE('',*,*,#3392,.T.);
#3392 = EDGE_CURVE('',#3365,#3393,#3395,.T.);
#3393 = VERTEX_POINT('',#3394);
#3394 = CARTESIAN_POINT('',(-46.,145.,68.117438829298));
#3395 = SURFACE_CURVE('',#3396,(#3400,#3407),.PCURVE_S1.);
#3396 = LINE('',#3397,#3398);
#3397 = CARTESIAN_POINT('',(-27.5,145.,68.117438829298));
#3398 = VECTOR('',#3399,1.);
#3399 = DIRECTION('',(-1.,-0.,0.));
#3400 = PCURVE('',#603,#3401);
#3401 = DEFINITIONAL_REPRESENTATION('',(#3402),#3406);
#3402 = LINE('',#3403,#3404);
#3403 = CARTESIAN_POINT('',(17.712174053401,-27.5));
#3404 = VECTOR('',#3405,1.);
#3405 = DIRECTION('',(0.,-1.));
#3406 = ( GEOMETRIC_REPRESENTATION_CONTEXT(2) 
PARAMETRIC_REPRESENTATION_CONTEXT() REPRESENTATION_CONTEXT('2D SPACE',''
  ) );
#3407 = PCURVE('',#3408,#3413);
#3408 = PLANE('',#3409);
#3409 = AXIS2_PLACEMENT_3D('',#3410,#3411,#3412);
#3410 = CARTESIAN_POINT('',(-55.,145.,100.));
#3411 = DIRECTION('',(0.,-1.,0.));
#3412 = DIRECTION('',(1.,0.,0.));
#3413 = DEFINITIONAL_REPRESENTATION('',(#3414),#3417);
#3414 = B_SPLINE_CURVE_WITH_KNOTS('',1,(#3415,#3416),.UNSPECIFIED.,.F.,
  .F.,(2,2),(-73.5,18.5),.PIECEWISE_BEZIER_KNOTS.);
#3415 = CARTESIAN_POINT('',(101.,-31.8825611707));
#3416 = CARTESIAN_POINT('',(9.,-31.8825611707));
#3417 = ( GEOMETRIC_REPRESENTATION_CONTEXT(2) 
PARAMETRIC_REPRESENTATION_CONTEXT() REPRESENTATION_CONTEXT('2D SPACE',''
  ) );
#3418 = ORIENTED_EDGE('',*,*,#3419,.T.);
#3419 = EDGE_CURVE('',#3393,#3420,#3422,.T.);
#3420 = VERTEX_POINT('',#3421);
#3421 = CARTESIAN_POINT('',(-46.,173.81682644013,4.));
#3422 = SURFACE_CURVE('',#3423,(#3427,#3434),.PCURVE_S1.);
#3423 = LINE('',#3424,#3425);
#3424 = CARTESIAN_POINT('',(-46.,136.35154734085,87.360245995891));
#3425 = VECTOR('',#3426,1.);
#3426 = DIRECTION('',(0.,0.409938501027,-0.912113164786));
#3427 = PCURVE('',#603,#3428);
#3428 = DEFINITIONAL_REPRESENTATION('',(#3429),#3433);
#3429 = LINE('',#3430,#3431);
#3430 = CARTESIAN_POINT('',(-3.384777409977,-46.));
#3431 = VECTOR('',#3432,1.);
#3432 = DIRECTION('',(1.,0.));
#3433 = ( GEOMETRIC_REPRESENTATION_CONTEXT(2) 
PARAMETRIC_REPRESENTATION_CONTEXT() REPRESENTATION_CONTEXT('2D SPACE',''
  ) );
#3434 = PCURVE('',#3435,#3440);
#3435 = PLANE('',#3436);
#3436 = AXIS2_PLACEMENT_3D('',#3437,#3438,#3439);
#3437 = CARTESIAN_POINT('',(-46.,60.563089947655,35.690677038067));
#3438 = DIRECTION('',(-1.,-0.,-0.));
#3439 = DIRECTION('',(0.,-1.,0.));
#3440 = DEFINITIONAL_REPRESENTATION('',(#3441),#3445);
#3441 = LINE('',#3442,#3443);
#3442 = CARTESIAN_POINT('',(-75.7884573932,51.669568957823));
#3443 = VECTOR('',#3444,1.);
#3444 = DIRECTION('',(-0.409938501027,-0.912113164786));
#3445 = ( GEOMETRIC_REPRESENTATION_CONTEXT(2) 
PARAMETRIC_REPRESENTATION_CONTEXT() REPRESENTATION_CONTEXT('2D SPACE',''
  ) );
#3446 = ORIENTED_EDGE('',*,*,#3447,.F.);
#3447 = EDGE_CURVE('',#3448,#3420,#3450,.T.);
#3448 = VERTEX_POINT('',#3449);
#3449 = CARTESIAN_POINT('',(46.,173.81682644013,4.));
#3450 = SURFACE_CURVE('',#3451,(#3455,#3462),.PCURVE_S1.);
#3451 = LINE('',#3452,#3453);
#3452 = CARTESIAN_POINT('',(46.,173.81682644013,4.));
#3453 = VECTOR('',#3454,1.);
#3454 = DIRECTION('',(-1.,0.,0.));
#3455 = PCURVE('',#603,#3456);
#3456 = DEFINITIONAL_REPRESENTATION('',(#3457),#3461);
#3457 = LINE('',#3458,#3459);
#3458 = CARTESIAN_POINT('',(88.007660737181,46.));
#3459 = VECTOR('',#3460,1.);
#3460 = DIRECTION('',(0.,-1.));
#3461 = ( GEOMETRIC_REPRESENTATION_CONTEXT(2) 
PARAMETRIC_REPRESENTATION_CONTEXT() REPRESENTATION_CONTEXT('2D SPACE',''
  ) );
#3462 = PCURVE('',#3463,#3468);
#3463 = PLANE('',#3464);
#3464 = AXIS2_PLACEMENT_3D('',#3465,#3466,#3467);
#3465 = CARTESIAN_POINT('',(0.,173.81682644013,4.));
#3466 = DIRECTION('',(-0.,0.,1.));
#3467 = DIRECTION('',(0.,-1.,0.));
#3468 = DEFINITIONAL_REPRESENTATION('',(#3469),#3473);
#3469 = LINE('',#3470,#3471);
#3470 = CARTESIAN_POINT('',(0.,46.));
#3471 = VECTOR('',#3472,1.);
#3472 = DIRECTION('',(0.,-1.));
#3473 = ( GEOMETRIC_REPRESENTATION_CONTEXT(2) 
PARAMETRIC_REPRESENTATION_CONTEXT() REPRESENTATION_CONTEXT('2D SPACE',''
  ) );
#3474 = ORIENTED_EDGE('',*,*,#3475,.F.);
#3475 = EDGE_CURVE('',#3476,#3448,#3478,.T.);
#3476 = VERTEX_POINT('',#3477);
#3477 = CARTESIAN_POINT('',(46.,145.,68.117438829298));
#3478 = SURFACE_CURVE('',#3479,(#3483,#3490),.PCURVE_S1.);
#3479 = LINE('',#3480,#3481);
#3480 = CARTESIAN_POINT('',(46.,136.35154734085,87.360245995891));
#3481 = VECTOR('',#3482,1.);
#3482 = DIRECTION('',(0.,0.409938501027,-0.912113164786));
#3483 = PCURVE('',#603,#3484);
#3484 = DEFINITIONAL_REPRESENTATION('',(#3485),#3489);
#3485 = LINE('',#3486,#3487);
#3486 = CARTESIAN_POINT('',(-3.384777409977,46.));
#3487 = VECTOR('',#3488,1.);
#3488 = DIRECTION('',(1.,0.));
#3489 = ( GEOMETRIC_REPRESENTATION_CONTEXT(2) 
PARAMETRIC_REPRESENTATION_CONTEXT() REPRESENTATION_CONTEXT('2D SPACE',''
  ) );
#3490 = PCURVE('',#3491,#3496);
#3491 = PLANE('',#3492);
#3492 = AXIS2_PLACEMENT_3D('',#3493,#3494,#3495);
#3493 = CARTESIAN_POINT('',(46.,60.563089947655,35.690677038067));
#3494 = DIRECTION('',(-1.,-0.,-0.));
#3495 = DIRECTION('',(0.,-1.,0.));
#3496 = DEFINITIONAL_REPRESENTATION('',(#3497),#3501);
#3497 = LINE('',#3498,#3499);
#3498 = CARTESIAN_POINT('',(-75.7884573932,51.669568957823));
#3499 = VECTOR('',#3500,1.);
#3500 = DIRECTION('',(-0.409938501027,-0.912113164786));
#3501 = ( GEOMETRIC_REPRESENTATION_CONTEXT(2) 
PARAMETRIC_REPRESENTATION_CONTEXT() REPRESENTATION_CONTEXT('2D SPACE',''
  ) );
#3502 = ORIENTED_EDGE('',*,*,#3503,.T.);
#3503 = EDGE_CURVE('',#3476,#3504,#3506,.T.);
#3504 = VERTEX_POINT('',#3505);
#3505 = CARTESIAN_POINT('',(45.,145.,68.117438829298));
#3506 = SURFACE_CURVE('',#3507,(#3511,#3518),.PCURVE_S1.);
#3507 = LINE('',#3508,#3509);
#3508 = CARTESIAN_POINT('',(-27.5,145.,68.117438829298));
#3509 = VECTOR('',#3510,1.);
#3510 = DIRECTION('',(-1.,-0.,0.));
#3511 = PCURVE('',#603,#3512);
#3512 = DEFINITIONAL_REPRESENTATION('',(#3513),#3517);
#3513 = LINE('',#3514,#3515);
#3514 = CARTESIAN_POINT('',(17.712174053401,-27.5));
#3515 = VECTOR('',#3516,1.);
#3516 = DIRECTION('',(0.,-1.));
#3517 = ( GEOMETRIC_REPRESENTATION_CONTEXT(2) 
PARAMETRIC_REPRESENTATION_CONTEXT() REPRESENTATION_CONTEXT('2D SPACE',''
  ) );
#3518 = PCURVE('',#3519,#3524);
#3519 = PLANE('',#3520);
#3520 = AXIS2_PLACEMENT_3D('',#3521,#3522,#3523);
#3521 = CARTESIAN_POINT('',(-55.,145.,100.));
#3522 = DIRECTION('',(0.,-1.,0.));
#3523 = DIRECTION('',(1.,0.,0.));
#3524 = DEFINITIONAL_REPRESENTATION('',(#3525),#3528);
#3525 = B_SPLINE_CURVE_WITH_KNOTS('',1,(#3526,#3527),.UNSPECIFIED.,.F.,
  .F.,(2,2),(-73.5,18.5),.PIECEWISE_BEZIER_KNOTS.);
#3526 = CARTESIAN_POINT('',(101.,-31.8825611707));
#3527 = CARTESIAN_POINT('',(9.,-31.8825611707));
#3528 = ( GEOMETRIC_REPRESENTATION_CONTEXT(2) 
PARAMETRIC_REPRESENTATION_CONTEXT() REPRESENTATION_CONTEXT('2D SPACE',''
  ) );
#3529 = ORIENTED_EDGE('',*,*,#3530,.F.);
#3530 = EDGE_CURVE('',#3531,#3504,#3533,.T.);
#3531 = VERTEX_POINT('',#3532);
#3532 = CARTESIAN_POINT('',(45.,142.5,73.679938829298));
#3533 = SURFACE_CURVE('',#3534,(#3538,#3545),.PCURVE_S1.);
#3534 = LINE('',#3535,#3536);
#3535 = CARTESIAN_POINT('',(45.,136.35154734085,87.360245995891));
#3536 = VECTOR('',#3537,1.);
#3537 = DIRECTION('',(0.,0.409938501027,-0.912113164786));
#3538 = PCURVE('',#603,#3539);
#3539 = DEFINITIONAL_REPRESENTATION('',(#3540),#3544);
#3540 = LINE('',#3541,#3542);
#3541 = CARTESIAN_POINT('',(-3.384777409977,45.));
#3542 = VECTOR('',#3543,1.);
#3543 = DIRECTION('',(1.,0.));
#3544 = ( GEOMETRIC_REPRESENTATION_CONTEXT(2) 
PARAMETRIC_REPRESENTATION_CONTEXT() REPRESENTATION_CONTEXT('2D SPACE',''
  ) );
#3545 = PCURVE('',#3546,#3551);
#3546 = PLANE('',#3547);
#3547 = AXIS2_PLACEMENT_3D('',#3548,#3549,#3550);
#3548 = CARTESIAN_POINT('',(45.,60.563089947655,35.690677038067));
#3549 = DIRECTION('',(-1.,-0.,-0.));
#3550 = DIRECTION('',(0.,-1.,0.));
#3551 = DEFINITIONAL_REPRESENTATION('',(#3552),#3556);
#3552 = LINE('',#3553,#3554);
#3553 = CARTESIAN_POINT('',(-75.7884573932,51.669568957823));
#3554 = VECTOR('',#3555,1.);
#3555 = DIRECTION('',(-0.409938501027,-0.912113164786));
#3556 = ( GEOMETRIC_REPRESENTATION_CONTEXT(2) 
PARAMETRIC_REPRESENTATION_CONTEXT() REPRESENTATION_CONTEXT('2D SPACE',''
  ) );
#3557 = ORIENTED_EDGE('',*,*,#3558,.F.);
#3558 = EDGE_CURVE('',#3318,#3531,#3559,.T.);
#3559 = SURFACE_CURVE('',#3560,(#3564,#3571),.PCURVE_S1.);
#3560 = LINE('',#3561,#3562);
#3561 = CARTESIAN_POINT('',(14.75,142.5,73.679938829298));
#3562 = VECTOR('',#3563,1.);
#3563 = DIRECTION('',(-1.,-0.,0.));
#3564 = PCURVE('',#603,#3565);
#3565 = DEFINITIONAL_REPRESENTATION('',(#3566),#3570);
#3566 = LINE('',#3567,#3568);
#3567 = CARTESIAN_POINT('',(11.613698321712,14.75));
#3568 = VECTOR('',#3569,1.);
#3569 = DIRECTION('',(0.,-1.));
#3570 = ( GEOMETRIC_REPRESENTATION_CONTEXT(2) 
PARAMETRIC_REPRESENTATION_CONTEXT() REPRESENTATION_CONTEXT('2D SPACE',''
  ) );
#3571 = PCURVE('',#3572,#3577);
#3572 = PLANE('',#3573);
#3573 = AXIS2_PLACEMENT_3D('',#3574,#3575,#3576);
#3574 = CARTESIAN_POINT('',(29.5,142.5,100.));
#3575 = DIRECTION('',(0.,-1.,0.));
#3576 = DIRECTION('',(1.,0.,0.));
#3577 = DEFINITIONAL_REPRESENTATION('',(#3578),#3581);
#3578 = B_SPLINE_CURVE_WITH_KNOTS('',1,(#3579,#3580),.UNSPECIFIED.,.F.,
  .F.,(2,2),(-31.25,-14.75),.PIECEWISE_BEZIER_KNOTS.);
#3579 = CARTESIAN_POINT('',(16.5,-26.3200611707));
#3580 = CARTESIAN_POINT('',(0.,-26.3200611707));
#3581 = ( GEOMETRIC_REPRESENTATION_CONTEXT(2) 
PARAMETRIC_REPRESENTATION_CONTEXT() REPRESENTATION_CONTEXT('2D SPACE',''
  ) );
#3582 = ADVANCED_FACE('',(#3583),#631,.T.);
#3583 = FACE_BOUND('',#3584,.T.);
#3584 = EDGE_LOOP('',(#3585,#3606,#3629,#3655,#3674,#3675));
#3585 = ORIENTED_EDGE('',*,*,#3586,.F.);
#3586 = EDGE_CURVE('',#3587,#3318,#3589,.T.);
#3587 = VERTEX_POINT('',#3588);
#3588 = CARTESIAN_POINT('',(46.,142.5,34.397753035352));
#3589 = SURFACE_CURVE('',#3590,(#3594,#3600),.PCURVE_S1.);
#3590 = LINE('',#3591,#3592);
#3591 = CARTESIAN_POINT('',(46.,142.5,67.845338519034));
#3592 = VECTOR('',#3593,1.);
#3593 = DIRECTION('',(-0.,0.,1.));
#3594 = PCURVE('',#631,#3595);
#3595 = DEFINITIONAL_REPRESENTATION('',(#3596),#3599);
#3596 = B_SPLINE_CURVE_WITH_KNOTS('',1,(#3597,#3598),.UNSPECIFIED.,.F.,
  .F.,(2,2),(-35.66992108169,11.20125895415),.PIECEWISE_BEZIER_KNOTS.);
#3597 = CARTESIAN_POINT('',(-81.93691005234,-3.515259600731));
#3598 = CARTESIAN_POINT('',(-81.93691005234,43.355920435116));
#3599 = ( GEOMETRIC_REPRESENTATION_CONTEXT(2) 
PARAMETRIC_REPRESENTATION_CONTEXT() REPRESENTATION_CONTEXT('2D SPACE',''
  ) );
#3600 = PCURVE('',#3572,#3601);
#3601 = DEFINITIONAL_REPRESENTATION('',(#3602),#3605);
#3602 = B_SPLINE_CURVE_WITH_KNOTS('',1,(#3603,#3604),.UNSPECIFIED.,.F.,
  .F.,(2,2),(-35.66992108169,11.20125895415),.PIECEWISE_BEZIER_KNOTS.);
#3603 = CARTESIAN_POINT('',(16.5,-67.82458256266));
#3604 = CARTESIAN_POINT('',(16.5,-20.95340252681));
#3605 = ( GEOMETRIC_REPRESENTATION_CONTEXT(2) 
PARAMETRIC_REPRESENTATION_CONTEXT() REPRESENTATION_CONTEXT('2D SPACE',''
  ) );
#3606 = ORIENTED_EDGE('',*,*,#3607,.T.);
#3607 = EDGE_CURVE('',#3587,#3608,#3610,.T.);
#3608 = VERTEX_POINT('',#3609);
#3609 = CARTESIAN_POINT('',(46.,142.49766191422,34.397419023098));
#3610 = SURFACE_CURVE('',#3611,(#3615,#3622),.PCURVE_S1.);
#3611 = LINE('',#3612,#3613);
#3612 = CARTESIAN_POINT('',(46.,143.93431457505,34.602655117502));
#3613 = VECTOR('',#3614,1.);
#3614 = DIRECTION('',(0.,-0.989949493661,-0.141421356237));
#3615 = PCURVE('',#631,#3616);
#3616 = DEFINITIONAL_REPRESENTATION('',(#3617),#3621);
#3617 = LINE('',#3618,#3619);
#3618 = CARTESIAN_POINT('',(-83.37122462739,-1.088021920566));
#3619 = VECTOR('',#3620,1.);
#3620 = DIRECTION('',(0.989949493661,-0.141421356237));
#3621 = ( GEOMETRIC_REPRESENTATION_CONTEXT(2) 
PARAMETRIC_REPRESENTATION_CONTEXT() REPRESENTATION_CONTEXT('2D SPACE',''
  ) );
#3622 = PCURVE('',#3260,#3623);
#3623 = DEFINITIONAL_REPRESENTATION('',(#3624),#3628);
#3624 = LINE('',#3625,#3626);
#3625 = CARTESIAN_POINT('',(2.868925782798,46.));
#3626 = VECTOR('',#3627,1.);
#3627 = DIRECTION('',(1.,0.));
#3628 = ( GEOMETRIC_REPRESENTATION_CONTEXT(2) 
PARAMETRIC_REPRESENTATION_CONTEXT() REPRESENTATION_CONTEXT('2D SPACE',''
  ) );
#3629 = ORIENTED_EDGE('',*,*,#3630,.F.);
#3630 = EDGE_CURVE('',#3631,#3608,#3633,.T.);
#3631 = VERTEX_POINT('',#3632);
#3632 = CARTESIAN_POINT('',(46.,134.8368611169,63.647749340141));
#3633 = SURFACE_CURVE('',#3634,(#3638,#3644),.PCURVE_S1.);
#3634 = LINE('',#3635,#3636);
#3635 = CARTESIAN_POINT('',(46.,145.38002427688,23.392035456574));
#3636 = VECTOR('',#3637,1.);
#3637 = DIRECTION('',(0.,0.253359391838,-0.96737222338));
#3638 = PCURVE('',#631,#3639);
#3639 = DEFINITIONAL_REPRESENTATION('',(#3640),#3643);
#3640 = B_SPLINE_CURVE_WITH_KNOTS('',1,(#3641,#3642),.UNSPECIFIED.,.F.,
  .F.,(2,2),(-62.93431735208,-7.350325077486),.PIECEWISE_BEZIER_KNOTS.);
#3641 = CARTESIAN_POINT('',(-68.87193395918,48.582268922314));
#3642 = CARTESIAN_POINT('',(-82.95466043778,-5.188141268719));
#3643 = ( GEOMETRIC_REPRESENTATION_CONTEXT(2) 
PARAMETRIC_REPRESENTATION_CONTEXT() REPRESENTATION_CONTEXT('2D SPACE',''
  ) );
#3644 = PCURVE('',#3645,#3650);
#3645 = PLANE('',#3646);
#3646 = AXIS2_PLACEMENT_3D('',#3647,#3648,#3649);
#3647 = CARTESIAN_POINT('',(42.,153.83881550472,-8.905167413378));
#3648 = DIRECTION('',(0.,0.96737222338,0.253359391838));
#3649 = DIRECTION('',(0.,-0.253359391838,0.96737222338));
#3650 = DEFINITIONAL_REPRESENTATION('',(#3651),#3654);
#3651 = B_SPLINE_CURVE_WITH_KNOTS('',1,(#3652,#3653),.UNSPECIFIED.,.F.,
  .F.,(2,2),(-62.93431735208,-7.350325077486),.PIECEWISE_BEZIER_KNOTS.);
#3652 = CARTESIAN_POINT('',(96.320848502525,4.));
#3653 = CARTESIAN_POINT('',(40.736856227922,4.));
#3654 = ( GEOMETRIC_REPRESENTATION_CONTEXT(2) 
PARAMETRIC_REPRESENTATION_CONTEXT() REPRESENTATION_CONTEXT('2D SPACE',''
  ) );
#3655 = ORIENTED_EDGE('',*,*,#3656,.T.);
#3656 = EDGE_CURVE('',#3631,#616,#3657,.T.);
#3657 = SURFACE_CURVE('',#3658,(#3662,#3668),.PCURVE_S1.);
#3658 = LINE('',#3659,#3660);
#3659 = CARTESIAN_POINT('',(46.,99.239359007759,54.324594025842));
#3660 = VECTOR('',#3661,1.);
#3661 = DIRECTION('',(-0.,0.96737222338,0.253359391838));
#3662 = PCURVE('',#631,#3663);
#3663 = DEFINITIONAL_REPRESENTATION('',(#3664),#3667);
#3664 = B_SPLINE_CURVE_WITH_KNOTS('',1,(#3665,#3666),.UNSPECIFIED.,.F.,
  .F.,(2,2),(31.765137366058,42.135426268301),.PIECEWISE_BEZIER_KNOTS.);
#3665 = CARTESIAN_POINT('',(-69.40498061988,26.681912872479));
#3666 = CARTESIAN_POINT('',(-79.43691005234,29.309322961933));
#3667 = ( GEOMETRIC_REPRESENTATION_CONTEXT(2) 
PARAMETRIC_REPRESENTATION_CONTEXT() REPRESENTATION_CONTEXT('2D SPACE',''
  ) );
#3668 = PCURVE('',#658,#3669);
#3669 = DEFINITIONAL_REPRESENTATION('',(#3670),#3673);
#3670 = B_SPLINE_CURVE_WITH_KNOTS('',1,(#3671,#3672),.UNSPECIFIED.,.F.,
  .F.,(2,2),(31.765137366058,42.135426268301),.PIECEWISE_BEZIER_KNOTS.);
#3671 = CARTESIAN_POINT('',(10.370288902244,46.));
#3672 = CARTESIAN_POINT('',(0.,46.));
#3673 = ( GEOMETRIC_REPRESENTATION_CONTEXT(2) 
PARAMETRIC_REPRESENTATION_CONTEXT() REPRESENTATION_CONTEXT('2D SPACE',''
  ) );
#3674 = ORIENTED_EDGE('',*,*,#615,.T.);
#3675 = ORIENTED_EDGE('',*,*,#3317,.T.);
#3676 = ADVANCED_FACE('',(#3677,#3949),#658,.T.);
#3677 = FACE_BOUND('',#3678,.T.);
#3678 = EDGE_LOOP('',(#3679,#3700,#3701,#3702,#3703,#3724,#3753,#3779,
    #3805,#3831,#3857,#3883,#3904,#3930));
#3679 = ORIENTED_EDGE('',*,*,#3680,.F.);
#3680 = EDGE_CURVE('',#886,#3681,#3683,.T.);
#3681 = VERTEX_POINT('',#3682);
#3682 = CARTESIAN_POINT('',(48.5,35.2,37.552380952381));
#3683 = SURFACE_CURVE('',#3684,(#3688,#3694),.PCURVE_S1.);
#3684 = LINE('',#3685,#3686);
#3685 = CARTESIAN_POINT('',(24.125,35.2,37.552380952381));
#3686 = VECTOR('',#3687,1.);
#3687 = DIRECTION('',(-1.,0.,0.));
#3688 = PCURVE('',#658,#3689);
#3689 = DEFINITIONAL_REPRESENTATION('',(#3690),#3693);
#3690 = B_SPLINE_CURVE_WITH_KNOTS('',1,(#3691,#3692),.UNSPECIFIED.,.F.,
  .F.,(2,2),(-25.875,-24.375),.PIECEWISE_BEZIER_KNOTS.);
#3691 = CARTESIAN_POINT('',(108.33472107954,50.));
#3692 = CARTESIAN_POINT('',(108.33472107954,48.5));
#3693 = ( GEOMETRIC_REPRESENTATION_CONTEXT(2) 
PARAMETRIC_REPRESENTATION_CONTEXT() REPRESENTATION_CONTEXT('2D SPACE',''
  ) );
#3694 = PCURVE('',#901,#3695);
#3695 = DEFINITIONAL_REPRESENTATION('',(#3696),#3699);
#3696 = B_SPLINE_CURVE_WITH_KNOTS('',1,(#3697,#3698),.UNSPECIFIED.,.F.,
  .F.,(2,2),(-25.875,-24.375),.PIECEWISE_BEZIER_KNOTS.);
#3697 = CARTESIAN_POINT('',(9.552380952381,1.75));
#3698 = CARTESIAN_POINT('',(9.552380952381,0.25));
#3699 = ( GEOMETRIC_REPRESENTATION_CONTEXT(2) 
PARAMETRIC_REPRESENTATION_CONTEXT() REPRESENTATION_CONTEXT('2D SPACE',''
  ) );
#3700 = ORIENTED_EDGE('',*,*,#912,.T.);
#3701 = ORIENTED_EDGE('',*,*,#642,.F.);
#3702 = ORIENTED_EDGE('',*,*,#3656,.F.);
#3703 = ORIENTED_EDGE('',*,*,#3704,.F.);
#3704 = EDGE_CURVE('',#3705,#3631,#3707,.T.);
#3705 = VERTEX_POINT('',#3706);
#3706 = CARTESIAN_POINT('',(42.,134.8368611169,63.647749340141));
#3707 = SURFACE_CURVE('',#3708,(#3712,#3718),.PCURVE_S1.);
#3708 = LINE('',#3709,#3710);
#3709 = CARTESIAN_POINT('',(21.,134.8368611169,63.647749340141));
#3710 = VECTOR('',#3711,1.);
#3711 = DIRECTION('',(1.,0.,-0.));
#3712 = PCURVE('',#658,#3713);
#3713 = DEFINITIONAL_REPRESENTATION('',(#3714),#3717);
#3714 = B_SPLINE_CURVE_WITH_KNOTS('',1,(#3715,#3716),.UNSPECIFIED.,.F.,
  .F.,(2,2),(21.,25.),.PIECEWISE_BEZIER_KNOTS.);
#3715 = CARTESIAN_POINT('',(5.337282545758,42.));
#3716 = CARTESIAN_POINT('',(5.337282545758,46.));
#3717 = ( GEOMETRIC_REPRESENTATION_CONTEXT(2) 
PARAMETRIC_REPRESENTATION_CONTEXT() REPRESENTATION_CONTEXT('2D SPACE',''
  ) );
#3718 = PCURVE('',#3645,#3719);
#3719 = DEFINITIONAL_REPRESENTATION('',(#3720),#3723);
#3720 = B_SPLINE_CURVE_WITH_KNOTS('',1,(#3721,#3722),.UNSPECIFIED.,.F.,
  .F.,(2,2),(21.,25.),.PIECEWISE_BEZIER_KNOTS.);
#3721 = CARTESIAN_POINT('',(75.,0.));
#3722 = CARTESIAN_POINT('',(75.,4.));
#3723 = ( GEOMETRIC_REPRESENTATION_CONTEXT(2) 
PARAMETRIC_REPRESENTATION_CONTEXT() REPRESENTATION_CONTEXT('2D SPACE',''
  ) );
#3724 = ORIENTED_EDGE('',*,*,#3725,.T.);
#3725 = EDGE_CURVE('',#3705,#3726,#3728,.T.);
#3726 = VERTEX_POINT('',#3727);
#3727 = CARTESIAN_POINT('',(42.,125.16313888309,61.114155421764));
#3728 = SURFACE_CURVE('',#3729,(#3734,#3741),.PCURVE_S1.);
#3729 = CIRCLE('',#3730,5.);
#3730 = AXIS2_PLACEMENT_3D('',#3731,#3732,#3733);
#3731 = CARTESIAN_POINT('',(42.,130.,62.380952380952));
#3732 = DIRECTION('',(0.,-0.253359391838,0.96737222338));
#3733 = DIRECTION('',(1.,0.,0.));
#3734 = PCURVE('',#658,#3735);
#3735 = DEFINITIONAL_REPRESENTATION('',(#3736),#3740);
#3736 = CIRCLE('',#3737,5.);
#3737 = AXIS2_PLACEMENT_2D('',#3738,#3739);
#3738 = CARTESIAN_POINT('',(10.337282545758,42.));
#3739 = DIRECTION('',(0.,1.));
#3740 = ( GEOMETRIC_REPRESENTATION_CONTEXT(2) 
PARAMETRIC_REPRESENTATION_CONTEXT() REPRESENTATION_CONTEXT('2D SPACE',''
  ) );
#3741 = PCURVE('',#3742,#3747);
#3742 = CYLINDRICAL_SURFACE('',#3743,5.);
#3743 = AXIS2_PLACEMENT_3D('',#3744,#3745,#3746);
#3744 = CARTESIAN_POINT('',(42.,149.00195438782,-10.17196437256));
#3745 = DIRECTION('',(0.,-0.253359391838,0.96737222338));
#3746 = DIRECTION('',(1.,0.,0.));
#3747 = DEFINITIONAL_REPRESENTATION('',(#3748),#3752);
#3748 = LINE('',#3749,#3750);
#3749 = CARTESIAN_POINT('',(0.,75.));
#3750 = VECTOR('',#3751,1.);
#3751 = DIRECTION('',(1.,0.));
#3752 = ( GEOMETRIC_REPRESENTATION_CONTEXT(2) 
PARAMETRIC_REPRESENTATION_CONTEXT() REPRESENTATION_CONTEXT('2D SPACE',''
  ) );
#3753 = ORIENTED_EDGE('',*,*,#3754,.T.);
#3754 = EDGE_CURVE('',#3726,#3755,#3757,.T.);
#3755 = VERTEX_POINT('',#3756);
#3756 = CARTESIAN_POINT('',(46.,125.16313888309,61.114155421764));
#3757 = SURFACE_CURVE('',#3758,(#3762,#3768),.PCURVE_S1.);
#3758 = LINE('',#3759,#3760);
#3759 = CARTESIAN_POINT('',(21.,125.16313888309,61.114155421764));
#3760 = VECTOR('',#3761,1.);
#3761 = DIRECTION('',(1.,0.,-0.));
#3762 = PCURVE('',#658,#3763);
#3763 = DEFINITIONAL_REPRESENTATION('',(#3764),#3767);
#3764 = B_SPLINE_CURVE_WITH_KNOTS('',1,(#3765,#3766),.UNSPECIFIED.,.F.,
  .F.,(2,2),(21.,25.),.PIECEWISE_BEZIER_KNOTS.);
#3765 = CARTESIAN_POINT('',(15.337282545758,42.));
#3766 = CARTESIAN_POINT('',(15.337282545758,46.));
#3767 = ( GEOMETRIC_REPRESENTATION_CONTEXT(2) 
PARAMETRIC_REPRESENTATION_CONTEXT() REPRESENTATION_CONTEXT('2D SPACE',''
  ) );
#3768 = PCURVE('',#3769,#3774);
#3769 = PLANE('',#3770);
#3770 = AXIS2_PLACEMENT_3D('',#3771,#3772,#3773);
#3771 = CARTESIAN_POINT('',(42.,144.16509327092,-11.43876133175));
#3772 = DIRECTION('',(0.,0.96737222338,0.253359391838));
#3773 = DIRECTION('',(0.,-0.253359391838,0.96737222338));
#3774 = DEFINITIONAL_REPRESENTATION('',(#3775),#3778);
#3775 = B_SPLINE_CURVE_WITH_KNOTS('',1,(#3776,#3777),.UNSPECIFIED.,.F.,
  .F.,(2,2),(21.,25.),.PIECEWISE_BEZIER_KNOTS.);
#3776 = CARTESIAN_POINT('',(75.,0.));
#3777 = CARTESIAN_POINT('',(75.,4.));
#3778 = ( GEOMETRIC_REPRESENTATION_CONTEXT(2) 
PARAMETRIC_REPRESENTATION_CONTEXT() REPRESENTATION_CONTEXT('2D SPACE',''
  ) );
#3779 = ORIENTED_EDGE('',*,*,#3780,.F.);
#3780 = EDGE_CURVE('',#3781,#3755,#3783,.T.);
#3781 = VERTEX_POINT('',#3782);
#3782 = CARTESIAN_POINT('',(46.,117.5,59.107142857143));
#3783 = SURFACE_CURVE('',#3784,(#3788,#3794),.PCURVE_S1.);
#3784 = LINE('',#3785,#3786);
#3785 = CARTESIAN_POINT('',(46.,99.239359007759,54.324594025842));
#3786 = VECTOR('',#3787,1.);
#3787 = DIRECTION('',(-0.,0.96737222338,0.253359391838));
#3788 = PCURVE('',#658,#3789);
#3789 = DEFINITIONAL_REPRESENTATION('',(#3790),#3793);
#3790 = B_SPLINE_CURVE_WITH_KNOTS('',1,(#3791,#3792),.UNSPECIFIED.,.F.,
  .F.,(2,2),(-154.3059484575,34.416783511323),.PIECEWISE_BEZIER_KNOTS.);
#3791 = CARTESIAN_POINT('',(196.44137472589,46.));
#3792 = CARTESIAN_POINT('',(7.718642756978,46.));
#3793 = ( GEOMETRIC_REPRESENTATION_CONTEXT(2) 
PARAMETRIC_REPRESENTATION_CONTEXT() REPRESENTATION_CONTEXT('2D SPACE',''
  ) );
#3794 = PCURVE('',#3795,#3800);
#3795 = PLANE('',#3796);
#3796 = AXIS2_PLACEMENT_3D('',#3797,#3798,#3799);
#3797 = CARTESIAN_POINT('',(46.,60.563089947655,35.690677038067));
#3798 = DIRECTION('',(-1.,-0.,-0.));
#3799 = DIRECTION('',(0.,-1.,0.));
#3800 = DEFINITIONAL_REPRESENTATION('',(#3801),#3804);
#3801 = B_SPLINE_CURVE_WITH_KNOTS('',1,(#3802,#3803),.UNSPECIFIED.,.F.,
  .F.,(2,2),(-154.3059484575,34.416783511323),.PIECEWISE_BEZIER_KNOTS.);
#3802 = CARTESIAN_POINT('',(110.59501938011,-20.46094427037));
#3803 = CARTESIAN_POINT('',(-71.97010944704,27.353732327212));
#3804 = ( GEOMETRIC_REPRESENTATION_CONTEXT(2) 
PARAMETRIC_REPRESENTATION_CONTEXT() REPRESENTATION_CONTEXT('2D SPACE',''
  ) );
#3805 = ORIENTED_EDGE('',*,*,#3806,.T.);
#3806 = EDGE_CURVE('',#3781,#3807,#3809,.T.);
#3807 = VERTEX_POINT('',#3808);
#3808 = CARTESIAN_POINT('',(48.2,117.5,59.107142857143));
#3809 = SURFACE_CURVE('',#3810,(#3814,#3820),.PCURVE_S1.);
#3810 = LINE('',#3811,#3812);
#3811 = CARTESIAN_POINT('',(14.75,117.5,59.107142857143));
#3812 = VECTOR('',#3813,1.);
#3813 = DIRECTION('',(1.,0.,0.));
#3814 = PCURVE('',#658,#3815);
#3815 = DEFINITIONAL_REPRESENTATION('',(#3816),#3819);
#3816 = B_SPLINE_CURVE_WITH_KNOTS('',1,(#3817,#3818),.UNSPECIFIED.,.F.,
  .F.,(2,2),(14.75,33.45),.PIECEWISE_BEZIER_KNOTS.);
#3817 = CARTESIAN_POINT('',(23.258885727956,29.5));
#3818 = CARTESIAN_POINT('',(23.258885727956,48.2));
#3819 = ( GEOMETRIC_REPRESENTATION_CONTEXT(2) 
PARAMETRIC_REPRESENTATION_CONTEXT() REPRESENTATION_CONTEXT('2D SPACE',''
  ) );
#3820 = PCURVE('',#3821,#3826);
#3821 = PLANE('',#3822);
#3822 = AXIS2_PLACEMENT_3D('',#3823,#3824,#3825);
#3823 = CARTESIAN_POINT('',(29.5,117.5,100.));
#3824 = DIRECTION('',(0.,-1.,0.));
#3825 = DIRECTION('',(1.,0.,0.));
#3826 = DEFINITIONAL_REPRESENTATION('',(#3827),#3830);
#3827 = B_SPLINE_CURVE_WITH_KNOTS('',1,(#3828,#3829),.UNSPECIFIED.,.F.,
  .F.,(2,2),(14.75,33.45),.PIECEWISE_BEZIER_KNOTS.);
#3828 = CARTESIAN_POINT('',(0.,-40.89285714285));
#3829 = CARTESIAN_POINT('',(18.7,-40.89285714285));
#3830 = ( GEOMETRIC_REPRESENTATION_CONTEXT(2) 
PARAMETRIC_REPRESENTATION_CONTEXT() REPRESENTATION_CONTEXT('2D SPACE',''
  ) );
#3831 = ORIENTED_EDGE('',*,*,#3832,.T.);
#3832 = EDGE_CURVE('',#3807,#3833,#3835,.T.);
#3833 = VERTEX_POINT('',#3834);
#3834 = CARTESIAN_POINT('',(48.2,42.,39.333333333333));
#3835 = SURFACE_CURVE('',#3836,(#3840,#3846),.PCURVE_S1.);
#3836 = LINE('',#3837,#3838);
#3837 = CARTESIAN_POINT('',(48.2,99.239359007759,54.324594025842));
#3838 = VECTOR('',#3839,1.);
#3839 = DIRECTION('',(0.,-0.96737222338,-0.253359391838));
#3840 = PCURVE('',#658,#3841);
#3841 = DEFINITIONAL_REPRESENTATION('',(#3842),#3845);
#3842 = B_SPLINE_CURVE_WITH_KNOTS('',1,(#3843,#3844),.UNSPECIFIED.,.F.,
  .F.,(2,2),(-18.87654054034,59.16994268013),.PIECEWISE_BEZIER_KNOTS.);
#3843 = CARTESIAN_POINT('',(23.258885727956,48.2));
#3844 = CARTESIAN_POINT('',(101.30536894843,48.2));
#3845 = ( GEOMETRIC_REPRESENTATION_CONTEXT(2) 
PARAMETRIC_REPRESENTATION_CONTEXT() REPRESENTATION_CONTEXT('2D SPACE',''
  ) );
#3846 = PCURVE('',#3847,#3852);
#3847 = PLANE('',#3848);
#3848 = AXIS2_PLACEMENT_3D('',#3849,#3850,#3851);
#3849 = CARTESIAN_POINT('',(48.2,60.563089947655,35.690677038067));
#3850 = DIRECTION('',(-1.,-0.,-0.));
#3851 = DIRECTION('',(0.,-1.,0.));
#3852 = DEFINITIONAL_REPRESENTATION('',(#3853),#3856);
#3853 = B_SPLINE_CURVE_WITH_KNOTS('',1,(#3854,#3855),.UNSPECIFIED.,.F.,
  .F.,(2,2),(-18.87654054034,59.16994268013),.PIECEWISE_BEZIER_KNOTS.);
#3854 = CARTESIAN_POINT('',(-56.93691005234,23.416465819075));
#3855 = CARTESIAN_POINT('',(18.563089947655,3.642656295266));
#3856 = ( GEOMETRIC_REPRESENTATION_CONTEXT(2) 
PARAMETRIC_REPRESENTATION_CONTEXT() REPRESENTATION_CONTEXT('2D SPACE',''
  ) );
#3857 = ORIENTED_EDGE('',*,*,#3858,.F.);
#3858 = EDGE_CURVE('',#3859,#3833,#3861,.T.);
#3859 = VERTEX_POINT('',#3860);
#3860 = CARTESIAN_POINT('',(46.,42.,39.333333333333));
#3861 = SURFACE_CURVE('',#3862,(#3866,#3872),.PCURVE_S1.);
#3862 = LINE('',#3863,#3864);
#3863 = CARTESIAN_POINT('',(20.25,42.,39.333333333333));
#3864 = VECTOR('',#3865,1.);
#3865 = DIRECTION('',(1.,0.,0.));
#3866 = PCURVE('',#658,#3867);
#3867 = DEFINITIONAL_REPRESENTATION('',(#3868),#3871);
#3868 = B_SPLINE_CURVE_WITH_KNOTS('',1,(#3869,#3870),.UNSPECIFIED.,.F.,
  .F.,(2,2),(20.25,27.95),.PIECEWISE_BEZIER_KNOTS.);
#3869 = CARTESIAN_POINT('',(101.30536894843,40.5));
#3870 = CARTESIAN_POINT('',(101.30536894843,48.2));
#3871 = ( GEOMETRIC_REPRESENTATION_CONTEXT(2) 
PARAMETRIC_REPRESENTATION_CONTEXT() REPRESENTATION_CONTEXT('2D SPACE',''
  ) );
#3872 = PCURVE('',#3873,#3878);
#3873 = PLANE('',#3874);
#3874 = AXIS2_PLACEMENT_3D('',#3875,#3876,#3877);
#3875 = CARTESIAN_POINT('',(40.5,42.,100.));
#3876 = DIRECTION('',(0.,-1.,0.));
#3877 = DIRECTION('',(1.,0.,0.));
#3878 = DEFINITIONAL_REPRESENTATION('',(#3879),#3882);
#3879 = B_SPLINE_CURVE_WITH_KNOTS('',1,(#3880,#3881),.UNSPECIFIED.,.F.,
  .F.,(2,2),(20.25,27.95),.PIECEWISE_BEZIER_KNOTS.);
#3880 = CARTESIAN_POINT('',(0.,-60.66666666666));
#3881 = CARTESIAN_POINT('',(7.7,-60.66666666666));
#3882 = ( GEOMETRIC_REPRESENTATION_CONTEXT(2) 
PARAMETRIC_REPRESENTATION_CONTEXT() REPRESENTATION_CONTEXT('2D SPACE',''
  ) );
#3883 = ORIENTED_EDGE('',*,*,#3884,.F.);
#3884 = EDGE_CURVE('',#3885,#3859,#3887,.T.);
#3885 = VERTEX_POINT('',#3886);
#3886 = CARTESIAN_POINT('',(46.,36.6,37.919047619048));
#3887 = SURFACE_CURVE('',#3888,(#3892,#3898),.PCURVE_S1.);
#3888 = LINE('',#3889,#3890);
#3889 = CARTESIAN_POINT('',(46.,99.239359007759,54.324594025842));
#3890 = VECTOR('',#3891,1.);
#3891 = DIRECTION('',(-0.,0.96737222338,0.253359391838));
#3892 = PCURVE('',#658,#3893);
#3893 = DEFINITIONAL_REPRESENTATION('',(#3894),#3897);
#3894 = B_SPLINE_CURVE_WITH_KNOTS('',1,(#3895,#3896),.UNSPECIFIED.,.F.,
  .F.,(2,2),(-154.3059484575,34.416783511323),.PIECEWISE_BEZIER_KNOTS.);
#3895 = CARTESIAN_POINT('',(196.44137472589,46.));
#3896 = CARTESIAN_POINT('',(7.718642756978,46.));
#3897 = ( GEOMETRIC_REPRESENTATION_CONTEXT(2) 
PARAMETRIC_REPRESENTATION_CONTEXT() REPRESENTATION_CONTEXT('2D SPACE',''
  ) );
#3898 = PCURVE('',#2365,#3899);
#3899 = DEFINITIONAL_REPRESENTATION('',(#3900),#3903);
#3900 = B_SPLINE_CURVE_WITH_KNOTS('',1,(#3901,#3902),.UNSPECIFIED.,.F.,
  .F.,(2,2),(-154.3059484575,34.416783511323),.PIECEWISE_BEZIER_KNOTS.);
#3901 = CARTESIAN_POINT('',(110.59501938011,-20.46094427037));
#3902 = CARTESIAN_POINT('',(-71.97010944704,27.353732327212));
#3903 = ( GEOMETRIC_REPRESENTATION_CONTEXT(2) 
PARAMETRIC_REPRESENTATION_CONTEXT() REPRESENTATION_CONTEXT('2D SPACE',''
  ) );
#3904 = ORIENTED_EDGE('',*,*,#3905,.F.);
#3905 = EDGE_CURVE('',#3906,#3885,#3908,.T.);
#3906 = VERTEX_POINT('',#3907);
#3907 = CARTESIAN_POINT('',(48.5,36.6,37.919047619048));
#3908 = SURFACE_CURVE('',#3909,(#3913,#3919),.PCURVE_S1.);
#3909 = LINE('',#3910,#3911);
#3910 = CARTESIAN_POINT('',(23.,36.6,37.919047619048));
#3911 = VECTOR('',#3912,1.);
#3912 = DIRECTION('',(-1.,0.,0.));
#3913 = PCURVE('',#658,#3914);
#3914 = DEFINITIONAL_REPRESENTATION('',(#3915),#3918);
#3915 = B_SPLINE_CURVE_WITH_KNOTS('',1,(#3916,#3917),.UNSPECIFIED.,.F.,
  .F.,(2,2),(-25.5,-23.),.PIECEWISE_BEZIER_KNOTS.);
#3916 = CARTESIAN_POINT('',(106.88750152314,48.5));
#3917 = CARTESIAN_POINT('',(106.88750152314,46.));
#3918 = ( GEOMETRIC_REPRESENTATION_CONTEXT(2) 
PARAMETRIC_REPRESENTATION_CONTEXT() REPRESENTATION_CONTEXT('2D SPACE',''
  ) );
#3919 = PCURVE('',#3920,#3925);
#3920 = PLANE('',#3921);
#3921 = AXIS2_PLACEMENT_3D('',#3922,#3923,#3924);
#3922 = CARTESIAN_POINT('',(46.,36.6,28.));
#3923 = DIRECTION('',(0.,1.,0.));
#3924 = DIRECTION('',(0.,0.,1.));
#3925 = DEFINITIONAL_REPRESENTATION('',(#3926),#3929);
#3926 = B_SPLINE_CURVE_WITH_KNOTS('',1,(#3927,#3928),.UNSPECIFIED.,.F.,
  .F.,(2,2),(-25.5,-23.),.PIECEWISE_BEZIER_KNOTS.);
#3927 = CARTESIAN_POINT('',(9.919047619048,2.5));
#3928 = CARTESIAN_POINT('',(9.919047619048,0.));
#3929 = ( GEOMETRIC_REPRESENTATION_CONTEXT(2) 
PARAMETRIC_REPRESENTATION_CONTEXT() REPRESENTATION_CONTEXT('2D SPACE',''
  ) );
#3930 = ORIENTED_EDGE('',*,*,#3931,.F.);
#3931 = EDGE_CURVE('',#3681,#3906,#3932,.T.);
#3932 = SURFACE_CURVE('',#3933,(#3937,#3943),.PCURVE_S1.);
#3933 = LINE('',#3934,#3935);
#3934 = CARTESIAN_POINT('',(48.5,82.779734748011,50.01374005305));
#3935 = VECTOR('',#3936,1.);
#3936 = DIRECTION('',(-0.,0.96737222338,0.253359391838));
#3937 = PCURVE('',#658,#3938);
#3938 = DEFINITIONAL_REPRESENTATION('',(#3939),#3942);
#3939 = B_SPLINE_CURVE_WITH_KNOTS('',1,(#3940,#3941),.UNSPECIFIED.,.F.,
  .F.,(2,2),(-57.24759653993,-47.73729659783),.PIECEWISE_BEZIER_KNOTS.);
#3940 = CARTESIAN_POINT('',(116.39780146523,48.5));
#3941 = CARTESIAN_POINT('',(106.88750152314,48.5));
#3942 = ( GEOMETRIC_REPRESENTATION_CONTEXT(2) 
PARAMETRIC_REPRESENTATION_CONTEXT() REPRESENTATION_CONTEXT('2D SPACE',''
  ) );
#3943 = PCURVE('',#2313,#3944);
#3944 = DEFINITIONAL_REPRESENTATION('',(#3945),#3948);
#3945 = B_SPLINE_CURVE_WITH_KNOTS('',1,(#3946,#3947),.UNSPECIFIED.,.F.,
  .F.,(2,2),(-57.24759653993,-47.73729659783),.PIECEWISE_BEZIER_KNOTS.);
#3946 = CARTESIAN_POINT('',(7.509523809524,-7.105427357601E-15));
#3947 = CARTESIAN_POINT('',(9.919047619048,-9.2));
#3948 = ( GEOMETRIC_REPRESENTATION_CONTEXT(2) 
PARAMETRIC_REPRESENTATION_CONTEXT() REPRESENTATION_CONTEXT('2D SPACE',''
  ) );
#3949 = FACE_BOUND('',#3950,.T.);
#3950 = EDGE_LOOP('',(#3951));
#3951 = ORIENTED_EDGE('',*,*,#3952,.F.);
#3952 = EDGE_CURVE('',#3953,#3953,#3955,.T.);
#3953 = VERTEX_POINT('',#3954);
#3954 = CARTESIAN_POINT('',(43.7,130.,62.380952380952));
#3955 = SURFACE_CURVE('',#3956,(#3961,#3968),.PCURVE_S1.);
#3956 = CIRCLE('',#3957,1.7);
#3957 = AXIS2_PLACEMENT_3D('',#3958,#3959,#3960);
#3958 = CARTESIAN_POINT('',(42.,130.,62.380952380952));
#3959 = DIRECTION('',(0.,-0.253359391838,0.96737222338));
#3960 = DIRECTION('',(1.,0.,0.));
#3961 = PCURVE('',#658,#3962);
#3962 = DEFINITIONAL_REPRESENTATION('',(#3963),#3967);
#3963 = CIRCLE('',#3964,1.7);
#3964 = AXIS2_PLACEMENT_2D('',#3965,#3966);
#3965 = CARTESIAN_POINT('',(10.337282545758,42.));
#3966 = DIRECTION('',(0.,1.));
#3967 = ( GEOMETRIC_REPRESENTATION_CONTEXT(2) 
PARAMETRIC_REPRESENTATION_CONTEXT() REPRESENTATION_CONTEXT('2D SPACE',''
  ) );
#3968 = PCURVE('',#3969,#3974);
#3969 = CYLINDRICAL_SURFACE('',#3970,1.7);
#3970 = AXIS2_PLACEMENT_3D('',#3971,#3972,#3973);
#3971 = CARTESIAN_POINT('',(42.,145.20156351026,4.338618978138));
#3972 = DIRECTION('',(0.,-0.253359391838,0.96737222338));
#3973 = DIRECTION('',(1.,0.,0.));
#3974 = DEFINITIONAL_REPRESENTATION('',(#3975),#3979);
#3975 = LINE('',#3976,#3977);
#3976 = CARTESIAN_POINT('',(0.,60.));
#3977 = VECTOR('',#3978,1.);
#3978 = DIRECTION('',(1.,0.));
#3979 = ( GEOMETRIC_REPRESENTATION_CONTEXT(2) 
PARAMETRIC_REPRESENTATION_CONTEXT() REPRESENTATION_CONTEXT('2D SPACE',''
  ) );
#3980 = ADVANCED_FACE('',(#3981),#762,.T.);
#3981 = FACE_BOUND('',#3982,.F.);
#3982 = EDGE_LOOP('',(#3983,#4006,#4057,#4058));
#3983 = ORIENTED_EDGE('',*,*,#3984,.F.);
#3984 = EDGE_CURVE('',#3985,#1422,#3987,.T.);
#3985 = VERTEX_POINT('',#3986);
#3986 = CARTESIAN_POINT('',(48.5,-65.78786796564,0.601733147765));
#3987 = SURFACE_CURVE('',#3988,(#3992,#3999),.PCURVE_S1.);
#3988 = LINE('',#3989,#3990);
#3989 = CARTESIAN_POINT('',(48.5,-65.78786796564,0.601733147765));
#3990 = VECTOR('',#3991,1.);
#3991 = DIRECTION('',(-1.003483598405E-16,0.989949493661,0.141421356237)
  );
#3992 = PCURVE('',#762,#3993);
#3993 = DEFINITIONAL_REPRESENTATION('',(#3994),#3998);
#3994 = LINE('',#3995,#3996);
#3995 = CARTESIAN_POINT('',(-0.214285714285,1.06066017178));
#3996 = VECTOR('',#3997,1.);
#3997 = DIRECTION('',(-1.,4.163336342344E-17));
#3998 = ( GEOMETRIC_REPRESENTATION_CONTEXT(2) 
PARAMETRIC_REPRESENTATION_CONTEXT() REPRESENTATION_CONTEXT('2D SPACE',''
  ) );
#3999 = PCURVE('',#1331,#4000);
#4000 = DEFINITIONAL_REPRESENTATION('',(#4001),#4005);
#4001 = LINE('',#4002,#4003);
#4002 = CARTESIAN_POINT('',(212.42282491395,48.5));
#4003 = VECTOR('',#4004,1.);
#4004 = DIRECTION('',(-1.,-1.003483598405E-16));
#4005 = ( GEOMETRIC_REPRESENTATION_CONTEXT(2) 
PARAMETRIC_REPRESENTATION_CONTEXT() REPRESENTATION_CONTEXT('2D SPACE',''
  ) );
#4006 = ORIENTED_EDGE('',*,*,#4007,.F.);
#4007 = EDGE_CURVE('',#745,#3985,#4008,.T.);
#4008 = SURFACE_CURVE('',#4009,(#4012,#4018),.PCURVE_S1.);
#4009 = B_SPLINE_CURVE_WITH_KNOTS('',1,(#4010,#4011),.UNSPECIFIED.,.F.,
  .F.,(2,2),(0.,6.529406453603),.PIECEWISE_BEZIER_KNOTS.);
#4010 = CARTESIAN_POINT('',(50.,-66.,2.086657388257));
#4011 = CARTESIAN_POINT('',(48.5,-65.78786796564,0.601733147765));
#4012 = PCURVE('',#762,#4013);
#4013 = DEFINITIONAL_REPRESENTATION('',(#4014),#4017);
#4014 = B_SPLINE_CURVE_WITH_KNOTS('',1,(#4015,#4016),.UNSPECIFIED.,.F.,
  .F.,(2,2),(0.,6.529406453603),.PIECEWISE_BEZIER_KNOTS.);
#4015 = CARTESIAN_POINT('',(-0.214285714286,-1.06066017178));
#4016 = CARTESIAN_POINT('',(-0.214285714286,1.06066017178));
#4017 = ( GEOMETRIC_REPRESENTATION_CONTEXT(2) 
PARAMETRIC_REPRESENTATION_CONTEXT() REPRESENTATION_CONTEXT('2D SPACE',''
  ) );
#4018 = PCURVE('',#4019,#4052);
#4019 = B_SPLINE_SURFACE_WITH_KNOTS('',1,8,(
    (#4020,#4021,#4022,#4023,#4024,#4025,#4026,#4027,#4028,#4029,#4030
      ,#4031,#4032,#4033,#4034,#4035)
    ,(#4036,#4037,#4038,#4039,#4040,#4041,#4042,#4043,#4044,#4045,#4046
      ,#4047,#4048,#4049,#4050,#4051
    )),.UNSPECIFIED.,.F.,.F.,.F.,(2,2),(9,7,9),(0.,6.529406453603),(
    310.95223136755,317.26839151847,317.48163782116),.UNSPECIFIED.);
#4020 = CARTESIAN_POINT('',(46.,-70.,1.5));
#4021 = CARTESIAN_POINT('',(46.743319858954,-70.,1.5));
#4022 = CARTESIAN_POINT('',(47.486714660211,-69.84219611328,
    1.523827811267));
#4023 = CARTESIAN_POINT('',(48.193199315969,-69.52610015219,
    1.571491915657));
#4024 = CARTESIAN_POINT('',(48.827810469746,-69.06210432375,
    1.641345600043));
#4025 = CARTESIAN_POINT('',(49.352114886946,-68.46257410824,
    1.730297741646));
#4026 = CARTESIAN_POINT('',(49.735403123956,-67.76363514034,
    1.833199517395));
#4027 = CARTESIAN_POINT('',(49.952728556971,-66.99631631448,
    1.944167518767));
#4028 = CARTESIAN_POINT('',(49.995778026317,-66.18563656719,
    2.060132220393));
#4029 = CARTESIAN_POINT('',(49.996986529443,-66.15908941328,
    2.063928265239));
#4030 = CARTESIAN_POINT('',(49.997990631386,-66.13258342195,
    2.067716085587));
#4031 = CARTESIAN_POINT('',(49.998794296778,-66.10606979707,
    2.071504327727));
#4032 = CARTESIAN_POINT('',(49.999397640572,-66.0795458191,
    2.075293792184));
#4033 = CARTESIAN_POINT('',(49.999798992295,-66.05303428022,
    2.079081028785));
#4034 = CARTESIAN_POINT('',(50.,-66.02651650429,2.082869316215));
#4035 = CARTESIAN_POINT('',(50.,-66.,2.086657388257));
#4036 = CARTESIAN_POINT('',(46.,-68.5150757595,0.212132034356));
#4037 = CARTESIAN_POINT('',(46.487881447468,-68.5150757595,
    0.212132034356));
#4038 = CARTESIAN_POINT('',(46.97576646632,-68.40570197476,
    0.227756860748));
#4039 = CARTESIAN_POINT('',(47.436114194456,-68.18614861499,
    0.259121626429));
#4040 = CARTESIAN_POINT('',(47.840875660749,-67.86726540395,
    0.304676370863));
#4041 = CARTESIAN_POINT('',(48.166547618604,-67.45882147067,
    0.36302550419));
#4042 = CARTESIAN_POINT('',(48.386850867539,-66.99377920287,
    0.429460113875));
#4043 = CARTESIAN_POINT('',(48.498384543592,-66.50147986003,
    0.499788591423));
#4044 = CARTESIAN_POINT('',(48.500062352232,-65.9781966466,
    0.574543336199));
#4045 = CARTESIAN_POINT('',(48.500011785821,-65.94702546283,
    0.578996362453));
#4046 = CARTESIAN_POINT('',(48.499983760981,-65.9202639158,
    0.582819440598));
#4047 = CARTESIAN_POINT('',(48.499998796779,-65.89419495893,
    0.586543577295));
#4048 = CARTESIAN_POINT('',(48.500009579823,-65.86723114162,
    0.590395551196));
#4049 = CARTESIAN_POINT('',(48.49999544894,-65.84095919115,
    0.594148686979));
#4050 = CARTESIAN_POINT('',(48.499999999999,-65.81438446993,
    0.597945075723));
#4051 = CARTESIAN_POINT('',(48.5,-65.78786796564,0.601733147765));
#4052 = DEFINITIONAL_REPRESENTATION('',(#4053),#4056);
#4053 = B_SPLINE_CURVE_WITH_KNOTS('',1,(#4054,#4055),.UNSPECIFIED.,.F.,
  .F.,(2,2),(0.,6.529406453603),.PIECEWISE_BEZIER_KNOTS.);
#4054 = CARTESIAN_POINT('',(0.,317.48163782116));
#4055 = CARTESIAN_POINT('',(6.529406453603,317.48163782116));
#4056 = ( GEOMETRIC_REPRESENTATION_CONTEXT(2) 
PARAMETRIC_REPRESENTATION_CONTEXT() REPRESENTATION_CONTEXT('2D SPACE',''
  ) );
#4057 = ORIENTED_EDGE('',*,*,#744,.T.);
#4058 = ORIENTED_EDGE('',*,*,#1444,.T.);
#4059 = ADVANCED_FACE('',(#4060),#790,.T.);
#4060 = FACE_BOUND('',#4061,.T.);
#4061 = EDGE_LOOP('',(#4062,#4085,#4142,#4143));
#4062 = ORIENTED_EDGE('',*,*,#4063,.F.);
#4063 = EDGE_CURVE('',#4064,#2222,#4066,.T.);
#4064 = VERTEX_POINT('',#4065);
#4065 = CARTESIAN_POINT('',(46.,-70.,1.5));
#4066 = SURFACE_CURVE('',#4067,(#4071,#4078),.PCURVE_S1.);
#4067 = LINE('',#4068,#4069);
#4068 = CARTESIAN_POINT('',(46.,-70.,0.));
#4069 = VECTOR('',#4070,1.);
#4070 = DIRECTION('',(0.,0.,1.));
#4071 = PCURVE('',#790,#4072);
#4072 = DEFINITIONAL_REPRESENTATION('',(#4073),#4077);
#4073 = LINE('',#4074,#4075);
#4074 = CARTESIAN_POINT('',(0.,0.));
#4075 = VECTOR('',#4076,1.);
#4076 = DIRECTION('',(0.,1.));
#4077 = ( GEOMETRIC_REPRESENTATION_CONTEXT(2) 
PARAMETRIC_REPRESENTATION_CONTEXT() REPRESENTATION_CONTEXT('2D SPACE',''
  ) );
#4078 = PCURVE('',#2237,#4079);
#4079 = DEFINITIONAL_REPRESENTATION('',(#4080),#4084);
#4080 = LINE('',#4081,#4082);
#4081 = CARTESIAN_POINT('',(0.,46.));
#4082 = VECTOR('',#4083,1.);
#4083 = DIRECTION('',(1.,0.));
#4084 = ( GEOMETRIC_REPRESENTATION_CONTEXT(2) 
PARAMETRIC_REPRESENTATION_CONTEXT() REPRESENTATION_CONTEXT('2D SPACE',''
  ) );
#4085 = ORIENTED_EDGE('',*,*,#4086,.T.);
#4086 = EDGE_CURVE('',#4064,#745,#4087,.T.);
#4087 = SURFACE_CURVE('',#4088,(#4105,#4135),.PCURVE_S1.);
#4088 = B_SPLINE_CURVE_WITH_KNOTS('',8,(#4089,#4090,#4091,#4092,#4093,
    #4094,#4095,#4096,#4097,#4098,#4099,#4100,#4101,#4102,#4103,#4104),
  .UNSPECIFIED.,.F.,.F.,(9,7,9),(310.95223136755,317.26839151847,
    317.48163782116),.UNSPECIFIED.);
#4089 = CARTESIAN_POINT('',(46.,-70.,1.5));
#4090 = CARTESIAN_POINT('',(46.743319858954,-70.,1.5));
#4091 = CARTESIAN_POINT('',(47.486714660211,-69.84219611328,
    1.523827811267));
#4092 = CARTESIAN_POINT('',(48.193199315969,-69.52610015219,
    1.571491915657));
#4093 = CARTESIAN_POINT('',(48.827810469746,-69.06210432375,
    1.641345600043));
#4094 = CARTESIAN_POINT('',(49.352114886946,-68.46257410824,
    1.730297741646));
#4095 = CARTESIAN_POINT('',(49.735403123956,-67.76363514034,
    1.833199517395));
#4096 = CARTESIAN_POINT('',(49.952728556971,-66.99631631448,
    1.944167518767));
#4097 = CARTESIAN_POINT('',(49.995778026317,-66.18563656719,
    2.060132220393));
#4098 = CARTESIAN_POINT('',(49.996986529443,-66.15908941328,
    2.063928265239));
#4099 = CARTESIAN_POINT('',(49.997990631386,-66.13258342195,
    2.067716085587));
#4100 = CARTESIAN_POINT('',(49.998794296778,-66.10606979707,
    2.071504327727));
#4101 = CARTESIAN_POINT('',(49.999397640572,-66.0795458191,
    2.075293792184));
#4102 = CARTESIAN_POINT('',(49.999798992295,-66.05303428022,
    2.079081028785));
#4103 = CARTESIAN_POINT('',(50.,-66.02651650429,2.082869316215));
#4104 = CARTESIAN_POINT('',(50.,-66.,2.086657388257));
#4105 = PCURVE('',#790,#4106);
#4106 = DEFINITIONAL_REPRESENTATION('',(#4107),#4134);
#4107 = B_SPLINE_CURVE_WITH_KNOTS('',5,(#4108,#4109,#4110,#4111,#4112,
    #4113,#4114,#4115,#4116,#4117,#4118,#4119,#4120,#4121,#4122,#4123,
    #4124,#4125,#4126,#4127,#4128,#4129,#4130,#4131,#4132,#4133),
  .UNSPECIFIED.,.F.,.F.,(6,4,4,4,4,4,6),(310.95223136755,314.21693459435
    ,315.84928620776,316.66546201446,317.07354991781,317.27759386948,
    317.48163782116),.UNSPECIFIED.);
#4108 = CARTESIAN_POINT('',(1.665334536938E-16,1.5));
#4109 = CARTESIAN_POINT('',(0.153683167247,1.5));
#4110 = CARTESIAN_POINT('',(0.307367738485,1.517823887663));
#4111 = CARTESIAN_POINT('',(0.461558940316,1.55348012966));
#4112 = CARTESIAN_POINT('',(0.61675537658,1.605341103718));
#4113 = CARTESIAN_POINT('',(0.851466290146,1.702665790555));
#4114 = CARTESIAN_POINT('',(0.930024016586,1.738364993644));
#4115 = CARTESIAN_POINT('',(1.008938735182,1.776922110593));
#4116 = CARTESIAN_POINT('',(1.088243194945,1.817856769909));
#4117 = CARTESIAN_POINT('',(1.207828388027,1.881983548374));
#4118 = CARTESIAN_POINT('',(1.24779600846,1.903815587113));
#4119 = CARTESIAN_POINT('',(1.287870835774,1.926030606364));
#4120 = CARTESIAN_POINT('',(1.328054187448,1.948555140719));
#4121 = CARTESIAN_POINT('',(1.388493977711,1.982696016798));
#4122 = CARTESIAN_POINT('',(1.408667850995,1.994134955523));
#4123 = CARTESIAN_POINT('',(1.428868193643,2.0056226351));
#4124 = CARTESIAN_POINT('',(1.449094198489,2.017149149684));
#4125 = CARTESIAN_POINT('',(1.479470488309,2.034482315298));
#4126 = CARTESIAN_POINT('',(1.489599505592,2.040265820162));
#4127 = CARTESIAN_POINT('',(1.499744908107,2.046061041264));
#4128 = CARTESIAN_POINT('',(1.509878954375,2.051851411606));
#4129 = CARTESIAN_POINT('',(1.530185472313,2.063454122082));
#4130 = CARTESIAN_POINT('',(1.540354431959,2.069263607323));
#4131 = CARTESIAN_POINT('',(1.550495573866,2.075056799107));
#4132 = CARTESIAN_POINT('',(1.560647438392,2.080858023455));
#4133 = CARTESIAN_POINT('',(1.570796326795,2.086657388257));
#4134 = ( GEOMETRIC_REPRESENTATION_CONTEXT(2) 
PARAMETRIC_REPRESENTATION_CONTEXT() REPRESENTATION_CONTEXT('2D SPACE',''
  ) );
#4135 = PCURVE('',#4019,#4136);
#4136 = DEFINITIONAL_REPRESENTATION('',(#4137),#4141);
#4137 = LINE('',#4138,#4139);
#4138 = CARTESIAN_POINT('',(0.,0.));
#4139 = VECTOR('',#4140,1.);
#4140 = DIRECTION('',(0.,1.));
#4141 = ( GEOMETRIC_REPRESENTATION_CONTEXT(2) 
PARAMETRIC_REPRESENTATION_CONTEXT() REPRESENTATION_CONTEXT('2D SPACE',''
  ) );
#4142 = ORIENTED_EDGE('',*,*,#774,.T.);
#4143 = ORIENTED_EDGE('',*,*,#2249,.F.);
#4144 = ADVANCED_FACE('',(#4145),#841,.T.);
#4145 = FACE_BOUND('',#4146,.T.);
#4146 = EDGE_LOOP('',(#4147,#4169,#4190,#4191));
#4147 = ORIENTED_EDGE('',*,*,#4148,.F.);
#4148 = EDGE_CURVE('',#4149,#826,#4151,.T.);
#4149 = VERTEX_POINT('',#4150);
#4150 = CARTESIAN_POINT('',(48.5,28.8,28.));
#4151 = SURFACE_CURVE('',#4152,(#4156,#4163),.PCURVE_S1.);
#4152 = LINE('',#4153,#4154);
#4153 = CARTESIAN_POINT('',(48.25,28.8,28.));
#4154 = VECTOR('',#4155,1.);
#4155 = DIRECTION('',(1.,0.,0.));
#4156 = PCURVE('',#841,#4157);
#4157 = DEFINITIONAL_REPRESENTATION('',(#4158),#4162);
#4158 = LINE('',#4159,#4160);
#4159 = CARTESIAN_POINT('',(0.,0.));
#4160 = VECTOR('',#4161,1.);
#4161 = DIRECTION('',(0.,1.));
#4162 = ( GEOMETRIC_REPRESENTATION_CONTEXT(2) 
PARAMETRIC_REPRESENTATION_CONTEXT() REPRESENTATION_CONTEXT('2D SPACE',''
  ) );
#4163 = PCURVE('',#873,#4164);
#4164 = DEFINITIONAL_REPRESENTATION('',(#4165),#4168);
#4165 = B_SPLINE_CURVE_WITH_KNOTS('',1,(#4166,#4167),.UNSPECIFIED.,.F.,
  .F.,(2,2),(0.,4.),.PIECEWISE_BEZIER_KNOTS.);
#4166 = CARTESIAN_POINT('',(4.712388980385,0.));
#4167 = CARTESIAN_POINT('',(4.712388980385,4.));
#4168 = ( GEOMETRIC_REPRESENTATION_CONTEXT(2) 
PARAMETRIC_REPRESENTATION_CONTEXT() REPRESENTATION_CONTEXT('2D SPACE',''
  ) );
#4169 = ORIENTED_EDGE('',*,*,#4170,.T.);
#4170 = EDGE_CURVE('',#4149,#2278,#4171,.T.);
#4171 = SURFACE_CURVE('',#4172,(#4176,#4183),.PCURVE_S1.);
#4172 = LINE('',#4173,#4174);
#4173 = CARTESIAN_POINT('',(48.5,28.8,28.));
#4174 = VECTOR('',#4175,1.);
#4175 = DIRECTION('',(0.,0.,1.));
#4176 = PCURVE('',#841,#4177);
#4177 = DEFINITIONAL_REPRESENTATION('',(#4178),#4182);
#4178 = LINE('',#4179,#4180);
#4179 = CARTESIAN_POINT('',(0.,0.25));
#4180 = VECTOR('',#4181,1.);
#4181 = DIRECTION('',(1.,0.));
#4182 = ( GEOMETRIC_REPRESENTATION_CONTEXT(2) 
PARAMETRIC_REPRESENTATION_CONTEXT() REPRESENTATION_CONTEXT('2D SPACE',''
  ) );
#4183 = PCURVE('',#2313,#4184);
#4184 = DEFINITIONAL_REPRESENTATION('',(#4185),#4189);
#4185 = LINE('',#4186,#4187);
#4186 = CARTESIAN_POINT('',(0.,-1.4));
#4187 = VECTOR('',#4188,1.);
#4188 = DIRECTION('',(1.,0.));
#4189 = ( GEOMETRIC_REPRESENTATION_CONTEXT(2) 
PARAMETRIC_REPRESENTATION_CONTEXT() REPRESENTATION_CONTEXT('2D SPACE',''
  ) );
#4190 = ORIENTED_EDGE('',*,*,#2277,.F.);
#4191 = ORIENTED_EDGE('',*,*,#825,.T.);
#4192 = ADVANCED_FACE('',(#4193),#873,.F.);
#4193 = FACE_BOUND('',#4194,.F.);
#4194 = EDGE_LOOP('',(#4195,#4196,#4197,#4221));
#4195 = ORIENTED_EDGE('',*,*,#852,.F.);
#4196 = ORIENTED_EDGE('',*,*,#4148,.F.);
#4197 = ORIENTED_EDGE('',*,*,#4198,.T.);
#4198 = EDGE_CURVE('',#4149,#4199,#4201,.T.);
#4199 = VERTEX_POINT('',#4200);
#4200 = CARTESIAN_POINT('',(48.5,35.2,28.));
#4201 = SURFACE_CURVE('',#4202,(#4207,#4214),.PCURVE_S1.);
#4202 = CIRCLE('',#4203,3.2);
#4203 = AXIS2_PLACEMENT_3D('',#4204,#4205,#4206);
#4204 = CARTESIAN_POINT('',(48.5,32.,28.));
#4205 = DIRECTION('',(1.,0.,2.22044604925E-16));
#4206 = DIRECTION('',(2.22044604925E-16,0.,-1.));
#4207 = PCURVE('',#873,#4208);
#4208 = DEFINITIONAL_REPRESENTATION('',(#4209),#4213);
#4209 = LINE('',#4210,#4211);
#4210 = CARTESIAN_POINT('',(0.,0.25));
#4211 = VECTOR('',#4212,1.);
#4212 = DIRECTION('',(1.,0.));
#4213 = ( GEOMETRIC_REPRESENTATION_CONTEXT(2) 
PARAMETRIC_REPRESENTATION_CONTEXT() REPRESENTATION_CONTEXT('2D SPACE',''
  ) );
#4214 = PCURVE('',#2313,#4215);
#4215 = DEFINITIONAL_REPRESENTATION('',(#4216),#4220);
#4216 = CIRCLE('',#4217,3.2);
#4217 = AXIS2_PLACEMENT_2D('',#4218,#4219);
#4218 = CARTESIAN_POINT('',(0.,-4.6));
#4219 = DIRECTION('',(-1.,0.));
#4220 = ( GEOMETRIC_REPRESENTATION_CONTEXT(2) 
PARAMETRIC_REPRESENTATION_CONTEXT() REPRESENTATION_CONTEXT('2D SPACE',''
  ) );
#4221 = ORIENTED_EDGE('',*,*,#4222,.T.);
#4222 = EDGE_CURVE('',#4199,#853,#4223,.T.);
#4223 = SURFACE_CURVE('',#4224,(#4228,#4234),.PCURVE_S1.);
#4224 = LINE('',#4225,#4226);
#4225 = CARTESIAN_POINT('',(48.25,35.2,28.));
#4226 = VECTOR('',#4227,1.);
#4227 = DIRECTION('',(1.,0.,0.));
#4228 = PCURVE('',#873,#4229);
#4229 = DEFINITIONAL_REPRESENTATION('',(#4230),#4233);
#4230 = B_SPLINE_CURVE_WITH_KNOTS('',1,(#4231,#4232),.UNSPECIFIED.,.F.,
  .F.,(2,2),(0.,4.),.PIECEWISE_BEZIER_KNOTS.);
#4231 = CARTESIAN_POINT('',(7.853981633974,0.));
#4232 = CARTESIAN_POINT('',(7.853981633974,4.));
#4233 = ( GEOMETRIC_REPRESENTATION_CONTEXT(2) 
PARAMETRIC_REPRESENTATION_CONTEXT() REPRESENTATION_CONTEXT('2D SPACE',''
  ) );
#4234 = PCURVE('',#901,#4235);
#4235 = DEFINITIONAL_REPRESENTATION('',(#4236),#4240);
#4236 = LINE('',#4237,#4238);
#4237 = CARTESIAN_POINT('',(0.,0.));
#4238 = VECTOR('',#4239,1.);
#4239 = DIRECTION('',(0.,1.));
#4240 = ( GEOMETRIC_REPRESENTATION_CONTEXT(2) 
PARAMETRIC_REPRESENTATION_CONTEXT() REPRESENTATION_CONTEXT('2D SPACE',''
  ) );
#4241 = ADVANCED_FACE('',(#4242),#901,.F.);
#4242 = FACE_BOUND('',#4243,.F.);
#4243 = EDGE_LOOP('',(#4244,#4245,#4266,#4267));
#4244 = ORIENTED_EDGE('',*,*,#4222,.F.);
#4245 = ORIENTED_EDGE('',*,*,#4246,.F.);
#4246 = EDGE_CURVE('',#3681,#4199,#4247,.T.);
#4247 = SURFACE_CURVE('',#4248,(#4252,#4259),.PCURVE_S1.);
#4248 = LINE('',#4249,#4250);
#4249 = CARTESIAN_POINT('',(48.5,35.2,40.));
#4250 = VECTOR('',#4251,1.);
#4251 = DIRECTION('',(0.,0.,-1.));
#4252 = PCURVE('',#901,#4253);
#4253 = DEFINITIONAL_REPRESENTATION('',(#4254),#4258);
#4254 = LINE('',#4255,#4256);
#4255 = CARTESIAN_POINT('',(12.,0.25));
#4256 = VECTOR('',#4257,1.);
#4257 = DIRECTION('',(-1.,0.));
#4258 = ( GEOMETRIC_REPRESENTATION_CONTEXT(2) 
PARAMETRIC_REPRESENTATION_CONTEXT() REPRESENTATION_CONTEXT('2D SPACE',''
  ) );
#4259 = PCURVE('',#2313,#4260);
#4260 = DEFINITIONAL_REPRESENTATION('',(#4261),#4265);
#4261 = LINE('',#4262,#4263);
#4262 = CARTESIAN_POINT('',(12.,-7.8));
#4263 = VECTOR('',#4264,1.);
#4264 = DIRECTION('',(-1.,0.));
#4265 = ( GEOMETRIC_REPRESENTATION_CONTEXT(2) 
PARAMETRIC_REPRESENTATION_CONTEXT() REPRESENTATION_CONTEXT('2D SPACE',''
  ) );
#4266 = ORIENTED_EDGE('',*,*,#3680,.F.);
#4267 = ORIENTED_EDGE('',*,*,#885,.T.);
#4268 = ADVANCED_FACE('',(#4269),#1003,.F.);
#4269 = FACE_BOUND('',#4270,.F.);
#4270 = EDGE_LOOP('',(#4271,#4294,#4323,#4344));
#4271 = ORIENTED_EDGE('',*,*,#4272,.T.);
#4272 = EDGE_CURVE('',#981,#4273,#4275,.T.);
#4273 = VERTEX_POINT('',#4274);
#4274 = CARTESIAN_POINT('',(46.01,12.5,26.399999997548));
#4275 = SURFACE_CURVE('',#4276,(#4280,#4287),.PCURVE_S1.);
#4276 = LINE('',#4277,#4278);
#4277 = CARTESIAN_POINT('',(52.5,12.5,26.399999997548));
#4278 = VECTOR('',#4279,1.);
#4279 = DIRECTION('',(-1.,0.,0.));
#4280 = PCURVE('',#1003,#4281);
#4281 = DEFINITIONAL_REPRESENTATION('',(#4282),#4286);
#4282 = LINE('',#4283,#4284);
#4283 = CARTESIAN_POINT('',(1.570796326795,4.));
#4284 = VECTOR('',#4285,1.);
#4285 = DIRECTION('',(0.,-1.));
#4286 = ( GEOMETRIC_REPRESENTATION_CONTEXT(2) 
PARAMETRIC_REPRESENTATION_CONTEXT() REPRESENTATION_CONTEXT('2D SPACE',''
  ) );
#4287 = PCURVE('',#1205,#4288);
#4288 = DEFINITIONAL_REPRESENTATION('',(#4289),#4293);
#4289 = LINE('',#4290,#4291);
#4290 = CARTESIAN_POINT('',(0.,4.));
#4291 = VECTOR('',#4292,1.);
#4292 = DIRECTION('',(0.,-1.));
#4293 = ( GEOMETRIC_REPRESENTATION_CONTEXT(2) 
PARAMETRIC_REPRESENTATION_CONTEXT() REPRESENTATION_CONTEXT('2D SPACE',''
  ) );
#4294 = ORIENTED_EDGE('',*,*,#4295,.T.);
#4295 = EDGE_CURVE('',#4273,#4296,#4298,.T.);
#4296 = VERTEX_POINT('',#4297);
#4297 = CARTESIAN_POINT('',(46.01,12.15,26.049999994561));
#4298 = SURFACE_CURVE('',#4299,(#4304,#4311),.PCURVE_S1.);
#4299 = CIRCLE('',#4300,0.35);
#4300 = AXIS2_PLACEMENT_3D('',#4301,#4302,#4303);
#4301 = CARTESIAN_POINT('',(46.01,12.5,26.049999994561));
#4302 = DIRECTION('',(1.,0.,0.));
#4303 = DIRECTION('',(-0.,1.,0.));
#4304 = PCURVE('',#1003,#4305);
#4305 = DEFINITIONAL_REPRESENTATION('',(#4306),#4310);
#4306 = LINE('',#4307,#4308);
#4307 = CARTESIAN_POINT('',(0.,-2.49));
#4308 = VECTOR('',#4309,1.);
#4309 = DIRECTION('',(1.,0.));
#4310 = ( GEOMETRIC_REPRESENTATION_CONTEXT(2) 
PARAMETRIC_REPRESENTATION_CONTEXT() REPRESENTATION_CONTEXT('2D SPACE',''
  ) );
#4311 = PCURVE('',#4312,#4317);
#4312 = PLANE('',#4313);
#4313 = AXIS2_PLACEMENT_3D('',#4314,#4315,#4316);
#4314 = CARTESIAN_POINT('',(46.01,5.,22.5));
#4315 = DIRECTION('',(1.,0.,0.));
#4316 = DIRECTION('',(0.,0.,1.));
#4317 = DEFINITIONAL_REPRESENTATION('',(#4318),#4322);
#4318 = CIRCLE('',#4319,0.35);
#4319 = AXIS2_PLACEMENT_2D('',#4320,#4321);
#4320 = CARTESIAN_POINT('',(3.549999994561,-7.5));
#4321 = DIRECTION('',(0.,-1.));
#4322 = ( GEOMETRIC_REPRESENTATION_CONTEXT(2) 
PARAMETRIC_REPRESENTATION_CONTEXT() REPRESENTATION_CONTEXT('2D SPACE',''
  ) );
#4323 = ORIENTED_EDGE('',*,*,#4324,.F.);
#4324 = EDGE_CURVE('',#983,#4296,#4325,.T.);
#4325 = SURFACE_CURVE('',#4326,(#4330,#4337),.PCURVE_S1.);
#4326 = LINE('',#4327,#4328);
#4327 = CARTESIAN_POINT('',(52.5,12.15,26.049999994561));
#4328 = VECTOR('',#4329,1.);
#4329 = DIRECTION('',(-1.,0.,0.));
#4330 = PCURVE('',#1003,#4331);
#4331 = DEFINITIONAL_REPRESENTATION('',(#4332),#4336);
#4332 = LINE('',#4333,#4334);
#4333 = CARTESIAN_POINT('',(3.14159265359,4.));
#4334 = VECTOR('',#4335,1.);
#4335 = DIRECTION('',(0.,-1.));
#4336 = ( GEOMETRIC_REPRESENTATION_CONTEXT(2) 
PARAMETRIC_REPRESENTATION_CONTEXT() REPRESENTATION_CONTEXT('2D SPACE',''
  ) );
#4337 = PCURVE('',#1030,#4338);
#4338 = DEFINITIONAL_REPRESENTATION('',(#4339),#4343);
#4339 = LINE('',#4340,#4341);
#4340 = CARTESIAN_POINT('',(9.999999509677E-02,4.));
#4341 = VECTOR('',#4342,1.);
#4342 = DIRECTION('',(0.,-1.));
#4343 = ( GEOMETRIC_REPRESENTATION_CONTEXT(2) 
PARAMETRIC_REPRESENTATION_CONTEXT() REPRESENTATION_CONTEXT('2D SPACE',''
  ) );
#4344 = ORIENTED_EDGE('',*,*,#980,.F.);
#4345 = ADVANCED_FACE('',(#4346),#1205,.T.);
#4346 = FACE_BOUND('',#4347,.T.);
#4347 = EDGE_LOOP('',(#4348,#4349,#4370,#4391));
#4348 = ORIENTED_EDGE('',*,*,#4272,.T.);
#4349 = ORIENTED_EDGE('',*,*,#4350,.T.);
#4350 = EDGE_CURVE('',#4273,#4351,#4353,.T.);
#4351 = VERTEX_POINT('',#4352);
#4352 = CARTESIAN_POINT('',(46.01,20.3,26.399999997548));
#4353 = SURFACE_CURVE('',#4354,(#4358,#4364),.PCURVE_S1.);
#4354 = LINE('',#4355,#4356);
#4355 = CARTESIAN_POINT('',(46.01,8.75,26.400000000536));
#4356 = VECTOR('',#4357,1.);
#4357 = DIRECTION('',(-0.,1.,0.));
#4358 = PCURVE('',#1205,#4359);
#4359 = DEFINITIONAL_REPRESENTATION('',(#4360),#4363);
#4360 = B_SPLINE_CURVE_WITH_KNOTS('',1,(#4361,#4362),.UNSPECIFIED.,.F.,
  .F.,(2,2),(3.75,11.55),.PIECEWISE_BEZIER_KNOTS.);
#4361 = CARTESIAN_POINT('',(0.,-2.49));
#4362 = CARTESIAN_POINT('',(7.8,-2.49));
#4363 = ( GEOMETRIC_REPRESENTATION_CONTEXT(2) 
PARAMETRIC_REPRESENTATION_CONTEXT() REPRESENTATION_CONTEXT('2D SPACE',''
  ) );
#4364 = PCURVE('',#4312,#4365);
#4365 = DEFINITIONAL_REPRESENTATION('',(#4366),#4369);
#4366 = B_SPLINE_CURVE_WITH_KNOTS('',1,(#4367,#4368),.UNSPECIFIED.,.F.,
  .F.,(2,2),(3.75,11.55),.PIECEWISE_BEZIER_KNOTS.);
#4367 = CARTESIAN_POINT('',(3.900000000536,-7.5));
#4368 = CARTESIAN_POINT('',(3.900000000536,-15.3));
#4369 = ( GEOMETRIC_REPRESENTATION_CONTEXT(2) 
PARAMETRIC_REPRESENTATION_CONTEXT() REPRESENTATION_CONTEXT('2D SPACE',''
  ) );
#4370 = ORIENTED_EDGE('',*,*,#4371,.F.);
#4371 = EDGE_CURVE('',#1160,#4351,#4372,.T.);
#4372 = SURFACE_CURVE('',#4373,(#4377,#4384),.PCURVE_S1.);
#4373 = LINE('',#4374,#4375);
#4374 = CARTESIAN_POINT('',(52.5,20.3,26.399999997548));
#4375 = VECTOR('',#4376,1.);
#4376 = DIRECTION('',(-1.,0.,0.));
#4377 = PCURVE('',#1205,#4378);
#4378 = DEFINITIONAL_REPRESENTATION('',(#4379),#4383);
#4379 = LINE('',#4380,#4381);
#4380 = CARTESIAN_POINT('',(7.8,4.));
#4381 = VECTOR('',#4382,1.);
#4382 = DIRECTION('',(0.,-1.));
#4383 = ( GEOMETRIC_REPRESENTATION_CONTEXT(2) 
PARAMETRIC_REPRESENTATION_CONTEXT() REPRESENTATION_CONTEXT('2D SPACE',''
  ) );
#4384 = PCURVE('',#1180,#4385);
#4385 = DEFINITIONAL_REPRESENTATION('',(#4386),#4390);
#4386 = LINE('',#4387,#4388);
#4387 = CARTESIAN_POINT('',(1.570796326795,4.));
#4388 = VECTOR('',#4389,1.);
#4389 = DIRECTION('',(0.,-1.));
#4390 = ( GEOMETRIC_REPRESENTATION_CONTEXT(2) 
PARAMETRIC_REPRESENTATION_CONTEXT() REPRESENTATION_CONTEXT('2D SPACE',''
  ) );
#4391 = ORIENTED_EDGE('',*,*,#1192,.T.);
#4392 = ADVANCED_FACE('',(#4393),#1180,.F.);
#4393 = FACE_BOUND('',#4394,.F.);
#4394 = EDGE_LOOP('',(#4395,#4418,#4440,#4441));
#4395 = ORIENTED_EDGE('',*,*,#4396,.F.);
#4396 = EDGE_CURVE('',#4397,#1134,#4399,.T.);
#4397 = VERTEX_POINT('',#4398);
#4398 = CARTESIAN_POINT('',(46.01,20.65,26.049999994561));
#4399 = SURFACE_CURVE('',#4400,(#4404,#4411),.PCURVE_S1.);
#4400 = LINE('',#4401,#4402);
#4401 = CARTESIAN_POINT('',(44.5,20.65,26.049999994561));
#4402 = VECTOR('',#4403,1.);
#4403 = DIRECTION('',(1.,0.,0.));
#4404 = PCURVE('',#1180,#4405);
#4405 = DEFINITIONAL_REPRESENTATION('',(#4406),#4410);
#4406 = LINE('',#4407,#4408);
#4407 = CARTESIAN_POINT('',(0.,-4.));
#4408 = VECTOR('',#4409,1.);
#4409 = DIRECTION('',(-0.,1.));
#4410 = ( GEOMETRIC_REPRESENTATION_CONTEXT(2) 
PARAMETRIC_REPRESENTATION_CONTEXT() REPRESENTATION_CONTEXT('2D SPACE',''
  ) );
#4411 = PCURVE('',#1148,#4412);
#4412 = DEFINITIONAL_REPRESENTATION('',(#4413),#4417);
#4413 = LINE('',#4414,#4415);
#4414 = CARTESIAN_POINT('',(9.999999509677E-02,-4.));
#4415 = VECTOR('',#4416,1.);
#4416 = DIRECTION('',(0.,1.));
#4417 = ( GEOMETRIC_REPRESENTATION_CONTEXT(2) 
PARAMETRIC_REPRESENTATION_CONTEXT() REPRESENTATION_CONTEXT('2D SPACE',''
  ) );
#4418 = ORIENTED_EDGE('',*,*,#4419,.T.);
#4419 = EDGE_CURVE('',#4397,#4351,#4420,.T.);
#4420 = SURFACE_CURVE('',#4421,(#4426,#4433),.PCURVE_S1.);
#4421 = CIRCLE('',#4422,0.35);
#4422 = AXIS2_PLACEMENT_3D('',#4423,#4424,#4425);
#4423 = CARTESIAN_POINT('',(46.01,20.3,26.049999994561));
#4424 = DIRECTION('',(1.,0.,0.));
#4425 = DIRECTION('',(-0.,1.,0.));
#4426 = PCURVE('',#1180,#4427);
#4427 = DEFINITIONAL_REPRESENTATION('',(#4428),#4432);
#4428 = LINE('',#4429,#4430);
#4429 = CARTESIAN_POINT('',(0.,-2.49));
#4430 = VECTOR('',#4431,1.);
#4431 = DIRECTION('',(1.,0.));
#4432 = ( GEOMETRIC_REPRESENTATION_CONTEXT(2) 
PARAMETRIC_REPRESENTATION_CONTEXT() REPRESENTATION_CONTEXT('2D SPACE',''
  ) );
#4433 = PCURVE('',#4312,#4434);
#4434 = DEFINITIONAL_REPRESENTATION('',(#4435),#4439);
#4435 = CIRCLE('',#4436,0.35);
#4436 = AXIS2_PLACEMENT_2D('',#4437,#4438);
#4437 = CARTESIAN_POINT('',(3.549999994561,-15.3));
#4438 = DIRECTION('',(0.,-1.));
#4439 = ( GEOMETRIC_REPRESENTATION_CONTEXT(2) 
PARAMETRIC_REPRESENTATION_CONTEXT() REPRESENTATION_CONTEXT('2D SPACE',''
  ) );
#4440 = ORIENTED_EDGE('',*,*,#4371,.F.);
#4441 = ORIENTED_EDGE('',*,*,#1159,.F.);
#4442 = ADVANCED_FACE('',(#4443),#1148,.F.);
#4443 = FACE_BOUND('',#4444,.F.);
#4444 = EDGE_LOOP('',(#4445,#4468,#4487,#4488));
#4445 = ORIENTED_EDGE('',*,*,#4446,.F.);
#4446 = EDGE_CURVE('',#4447,#1101,#4449,.T.);
#4447 = VERTEX_POINT('',#4448);
#4448 = CARTESIAN_POINT('',(46.01,20.65,25.949999999464));
#4449 = SURFACE_CURVE('',#4450,(#4454,#4461),.PCURVE_S1.);
#4450 = LINE('',#4451,#4452);
#4451 = CARTESIAN_POINT('',(44.5,20.65,25.949999999464));
#4452 = VECTOR('',#4453,1.);
#4453 = DIRECTION('',(1.,0.,0.));
#4454 = PCURVE('',#1148,#4455);
#4455 = DEFINITIONAL_REPRESENTATION('',(#4456),#4460);
#4456 = LINE('',#4457,#4458);
#4457 = CARTESIAN_POINT('',(0.,-4.));
#4458 = VECTOR('',#4459,1.);
#4459 = DIRECTION('',(0.,1.));
#4460 = ( GEOMETRIC_REPRESENTATION_CONTEXT(2) 
PARAMETRIC_REPRESENTATION_CONTEXT() REPRESENTATION_CONTEXT('2D SPACE',''
  ) );
#4461 = PCURVE('',#1121,#4462);
#4462 = DEFINITIONAL_REPRESENTATION('',(#4463),#4467);
#4463 = LINE('',#4464,#4465);
#4464 = CARTESIAN_POINT('',(6.28318530718,-4.));
#4465 = VECTOR('',#4466,1.);
#4466 = DIRECTION('',(-0.,1.));
#4467 = ( GEOMETRIC_REPRESENTATION_CONTEXT(2) 
PARAMETRIC_REPRESENTATION_CONTEXT() REPRESENTATION_CONTEXT('2D SPACE',''
  ) );
#4468 = ORIENTED_EDGE('',*,*,#4469,.T.);
#4469 = EDGE_CURVE('',#4447,#4397,#4470,.T.);
#4470 = SURFACE_CURVE('',#4471,(#4475,#4481),.PCURVE_S1.);
#4471 = LINE('',#4472,#4473);
#4472 = CARTESIAN_POINT('',(46.01,20.65,24.224999999732));
#4473 = VECTOR('',#4474,1.);
#4474 = DIRECTION('',(0.,0.,1.));
#4475 = PCURVE('',#1148,#4476);
#4476 = DEFINITIONAL_REPRESENTATION('',(#4477),#4480);
#4477 = B_SPLINE_CURVE_WITH_KNOTS('',1,(#4478,#4479),.UNSPECIFIED.,.F.,
  .F.,(2,2),(1.724999999732,1.824999994829),.PIECEWISE_BEZIER_KNOTS.);
#4478 = CARTESIAN_POINT('',(0.,-2.49));
#4479 = CARTESIAN_POINT('',(9.999999509677E-02,-2.49));
#4480 = ( GEOMETRIC_REPRESENTATION_CONTEXT(2) 
PARAMETRIC_REPRESENTATION_CONTEXT() REPRESENTATION_CONTEXT('2D SPACE',''
  ) );
#4481 = PCURVE('',#4312,#4482);
#4482 = DEFINITIONAL_REPRESENTATION('',(#4483),#4486);
#4483 = B_SPLINE_CURVE_WITH_KNOTS('',1,(#4484,#4485),.UNSPECIFIED.,.F.,
  .F.,(2,2),(1.724999999732,1.824999994829),.PIECEWISE_BEZIER_KNOTS.);
#4484 = CARTESIAN_POINT('',(3.449999999464,-15.65));
#4485 = CARTESIAN_POINT('',(3.549999994561,-15.65));
#4486 = ( GEOMETRIC_REPRESENTATION_CONTEXT(2) 
PARAMETRIC_REPRESENTATION_CONTEXT() REPRESENTATION_CONTEXT('2D SPACE',''
  ) );
#4487 = ORIENTED_EDGE('',*,*,#4396,.T.);
#4488 = ORIENTED_EDGE('',*,*,#1133,.T.);
#4489 = ADVANCED_FACE('',(#4490),#1121,.F.);
#4490 = FACE_BOUND('',#4491,.F.);
#4491 = EDGE_LOOP('',(#4492,#4515,#4537,#4538));
#4492 = ORIENTED_EDGE('',*,*,#4493,.F.);
#4493 = EDGE_CURVE('',#4494,#1075,#4496,.T.);
#4494 = VERTEX_POINT('',#4495);
#4495 = CARTESIAN_POINT('',(46.01,20.3,25.6));
#4496 = SURFACE_CURVE('',#4497,(#4501,#4508),.PCURVE_S1.);
#4497 = LINE('',#4498,#4499);
#4498 = CARTESIAN_POINT('',(44.5,20.3,25.6));
#4499 = VECTOR('',#4500,1.);
#4500 = DIRECTION('',(1.,0.,0.));
#4501 = PCURVE('',#1121,#4502);
#4502 = DEFINITIONAL_REPRESENTATION('',(#4503),#4507);
#4503 = LINE('',#4504,#4505);
#4504 = CARTESIAN_POINT('',(4.712388980385,-4.));
#4505 = VECTOR('',#4506,1.);
#4506 = DIRECTION('',(-0.,1.));
#4507 = ( GEOMETRIC_REPRESENTATION_CONTEXT(2) 
PARAMETRIC_REPRESENTATION_CONTEXT() REPRESENTATION_CONTEXT('2D SPACE',''
  ) );
#4508 = PCURVE('',#1089,#4509);
#4509 = DEFINITIONAL_REPRESENTATION('',(#4510),#4514);
#4510 = LINE('',#4511,#4512);
#4511 = CARTESIAN_POINT('',(7.8,-4.));
#4512 = VECTOR('',#4513,1.);
#4513 = DIRECTION('',(0.,1.));
#4514 = ( GEOMETRIC_REPRESENTATION_CONTEXT(2) 
PARAMETRIC_REPRESENTATION_CONTEXT() REPRESENTATION_CONTEXT('2D SPACE',''
  ) );
#4515 = ORIENTED_EDGE('',*,*,#4516,.T.);
#4516 = EDGE_CURVE('',#4494,#4447,#4517,.T.);
#4517 = SURFACE_CURVE('',#4518,(#4523,#4530),.PCURVE_S1.);
#4518 = CIRCLE('',#4519,0.35);
#4519 = AXIS2_PLACEMENT_3D('',#4520,#4521,#4522);
#4520 = CARTESIAN_POINT('',(46.01,20.3,25.949999999464));
#4521 = DIRECTION('',(1.,0.,0.));
#4522 = DIRECTION('',(-0.,1.,0.));
#4523 = PCURVE('',#1121,#4524);
#4524 = DEFINITIONAL_REPRESENTATION('',(#4525),#4529);
#4525 = LINE('',#4526,#4527);
#4526 = CARTESIAN_POINT('',(0.,-2.49));
#4527 = VECTOR('',#4528,1.);
#4528 = DIRECTION('',(1.,0.));
#4529 = ( GEOMETRIC_REPRESENTATION_CONTEXT(2) 
PARAMETRIC_REPRESENTATION_CONTEXT() REPRESENTATION_CONTEXT('2D SPACE',''
  ) );
#4530 = PCURVE('',#4312,#4531);
#4531 = DEFINITIONAL_REPRESENTATION('',(#4532),#4536);
#4532 = CIRCLE('',#4533,0.35);
#4533 = AXIS2_PLACEMENT_2D('',#4534,#4535);
#4534 = CARTESIAN_POINT('',(3.449999999464,-15.3));
#4535 = DIRECTION('',(0.,-1.));
#4536 = ( GEOMETRIC_REPRESENTATION_CONTEXT(2) 
PARAMETRIC_REPRESENTATION_CONTEXT() REPRESENTATION_CONTEXT('2D SPACE',''
  ) );
#4537 = ORIENTED_EDGE('',*,*,#4446,.T.);
#4538 = ORIENTED_EDGE('',*,*,#1100,.F.);
#4539 = ADVANCED_FACE('',(#4540),#1089,.F.);
#4540 = FACE_BOUND('',#4541,.F.);
#4541 = EDGE_LOOP('',(#4542,#4565,#4584,#4585));
#4542 = ORIENTED_EDGE('',*,*,#4543,.F.);
#4543 = EDGE_CURVE('',#4544,#1042,#4546,.T.);
#4544 = VERTEX_POINT('',#4545);
#4545 = CARTESIAN_POINT('',(46.01,12.5,25.6));
#4546 = SURFACE_CURVE('',#4547,(#4551,#4558),.PCURVE_S1.);
#4547 = LINE('',#4548,#4549);
#4548 = CARTESIAN_POINT('',(44.5,12.5,25.6));
#4549 = VECTOR('',#4550,1.);
#4550 = DIRECTION('',(1.,0.,0.));
#4551 = PCURVE('',#1089,#4552);
#4552 = DEFINITIONAL_REPRESENTATION('',(#4553),#4557);
#4553 = LINE('',#4554,#4555);
#4554 = CARTESIAN_POINT('',(0.,-4.));
#4555 = VECTOR('',#4556,1.);
#4556 = DIRECTION('',(0.,1.));
#4557 = ( GEOMETRIC_REPRESENTATION_CONTEXT(2) 
PARAMETRIC_REPRESENTATION_CONTEXT() REPRESENTATION_CONTEXT('2D SPACE',''
  ) );
#4558 = PCURVE('',#1062,#4559);
#4559 = DEFINITIONAL_REPRESENTATION('',(#4560),#4564);
#4560 = LINE('',#4561,#4562);
#4561 = CARTESIAN_POINT('',(4.712388980385,-4.));
#4562 = VECTOR('',#4563,1.);
#4563 = DIRECTION('',(-0.,1.));
#4564 = ( GEOMETRIC_REPRESENTATION_CONTEXT(2) 
PARAMETRIC_REPRESENTATION_CONTEXT() REPRESENTATION_CONTEXT('2D SPACE',''
  ) );
#4565 = ORIENTED_EDGE('',*,*,#4566,.T.);
#4566 = EDGE_CURVE('',#4544,#4494,#4567,.T.);
#4567 = SURFACE_CURVE('',#4568,(#4572,#4578),.PCURVE_S1.);
#4568 = LINE('',#4569,#4570);
#4569 = CARTESIAN_POINT('',(46.01,8.75,25.600000000536));
#4570 = VECTOR('',#4571,1.);
#4571 = DIRECTION('',(-0.,1.,0.));
#4572 = PCURVE('',#1089,#4573);
#4573 = DEFINITIONAL_REPRESENTATION('',(#4574),#4577);
#4574 = B_SPLINE_CURVE_WITH_KNOTS('',1,(#4575,#4576),.UNSPECIFIED.,.F.,
  .F.,(2,2),(3.75,11.55),.PIECEWISE_BEZIER_KNOTS.);
#4575 = CARTESIAN_POINT('',(0.,-2.49));
#4576 = CARTESIAN_POINT('',(7.8,-2.49));
#4577 = ( GEOMETRIC_REPRESENTATION_CONTEXT(2) 
PARAMETRIC_REPRESENTATION_CONTEXT() REPRESENTATION_CONTEXT('2D SPACE',''
  ) );
#4578 = PCURVE('',#4312,#4579);
#4579 = DEFINITIONAL_REPRESENTATION('',(#4580),#4583);
#4580 = B_SPLINE_CURVE_WITH_KNOTS('',1,(#4581,#4582),.UNSPECIFIED.,.F.,
  .F.,(2,2),(3.75,11.55),.PIECEWISE_BEZIER_KNOTS.);
#4581 = CARTESIAN_POINT('',(3.100000000536,-7.5));
#4582 = CARTESIAN_POINT('',(3.100000000536,-15.3));
#4583 = ( GEOMETRIC_REPRESENTATION_CONTEXT(2) 
PARAMETRIC_REPRESENTATION_CONTEXT() REPRESENTATION_CONTEXT('2D SPACE',''
  ) );
#4584 = ORIENTED_EDGE('',*,*,#4493,.T.);
#4585 = ORIENTED_EDGE('',*,*,#1074,.T.);
#4586 = ADVANCED_FACE('',(#4587),#1062,.F.);
#4587 = FACE_BOUND('',#4588,.F.);
#4588 = EDGE_LOOP('',(#4589,#4612,#4634,#4635));
#4589 = ORIENTED_EDGE('',*,*,#4590,.F.);
#4590 = EDGE_CURVE('',#4591,#1016,#4593,.T.);
#4591 = VERTEX_POINT('',#4592);
#4592 = CARTESIAN_POINT('',(46.01,12.15,25.949999999464));
#4593 = SURFACE_CURVE('',#4594,(#4598,#4605),.PCURVE_S1.);
#4594 = LINE('',#4595,#4596);
#4595 = CARTESIAN_POINT('',(44.5,12.15,25.949999999464));
#4596 = VECTOR('',#4597,1.);
#4597 = DIRECTION('',(1.,0.,0.));
#4598 = PCURVE('',#1062,#4599);
#4599 = DEFINITIONAL_REPRESENTATION('',(#4600),#4604);
#4600 = LINE('',#4601,#4602);
#4601 = CARTESIAN_POINT('',(3.14159265359,-4.));
#4602 = VECTOR('',#4603,1.);
#4603 = DIRECTION('',(-0.,1.));
#4604 = ( GEOMETRIC_REPRESENTATION_CONTEXT(2) 
PARAMETRIC_REPRESENTATION_CONTEXT() REPRESENTATION_CONTEXT('2D SPACE',''
  ) );
#4605 = PCURVE('',#1030,#4606);
#4606 = DEFINITIONAL_REPRESENTATION('',(#4607),#4611);
#4607 = LINE('',#4608,#4609);
#4608 = CARTESIAN_POINT('',(0.,-4.));
#4609 = VECTOR('',#4610,1.);
#4610 = DIRECTION('',(0.,1.));
#4611 = ( GEOMETRIC_REPRESENTATION_CONTEXT(2) 
PARAMETRIC_REPRESENTATION_CONTEXT() REPRESENTATION_CONTEXT('2D SPACE',''
  ) );
#4612 = ORIENTED_EDGE('',*,*,#4613,.T.);
#4613 = EDGE_CURVE('',#4591,#4544,#4614,.T.);
#4614 = SURFACE_CURVE('',#4615,(#4620,#4627),.PCURVE_S1.);
#4615 = CIRCLE('',#4616,0.35);
#4616 = AXIS2_PLACEMENT_3D('',#4617,#4618,#4619);
#4617 = CARTESIAN_POINT('',(46.01,12.5,25.949999999464));
#4618 = DIRECTION('',(1.,0.,0.));
#4619 = DIRECTION('',(-0.,1.,0.));
#4620 = PCURVE('',#1062,#4621);
#4621 = DEFINITIONAL_REPRESENTATION('',(#4622),#4626);
#4622 = LINE('',#4623,#4624);
#4623 = CARTESIAN_POINT('',(0.,-2.49));
#4624 = VECTOR('',#4625,1.);
#4625 = DIRECTION('',(1.,0.));
#4626 = ( GEOMETRIC_REPRESENTATION_CONTEXT(2) 
PARAMETRIC_REPRESENTATION_CONTEXT() REPRESENTATION_CONTEXT('2D SPACE',''
  ) );
#4627 = PCURVE('',#4312,#4628);
#4628 = DEFINITIONAL_REPRESENTATION('',(#4629),#4633);
#4629 = CIRCLE('',#4630,0.35);
#4630 = AXIS2_PLACEMENT_2D('',#4631,#4632);
#4631 = CARTESIAN_POINT('',(3.449999999464,-7.5));
#4632 = DIRECTION('',(0.,-1.));
#4633 = ( GEOMETRIC_REPRESENTATION_CONTEXT(2) 
PARAMETRIC_REPRESENTATION_CONTEXT() REPRESENTATION_CONTEXT('2D SPACE',''
  ) );
#4634 = ORIENTED_EDGE('',*,*,#4543,.T.);
#4635 = ORIENTED_EDGE('',*,*,#1041,.F.);
#4636 = ADVANCED_FACE('',(#4637),#1030,.T.);
#4637 = FACE_BOUND('',#4638,.T.);
#4638 = EDGE_LOOP('',(#4639,#4640,#4659,#4660));
#4639 = ORIENTED_EDGE('',*,*,#4590,.F.);
#4640 = ORIENTED_EDGE('',*,*,#4641,.T.);
#4641 = EDGE_CURVE('',#4591,#4296,#4642,.T.);
#4642 = SURFACE_CURVE('',#4643,(#4647,#4653),.PCURVE_S1.);
#4643 = LINE('',#4644,#4645);
#4644 = CARTESIAN_POINT('',(46.01,12.15,24.224999999732));
#4645 = VECTOR('',#4646,1.);
#4646 = DIRECTION('',(0.,0.,1.));
#4647 = PCURVE('',#1030,#4648);
#4648 = DEFINITIONAL_REPRESENTATION('',(#4649),#4652);
#4649 = B_SPLINE_CURVE_WITH_KNOTS('',1,(#4650,#4651),.UNSPECIFIED.,.F.,
  .F.,(2,2),(1.724999999732,1.824999994829),.PIECEWISE_BEZIER_KNOTS.);
#4650 = CARTESIAN_POINT('',(0.,-2.49));
#4651 = CARTESIAN_POINT('',(9.999999509677E-02,-2.49));
#4652 = ( GEOMETRIC_REPRESENTATION_CONTEXT(2) 
PARAMETRIC_REPRESENTATION_CONTEXT() REPRESENTATION_CONTEXT('2D SPACE',''
  ) );
#4653 = PCURVE('',#4312,#4654);
#4654 = DEFINITIONAL_REPRESENTATION('',(#4655),#4658);
#4655 = B_SPLINE_CURVE_WITH_KNOTS('',1,(#4656,#4657),.UNSPECIFIED.,.F.,
  .F.,(2,2),(1.724999999732,1.824999994829),.PIECEWISE_BEZIER_KNOTS.);
#4656 = CARTESIAN_POINT('',(3.449999999464,-7.15));
#4657 = CARTESIAN_POINT('',(3.549999994561,-7.15));
#4658 = ( GEOMETRIC_REPRESENTATION_CONTEXT(2) 
PARAMETRIC_REPRESENTATION_CONTEXT() REPRESENTATION_CONTEXT('2D SPACE',''
  ) );
#4659 = ORIENTED_EDGE('',*,*,#4324,.F.);
#4660 = ORIENTED_EDGE('',*,*,#1015,.T.);
#4661 = ADVANCED_FACE('',(#4662,#4853,#4897,#4932,#4976,#5011,#5117,
    #5223,#5329,#5364,#5408,#5514,#5620,#5655),#1331,.F.);
#4662 = FACE_BOUND('',#4663,.F.);
#4663 = EDGE_LOOP('',(#4664,#4665,#4666,#4715,#4743,#4790,#4791,#4792,
    #4813,#4834));
#4664 = ORIENTED_EDGE('',*,*,#1315,.F.);
#4665 = ORIENTED_EDGE('',*,*,#3185,.T.);
#4666 = ORIENTED_EDGE('',*,*,#4667,.T.);
#4667 = EDGE_CURVE('',#3165,#4668,#4670,.T.);
#4668 = VERTEX_POINT('',#4669);
#4669 = CARTESIAN_POINT('',(-46.,-68.5150757595,0.212132034356));
#4670 = SURFACE_CURVE('',#4671,(#4688,#4708),.PCURVE_S1.);
#4671 = B_SPLINE_CURVE_WITH_KNOTS('',8,(#4672,#4673,#4674,#4675,#4676,
    #4677,#4678,#4679,#4680,#4681,#4682,#4683,#4684,#4685,#4686,#4687),
  .UNSPECIFIED.,.F.,.F.,(9,7,9),(212.42282491395,212.63607121664,
    218.95223136755),.UNSPECIFIED.);
#4672 = CARTESIAN_POINT('',(-48.5,-65.78786796564,0.601733147765));
#4673 = CARTESIAN_POINT('',(-48.5,-65.81438446993,0.597945075723));
#4674 = CARTESIAN_POINT('',(-48.49999544893,-65.84095919114,
    0.594148686979));
#4675 = CARTESIAN_POINT('',(-48.50000957982,-65.86723114162,
    0.590395551196));
#4676 = CARTESIAN_POINT('',(-48.49999879677,-65.89419495893,
    0.586543577295));
#4677 = CARTESIAN_POINT('',(-48.49998376098,-65.92026391581,
    0.582819440598));
#4678 = CARTESIAN_POINT('',(-48.50001178582,-65.94702546283,
    0.578996362453));
#4679 = CARTESIAN_POINT('',(-48.50006235223,-65.9781966466,
    0.574543336199));
#4680 = CARTESIAN_POINT('',(-48.49838454359,-66.50147986003,
    0.499788591424));
#4681 = CARTESIAN_POINT('',(-48.38685086754,-66.99377920288,
    0.429460113873));
#4682 = CARTESIAN_POINT('',(-48.16654761859,-67.45882147065,
    0.363025504192));
#4683 = CARTESIAN_POINT('',(-47.84087566076,-67.86726540397,
    0.304676370862));
#4684 = CARTESIAN_POINT('',(-47.43611419443,-68.18614861498,
    0.25912162643));
#4685 = CARTESIAN_POINT('',(-46.97576646633,-68.40570197476,
    0.227756860748));
#4686 = CARTESIAN_POINT('',(-46.48788144746,-68.5150757595,
    0.212132034356));
#4687 = CARTESIAN_POINT('',(-46.,-68.5150757595,0.212132034356));
#4688 = PCURVE('',#1331,#4689);
#4689 = DEFINITIONAL_REPRESENTATION('',(#4690),#4707);
#4690 = B_SPLINE_CURVE_WITH_KNOTS('',8,(#4691,#4692,#4693,#4694,#4695,
    #4696,#4697,#4698,#4699,#4700,#4701,#4702,#4703,#4704,#4705,#4706),
  .UNSPECIFIED.,.F.,.F.,(9,7,9),(212.42282491395,212.63607121664,
    218.95223136755),.UNSPECIFIED.);
#4691 = CARTESIAN_POINT('',(212.42282491395,-48.5));
#4692 = CARTESIAN_POINT('',(212.44961062824,-48.5));
#4693 = CARTESIAN_POINT('',(212.47645515049,-48.49999544893));
#4694 = CARTESIAN_POINT('',(212.50299382811,-48.50000957982));
#4695 = CARTESIAN_POINT('',(212.53023139678,-48.49999879677));
#4696 = CARTESIAN_POINT('',(212.55656501989,-48.49998376098));
#4697 = CARTESIAN_POINT('',(212.58359826472,-48.50001178582));
#4698 = CARTESIAN_POINT('',(212.61508591533,-48.50006235223));
#4699 = CARTESIAN_POINT('',(213.14368178489,-48.49838454359));
#4700 = CARTESIAN_POINT('',(213.64097921876,-48.38685086754));
#4701 = CARTESIAN_POINT('',(214.11074284885,-48.16654761859));
#4702 = CARTESIAN_POINT('',(214.52333352743,-47.84087566076));
#4703 = CARTESIAN_POINT('',(214.84545421442,-47.43611419443));
#4704 = CARTESIAN_POINT('',(215.06723659949,-46.97576646633));
#4705 = CARTESIAN_POINT('',(215.17772080644,-46.48788144746));
#4706 = CARTESIAN_POINT('',(215.17772080644,-46.));
#4707 = ( GEOMETRIC_REPRESENTATION_CONTEXT(2) 
PARAMETRIC_REPRESENTATION_CONTEXT() REPRESENTATION_CONTEXT('2D SPACE',''
  ) );
#4708 = PCURVE('',#3117,#4709);
#4709 = DEFINITIONAL_REPRESENTATION('',(#4710),#4714);
#4710 = LINE('',#4711,#4712);
#4711 = CARTESIAN_POINT('',(6.529406453604,0.));
#4712 = VECTOR('',#4713,1.);
#4713 = DIRECTION('',(0.,1.));
#4714 = ( GEOMETRIC_REPRESENTATION_CONTEXT(2) 
PARAMETRIC_REPRESENTATION_CONTEXT() REPRESENTATION_CONTEXT('2D SPACE',''
  ) );
#4715 = ORIENTED_EDGE('',*,*,#4716,.T.);
#4716 = EDGE_CURVE('',#4668,#4717,#4719,.T.);
#4717 = VERTEX_POINT('',#4718);
#4718 = CARTESIAN_POINT('',(46.,-68.5150757595,0.212132034356));
#4719 = SURFACE_CURVE('',#4720,(#4724,#4731),.PCURVE_S1.);
#4720 = LINE('',#4721,#4722);
#4721 = CARTESIAN_POINT('',(-46.,-68.5150757595,0.212132034356));
#4722 = VECTOR('',#4723,1.);
#4723 = DIRECTION('',(1.,0.,0.));
#4724 = PCURVE('',#1331,#4725);
#4725 = DEFINITIONAL_REPRESENTATION('',(#4726),#4730);
#4726 = LINE('',#4727,#4728);
#4727 = CARTESIAN_POINT('',(215.17772080644,-46.));
#4728 = VECTOR('',#4729,1.);
#4729 = DIRECTION('',(0.,1.));
#4730 = ( GEOMETRIC_REPRESENTATION_CONTEXT(2) 
PARAMETRIC_REPRESENTATION_CONTEXT() REPRESENTATION_CONTEXT('2D SPACE',''
  ) );
#4731 = PCURVE('',#4732,#4737);
#4732 = PLANE('',#4733);
#4733 = AXIS2_PLACEMENT_3D('',#4734,#4735,#4736);
#4734 = CARTESIAN_POINT('',(-46.,-69.25753787975,0.856066017178));
#4735 = DIRECTION('',(-1.414333853364E-17,-0.65520174136,-0.755453954996
    ));
#4736 = DIRECTION('',(-1.,9.266740035885E-18,1.068464103208E-17));
#4737 = DEFINITIONAL_REPRESENTATION('',(#4738),#4742);
#4738 = LINE('',#4739,#4740);
#4739 = CARTESIAN_POINT('',(-0.,0.98280261204));
#4740 = VECTOR('',#4741,1.);
#4741 = DIRECTION('',(-1.,0.));
#4742 = ( GEOMETRIC_REPRESENTATION_CONTEXT(2) 
PARAMETRIC_REPRESENTATION_CONTEXT() REPRESENTATION_CONTEXT('2D SPACE',''
  ) );
#4743 = ORIENTED_EDGE('',*,*,#4744,.T.);
#4744 = EDGE_CURVE('',#4717,#3985,#4745,.T.);
#4745 = SURFACE_CURVE('',#4746,(#4763,#4783),.PCURVE_S1.);
#4746 = B_SPLINE_CURVE_WITH_KNOTS('',8,(#4747,#4748,#4749,#4750,#4751,
    #4752,#4753,#4754,#4755,#4756,#4757,#4758,#4759,#4760,#4761,#4762),
  .UNSPECIFIED.,.F.,.F.,(9,7,9),(310.95223136755,317.26839151847,
    317.48163782116),.UNSPECIFIED.);
#4747 = CARTESIAN_POINT('',(46.,-68.5150757595,0.212132034356));
#4748 = CARTESIAN_POINT('',(46.487881447468,-68.5150757595,
    0.212132034356));
#4749 = CARTESIAN_POINT('',(46.97576646632,-68.40570197476,
    0.227756860748));
#4750 = CARTESIAN_POINT('',(47.436114194456,-68.18614861499,
    0.259121626429));
#4751 = CARTESIAN_POINT('',(47.840875660749,-67.86726540395,
    0.304676370863));
#4752 = CARTESIAN_POINT('',(48.166547618604,-67.45882147067,
    0.36302550419));
#4753 = CARTESIAN_POINT('',(48.386850867539,-66.99377920287,
    0.429460113875));
#4754 = CARTESIAN_POINT('',(48.498384543592,-66.50147986003,
    0.499788591423));
#4755 = CARTESIAN_POINT('',(48.500062352232,-65.9781966466,
    0.574543336199));
#4756 = CARTESIAN_POINT('',(48.500011785821,-65.94702546283,
    0.578996362453));
#4757 = CARTESIAN_POINT('',(48.499983760981,-65.9202639158,
    0.582819440598));
#4758 = CARTESIAN_POINT('',(48.499998796779,-65.89419495893,
    0.586543577295));
#4759 = CARTESIAN_POINT('',(48.500009579823,-65.86723114162,
    0.590395551196));
#4760 = CARTESIAN_POINT('',(48.49999544894,-65.84095919115,
    0.594148686979));
#4761 = CARTESIAN_POINT('',(48.499999999999,-65.81438446993,
    0.597945075723));
#4762 = CARTESIAN_POINT('',(48.5,-65.78786796564,0.601733147765));
#4763 = PCURVE('',#1331,#4764);
#4764 = DEFINITIONAL_REPRESENTATION('',(#4765),#4782);
#4765 = B_SPLINE_CURVE_WITH_KNOTS('',8,(#4766,#4767,#4768,#4769,#4770,
    #4771,#4772,#4773,#4774,#4775,#4776,#4777,#4778,#4779,#4780,#4781),
  .UNSPECIFIED.,.F.,.F.,(9,7,9),(310.95223136755,317.26839151847,
    317.48163782116),.UNSPECIFIED.);
#4766 = CARTESIAN_POINT('',(215.17772080644,46.));
#4767 = CARTESIAN_POINT('',(215.17772080645,46.487881447468));
#4768 = CARTESIAN_POINT('',(215.06723659947,46.97576646632));
#4769 = CARTESIAN_POINT('',(214.84545421446,47.436114194456));
#4770 = CARTESIAN_POINT('',(214.52333352738,47.840875660749));
#4771 = CARTESIAN_POINT('',(214.11074284889,48.166547618604));
#4772 = CARTESIAN_POINT('',(213.64097921874,48.386850867539));
#4773 = CARTESIAN_POINT('',(213.1436817849,48.498384543592));
#4774 = CARTESIAN_POINT('',(212.61508591532,48.500062352232));
#4775 = CARTESIAN_POINT('',(212.58359826473,48.500011785821));
#4776 = CARTESIAN_POINT('',(212.55656501989,48.499983760981));
#4777 = CARTESIAN_POINT('',(212.53023139679,48.499998796779));
#4778 = CARTESIAN_POINT('',(212.5029938281,48.500009579823));
#4779 = CARTESIAN_POINT('',(212.47645515049,48.49999544894));
#4780 = CARTESIAN_POINT('',(212.44961062823,48.499999999999));
#4781 = CARTESIAN_POINT('',(212.42282491395,48.5));
#4782 = ( GEOMETRIC_REPRESENTATION_CONTEXT(2) 
PARAMETRIC_REPRESENTATION_CONTEXT() REPRESENTATION_CONTEXT('2D SPACE',''
  ) );
#4783 = PCURVE('',#4019,#4784);
#4784 = DEFINITIONAL_REPRESENTATION('',(#4785),#4789);
#4785 = LINE('',#4786,#4787);
#4786 = CARTESIAN_POINT('',(6.529406453603,0.));
#4787 = VECTOR('',#4788,1.);
#4788 = DIRECTION('',(0.,1.));
#4789 = ( GEOMETRIC_REPRESENTATION_CONTEXT(2) 
PARAMETRIC_REPRESENTATION_CONTEXT() REPRESENTATION_CONTEXT('2D SPACE',''
  ) );
#4790 = ORIENTED_EDGE('',*,*,#3984,.T.);
#4791 = ORIENTED_EDGE('',*,*,#1421,.F.);
#4792 = ORIENTED_EDGE('',*,*,#4793,.T.);
#4793 = EDGE_CURVE('',#1396,#4794,#4796,.T.);
#4794 = VERTEX_POINT('',#4795);
#4795 = CARTESIAN_POINT('',(22.75,143.84355508072,30.549079297246));
#4796 = SURFACE_CURVE('',#4797,(#4801,#4807),.PCURVE_S1.);
#4797 = LINE('',#4798,#4799);
#4798 = CARTESIAN_POINT('',(22.75,147.13669982469,31.019528546384));
#4799 = VECTOR('',#4800,1.);
#4800 = DIRECTION('',(0.,-0.989949493661,-0.141421356237));
#4801 = PCURVE('',#1331,#4802);
#4802 = DEFINITIONAL_REPRESENTATION('',(#4803),#4806);
#4803 = B_SPLINE_CURVE_WITH_KNOTS('',1,(#4804,#4805),.UNSPECIFIED.,.F.,
  .F.,(2,2),(2.663469037132,5.501997687324),.PIECEWISE_BEZIER_KNOTS.);
#4804 = CARTESIAN_POINT('',(-4.440892098501E-16,22.75));
#4805 = CARTESIAN_POINT('',(2.838528650192,22.75));
#4806 = ( GEOMETRIC_REPRESENTATION_CONTEXT(2) 
PARAMETRIC_REPRESENTATION_CONTEXT() REPRESENTATION_CONTEXT('2D SPACE',''
  ) );
#4807 = PCURVE('',#1410,#4808);
#4808 = DEFINITIONAL_REPRESENTATION('',(#4809),#4812);
#4809 = B_SPLINE_CURVE_WITH_KNOTS('',1,(#4810,#4811),.UNSPECIFIED.,.F.,
  .F.,(2,2),(2.663469037132,5.501997687324),.PIECEWISE_BEZIER_KNOTS.);
#4810 = CARTESIAN_POINT('',(5.955892753725,4.024108923341));
#4811 = CARTESIAN_POINT('',(8.765892753725,3.622680351913));
#4812 = ( GEOMETRIC_REPRESENTATION_CONTEXT(2) 
PARAMETRIC_REPRESENTATION_CONTEXT() REPRESENTATION_CONTEXT('2D SPACE',''
  ) );
#4813 = ORIENTED_EDGE('',*,*,#4814,.T.);
#4814 = EDGE_CURVE('',#4794,#4815,#4817,.T.);
#4815 = VERTEX_POINT('',#4816);
#4816 = CARTESIAN_POINT('',(-22.75,143.84355508072,30.549079297246));
#4817 = SURFACE_CURVE('',#4818,(#4822,#4828),.PCURVE_S1.);
#4818 = LINE('',#4819,#4820);
#4819 = CARTESIAN_POINT('',(0.,143.84355508072,30.549079297246));
#4820 = VECTOR('',#4821,1.);
#4821 = DIRECTION('',(-1.,-0.,0.));
#4822 = PCURVE('',#1331,#4823);
#4823 = DEFINITIONAL_REPRESENTATION('',(#4824),#4827);
#4824 = B_SPLINE_CURVE_WITH_KNOTS('',1,(#4825,#4826),.UNSPECIFIED.,.F.,
  .F.,(2,2),(-22.75,22.75),.PIECEWISE_BEZIER_KNOTS.);
#4825 = CARTESIAN_POINT('',(0.663109505567,22.75));
#4826 = CARTESIAN_POINT('',(0.663109505567,-22.75));
#4827 = ( GEOMETRIC_REPRESENTATION_CONTEXT(2) 
PARAMETRIC_REPRESENTATION_CONTEXT() REPRESENTATION_CONTEXT('2D SPACE',''
  ) );
#4828 = PCURVE('',#1384,#4829);
#4829 = DEFINITIONAL_REPRESENTATION('',(#4830),#4833);
#4830 = B_SPLINE_CURVE_WITH_KNOTS('',1,(#4831,#4832),.UNSPECIFIED.,.F.,
  .F.,(2,2),(-22.75,22.75),.PIECEWISE_BEZIER_KNOTS.);
#4831 = CARTESIAN_POINT('',(29.130116333579,22.75));
#4832 = CARTESIAN_POINT('',(29.130116333579,-22.75));
#4833 = ( GEOMETRIC_REPRESENTATION_CONTEXT(2) 
PARAMETRIC_REPRESENTATION_CONTEXT() REPRESENTATION_CONTEXT('2D SPACE',''
  ) );
#4834 = ORIENTED_EDGE('',*,*,#4835,.F.);
#4835 = EDGE_CURVE('',#1316,#4815,#4836,.T.);
#4836 = SURFACE_CURVE('',#4837,(#4841,#4847),.PCURVE_S1.);
#4837 = LINE('',#4838,#4839);
#4838 = CARTESIAN_POINT('',(-22.75,147.13669982469,31.019528546384));
#4839 = VECTOR('',#4840,1.);
#4840 = DIRECTION('',(0.,-0.989949493661,-0.141421356237));
#4841 = PCURVE('',#1331,#4842);
#4842 = DEFINITIONAL_REPRESENTATION('',(#4843),#4846);
#4843 = B_SPLINE_CURVE_WITH_KNOTS('',1,(#4844,#4845),.UNSPECIFIED.,.F.,
  .F.,(2,2),(2.663469037132,5.501997687324),.PIECEWISE_BEZIER_KNOTS.);
#4844 = CARTESIAN_POINT('',(-4.440892098501E-16,-22.75));
#4845 = CARTESIAN_POINT('',(2.838528650192,-22.75));
#4846 = ( GEOMETRIC_REPRESENTATION_CONTEXT(2) 
PARAMETRIC_REPRESENTATION_CONTEXT() REPRESENTATION_CONTEXT('2D SPACE',''
  ) );
#4847 = PCURVE('',#1358,#4848);
#4848 = DEFINITIONAL_REPRESENTATION('',(#4849),#4852);
#4849 = B_SPLINE_CURVE_WITH_KNOTS('',1,(#4850,#4851),.UNSPECIFIED.,.F.,
  .F.,(2,2),(2.663469037132,5.501997687324),.PIECEWISE_BEZIER_KNOTS.);
#4850 = CARTESIAN_POINT('',(5.955892753725,4.024108923341));
#4851 = CARTESIAN_POINT('',(8.765892753725,3.622680351913));
#4852 = ( GEOMETRIC_REPRESENTATION_CONTEXT(2) 
PARAMETRIC_REPRESENTATION_CONTEXT() REPRESENTATION_CONTEXT('2D SPACE',''
  ) );
#4853 = FACE_BOUND('',#4854,.F.);
#4854 = EDGE_LOOP('',(#4855));
#4855 = ORIENTED_EDGE('',*,*,#4856,.F.);
#4856 = EDGE_CURVE('',#4857,#4857,#4859,.T.);
#4857 = VERTEX_POINT('',#4858);
#4858 = CARTESIAN_POINT('',(-38.75,138.53551912568,29.790788446526));
#4859 = SURFACE_CURVE('',#4860,(#4865,#4872),.PCURVE_S1.);
#4860 = ELLIPSE('',#4861,3.271328829985,3.25);
#4861 = AXIS2_PLACEMENT_3D('',#4862,#4863,#4864);
#4862 = CARTESIAN_POINT('',(-42.,138.53551912568,29.790788446526));
#4863 = DIRECTION('',(0.,-0.141421356237,0.989949493661));
#4864 = DIRECTION('',(0.,-0.989949493661,-0.141421356237));
#4865 = PCURVE('',#1331,#4866);
#4866 = DEFINITIONAL_REPRESENTATION('',(#4867),#4871);
#4867 = ELLIPSE('',#4868,3.271328829985,3.25);
#4868 = AXIS2_PLACEMENT_2D('',#4869,#4870);
#4869 = CARTESIAN_POINT('',(6.025035532124,-42.));
#4870 = DIRECTION('',(1.,0.));
#4871 = ( GEOMETRIC_REPRESENTATION_CONTEXT(2) 
PARAMETRIC_REPRESENTATION_CONTEXT() REPRESENTATION_CONTEXT('2D SPACE',''
  ) );
#4872 = PCURVE('',#4873,#4878);
#4873 = CYLINDRICAL_SURFACE('',#4874,3.25);
#4874 = AXIS2_PLACEMENT_3D('',#4875,#4876,#4877);
#4875 = CARTESIAN_POINT('',(-42.,139.54911547836,25.920693281751));
#4876 = DIRECTION('',(0.,-0.253359391838,0.96737222338));
#4877 = DIRECTION('',(1.,0.,0.));
#4878 = DEFINITIONAL_REPRESENTATION('',(#4879),#4896);
#4879 = B_SPLINE_CURVE_WITH_KNOTS('',8,(#4880,#4881,#4882,#4883,#4884,
    #4885,#4886,#4887,#4888,#4889,#4890,#4891,#4892,#4893,#4894,#4895),
  .UNSPECIFIED.,.F.,.F.,(9,7,9),(1.570796326795,4.712388980385,
    7.853981633974),.UNSPECIFIED.);
#4880 = CARTESIAN_POINT('',(0.,4.000626719725));
#4881 = CARTESIAN_POINT('',(0.392699081699,3.854169275321));
#4882 = CARTESIAN_POINT('',(0.785398163398,3.707710663135));
#4883 = CARTESIAN_POINT('',(1.178097245087,3.595680700266));
#4884 = CARTESIAN_POINT('',(1.570796326801,3.552414966769));
#4885 = CARTESIAN_POINT('',(1.963495408485,3.595680700271));
#4886 = CARTESIAN_POINT('',(2.356194490193,3.707710663134));
#4887 = CARTESIAN_POINT('',(2.748893571891,3.854169275321));
#4888 = CARTESIAN_POINT('',(3.534291735289,4.147084164129));
#4889 = CARTESIAN_POINT('',(3.926990816984,4.293542776311));
#4890 = CARTESIAN_POINT('',(4.319689898693,4.405572739186));
#4891 = CARTESIAN_POINT('',(4.712388980333,4.448838472628));
#4892 = CARTESIAN_POINT('',(5.105088062101,4.405572739188));
#4893 = CARTESIAN_POINT('',(5.497787143776,4.29354277631));
#4894 = CARTESIAN_POINT('',(5.890486225481,4.147084164129));
#4895 = CARTESIAN_POINT('',(6.28318530718,4.000626719725));
#4896 = ( GEOMETRIC_REPRESENTATION_CONTEXT(2) 
PARAMETRIC_REPRESENTATION_CONTEXT() REPRESENTATION_CONTEXT('2D SPACE',''
  ) );
#4897 = FACE_BOUND('',#4898,.F.);
#4898 = EDGE_LOOP('',(#4899));
#4899 = ORIENTED_EDGE('',*,*,#4900,.T.);
#4900 = EDGE_CURVE('',#4901,#4901,#4903,.T.);
#4901 = VERTEX_POINT('',#4902);
#4902 = CARTESIAN_POINT('',(-9.4,59.39696961967,18.485281374239));
#4903 = SURFACE_CURVE('',#4904,(#4909,#4920),.PCURVE_S1.);
#4904 = CIRCLE('',#4905,2.6);
#4905 = AXIS2_PLACEMENT_3D('',#4906,#4907,#4908);
#4906 = CARTESIAN_POINT('',(-12.,59.39696961967,18.485281374239));
#4907 = DIRECTION('',(0.,0.141421356237,-0.989949493661));
#4908 = DIRECTION('',(1.,0.,0.));
#4909 = PCURVE('',#1331,#4910);
#4910 = DEFINITIONAL_REPRESENTATION('',(#4911),#4919);
#4911 = ( BOUNDED_CURVE() B_SPLINE_CURVE(2,(#4912,#4913,#4914,#4915,
#4916,#4917,#4918),.UNSPECIFIED.,.T.,.F.) B_SPLINE_CURVE_WITH_KNOTS((1,2
    ,2,2,2,1),(-2.094395102393,0.,2.094395102393,4.188790204786,
6.28318530718,8.377580409573),.UNSPECIFIED.) CURVE() 
GEOMETRIC_REPRESENTATION_ITEM() RATIONAL_B_SPLINE_CURVE((1.,0.5,1.,0.5,
1.,0.5,1.)) REPRESENTATION_ITEM('') );
#4912 = CARTESIAN_POINT('',(85.967042687794,-9.4));
#4913 = CARTESIAN_POINT('',(90.470374787474,-9.4));
#4914 = CARTESIAN_POINT('',(88.218708737634,-13.3));
#4915 = CARTESIAN_POINT('',(85.967042687794,-17.2));
#4916 = CARTESIAN_POINT('',(83.715376637955,-13.3));
#4917 = CARTESIAN_POINT('',(81.463710588115,-9.4));
#4918 = CARTESIAN_POINT('',(85.967042687794,-9.4));
#4919 = ( GEOMETRIC_REPRESENTATION_CONTEXT(2) 
PARAMETRIC_REPRESENTATION_CONTEXT() REPRESENTATION_CONTEXT('2D SPACE',''
  ) );
#4920 = PCURVE('',#4921,#4926);
#4921 = CYLINDRICAL_SURFACE('',#4922,2.6);
#4922 = AXIS2_PLACEMENT_3D('',#4923,#4924,#4925);
#4923 = CARTESIAN_POINT('',(-12.,59.411111755294,18.386286424872));
#4924 = DIRECTION('',(-0.,0.141421356237,-0.989949493661));
#4925 = DIRECTION('',(1.,0.,0.));
#4926 = DEFINITIONAL_REPRESENTATION('',(#4927),#4931);
#4927 = LINE('',#4928,#4929);
#4928 = CARTESIAN_POINT('',(-6.28318530718,-0.1));
#4929 = VECTOR('',#4930,1.);
#4930 = DIRECTION('',(1.,-0.));
#4931 = ( GEOMETRIC_REPRESENTATION_CONTEXT(2) 
PARAMETRIC_REPRESENTATION_CONTEXT() REPRESENTATION_CONTEXT('2D SPACE',''
  ) );
#4932 = FACE_BOUND('',#4933,.F.);
#4933 = EDGE_LOOP('',(#4934));
#4934 = ORIENTED_EDGE('',*,*,#4935,.F.);
#4935 = EDGE_CURVE('',#4936,#4936,#4938,.T.);
#4936 = VERTEX_POINT('',#4937);
#4937 = CARTESIAN_POINT('',(-38.75,-46.87431693989,3.303669008587));
#4938 = SURFACE_CURVE('',#4939,(#4944,#4951),.PCURVE_S1.);
#4939 = ELLIPSE('',#4940,3.271328829985,3.25);
#4940 = AXIS2_PLACEMENT_3D('',#4941,#4942,#4943);
#4941 = CARTESIAN_POINT('',(-42.,-46.87431693989,3.303669008587));
#4942 = DIRECTION('',(0.,-0.141421356237,0.989949493661));
#4943 = DIRECTION('',(0.,-0.989949493661,-0.141421356237));
#4944 = PCURVE('',#1331,#4945);
#4945 = DEFINITIONAL_REPRESENTATION('',(#4946),#4950);
#4946 = ELLIPSE('',#4947,3.271328829985,3.25);
#4947 = AXIS2_PLACEMENT_2D('',#4948,#4949);
#4948 = CARTESIAN_POINT('',(193.31725321877,-42.));
#4949 = DIRECTION('',(1.,0.));
#4950 = ( GEOMETRIC_REPRESENTATION_CONTEXT(2) 
PARAMETRIC_REPRESENTATION_CONTEXT() REPRESENTATION_CONTEXT('2D SPACE',''
  ) );
#4951 = PCURVE('',#4952,#4957);
#4952 = CYLINDRICAL_SURFACE('',#4953,3.25);
#4953 = AXIS2_PLACEMENT_3D('',#4954,#4955,#4956);
#4954 = CARTESIAN_POINT('',(-42.,-45.86010753737,-0.568766891938));
#4955 = DIRECTION('',(0.,-0.253359391838,0.96737222338));
#4956 = DIRECTION('',(1.,0.,0.));
#4957 = DEFINITIONAL_REPRESENTATION('',(#4958),#4975);
#4958 = B_SPLINE_CURVE_WITH_KNOTS('',8,(#4959,#4960,#4961,#4962,#4963,
    #4964,#4965,#4966,#4967,#4968,#4969,#4970,#4971,#4972,#4973,#4974),
  .UNSPECIFIED.,.F.,.F.,(9,7,9),(1.570796326795,4.712388980385,
    7.853981633974),.UNSPECIFIED.);
#4959 = CARTESIAN_POINT('',(-1.7763568394E-15,4.003046404407));
#4960 = CARTESIAN_POINT('',(0.392699081699,3.856588960002));
#4961 = CARTESIAN_POINT('',(0.785398163399,3.710130347816));
#4962 = CARTESIAN_POINT('',(1.178097245073,3.598100384941));
#4963 = CARTESIAN_POINT('',(1.570796326855,3.554834651481));
#4964 = CARTESIAN_POINT('',(1.963495408466,3.59810038493));
#4965 = CARTESIAN_POINT('',(2.356194490197,3.710130347817));
#4966 = CARTESIAN_POINT('',(2.748893571891,3.856588960002));
#4967 = CARTESIAN_POINT('',(3.534291735289,4.149503848811));
#4968 = CARTESIAN_POINT('',(3.926990816987,4.295962460996));
#4969 = CARTESIAN_POINT('',(4.319689898654,4.407992423858));
#4970 = CARTESIAN_POINT('',(4.712388980425,4.451258157336));
#4971 = CARTESIAN_POINT('',(5.105088062043,4.407992423859));
#4972 = CARTESIAN_POINT('',(5.497787143776,4.295962460998));
#4973 = CARTESIAN_POINT('',(5.890486225481,4.149503848811));
#4974 = CARTESIAN_POINT('',(6.28318530718,4.003046404407));
#4975 = ( GEOMETRIC_REPRESENTATION_CONTEXT(2) 
PARAMETRIC_REPRESENTATION_CONTEXT() REPRESENTATION_CONTEXT('2D SPACE',''
  ) );
#4976 = FACE_BOUND('',#4977,.F.);
#4977 = EDGE_LOOP('',(#4978));
#4978 = ORIENTED_EDGE('',*,*,#4979,.T.);
#4979 = EDGE_CURVE('',#4980,#4980,#4982,.T.);
#4980 = VERTEX_POINT('',#4981);
#4981 = CARTESIAN_POINT('',(-9.4,35.638181771802,15.091168824543));
#4982 = SURFACE_CURVE('',#4983,(#4988,#4999),.PCURVE_S1.);
#4983 = CIRCLE('',#4984,2.6);
#4984 = AXIS2_PLACEMENT_3D('',#4985,#4986,#4987);
#4985 = CARTESIAN_POINT('',(-12.,35.638181771802,15.091168824543));
#4986 = DIRECTION('',(0.,0.141421356237,-0.989949493661));
#4987 = DIRECTION('',(1.,0.,0.));
#4988 = PCURVE('',#1331,#4989);
#4989 = DEFINITIONAL_REPRESENTATION('',(#4990),#4998);
#4990 = ( BOUNDED_CURVE() B_SPLINE_CURVE(2,(#4991,#4992,#4993,#4994,
#4995,#4996,#4997),.UNSPECIFIED.,.T.,.F.) B_SPLINE_CURVE_WITH_KNOTS((1,2
    ,2,2,2,1),(-2.094395102393,0.,2.094395102393,4.188790204786,
6.28318530718,8.377580409573),.UNSPECIFIED.) CURVE() 
GEOMETRIC_REPRESENTATION_ITEM() RATIONAL_B_SPLINE_CURVE((1.,0.5,1.,0.5,
1.,0.5,1.)) REPRESENTATION_ITEM('') );
#4991 = CARTESIAN_POINT('',(109.96704268779,-9.4));
#4992 = CARTESIAN_POINT('',(114.47037478747,-9.4));
#4993 = CARTESIAN_POINT('',(112.21870873763,-13.3));
#4994 = CARTESIAN_POINT('',(109.96704268779,-17.2));
#4995 = CARTESIAN_POINT('',(107.71537663795,-13.3));
#4996 = CARTESIAN_POINT('',(105.46371058811,-9.4));
#4997 = CARTESIAN_POINT('',(109.96704268779,-9.4));
#4998 = ( GEOMETRIC_REPRESENTATION_CONTEXT(2) 
PARAMETRIC_REPRESENTATION_CONTEXT() REPRESENTATION_CONTEXT('2D SPACE',''
  ) );
#4999 = PCURVE('',#5000,#5005);
#5000 = CYLINDRICAL_SURFACE('',#5001,2.6);
#5001 = AXIS2_PLACEMENT_3D('',#5002,#5003,#5004);
#5002 = CARTESIAN_POINT('',(-12.,35.652323907426,14.992173875177));
#5003 = DIRECTION('',(-0.,0.141421356237,-0.989949493661));
#5004 = DIRECTION('',(1.,0.,0.));
#5005 = DEFINITIONAL_REPRESENTATION('',(#5006),#5010);
#5006 = LINE('',#5007,#5008);
#5007 = CARTESIAN_POINT('',(-6.28318530718,-0.1));
#5008 = VECTOR('',#5009,1.);
#5009 = DIRECTION('',(1.,-0.));
#5010 = ( GEOMETRIC_REPRESENTATION_CONTEXT(2) 
PARAMETRIC_REPRESENTATION_CONTEXT() REPRESENTATION_CONTEXT('2D SPACE',''
  ) );
#5011 = FACE_BOUND('',#5012,.F.);
#5012 = EDGE_LOOP('',(#5013,#5041,#5067,#5093));
#5013 = ORIENTED_EDGE('',*,*,#5014,.F.);
#5014 = EDGE_CURVE('',#5015,#5017,#5019,.T.);
#5015 = VERTEX_POINT('',#5016);
#5016 = CARTESIAN_POINT('',(-7.944271909999,54.348227201998,
    17.764032457428));
#5017 = VERTEX_POINT('',#5018);
#5018 = CARTESIAN_POINT('',(7.944271909999,54.348227201998,
    17.764032457428));
#5019 = SURFACE_CURVE('',#5020,(#5024,#5030),.PCURVE_S1.);
#5020 = LINE('',#5021,#5022);
#5021 = CARTESIAN_POINT('',(-3.972135955,54.348227201998,17.764032457428
    ));
#5022 = VECTOR('',#5023,1.);
#5023 = DIRECTION('',(1.,0.,0.));
#5024 = PCURVE('',#1331,#5025);
#5025 = DEFINITIONAL_REPRESENTATION('',(#5026),#5029);
#5026 = B_SPLINE_CURVE_WITH_KNOTS('',1,(#5027,#5028),.UNSPECIFIED.,.F.,
  .F.,(2,2),(-3.972135955,11.916407864999),.PIECEWISE_BEZIER_KNOTS.);
#5027 = CARTESIAN_POINT('',(91.067042687794,-7.944271909999));
#5028 = CARTESIAN_POINT('',(91.067042687794,7.944271909999));
#5029 = ( GEOMETRIC_REPRESENTATION_CONTEXT(2) 
PARAMETRIC_REPRESENTATION_CONTEXT() REPRESENTATION_CONTEXT('2D SPACE',''
  ) );
#5030 = PCURVE('',#5031,#5036);
#5031 = PLANE('',#5032);
#5032 = AXIS2_PLACEMENT_3D('',#5033,#5034,#5035);
#5033 = CARTESIAN_POINT('',(-7.944271909999,53.782541777049,
    21.723830432073));
#5034 = DIRECTION('',(0.,-0.989949493661,-0.141421356237));
#5035 = DIRECTION('',(1.,0.,0.));
#5036 = DEFINITIONAL_REPRESENTATION('',(#5037),#5040);
#5037 = B_SPLINE_CURVE_WITH_KNOTS('',1,(#5038,#5039),.UNSPECIFIED.,.F.,
  .F.,(2,2),(-3.972135955,11.916407864999),.PIECEWISE_BEZIER_KNOTS.);
#5038 = CARTESIAN_POINT('',(0.,-4.));
#5039 = CARTESIAN_POINT('',(15.888543819998,-4.));
#5040 = ( GEOMETRIC_REPRESENTATION_CONTEXT(2) 
PARAMETRIC_REPRESENTATION_CONTEXT() REPRESENTATION_CONTEXT('2D SPACE',''
  ) );
#5041 = ORIENTED_EDGE('',*,*,#5042,.T.);
#5042 = EDGE_CURVE('',#5015,#5043,#5045,.T.);
#5043 = VERTEX_POINT('',#5044);
#5044 = CARTESIAN_POINT('',(-7.944271909999,56.526116088053,
    18.07515944115));
#5045 = SURFACE_CURVE('',#5046,(#5050,#5056),.PCURVE_S1.);
#5046 = LINE('',#5047,#5048);
#5047 = CARTESIAN_POINT('',(-7.944271909999,99.424113600999,
    24.203444800143));
#5048 = VECTOR('',#5049,1.);
#5049 = DIRECTION('',(0.,0.989949493661,0.141421356237));
#5050 = PCURVE('',#1331,#5051);
#5051 = DEFINITIONAL_REPRESENTATION('',(#5052),#5055);
#5052 = B_SPLINE_CURVE_WITH_KNOTS('',1,(#5053,#5054),.UNSPECIFIED.,.F.,
  .F.,(2,2),(-45.53352134389,-43.33352134389),.PIECEWISE_BEZIER_KNOTS.);
#5053 = CARTESIAN_POINT('',(91.067042687794,-7.944271909999));
#5054 = CARTESIAN_POINT('',(88.867042687794,-7.944271909999));
#5055 = ( GEOMETRIC_REPRESENTATION_CONTEXT(2) 
PARAMETRIC_REPRESENTATION_CONTEXT() REPRESENTATION_CONTEXT('2D SPACE',''
  ) );
#5056 = PCURVE('',#5057,#5062);
#5057 = PLANE('',#5058);
#5058 = AXIS2_PLACEMENT_3D('',#5059,#5060,#5061);
#5059 = CARTESIAN_POINT('',(-7.944271909999,53.782541777049,
    21.723830432073));
#5060 = DIRECTION('',(1.,0.,-0.));
#5061 = DIRECTION('',(0.,0.989949493661,0.141421356237));
#5062 = DEFINITIONAL_REPRESENTATION('',(#5063),#5066);
#5063 = B_SPLINE_CURVE_WITH_KNOTS('',1,(#5064,#5065),.UNSPECIFIED.,.F.,
  .F.,(2,2),(-45.53352134389,-43.33352134389),.PIECEWISE_BEZIER_KNOTS.);
#5064 = CARTESIAN_POINT('',(-7.105427357601E-15,-4.));
#5065 = CARTESIAN_POINT('',(2.2,-4.));
#5066 = ( GEOMETRIC_REPRESENTATION_CONTEXT(2) 
PARAMETRIC_REPRESENTATION_CONTEXT() REPRESENTATION_CONTEXT('2D SPACE',''
  ) );
#5067 = ORIENTED_EDGE('',*,*,#5068,.T.);
#5068 = EDGE_CURVE('',#5043,#5069,#5071,.T.);
#5069 = VERTEX_POINT('',#5070);
#5070 = CARTESIAN_POINT('',(7.944271909999,56.526116088053,
    18.07515944115));
#5071 = SURFACE_CURVE('',#5072,(#5076,#5082),.PCURVE_S1.);
#5072 = LINE('',#5073,#5074);
#5073 = CARTESIAN_POINT('',(-3.972135955,56.526116088053,18.07515944115)
  );
#5074 = VECTOR('',#5075,1.);
#5075 = DIRECTION('',(1.,0.,0.));
#5076 = PCURVE('',#1331,#5077);
#5077 = DEFINITIONAL_REPRESENTATION('',(#5078),#5081);
#5078 = B_SPLINE_CURVE_WITH_KNOTS('',1,(#5079,#5080),.UNSPECIFIED.,.F.,
  .F.,(2,2),(-3.972135955,11.916407864999),.PIECEWISE_BEZIER_KNOTS.);
#5079 = CARTESIAN_POINT('',(88.867042687794,-7.944271909999));
#5080 = CARTESIAN_POINT('',(88.867042687794,7.944271909999));
#5081 = ( GEOMETRIC_REPRESENTATION_CONTEXT(2) 
PARAMETRIC_REPRESENTATION_CONTEXT() REPRESENTATION_CONTEXT('2D SPACE',''
  ) );
#5082 = PCURVE('',#5083,#5088);
#5083 = PLANE('',#5084);
#5084 = AXIS2_PLACEMENT_3D('',#5085,#5086,#5087);
#5085 = CARTESIAN_POINT('',(-7.944271909999,55.960430663103,
    22.034957415795));
#5086 = DIRECTION('',(0.,-0.989949493661,-0.141421356237));
#5087 = DIRECTION('',(1.,0.,0.));
#5088 = DEFINITIONAL_REPRESENTATION('',(#5089),#5092);
#5089 = B_SPLINE_CURVE_WITH_KNOTS('',1,(#5090,#5091),.UNSPECIFIED.,.F.,
  .F.,(2,2),(-3.972135955,11.916407864999),.PIECEWISE_BEZIER_KNOTS.);
#5090 = CARTESIAN_POINT('',(0.,-4.));
#5091 = CARTESIAN_POINT('',(15.888543819998,-4.));
#5092 = ( GEOMETRIC_REPRESENTATION_CONTEXT(2) 
PARAMETRIC_REPRESENTATION_CONTEXT() REPRESENTATION_CONTEXT('2D SPACE',''
  ) );
#5093 = ORIENTED_EDGE('',*,*,#5094,.F.);
#5094 = EDGE_CURVE('',#5017,#5069,#5095,.T.);
#5095 = SURFACE_CURVE('',#5096,(#5100,#5106),.PCURVE_S1.);
#5096 = LINE('',#5097,#5098);
#5097 = CARTESIAN_POINT('',(7.944271909999,99.424113600999,
    24.203444800143));
#5098 = VECTOR('',#5099,1.);
#5099 = DIRECTION('',(0.,0.989949493661,0.141421356237));
#5100 = PCURVE('',#1331,#5101);
#5101 = DEFINITIONAL_REPRESENTATION('',(#5102),#5105);
#5102 = B_SPLINE_CURVE_WITH_KNOTS('',1,(#5103,#5104),.UNSPECIFIED.,.F.,
  .F.,(2,2),(-45.53352134389,-43.33352134389),.PIECEWISE_BEZIER_KNOTS.);
#5103 = CARTESIAN_POINT('',(91.067042687794,7.944271909999));
#5104 = CARTESIAN_POINT('',(88.867042687794,7.944271909999));
#5105 = ( GEOMETRIC_REPRESENTATION_CONTEXT(2) 
PARAMETRIC_REPRESENTATION_CONTEXT() REPRESENTATION_CONTEXT('2D SPACE',''
  ) );
#5106 = PCURVE('',#5107,#5112);
#5107 = PLANE('',#5108);
#5108 = AXIS2_PLACEMENT_3D('',#5109,#5110,#5111);
#5109 = CARTESIAN_POINT('',(7.944271909999,53.782541777049,
    21.723830432073));
#5110 = DIRECTION('',(1.,0.,-0.));
#5111 = DIRECTION('',(0.,0.989949493661,0.141421356237));
#5112 = DEFINITIONAL_REPRESENTATION('',(#5113),#5116);
#5113 = B_SPLINE_CURVE_WITH_KNOTS('',1,(#5114,#5115),.UNSPECIFIED.,.F.,
  .F.,(2,2),(-45.53352134389,-43.33352134389),.PIECEWISE_BEZIER_KNOTS.);
#5114 = CARTESIAN_POINT('',(-7.105427357601E-15,-4.));
#5115 = CARTESIAN_POINT('',(2.2,-4.));
#5116 = ( GEOMETRIC_REPRESENTATION_CONTEXT(2) 
PARAMETRIC_REPRESENTATION_CONTEXT() REPRESENTATION_CONTEXT('2D SPACE',''
  ) );
#5117 = FACE_BOUND('',#5118,.F.);
#5118 = EDGE_LOOP('',(#5119,#5147,#5173,#5199));
#5119 = ORIENTED_EDGE('',*,*,#5120,.F.);
#5120 = EDGE_CURVE('',#5121,#5123,#5125,.T.);
#5121 = VERTEX_POINT('',#5122);
#5122 = CARTESIAN_POINT('',(-10.31370849898,50.388429227353,
    17.198347032479));
#5123 = VERTEX_POINT('',#5124);
#5124 = CARTESIAN_POINT('',(10.313708498985,50.388429227353,
    17.198347032479));
#5125 = SURFACE_CURVE('',#5126,(#5130,#5136),.PCURVE_S1.);
#5126 = LINE('',#5127,#5128);
#5127 = CARTESIAN_POINT('',(-5.156854249492,50.388429227353,
    17.198347032479));
#5128 = VECTOR('',#5129,1.);
#5129 = DIRECTION('',(1.,0.,0.));
#5130 = PCURVE('',#1331,#5131);
#5131 = DEFINITIONAL_REPRESENTATION('',(#5132),#5135);
#5132 = B_SPLINE_CURVE_WITH_KNOTS('',1,(#5133,#5134),.UNSPECIFIED.,.F.,
  .F.,(2,2),(-5.156854249492,15.470562748477),.PIECEWISE_BEZIER_KNOTS.);
#5133 = CARTESIAN_POINT('',(95.067042687794,-10.31370849898));
#5134 = CARTESIAN_POINT('',(95.067042687794,10.313708498985));
#5135 = ( GEOMETRIC_REPRESENTATION_CONTEXT(2) 
PARAMETRIC_REPRESENTATION_CONTEXT() REPRESENTATION_CONTEXT('2D SPACE',''
  ) );
#5136 = PCURVE('',#5137,#5142);
#5137 = PLANE('',#5138);
#5138 = AXIS2_PLACEMENT_3D('',#5139,#5140,#5141);
#5139 = CARTESIAN_POINT('',(-10.31370849898,49.822743802404,
    21.158145007124));
#5140 = DIRECTION('',(0.,-0.989949493661,-0.141421356237));
#5141 = DIRECTION('',(1.,0.,0.));
#5142 = DEFINITIONAL_REPRESENTATION('',(#5143),#5146);
#5143 = B_SPLINE_CURVE_WITH_KNOTS('',1,(#5144,#5145),.UNSPECIFIED.,.F.,
  .F.,(2,2),(-5.156854249492,15.470562748477),.PIECEWISE_BEZIER_KNOTS.);
#5144 = CARTESIAN_POINT('',(0.,-4.));
#5145 = CARTESIAN_POINT('',(20.62741699797,-4.));
#5146 = ( GEOMETRIC_REPRESENTATION_CONTEXT(2) 
PARAMETRIC_REPRESENTATION_CONTEXT() REPRESENTATION_CONTEXT('2D SPACE',''
  ) );
#5147 = ORIENTED_EDGE('',*,*,#5148,.T.);
#5148 = EDGE_CURVE('',#5121,#5149,#5151,.T.);
#5149 = VERTEX_POINT('',#5150);
#5150 = CARTESIAN_POINT('',(-10.31370849898,52.566318113408,
    17.509474016201));
#5151 = SURFACE_CURVE('',#5152,(#5156,#5162),.PCURVE_S1.);
#5152 = LINE('',#5153,#5154);
#5153 = CARTESIAN_POINT('',(-10.31370849898,97.444214613677,
    23.920602087668));
#5154 = VECTOR('',#5155,1.);
#5155 = DIRECTION('',(0.,0.989949493661,0.141421356237));
#5156 = PCURVE('',#1331,#5157);
#5157 = DEFINITIONAL_REPRESENTATION('',(#5158),#5161);
#5158 = B_SPLINE_CURVE_WITH_KNOTS('',1,(#5159,#5160),.UNSPECIFIED.,.F.,
  .F.,(2,2),(-47.53352134389,-45.33352134389),.PIECEWISE_BEZIER_KNOTS.);
#5159 = CARTESIAN_POINT('',(95.067042687794,-10.31370849898));
#5160 = CARTESIAN_POINT('',(92.867042687794,-10.31370849898));
#5161 = ( GEOMETRIC_REPRESENTATION_CONTEXT(2) 
PARAMETRIC_REPRESENTATION_CONTEXT() REPRESENTATION_CONTEXT('2D SPACE',''
  ) );
#5162 = PCURVE('',#5163,#5168);
#5163 = PLANE('',#5164);
#5164 = AXIS2_PLACEMENT_3D('',#5165,#5166,#5167);
#5165 = CARTESIAN_POINT('',(-10.31370849898,49.822743802404,
    21.158145007124));
#5166 = DIRECTION('',(1.,0.,-0.));
#5167 = DIRECTION('',(0.,0.989949493661,0.141421356237));
#5168 = DEFINITIONAL_REPRESENTATION('',(#5169),#5172);
#5169 = B_SPLINE_CURVE_WITH_KNOTS('',1,(#5170,#5171),.UNSPECIFIED.,.F.,
  .F.,(2,2),(-47.53352134389,-45.33352134389),.PIECEWISE_BEZIER_KNOTS.);
#5170 = CARTESIAN_POINT('',(-7.105427357601E-15,-4.));
#5171 = CARTESIAN_POINT('',(2.2,-4.));
#5172 = ( GEOMETRIC_REPRESENTATION_CONTEXT(2) 
PARAMETRIC_REPRESENTATION_CONTEXT() REPRESENTATION_CONTEXT('2D SPACE',''
  ) );
#5173 = ORIENTED_EDGE('',*,*,#5174,.T.);
#5174 = EDGE_CURVE('',#5149,#5175,#5177,.T.);
#5175 = VERTEX_POINT('',#5176);
#5176 = CARTESIAN_POINT('',(10.313708498985,52.566318113408,
    17.509474016201));
#5177 = SURFACE_CURVE('',#5178,(#5182,#5188),.PCURVE_S1.);
#5178 = LINE('',#5179,#5180);
#5179 = CARTESIAN_POINT('',(-5.156854249492,52.566318113408,
    17.509474016201));
#5180 = VECTOR('',#5181,1.);
#5181 = DIRECTION('',(1.,0.,0.));
#5182 = PCURVE('',#1331,#5183);
#5183 = DEFINITIONAL_REPRESENTATION('',(#5184),#5187);
#5184 = B_SPLINE_CURVE_WITH_KNOTS('',1,(#5185,#5186),.UNSPECIFIED.,.F.,
  .F.,(2,2),(-5.156854249492,15.470562748477),.PIECEWISE_BEZIER_KNOTS.);
#5185 = CARTESIAN_POINT('',(92.867042687794,-10.31370849898));
#5186 = CARTESIAN_POINT('',(92.867042687794,10.313708498985));
#5187 = ( GEOMETRIC_REPRESENTATION_CONTEXT(2) 
PARAMETRIC_REPRESENTATION_CONTEXT() REPRESENTATION_CONTEXT('2D SPACE',''
  ) );
#5188 = PCURVE('',#5189,#5194);
#5189 = PLANE('',#5190);
#5190 = AXIS2_PLACEMENT_3D('',#5191,#5192,#5193);
#5191 = CARTESIAN_POINT('',(-10.31370849898,52.000632688459,
    21.469271990846));
#5192 = DIRECTION('',(0.,-0.989949493661,-0.141421356237));
#5193 = DIRECTION('',(1.,0.,0.));
#5194 = DEFINITIONAL_REPRESENTATION('',(#5195),#5198);
#5195 = B_SPLINE_CURVE_WITH_KNOTS('',1,(#5196,#5197),.UNSPECIFIED.,.F.,
  .F.,(2,2),(-5.156854249492,15.470562748477),.PIECEWISE_BEZIER_KNOTS.);
#5196 = CARTESIAN_POINT('',(0.,-4.));
#5197 = CARTESIAN_POINT('',(20.62741699797,-4.));
#5198 = ( GEOMETRIC_REPRESENTATION_CONTEXT(2) 
PARAMETRIC_REPRESENTATION_CONTEXT() REPRESENTATION_CONTEXT('2D SPACE',''
  ) );
#5199 = ORIENTED_EDGE('',*,*,#5200,.F.);
#5200 = EDGE_CURVE('',#5123,#5175,#5201,.T.);
#5201 = SURFACE_CURVE('',#5202,(#5206,#5212),.PCURVE_S1.);
#5202 = LINE('',#5203,#5204);
#5203 = CARTESIAN_POINT('',(10.313708498985,97.444214613677,
    23.920602087668));
#5204 = VECTOR('',#5205,1.);
#5205 = DIRECTION('',(0.,0.989949493661,0.141421356237));
#5206 = PCURVE('',#1331,#5207);
#5207 = DEFINITIONAL_REPRESENTATION('',(#5208),#5211);
#5208 = B_SPLINE_CURVE_WITH_KNOTS('',1,(#5209,#5210),.UNSPECIFIED.,.F.,
  .F.,(2,2),(-47.53352134389,-45.33352134389),.PIECEWISE_BEZIER_KNOTS.);
#5209 = CARTESIAN_POINT('',(95.067042687794,10.313708498985));
#5210 = CARTESIAN_POINT('',(92.867042687794,10.313708498985));
#5211 = ( GEOMETRIC_REPRESENTATION_CONTEXT(2) 
PARAMETRIC_REPRESENTATION_CONTEXT() REPRESENTATION_CONTEXT('2D SPACE',''
  ) );
#5212 = PCURVE('',#5213,#5218);
#5213 = PLANE('',#5214);
#5214 = AXIS2_PLACEMENT_3D('',#5215,#5216,#5217);
#5215 = CARTESIAN_POINT('',(10.313708498985,49.822743802404,
    21.158145007124));
#5216 = DIRECTION('',(1.,0.,-0.));
#5217 = DIRECTION('',(0.,0.989949493661,0.141421356237));
#5218 = DEFINITIONAL_REPRESENTATION('',(#5219),#5222);
#5219 = B_SPLINE_CURVE_WITH_KNOTS('',1,(#5220,#5221),.UNSPECIFIED.,.F.,
  .F.,(2,2),(-47.53352134389,-45.33352134389),.PIECEWISE_BEZIER_KNOTS.);
#5220 = CARTESIAN_POINT('',(-7.105427357601E-15,-4.));
#5221 = CARTESIAN_POINT('',(2.2,-4.));
#5222 = ( GEOMETRIC_REPRESENTATION_CONTEXT(2) 
PARAMETRIC_REPRESENTATION_CONTEXT() REPRESENTATION_CONTEXT('2D SPACE',''
  ) );
#5223 = FACE_BOUND('',#5224,.F.);
#5224 = EDGE_LOOP('',(#5225,#5253,#5279,#5305));
#5225 = ORIENTED_EDGE('',*,*,#5226,.F.);
#5226 = EDGE_CURVE('',#5227,#5229,#5231,.T.);
#5227 = VERTEX_POINT('',#5228);
#5228 = CARTESIAN_POINT('',(-11.,46.428631252709,16.63266160753));
#5229 = VERTEX_POINT('',#5230);
#5230 = CARTESIAN_POINT('',(11.,46.428631252709,16.63266160753));
#5231 = SURFACE_CURVE('',#5232,(#5236,#5242),.PCURVE_S1.);
#5232 = LINE('',#5233,#5234);
#5233 = CARTESIAN_POINT('',(-5.5,46.428631252709,16.63266160753));
#5234 = VECTOR('',#5235,1.);
#5235 = DIRECTION('',(1.,0.,0.));
#5236 = PCURVE('',#1331,#5237);
#5237 = DEFINITIONAL_REPRESENTATION('',(#5238),#5241);
#5238 = B_SPLINE_CURVE_WITH_KNOTS('',1,(#5239,#5240),.UNSPECIFIED.,.F.,
  .F.,(2,2),(-5.5,16.5),.PIECEWISE_BEZIER_KNOTS.);
#5239 = CARTESIAN_POINT('',(99.067042687794,-11.));
#5240 = CARTESIAN_POINT('',(99.067042687794,11.));
#5241 = ( GEOMETRIC_REPRESENTATION_CONTEXT(2) 
PARAMETRIC_REPRESENTATION_CONTEXT() REPRESENTATION_CONTEXT('2D SPACE',''
  ) );
#5242 = PCURVE('',#5243,#5248);
#5243 = PLANE('',#5244);
#5244 = AXIS2_PLACEMENT_3D('',#5245,#5246,#5247);
#5245 = CARTESIAN_POINT('',(-11.,45.862945827759,20.592459582174));
#5246 = DIRECTION('',(0.,-0.989949493661,-0.141421356237));
#5247 = DIRECTION('',(1.,0.,0.));
#5248 = DEFINITIONAL_REPRESENTATION('',(#5249),#5252);
#5249 = B_SPLINE_CURVE_WITH_KNOTS('',1,(#5250,#5251),.UNSPECIFIED.,.F.,
  .F.,(2,2),(-5.5,16.5),.PIECEWISE_BEZIER_KNOTS.);
#5250 = CARTESIAN_POINT('',(0.,-4.));
#5251 = CARTESIAN_POINT('',(22.,-4.));
#5252 = ( GEOMETRIC_REPRESENTATION_CONTEXT(2) 
PARAMETRIC_REPRESENTATION_CONTEXT() REPRESENTATION_CONTEXT('2D SPACE',''
  ) );
#5253 = ORIENTED_EDGE('',*,*,#5254,.T.);
#5254 = EDGE_CURVE('',#5227,#5255,#5257,.T.);
#5255 = VERTEX_POINT('',#5256);
#5256 = CARTESIAN_POINT('',(-11.,48.606520138763,16.943788591252));
#5257 = SURFACE_CURVE('',#5258,(#5262,#5268),.PCURVE_S1.);
#5258 = LINE('',#5259,#5260);
#5259 = CARTESIAN_POINT('',(-11.,95.464315626354,23.637759375193));
#5260 = VECTOR('',#5261,1.);
#5261 = DIRECTION('',(0.,0.989949493661,0.141421356237));
#5262 = PCURVE('',#1331,#5263);
#5263 = DEFINITIONAL_REPRESENTATION('',(#5264),#5267);
#5264 = B_SPLINE_CURVE_WITH_KNOTS('',1,(#5265,#5266),.UNSPECIFIED.,.F.,
  .F.,(2,2),(-49.53352134389,-47.33352134389),.PIECEWISE_BEZIER_KNOTS.);
#5265 = CARTESIAN_POINT('',(99.067042687794,-11.));
#5266 = CARTESIAN_POINT('',(96.867042687794,-11.));
#5267 = ( GEOMETRIC_REPRESENTATION_CONTEXT(2) 
PARAMETRIC_REPRESENTATION_CONTEXT() REPRESENTATION_CONTEXT('2D SPACE',''
  ) );
#5268 = PCURVE('',#5269,#5274);
#5269 = PLANE('',#5270);
#5270 = AXIS2_PLACEMENT_3D('',#5271,#5272,#5273);
#5271 = CARTESIAN_POINT('',(-11.,45.862945827759,20.592459582174));
#5272 = DIRECTION('',(1.,0.,-0.));
#5273 = DIRECTION('',(0.,0.989949493661,0.141421356237));
#5274 = DEFINITIONAL_REPRESENTATION('',(#5275),#5278);
#5275 = B_SPLINE_CURVE_WITH_KNOTS('',1,(#5276,#5277),.UNSPECIFIED.,.F.,
  .F.,(2,2),(-49.53352134389,-47.33352134389),.PIECEWISE_BEZIER_KNOTS.);
#5276 = CARTESIAN_POINT('',(-7.105427357601E-15,-4.));
#5277 = CARTESIAN_POINT('',(2.2,-4.));
#5278 = ( GEOMETRIC_REPRESENTATION_CONTEXT(2) 
PARAMETRIC_REPRESENTATION_CONTEXT() REPRESENTATION_CONTEXT('2D SPACE',''
  ) );
#5279 = ORIENTED_EDGE('',*,*,#5280,.T.);
#5280 = EDGE_CURVE('',#5255,#5281,#5283,.T.);
#5281 = VERTEX_POINT('',#5282);
#5282 = CARTESIAN_POINT('',(11.,48.606520138763,16.943788591252));
#5283 = SURFACE_CURVE('',#5284,(#5288,#5294),.PCURVE_S1.);
#5284 = LINE('',#5285,#5286);
#5285 = CARTESIAN_POINT('',(-5.5,48.606520138763,16.943788591252));
#5286 = VECTOR('',#5287,1.);
#5287 = DIRECTION('',(1.,0.,0.));
#5288 = PCURVE('',#1331,#5289);
#5289 = DEFINITIONAL_REPRESENTATION('',(#5290),#5293);
#5290 = B_SPLINE_CURVE_WITH_KNOTS('',1,(#5291,#5292),.UNSPECIFIED.,.F.,
  .F.,(2,2),(-5.5,16.5),.PIECEWISE_BEZIER_KNOTS.);
#5291 = CARTESIAN_POINT('',(96.867042687794,-11.));
#5292 = CARTESIAN_POINT('',(96.867042687794,11.));
#5293 = ( GEOMETRIC_REPRESENTATION_CONTEXT(2) 
PARAMETRIC_REPRESENTATION_CONTEXT() REPRESENTATION_CONTEXT('2D SPACE',''
  ) );
#5294 = PCURVE('',#5295,#5300);
#5295 = PLANE('',#5296);
#5296 = AXIS2_PLACEMENT_3D('',#5297,#5298,#5299);
#5297 = CARTESIAN_POINT('',(-11.,48.040834713814,20.903586565897));
#5298 = DIRECTION('',(0.,-0.989949493661,-0.141421356237));
#5299 = DIRECTION('',(1.,0.,0.));
#5300 = DEFINITIONAL_REPRESENTATION('',(#5301),#5304);
#5301 = B_SPLINE_CURVE_WITH_KNOTS('',1,(#5302,#5303),.UNSPECIFIED.,.F.,
  .F.,(2,2),(-5.5,16.5),.PIECEWISE_BEZIER_KNOTS.);
#5302 = CARTESIAN_POINT('',(0.,-4.));
#5303 = CARTESIAN_POINT('',(22.,-4.));
#5304 = ( GEOMETRIC_REPRESENTATION_CONTEXT(2) 
PARAMETRIC_REPRESENTATION_CONTEXT() REPRESENTATION_CONTEXT('2D SPACE',''
  ) );
#5305 = ORIENTED_EDGE('',*,*,#5306,.F.);
#5306 = EDGE_CURVE('',#5229,#5281,#5307,.T.);
#5307 = SURFACE_CURVE('',#5308,(#5312,#5318),.PCURVE_S1.);
#5308 = LINE('',#5309,#5310);
#5309 = CARTESIAN_POINT('',(11.,95.464315626354,23.637759375193));
#5310 = VECTOR('',#5311,1.);
#5311 = DIRECTION('',(0.,0.989949493661,0.141421356237));
#5312 = PCURVE('',#1331,#5313);
#5313 = DEFINITIONAL_REPRESENTATION('',(#5314),#5317);
#5314 = B_SPLINE_CURVE_WITH_KNOTS('',1,(#5315,#5316),.UNSPECIFIED.,.F.,
  .F.,(2,2),(-49.53352134389,-47.33352134389),.PIECEWISE_BEZIER_KNOTS.);
#5315 = CARTESIAN_POINT('',(99.067042687794,11.));
#5316 = CARTESIAN_POINT('',(96.867042687794,11.));
#5317 = ( GEOMETRIC_REPRESENTATION_CONTEXT(2) 
PARAMETRIC_REPRESENTATION_CONTEXT() REPRESENTATION_CONTEXT('2D SPACE',''
  ) );
#5318 = PCURVE('',#5319,#5324);
#5319 = PLANE('',#5320);
#5320 = AXIS2_PLACEMENT_3D('',#5321,#5322,#5323);
#5321 = CARTESIAN_POINT('',(11.,45.862945827759,20.592459582174));
#5322 = DIRECTION('',(1.,0.,-0.));
#5323 = DIRECTION('',(0.,0.989949493661,0.141421356237));
#5324 = DEFINITIONAL_REPRESENTATION('',(#5325),#5328);
#5325 = B_SPLINE_CURVE_WITH_KNOTS('',1,(#5326,#5327),.UNSPECIFIED.,.F.,
  .F.,(2,2),(-49.53352134389,-47.33352134389),.PIECEWISE_BEZIER_KNOTS.);
#5326 = CARTESIAN_POINT('',(-7.105427357601E-15,-4.));
#5327 = CARTESIAN_POINT('',(2.2,-4.));
#5328 = ( GEOMETRIC_REPRESENTATION_CONTEXT(2) 
PARAMETRIC_REPRESENTATION_CONTEXT() REPRESENTATION_CONTEXT('2D SPACE',''
  ) );
#5329 = FACE_BOUND('',#5330,.F.);
#5330 = EDGE_LOOP('',(#5331));
#5331 = ORIENTED_EDGE('',*,*,#5332,.T.);
#5332 = EDGE_CURVE('',#5333,#5333,#5335,.T.);
#5333 = VERTEX_POINT('',#5334);
#5334 = CARTESIAN_POINT('',(14.6,59.39696961967,18.485281374239));
#5335 = SURFACE_CURVE('',#5336,(#5341,#5352),.PCURVE_S1.);
#5336 = CIRCLE('',#5337,2.6);
#5337 = AXIS2_PLACEMENT_3D('',#5338,#5339,#5340);
#5338 = CARTESIAN_POINT('',(12.,59.39696961967,18.485281374239));
#5339 = DIRECTION('',(0.,0.141421356237,-0.989949493661));
#5340 = DIRECTION('',(1.,0.,0.));
#5341 = PCURVE('',#1331,#5342);
#5342 = DEFINITIONAL_REPRESENTATION('',(#5343),#5351);
#5343 = ( BOUNDED_CURVE() B_SPLINE_CURVE(2,(#5344,#5345,#5346,#5347,
#5348,#5349,#5350),.UNSPECIFIED.,.T.,.F.) B_SPLINE_CURVE_WITH_KNOTS((1,2
    ,2,2,2,1),(-2.094395102393,0.,2.094395102393,4.188790204786,
6.28318530718,8.377580409573),.UNSPECIFIED.) CURVE() 
GEOMETRIC_REPRESENTATION_ITEM() RATIONAL_B_SPLINE_CURVE((1.,0.5,1.,0.5,
1.,0.5,1.)) REPRESENTATION_ITEM('') );
#5344 = CARTESIAN_POINT('',(85.967042687794,14.6));
#5345 = CARTESIAN_POINT('',(90.470374787474,14.6));
#5346 = CARTESIAN_POINT('',(88.218708737634,10.7));
#5347 = CARTESIAN_POINT('',(85.967042687794,6.8));
#5348 = CARTESIAN_POINT('',(83.715376637955,10.7));
#5349 = CARTESIAN_POINT('',(81.463710588115,14.6));
#5350 = CARTESIAN_POINT('',(85.967042687794,14.6));
#5351 = ( GEOMETRIC_REPRESENTATION_CONTEXT(2) 
PARAMETRIC_REPRESENTATION_CONTEXT() REPRESENTATION_CONTEXT('2D SPACE',''
  ) );
#5352 = PCURVE('',#5353,#5358);
#5353 = CYLINDRICAL_SURFACE('',#5354,2.6);
#5354 = AXIS2_PLACEMENT_3D('',#5355,#5356,#5357);
#5355 = CARTESIAN_POINT('',(12.,59.411111755294,18.386286424872));
#5356 = DIRECTION('',(-0.,0.141421356237,-0.989949493661));
#5357 = DIRECTION('',(1.,0.,0.));
#5358 = DEFINITIONAL_REPRESENTATION('',(#5359),#5363);
#5359 = LINE('',#5360,#5361);
#5360 = CARTESIAN_POINT('',(-6.28318530718,-0.1));
#5361 = VECTOR('',#5362,1.);
#5362 = DIRECTION('',(1.,-0.));
#5363 = ( GEOMETRIC_REPRESENTATION_CONTEXT(2) 
PARAMETRIC_REPRESENTATION_CONTEXT() REPRESENTATION_CONTEXT('2D SPACE',''
  ) );
#5364 = FACE_BOUND('',#5365,.F.);
#5365 = EDGE_LOOP('',(#5366));
#5366 = ORIENTED_EDGE('',*,*,#5367,.F.);
#5367 = EDGE_CURVE('',#5368,#5368,#5370,.T.);
#5368 = VERTEX_POINT('',#5369);
#5369 = CARTESIAN_POINT('',(45.25,138.53551912568,29.790788446526));
#5370 = SURFACE_CURVE('',#5371,(#5376,#5383),.PCURVE_S1.);
#5371 = ELLIPSE('',#5372,3.271328829985,3.25);
#5372 = AXIS2_PLACEMENT_3D('',#5373,#5374,#5375);
#5373 = CARTESIAN_POINT('',(42.,138.53551912568,29.790788446526));
#5374 = DIRECTION('',(0.,-0.141421356237,0.989949493661));
#5375 = DIRECTION('',(0.,-0.989949493661,-0.141421356237));
#5376 = PCURVE('',#1331,#5377);
#5377 = DEFINITIONAL_REPRESENTATION('',(#5378),#5382);
#5378 = ELLIPSE('',#5379,3.271328829985,3.25);
#5379 = AXIS2_PLACEMENT_2D('',#5380,#5381);
#5380 = CARTESIAN_POINT('',(6.025035532124,42.));
#5381 = DIRECTION('',(1.,0.));
#5382 = ( GEOMETRIC_REPRESENTATION_CONTEXT(2) 
PARAMETRIC_REPRESENTATION_CONTEXT() REPRESENTATION_CONTEXT('2D SPACE',''
  ) );
#5383 = PCURVE('',#5384,#5389);
#5384 = CYLINDRICAL_SURFACE('',#5385,3.25);
#5385 = AXIS2_PLACEMENT_3D('',#5386,#5387,#5388);
#5386 = CARTESIAN_POINT('',(42.,139.54911547836,25.920693281751));
#5387 = DIRECTION('',(0.,-0.253359391838,0.96737222338));
#5388 = DIRECTION('',(1.,0.,0.));
#5389 = DEFINITIONAL_REPRESENTATION('',(#5390),#5407);
#5390 = B_SPLINE_CURVE_WITH_KNOTS('',8,(#5391,#5392,#5393,#5394,#5395,
    #5396,#5397,#5398,#5399,#5400,#5401,#5402,#5403,#5404,#5405,#5406),
  .UNSPECIFIED.,.F.,.F.,(9,7,9),(1.570796326795,4.712388980385,
    7.853981633974),.UNSPECIFIED.);
#5391 = CARTESIAN_POINT('',(0.,4.000626719725));
#5392 = CARTESIAN_POINT('',(0.392699081699,3.854169275321));
#5393 = CARTESIAN_POINT('',(0.785398163398,3.707710663135));
#5394 = CARTESIAN_POINT('',(1.178097245087,3.595680700266));
#5395 = CARTESIAN_POINT('',(1.570796326801,3.552414966769));
#5396 = CARTESIAN_POINT('',(1.963495408485,3.595680700271));
#5397 = CARTESIAN_POINT('',(2.356194490193,3.707710663134));
#5398 = CARTESIAN_POINT('',(2.748893571891,3.854169275321));
#5399 = CARTESIAN_POINT('',(3.534291735289,4.147084164129));
#5400 = CARTESIAN_POINT('',(3.926990816984,4.293542776311));
#5401 = CARTESIAN_POINT('',(4.319689898693,4.405572739186));
#5402 = CARTESIAN_POINT('',(4.712388980333,4.448838472628));
#5403 = CARTESIAN_POINT('',(5.105088062101,4.405572739188));
#5404 = CARTESIAN_POINT('',(5.497787143776,4.29354277631));
#5405 = CARTESIAN_POINT('',(5.890486225481,4.147084164129));
#5406 = CARTESIAN_POINT('',(6.28318530718,4.000626719725));
#5407 = ( GEOMETRIC_REPRESENTATION_CONTEXT(2) 
PARAMETRIC_REPRESENTATION_CONTEXT() REPRESENTATION_CONTEXT('2D SPACE',''
  ) );
#5408 = FACE_BOUND('',#5409,.F.);
#5409 = EDGE_LOOP('',(#5410,#5438,#5464,#5490));
#5410 = ORIENTED_EDGE('',*,*,#5411,.F.);
#5411 = EDGE_CURVE('',#5412,#5414,#5416,.T.);
#5412 = VERTEX_POINT('',#5413);
#5413 = CARTESIAN_POINT('',(-10.31370849898,42.468833278064,
    16.066976182581));
#5414 = VERTEX_POINT('',#5415);
#5415 = CARTESIAN_POINT('',(10.313708498985,42.468833278064,
    16.066976182581));
#5416 = SURFACE_CURVE('',#5417,(#5421,#5427),.PCURVE_S1.);
#5417 = LINE('',#5418,#5419);
#5418 = CARTESIAN_POINT('',(-5.156854249492,42.468833278064,
    16.066976182581));
#5419 = VECTOR('',#5420,1.);
#5420 = DIRECTION('',(1.,0.,0.));
#5421 = PCURVE('',#1331,#5422);
#5422 = DEFINITIONAL_REPRESENTATION('',(#5423),#5426);
#5423 = B_SPLINE_CURVE_WITH_KNOTS('',1,(#5424,#5425),.UNSPECIFIED.,.F.,
  .F.,(2,2),(-5.156854249492,15.470562748477),.PIECEWISE_BEZIER_KNOTS.);
#5424 = CARTESIAN_POINT('',(103.06704268779,-10.31370849898));
#5425 = CARTESIAN_POINT('',(103.06704268779,10.313708498985));
#5426 = ( GEOMETRIC_REPRESENTATION_CONTEXT(2) 
PARAMETRIC_REPRESENTATION_CONTEXT() REPRESENTATION_CONTEXT('2D SPACE',''
  ) );
#5427 = PCURVE('',#5428,#5433);
#5428 = PLANE('',#5429);
#5429 = AXIS2_PLACEMENT_3D('',#5430,#5431,#5432);
#5430 = CARTESIAN_POINT('',(-10.31370849898,41.903147853115,
    20.026774157225));
#5431 = DIRECTION('',(0.,-0.989949493661,-0.141421356237));
#5432 = DIRECTION('',(1.,0.,0.));
#5433 = DEFINITIONAL_REPRESENTATION('',(#5434),#5437);
#5434 = B_SPLINE_CURVE_WITH_KNOTS('',1,(#5435,#5436),.UNSPECIFIED.,.F.,
  .F.,(2,2),(-5.156854249492,15.470562748477),.PIECEWISE_BEZIER_KNOTS.);
#5435 = CARTESIAN_POINT('',(0.,-4.));
#5436 = CARTESIAN_POINT('',(20.62741699797,-4.));
#5437 = ( GEOMETRIC_REPRESENTATION_CONTEXT(2) 
PARAMETRIC_REPRESENTATION_CONTEXT() REPRESENTATION_CONTEXT('2D SPACE',''
  ) );
#5438 = ORIENTED_EDGE('',*,*,#5439,.T.);
#5439 = EDGE_CURVE('',#5412,#5440,#5442,.T.);
#5440 = VERTEX_POINT('',#5441);
#5441 = CARTESIAN_POINT('',(-10.31370849898,44.646722164119,
    16.378103166303));
#5442 = SURFACE_CURVE('',#5443,(#5447,#5453),.PCURVE_S1.);
#5443 = LINE('',#5444,#5445);
#5444 = CARTESIAN_POINT('',(-10.31370849898,93.484416639032,
    23.354916662719));
#5445 = VECTOR('',#5446,1.);
#5446 = DIRECTION('',(0.,0.989949493661,0.141421356237));
#5447 = PCURVE('',#1331,#5448);
#5448 = DEFINITIONAL_REPRESENTATION('',(#5449),#5452);
#5449 = B_SPLINE_CURVE_WITH_KNOTS('',1,(#5450,#5451),.UNSPECIFIED.,.F.,
  .F.,(2,2),(-51.53352134389,-49.33352134389),.PIECEWISE_BEZIER_KNOTS.);
#5450 = CARTESIAN_POINT('',(103.06704268779,-10.31370849898));
#5451 = CARTESIAN_POINT('',(100.86704268779,-10.31370849898));
#5452 = ( GEOMETRIC_REPRESENTATION_CONTEXT(2) 
PARAMETRIC_REPRESENTATION_CONTEXT() REPRESENTATION_CONTEXT('2D SPACE',''
  ) );
#5453 = PCURVE('',#5454,#5459);
#5454 = PLANE('',#5455);
#5455 = AXIS2_PLACEMENT_3D('',#5456,#5457,#5458);
#5456 = CARTESIAN_POINT('',(-10.31370849898,41.903147853115,
    20.026774157225));
#5457 = DIRECTION('',(1.,0.,-0.));
#5458 = DIRECTION('',(0.,0.989949493661,0.141421356237));
#5459 = DEFINITIONAL_REPRESENTATION('',(#5460),#5463);
#5460 = B_SPLINE_CURVE_WITH_KNOTS('',1,(#5461,#5462),.UNSPECIFIED.,.F.,
  .F.,(2,2),(-51.53352134389,-49.33352134389),.PIECEWISE_BEZIER_KNOTS.);
#5461 = CARTESIAN_POINT('',(-7.105427357601E-15,-4.));
#5462 = CARTESIAN_POINT('',(2.2,-4.));
#5463 = ( GEOMETRIC_REPRESENTATION_CONTEXT(2) 
PARAMETRIC_REPRESENTATION_CONTEXT() REPRESENTATION_CONTEXT('2D SPACE',''
  ) );
#5464 = ORIENTED_EDGE('',*,*,#5465,.T.);
#5465 = EDGE_CURVE('',#5440,#5466,#5468,.T.);
#5466 = VERTEX_POINT('',#5467);
#5467 = CARTESIAN_POINT('',(10.313708498985,44.646722164119,
    16.378103166303));
#5468 = SURFACE_CURVE('',#5469,(#5473,#5479),.PCURVE_S1.);
#5469 = LINE('',#5470,#5471);
#5470 = CARTESIAN_POINT('',(-5.156854249492,44.646722164119,
    16.378103166303));
#5471 = VECTOR('',#5472,1.);
#5472 = DIRECTION('',(1.,0.,0.));
#5473 = PCURVE('',#1331,#5474);
#5474 = DEFINITIONAL_REPRESENTATION('',(#5475),#5478);
#5475 = B_SPLINE_CURVE_WITH_KNOTS('',1,(#5476,#5477),.UNSPECIFIED.,.F.,
  .F.,(2,2),(-5.156854249492,15.470562748477),.PIECEWISE_BEZIER_KNOTS.);
#5476 = CARTESIAN_POINT('',(100.86704268779,-10.31370849898));
#5477 = CARTESIAN_POINT('',(100.86704268779,10.313708498985));
#5478 = ( GEOMETRIC_REPRESENTATION_CONTEXT(2) 
PARAMETRIC_REPRESENTATION_CONTEXT() REPRESENTATION_CONTEXT('2D SPACE',''
  ) );
#5479 = PCURVE('',#5480,#5485);
#5480 = PLANE('',#5481);
#5481 = AXIS2_PLACEMENT_3D('',#5482,#5483,#5484);
#5482 = CARTESIAN_POINT('',(-10.31370849898,44.081036739169,
    20.337901140947));
#5483 = DIRECTION('',(0.,-0.989949493661,-0.141421356237));
#5484 = DIRECTION('',(1.,0.,0.));
#5485 = DEFINITIONAL_REPRESENTATION('',(#5486),#5489);
#5486 = B_SPLINE_CURVE_WITH_KNOTS('',1,(#5487,#5488),.UNSPECIFIED.,.F.,
  .F.,(2,2),(-5.156854249492,15.470562748477),.PIECEWISE_BEZIER_KNOTS.);
#5487 = CARTESIAN_POINT('',(0.,-4.));
#5488 = CARTESIAN_POINT('',(20.62741699797,-4.));
#5489 = ( GEOMETRIC_REPRESENTATION_CONTEXT(2) 
PARAMETRIC_REPRESENTATION_CONTEXT() REPRESENTATION_CONTEXT('2D SPACE',''
  ) );
#5490 = ORIENTED_EDGE('',*,*,#5491,.F.);
#5491 = EDGE_CURVE('',#5414,#5466,#5492,.T.);
#5492 = SURFACE_CURVE('',#5493,(#5497,#5503),.PCURVE_S1.);
#5493 = LINE('',#5494,#5495);
#5494 = CARTESIAN_POINT('',(10.313708498985,93.484416639032,
    23.354916662719));
#5495 = VECTOR('',#5496,1.);
#5496 = DIRECTION('',(0.,0.989949493661,0.141421356237));
#5497 = PCURVE('',#1331,#5498);
#5498 = DEFINITIONAL_REPRESENTATION('',(#5499),#5502);
#5499 = B_SPLINE_CURVE_WITH_KNOTS('',1,(#5500,#5501),.UNSPECIFIED.,.F.,
  .F.,(2,2),(-51.53352134389,-49.33352134389),.PIECEWISE_BEZIER_KNOTS.);
#5500 = CARTESIAN_POINT('',(103.06704268779,10.313708498985));
#5501 = CARTESIAN_POINT('',(100.86704268779,10.313708498985));
#5502 = ( GEOMETRIC_REPRESENTATION_CONTEXT(2) 
PARAMETRIC_REPRESENTATION_CONTEXT() REPRESENTATION_CONTEXT('2D SPACE',''
  ) );
#5503 = PCURVE('',#5504,#5509);
#5504 = PLANE('',#5505);
#5505 = AXIS2_PLACEMENT_3D('',#5506,#5507,#5508);
#5506 = CARTESIAN_POINT('',(10.313708498985,41.903147853115,
    20.026774157225));
#5507 = DIRECTION('',(1.,0.,-0.));
#5508 = DIRECTION('',(0.,0.989949493661,0.141421356237));
#5509 = DEFINITIONAL_REPRESENTATION('',(#5510),#5513);
#5510 = B_SPLINE_CURVE_WITH_KNOTS('',1,(#5511,#5512),.UNSPECIFIED.,.F.,
  .F.,(2,2),(-51.53352134389,-49.33352134389),.PIECEWISE_BEZIER_KNOTS.);
#5511 = CARTESIAN_POINT('',(-7.105427357601E-15,-4.));
#5512 = CARTESIAN_POINT('',(2.2,-4.));
#5513 = ( GEOMETRIC_REPRESENTATION_CONTEXT(2) 
PARAMETRIC_REPRESENTATION_CONTEXT() REPRESENTATION_CONTEXT('2D SPACE',''
  ) );
#5514 = FACE_BOUND('',#5515,.F.);
#5515 = EDGE_LOOP('',(#5516,#5544,#5570,#5596));
#5516 = ORIENTED_EDGE('',*,*,#5517,.F.);
#5517 = EDGE_CURVE('',#5518,#5520,#5522,.T.);
#5518 = VERTEX_POINT('',#5519);
#5519 = CARTESIAN_POINT('',(-7.944271909999,38.509035303419,
    15.501290757631));
#5520 = VERTEX_POINT('',#5521);
#5521 = CARTESIAN_POINT('',(7.944271909999,38.509035303419,
    15.501290757631));
#5522 = SURFACE_CURVE('',#5523,(#5527,#5533),.PCURVE_S1.);
#5523 = LINE('',#5524,#5525);
#5524 = CARTESIAN_POINT('',(-3.972135955,38.509035303419,15.501290757631
    ));
#5525 = VECTOR('',#5526,1.);
#5526 = DIRECTION('',(1.,0.,0.));
#5527 = PCURVE('',#1331,#5528);
#5528 = DEFINITIONAL_REPRESENTATION('',(#5529),#5532);
#5529 = B_SPLINE_CURVE_WITH_KNOTS('',1,(#5530,#5531),.UNSPECIFIED.,.F.,
  .F.,(2,2),(-3.972135955,11.916407864999),.PIECEWISE_BEZIER_KNOTS.);
#5530 = CARTESIAN_POINT('',(107.06704268779,-7.944271909999));
#5531 = CARTESIAN_POINT('',(107.06704268779,7.944271909999));
#5532 = ( GEOMETRIC_REPRESENTATION_CONTEXT(2) 
PARAMETRIC_REPRESENTATION_CONTEXT() REPRESENTATION_CONTEXT('2D SPACE',''
  ) );
#5533 = PCURVE('',#5534,#5539);
#5534 = PLANE('',#5535);
#5535 = AXIS2_PLACEMENT_3D('',#5536,#5537,#5538);
#5536 = CARTESIAN_POINT('',(-7.944271909999,37.94334987847,
    19.461088732276));
#5537 = DIRECTION('',(0.,-0.989949493661,-0.141421356237));
#5538 = DIRECTION('',(1.,0.,0.));
#5539 = DEFINITIONAL_REPRESENTATION('',(#5540),#5543);
#5540 = B_SPLINE_CURVE_WITH_KNOTS('',1,(#5541,#5542),.UNSPECIFIED.,.F.,
  .F.,(2,2),(-3.972135955,11.916407864999),.PIECEWISE_BEZIER_KNOTS.);
#5541 = CARTESIAN_POINT('',(0.,-4.));
#5542 = CARTESIAN_POINT('',(15.888543819998,-4.));
#5543 = ( GEOMETRIC_REPRESENTATION_CONTEXT(2) 
PARAMETRIC_REPRESENTATION_CONTEXT() REPRESENTATION_CONTEXT('2D SPACE',''
  ) );
#5544 = ORIENTED_EDGE('',*,*,#5545,.T.);
#5545 = EDGE_CURVE('',#5518,#5546,#5548,.T.);
#5546 = VERTEX_POINT('',#5547);
#5547 = CARTESIAN_POINT('',(-7.944271909999,40.686924189474,
    15.812417741353));
#5548 = SURFACE_CURVE('',#5549,(#5553,#5559),.PCURVE_S1.);
#5549 = LINE('',#5550,#5551);
#5550 = CARTESIAN_POINT('',(-7.944271909999,91.50451765171,
    23.072073950244));
#5551 = VECTOR('',#5552,1.);
#5552 = DIRECTION('',(0.,0.989949493661,0.141421356237));
#5553 = PCURVE('',#1331,#5554);
#5554 = DEFINITIONAL_REPRESENTATION('',(#5555),#5558);
#5555 = B_SPLINE_CURVE_WITH_KNOTS('',1,(#5556,#5557),.UNSPECIFIED.,.F.,
  .F.,(2,2),(-53.53352134389,-51.33352134389),.PIECEWISE_BEZIER_KNOTS.);
#5556 = CARTESIAN_POINT('',(107.06704268779,-7.944271909999));
#5557 = CARTESIAN_POINT('',(104.86704268779,-7.944271909999));
#5558 = ( GEOMETRIC_REPRESENTATION_CONTEXT(2) 
PARAMETRIC_REPRESENTATION_CONTEXT() REPRESENTATION_CONTEXT('2D SPACE',''
  ) );
#5559 = PCURVE('',#5560,#5565);
#5560 = PLANE('',#5561);
#5561 = AXIS2_PLACEMENT_3D('',#5562,#5563,#5564);
#5562 = CARTESIAN_POINT('',(-7.944271909999,37.94334987847,
    19.461088732276));
#5563 = DIRECTION('',(1.,0.,-0.));
#5564 = DIRECTION('',(0.,0.989949493661,0.141421356237));
#5565 = DEFINITIONAL_REPRESENTATION('',(#5566),#5569);
#5566 = B_SPLINE_CURVE_WITH_KNOTS('',1,(#5567,#5568),.UNSPECIFIED.,.F.,
  .F.,(2,2),(-53.53352134389,-51.33352134389),.PIECEWISE_BEZIER_KNOTS.);
#5567 = CARTESIAN_POINT('',(-7.105427357601E-15,-4.));
#5568 = CARTESIAN_POINT('',(2.2,-4.));
#5569 = ( GEOMETRIC_REPRESENTATION_CONTEXT(2) 
PARAMETRIC_REPRESENTATION_CONTEXT() REPRESENTATION_CONTEXT('2D SPACE',''
  ) );
#5570 = ORIENTED_EDGE('',*,*,#5571,.T.);
#5571 = EDGE_CURVE('',#5546,#5572,#5574,.T.);
#5572 = VERTEX_POINT('',#5573);
#5573 = CARTESIAN_POINT('',(7.944271909999,40.686924189474,
    15.812417741353));
#5574 = SURFACE_CURVE('',#5575,(#5579,#5585),.PCURVE_S1.);
#5575 = LINE('',#5576,#5577);
#5576 = CARTESIAN_POINT('',(-3.972135955,40.686924189474,15.812417741353
    ));
#5577 = VECTOR('',#5578,1.);
#5578 = DIRECTION('',(1.,0.,0.));
#5579 = PCURVE('',#1331,#5580);
#5580 = DEFINITIONAL_REPRESENTATION('',(#5581),#5584);
#5581 = B_SPLINE_CURVE_WITH_KNOTS('',1,(#5582,#5583),.UNSPECIFIED.,.F.,
  .F.,(2,2),(-3.972135955,11.916407864999),.PIECEWISE_BEZIER_KNOTS.);
#5582 = CARTESIAN_POINT('',(104.86704268779,-7.944271909999));
#5583 = CARTESIAN_POINT('',(104.86704268779,7.944271909999));
#5584 = ( GEOMETRIC_REPRESENTATION_CONTEXT(2) 
PARAMETRIC_REPRESENTATION_CONTEXT() REPRESENTATION_CONTEXT('2D SPACE',''
  ) );
#5585 = PCURVE('',#5586,#5591);
#5586 = PLANE('',#5587);
#5587 = AXIS2_PLACEMENT_3D('',#5588,#5589,#5590);
#5588 = CARTESIAN_POINT('',(-7.944271909999,40.121238764525,
    19.772215715998));
#5589 = DIRECTION('',(0.,-0.989949493661,-0.141421356237));
#5590 = DIRECTION('',(1.,0.,0.));
#5591 = DEFINITIONAL_REPRESENTATION('',(#5592),#5595);
#5592 = B_SPLINE_CURVE_WITH_KNOTS('',1,(#5593,#5594),.UNSPECIFIED.,.F.,
  .F.,(2,2),(-3.972135955,11.916407864999),.PIECEWISE_BEZIER_KNOTS.);
#5593 = CARTESIAN_POINT('',(0.,-4.));
#5594 = CARTESIAN_POINT('',(15.888543819998,-4.));
#5595 = ( GEOMETRIC_REPRESENTATION_CONTEXT(2) 
PARAMETRIC_REPRESENTATION_CONTEXT() REPRESENTATION_CONTEXT('2D SPACE',''
  ) );
#5596 = ORIENTED_EDGE('',*,*,#5597,.F.);
#5597 = EDGE_CURVE('',#5520,#5572,#5598,.T.);
#5598 = SURFACE_CURVE('',#5599,(#5603,#5609),.PCURVE_S1.);
#5599 = LINE('',#5600,#5601);
#5600 = CARTESIAN_POINT('',(7.944271909999,91.50451765171,
    23.072073950244));
#5601 = VECTOR('',#5602,1.);
#5602 = DIRECTION('',(0.,0.989949493661,0.141421356237));
#5603 = PCURVE('',#1331,#5604);
#5604 = DEFINITIONAL_REPRESENTATION('',(#5605),#5608);
#5605 = B_SPLINE_CURVE_WITH_KNOTS('',1,(#5606,#5607),.UNSPECIFIED.,.F.,
  .F.,(2,2),(-53.53352134389,-51.33352134389),.PIECEWISE_BEZIER_KNOTS.);
#5606 = CARTESIAN_POINT('',(107.06704268779,7.944271909999));
#5607 = CARTESIAN_POINT('',(104.86704268779,7.944271909999));
#5608 = ( GEOMETRIC_REPRESENTATION_CONTEXT(2) 
PARAMETRIC_REPRESENTATION_CONTEXT() REPRESENTATION_CONTEXT('2D SPACE',''
  ) );
#5609 = PCURVE('',#5610,#5615);
#5610 = PLANE('',#5611);
#5611 = AXIS2_PLACEMENT_3D('',#5612,#5613,#5614);
#5612 = CARTESIAN_POINT('',(7.944271909999,37.94334987847,
    19.461088732276));
#5613 = DIRECTION('',(1.,0.,-0.));
#5614 = DIRECTION('',(0.,0.989949493661,0.141421356237));
#5615 = DEFINITIONAL_REPRESENTATION('',(#5616),#5619);
#5616 = B_SPLINE_CURVE_WITH_KNOTS('',1,(#5617,#5618),.UNSPECIFIED.,.F.,
  .F.,(2,2),(-53.53352134389,-51.33352134389),.PIECEWISE_BEZIER_KNOTS.);
#5617 = CARTESIAN_POINT('',(-7.105427357601E-15,-4.));
#5618 = CARTESIAN_POINT('',(2.2,-4.));
#5619 = ( GEOMETRIC_REPRESENTATION_CONTEXT(2) 
PARAMETRIC_REPRESENTATION_CONTEXT() REPRESENTATION_CONTEXT('2D SPACE',''
  ) );
#5620 = FACE_BOUND('',#5621,.F.);
#5621 = EDGE_LOOP('',(#5622));
#5622 = ORIENTED_EDGE('',*,*,#5623,.T.);
#5623 = EDGE_CURVE('',#5624,#5624,#5626,.T.);
#5624 = VERTEX_POINT('',#5625);
#5625 = CARTESIAN_POINT('',(14.6,35.638181771802,15.091168824543));
#5626 = SURFACE_CURVE('',#5627,(#5632,#5643),.PCURVE_S1.);
#5627 = CIRCLE('',#5628,2.6);
#5628 = AXIS2_PLACEMENT_3D('',#5629,#5630,#5631);
#5629 = CARTESIAN_POINT('',(12.,35.638181771802,15.091168824543));
#5630 = DIRECTION('',(0.,0.141421356237,-0.989949493661));
#5631 = DIRECTION('',(1.,0.,0.));
#5632 = PCURVE('',#1331,#5633);
#5633 = DEFINITIONAL_REPRESENTATION('',(#5634),#5642);
#5634 = ( BOUNDED_CURVE() B_SPLINE_CURVE(2,(#5635,#5636,#5637,#5638,
#5639,#5640,#5641),.UNSPECIFIED.,.T.,.F.) B_SPLINE_CURVE_WITH_KNOTS((1,2
    ,2,2,2,1),(-2.094395102393,0.,2.094395102393,4.188790204786,
6.28318530718,8.377580409573),.UNSPECIFIED.) CURVE() 
GEOMETRIC_REPRESENTATION_ITEM() RATIONAL_B_SPLINE_CURVE((1.,0.5,1.,0.5,
1.,0.5,1.)) REPRESENTATION_ITEM('') );
#5635 = CARTESIAN_POINT('',(109.96704268779,14.6));
#5636 = CARTESIAN_POINT('',(114.47037478747,14.6));
#5637 = CARTESIAN_POINT('',(112.21870873763,10.7));
#5638 = CARTESIAN_POINT('',(109.96704268779,6.8));
#5639 = CARTESIAN_POINT('',(107.71537663795,10.7));
#5640 = CARTESIAN_POINT('',(105.46371058811,14.6));
#5641 = CARTESIAN_POINT('',(109.96704268779,14.6));
#5642 = ( GEOMETRIC_REPRESENTATION_CONTEXT(2) 
PARAMETRIC_REPRESENTATION_CONTEXT() REPRESENTATION_CONTEXT('2D SPACE',''
  ) );
#5643 = PCURVE('',#5644,#5649);
#5644 = CYLINDRICAL_SURFACE('',#5645,2.6);
#5645 = AXIS2_PLACEMENT_3D('',#5646,#5647,#5648);
#5646 = CARTESIAN_POINT('',(12.,35.652323907426,14.992173875177));
#5647 = DIRECTION('',(-0.,0.141421356237,-0.989949493661));
#5648 = DIRECTION('',(1.,0.,0.));
#5649 = DEFINITIONAL_REPRESENTATION('',(#5650),#5654);
#5650 = LINE('',#5651,#5652);
#5651 = CARTESIAN_POINT('',(-6.28318530718,-0.1));
#5652 = VECTOR('',#5653,1.);
#5653 = DIRECTION('',(1.,-0.));
#5654 = ( GEOMETRIC_REPRESENTATION_CONTEXT(2) 
PARAMETRIC_REPRESENTATION_CONTEXT() REPRESENTATION_CONTEXT('2D SPACE',''
  ) );
#5655 = FACE_BOUND('',#5656,.F.);
#5656 = EDGE_LOOP('',(#5657));
#5657 = ORIENTED_EDGE('',*,*,#5658,.F.);
#5658 = EDGE_CURVE('',#5659,#5659,#5661,.T.);
#5659 = VERTEX_POINT('',#5660);
#5660 = CARTESIAN_POINT('',(45.25,-46.87431693989,3.303669008587));
#5661 = SURFACE_CURVE('',#5662,(#5667,#5674),.PCURVE_S1.);
#5662 = ELLIPSE('',#5663,3.271328829985,3.25);
#5663 = AXIS2_PLACEMENT_3D('',#5664,#5665,#5666);
#5664 = CARTESIAN_POINT('',(42.,-46.87431693989,3.303669008587));
#5665 = DIRECTION('',(0.,-0.141421356237,0.989949493661));
#5666 = DIRECTION('',(0.,-0.989949493661,-0.141421356237));
#5667 = PCURVE('',#1331,#5668);
#5668 = DEFINITIONAL_REPRESENTATION('',(#5669),#5673);
#5669 = ELLIPSE('',#5670,3.271328829985,3.25);
#5670 = AXIS2_PLACEMENT_2D('',#5671,#5672);
#5671 = CARTESIAN_POINT('',(193.31725321877,42.));
#5672 = DIRECTION('',(1.,0.));
#5673 = ( GEOMETRIC_REPRESENTATION_CONTEXT(2) 
PARAMETRIC_REPRESENTATION_CONTEXT() REPRESENTATION_CONTEXT('2D SPACE',''
  ) );
#5674 = PCURVE('',#5675,#5680);
#5675 = CYLINDRICAL_SURFACE('',#5676,3.25);
#5676 = AXIS2_PLACEMENT_3D('',#5677,#5678,#5679);
#5677 = CARTESIAN_POINT('',(42.,-45.86010753737,-0.568766891938));
#5678 = DIRECTION('',(0.,-0.253359391838,0.96737222338));
#5679 = DIRECTION('',(1.,0.,0.));
#5680 = DEFINITIONAL_REPRESENTATION('',(#5681),#5698);
#5681 = B_SPLINE_CURVE_WITH_KNOTS('',8,(#5682,#5683,#5684,#5685,#5686,
    #5687,#5688,#5689,#5690,#5691,#5692,#5693,#5694,#5695,#5696,#5697),
  .UNSPECIFIED.,.F.,.F.,(9,7,9),(1.570796326795,4.712388980385,
    7.853981633974),.UNSPECIFIED.);
#5682 = CARTESIAN_POINT('',(-1.7763568394E-15,4.003046404407));
#5683 = CARTESIAN_POINT('',(0.392699081699,3.856588960002));
#5684 = CARTESIAN_POINT('',(0.785398163399,3.710130347816));
#5685 = CARTESIAN_POINT('',(1.178097245073,3.598100384941));
#5686 = CARTESIAN_POINT('',(1.570796326855,3.554834651481));
#5687 = CARTESIAN_POINT('',(1.963495408466,3.59810038493));
#5688 = CARTESIAN_POINT('',(2.356194490197,3.710130347817));
#5689 = CARTESIAN_POINT('',(2.748893571891,3.856588960002));
#5690 = CARTESIAN_POINT('',(3.534291735289,4.149503848811));
#5691 = CARTESIAN_POINT('',(3.926990816987,4.295962460996));
#5692 = CARTESIAN_POINT('',(4.319689898654,4.407992423858));
#5693 = CARTESIAN_POINT('',(4.712388980425,4.451258157336));
#5694 = CARTESIAN_POINT('',(5.105088062043,4.407992423859));
#5695 = CARTESIAN_POINT('',(5.497787143776,4.295962460998));
#5696 = CARTESIAN_POINT('',(5.890486225481,4.149503848811));
#5697 = CARTESIAN_POINT('',(6.28318530718,4.003046404407));
#5698 = ( GEOMETRIC_REPRESENTATION_CONTEXT(2) 
PARAMETRIC_REPRESENTATION_CONTEXT() REPRESENTATION_CONTEXT('2D SPACE',''
  ) );
#5699 = ADVANCED_FACE('',(#5700),#1410,.F.);
#5700 = FACE_BOUND('',#5701,.F.);
#5701 = EDGE_LOOP('',(#5702,#5723,#5724));
#5702 = ORIENTED_EDGE('',*,*,#5703,.T.);
#5703 = EDGE_CURVE('',#1370,#4794,#5704,.T.);
#5704 = SURFACE_CURVE('',#5705,(#5709,#5716),.PCURVE_S1.);
#5705 = LINE('',#5706,#5707);
#5706 = CARTESIAN_POINT('',(22.75,160.,6.31));
#5707 = VECTOR('',#5708,1.);
#5708 = DIRECTION('',(0.,-0.554630291698,0.832096893115));
#5709 = PCURVE('',#1410,#5710);
#5710 = DEFINITIONAL_REPRESENTATION('',(#5711),#5715);
#5711 = LINE('',#5712,#5713);
#5712 = CARTESIAN_POINT('',(-9.544107246275,-20.30874821951));
#5713 = VECTOR('',#5714,1.);
#5714 = DIRECTION('',(0.554630291698,0.832096893115));
#5715 = ( GEOMETRIC_REPRESENTATION_CONTEXT(2) 
PARAMETRIC_REPRESENTATION_CONTEXT() REPRESENTATION_CONTEXT('2D SPACE',''
  ) );
#5716 = PCURVE('',#1384,#5717);
#5717 = DEFINITIONAL_REPRESENTATION('',(#5718),#5722);
#5718 = LINE('',#5719,#5720);
#5719 = CARTESIAN_POINT('',(0.,22.75));
#5720 = VECTOR('',#5721,1.);
#5721 = DIRECTION('',(1.,0.));
#5722 = ( GEOMETRIC_REPRESENTATION_CONTEXT(2) 
PARAMETRIC_REPRESENTATION_CONTEXT() REPRESENTATION_CONTEXT('2D SPACE',''
  ) );
#5723 = ORIENTED_EDGE('',*,*,#4793,.F.);
#5724 = ORIENTED_EDGE('',*,*,#1395,.F.);
#5725 = ADVANCED_FACE('',(#5726),#1384,.F.);
#5726 = FACE_BOUND('',#5727,.F.);
#5727 = EDGE_LOOP('',(#5728,#5729,#5750,#5751));
#5728 = ORIENTED_EDGE('',*,*,#1369,.F.);
#5729 = ORIENTED_EDGE('',*,*,#5730,.T.);
#5730 = EDGE_CURVE('',#1344,#4815,#5731,.T.);
#5731 = SURFACE_CURVE('',#5732,(#5736,#5743),.PCURVE_S1.);
#5732 = LINE('',#5733,#5734);
#5733 = CARTESIAN_POINT('',(-22.75,160.,6.31));
#5734 = VECTOR('',#5735,1.);
#5735 = DIRECTION('',(0.,-0.554630291698,0.832096893115));
#5736 = PCURVE('',#1384,#5737);
#5737 = DEFINITIONAL_REPRESENTATION('',(#5738),#5742);
#5738 = LINE('',#5739,#5740);
#5739 = CARTESIAN_POINT('',(0.,-22.75));
#5740 = VECTOR('',#5741,1.);
#5741 = DIRECTION('',(1.,0.));
#5742 = ( GEOMETRIC_REPRESENTATION_CONTEXT(2) 
PARAMETRIC_REPRESENTATION_CONTEXT() REPRESENTATION_CONTEXT('2D SPACE',''
  ) );
#5743 = PCURVE('',#1358,#5744);
#5744 = DEFINITIONAL_REPRESENTATION('',(#5745),#5749);
#5745 = LINE('',#5746,#5747);
#5746 = CARTESIAN_POINT('',(-9.544107246275,-20.30874821951));
#5747 = VECTOR('',#5748,1.);
#5748 = DIRECTION('',(0.554630291698,0.832096893115));
#5749 = ( GEOMETRIC_REPRESENTATION_CONTEXT(2) 
PARAMETRIC_REPRESENTATION_CONTEXT() REPRESENTATION_CONTEXT('2D SPACE',''
  ) );
#5750 = ORIENTED_EDGE('',*,*,#4814,.F.);
#5751 = ORIENTED_EDGE('',*,*,#5703,.F.);
#5752 = ADVANCED_FACE('',(#5753),#1358,.T.);
#5753 = FACE_BOUND('',#5754,.T.);
#5754 = EDGE_LOOP('',(#5755,#5756,#5757));
#5755 = ORIENTED_EDGE('',*,*,#5730,.T.);
#5756 = ORIENTED_EDGE('',*,*,#4835,.F.);
#5757 = ORIENTED_EDGE('',*,*,#1343,.F.);
#5758 = ADVANCED_FACE('',(#5759),#1641,.T.);
#5759 = FACE_BOUND('',#5760,.T.);
#5760 = EDGE_LOOP('',(#5761,#5783,#5803,#5804));
#5761 = ORIENTED_EDGE('',*,*,#5762,.F.);
#5762 = EDGE_CURVE('',#5763,#1598,#5765,.T.);
#5763 = VERTEX_POINT('',#5764);
#5764 = CARTESIAN_POINT('',(-42.,142.49766191422,34.397419023098));
#5765 = SURFACE_CURVE('',#5766,(#5770,#5777),.PCURVE_S1.);
#5766 = LINE('',#5767,#5768);
#5767 = CARTESIAN_POINT('',(-42.,153.83881550472,-8.905167413378));
#5768 = VECTOR('',#5769,1.);
#5769 = DIRECTION('',(0.,-0.253359391838,0.96737222338));
#5770 = PCURVE('',#1641,#5771);
#5771 = DEFINITIONAL_REPRESENTATION('',(#5772),#5776);
#5772 = LINE('',#5773,#5774);
#5773 = CARTESIAN_POINT('',(0.,5.));
#5774 = VECTOR('',#5775,1.);
#5775 = DIRECTION('',(1.,0.));
#5776 = ( GEOMETRIC_REPRESENTATION_CONTEXT(2) 
PARAMETRIC_REPRESENTATION_CONTEXT() REPRESENTATION_CONTEXT('2D SPACE',''
  ) );
#5777 = PCURVE('',#1614,#5778);
#5778 = DEFINITIONAL_REPRESENTATION('',(#5779),#5782);
#5779 = B_SPLINE_CURVE_WITH_KNOTS('',1,(#5780,#5781),.UNSPECIFIED.,.F.,
  .F.,(2,2),(0.,150.),.PIECEWISE_BEZIER_KNOTS.);
#5780 = CARTESIAN_POINT('',(7.853981633974,0.));
#5781 = CARTESIAN_POINT('',(7.853981633974,150.));
#5782 = ( GEOMETRIC_REPRESENTATION_CONTEXT(2) 
PARAMETRIC_REPRESENTATION_CONTEXT() REPRESENTATION_CONTEXT('2D SPACE',''
  ) );
#5783 = ORIENTED_EDGE('',*,*,#5784,.T.);
#5784 = EDGE_CURVE('',#5763,#3245,#5785,.T.);
#5785 = SURFACE_CURVE('',#5786,(#5790,#5796),.PCURVE_S1.);
#5786 = LINE('',#5787,#5788);
#5787 = CARTESIAN_POINT('',(-23.5,142.49766191422,34.397419023098));
#5788 = VECTOR('',#5789,1.);
#5789 = DIRECTION('',(-1.,0.,0.));
#5790 = PCURVE('',#1641,#5791);
#5791 = DEFINITIONAL_REPRESENTATION('',(#5792),#5795);
#5792 = B_SPLINE_CURVE_WITH_KNOTS('',1,(#5793,#5794),.UNSPECIFIED.,.F.,
  .F.,(2,2),(18.5,22.5),.PIECEWISE_BEZIER_KNOTS.);
#5793 = CARTESIAN_POINT('',(44.763107095597,5.));
#5794 = CARTESIAN_POINT('',(44.763107095597,1.));
#5795 = ( GEOMETRIC_REPRESENTATION_CONTEXT(2) 
PARAMETRIC_REPRESENTATION_CONTEXT() REPRESENTATION_CONTEXT('2D SPACE',''
  ) );
#5796 = PCURVE('',#3260,#5797);
#5797 = DEFINITIONAL_REPRESENTATION('',(#5798),#5802);
#5798 = LINE('',#5799,#5800);
#5799 = CARTESIAN_POINT('',(4.320164123772,-23.5));
#5800 = VECTOR('',#5801,1.);
#5801 = DIRECTION('',(-0.,-1.));
#5802 = ( GEOMETRIC_REPRESENTATION_CONTEXT(2) 
PARAMETRIC_REPRESENTATION_CONTEXT() REPRESENTATION_CONTEXT('2D SPACE',''
  ) );
#5803 = ORIENTED_EDGE('',*,*,#3272,.F.);
#5804 = ORIENTED_EDGE('',*,*,#1626,.T.);
#5805 = ADVANCED_FACE('',(#5806),#1614,.T.);
#5806 = FACE_BOUND('',#5807,.T.);
#5807 = EDGE_LOOP('',(#5808,#5830,#5863,#5864));
#5808 = ORIENTED_EDGE('',*,*,#5809,.F.);
#5809 = EDGE_CURVE('',#5810,#1572,#5812,.T.);
#5810 = VERTEX_POINT('',#5811);
#5811 = CARTESIAN_POINT('',(-42.,132.5331993947,32.973924377452));
#5812 = SURFACE_CURVE('',#5813,(#5817,#5823),.PCURVE_S1.);
#5813 = LINE('',#5814,#5815);
#5814 = CARTESIAN_POINT('',(-42.,144.16509327092,-11.43876133175));
#5815 = VECTOR('',#5816,1.);
#5816 = DIRECTION('',(0.,-0.253359391838,0.96737222338));
#5817 = PCURVE('',#1614,#5818);
#5818 = DEFINITIONAL_REPRESENTATION('',(#5819),#5822);
#5819 = B_SPLINE_CURVE_WITH_KNOTS('',1,(#5820,#5821),.UNSPECIFIED.,.F.,
  .F.,(2,2),(0.,150.),.PIECEWISE_BEZIER_KNOTS.);
#5820 = CARTESIAN_POINT('',(4.712388980385,0.));
#5821 = CARTESIAN_POINT('',(4.712388980385,150.));
#5822 = ( GEOMETRIC_REPRESENTATION_CONTEXT(2) 
PARAMETRIC_REPRESENTATION_CONTEXT() REPRESENTATION_CONTEXT('2D SPACE',''
  ) );
#5823 = PCURVE('',#1586,#5824);
#5824 = DEFINITIONAL_REPRESENTATION('',(#5825),#5829);
#5825 = LINE('',#5826,#5827);
#5826 = CARTESIAN_POINT('',(0.,5.));
#5827 = VECTOR('',#5828,1.);
#5828 = DIRECTION('',(1.,0.));
#5829 = ( GEOMETRIC_REPRESENTATION_CONTEXT(2) 
PARAMETRIC_REPRESENTATION_CONTEXT() REPRESENTATION_CONTEXT('2D SPACE',''
  ) );
#5830 = ORIENTED_EDGE('',*,*,#5831,.T.);
#5831 = EDGE_CURVE('',#5810,#5763,#5832,.T.);
#5832 = SURFACE_CURVE('',#5833,(#5838,#5856),.PCURVE_S1.);
#5833 = ELLIPSE('',#5834,5.032813584593,5.);
#5834 = AXIS2_PLACEMENT_3D('',#5835,#5836,#5837);
#5835 = CARTESIAN_POINT('',(-42.,137.51543065446,33.685671700275));
#5836 = DIRECTION('',(0.,-0.141421356237,0.989949493661));
#5837 = DIRECTION('',(0.,-0.989949493661,-0.141421356237));
#5838 = PCURVE('',#1614,#5839);
#5839 = DEFINITIONAL_REPRESENTATION('',(#5840),#5855);
#5840 = B_SPLINE_CURVE_WITH_KNOTS('',7,(#5841,#5842,#5843,#5844,#5845,
    #5846,#5847,#5848,#5849,#5850,#5851,#5852,#5853,#5854),
  .UNSPECIFIED.,.F.,.F.,(8,6,8),(0.,1.570796326795,3.14159265359),
  .UNSPECIFIED.);
#5841 = CARTESIAN_POINT('',(4.712388980385,45.910648079203));
#5842 = CARTESIAN_POINT('',(4.936788455641,45.910648079203));
#5843 = CARTESIAN_POINT('',(5.161187930898,45.876939824431));
#5844 = CARTESIAN_POINT('',(5.385587406154,45.809528204802));
#5845 = CARTESIAN_POINT('',(5.60998688141,45.712551995639));
#5846 = CARTESIAN_POINT('',(5.834386356667,45.594384659144));
#5847 = CARTESIAN_POINT('',(6.058785831923,45.465631384678));
#5848 = CARTESIAN_POINT('',(6.507584782436,45.208123790122));
#5849 = CARTESIAN_POINT('',(6.731984257692,45.079370515663));
#5850 = CARTESIAN_POINT('',(6.956383732949,44.961203179188));
#5851 = CARTESIAN_POINT('',(7.180783208205,44.864226970007));
#5852 = CARTESIAN_POINT('',(7.405182683462,44.796815350379));
#5853 = CARTESIAN_POINT('',(7.629582158718,44.763107095597));
#5854 = CARTESIAN_POINT('',(7.853981633974,44.763107095597));
#5855 = ( GEOMETRIC_REPRESENTATION_CONTEXT(2) 
PARAMETRIC_REPRESENTATION_CONTEXT() REPRESENTATION_CONTEXT('2D SPACE',''
  ) );
#5856 = PCURVE('',#3260,#5857);
#5857 = DEFINITIONAL_REPRESENTATION('',(#5858),#5862);
#5858 = ELLIPSE('',#5859,5.032813584593,5.);
#5859 = AXIS2_PLACEMENT_2D('',#5860,#5861);
#5860 = CARTESIAN_POINT('',(9.352977708365,-42.));
#5861 = DIRECTION('',(1.,0.));
#5862 = ( GEOMETRIC_REPRESENTATION_CONTEXT(2) 
PARAMETRIC_REPRESENTATION_CONTEXT() REPRESENTATION_CONTEXT('2D SPACE',''
  ) );
#5863 = ORIENTED_EDGE('',*,*,#5762,.T.);
#5864 = ORIENTED_EDGE('',*,*,#1597,.F.);
#5865 = ADVANCED_FACE('',(#5866),#1586,.F.);
#5866 = FACE_BOUND('',#5867,.F.);
#5867 = EDGE_LOOP('',(#5868,#5869,#5891,#5910));
#5868 = ORIENTED_EDGE('',*,*,#5809,.F.);
#5869 = ORIENTED_EDGE('',*,*,#5870,.T.);
#5870 = EDGE_CURVE('',#5810,#5871,#5873,.T.);
#5871 = VERTEX_POINT('',#5872);
#5872 = CARTESIAN_POINT('',(-46.,132.5331993947,32.973924377452));
#5873 = SURFACE_CURVE('',#5874,(#5878,#5884),.PCURVE_S1.);
#5874 = LINE('',#5875,#5876);
#5875 = CARTESIAN_POINT('',(-23.5,132.5331993947,32.973924377452));
#5876 = VECTOR('',#5877,1.);
#5877 = DIRECTION('',(-1.,0.,0.));
#5878 = PCURVE('',#1586,#5879);
#5879 = DEFINITIONAL_REPRESENTATION('',(#5880),#5883);
#5880 = B_SPLINE_CURVE_WITH_KNOTS('',1,(#5881,#5882),.UNSPECIFIED.,.F.,
  .F.,(2,2),(18.5,22.5),.PIECEWISE_BEZIER_KNOTS.);
#5881 = CARTESIAN_POINT('',(45.910648079203,5.));
#5882 = CARTESIAN_POINT('',(45.910648079203,1.));
#5883 = ( GEOMETRIC_REPRESENTATION_CONTEXT(2) 
PARAMETRIC_REPRESENTATION_CONTEXT() REPRESENTATION_CONTEXT('2D SPACE',''
  ) );
#5884 = PCURVE('',#3260,#5885);
#5885 = DEFINITIONAL_REPRESENTATION('',(#5886),#5890);
#5886 = LINE('',#5887,#5888);
#5887 = CARTESIAN_POINT('',(14.385791292958,-23.5));
#5888 = VECTOR('',#5889,1.);
#5889 = DIRECTION('',(-0.,-1.));
#5890 = ( GEOMETRIC_REPRESENTATION_CONTEXT(2) 
PARAMETRIC_REPRESENTATION_CONTEXT() REPRESENTATION_CONTEXT('2D SPACE',''
  ) );
#5891 = ORIENTED_EDGE('',*,*,#5892,.F.);
#5892 = EDGE_CURVE('',#1546,#5871,#5893,.T.);
#5893 = SURFACE_CURVE('',#5894,(#5898,#5904),.PCURVE_S1.);
#5894 = LINE('',#5895,#5896);
#5895 = CARTESIAN_POINT('',(-46.,135.70630204308,20.858441538197));
#5896 = VECTOR('',#5897,1.);
#5897 = DIRECTION('',(0.,0.253359391838,-0.96737222338));
#5898 = PCURVE('',#1586,#5899);
#5899 = DEFINITIONAL_REPRESENTATION('',(#5900),#5903);
#5900 = B_SPLINE_CURVE_WITH_KNOTS('',1,(#5901,#5902),.UNSPECIFIED.,.F.,
  .F.,(2,2),(-64.83040221069,-8.497866061092),.PIECEWISE_BEZIER_KNOTS.);
#5901 = CARTESIAN_POINT('',(98.216933361126,1.));
#5902 = CARTESIAN_POINT('',(41.884397211529,1.));
#5903 = ( GEOMETRIC_REPRESENTATION_CONTEXT(2) 
PARAMETRIC_REPRESENTATION_CONTEXT() REPRESENTATION_CONTEXT('2D SPACE',''
  ) );
#5904 = PCURVE('',#1560,#5905);
#5905 = DEFINITIONAL_REPRESENTATION('',(#5906),#5909);
#5906 = B_SPLINE_CURVE_WITH_KNOTS('',1,(#5907,#5908),.UNSPECIFIED.,.F.,
  .F.,(2,2),(-64.83040221069,-8.497866061092),.PIECEWISE_BEZIER_KNOTS.);
#5907 = CARTESIAN_POINT('',(-58.71782081873,47.88289482932));
#5908 = CARTESIAN_POINT('',(-72.99019791826,-6.611635914364));
#5909 = ( GEOMETRIC_REPRESENTATION_CONTEXT(2) 
PARAMETRIC_REPRESENTATION_CONTEXT() REPRESENTATION_CONTEXT('2D SPACE',''
  ) );
#5910 = ORIENTED_EDGE('',*,*,#1571,.T.);
#5911 = ADVANCED_FACE('',(#5912),#1560,.F.);
#5912 = FACE_BOUND('',#5913,.F.);
#5913 = EDGE_LOOP('',(#5914,#5915,#5916,#5939));
#5914 = ORIENTED_EDGE('',*,*,#1545,.T.);
#5915 = ORIENTED_EDGE('',*,*,#5892,.T.);
#5916 = ORIENTED_EDGE('',*,*,#5917,.T.);
#5917 = EDGE_CURVE('',#5871,#5918,#5920,.T.);
#5918 = VERTEX_POINT('',#5919);
#5919 = CARTESIAN_POINT('',(-46.,117.5,30.826324463923));
#5920 = SURFACE_CURVE('',#5921,(#5925,#5932),.PCURVE_S1.);
#5921 = LINE('',#5922,#5923);
#5922 = CARTESIAN_POINT('',(-46.,143.93431457505,34.602655117502));
#5923 = VECTOR('',#5924,1.);
#5924 = DIRECTION('',(0.,-0.989949493661,-0.141421356237));
#5925 = PCURVE('',#1560,#5926);
#5926 = DEFINITIONAL_REPRESENTATION('',(#5927),#5931);
#5927 = LINE('',#5928,#5929);
#5928 = CARTESIAN_POINT('',(-83.37122462739,-1.088021920566));
#5929 = VECTOR('',#5930,1.);
#5930 = DIRECTION('',(0.989949493661,-0.141421356237));
#5931 = ( GEOMETRIC_REPRESENTATION_CONTEXT(2) 
PARAMETRIC_REPRESENTATION_CONTEXT() REPRESENTATION_CONTEXT('2D SPACE',''
  ) );
#5932 = PCURVE('',#3260,#5933);
#5933 = DEFINITIONAL_REPRESENTATION('',(#5934),#5938);
#5934 = LINE('',#5935,#5936);
#5935 = CARTESIAN_POINT('',(2.868925782798,-46.));
#5936 = VECTOR('',#5937,1.);
#5937 = DIRECTION('',(1.,0.));
#5938 = ( GEOMETRIC_REPRESENTATION_CONTEXT(2) 
PARAMETRIC_REPRESENTATION_CONTEXT() REPRESENTATION_CONTEXT('2D SPACE',''
  ) );
#5939 = ORIENTED_EDGE('',*,*,#5940,.T.);
#5940 = EDGE_CURVE('',#5918,#1520,#5941,.T.);
#5941 = SURFACE_CURVE('',#5942,(#5946,#5952),.PCURVE_S1.);
#5942 = LINE('',#5943,#5944);
#5943 = CARTESIAN_POINT('',(-46.,117.5,67.845338519034));
#5944 = VECTOR('',#5945,1.);
#5945 = DIRECTION('',(-0.,0.,1.));
#5946 = PCURVE('',#1560,#5947);
#5947 = DEFINITIONAL_REPRESENTATION('',(#5948),#5951);
#5948 = B_SPLINE_CURVE_WITH_KNOTS('',1,(#5949,#5950),.UNSPECIFIED.,.F.,
  .F.,(2,2),(-39.24134965312,-6.738195661891),.PIECEWISE_BEZIER_KNOTS.);
#5949 = CARTESIAN_POINT('',(-56.93691005234,-7.086688172159));
#5950 = CARTESIAN_POINT('',(-56.93691005234,25.416465819075));
#5951 = ( GEOMETRIC_REPRESENTATION_CONTEXT(2) 
PARAMETRIC_REPRESENTATION_CONTEXT() REPRESENTATION_CONTEXT('2D SPACE',''
  ) );
#5952 = PCURVE('',#1534,#5953);
#5953 = DEFINITIONAL_REPRESENTATION('',(#5954),#5957);
#5954 = B_SPLINE_CURVE_WITH_KNOTS('',1,(#5955,#5956),.UNSPECIFIED.,.F.,
  .F.,(2,2),(-39.24134965312,-6.738195661891),.PIECEWISE_BEZIER_KNOTS.);
#5955 = CARTESIAN_POINT('',(8.5,-71.39601113409));
#5956 = CARTESIAN_POINT('',(8.5,-38.89285714285));
#5957 = ( GEOMETRIC_REPRESENTATION_CONTEXT(2) 
PARAMETRIC_REPRESENTATION_CONTEXT() REPRESENTATION_CONTEXT('2D SPACE',''
  ) );
#5958 = ADVANCED_FACE('',(#5959),#1534,.F.);
#5959 = FACE_BOUND('',#5960,.F.);
#5960 = EDGE_LOOP('',(#5961,#5983,#6004,#6025,#6044,#6045));
#5961 = ORIENTED_EDGE('',*,*,#5962,.T.);
#5962 = EDGE_CURVE('',#5918,#5963,#5965,.T.);
#5963 = VERTEX_POINT('',#5964);
#5964 = CARTESIAN_POINT('',(-45.,117.5,30.826324463923));
#5965 = SURFACE_CURVE('',#5966,(#5970,#5976),.PCURVE_S1.);
#5966 = LINE('',#5967,#5968);
#5967 = CARTESIAN_POINT('',(-27.25,117.5,30.826324463923));
#5968 = VECTOR('',#5969,1.);
#5969 = DIRECTION('',(1.,0.,0.));
#5970 = PCURVE('',#1534,#5971);
#5971 = DEFINITIONAL_REPRESENTATION('',(#5972),#5975);
#5972 = B_SPLINE_CURVE_WITH_KNOTS('',1,(#5973,#5974),.UNSPECIFIED.,.F.,
  .F.,(2,2),(-18.75,-2.25),.PIECEWISE_BEZIER_KNOTS.);
#5973 = CARTESIAN_POINT('',(8.5,-69.17367553607));
#5974 = CARTESIAN_POINT('',(25.,-69.17367553607));
#5975 = ( GEOMETRIC_REPRESENTATION_CONTEXT(2) 
PARAMETRIC_REPRESENTATION_CONTEXT() REPRESENTATION_CONTEXT('2D SPACE',''
  ) );
#5976 = PCURVE('',#3260,#5977);
#5977 = DEFINITIONAL_REPRESENTATION('',(#5978),#5982);
#5978 = LINE('',#5979,#5980);
#5979 = CARTESIAN_POINT('',(29.571615914279,-27.25));
#5980 = VECTOR('',#5981,1.);
#5981 = DIRECTION('',(0.,1.));
#5982 = ( GEOMETRIC_REPRESENTATION_CONTEXT(2) 
PARAMETRIC_REPRESENTATION_CONTEXT() REPRESENTATION_CONTEXT('2D SPACE',''
  ) );
#5983 = ORIENTED_EDGE('',*,*,#5984,.T.);
#5984 = EDGE_CURVE('',#5963,#5985,#5987,.T.);
#5985 = VERTEX_POINT('',#5986);
#5986 = CARTESIAN_POINT('',(-45.,117.5,61.107142857143));
#5987 = SURFACE_CURVE('',#5988,(#5992,#5998),.PCURVE_S1.);
#5988 = LINE('',#5989,#5990);
#5989 = CARTESIAN_POINT('',(-45.,117.5,67.845338519034));
#5990 = VECTOR('',#5991,1.);
#5991 = DIRECTION('',(-0.,0.,1.));
#5992 = PCURVE('',#1534,#5993);
#5993 = DEFINITIONAL_REPRESENTATION('',(#5994),#5997);
#5994 = B_SPLINE_CURVE_WITH_KNOTS('',1,(#5995,#5996),.UNSPECIFIED.,.F.,
  .F.,(2,2),(-63.84533851903,11.397100310264),.PIECEWISE_BEZIER_KNOTS.);
#5995 = CARTESIAN_POINT('',(9.5,-96.));
#5996 = CARTESIAN_POINT('',(9.5,-20.7575611707));
#5997 = ( GEOMETRIC_REPRESENTATION_CONTEXT(2) 
PARAMETRIC_REPRESENTATION_CONTEXT() REPRESENTATION_CONTEXT('2D SPACE',''
  ) );
#5998 = PCURVE('',#1790,#5999);
#5999 = DEFINITIONAL_REPRESENTATION('',(#6000),#6003);
#6000 = B_SPLINE_CURVE_WITH_KNOTS('',1,(#6001,#6002),.UNSPECIFIED.,.F.,
  .F.,(2,2),(-63.84533851903,11.397100310264),.PIECEWISE_BEZIER_KNOTS.);
#6001 = CARTESIAN_POINT('',(-56.93691005234,-31.69067703806));
#6002 = CARTESIAN_POINT('',(-56.93691005234,43.55176179123));
#6003 = ( GEOMETRIC_REPRESENTATION_CONTEXT(2) 
PARAMETRIC_REPRESENTATION_CONTEXT() REPRESENTATION_CONTEXT('2D SPACE',''
  ) );
#6004 = ORIENTED_EDGE('',*,*,#6005,.F.);
#6005 = EDGE_CURVE('',#6006,#5985,#6008,.T.);
#6006 = VERTEX_POINT('',#6007);
#6007 = CARTESIAN_POINT('',(-48.2,117.5,61.107142857143));
#6008 = SURFACE_CURVE('',#6009,(#6013,#6019),.PCURVE_S1.);
#6009 = LINE('',#6010,#6011);
#6010 = CARTESIAN_POINT('',(-27.25,117.5,61.107142857143));
#6011 = VECTOR('',#6012,1.);
#6012 = DIRECTION('',(1.,0.,0.));
#6013 = PCURVE('',#1534,#6014);
#6014 = DEFINITIONAL_REPRESENTATION('',(#6015),#6018);
#6015 = B_SPLINE_CURVE_WITH_KNOTS('',1,(#6016,#6017),.UNSPECIFIED.,.F.,
  .F.,(2,2),(-20.95,-2.25),.PIECEWISE_BEZIER_KNOTS.);
#6016 = CARTESIAN_POINT('',(6.3,-38.89285714285));
#6017 = CARTESIAN_POINT('',(25.,-38.89285714285));
#6018 = ( GEOMETRIC_REPRESENTATION_CONTEXT(2) 
PARAMETRIC_REPRESENTATION_CONTEXT() REPRESENTATION_CONTEXT('2D SPACE',''
  ) );
#6019 = PCURVE('',#1766,#6020);
#6020 = DEFINITIONAL_REPRESENTATION('',(#6021),#6024);
#6021 = B_SPLINE_CURVE_WITH_KNOTS('',1,(#6022,#6023),.UNSPECIFIED.,.F.,
  .F.,(2,2),(-20.95,-2.25),.PIECEWISE_BEZIER_KNOTS.);
#6022 = CARTESIAN_POINT('',(23.258885727956,-48.2));
#6023 = CARTESIAN_POINT('',(23.258885727956,-29.5));
#6024 = ( GEOMETRIC_REPRESENTATION_CONTEXT(2) 
PARAMETRIC_REPRESENTATION_CONTEXT() REPRESENTATION_CONTEXT('2D SPACE',''
  ) );
#6025 = ORIENTED_EDGE('',*,*,#6026,.F.);
#6026 = EDGE_CURVE('',#1494,#6006,#6027,.T.);
#6027 = SURFACE_CURVE('',#6028,(#6032,#6038),.PCURVE_S1.);
#6028 = LINE('',#6029,#6030);
#6029 = CARTESIAN_POINT('',(-48.2,117.5,67.845338519034));
#6030 = VECTOR('',#6031,1.);
#6031 = DIRECTION('',(-0.,0.,1.));
#6032 = PCURVE('',#1534,#6033);
#6033 = DEFINITIONAL_REPRESENTATION('',(#6034),#6037);
#6034 = B_SPLINE_CURVE_WITH_KNOTS('',1,(#6035,#6036),.UNSPECIFIED.,.F.,
  .F.,(2,2),(-66.04533851903,16.76375895415),.PIECEWISE_BEZIER_KNOTS.);
#6035 = CARTESIAN_POINT('',(6.3,-98.2));
#6036 = CARTESIAN_POINT('',(6.3,-15.39090252681));
#6037 = ( GEOMETRIC_REPRESENTATION_CONTEXT(2) 
PARAMETRIC_REPRESENTATION_CONTEXT() REPRESENTATION_CONTEXT('2D SPACE',''
  ) );
#6038 = PCURVE('',#1508,#6039);
#6039 = DEFINITIONAL_REPRESENTATION('',(#6040),#6043);
#6040 = B_SPLINE_CURVE_WITH_KNOTS('',1,(#6041,#6042),.UNSPECIFIED.,.F.,
  .F.,(2,2),(-66.04533851903,16.76375895415),.PIECEWISE_BEZIER_KNOTS.);
#6041 = CARTESIAN_POINT('',(-56.93691005234,-33.89067703806));
#6042 = CARTESIAN_POINT('',(-56.93691005234,48.918420435116));
#6043 = ( GEOMETRIC_REPRESENTATION_CONTEXT(2) 
PARAMETRIC_REPRESENTATION_CONTEXT() REPRESENTATION_CONTEXT('2D SPACE',''
  ) );
#6044 = ORIENTED_EDGE('',*,*,#1519,.T.);
#6045 = ORIENTED_EDGE('',*,*,#5940,.F.);
#6046 = ADVANCED_FACE('',(#6047),#1508,.T.);
#6047 = FACE_BOUND('',#6048,.T.);
#6048 = EDGE_LOOP('',(#6049,#6050,#6051,#6052));
#6049 = ORIENTED_EDGE('',*,*,#6026,.F.);
#6050 = ORIENTED_EDGE('',*,*,#1493,.T.);
#6051 = ORIENTED_EDGE('',*,*,#1730,.F.);
#6052 = ORIENTED_EDGE('',*,*,#6053,.T.);
#6053 = EDGE_CURVE('',#1731,#6006,#6054,.T.);
#6054 = SURFACE_CURVE('',#6055,(#6059,#6065),.PCURVE_S1.);
#6055 = LINE('',#6056,#6057);
#6056 = CARTESIAN_POINT('',(-48.2,98.994266169563,56.260403044409));
#6057 = VECTOR('',#6058,1.);
#6058 = DIRECTION('',(-0.,0.96737222338,0.253359391838));
#6059 = PCURVE('',#1508,#6060);
#6060 = DEFINITIONAL_REPRESENTATION('',(#6061),#6064);
#6061 = B_SPLINE_CURVE_WITH_KNOTS('',1,(#6062,#6063),.UNSPECIFIED.,.F.,
  .F.,(2,2),(-170.5592347824,42.388785660139),.PIECEWISE_BEZIER_KNOTS.);
#6062 = CARTESIAN_POINT('',(126.56308994765,-22.64305799044));
#6063 = CARTESIAN_POINT('',(-79.43691005234,31.309322961933));
#6064 = ( GEOMETRIC_REPRESENTATION_CONTEXT(2) 
PARAMETRIC_REPRESENTATION_CONTEXT() REPRESENTATION_CONTEXT('2D SPACE',''
  ) );
#6065 = PCURVE('',#1766,#6066);
#6066 = DEFINITIONAL_REPRESENTATION('',(#6067),#6070);
#6067 = B_SPLINE_CURVE_WITH_KNOTS('',1,(#6068,#6069),.UNSPECIFIED.,.F.,
  .F.,(2,2),(-170.5592347824,42.388785660139),.PIECEWISE_BEZIER_KNOTS.);
#6068 = CARTESIAN_POINT('',(212.94802044262,-48.2));
#6069 = CARTESIAN_POINT('',(0.,-48.2));
#6070 = ( GEOMETRIC_REPRESENTATION_CONTEXT(2) 
PARAMETRIC_REPRESENTATION_CONTEXT() REPRESENTATION_CONTEXT('2D SPACE',''
  ) );
#6071 = ADVANCED_FACE('',(#6072),#1690,.F.);
#6072 = FACE_BOUND('',#6073,.F.);
#6073 = EDGE_LOOP('',(#6074,#6097,#6098,#6099));
#6074 = ORIENTED_EDGE('',*,*,#6075,.T.);
#6075 = EDGE_CURVE('',#6076,#1674,#6078,.T.);
#6076 = VERTEX_POINT('',#6077);
#6077 = CARTESIAN_POINT('',(-40.3,133.01244316895,50.878896644961));
#6078 = SEAM_CURVE('',#6079,(#6083,#6090),.PCURVE_S1.);
#6079 = LINE('',#6080,#6081);
#6080 = CARTESIAN_POINT('',(-40.3,145.20156351026,4.338618978138));
#6081 = VECTOR('',#6082,1.);
#6082 = DIRECTION('',(0.,-0.253359391838,0.96737222338));
#6083 = PCURVE('',#1690,#6084);
#6084 = DEFINITIONAL_REPRESENTATION('',(#6085),#6089);
#6085 = LINE('',#6086,#6087);
#6086 = CARTESIAN_POINT('',(6.28318530718,-0.));
#6087 = VECTOR('',#6088,1.);
#6088 = DIRECTION('',(0.,1.));
#6089 = ( GEOMETRIC_REPRESENTATION_CONTEXT(2) 
PARAMETRIC_REPRESENTATION_CONTEXT() REPRESENTATION_CONTEXT('2D SPACE',''
  ) );
#6090 = PCURVE('',#1690,#6091);
#6091 = DEFINITIONAL_REPRESENTATION('',(#6092),#6096);
#6092 = LINE('',#6093,#6094);
#6093 = CARTESIAN_POINT('',(0.,-0.));
#6094 = VECTOR('',#6095,1.);
#6095 = DIRECTION('',(0.,1.));
#6096 = ( GEOMETRIC_REPRESENTATION_CONTEXT(2) 
PARAMETRIC_REPRESENTATION_CONTEXT() REPRESENTATION_CONTEXT('2D SPACE',''
  ) );
#6097 = ORIENTED_EDGE('',*,*,#1673,.F.);
#6098 = ORIENTED_EDGE('',*,*,#6075,.F.);
#6099 = ORIENTED_EDGE('',*,*,#6100,.T.);
#6100 = EDGE_CURVE('',#6076,#6076,#6101,.T.);
#6101 = SURFACE_CURVE('',#6102,(#6107,#6114),.PCURVE_S1.);
#6102 = CIRCLE('',#6103,1.7);
#6103 = AXIS2_PLACEMENT_3D('',#6104,#6105,#6106);
#6104 = CARTESIAN_POINT('',(-42.,133.01244316895,50.878896644961));
#6105 = DIRECTION('',(0.,-0.253359391838,0.96737222338));
#6106 = DIRECTION('',(1.,0.,0.));
#6107 = PCURVE('',#1690,#6108);
#6108 = DEFINITIONAL_REPRESENTATION('',(#6109),#6113);
#6109 = LINE('',#6110,#6111);
#6110 = CARTESIAN_POINT('',(0.,48.11));
#6111 = VECTOR('',#6112,1.);
#6112 = DIRECTION('',(1.,0.));
#6113 = ( GEOMETRIC_REPRESENTATION_CONTEXT(2) 
PARAMETRIC_REPRESENTATION_CONTEXT() REPRESENTATION_CONTEXT('2D SPACE',''
  ) );
#6114 = PCURVE('',#6115,#6120);
#6115 = PLANE('',#6116);
#6116 = AXIS2_PLACEMENT_3D('',#6117,#6118,#6119);
#6117 = CARTESIAN_POINT('',(-42.,133.01244316895,50.878896644961));
#6118 = DIRECTION('',(0.,-0.253359391838,0.96737222338));
#6119 = DIRECTION('',(1.,0.,0.));
#6120 = DEFINITIONAL_REPRESENTATION('',(#6121),#6125);
#6121 = CIRCLE('',#6122,1.7);
#6122 = AXIS2_PLACEMENT_2D('',#6123,#6124);
#6123 = CARTESIAN_POINT('',(0.,2.929459899803E-14));
#6124 = DIRECTION('',(1.,0.));
#6125 = ( GEOMETRIC_REPRESENTATION_CONTEXT(2) 
PARAMETRIC_REPRESENTATION_CONTEXT() REPRESENTATION_CONTEXT('2D SPACE',''
  ) );
#6126 = ADVANCED_FACE('',(#6127),#1790,.F.);
#6127 = FACE_BOUND('',#6128,.F.);
#6128 = EDGE_LOOP('',(#6129,#6130,#6153,#6172,#6173,#6174));
#6129 = ORIENTED_EDGE('',*,*,#5984,.F.);
#6130 = ORIENTED_EDGE('',*,*,#6131,.T.);
#6131 = EDGE_CURVE('',#5963,#6132,#6134,.T.);
#6132 = VERTEX_POINT('',#6133);
#6133 = CARTESIAN_POINT('',(-45.,13.838079707821,16.017478707898));
#6134 = SURFACE_CURVE('',#6135,(#6139,#6146),.PCURVE_S1.);
#6135 = LINE('',#6136,#6137);
#6136 = CARTESIAN_POINT('',(-45.,143.93431457505,34.602655117502));
#6137 = VECTOR('',#6138,1.);
#6138 = DIRECTION('',(0.,-0.989949493661,-0.141421356237));
#6139 = PCURVE('',#1790,#6140);
#6140 = DEFINITIONAL_REPRESENTATION('',(#6141),#6145);
#6141 = LINE('',#6142,#6143);
#6142 = CARTESIAN_POINT('',(-83.37122462739,-1.088021920566));
#6143 = VECTOR('',#6144,1.);
#6144 = DIRECTION('',(0.989949493661,-0.141421356237));
#6145 = ( GEOMETRIC_REPRESENTATION_CONTEXT(2) 
PARAMETRIC_REPRESENTATION_CONTEXT() REPRESENTATION_CONTEXT('2D SPACE',''
  ) );
#6146 = PCURVE('',#3260,#6147);
#6147 = DEFINITIONAL_REPRESENTATION('',(#6148),#6152);
#6148 = LINE('',#6149,#6150);
#6149 = CARTESIAN_POINT('',(2.868925782798,-45.));
#6150 = VECTOR('',#6151,1.);
#6151 = DIRECTION('',(1.,0.));
#6152 = ( GEOMETRIC_REPRESENTATION_CONTEXT(2) 
PARAMETRIC_REPRESENTATION_CONTEXT() REPRESENTATION_CONTEXT('2D SPACE',''
  ) );
#6153 = ORIENTED_EDGE('',*,*,#6154,.F.);
#6154 = EDGE_CURVE('',#2021,#6132,#6155,.T.);
#6155 = SURFACE_CURVE('',#6156,(#6160,#6166),.PCURVE_S1.);
#6156 = LINE('',#6157,#6158);
#6157 = CARTESIAN_POINT('',(-45.,12.928205927107,22.386595172892));
#6158 = VECTOR('',#6159,1.);
#6159 = DIRECTION('',(0.,0.141421356237,-0.989949493661));
#6160 = PCURVE('',#1790,#6161);
#6161 = DEFINITIONAL_REPRESENTATION('',(#6162),#6165);
#6162 = B_SPLINE_CURVE_WITH_KNOTS('',1,(#6163,#6164),.UNSPECIFIED.,.F.,
  .F.,(2,2),(1.333779203664,6.433779203664),.PIECEWISE_BEZIER_KNOTS.);
#6163 = CARTESIAN_POINT('',(47.446259156645,-14.62445591249));
#6164 = CARTESIAN_POINT('',(46.725010239834,-19.67319833017));
#6165 = ( GEOMETRIC_REPRESENTATION_CONTEXT(2) 
PARAMETRIC_REPRESENTATION_CONTEXT() REPRESENTATION_CONTEXT('2D SPACE',''
  ) );
#6166 = PCURVE('',#2036,#6167);
#6167 = DEFINITIONAL_REPRESENTATION('',(#6168),#6171);
#6168 = B_SPLINE_CURVE_WITH_KNOTS('',1,(#6169,#6170),.UNSPECIFIED.,.F.,
  .F.,(2,2),(1.333779203664,6.433779203664),.PIECEWISE_BEZIER_KNOTS.);
#6169 = CARTESIAN_POINT('',(1.,-5.1));
#6170 = CARTESIAN_POINT('',(1.,0.));
#6171 = ( GEOMETRIC_REPRESENTATION_CONTEXT(2) 
PARAMETRIC_REPRESENTATION_CONTEXT() REPRESENTATION_CONTEXT('2D SPACE',''
  ) );
#6172 = ORIENTED_EDGE('',*,*,#2048,.F.);
#6173 = ORIENTED_EDGE('',*,*,#1777,.F.);
#6174 = ORIENTED_EDGE('',*,*,#6175,.T.);
#6175 = EDGE_CURVE('',#1752,#5985,#6176,.T.);
#6176 = SURFACE_CURVE('',#6177,(#6181,#6187),.PCURVE_S1.);
#6177 = LINE('',#6178,#6179);
#6178 = CARTESIAN_POINT('',(-45.,98.994266169563,56.260403044409));
#6179 = VECTOR('',#6180,1.);
#6180 = DIRECTION('',(-0.,0.96737222338,0.253359391838));
#6181 = PCURVE('',#1790,#6182);
#6182 = DEFINITIONAL_REPRESENTATION('',(#6183),#6186);
#6183 = B_SPLINE_CURVE_WITH_KNOTS('',1,(#6184,#6185),.UNSPECIFIED.,.F.,
  .F.,(2,2),(-170.5592347824,42.388785660139),.PIECEWISE_BEZIER_KNOTS.);
#6184 = CARTESIAN_POINT('',(126.56308994765,-22.64305799044));
#6185 = CARTESIAN_POINT('',(-79.43691005234,31.309322961933));
#6186 = ( GEOMETRIC_REPRESENTATION_CONTEXT(2) 
PARAMETRIC_REPRESENTATION_CONTEXT() REPRESENTATION_CONTEXT('2D SPACE',''
  ) );
#6187 = PCURVE('',#1766,#6188);
#6188 = DEFINITIONAL_REPRESENTATION('',(#6189),#6192);
#6189 = B_SPLINE_CURVE_WITH_KNOTS('',1,(#6190,#6191),.UNSPECIFIED.,.F.,
  .F.,(2,2),(-170.5592347824,42.388785660139),.PIECEWISE_BEZIER_KNOTS.);
#6190 = CARTESIAN_POINT('',(212.94802044262,-45.));
#6191 = CARTESIAN_POINT('',(0.,-45.));
#6192 = ( GEOMETRIC_REPRESENTATION_CONTEXT(2) 
PARAMETRIC_REPRESENTATION_CONTEXT() REPRESENTATION_CONTEXT('2D SPACE',''
  ) );
#6193 = ADVANCED_FACE('',(#6194),#1766,.T.);
#6194 = FACE_BOUND('',#6195,.T.);
#6195 = EDGE_LOOP('',(#6196,#6197,#6198,#6199));
#6196 = ORIENTED_EDGE('',*,*,#6005,.F.);
#6197 = ORIENTED_EDGE('',*,*,#6053,.F.);
#6198 = ORIENTED_EDGE('',*,*,#1751,.F.);
#6199 = ORIENTED_EDGE('',*,*,#6175,.T.);
#6200 = ADVANCED_FACE('',(#6201),#1844,.F.);
#6201 = FACE_BOUND('',#6202,.F.);
#6202 = EDGE_LOOP('',(#6203,#6224,#6225,#6226));
#6203 = ORIENTED_EDGE('',*,*,#6204,.T.);
#6204 = EDGE_CURVE('',#6205,#2122,#6207,.T.);
#6205 = VERTEX_POINT('',#6206);
#6206 = CARTESIAN_POINT('',(-45.,-37.5,20.511904761905));
#6207 = SURFACE_CURVE('',#6208,(#6212,#6218),.PCURVE_S1.);
#6208 = LINE('',#6209,#6210);
#6209 = CARTESIAN_POINT('',(-45.,98.994266169563,56.260403044409));
#6210 = VECTOR('',#6211,1.);
#6211 = DIRECTION('',(-0.,0.96737222338,0.253359391838));
#6212 = PCURVE('',#1844,#6213);
#6213 = DEFINITIONAL_REPRESENTATION('',(#6214),#6217);
#6214 = B_SPLINE_CURVE_WITH_KNOTS('',1,(#6215,#6216),.UNSPECIFIED.,.F.,
  .F.,(2,2),(-170.5592347824,42.388785660139),.PIECEWISE_BEZIER_KNOTS.);
#6215 = CARTESIAN_POINT('',(126.56308994765,-22.64305799044));
#6216 = CARTESIAN_POINT('',(-79.43691005234,31.309322961933));
#6217 = ( GEOMETRIC_REPRESENTATION_CONTEXT(2) 
PARAMETRIC_REPRESENTATION_CONTEXT() REPRESENTATION_CONTEXT('2D SPACE',''
  ) );
#6218 = PCURVE('',#2136,#6219);
#6219 = DEFINITIONAL_REPRESENTATION('',(#6220),#6223);
#6220 = B_SPLINE_CURVE_WITH_KNOTS('',1,(#6221,#6222),.UNSPECIFIED.,.F.,
  .F.,(2,2),(-170.5592347824,42.388785660139),.PIECEWISE_BEZIER_KNOTS.);
#6221 = CARTESIAN_POINT('',(212.94802044262,-45.));
#6222 = CARTESIAN_POINT('',(0.,-45.));
#6223 = ( GEOMETRIC_REPRESENTATION_CONTEXT(2) 
PARAMETRIC_REPRESENTATION_CONTEXT() REPRESENTATION_CONTEXT('2D SPACE',''
  ) );
#6224 = ORIENTED_EDGE('',*,*,#2147,.T.);
#6225 = ORIENTED_EDGE('',*,*,#1828,.F.);
#6226 = ORIENTED_EDGE('',*,*,#6227,.T.);
#6227 = EDGE_CURVE('',#1829,#6205,#6228,.T.);
#6228 = SURFACE_CURVE('',#6229,(#6233,#6239),.PCURVE_S1.);
#6229 = LINE('',#6230,#6231);
#6230 = CARTESIAN_POINT('',(-45.,-37.5,67.845338519034));
#6231 = VECTOR('',#6232,1.);
#6232 = DIRECTION('',(-0.,0.,1.));
#6233 = PCURVE('',#1844,#6234);
#6234 = DEFINITIONAL_REPRESENTATION('',(#6235),#6238);
#6235 = B_SPLINE_CURVE_WITH_KNOTS('',1,(#6236,#6237),.UNSPECIFIED.,.F.,
  .F.,(2,2),(-63.84533851903,11.397100310264),.PIECEWISE_BEZIER_KNOTS.);
#6236 = CARTESIAN_POINT('',(98.063089947655,-31.69067703806));
#6237 = CARTESIAN_POINT('',(98.063089947655,43.55176179123));
#6238 = ( GEOMETRIC_REPRESENTATION_CONTEXT(2) 
PARAMETRIC_REPRESENTATION_CONTEXT() REPRESENTATION_CONTEXT('2D SPACE',''
  ) );
#6239 = PCURVE('',#1871,#6240);
#6240 = DEFINITIONAL_REPRESENTATION('',(#6241),#6244);
#6241 = B_SPLINE_CURVE_WITH_KNOTS('',1,(#6242,#6243),.UNSPECIFIED.,.F.,
  .F.,(2,2),(-63.84533851903,11.397100310264),.PIECEWISE_BEZIER_KNOTS.);
#6242 = CARTESIAN_POINT('',(9.5,-96.));
#6243 = CARTESIAN_POINT('',(9.5,-20.7575611707));
#6244 = ( GEOMETRIC_REPRESENTATION_CONTEXT(2) 
PARAMETRIC_REPRESENTATION_CONTEXT() REPRESENTATION_CONTEXT('2D SPACE',''
  ) );
#6245 = ADVANCED_FACE('',(#6246),#1871,.T.);
#6246 = FACE_BOUND('',#6247,.T.);
#6247 = EDGE_LOOP('',(#6248,#6267,#6268,#6269,#6290,#6309));
#6248 = ORIENTED_EDGE('',*,*,#6249,.F.);
#6249 = EDGE_CURVE('',#1856,#2940,#6250,.T.);
#6250 = SURFACE_CURVE('',#6251,(#6255,#6261),.PCURVE_S1.);
#6251 = LINE('',#6252,#6253);
#6252 = CARTESIAN_POINT('',(-46.,-37.5,67.845338519034));
#6253 = VECTOR('',#6254,1.);
#6254 = DIRECTION('',(-0.,0.,1.));
#6255 = PCURVE('',#1871,#6256);
#6256 = DEFINITIONAL_REPRESENTATION('',(#6257),#6260);
#6257 = B_SPLINE_CURVE_WITH_KNOTS('',1,(#6258,#6259),.UNSPECIFIED.,.F.,
  .F.,(2,2),(-59.93503893387,-47.33343375712),.PIECEWISE_BEZIER_KNOTS.);
#6258 = CARTESIAN_POINT('',(8.5,-92.08970041484));
#6259 = CARTESIAN_POINT('',(8.5,-79.48809523809));
#6260 = ( GEOMETRIC_REPRESENTATION_CONTEXT(2) 
PARAMETRIC_REPRESENTATION_CONTEXT() REPRESENTATION_CONTEXT('2D SPACE',''
  ) );
#6261 = PCURVE('',#1898,#6262);
#6262 = DEFINITIONAL_REPRESENTATION('',(#6263),#6266);
#6263 = B_SPLINE_CURVE_WITH_KNOTS('',1,(#6264,#6265),.UNSPECIFIED.,.F.,
  .F.,(2,2),(-59.93503893387,-47.33343375712),.PIECEWISE_BEZIER_KNOTS.);
#6264 = CARTESIAN_POINT('',(98.063089947655,-27.7803774529));
#6265 = CARTESIAN_POINT('',(98.063089947655,-15.17877227616));
#6266 = ( GEOMETRIC_REPRESENTATION_CONTEXT(2) 
PARAMETRIC_REPRESENTATION_CONTEXT() REPRESENTATION_CONTEXT('2D SPACE',''
  ) );
#6267 = ORIENTED_EDGE('',*,*,#1855,.F.);
#6268 = ORIENTED_EDGE('',*,*,#6227,.T.);
#6269 = ORIENTED_EDGE('',*,*,#6270,.F.);
#6270 = EDGE_CURVE('',#6271,#6205,#6273,.T.);
#6271 = VERTEX_POINT('',#6272);
#6272 = CARTESIAN_POINT('',(-48.2,-37.5,20.511904761905));
#6273 = SURFACE_CURVE('',#6274,(#6278,#6284),.PCURVE_S1.);
#6274 = LINE('',#6275,#6276);
#6275 = CARTESIAN_POINT('',(-27.25,-37.5,20.511904761905));
#6276 = VECTOR('',#6277,1.);
#6277 = DIRECTION('',(1.,0.,0.));
#6278 = PCURVE('',#1871,#6279);
#6279 = DEFINITIONAL_REPRESENTATION('',(#6280),#6283);
#6280 = B_SPLINE_CURVE_WITH_KNOTS('',1,(#6281,#6282),.UNSPECIFIED.,.F.,
  .F.,(2,2),(-20.95,-2.25),.PIECEWISE_BEZIER_KNOTS.);
#6281 = CARTESIAN_POINT('',(6.3,-79.48809523809));
#6282 = CARTESIAN_POINT('',(25.,-79.48809523809));
#6283 = ( GEOMETRIC_REPRESENTATION_CONTEXT(2) 
PARAMETRIC_REPRESENTATION_CONTEXT() REPRESENTATION_CONTEXT('2D SPACE',''
  ) );
#6284 = PCURVE('',#2136,#6285);
#6285 = DEFINITIONAL_REPRESENTATION('',(#6286),#6289);
#6286 = B_SPLINE_CURVE_WITH_KNOTS('',1,(#6287,#6288),.UNSPECIFIED.,.F.,
  .F.,(2,2),(-20.95,-2.25),.PIECEWISE_BEZIER_KNOTS.);
#6287 = CARTESIAN_POINT('',(183.48676518721,-48.2));
#6288 = CARTESIAN_POINT('',(183.48676518721,-29.5));
#6289 = ( GEOMETRIC_REPRESENTATION_CONTEXT(2) 
PARAMETRIC_REPRESENTATION_CONTEXT() REPRESENTATION_CONTEXT('2D SPACE',''
  ) );
#6290 = ORIENTED_EDGE('',*,*,#6291,.F.);
#6291 = EDGE_CURVE('',#2170,#6271,#6292,.T.);
#6292 = SURFACE_CURVE('',#6293,(#6297,#6303),.PCURVE_S1.);
#6293 = LINE('',#6294,#6295);
#6294 = CARTESIAN_POINT('',(-48.2,-37.5,67.845338519034));
#6295 = VECTOR('',#6296,1.);
#6296 = DIRECTION('',(-0.,0.,1.));
#6297 = PCURVE('',#1871,#6298);
#6298 = DEFINITIONAL_REPRESENTATION('',(#6299),#6302);
#6299 = B_SPLINE_CURVE_WITH_KNOTS('',1,(#6300,#6301),.UNSPECIFIED.,.F.,
  .F.,(2,2),(-66.04533851903,16.76375895415),.PIECEWISE_BEZIER_KNOTS.);
#6300 = CARTESIAN_POINT('',(6.3,-98.2));
#6301 = CARTESIAN_POINT('',(6.3,-15.39090252681));
#6302 = ( GEOMETRIC_REPRESENTATION_CONTEXT(2) 
PARAMETRIC_REPRESENTATION_CONTEXT() REPRESENTATION_CONTEXT('2D SPACE',''
  ) );
#6303 = PCURVE('',#2110,#6304);
#6304 = DEFINITIONAL_REPRESENTATION('',(#6305),#6308);
#6305 = B_SPLINE_CURVE_WITH_KNOTS('',1,(#6306,#6307),.UNSPECIFIED.,.F.,
  .F.,(2,2),(-66.04533851903,16.76375895415),.PIECEWISE_BEZIER_KNOTS.);
#6306 = CARTESIAN_POINT('',(98.063089947655,-33.89067703806));
#6307 = CARTESIAN_POINT('',(98.063089947655,48.918420435116));
#6308 = ( GEOMETRIC_REPRESENTATION_CONTEXT(2) 
PARAMETRIC_REPRESENTATION_CONTEXT() REPRESENTATION_CONTEXT('2D SPACE',''
  ) );
#6309 = ORIENTED_EDGE('',*,*,#2960,.T.);
#6310 = ADVANCED_FACE('',(#6311),#1898,.F.);
#6311 = FACE_BOUND('',#6312,.F.);
#6312 = EDGE_LOOP('',(#6313,#6332,#6333,#6334));
#6313 = ORIENTED_EDGE('',*,*,#6314,.F.);
#6314 = EDGE_CURVE('',#2919,#1883,#6315,.T.);
#6315 = SURFACE_CURVE('',#6316,(#6320,#6326),.PCURVE_S1.);
#6316 = LINE('',#6317,#6318);
#6317 = CARTESIAN_POINT('',(-46.,-34.61997572311,-23.75082168628));
#6318 = VECTOR('',#6319,1.);
#6319 = DIRECTION('',(0.,0.253359391838,-0.96737222338));
#6320 = PCURVE('',#1898,#6321);
#6321 = DEFINITIONAL_REPRESENTATION('',(#6322),#6325);
#6322 = B_SPLINE_CURVE_WITH_KNOTS('',1,(#6323,#6324),.UNSPECIFIED.,.F.,
  .F.,(2,2),(-64.83040221069,-28.70274476216),.PIECEWISE_BEZIER_KNOTS.);
#6323 = CARTESIAN_POINT('',(111.60845694746,3.27363160484));
#6324 = CARTESIAN_POINT('',(102.45517562778,-31.67526070665));
#6325 = ( GEOMETRIC_REPRESENTATION_CONTEXT(2) 
PARAMETRIC_REPRESENTATION_CONTEXT() REPRESENTATION_CONTEXT('2D SPACE',''
  ) );
#6326 = PCURVE('',#1926,#6327);
#6327 = DEFINITIONAL_REPRESENTATION('',(#6328),#6331);
#6328 = B_SPLINE_CURVE_WITH_KNOTS('',1,(#6329,#6330),.UNSPECIFIED.,.F.,
  .F.,(2,2),(-64.83040221069,-28.70274476216),.PIECEWISE_BEZIER_KNOTS.);
#6329 = CARTESIAN_POINT('',(98.216933361126,1.));
#6330 = CARTESIAN_POINT('',(62.089275912603,1.));
#6331 = ( GEOMETRIC_REPRESENTATION_CONTEXT(2) 
PARAMETRIC_REPRESENTATION_CONTEXT() REPRESENTATION_CONTEXT('2D SPACE',''
  ) );
#6332 = ORIENTED_EDGE('',*,*,#2939,.T.);
#6333 = ORIENTED_EDGE('',*,*,#6249,.F.);
#6334 = ORIENTED_EDGE('',*,*,#1882,.F.);
#6335 = ADVANCED_FACE('',(#6336),#1926,.T.);
#6336 = FACE_BOUND('',#6337,.T.);
#6337 = EDGE_LOOP('',(#6338,#6339,#6359,#6360));
#6338 = ORIENTED_EDGE('',*,*,#2918,.T.);
#6339 = ORIENTED_EDGE('',*,*,#6340,.F.);
#6340 = EDGE_CURVE('',#1911,#2897,#6341,.T.);
#6341 = SURFACE_CURVE('',#6342,(#6346,#6352),.PCURVE_S1.);
#6342 = LINE('',#6343,#6344);
#6343 = CARTESIAN_POINT('',(-44.5,-34.99556089663,-22.31676920557));
#6344 = VECTOR('',#6345,1.);
#6345 = DIRECTION('',(0.,-0.253359391838,0.96737222338));
#6346 = PCURVE('',#1926,#6347);
#6347 = DEFINITIONAL_REPRESENTATION('',(#6348),#6351);
#6348 = B_SPLINE_CURVE_WITH_KNOTS('',1,(#6349,#6350),.UNSPECIFIED.,.F.,
  .F.,(2,2),(34.769544571202,40.131048281709),.PIECEWISE_BEZIER_KNOTS.);
#6349 = CARTESIAN_POINT('',(69.638496289493,2.5));
#6350 = CARTESIAN_POINT('',(75.,2.5));
#6351 = ( GEOMETRIC_REPRESENTATION_CONTEXT(2) 
PARAMETRIC_REPRESENTATION_CONTEXT() REPRESENTATION_CONTEXT('2D SPACE',''
  ) );
#6352 = PCURVE('',#1953,#6353);
#6353 = DEFINITIONAL_REPRESENTATION('',(#6354),#6358);
#6354 = LINE('',#6355,#6356);
#6355 = CARTESIAN_POINT('',(4.835880879726,34.542849627534));
#6356 = VECTOR('',#6357,1.);
#6357 = DIRECTION('',(-0.114005909847,-0.993480071526));
#6358 = ( GEOMETRIC_REPRESENTATION_CONTEXT(2) 
PARAMETRIC_REPRESENTATION_CONTEXT() REPRESENTATION_CONTEXT('2D SPACE',''
  ) );
#6359 = ORIENTED_EDGE('',*,*,#1910,.F.);
#6360 = ORIENTED_EDGE('',*,*,#6314,.F.);
#6361 = ADVANCED_FACE('',(#6362),#1953,.F.);
#6362 = FACE_BOUND('',#6363,.F.);
#6363 = EDGE_LOOP('',(#6364,#6394,#6415,#6416,#6417,#6418,#6441,#6469,
    #6497,#6520));
#6364 = ORIENTED_EDGE('',*,*,#6365,.F.);
#6365 = EDGE_CURVE('',#6366,#6368,#6370,.T.);
#6366 = VERTEX_POINT('',#6367);
#6367 = CARTESIAN_POINT('',(-44.5,-44.66793536755,11.195010460205));
#6368 = VERTEX_POINT('',#6369);
#6369 = CARTESIAN_POINT('',(-44.5,-39.71818789924,11.902117241392));
#6370 = SURFACE_CURVE('',#6371,(#6375,#6382),.PCURVE_S1.);
#6371 = LINE('',#6372,#6373);
#6372 = CARTESIAN_POINT('',(-44.5,-44.66793536755,11.195010460205));
#6373 = VECTOR('',#6374,1.);
#6374 = DIRECTION('',(0.,0.989949493661,0.141421356237));
#6375 = PCURVE('',#1953,#6376);
#6376 = DEFINITIONAL_REPRESENTATION('',(#6377),#6381);
#6377 = LINE('',#6378,#6379);
#6378 = CARTESIAN_POINT('',(0.,0.));
#6379 = VECTOR('',#6380,1.);
#6380 = DIRECTION('',(1.,1.942890293094E-16));
#6381 = ( GEOMETRIC_REPRESENTATION_CONTEXT(2) 
PARAMETRIC_REPRESENTATION_CONTEXT() REPRESENTATION_CONTEXT('2D SPACE',''
  ) );
#6382 = PCURVE('',#6383,#6388);
#6383 = PLANE('',#6384);
#6384 = AXIS2_PLACEMENT_3D('',#6385,#6386,#6387);
#6385 = CARTESIAN_POINT('',(-4.55,-16.40487732352,15.23259018078));
#6386 = DIRECTION('',(0.,-0.141421356237,0.989949493661));
#6387 = DIRECTION('',(1.,0.,0.));
#6388 = DEFINITIONAL_REPRESENTATION('',(#6389),#6393);
#6389 = LINE('',#6390,#6391);
#6390 = CARTESIAN_POINT('',(-39.95,-28.55));
#6391 = VECTOR('',#6392,1.);
#6392 = DIRECTION('',(0.,1.));
#6393 = ( GEOMETRIC_REPRESENTATION_CONTEXT(2) 
PARAMETRIC_REPRESENTATION_CONTEXT() REPRESENTATION_CONTEXT('2D SPACE',''
  ) );
#6394 = ORIENTED_EDGE('',*,*,#6395,.T.);
#6395 = EDGE_CURVE('',#6366,#2870,#6396,.T.);
#6396 = SURFACE_CURVE('',#6397,(#6401,#6408),.PCURVE_S1.);
#6397 = LINE('',#6398,#6399);
#6398 = CARTESIAN_POINT('',(-44.5,-44.66793536755,11.195010460205));
#6399 = VECTOR('',#6400,1.);
#6400 = DIRECTION('',(0.,-0.141421356237,0.989949493661));
#6401 = PCURVE('',#1953,#6402);
#6402 = DEFINITIONAL_REPRESENTATION('',(#6403),#6407);
#6403 = LINE('',#6404,#6405);
#6404 = CARTESIAN_POINT('',(0.,0.));
#6405 = VECTOR('',#6406,1.);
#6406 = DIRECTION('',(0.,-1.));
#6407 = ( GEOMETRIC_REPRESENTATION_CONTEXT(2) 
PARAMETRIC_REPRESENTATION_CONTEXT() REPRESENTATION_CONTEXT('2D SPACE',''
  ) );
#6408 = PCURVE('',#2884,#6409);
#6409 = DEFINITIONAL_REPRESENTATION('',(#6410),#6414);
#6410 = LINE('',#6411,#6412);
#6411 = CARTESIAN_POINT('',(0.,0.));
#6412 = VECTOR('',#6413,1.);
#6413 = DIRECTION('',(0.,-1.));
#6414 = ( GEOMETRIC_REPRESENTATION_CONTEXT(2) 
PARAMETRIC_REPRESENTATION_CONTEXT() REPRESENTATION_CONTEXT('2D SPACE',''
  ) );
#6415 = ORIENTED_EDGE('',*,*,#2896,.F.);
#6416 = ORIENTED_EDGE('',*,*,#6340,.F.);
#6417 = ORIENTED_EDGE('',*,*,#1937,.T.);
#6418 = ORIENTED_EDGE('',*,*,#6419,.F.);
#6419 = EDGE_CURVE('',#6420,#1938,#6422,.T.);
#6420 = VERTEX_POINT('',#6421);
#6421 = CARTESIAN_POINT('',(-44.5,11.858180720498,19.270169901356));
#6422 = SURFACE_CURVE('',#6423,(#6427,#6434),.PCURVE_S1.);
#6423 = LINE('',#6424,#6425);
#6424 = CARTESIAN_POINT('',(-44.5,12.353155467329,15.805346673542));
#6425 = VECTOR('',#6426,1.);
#6426 = DIRECTION('',(0.,-0.141421356237,0.989949493661));
#6427 = PCURVE('',#1953,#6428);
#6428 = DEFINITIONAL_REPRESENTATION('',(#6429),#6433);
#6429 = LINE('',#6430,#6431);
#6430 = CARTESIAN_POINT('',(57.1,3.5));
#6431 = VECTOR('',#6432,1.);
#6432 = DIRECTION('',(0.,-1.));
#6433 = ( GEOMETRIC_REPRESENTATION_CONTEXT(2) 
PARAMETRIC_REPRESENTATION_CONTEXT() REPRESENTATION_CONTEXT('2D SPACE',''
  ) );
#6434 = PCURVE('',#1981,#6435);
#6435 = DEFINITIONAL_REPRESENTATION('',(#6436),#6440);
#6436 = LINE('',#6437,#6438);
#6437 = CARTESIAN_POINT('',(0.,0.));
#6438 = VECTOR('',#6439,1.);
#6439 = DIRECTION('',(0.,-1.));
#6440 = ( GEOMETRIC_REPRESENTATION_CONTEXT(2) 
PARAMETRIC_REPRESENTATION_CONTEXT() REPRESENTATION_CONTEXT('2D SPACE',''
  ) );
#6441 = ORIENTED_EDGE('',*,*,#6442,.F.);
#6442 = EDGE_CURVE('',#6443,#6420,#6445,.T.);
#6443 = VERTEX_POINT('',#6444);
#6444 = CARTESIAN_POINT('',(-44.5,6.908433252193,18.563063120169));
#6445 = SURFACE_CURVE('',#6446,(#6450,#6457),.PCURVE_S1.);
#6446 = LINE('',#6447,#6448);
#6447 = CARTESIAN_POINT('',(-44.5,9.383306986345,18.916616510762));
#6448 = VECTOR('',#6449,1.);
#6449 = DIRECTION('',(0.,0.989949493661,0.141421356237));
#6450 = PCURVE('',#1953,#6451);
#6451 = DEFINITIONAL_REPRESENTATION('',(#6452),#6456);
#6452 = LINE('',#6453,#6454);
#6453 = CARTESIAN_POINT('',(54.6,8.881784197001E-16));
#6454 = VECTOR('',#6455,1.);
#6455 = DIRECTION('',(1.,0.));
#6456 = ( GEOMETRIC_REPRESENTATION_CONTEXT(2) 
PARAMETRIC_REPRESENTATION_CONTEXT() REPRESENTATION_CONTEXT('2D SPACE',''
  ) );
#6457 = PCURVE('',#6458,#6463);
#6458 = PLANE('',#6459);
#6459 = AXIS2_PLACEMENT_3D('',#6460,#6461,#6462);
#6460 = CARTESIAN_POINT('',(-42.,9.383306986345,18.916616510762));
#6461 = DIRECTION('',(0.,-0.141421356237,0.989949493661));
#6462 = DIRECTION('',(1.,0.,0.));
#6463 = DEFINITIONAL_REPRESENTATION('',(#6464),#6468);
#6464 = LINE('',#6465,#6466);
#6465 = CARTESIAN_POINT('',(-2.5,0.));
#6466 = VECTOR('',#6467,1.);
#6467 = DIRECTION('',(0.,1.));
#6468 = ( GEOMETRIC_REPRESENTATION_CONTEXT(2) 
PARAMETRIC_REPRESENTATION_CONTEXT() REPRESENTATION_CONTEXT('2D SPACE',''
  ) );
#6469 = ORIENTED_EDGE('',*,*,#6470,.F.);
#6470 = EDGE_CURVE('',#6471,#6443,#6473,.T.);
#6471 = VERTEX_POINT('',#6472);
#6472 = CARTESIAN_POINT('',(-44.5,7.403407999023,15.098239892355));
#6473 = SURFACE_CURVE('',#6474,(#6478,#6485),.PCURVE_S1.);
#6474 = LINE('',#6475,#6476);
#6475 = CARTESIAN_POINT('',(-44.5,7.403407999023,15.098239892355));
#6476 = VECTOR('',#6477,1.);
#6477 = DIRECTION('',(0.,-0.141421356237,0.989949493661));
#6478 = PCURVE('',#1953,#6479);
#6479 = DEFINITIONAL_REPRESENTATION('',(#6480),#6484);
#6480 = LINE('',#6481,#6482);
#6481 = CARTESIAN_POINT('',(52.1,3.5));
#6482 = VECTOR('',#6483,1.);
#6483 = DIRECTION('',(-2.775557561563E-17,-1.));
#6484 = ( GEOMETRIC_REPRESENTATION_CONTEXT(2) 
PARAMETRIC_REPRESENTATION_CONTEXT() REPRESENTATION_CONTEXT('2D SPACE',''
  ) );
#6485 = PCURVE('',#6486,#6491);
#6486 = PLANE('',#6487);
#6487 = AXIS2_PLACEMENT_3D('',#6488,#6489,#6490);
#6488 = CARTESIAN_POINT('',(-44.5,7.403407999023,15.098239892355));
#6489 = DIRECTION('',(-0.,0.989949493661,0.141421356237));
#6490 = DIRECTION('',(1.,0.,0.));
#6491 = DEFINITIONAL_REPRESENTATION('',(#6492),#6496);
#6492 = LINE('',#6493,#6494);
#6493 = CARTESIAN_POINT('',(0.,0.));
#6494 = VECTOR('',#6495,1.);
#6495 = DIRECTION('',(0.,-1.));
#6496 = ( GEOMETRIC_REPRESENTATION_CONTEXT(2) 
PARAMETRIC_REPRESENTATION_CONTEXT() REPRESENTATION_CONTEXT('2D SPACE',''
  ) );
#6497 = ORIENTED_EDGE('',*,*,#6498,.F.);
#6498 = EDGE_CURVE('',#6499,#6471,#6501,.T.);
#6499 = VERTEX_POINT('',#6500);
#6500 = CARTESIAN_POINT('',(-44.5,-39.22321315241,8.437294013578));
#6501 = SURFACE_CURVE('',#6502,(#6506,#6513),.PCURVE_S1.);
#6502 = LINE('',#6503,#6504);
#6503 = CARTESIAN_POINT('',(-44.5,-15.90990257669,11.767766952966));
#6504 = VECTOR('',#6505,1.);
#6505 = DIRECTION('',(0.,0.989949493661,0.141421356237));
#6506 = PCURVE('',#1953,#6507);
#6507 = DEFINITIONAL_REPRESENTATION('',(#6508),#6512);
#6508 = LINE('',#6509,#6510);
#6509 = CARTESIAN_POINT('',(28.55,3.5));
#6510 = VECTOR('',#6511,1.);
#6511 = DIRECTION('',(1.,0.));
#6512 = ( GEOMETRIC_REPRESENTATION_CONTEXT(2) 
PARAMETRIC_REPRESENTATION_CONTEXT() REPRESENTATION_CONTEXT('2D SPACE',''
  ) );
#6513 = PCURVE('',#3260,#6514);
#6514 = DEFINITIONAL_REPRESENTATION('',(#6515),#6519);
#6515 = LINE('',#6516,#6517);
#6516 = CARTESIAN_POINT('',(164.33596847059,-44.5));
#6517 = VECTOR('',#6518,1.);
#6518 = DIRECTION('',(-1.,0.));
#6519 = ( GEOMETRIC_REPRESENTATION_CONTEXT(2) 
PARAMETRIC_REPRESENTATION_CONTEXT() REPRESENTATION_CONTEXT('2D SPACE',''
  ) );
#6520 = ORIENTED_EDGE('',*,*,#6521,.T.);
#6521 = EDGE_CURVE('',#6499,#6368,#6522,.T.);
#6522 = SURFACE_CURVE('',#6523,(#6527,#6534),.PCURVE_S1.);
#6523 = LINE('',#6524,#6525);
#6524 = CARTESIAN_POINT('',(-44.5,-39.22321315241,8.437294013578));
#6525 = VECTOR('',#6526,1.);
#6526 = DIRECTION('',(0.,-0.141421356237,0.989949493661));
#6527 = PCURVE('',#1953,#6528);
#6528 = DEFINITIONAL_REPRESENTATION('',(#6529),#6533);
#6529 = LINE('',#6530,#6531);
#6530 = CARTESIAN_POINT('',(5.,3.5));
#6531 = VECTOR('',#6532,1.);
#6532 = DIRECTION('',(-2.775557561563E-17,-1.));
#6533 = ( GEOMETRIC_REPRESENTATION_CONTEXT(2) 
PARAMETRIC_REPRESENTATION_CONTEXT() REPRESENTATION_CONTEXT('2D SPACE',''
  ) );
#6534 = PCURVE('',#6535,#6540);
#6535 = PLANE('',#6536);
#6536 = AXIS2_PLACEMENT_3D('',#6537,#6538,#6539);
#6537 = CARTESIAN_POINT('',(-44.5,-39.22321315241,8.437294013578));
#6538 = DIRECTION('',(-0.,0.989949493661,0.141421356237));
#6539 = DIRECTION('',(1.,0.,0.));
#6540 = DEFINITIONAL_REPRESENTATION('',(#6541),#6545);
#6541 = LINE('',#6542,#6543);
#6542 = CARTESIAN_POINT('',(0.,0.));
#6543 = VECTOR('',#6544,1.);
#6544 = DIRECTION('',(0.,-1.));
#6545 = ( GEOMETRIC_REPRESENTATION_CONTEXT(2) 
PARAMETRIC_REPRESENTATION_CONTEXT() REPRESENTATION_CONTEXT('2D SPACE',''
  ) );
#6546 = ADVANCED_FACE('',(#6547),#1981,.F.);
#6547 = FACE_BOUND('',#6548,.F.);
#6548 = EDGE_LOOP('',(#6549,#6574,#6602,#6623,#6624,#6625));
#6549 = ORIENTED_EDGE('',*,*,#6550,.F.);
#6550 = EDGE_CURVE('',#6551,#6553,#6555,.T.);
#6551 = VERTEX_POINT('',#6552);
#6552 = CARTESIAN_POINT('',(-39.5,12.353155467329,15.805346673542));
#6553 = VERTEX_POINT('',#6554);
#6554 = CARTESIAN_POINT('',(3.,12.353155467329,15.805346673542));
#6555 = SURFACE_CURVE('',#6556,(#6560,#6567),.PCURVE_S1.);
#6556 = LINE('',#6557,#6558);
#6557 = CARTESIAN_POINT('',(-4.55,12.353155467329,15.805346673542));
#6558 = VECTOR('',#6559,1.);
#6559 = DIRECTION('',(1.,0.,0.));
#6560 = PCURVE('',#1981,#6561);
#6561 = DEFINITIONAL_REPRESENTATION('',(#6562),#6566);
#6562 = LINE('',#6563,#6564);
#6563 = CARTESIAN_POINT('',(39.95,0.));
#6564 = VECTOR('',#6565,1.);
#6565 = DIRECTION('',(1.,0.));
#6566 = ( GEOMETRIC_REPRESENTATION_CONTEXT(2) 
PARAMETRIC_REPRESENTATION_CONTEXT() REPRESENTATION_CONTEXT('2D SPACE',''
  ) );
#6567 = PCURVE('',#3260,#6568);
#6568 = DEFINITIONAL_REPRESENTATION('',(#6569),#6573);
#6569 = LINE('',#6570,#6571);
#6570 = CARTESIAN_POINT('',(135.78596847059,-4.55));
#6571 = VECTOR('',#6572,1.);
#6572 = DIRECTION('',(0.,1.));
#6573 = ( GEOMETRIC_REPRESENTATION_CONTEXT(2) 
PARAMETRIC_REPRESENTATION_CONTEXT() REPRESENTATION_CONTEXT('2D SPACE',''
  ) );
#6574 = ORIENTED_EDGE('',*,*,#6575,.T.);
#6575 = EDGE_CURVE('',#6551,#6576,#6578,.T.);
#6576 = VERTEX_POINT('',#6577);
#6577 = CARTESIAN_POINT('',(-39.5,11.858180720498,19.270169901356));
#6578 = SURFACE_CURVE('',#6579,(#6583,#6590),.PCURVE_S1.);
#6579 = LINE('',#6580,#6581);
#6580 = CARTESIAN_POINT('',(-39.5,12.353155467329,15.805346673542));
#6581 = VECTOR('',#6582,1.);
#6582 = DIRECTION('',(0.,-0.141421356237,0.989949493661));
#6583 = PCURVE('',#1981,#6584);
#6584 = DEFINITIONAL_REPRESENTATION('',(#6585),#6589);
#6585 = LINE('',#6586,#6587);
#6586 = CARTESIAN_POINT('',(5.,1.758503553726E-15));
#6587 = VECTOR('',#6588,1.);
#6588 = DIRECTION('',(0.,-1.));
#6589 = ( GEOMETRIC_REPRESENTATION_CONTEXT(2) 
PARAMETRIC_REPRESENTATION_CONTEXT() REPRESENTATION_CONTEXT('2D SPACE',''
  ) );
#6590 = PCURVE('',#6591,#6596);
#6591 = PLANE('',#6592);
#6592 = AXIS2_PLACEMENT_3D('',#6593,#6594,#6595);
#6593 = CARTESIAN_POINT('',(-39.5,7.403407999023,15.098239892355));
#6594 = DIRECTION('',(-1.,0.,0.));
#6595 = DIRECTION('',(0.,0.989949493661,0.141421356237));
#6596 = DEFINITIONAL_REPRESENTATION('',(#6597),#6601);
#6597 = LINE('',#6598,#6599);
#6598 = CARTESIAN_POINT('',(5.,1.443289932013E-15));
#6599 = VECTOR('',#6600,1.);
#6600 = DIRECTION('',(-2.775557561563E-17,-1.));
#6601 = ( GEOMETRIC_REPRESENTATION_CONTEXT(2) 
PARAMETRIC_REPRESENTATION_CONTEXT() REPRESENTATION_CONTEXT('2D SPACE',''
  ) );
#6602 = ORIENTED_EDGE('',*,*,#6603,.F.);
#6603 = EDGE_CURVE('',#6420,#6576,#6604,.T.);
#6604 = SURFACE_CURVE('',#6605,(#6609,#6616),.PCURVE_S1.);
#6605 = LINE('',#6606,#6607);
#6606 = CARTESIAN_POINT('',(-42.,11.858180720498,19.270169901356));
#6607 = VECTOR('',#6608,1.);
#6608 = DIRECTION('',(1.,0.,0.));
#6609 = PCURVE('',#1981,#6610);
#6610 = DEFINITIONAL_REPRESENTATION('',(#6611),#6615);
#6611 = LINE('',#6612,#6613);
#6612 = CARTESIAN_POINT('',(2.5,-3.5));
#6613 = VECTOR('',#6614,1.);
#6614 = DIRECTION('',(1.,0.));
#6615 = ( GEOMETRIC_REPRESENTATION_CONTEXT(2) 
PARAMETRIC_REPRESENTATION_CONTEXT() REPRESENTATION_CONTEXT('2D SPACE',''
  ) );
#6616 = PCURVE('',#6458,#6617);
#6617 = DEFINITIONAL_REPRESENTATION('',(#6618),#6622);
#6618 = LINE('',#6619,#6620);
#6619 = CARTESIAN_POINT('',(0.,2.5));
#6620 = VECTOR('',#6621,1.);
#6621 = DIRECTION('',(1.,0.));
#6622 = ( GEOMETRIC_REPRESENTATION_CONTEXT(2) 
PARAMETRIC_REPRESENTATION_CONTEXT() REPRESENTATION_CONTEXT('2D SPACE',''
  ) );
#6623 = ORIENTED_EDGE('',*,*,#6419,.T.);
#6624 = ORIENTED_EDGE('',*,*,#1965,.T.);
#6625 = ORIENTED_EDGE('',*,*,#6626,.F.);
#6626 = EDGE_CURVE('',#6553,#1966,#6627,.T.);
#6627 = SURFACE_CURVE('',#6628,(#6632,#6639),.PCURVE_S1.);
#6628 = LINE('',#6629,#6630);
#6629 = CARTESIAN_POINT('',(3.,12.353155467329,15.805346673542));
#6630 = VECTOR('',#6631,1.);
#6631 = DIRECTION('',(0.,-0.141421356237,0.989949493661));
#6632 = PCURVE('',#1981,#6633);
#6633 = DEFINITIONAL_REPRESENTATION('',(#6634),#6638);
#6634 = LINE('',#6635,#6636);
#6635 = CARTESIAN_POINT('',(47.5,0.));
#6636 = VECTOR('',#6637,1.);
#6637 = DIRECTION('',(0.,-1.));
#6638 = ( GEOMETRIC_REPRESENTATION_CONTEXT(2) 
PARAMETRIC_REPRESENTATION_CONTEXT() REPRESENTATION_CONTEXT('2D SPACE',''
  ) );
#6639 = PCURVE('',#2009,#6640);
#6640 = DEFINITIONAL_REPRESENTATION('',(#6641),#6645);
#6641 = LINE('',#6642,#6643);
#6642 = CARTESIAN_POINT('',(20.05,-2.));
#6643 = VECTOR('',#6644,1.);
#6644 = DIRECTION('',(-5.551115123126E-17,-1.));
#6645 = ( GEOMETRIC_REPRESENTATION_CONTEXT(2) 
PARAMETRIC_REPRESENTATION_CONTEXT() REPRESENTATION_CONTEXT('2D SPACE',''
  ) );
#6646 = ADVANCED_FACE('',(#6647),#2009,.F.);
#6647 = FACE_BOUND('',#6648,.F.);
#6648 = EDGE_LOOP('',(#6649,#6670,#6690,#6691));
#6649 = ORIENTED_EDGE('',*,*,#6650,.F.);
#6650 = EDGE_CURVE('',#6651,#1994,#6653,.T.);
#6651 = VERTEX_POINT('',#6652);
#6652 = CARTESIAN_POINT('',(3.,13.838079707821,16.017478707898));
#6653 = SURFACE_CURVE('',#6654,(#6658,#6664),.PCURVE_S1.);
#6654 = LINE('',#6655,#6656);
#6655 = CARTESIAN_POINT('',(3.,13.979501064058,15.027529214236));
#6656 = VECTOR('',#6657,1.);
#6657 = DIRECTION('',(0.,-0.141421356237,0.989949493661));
#6658 = PCURVE('',#2009,#6659);
#6659 = DEFINITIONAL_REPRESENTATION('',(#6660),#6663);
#6660 = B_SPLINE_CURVE_WITH_KNOTS('',1,(#6661,#6662),.UNSPECIFIED.,.F.,
  .F.,(2,2),(1.,6.1),.PIECEWISE_BEZIER_KNOTS.);
#6661 = CARTESIAN_POINT('',(21.55,-2.));
#6662 = CARTESIAN_POINT('',(21.55,-7.1));
#6663 = ( GEOMETRIC_REPRESENTATION_CONTEXT(2) 
PARAMETRIC_REPRESENTATION_CONTEXT() REPRESENTATION_CONTEXT('2D SPACE',''
  ) );
#6664 = PCURVE('',#2036,#6665);
#6665 = DEFINITIONAL_REPRESENTATION('',(#6666),#6669);
#6666 = B_SPLINE_CURVE_WITH_KNOTS('',1,(#6667,#6668),.UNSPECIFIED.,.F.,
  .F.,(2,2),(1.,6.1),.PIECEWISE_BEZIER_KNOTS.);
#6667 = CARTESIAN_POINT('',(49.,0.));
#6668 = CARTESIAN_POINT('',(49.,-5.1));
#6669 = ( GEOMETRIC_REPRESENTATION_CONTEXT(2) 
PARAMETRIC_REPRESENTATION_CONTEXT() REPRESENTATION_CONTEXT('2D SPACE',''
  ) );
#6670 = ORIENTED_EDGE('',*,*,#6671,.T.);
#6671 = EDGE_CURVE('',#6651,#6553,#6672,.T.);
#6672 = SURFACE_CURVE('',#6673,(#6677,#6683),.PCURVE_S1.);
#6673 = LINE('',#6674,#6675);
#6674 = CARTESIAN_POINT('',(3.,-11.70261722863,12.368807716975));
#6675 = VECTOR('',#6676,1.);
#6676 = DIRECTION('',(-0.,-0.989949493661,-0.141421356237));
#6677 = PCURVE('',#2009,#6678);
#6678 = DEFINITIONAL_REPRESENTATION('',(#6679),#6682);
#6679 = B_SPLINE_CURVE_WITH_KNOTS('',1,(#6680,#6681),.UNSPECIFIED.,.F.,
  .F.,(2,2),(-25.8,-4.25),.PIECEWISE_BEZIER_KNOTS.);
#6680 = CARTESIAN_POINT('',(21.55,-2.));
#6681 = CARTESIAN_POINT('',(0.,-2.));
#6682 = ( GEOMETRIC_REPRESENTATION_CONTEXT(2) 
PARAMETRIC_REPRESENTATION_CONTEXT() REPRESENTATION_CONTEXT('2D SPACE',''
  ) );
#6683 = PCURVE('',#3260,#6684);
#6684 = DEFINITIONAL_REPRESENTATION('',(#6685),#6689);
#6685 = LINE('',#6686,#6687);
#6686 = CARTESIAN_POINT('',(160.08596847059,3.));
#6687 = VECTOR('',#6688,1.);
#6688 = DIRECTION('',(1.,-0.));
#6689 = ( GEOMETRIC_REPRESENTATION_CONTEXT(2) 
PARAMETRIC_REPRESENTATION_CONTEXT() REPRESENTATION_CONTEXT('2D SPACE',''
  ) );
#6690 = ORIENTED_EDGE('',*,*,#6626,.T.);
#6691 = ORIENTED_EDGE('',*,*,#1993,.F.);
#6692 = ADVANCED_FACE('',(#6693),#2036,.T.);
#6693 = FACE_BOUND('',#6694,.T.);
#6694 = EDGE_LOOP('',(#6695,#6716,#6717,#6718));
#6695 = ORIENTED_EDGE('',*,*,#6696,.F.);
#6696 = EDGE_CURVE('',#6132,#6651,#6697,.T.);
#6697 = SURFACE_CURVE('',#6698,(#6702,#6709),.PCURVE_S1.);
#6698 = LINE('',#6699,#6700);
#6699 = CARTESIAN_POINT('',(-4.55,13.838079707821,16.017478707898));
#6700 = VECTOR('',#6701,1.);
#6701 = DIRECTION('',(1.,0.,0.));
#6702 = PCURVE('',#2036,#6703);
#6703 = DEFINITIONAL_REPRESENTATION('',(#6704),#6708);
#6704 = LINE('',#6705,#6706);
#6705 = CARTESIAN_POINT('',(41.45,0.));
#6706 = VECTOR('',#6707,1.);
#6707 = DIRECTION('',(1.,0.));
#6708 = ( GEOMETRIC_REPRESENTATION_CONTEXT(2) 
PARAMETRIC_REPRESENTATION_CONTEXT() REPRESENTATION_CONTEXT('2D SPACE',''
  ) );
#6709 = PCURVE('',#3260,#6710);
#6710 = DEFINITIONAL_REPRESENTATION('',(#6711),#6715);
#6711 = LINE('',#6712,#6713);
#6712 = CARTESIAN_POINT('',(134.28596847059,-4.55));
#6713 = VECTOR('',#6714,1.);
#6714 = DIRECTION('',(0.,1.));
#6715 = ( GEOMETRIC_REPRESENTATION_CONTEXT(2) 
PARAMETRIC_REPRESENTATION_CONTEXT() REPRESENTATION_CONTEXT('2D SPACE',''
  ) );
#6716 = ORIENTED_EDGE('',*,*,#6154,.F.);
#6717 = ORIENTED_EDGE('',*,*,#2020,.T.);
#6718 = ORIENTED_EDGE('',*,*,#6650,.F.);
#6719 = ADVANCED_FACE('',(#6720),#2136,.T.);
#6720 = FACE_BOUND('',#6721,.T.);
#6721 = EDGE_LOOP('',(#6722,#6723,#6742,#6743));
#6722 = ORIENTED_EDGE('',*,*,#2121,.T.);
#6723 = ORIENTED_EDGE('',*,*,#6724,.F.);
#6724 = EDGE_CURVE('',#6271,#2096,#6725,.T.);
#6725 = SURFACE_CURVE('',#6726,(#6730,#6736),.PCURVE_S1.);
#6726 = LINE('',#6727,#6728);
#6727 = CARTESIAN_POINT('',(-48.2,98.994266169563,56.260403044409));
#6728 = VECTOR('',#6729,1.);
#6729 = DIRECTION('',(-0.,0.96737222338,0.253359391838));
#6730 = PCURVE('',#2136,#6731);
#6731 = DEFINITIONAL_REPRESENTATION('',(#6732),#6735);
#6732 = B_SPLINE_CURVE_WITH_KNOTS('',1,(#6733,#6734),.UNSPECIFIED.,.F.,
  .F.,(2,2),(-170.5592347824,42.388785660139),.PIECEWISE_BEZIER_KNOTS.);
#6733 = CARTESIAN_POINT('',(212.94802044262,-48.2));
#6734 = CARTESIAN_POINT('',(0.,-48.2));
#6735 = ( GEOMETRIC_REPRESENTATION_CONTEXT(2) 
PARAMETRIC_REPRESENTATION_CONTEXT() REPRESENTATION_CONTEXT('2D SPACE',''
  ) );
#6736 = PCURVE('',#2110,#6737);
#6737 = DEFINITIONAL_REPRESENTATION('',(#6738),#6741);
#6738 = B_SPLINE_CURVE_WITH_KNOTS('',1,(#6739,#6740),.UNSPECIFIED.,.F.,
  .F.,(2,2),(-170.5592347824,42.388785660139),.PIECEWISE_BEZIER_KNOTS.);
#6739 = CARTESIAN_POINT('',(126.56308994765,-22.64305799044));
#6740 = CARTESIAN_POINT('',(-79.43691005234,31.309322961933));
#6741 = ( GEOMETRIC_REPRESENTATION_CONTEXT(2) 
PARAMETRIC_REPRESENTATION_CONTEXT() REPRESENTATION_CONTEXT('2D SPACE',''
  ) );
#6742 = ORIENTED_EDGE('',*,*,#6270,.T.);
#6743 = ORIENTED_EDGE('',*,*,#6204,.T.);
#6744 = ADVANCED_FACE('',(#6745),#2110,.T.);
#6745 = FACE_BOUND('',#6746,.T.);
#6746 = EDGE_LOOP('',(#6747,#6748,#6749,#6750));
#6747 = ORIENTED_EDGE('',*,*,#2095,.T.);
#6748 = ORIENTED_EDGE('',*,*,#2169,.T.);
#6749 = ORIENTED_EDGE('',*,*,#6291,.T.);
#6750 = ORIENTED_EDGE('',*,*,#6724,.T.);
#6751 = ADVANCED_FACE('',(#6752),#2237,.F.);
#6752 = FACE_BOUND('',#6753,.F.);
#6753 = EDGE_LOOP('',(#6754,#6775,#6776,#6777));
#6754 = ORIENTED_EDGE('',*,*,#6755,.F.);
#6755 = EDGE_CURVE('',#3045,#4064,#6756,.T.);
#6756 = SURFACE_CURVE('',#6757,(#6761,#6768),.PCURVE_S1.);
#6757 = LINE('',#6758,#6759);
#6758 = CARTESIAN_POINT('',(-46.,-70.,1.5));
#6759 = VECTOR('',#6760,1.);
#6760 = DIRECTION('',(1.,0.,0.));
#6761 = PCURVE('',#2237,#6762);
#6762 = DEFINITIONAL_REPRESENTATION('',(#6763),#6767);
#6763 = LINE('',#6764,#6765);
#6764 = CARTESIAN_POINT('',(1.5,-46.));
#6765 = VECTOR('',#6766,1.);
#6766 = DIRECTION('',(0.,1.));
#6767 = ( GEOMETRIC_REPRESENTATION_CONTEXT(2) 
PARAMETRIC_REPRESENTATION_CONTEXT() REPRESENTATION_CONTEXT('2D SPACE',''
  ) );
#6768 = PCURVE('',#4732,#6769);
#6769 = DEFINITIONAL_REPRESENTATION('',(#6770),#6774);
#6770 = LINE('',#6771,#6772);
#6771 = CARTESIAN_POINT('',(-0.,-0.98280261204));
#6772 = VECTOR('',#6773,1.);
#6773 = DIRECTION('',(-1.,0.));
#6774 = ( GEOMETRIC_REPRESENTATION_CONTEXT(2) 
PARAMETRIC_REPRESENTATION_CONTEXT() REPRESENTATION_CONTEXT('2D SPACE',''
  ) );
#6775 = ORIENTED_EDGE('',*,*,#3044,.T.);
#6776 = ORIENTED_EDGE('',*,*,#2221,.F.);
#6777 = ORIENTED_EDGE('',*,*,#4063,.F.);
#6778 = ADVANCED_FACE('',(#6779),#2313,.F.);
#6779 = FACE_BOUND('',#6780,.F.);
#6780 = EDGE_LOOP('',(#6781,#6782,#6783,#6784,#6785,#6786,#6809,#6838));
#6781 = ORIENTED_EDGE('',*,*,#3931,.F.);
#6782 = ORIENTED_EDGE('',*,*,#4246,.T.);
#6783 = ORIENTED_EDGE('',*,*,#4198,.F.);
#6784 = ORIENTED_EDGE('',*,*,#4170,.T.);
#6785 = ORIENTED_EDGE('',*,*,#2298,.F.);
#6786 = ORIENTED_EDGE('',*,*,#6787,.F.);
#6787 = EDGE_CURVE('',#6788,#2299,#6790,.T.);
#6788 = VERTEX_POINT('',#6789);
#6789 = CARTESIAN_POINT('',(48.5,27.4,28.));
#6790 = SURFACE_CURVE('',#6791,(#6795,#6802),.PCURVE_S1.);
#6791 = LINE('',#6792,#6793);
#6792 = CARTESIAN_POINT('',(48.5,27.4,28.));
#6793 = VECTOR('',#6794,1.);
#6794 = DIRECTION('',(0.,0.,1.));
#6795 = PCURVE('',#2313,#6796);
#6796 = DEFINITIONAL_REPRESENTATION('',(#6797),#6801);
#6797 = LINE('',#6798,#6799);
#6798 = CARTESIAN_POINT('',(0.,0.));
#6799 = VECTOR('',#6800,1.);
#6800 = DIRECTION('',(1.,0.));
#6801 = ( GEOMETRIC_REPRESENTATION_CONTEXT(2) 
PARAMETRIC_REPRESENTATION_CONTEXT() REPRESENTATION_CONTEXT('2D SPACE',''
  ) );
#6802 = PCURVE('',#2339,#6803);
#6803 = DEFINITIONAL_REPRESENTATION('',(#6804),#6808);
#6804 = LINE('',#6805,#6806);
#6805 = CARTESIAN_POINT('',(0.,2.5));
#6806 = VECTOR('',#6807,1.);
#6807 = DIRECTION('',(1.,0.));
#6808 = ( GEOMETRIC_REPRESENTATION_CONTEXT(2) 
PARAMETRIC_REPRESENTATION_CONTEXT() REPRESENTATION_CONTEXT('2D SPACE',''
  ) );
#6809 = ORIENTED_EDGE('',*,*,#6810,.T.);
#6810 = EDGE_CURVE('',#6788,#6811,#6813,.T.);
#6811 = VERTEX_POINT('',#6812);
#6812 = CARTESIAN_POINT('',(48.5,36.6,28.));
#6813 = SURFACE_CURVE('',#6814,(#6819,#6826),.PCURVE_S1.);
#6814 = CIRCLE('',#6815,4.6);
#6815 = AXIS2_PLACEMENT_3D('',#6816,#6817,#6818);
#6816 = CARTESIAN_POINT('',(48.5,32.,28.));
#6817 = DIRECTION('',(1.,0.,0.));
#6818 = DIRECTION('',(0.,-1.,0.));
#6819 = PCURVE('',#2313,#6820);
#6820 = DEFINITIONAL_REPRESENTATION('',(#6821),#6825);
#6821 = CIRCLE('',#6822,4.6);
#6822 = AXIS2_PLACEMENT_2D('',#6823,#6824);
#6823 = CARTESIAN_POINT('',(0.,-4.6));
#6824 = DIRECTION('',(0.,1.));
#6825 = ( GEOMETRIC_REPRESENTATION_CONTEXT(2) 
PARAMETRIC_REPRESENTATION_CONTEXT() REPRESENTATION_CONTEXT('2D SPACE',''
  ) );
#6826 = PCURVE('',#6827,#6832);
#6827 = CYLINDRICAL_SURFACE('',#6828,4.6);
#6828 = AXIS2_PLACEMENT_3D('',#6829,#6830,#6831);
#6829 = CARTESIAN_POINT('',(46.,32.,28.));
#6830 = DIRECTION('',(1.,0.,2.22044604925E-16));
#6831 = DIRECTION('',(2.22044604925E-16,0.,-1.));
#6832 = DEFINITIONAL_REPRESENTATION('',(#6833),#6837);
#6833 = LINE('',#6834,#6835);
#6834 = CARTESIAN_POINT('',(4.712388980385,2.5));
#6835 = VECTOR('',#6836,1.);
#6836 = DIRECTION('',(1.,0.));
#6837 = ( GEOMETRIC_REPRESENTATION_CONTEXT(2) 
PARAMETRIC_REPRESENTATION_CONTEXT() REPRESENTATION_CONTEXT('2D SPACE',''
  ) );
#6838 = ORIENTED_EDGE('',*,*,#6839,.T.);
#6839 = EDGE_CURVE('',#6811,#3906,#6840,.T.);
#6840 = SURFACE_CURVE('',#6841,(#6845,#6852),.PCURVE_S1.);
#6841 = LINE('',#6842,#6843);
#6842 = CARTESIAN_POINT('',(48.5,36.6,28.));
#6843 = VECTOR('',#6844,1.);
#6844 = DIRECTION('',(0.,0.,1.));
#6845 = PCURVE('',#2313,#6846);
#6846 = DEFINITIONAL_REPRESENTATION('',(#6847),#6851);
#6847 = LINE('',#6848,#6849);
#6848 = CARTESIAN_POINT('',(0.,-9.2));
#6849 = VECTOR('',#6850,1.);
#6850 = DIRECTION('',(1.,0.));
#6851 = ( GEOMETRIC_REPRESENTATION_CONTEXT(2) 
PARAMETRIC_REPRESENTATION_CONTEXT() REPRESENTATION_CONTEXT('2D SPACE',''
  ) );
#6852 = PCURVE('',#3920,#6853);
#6853 = DEFINITIONAL_REPRESENTATION('',(#6854),#6858);
#6854 = LINE('',#6855,#6856);
#6855 = CARTESIAN_POINT('',(0.,2.5));
#6856 = VECTOR('',#6857,1.);
#6857 = DIRECTION('',(1.,0.));
#6858 = ( GEOMETRIC_REPRESENTATION_CONTEXT(2) 
PARAMETRIC_REPRESENTATION_CONTEXT() REPRESENTATION_CONTEXT('2D SPACE',''
  ) );
#6859 = ADVANCED_FACE('',(#6860),#2339,.T.);
#6860 = FACE_BOUND('',#6861,.T.);
#6861 = EDGE_LOOP('',(#6862,#6863,#6885,#6906));
#6862 = ORIENTED_EDGE('',*,*,#6787,.F.);
#6863 = ORIENTED_EDGE('',*,*,#6864,.F.);
#6864 = EDGE_CURVE('',#6865,#6788,#6867,.T.);
#6865 = VERTEX_POINT('',#6866);
#6866 = CARTESIAN_POINT('',(46.,27.4,28.));
#6867 = SURFACE_CURVE('',#6868,(#6872,#6879),.PCURVE_S1.);
#6868 = LINE('',#6869,#6870);
#6869 = CARTESIAN_POINT('',(46.,27.4,28.));
#6870 = VECTOR('',#6871,1.);
#6871 = DIRECTION('',(1.,0.,0.));
#6872 = PCURVE('',#2339,#6873);
#6873 = DEFINITIONAL_REPRESENTATION('',(#6874),#6878);
#6874 = LINE('',#6875,#6876);
#6875 = CARTESIAN_POINT('',(0.,0.));
#6876 = VECTOR('',#6877,1.);
#6877 = DIRECTION('',(0.,1.));
#6878 = ( GEOMETRIC_REPRESENTATION_CONTEXT(2) 
PARAMETRIC_REPRESENTATION_CONTEXT() REPRESENTATION_CONTEXT('2D SPACE',''
  ) );
#6879 = PCURVE('',#6827,#6880);
#6880 = DEFINITIONAL_REPRESENTATION('',(#6881),#6884);
#6881 = B_SPLINE_CURVE_WITH_KNOTS('',1,(#6882,#6883),.UNSPECIFIED.,.F.,
  .F.,(2,2),(0.,2.5),.PIECEWISE_BEZIER_KNOTS.);
#6882 = CARTESIAN_POINT('',(4.712388980385,0.));
#6883 = CARTESIAN_POINT('',(4.712388980385,2.5));
#6884 = ( GEOMETRIC_REPRESENTATION_CONTEXT(2) 
PARAMETRIC_REPRESENTATION_CONTEXT() REPRESENTATION_CONTEXT('2D SPACE',''
  ) );
#6885 = ORIENTED_EDGE('',*,*,#6886,.T.);
#6886 = EDGE_CURVE('',#6865,#2325,#6887,.T.);
#6887 = SURFACE_CURVE('',#6888,(#6892,#6899),.PCURVE_S1.);
#6888 = LINE('',#6889,#6890);
#6889 = CARTESIAN_POINT('',(46.,27.4,28.));
#6890 = VECTOR('',#6891,1.);
#6891 = DIRECTION('',(0.,0.,1.));
#6892 = PCURVE('',#2339,#6893);
#6893 = DEFINITIONAL_REPRESENTATION('',(#6894),#6898);
#6894 = LINE('',#6895,#6896);
#6895 = CARTESIAN_POINT('',(0.,0.));
#6896 = VECTOR('',#6897,1.);
#6897 = DIRECTION('',(1.,0.));
#6898 = ( GEOMETRIC_REPRESENTATION_CONTEXT(2) 
PARAMETRIC_REPRESENTATION_CONTEXT() REPRESENTATION_CONTEXT('2D SPACE',''
  ) );
#6899 = PCURVE('',#2365,#6900);
#6900 = DEFINITIONAL_REPRESENTATION('',(#6901),#6905);
#6901 = LINE('',#6902,#6903);
#6902 = CARTESIAN_POINT('',(33.163089947655,-7.690677038067));
#6903 = VECTOR('',#6904,1.);
#6904 = DIRECTION('',(0.,1.));
#6905 = ( GEOMETRIC_REPRESENTATION_CONTEXT(2) 
PARAMETRIC_REPRESENTATION_CONTEXT() REPRESENTATION_CONTEXT('2D SPACE',''
  ) );
#6906 = ORIENTED_EDGE('',*,*,#2324,.F.);
#6907 = ADVANCED_FACE('',(#6908),#2365,.T.);
#6908 = FACE_BOUND('',#6909,.T.);
#6909 = EDGE_LOOP('',(#6910,#6932,#6933,#6934,#6958,#6979,#6980,#7001));
#6910 = ORIENTED_EDGE('',*,*,#6911,.T.);
#6911 = EDGE_CURVE('',#6912,#2351,#6914,.T.);
#6912 = VERTEX_POINT('',#6913);
#6913 = CARTESIAN_POINT('',(46.,22.,17.183467321066));
#6914 = SURFACE_CURVE('',#6915,(#6919,#6925),.PCURVE_S1.);
#6915 = LINE('',#6916,#6917);
#6916 = CARTESIAN_POINT('',(46.,22.,67.845338519034));
#6917 = VECTOR('',#6918,1.);
#6918 = DIRECTION('',(-0.,0.,1.));
#6919 = PCURVE('',#2365,#6920);
#6920 = DEFINITIONAL_REPRESENTATION('',(#6921),#6924);
#6921 = B_SPLINE_CURVE_WITH_KNOTS('',1,(#6922,#6923),.UNSPECIFIED.,.F.,
  .F.,(2,2),(-52.88420679598,-31.75010042379),.PIECEWISE_BEZIER_KNOTS.);
#6922 = CARTESIAN_POINT('',(38.563089947655,-20.72954531501));
#6923 = CARTESIAN_POINT('',(38.563089947655,0.404561057171));
#6924 = ( GEOMETRIC_REPRESENTATION_CONTEXT(2) 
PARAMETRIC_REPRESENTATION_CONTEXT() REPRESENTATION_CONTEXT('2D SPACE',''
  ) );
#6925 = PCURVE('',#2391,#6926);
#6926 = DEFINITIONAL_REPRESENTATION('',(#6927),#6931);
#6927 = LINE('',#6928,#6929);
#6928 = CARTESIAN_POINT('',(5.5,-32.15466148096));
#6929 = VECTOR('',#6930,1.);
#6930 = DIRECTION('',(0.,1.));
#6931 = ( GEOMETRIC_REPRESENTATION_CONTEXT(2) 
PARAMETRIC_REPRESENTATION_CONTEXT() REPRESENTATION_CONTEXT('2D SPACE',''
  ) );
#6932 = ORIENTED_EDGE('',*,*,#2350,.T.);
#6933 = ORIENTED_EDGE('',*,*,#6886,.F.);
#6934 = ORIENTED_EDGE('',*,*,#6935,.F.);
#6935 = EDGE_CURVE('',#6936,#6865,#6938,.T.);
#6936 = VERTEX_POINT('',#6937);
#6937 = CARTESIAN_POINT('',(46.,36.6,28.));
#6938 = SURFACE_CURVE('',#6939,(#6944,#6951),.PCURVE_S1.);
#6939 = CIRCLE('',#6940,4.6);
#6940 = AXIS2_PLACEMENT_3D('',#6941,#6942,#6943);
#6941 = CARTESIAN_POINT('',(46.,32.,28.));
#6942 = DIRECTION('',(-1.,0.,0.));
#6943 = DIRECTION('',(0.,1.,0.));
#6944 = PCURVE('',#2365,#6945);
#6945 = DEFINITIONAL_REPRESENTATION('',(#6946),#6950);
#6946 = CIRCLE('',#6947,4.6);
#6947 = AXIS2_PLACEMENT_2D('',#6948,#6949);
#6948 = CARTESIAN_POINT('',(28.563089947655,-7.690677038067));
#6949 = DIRECTION('',(-1.,0.));
#6950 = ( GEOMETRIC_REPRESENTATION_CONTEXT(2) 
PARAMETRIC_REPRESENTATION_CONTEXT() REPRESENTATION_CONTEXT('2D SPACE',''
  ) );
#6951 = PCURVE('',#6827,#6952);
#6952 = DEFINITIONAL_REPRESENTATION('',(#6953),#6957);
#6953 = LINE('',#6954,#6955);
#6954 = CARTESIAN_POINT('',(7.853981633974,0.));
#6955 = VECTOR('',#6956,1.);
#6956 = DIRECTION('',(-1.,-0.));
#6957 = ( GEOMETRIC_REPRESENTATION_CONTEXT(2) 
PARAMETRIC_REPRESENTATION_CONTEXT() REPRESENTATION_CONTEXT('2D SPACE',''
  ) );
#6958 = ORIENTED_EDGE('',*,*,#6959,.T.);
#6959 = EDGE_CURVE('',#6936,#3885,#6960,.T.);
#6960 = SURFACE_CURVE('',#6961,(#6965,#6972),.PCURVE_S1.);
#6961 = LINE('',#6962,#6963);
#6962 = CARTESIAN_POINT('',(46.,36.6,28.));
#6963 = VECTOR('',#6964,1.);
#6964 = DIRECTION('',(0.,0.,1.));
#6965 = PCURVE('',#2365,#6966);
#6966 = DEFINITIONAL_REPRESENTATION('',(#6967),#6971);
#6967 = LINE('',#6968,#6969);
#6968 = CARTESIAN_POINT('',(23.963089947655,-7.690677038067));
#6969 = VECTOR('',#6970,1.);
#6970 = DIRECTION('',(0.,1.));
#6971 = ( GEOMETRIC_REPRESENTATION_CONTEXT(2) 
PARAMETRIC_REPRESENTATION_CONTEXT() REPRESENTATION_CONTEXT('2D SPACE',''
  ) );
#6972 = PCURVE('',#3920,#6973);
#6973 = DEFINITIONAL_REPRESENTATION('',(#6974),#6978);
#6974 = LINE('',#6975,#6976);
#6975 = CARTESIAN_POINT('',(0.,0.));
#6976 = VECTOR('',#6977,1.);
#6977 = DIRECTION('',(1.,0.));
#6978 = ( GEOMETRIC_REPRESENTATION_CONTEXT(2) 
PARAMETRIC_REPRESENTATION_CONTEXT() REPRESENTATION_CONTEXT('2D SPACE',''
  ) );
#6979 = ORIENTED_EDGE('',*,*,#3884,.T.);
#6980 = ORIENTED_EDGE('',*,*,#6981,.F.);
#6981 = EDGE_CURVE('',#6982,#3859,#6984,.T.);
#6982 = VERTEX_POINT('',#6983);
#6983 = CARTESIAN_POINT('',(46.,42.,20.040610178209));
#6984 = SURFACE_CURVE('',#6985,(#6989,#6995),.PCURVE_S1.);
#6985 = LINE('',#6986,#6987);
#6986 = CARTESIAN_POINT('',(46.,42.,67.845338519034));
#6987 = VECTOR('',#6988,1.);
#6988 = DIRECTION('',(-0.,0.,1.));
#6989 = PCURVE('',#2365,#6990);
#6990 = DEFINITIONAL_REPRESENTATION('',(#6991),#6994);
#6991 = B_SPLINE_CURVE_WITH_KNOTS('',1,(#6992,#6993),.UNSPECIFIED.,.F.,
  .F.,(2,2),(-50.02706393884,-26.5120051857),.PIECEWISE_BEZIER_KNOTS.);
#6992 = CARTESIAN_POINT('',(18.563089947655,-17.87240245787));
#6993 = CARTESIAN_POINT('',(18.563089947655,5.642656295266));
#6994 = ( GEOMETRIC_REPRESENTATION_CONTEXT(2) 
PARAMETRIC_REPRESENTATION_CONTEXT() REPRESENTATION_CONTEXT('2D SPACE',''
  ) );
#6995 = PCURVE('',#3873,#6996);
#6996 = DEFINITIONAL_REPRESENTATION('',(#6997),#7000);
#6997 = B_SPLINE_CURVE_WITH_KNOTS('',1,(#6998,#6999),.UNSPECIFIED.,.F.,
  .F.,(2,2),(-50.02706393884,-26.5120051857),.PIECEWISE_BEZIER_KNOTS.);
#6998 = CARTESIAN_POINT('',(5.5,-82.1817254198));
#6999 = CARTESIAN_POINT('',(5.5,-58.66666666666));
#7000 = ( GEOMETRIC_REPRESENTATION_CONTEXT(2) 
PARAMETRIC_REPRESENTATION_CONTEXT() REPRESENTATION_CONTEXT('2D SPACE',''
  ) );
#7001 = ORIENTED_EDGE('',*,*,#7002,.T.);
#7002 = EDGE_CURVE('',#6982,#6912,#7003,.T.);
#7003 = SURFACE_CURVE('',#7004,(#7008,#7015),.PCURVE_S1.);
#7004 = LINE('',#7005,#7006);
#7005 = CARTESIAN_POINT('',(46.,143.93431457505,34.602655117502));
#7006 = VECTOR('',#7007,1.);
#7007 = DIRECTION('',(0.,-0.989949493661,-0.141421356237));
#7008 = PCURVE('',#2365,#7009);
#7009 = DEFINITIONAL_REPRESENTATION('',(#7010),#7014);
#7010 = LINE('',#7011,#7012);
#7011 = CARTESIAN_POINT('',(-83.37122462739,-1.088021920566));
#7012 = VECTOR('',#7013,1.);
#7013 = DIRECTION('',(0.989949493661,-0.141421356237));
#7014 = ( GEOMETRIC_REPRESENTATION_CONTEXT(2) 
PARAMETRIC_REPRESENTATION_CONTEXT() REPRESENTATION_CONTEXT('2D SPACE',''
  ) );
#7015 = PCURVE('',#3260,#7016);
#7016 = DEFINITIONAL_REPRESENTATION('',(#7017),#7021);
#7017 = LINE('',#7018,#7019);
#7018 = CARTESIAN_POINT('',(2.868925782798,46.));
#7019 = VECTOR('',#7020,1.);
#7020 = DIRECTION('',(1.,0.));
#7021 = ( GEOMETRIC_REPRESENTATION_CONTEXT(2) 
PARAMETRIC_REPRESENTATION_CONTEXT() REPRESENTATION_CONTEXT('2D SPACE',''
  ) );
#7022 = ADVANCED_FACE('',(#7023),#2391,.F.);
#7023 = FACE_BOUND('',#7024,.F.);
#7024 = EDGE_LOOP('',(#7025,#7054,#7081,#7109,#7130,#7131,#7132,#7154));
#7025 = ORIENTED_EDGE('',*,*,#7026,.F.);
#7026 = EDGE_CURVE('',#7027,#7029,#7031,.T.);
#7027 = VERTEX_POINT('',#7028);
#7028 = CARTESIAN_POINT('',(45.,22.,34.095238095238));
#7029 = VERTEX_POINT('',#7030);
#7030 = CARTESIAN_POINT('',(45.,22.,36.095238095238));
#7031 = SURFACE_CURVE('',#7032,(#7036,#7043),.PCURVE_S1.);
#7032 = LINE('',#7033,#7034);
#7033 = CARTESIAN_POINT('',(45.,22.,67.845338519034));
#7034 = VECTOR('',#7035,1.);
#7035 = DIRECTION('',(-0.,0.,1.));
#7036 = PCURVE('',#2391,#7037);
#7037 = DEFINITIONAL_REPRESENTATION('',(#7038),#7042);
#7038 = LINE('',#7039,#7040);
#7039 = CARTESIAN_POINT('',(4.5,-32.15466148096));
#7040 = VECTOR('',#7041,1.);
#7041 = DIRECTION('',(0.,1.));
#7042 = ( GEOMETRIC_REPRESENTATION_CONTEXT(2) 
PARAMETRIC_REPRESENTATION_CONTEXT() REPRESENTATION_CONTEXT('2D SPACE',''
  ) );
#7043 = PCURVE('',#7044,#7049);
#7044 = PLANE('',#7045);
#7045 = AXIS2_PLACEMENT_3D('',#7046,#7047,#7048);
#7046 = CARTESIAN_POINT('',(45.,60.563089947655,35.690677038067));
#7047 = DIRECTION('',(-1.,-0.,-0.));
#7048 = DIRECTION('',(0.,-1.,0.));
#7049 = DEFINITIONAL_REPRESENTATION('',(#7050),#7053);
#7050 = B_SPLINE_CURVE_WITH_KNOTS('',1,(#7051,#7052),.UNSPECIFIED.,.F.,
  .F.,(2,2),(-63.84533851903,11.397100310264),.PIECEWISE_BEZIER_KNOTS.);
#7051 = CARTESIAN_POINT('',(38.563089947655,-31.69067703806));
#7052 = CARTESIAN_POINT('',(38.563089947655,43.55176179123));
#7053 = ( GEOMETRIC_REPRESENTATION_CONTEXT(2) 
PARAMETRIC_REPRESENTATION_CONTEXT() REPRESENTATION_CONTEXT('2D SPACE',''
  ) );
#7054 = ORIENTED_EDGE('',*,*,#7055,.F.);
#7055 = EDGE_CURVE('',#7056,#7027,#7058,.T.);
#7056 = VERTEX_POINT('',#7057);
#7057 = CARTESIAN_POINT('',(42.6,22.,34.095238095238));
#7058 = SURFACE_CURVE('',#7059,(#7063,#7070),.PCURVE_S1.);
#7059 = LINE('',#7060,#7061);
#7060 = CARTESIAN_POINT('',(21.3,22.,34.095238095238));
#7061 = VECTOR('',#7062,1.);
#7062 = DIRECTION('',(1.,0.,-0.));
#7063 = PCURVE('',#2391,#7064);
#7064 = DEFINITIONAL_REPRESENTATION('',(#7065),#7069);
#7065 = LINE('',#7066,#7067);
#7066 = CARTESIAN_POINT('',(-19.2,-65.90476190476));
#7067 = VECTOR('',#7068,1.);
#7068 = DIRECTION('',(1.,0.));
#7069 = ( GEOMETRIC_REPRESENTATION_CONTEXT(2) 
PARAMETRIC_REPRESENTATION_CONTEXT() REPRESENTATION_CONTEXT('2D SPACE',''
  ) );
#7070 = PCURVE('',#7071,#7076);
#7071 = PLANE('',#7072);
#7072 = AXIS2_PLACEMENT_3D('',#7073,#7074,#7075);
#7073 = CARTESIAN_POINT('',(0.,140.,65.));
#7074 = DIRECTION('',(0.,-0.253359391838,0.96737222338));
#7075 = DIRECTION('',(0.,-0.96737222338,-0.253359391838));
#7076 = DEFINITIONAL_REPRESENTATION('',(#7077),#7080);
#7077 = B_SPLINE_CURVE_WITH_KNOTS('',1,(#7078,#7079),.UNSPECIFIED.,.F.,
  .F.,(2,2),(21.3,28.7),.PIECEWISE_BEZIER_KNOTS.);
#7078 = CARTESIAN_POINT('',(121.97993403994,42.6));
#7079 = CARTESIAN_POINT('',(121.97993403994,50.));
#7080 = ( GEOMETRIC_REPRESENTATION_CONTEXT(2) 
PARAMETRIC_REPRESENTATION_CONTEXT() REPRESENTATION_CONTEXT('2D SPACE',''
  ) );
#7081 = ORIENTED_EDGE('',*,*,#7082,.F.);
#7082 = EDGE_CURVE('',#7083,#7056,#7085,.T.);
#7083 = VERTEX_POINT('',#7084);
#7084 = CARTESIAN_POINT('',(42.6,22.,17.183467321066));
#7085 = SURFACE_CURVE('',#7086,(#7090,#7097),.PCURVE_S1.);
#7086 = LINE('',#7087,#7088);
#7087 = CARTESIAN_POINT('',(42.6,22.,10.));
#7088 = VECTOR('',#7089,1.);
#7089 = DIRECTION('',(0.,0.,1.));
#7090 = PCURVE('',#2391,#7091);
#7091 = DEFINITIONAL_REPRESENTATION('',(#7092),#7096);
#7092 = LINE('',#7093,#7094);
#7093 = CARTESIAN_POINT('',(2.1,-90.));
#7094 = VECTOR('',#7095,1.);
#7095 = DIRECTION('',(0.,1.));
#7096 = ( GEOMETRIC_REPRESENTATION_CONTEXT(2) 
PARAMETRIC_REPRESENTATION_CONTEXT() REPRESENTATION_CONTEXT('2D SPACE',''
  ) );
#7097 = PCURVE('',#7098,#7103);
#7098 = PLANE('',#7099);
#7099 = AXIS2_PLACEMENT_3D('',#7100,#7101,#7102);
#7100 = CARTESIAN_POINT('',(42.6,10.8,10.));
#7101 = DIRECTION('',(1.,0.,0.));
#7102 = DIRECTION('',(0.,0.,1.));
#7103 = DEFINITIONAL_REPRESENTATION('',(#7104),#7108);
#7104 = LINE('',#7105,#7106);
#7105 = CARTESIAN_POINT('',(0.,-11.2));
#7106 = VECTOR('',#7107,1.);
#7107 = DIRECTION('',(1.,0.));
#7108 = ( GEOMETRIC_REPRESENTATION_CONTEXT(2) 
PARAMETRIC_REPRESENTATION_CONTEXT() REPRESENTATION_CONTEXT('2D SPACE',''
  ) );
#7109 = ORIENTED_EDGE('',*,*,#7110,.T.);
#7110 = EDGE_CURVE('',#7083,#6912,#7111,.T.);
#7111 = SURFACE_CURVE('',#7112,(#7116,#7123),.PCURVE_S1.);
#7112 = LINE('',#7113,#7114);
#7113 = CARTESIAN_POINT('',(42.6,22.,17.183467321066));
#7114 = VECTOR('',#7115,1.);
#7115 = DIRECTION('',(1.,0.,0.));
#7116 = PCURVE('',#2391,#7117);
#7117 = DEFINITIONAL_REPRESENTATION('',(#7118),#7122);
#7118 = LINE('',#7119,#7120);
#7119 = CARTESIAN_POINT('',(2.1,-82.81653267893));
#7120 = VECTOR('',#7121,1.);
#7121 = DIRECTION('',(1.,0.));
#7122 = ( GEOMETRIC_REPRESENTATION_CONTEXT(2) 
PARAMETRIC_REPRESENTATION_CONTEXT() REPRESENTATION_CONTEXT('2D SPACE',''
  ) );
#7123 = PCURVE('',#3260,#7124);
#7124 = DEFINITIONAL_REPRESENTATION('',(#7125),#7129);
#7125 = LINE('',#7126,#7127);
#7126 = CARTESIAN_POINT('',(126.04118391901,42.6));
#7127 = VECTOR('',#7128,1.);
#7128 = DIRECTION('',(0.,1.));
#7129 = ( GEOMETRIC_REPRESENTATION_CONTEXT(2) 
PARAMETRIC_REPRESENTATION_CONTEXT() REPRESENTATION_CONTEXT('2D SPACE',''
  ) );
#7130 = ORIENTED_EDGE('',*,*,#6911,.T.);
#7131 = ORIENTED_EDGE('',*,*,#2376,.T.);
#7132 = ORIENTED_EDGE('',*,*,#7133,.T.);
#7133 = EDGE_CURVE('',#2377,#7134,#7136,.T.);
#7134 = VERTEX_POINT('',#7135);
#7135 = CARTESIAN_POINT('',(48.2,22.,36.095238095238));
#7136 = SURFACE_CURVE('',#7137,(#7141,#7148),.PCURVE_S1.);
#7137 = LINE('',#7138,#7139);
#7138 = CARTESIAN_POINT('',(48.2,22.,67.845338519034));
#7139 = VECTOR('',#7140,1.);
#7140 = DIRECTION('',(-0.,0.,1.));
#7141 = PCURVE('',#2391,#7142);
#7142 = DEFINITIONAL_REPRESENTATION('',(#7143),#7147);
#7143 = LINE('',#7144,#7145);
#7144 = CARTESIAN_POINT('',(7.7,-32.15466148096));
#7145 = VECTOR('',#7146,1.);
#7146 = DIRECTION('',(0.,1.));
#7147 = ( GEOMETRIC_REPRESENTATION_CONTEXT(2) 
PARAMETRIC_REPRESENTATION_CONTEXT() REPRESENTATION_CONTEXT('2D SPACE',''
  ) );
#7148 = PCURVE('',#2419,#7149);
#7149 = DEFINITIONAL_REPRESENTATION('',(#7150),#7153);
#7150 = B_SPLINE_CURVE_WITH_KNOTS('',1,(#7151,#7152),.UNSPECIFIED.,.F.,
  .F.,(2,2),(-66.04533851903,16.76375895415),.PIECEWISE_BEZIER_KNOTS.);
#7151 = CARTESIAN_POINT('',(38.563089947655,-33.89067703806));
#7152 = CARTESIAN_POINT('',(38.563089947655,48.918420435116));
#7153 = ( GEOMETRIC_REPRESENTATION_CONTEXT(2) 
PARAMETRIC_REPRESENTATION_CONTEXT() REPRESENTATION_CONTEXT('2D SPACE',''
  ) );
#7154 = ORIENTED_EDGE('',*,*,#7155,.F.);
#7155 = EDGE_CURVE('',#7029,#7134,#7156,.T.);
#7156 = SURFACE_CURVE('',#7157,(#7161,#7168),.PCURVE_S1.);
#7157 = LINE('',#7158,#7159);
#7158 = CARTESIAN_POINT('',(20.25,22.,36.095238095238));
#7159 = VECTOR('',#7160,1.);
#7160 = DIRECTION('',(1.,0.,0.));
#7161 = PCURVE('',#2391,#7162);
#7162 = DEFINITIONAL_REPRESENTATION('',(#7163),#7167);
#7163 = LINE('',#7164,#7165);
#7164 = CARTESIAN_POINT('',(-20.25,-63.90476190476));
#7165 = VECTOR('',#7166,1.);
#7166 = DIRECTION('',(1.,0.));
#7167 = ( GEOMETRIC_REPRESENTATION_CONTEXT(2) 
PARAMETRIC_REPRESENTATION_CONTEXT() REPRESENTATION_CONTEXT('2D SPACE',''
  ) );
#7168 = PCURVE('',#7169,#7174);
#7169 = PLANE('',#7170);
#7170 = AXIS2_PLACEMENT_3D('',#7171,#7172,#7173);
#7171 = CARTESIAN_POINT('',(0.,140.,67.));
#7172 = DIRECTION('',(0.,-0.253359391838,0.96737222338));
#7173 = DIRECTION('',(0.,-0.96737222338,-0.253359391838));
#7174 = DEFINITIONAL_REPRESENTATION('',(#7175),#7178);
#7175 = B_SPLINE_CURVE_WITH_KNOTS('',1,(#7176,#7177),.UNSPECIFIED.,.F.,
  .F.,(2,2),(20.25,27.95),.PIECEWISE_BEZIER_KNOTS.);
#7176 = CARTESIAN_POINT('',(121.97993403994,40.5));
#7177 = CARTESIAN_POINT('',(121.97993403994,48.2));
#7178 = ( GEOMETRIC_REPRESENTATION_CONTEXT(2) 
PARAMETRIC_REPRESENTATION_CONTEXT() REPRESENTATION_CONTEXT('2D SPACE',''
  ) );
#7179 = ADVANCED_FACE('',(#7180),#2419,.F.);
#7180 = FACE_BOUND('',#7181,.F.);
#7181 = EDGE_LOOP('',(#7182,#7183,#7184,#7205));
#7182 = ORIENTED_EDGE('',*,*,#7133,.F.);
#7183 = ORIENTED_EDGE('',*,*,#2403,.T.);
#7184 = ORIENTED_EDGE('',*,*,#7185,.T.);
#7185 = EDGE_CURVE('',#2404,#7186,#7188,.T.);
#7186 = VERTEX_POINT('',#7187);
#7187 = CARTESIAN_POINT('',(48.2,-37.5,20.511904761905));
#7188 = SURFACE_CURVE('',#7189,(#7193,#7199),.PCURVE_S1.);
#7189 = LINE('',#7190,#7191);
#7190 = CARTESIAN_POINT('',(48.2,-37.5,67.845338519034));
#7191 = VECTOR('',#7192,1.);
#7192 = DIRECTION('',(-0.,0.,1.));
#7193 = PCURVE('',#2419,#7194);
#7194 = DEFINITIONAL_REPRESENTATION('',(#7195),#7198);
#7195 = B_SPLINE_CURVE_WITH_KNOTS('',1,(#7196,#7197),.UNSPECIFIED.,.F.,
  .F.,(2,2),(-66.04533851903,16.76375895415),.PIECEWISE_BEZIER_KNOTS.);
#7196 = CARTESIAN_POINT('',(98.063089947655,-33.89067703806));
#7197 = CARTESIAN_POINT('',(98.063089947655,48.918420435116));
#7198 = ( GEOMETRIC_REPRESENTATION_CONTEXT(2) 
PARAMETRIC_REPRESENTATION_CONTEXT() REPRESENTATION_CONTEXT('2D SPACE',''
  ) );
#7199 = PCURVE('',#2446,#7200);
#7200 = DEFINITIONAL_REPRESENTATION('',(#7201),#7204);
#7201 = B_SPLINE_CURVE_WITH_KNOTS('',1,(#7202,#7203),.UNSPECIFIED.,.F.,
  .F.,(2,2),(-66.04533851903,16.76375895415),.PIECEWISE_BEZIER_KNOTS.);
#7202 = CARTESIAN_POINT('',(18.7,-98.2));
#7203 = CARTESIAN_POINT('',(18.7,-15.39090252681));
#7204 = ( GEOMETRIC_REPRESENTATION_CONTEXT(2) 
PARAMETRIC_REPRESENTATION_CONTEXT() REPRESENTATION_CONTEXT('2D SPACE',''
  ) );
#7205 = ORIENTED_EDGE('',*,*,#7206,.T.);
#7206 = EDGE_CURVE('',#7186,#7134,#7207,.T.);
#7207 = SURFACE_CURVE('',#7208,(#7212,#7218),.PCURVE_S1.);
#7208 = LINE('',#7209,#7210);
#7209 = CARTESIAN_POINT('',(48.2,98.994266169563,56.260403044409));
#7210 = VECTOR('',#7211,1.);
#7211 = DIRECTION('',(-0.,0.96737222338,0.253359391838));
#7212 = PCURVE('',#2419,#7213);
#7213 = DEFINITIONAL_REPRESENTATION('',(#7214),#7217);
#7214 = B_SPLINE_CURVE_WITH_KNOTS('',1,(#7215,#7216),.UNSPECIFIED.,.F.,
  .F.,(2,2),(-170.5592347824,42.388785660139),.PIECEWISE_BEZIER_KNOTS.);
#7215 = CARTESIAN_POINT('',(126.56308994765,-22.64305799044));
#7216 = CARTESIAN_POINT('',(-79.43691005234,31.309322961933));
#7217 = ( GEOMETRIC_REPRESENTATION_CONTEXT(2) 
PARAMETRIC_REPRESENTATION_CONTEXT() REPRESENTATION_CONTEXT('2D SPACE',''
  ) );
#7218 = PCURVE('',#7169,#7219);
#7219 = DEFINITIONAL_REPRESENTATION('',(#7220),#7223);
#7220 = B_SPLINE_CURVE_WITH_KNOTS('',1,(#7221,#7222),.UNSPECIFIED.,.F.,
  .F.,(2,2),(-170.5592347824,42.388785660139),.PIECEWISE_BEZIER_KNOTS.);
#7221 = CARTESIAN_POINT('',(212.94802044262,48.2));
#7222 = CARTESIAN_POINT('',(0.,48.2));
#7223 = ( GEOMETRIC_REPRESENTATION_CONTEXT(2) 
PARAMETRIC_REPRESENTATION_CONTEXT() REPRESENTATION_CONTEXT('2D SPACE',''
  ) );
#7224 = ADVANCED_FACE('',(#7225),#2446,.T.);
#7225 = FACE_BOUND('',#7226,.T.);
#7226 = EDGE_LOOP('',(#7227,#7250,#7272,#7291,#7292,#7293));
#7227 = ORIENTED_EDGE('',*,*,#7228,.F.);
#7228 = EDGE_CURVE('',#7229,#7231,#7233,.T.);
#7229 = VERTEX_POINT('',#7230);
#7230 = CARTESIAN_POINT('',(45.,-37.5,8.683467321066));
#7231 = VERTEX_POINT('',#7232);
#7232 = CARTESIAN_POINT('',(45.,-37.5,20.511904761905));
#7233 = SURFACE_CURVE('',#7234,(#7238,#7244),.PCURVE_S1.);
#7234 = LINE('',#7235,#7236);
#7235 = CARTESIAN_POINT('',(45.,-37.5,67.845338519034));
#7236 = VECTOR('',#7237,1.);
#7237 = DIRECTION('',(-0.,0.,1.));
#7238 = PCURVE('',#2446,#7239);
#7239 = DEFINITIONAL_REPRESENTATION('',(#7240),#7243);
#7240 = B_SPLINE_CURVE_WITH_KNOTS('',1,(#7241,#7242),.UNSPECIFIED.,.F.,
  .F.,(2,2),(-63.84533851903,11.397100310264),.PIECEWISE_BEZIER_KNOTS.);
#7241 = CARTESIAN_POINT('',(15.5,-96.));
#7242 = CARTESIAN_POINT('',(15.5,-20.7575611707));
#7243 = ( GEOMETRIC_REPRESENTATION_CONTEXT(2) 
PARAMETRIC_REPRESENTATION_CONTEXT() REPRESENTATION_CONTEXT('2D SPACE',''
  ) );
#7244 = PCURVE('',#7044,#7245);
#7245 = DEFINITIONAL_REPRESENTATION('',(#7246),#7249);
#7246 = B_SPLINE_CURVE_WITH_KNOTS('',1,(#7247,#7248),.UNSPECIFIED.,.F.,
  .F.,(2,2),(-63.84533851903,11.397100310264),.PIECEWISE_BEZIER_KNOTS.);
#7247 = CARTESIAN_POINT('',(98.063089947655,-31.69067703806));
#7248 = CARTESIAN_POINT('',(98.063089947655,43.55176179123));
#7249 = ( GEOMETRIC_REPRESENTATION_CONTEXT(2) 
PARAMETRIC_REPRESENTATION_CONTEXT() REPRESENTATION_CONTEXT('2D SPACE',''
  ) );
#7250 = ORIENTED_EDGE('',*,*,#7251,.T.);
#7251 = EDGE_CURVE('',#7229,#7252,#7254,.T.);
#7252 = VERTEX_POINT('',#7253);
#7253 = CARTESIAN_POINT('',(46.,-37.5,8.683467321066));
#7254 = SURFACE_CURVE('',#7255,(#7259,#7265),.PCURVE_S1.);
#7255 = LINE('',#7256,#7257);
#7256 = CARTESIAN_POINT('',(14.75,-37.5,8.683467321066));
#7257 = VECTOR('',#7258,1.);
#7258 = DIRECTION('',(1.,0.,0.));
#7259 = PCURVE('',#2446,#7260);
#7260 = DEFINITIONAL_REPRESENTATION('',(#7261),#7264);
#7261 = B_SPLINE_CURVE_WITH_KNOTS('',1,(#7262,#7263),.UNSPECIFIED.,.F.,
  .F.,(2,2),(14.75,31.25),.PIECEWISE_BEZIER_KNOTS.);
#7262 = CARTESIAN_POINT('',(0.,-91.31653267893));
#7263 = CARTESIAN_POINT('',(16.5,-91.31653267893));
#7264 = ( GEOMETRIC_REPRESENTATION_CONTEXT(2) 
PARAMETRIC_REPRESENTATION_CONTEXT() REPRESENTATION_CONTEXT('2D SPACE',''
  ) );
#7265 = PCURVE('',#3260,#7266);
#7266 = DEFINITIONAL_REPRESENTATION('',(#7267),#7271);
#7267 = LINE('',#7268,#7269);
#7268 = CARTESIAN_POINT('',(186.14526031987,14.75));
#7269 = VECTOR('',#7270,1.);
#7270 = DIRECTION('',(0.,1.));
#7271 = ( GEOMETRIC_REPRESENTATION_CONTEXT(2) 
PARAMETRIC_REPRESENTATION_CONTEXT() REPRESENTATION_CONTEXT('2D SPACE',''
  ) );
#7272 = ORIENTED_EDGE('',*,*,#7273,.T.);
#7273 = EDGE_CURVE('',#7252,#2432,#7274,.T.);
#7274 = SURFACE_CURVE('',#7275,(#7279,#7285),.PCURVE_S1.);
#7275 = LINE('',#7276,#7277);
#7276 = CARTESIAN_POINT('',(46.,-37.5,67.845338519034));
#7277 = VECTOR('',#7278,1.);
#7278 = DIRECTION('',(-0.,0.,1.));
#7279 = PCURVE('',#2446,#7280);
#7280 = DEFINITIONAL_REPRESENTATION('',(#7281),#7284);
#7281 = B_SPLINE_CURVE_WITH_KNOTS('',1,(#7282,#7283),.UNSPECIFIED.,.F.,
  .F.,(2,2),(-59.93503893387,-47.33343375712),.PIECEWISE_BEZIER_KNOTS.);
#7282 = CARTESIAN_POINT('',(16.5,-92.08970041484));
#7283 = CARTESIAN_POINT('',(16.5,-79.48809523809));
#7284 = ( GEOMETRIC_REPRESENTATION_CONTEXT(2) 
PARAMETRIC_REPRESENTATION_CONTEXT() REPRESENTATION_CONTEXT('2D SPACE',''
  ) );
#7285 = PCURVE('',#2472,#7286);
#7286 = DEFINITIONAL_REPRESENTATION('',(#7287),#7290);
#7287 = B_SPLINE_CURVE_WITH_KNOTS('',1,(#7288,#7289),.UNSPECIFIED.,.F.,
  .F.,(2,2),(-59.93503893387,-47.33343375712),.PIECEWISE_BEZIER_KNOTS.);
#7288 = CARTESIAN_POINT('',(98.063089947655,-27.7803774529));
#7289 = CARTESIAN_POINT('',(98.063089947655,-15.17877227616));
#7290 = ( GEOMETRIC_REPRESENTATION_CONTEXT(2) 
PARAMETRIC_REPRESENTATION_CONTEXT() REPRESENTATION_CONTEXT('2D SPACE',''
  ) );
#7291 = ORIENTED_EDGE('',*,*,#2431,.T.);
#7292 = ORIENTED_EDGE('',*,*,#7185,.T.);
#7293 = ORIENTED_EDGE('',*,*,#7294,.F.);
#7294 = EDGE_CURVE('',#7231,#7186,#7295,.T.);
#7295 = SURFACE_CURVE('',#7296,(#7300,#7306),.PCURVE_S1.);
#7296 = LINE('',#7297,#7298);
#7297 = CARTESIAN_POINT('',(14.75,-37.5,20.511904761905));
#7298 = VECTOR('',#7299,1.);
#7299 = DIRECTION('',(1.,0.,0.));
#7300 = PCURVE('',#2446,#7301);
#7301 = DEFINITIONAL_REPRESENTATION('',(#7302),#7305);
#7302 = B_SPLINE_CURVE_WITH_KNOTS('',1,(#7303,#7304),.UNSPECIFIED.,.F.,
  .F.,(2,2),(14.75,33.45),.PIECEWISE_BEZIER_KNOTS.);
#7303 = CARTESIAN_POINT('',(0.,-79.48809523809));
#7304 = CARTESIAN_POINT('',(18.7,-79.48809523809));
#7305 = ( GEOMETRIC_REPRESENTATION_CONTEXT(2) 
PARAMETRIC_REPRESENTATION_CONTEXT() REPRESENTATION_CONTEXT('2D SPACE',''
  ) );
#7306 = PCURVE('',#7169,#7307);
#7307 = DEFINITIONAL_REPRESENTATION('',(#7308),#7311);
#7308 = B_SPLINE_CURVE_WITH_KNOTS('',1,(#7309,#7310),.UNSPECIFIED.,.F.,
  .F.,(2,2),(14.75,33.45),.PIECEWISE_BEZIER_KNOTS.);
#7309 = CARTESIAN_POINT('',(183.48676518721,29.5));
#7310 = CARTESIAN_POINT('',(183.48676518721,48.2));
#7311 = ( GEOMETRIC_REPRESENTATION_CONTEXT(2) 
PARAMETRIC_REPRESENTATION_CONTEXT() REPRESENTATION_CONTEXT('2D SPACE',''
  ) );
#7312 = ADVANCED_FACE('',(#7313),#2472,.T.);
#7313 = FACE_BOUND('',#7314,.T.);
#7314 = EDGE_LOOP('',(#7315,#7316,#7317,#7340));
#7315 = ORIENTED_EDGE('',*,*,#2457,.T.);
#7316 = ORIENTED_EDGE('',*,*,#7273,.F.);
#7317 = ORIENTED_EDGE('',*,*,#7318,.T.);
#7318 = EDGE_CURVE('',#7252,#7319,#7321,.T.);
#7319 = VERTEX_POINT('',#7320);
#7320 = CARTESIAN_POINT('',(46.,-42.91217415135,7.910299585159));
#7321 = SURFACE_CURVE('',#7322,(#7326,#7333),.PCURVE_S1.);
#7322 = LINE('',#7323,#7324);
#7323 = CARTESIAN_POINT('',(46.,143.93431457505,34.602655117502));
#7324 = VECTOR('',#7325,1.);
#7325 = DIRECTION('',(0.,-0.989949493661,-0.141421356237));
#7326 = PCURVE('',#2472,#7327);
#7327 = DEFINITIONAL_REPRESENTATION('',(#7328),#7332);
#7328 = LINE('',#7329,#7330);
#7329 = CARTESIAN_POINT('',(-83.37122462739,-1.088021920566));
#7330 = VECTOR('',#7331,1.);
#7331 = DIRECTION('',(0.989949493661,-0.141421356237));
#7332 = ( GEOMETRIC_REPRESENTATION_CONTEXT(2) 
PARAMETRIC_REPRESENTATION_CONTEXT() REPRESENTATION_CONTEXT('2D SPACE',''
  ) );
#7333 = PCURVE('',#3260,#7334);
#7334 = DEFINITIONAL_REPRESENTATION('',(#7335),#7339);
#7335 = LINE('',#7336,#7337);
#7336 = CARTESIAN_POINT('',(2.868925782798,46.));
#7337 = VECTOR('',#7338,1.);
#7338 = DIRECTION('',(1.,0.));
#7339 = ( GEOMETRIC_REPRESENTATION_CONTEXT(2) 
PARAMETRIC_REPRESENTATION_CONTEXT() REPRESENTATION_CONTEXT('2D SPACE',''
  ) );
#7340 = ORIENTED_EDGE('',*,*,#7341,.F.);
#7341 = EDGE_CURVE('',#2458,#7319,#7342,.T.);
#7342 = SURFACE_CURVE('',#7343,(#7347,#7353),.PCURVE_S1.);
#7343 = LINE('',#7344,#7345);
#7344 = CARTESIAN_POINT('',(46.,-34.61997572311,-23.75082168628));
#7345 = VECTOR('',#7346,1.);
#7346 = DIRECTION('',(0.,0.253359391838,-0.96737222338));
#7347 = PCURVE('',#2472,#7348);
#7348 = DEFINITIONAL_REPRESENTATION('',(#7349),#7352);
#7349 = B_SPLINE_CURVE_WITH_KNOTS('',1,(#7350,#7351),.UNSPECIFIED.,.F.,
  .F.,(2,2),(-64.83040221069,-28.70274476216),.PIECEWISE_BEZIER_KNOTS.);
#7350 = CARTESIAN_POINT('',(111.60845694746,3.27363160484));
#7351 = CARTESIAN_POINT('',(102.45517562778,-31.67526070665));
#7352 = ( GEOMETRIC_REPRESENTATION_CONTEXT(2) 
PARAMETRIC_REPRESENTATION_CONTEXT() REPRESENTATION_CONTEXT('2D SPACE',''
  ) );
#7353 = PCURVE('',#2498,#7354);
#7354 = DEFINITIONAL_REPRESENTATION('',(#7355),#7358);
#7355 = B_SPLINE_CURVE_WITH_KNOTS('',1,(#7356,#7357),.UNSPECIFIED.,.F.,
  .F.,(2,2),(-64.83040221069,-28.70274476216),.PIECEWISE_BEZIER_KNOTS.);
#7356 = CARTESIAN_POINT('',(98.216933361126,4.));
#7357 = CARTESIAN_POINT('',(62.089275912603,4.));
#7358 = ( GEOMETRIC_REPRESENTATION_CONTEXT(2) 
PARAMETRIC_REPRESENTATION_CONTEXT() REPRESENTATION_CONTEXT('2D SPACE',''
  ) );
#7359 = ADVANCED_FACE('',(#7360),#2498,.T.);
#7360 = FACE_BOUND('',#7361,.T.);
#7361 = EDGE_LOOP('',(#7362,#7363,#7385,#7406));
#7362 = ORIENTED_EDGE('',*,*,#7341,.T.);
#7363 = ORIENTED_EDGE('',*,*,#7364,.T.);
#7364 = EDGE_CURVE('',#7319,#7365,#7367,.T.);
#7365 = VERTEX_POINT('',#7366);
#7366 = CARTESIAN_POINT('',(42.,-42.91217415135,7.910299585159));
#7367 = SURFACE_CURVE('',#7368,(#7372,#7378),.PCURVE_S1.);
#7368 = LINE('',#7369,#7370);
#7369 = CARTESIAN_POINT('',(21.,-42.91217415135,7.910299585159));
#7370 = VECTOR('',#7371,1.);
#7371 = DIRECTION('',(-1.,0.,0.));
#7372 = PCURVE('',#2498,#7373);
#7373 = DEFINITIONAL_REPRESENTATION('',(#7374),#7377);
#7374 = B_SPLINE_CURVE_WITH_KNOTS('',1,(#7375,#7376),.UNSPECIFIED.,.F.,
  .F.,(2,2),(-25.,-21.),.PIECEWISE_BEZIER_KNOTS.);
#7375 = CARTESIAN_POINT('',(66.115526780278,4.));
#7376 = CARTESIAN_POINT('',(66.115526780278,0.));
#7377 = ( GEOMETRIC_REPRESENTATION_CONTEXT(2) 
PARAMETRIC_REPRESENTATION_CONTEXT() REPRESENTATION_CONTEXT('2D SPACE',''
  ) );
#7378 = PCURVE('',#3260,#7379);
#7379 = DEFINITIONAL_REPRESENTATION('',(#7380),#7384);
#7380 = LINE('',#7381,#7382);
#7381 = CARTESIAN_POINT('',(191.61238181042,21.));
#7382 = VECTOR('',#7383,1.);
#7383 = DIRECTION('',(-0.,-1.));
#7384 = ( GEOMETRIC_REPRESENTATION_CONTEXT(2) 
PARAMETRIC_REPRESENTATION_CONTEXT() REPRESENTATION_CONTEXT('2D SPACE',''
  ) );
#7385 = ORIENTED_EDGE('',*,*,#7386,.T.);
#7386 = EDGE_CURVE('',#7365,#2484,#7387,.T.);
#7387 = SURFACE_CURVE('',#7388,(#7392,#7399),.PCURVE_S1.);
#7388 = LINE('',#7389,#7390);
#7389 = CARTESIAN_POINT('',(42.,-26.16118449527,-56.04802455623));
#7390 = VECTOR('',#7391,1.);
#7391 = DIRECTION('',(0.,-0.253359391838,0.96737222338));
#7392 = PCURVE('',#2498,#7393);
#7393 = DEFINITIONAL_REPRESENTATION('',(#7394),#7398);
#7394 = LINE('',#7395,#7396);
#7395 = CARTESIAN_POINT('',(0.,0.));
#7396 = VECTOR('',#7397,1.);
#7397 = DIRECTION('',(1.,0.));
#7398 = ( GEOMETRIC_REPRESENTATION_CONTEXT(2) 
PARAMETRIC_REPRESENTATION_CONTEXT() REPRESENTATION_CONTEXT('2D SPACE',''
  ) );
#7399 = PCURVE('',#2526,#7400);
#7400 = DEFINITIONAL_REPRESENTATION('',(#7401),#7405);
#7401 = LINE('',#7402,#7403);
#7402 = CARTESIAN_POINT('',(1.570796326795,0.));
#7403 = VECTOR('',#7404,1.);
#7404 = DIRECTION('',(0.,1.));
#7405 = ( GEOMETRIC_REPRESENTATION_CONTEXT(2) 
PARAMETRIC_REPRESENTATION_CONTEXT() REPRESENTATION_CONTEXT('2D SPACE',''
  ) );
#7406 = ORIENTED_EDGE('',*,*,#2483,.T.);
#7407 = ADVANCED_FACE('',(#7408),#2526,.T.);
#7408 = FACE_BOUND('',#7409,.T.);
#7409 = EDGE_LOOP('',(#7410,#7411,#7412,#7447));
#7410 = ORIENTED_EDGE('',*,*,#2509,.F.);
#7411 = ORIENTED_EDGE('',*,*,#7386,.F.);
#7412 = ORIENTED_EDGE('',*,*,#7413,.T.);
#7413 = EDGE_CURVE('',#7365,#7414,#7416,.T.);
#7414 = VERTEX_POINT('',#7415);
#7415 = CARTESIAN_POINT('',(42.,-52.87663667087,6.486804939513));
#7416 = SURFACE_CURVE('',#7417,(#7422,#7440),.PCURVE_S1.);
#7417 = ELLIPSE('',#7418,5.032813584593,5.);
#7418 = AXIS2_PLACEMENT_3D('',#7419,#7420,#7421);
#7419 = CARTESIAN_POINT('',(42.,-47.89440541111,7.198552262336));
#7420 = DIRECTION('',(0.,-0.141421356237,0.989949493661));
#7421 = DIRECTION('',(0.,-0.989949493661,-0.141421356237));
#7422 = PCURVE('',#2526,#7423);
#7423 = DEFINITIONAL_REPRESENTATION('',(#7424),#7439);
#7424 = B_SPLINE_CURVE_WITH_KNOTS('',7,(#7425,#7426,#7427,#7428,#7429,
    #7430,#7431,#7432,#7433,#7434,#7435,#7436,#7437,#7438),
  .UNSPECIFIED.,.F.,.F.,(8,6,8),(3.14159265359,4.712388980385,
    6.28318530718),.UNSPECIFIED.);
#7425 = CARTESIAN_POINT('',(1.570796326795,66.115526780278));
#7426 = CARTESIAN_POINT('',(1.795195802051,66.115526780278));
#7427 = CARTESIAN_POINT('',(2.019595277307,66.149235035051));
#7428 = CARTESIAN_POINT('',(2.243994752565,66.216646654684));
#7429 = CARTESIAN_POINT('',(2.468394227821,66.313622863869));
#7430 = CARTESIAN_POINT('',(2.692793703077,66.431790200339));
#7431 = CARTESIAN_POINT('',(2.917193178333,66.560543474803));
#7432 = CARTESIAN_POINT('',(3.365992128846,66.818051069359));
#7433 = CARTESIAN_POINT('',(3.590391604103,66.946804343812));
#7434 = CARTESIAN_POINT('',(3.81479107936,67.064971680324));
#7435 = CARTESIAN_POINT('',(4.039190554615,67.161947889464));
#7436 = CARTESIAN_POINT('',(4.263590029872,67.229359509125));
#7437 = CARTESIAN_POINT('',(4.487989505128,67.263067763884));
#7438 = CARTESIAN_POINT('',(4.712388980385,67.263067763884));
#7439 = ( GEOMETRIC_REPRESENTATION_CONTEXT(2) 
PARAMETRIC_REPRESENTATION_CONTEXT() REPRESENTATION_CONTEXT('2D SPACE',''
  ) );
#7440 = PCURVE('',#3260,#7441);
#7441 = DEFINITIONAL_REPRESENTATION('',(#7442),#7446);
#7442 = ELLIPSE('',#7443,5.032813584593,5.);
#7443 = AXIS2_PLACEMENT_2D('',#7444,#7445);
#7444 = CARTESIAN_POINT('',(196.64519539501,42.));
#7445 = DIRECTION('',(1.,0.));
#7446 = ( GEOMETRIC_REPRESENTATION_CONTEXT(2) 
PARAMETRIC_REPRESENTATION_CONTEXT() REPRESENTATION_CONTEXT('2D SPACE',''
  ) );
#7447 = ORIENTED_EDGE('',*,*,#7448,.T.);
#7448 = EDGE_CURVE('',#7414,#2510,#7449,.T.);
#7449 = SURFACE_CURVE('',#7450,(#7454,#7461),.PCURVE_S1.);
#7450 = LINE('',#7451,#7452);
#7451 = CARTESIAN_POINT('',(42.,-35.83490672907,-58.58161847461));
#7452 = VECTOR('',#7453,1.);
#7453 = DIRECTION('',(0.,-0.253359391838,0.96737222338));
#7454 = PCURVE('',#2526,#7455);
#7455 = DEFINITIONAL_REPRESENTATION('',(#7456),#7460);
#7456 = LINE('',#7457,#7458);
#7457 = CARTESIAN_POINT('',(4.712388980385,0.));
#7458 = VECTOR('',#7459,1.);
#7459 = DIRECTION('',(0.,1.));
#7460 = ( GEOMETRIC_REPRESENTATION_CONTEXT(2) 
PARAMETRIC_REPRESENTATION_CONTEXT() REPRESENTATION_CONTEXT('2D SPACE',''
  ) );
#7461 = PCURVE('',#2553,#7462);
#7462 = DEFINITIONAL_REPRESENTATION('',(#7463),#7467);
#7463 = LINE('',#7464,#7465);
#7464 = CARTESIAN_POINT('',(0.,0.));
#7465 = VECTOR('',#7466,1.);
#7466 = DIRECTION('',(1.,0.));
#7467 = ( GEOMETRIC_REPRESENTATION_CONTEXT(2) 
PARAMETRIC_REPRESENTATION_CONTEXT() REPRESENTATION_CONTEXT('2D SPACE',''
  ) );
#7468 = ADVANCED_FACE('',(#7469),#2553,.F.);
#7469 = FACE_BOUND('',#7470,.F.);
#7470 = EDGE_LOOP('',(#7471,#7492,#7512,#7513));
#7471 = ORIENTED_EDGE('',*,*,#7472,.T.);
#7472 = EDGE_CURVE('',#2539,#7473,#7475,.T.);
#7473 = VERTEX_POINT('',#7474);
#7474 = CARTESIAN_POINT('',(46.,-52.87663667087,6.486804939513));
#7475 = SURFACE_CURVE('',#7476,(#7480,#7486),.PCURVE_S1.);
#7476 = LINE('',#7477,#7478);
#7477 = CARTESIAN_POINT('',(46.,-44.29369795691,-26.28441560466));
#7478 = VECTOR('',#7479,1.);
#7479 = DIRECTION('',(0.,0.253359391838,-0.96737222338));
#7480 = PCURVE('',#2553,#7481);
#7481 = DEFINITIONAL_REPRESENTATION('',(#7482),#7485);
#7482 = B_SPLINE_CURVE_WITH_KNOTS('',1,(#7483,#7484),.UNSPECIFIED.,.F.,
  .F.,(2,2),(-64.83040221069,-31.30585608385),.PIECEWISE_BEZIER_KNOTS.);
#7483 = CARTESIAN_POINT('',(98.216933361126,4.));
#7484 = CARTESIAN_POINT('',(64.692387234291,4.));
#7485 = ( GEOMETRIC_REPRESENTATION_CONTEXT(2) 
PARAMETRIC_REPRESENTATION_CONTEXT() REPRESENTATION_CONTEXT('2D SPACE',''
  ) );
#7486 = PCURVE('',#2579,#7487);
#7487 = DEFINITIONAL_REPRESENTATION('',(#7488),#7491);
#7488 = B_SPLINE_CURVE_WITH_KNOTS('',1,(#7489,#7490),.UNSPECIFIED.,.F.,
  .F.,(2,2),(-64.83040221069,-31.30585608385),.PIECEWISE_BEZIER_KNOTS.);
#7489 = CARTESIAN_POINT('',(121.28217918126,0.740037686463));
#7490 = CARTESIAN_POINT('',(112.78842056293,-31.69067703806));
#7491 = ( GEOMETRIC_REPRESENTATION_CONTEXT(2) 
PARAMETRIC_REPRESENTATION_CONTEXT() REPRESENTATION_CONTEXT('2D SPACE',''
  ) );
#7492 = ORIENTED_EDGE('',*,*,#7493,.T.);
#7493 = EDGE_CURVE('',#7473,#7414,#7494,.T.);
#7494 = SURFACE_CURVE('',#7495,(#7499,#7505),.PCURVE_S1.);
#7495 = LINE('',#7496,#7497);
#7496 = CARTESIAN_POINT('',(21.,-52.87663667087,6.486804939513));
#7497 = VECTOR('',#7498,1.);
#7498 = DIRECTION('',(-1.,0.,0.));
#7499 = PCURVE('',#2553,#7500);
#7500 = DEFINITIONAL_REPRESENTATION('',(#7501),#7504);
#7501 = B_SPLINE_CURVE_WITH_KNOTS('',1,(#7502,#7503),.UNSPECIFIED.,.F.,
  .F.,(2,2),(-25.,-21.),.PIECEWISE_BEZIER_KNOTS.);
#7502 = CARTESIAN_POINT('',(67.263067763884,4.));
#7503 = CARTESIAN_POINT('',(67.263067763884,0.));
#7504 = ( GEOMETRIC_REPRESENTATION_CONTEXT(2) 
PARAMETRIC_REPRESENTATION_CONTEXT() REPRESENTATION_CONTEXT('2D SPACE',''
  ) );
#7505 = PCURVE('',#3260,#7506);
#7506 = DEFINITIONAL_REPRESENTATION('',(#7507),#7511);
#7507 = LINE('',#7508,#7509);
#7508 = CARTESIAN_POINT('',(201.6780089796,21.));
#7509 = VECTOR('',#7510,1.);
#7510 = DIRECTION('',(-0.,-1.));
#7511 = ( GEOMETRIC_REPRESENTATION_CONTEXT(2) 
PARAMETRIC_REPRESENTATION_CONTEXT() REPRESENTATION_CONTEXT('2D SPACE',''
  ) );
#7512 = ORIENTED_EDGE('',*,*,#7448,.T.);
#7513 = ORIENTED_EDGE('',*,*,#2538,.T.);
#7514 = ADVANCED_FACE('',(#7515),#2579,.T.);
#7515 = FACE_BOUND('',#7516,.T.);
#7516 = EDGE_LOOP('',(#7517,#7518,#7519,#7542));
#7517 = ORIENTED_EDGE('',*,*,#2564,.T.);
#7518 = ORIENTED_EDGE('',*,*,#7472,.T.);
#7519 = ORIENTED_EDGE('',*,*,#7520,.T.);
#7520 = EDGE_CURVE('',#7473,#7521,#7523,.T.);
#7521 = VERTEX_POINT('',#7522);
#7522 = CARTESIAN_POINT('',(46.,-62.5,5.112038749637));
#7523 = SURFACE_CURVE('',#7524,(#7528,#7535),.PCURVE_S1.);
#7524 = LINE('',#7525,#7526);
#7525 = CARTESIAN_POINT('',(46.,143.93431457505,34.602655117502));
#7526 = VECTOR('',#7527,1.);
#7527 = DIRECTION('',(0.,-0.989949493661,-0.141421356237));
#7528 = PCURVE('',#2579,#7529);
#7529 = DEFINITIONAL_REPRESENTATION('',(#7530),#7534);
#7530 = LINE('',#7531,#7532);
#7531 = CARTESIAN_POINT('',(-83.37122462739,-1.088021920566));
#7532 = VECTOR('',#7533,1.);
#7533 = DIRECTION('',(0.989949493661,-0.141421356237));
#7534 = ( GEOMETRIC_REPRESENTATION_CONTEXT(2) 
PARAMETRIC_REPRESENTATION_CONTEXT() REPRESENTATION_CONTEXT('2D SPACE',''
  ) );
#7535 = PCURVE('',#3260,#7536);
#7536 = DEFINITIONAL_REPRESENTATION('',(#7537),#7541);
#7537 = LINE('',#7538,#7539);
#7538 = CARTESIAN_POINT('',(2.868925782798,46.));
#7539 = VECTOR('',#7540,1.);
#7540 = DIRECTION('',(1.,0.));
#7541 = ( GEOMETRIC_REPRESENTATION_CONTEXT(2) 
PARAMETRIC_REPRESENTATION_CONTEXT() REPRESENTATION_CONTEXT('2D SPACE',''
  ) );
#7542 = ORIENTED_EDGE('',*,*,#7543,.T.);
#7543 = EDGE_CURVE('',#7521,#2565,#7544,.T.);
#7544 = SURFACE_CURVE('',#7545,(#7549,#7555),.PCURVE_S1.);
#7545 = LINE('',#7546,#7547);
#7546 = CARTESIAN_POINT('',(46.,-62.5,67.845338519034));
#7547 = VECTOR('',#7548,1.);
#7548 = DIRECTION('',(-0.,0.,1.));
#7549 = PCURVE('',#2579,#7550);
#7550 = DEFINITIONAL_REPRESENTATION('',(#7551),#7554);
#7551 = B_SPLINE_CURVE_WITH_KNOTS('',1,(#7552,#7553),.UNSPECIFIED.,.F.,
  .F.,(2,2),(-63.23329976939,-53.88105280474),.PIECEWISE_BEZIER_KNOTS.);
#7552 = CARTESIAN_POINT('',(123.06308994765,-31.07863828843));
#7553 = CARTESIAN_POINT('',(123.06308994765,-21.72639132378));
#7554 = ( GEOMETRIC_REPRESENTATION_CONTEXT(2) 
PARAMETRIC_REPRESENTATION_CONTEXT() REPRESENTATION_CONTEXT('2D SPACE',''
  ) );
#7555 = PCURVE('',#2605,#7556);
#7556 = DEFINITIONAL_REPRESENTATION('',(#7557),#7560);
#7557 = B_SPLINE_CURVE_WITH_KNOTS('',1,(#7558,#7559),.UNSPECIFIED.,.F.,
  .F.,(2,2),(-63.23329976939,-53.88105280474),.PIECEWISE_BEZIER_KNOTS.);
#7558 = CARTESIAN_POINT('',(16.5,-95.38796125036));
#7559 = CARTESIAN_POINT('',(16.5,-86.03571428571));
#7560 = ( GEOMETRIC_REPRESENTATION_CONTEXT(2) 
PARAMETRIC_REPRESENTATION_CONTEXT() REPRESENTATION_CONTEXT('2D SPACE',''
  ) );
#7561 = ADVANCED_FACE('',(#7562),#2605,.F.);
#7562 = FACE_BOUND('',#7563,.F.);
#7563 = EDGE_LOOP('',(#7564,#7592,#7612,#7613,#7614,#7635));
#7564 = ORIENTED_EDGE('',*,*,#7565,.F.);
#7565 = EDGE_CURVE('',#7566,#7568,#7570,.T.);
#7566 = VERTEX_POINT('',#7567);
#7567 = CARTESIAN_POINT('',(45.,-62.5,5.112038749637));
#7568 = VERTEX_POINT('',#7569);
#7569 = CARTESIAN_POINT('',(45.,-62.5,13.964285714286));
#7570 = SURFACE_CURVE('',#7571,(#7575,#7581),.PCURVE_S1.);
#7571 = LINE('',#7572,#7573);
#7572 = CARTESIAN_POINT('',(45.,-62.5,67.845338519034));
#7573 = VECTOR('',#7574,1.);
#7574 = DIRECTION('',(-0.,0.,1.));
#7575 = PCURVE('',#2605,#7576);
#7576 = DEFINITIONAL_REPRESENTATION('',(#7577),#7580);
#7577 = B_SPLINE_CURVE_WITH_KNOTS('',1,(#7578,#7579),.UNSPECIFIED.,.F.,
  .F.,(2,2),(-63.84533851903,11.397100310264),.PIECEWISE_BEZIER_KNOTS.);
#7578 = CARTESIAN_POINT('',(15.5,-96.));
#7579 = CARTESIAN_POINT('',(15.5,-20.7575611707));
#7580 = ( GEOMETRIC_REPRESENTATION_CONTEXT(2) 
PARAMETRIC_REPRESENTATION_CONTEXT() REPRESENTATION_CONTEXT('2D SPACE',''
  ) );
#7581 = PCURVE('',#7582,#7587);
#7582 = PLANE('',#7583);
#7583 = AXIS2_PLACEMENT_3D('',#7584,#7585,#7586);
#7584 = CARTESIAN_POINT('',(45.,60.563089947655,35.690677038067));
#7585 = DIRECTION('',(-1.,-0.,-0.));
#7586 = DIRECTION('',(0.,-1.,0.));
#7587 = DEFINITIONAL_REPRESENTATION('',(#7588),#7591);
#7588 = B_SPLINE_CURVE_WITH_KNOTS('',1,(#7589,#7590),.UNSPECIFIED.,.F.,
  .F.,(2,2),(-63.84533851903,11.397100310264),.PIECEWISE_BEZIER_KNOTS.);
#7589 = CARTESIAN_POINT('',(123.06308994765,-31.69067703806));
#7590 = CARTESIAN_POINT('',(123.06308994765,43.55176179123));
#7591 = ( GEOMETRIC_REPRESENTATION_CONTEXT(2) 
PARAMETRIC_REPRESENTATION_CONTEXT() REPRESENTATION_CONTEXT('2D SPACE',''
  ) );
#7592 = ORIENTED_EDGE('',*,*,#7593,.T.);
#7593 = EDGE_CURVE('',#7566,#7521,#7594,.T.);
#7594 = SURFACE_CURVE('',#7595,(#7599,#7605),.PCURVE_S1.);
#7595 = LINE('',#7596,#7597);
#7596 = CARTESIAN_POINT('',(14.75,-62.5,5.112038749637));
#7597 = VECTOR('',#7598,1.);
#7598 = DIRECTION('',(1.,0.,0.));
#7599 = PCURVE('',#2605,#7600);
#7600 = DEFINITIONAL_REPRESENTATION('',(#7601),#7604);
#7601 = B_SPLINE_CURVE_WITH_KNOTS('',1,(#7602,#7603),.UNSPECIFIED.,.F.,
  .F.,(2,2),(14.75,31.25),.PIECEWISE_BEZIER_KNOTS.);
#7602 = CARTESIAN_POINT('',(0.,-94.88796125036));
#7603 = CARTESIAN_POINT('',(16.5,-94.88796125036));
#7604 = ( GEOMETRIC_REPRESENTATION_CONTEXT(2) 
PARAMETRIC_REPRESENTATION_CONTEXT() REPRESENTATION_CONTEXT('2D SPACE',''
  ) );
#7605 = PCURVE('',#3260,#7606);
#7606 = DEFINITIONAL_REPRESENTATION('',(#7607),#7611);
#7607 = LINE('',#7608,#7609);
#7608 = CARTESIAN_POINT('',(211.39907393367,14.75));
#7609 = VECTOR('',#7610,1.);
#7610 = DIRECTION('',(0.,1.));
#7611 = ( GEOMETRIC_REPRESENTATION_CONTEXT(2) 
PARAMETRIC_REPRESENTATION_CONTEXT() REPRESENTATION_CONTEXT('2D SPACE',''
  ) );
#7612 = ORIENTED_EDGE('',*,*,#7543,.T.);
#7613 = ORIENTED_EDGE('',*,*,#2590,.T.);
#7614 = ORIENTED_EDGE('',*,*,#7615,.T.);
#7615 = EDGE_CURVE('',#2591,#7616,#7618,.T.);
#7616 = VERTEX_POINT('',#7617);
#7617 = CARTESIAN_POINT('',(48.2,-62.5,13.964285714286));
#7618 = SURFACE_CURVE('',#7619,(#7623,#7629),.PCURVE_S1.);
#7619 = LINE('',#7620,#7621);
#7620 = CARTESIAN_POINT('',(48.2,-62.5,67.845338519034));
#7621 = VECTOR('',#7622,1.);
#7622 = DIRECTION('',(-0.,0.,1.));
#7623 = PCURVE('',#2605,#7624);
#7624 = DEFINITIONAL_REPRESENTATION('',(#7625),#7628);
#7625 = B_SPLINE_CURVE_WITH_KNOTS('',1,(#7626,#7627),.UNSPECIFIED.,.F.,
  .F.,(2,2),(-66.04533851903,16.76375895415),.PIECEWISE_BEZIER_KNOTS.);
#7626 = CARTESIAN_POINT('',(18.7,-98.2));
#7627 = CARTESIAN_POINT('',(18.7,-15.39090252681));
#7628 = ( GEOMETRIC_REPRESENTATION_CONTEXT(2) 
PARAMETRIC_REPRESENTATION_CONTEXT() REPRESENTATION_CONTEXT('2D SPACE',''
  ) );
#7629 = PCURVE('',#2631,#7630);
#7630 = DEFINITIONAL_REPRESENTATION('',(#7631),#7634);
#7631 = B_SPLINE_CURVE_WITH_KNOTS('',1,(#7632,#7633),.UNSPECIFIED.,.F.,
  .F.,(2,2),(-66.04533851903,16.76375895415),.PIECEWISE_BEZIER_KNOTS.);
#7632 = CARTESIAN_POINT('',(123.06308994765,-33.89067703806));
#7633 = CARTESIAN_POINT('',(123.06308994765,48.918420435116));
#7634 = ( GEOMETRIC_REPRESENTATION_CONTEXT(2) 
PARAMETRIC_REPRESENTATION_CONTEXT() REPRESENTATION_CONTEXT('2D SPACE',''
  ) );
#7635 = ORIENTED_EDGE('',*,*,#7636,.F.);
#7636 = EDGE_CURVE('',#7568,#7616,#7637,.T.);
#7637 = SURFACE_CURVE('',#7638,(#7642,#7648),.PCURVE_S1.);
#7638 = LINE('',#7639,#7640);
#7639 = CARTESIAN_POINT('',(14.75,-62.5,13.964285714286));
#7640 = VECTOR('',#7641,1.);
#7641 = DIRECTION('',(1.,0.,0.));
#7642 = PCURVE('',#2605,#7643);
#7643 = DEFINITIONAL_REPRESENTATION('',(#7644),#7647);
#7644 = B_SPLINE_CURVE_WITH_KNOTS('',1,(#7645,#7646),.UNSPECIFIED.,.F.,
  .F.,(2,2),(14.75,33.45),.PIECEWISE_BEZIER_KNOTS.);
#7645 = CARTESIAN_POINT('',(0.,-86.03571428571));
#7646 = CARTESIAN_POINT('',(18.7,-86.03571428571));
#7647 = ( GEOMETRIC_REPRESENTATION_CONTEXT(2) 
PARAMETRIC_REPRESENTATION_CONTEXT() REPRESENTATION_CONTEXT('2D SPACE',''
  ) );
#7648 = PCURVE('',#7649,#7654);
#7649 = PLANE('',#7650);
#7650 = AXIS2_PLACEMENT_3D('',#7651,#7652,#7653);
#7651 = CARTESIAN_POINT('',(0.,140.,67.));
#7652 = DIRECTION('',(0.,-0.253359391838,0.96737222338));
#7653 = DIRECTION('',(0.,-0.96737222338,-0.253359391838));
#7654 = DEFINITIONAL_REPRESENTATION('',(#7655),#7658);
#7655 = B_SPLINE_CURVE_WITH_KNOTS('',1,(#7656,#7657),.UNSPECIFIED.,.F.,
  .F.,(2,2),(14.75,33.45),.PIECEWISE_BEZIER_KNOTS.);
#7656 = CARTESIAN_POINT('',(209.3299715516,29.5));
#7657 = CARTESIAN_POINT('',(209.3299715516,48.2));
#7658 = ( GEOMETRIC_REPRESENTATION_CONTEXT(2) 
PARAMETRIC_REPRESENTATION_CONTEXT() REPRESENTATION_CONTEXT('2D SPACE',''
  ) );
#7659 = ADVANCED_FACE('',(#7660),#2631,.F.);
#7660 = FACE_BOUND('',#7661,.F.);
#7661 = EDGE_LOOP('',(#7662,#7663,#7664,#7687));
#7662 = ORIENTED_EDGE('',*,*,#7615,.F.);
#7663 = ORIENTED_EDGE('',*,*,#2616,.T.);
#7664 = ORIENTED_EDGE('',*,*,#7665,.T.);
#7665 = EDGE_CURVE('',#2617,#7666,#7668,.T.);
#7666 = VERTEX_POINT('',#7667);
#7667 = CARTESIAN_POINT('',(48.2,-66.,13.047619047619));
#7668 = SURFACE_CURVE('',#7669,(#7673,#7680),.PCURVE_S1.);
#7669 = LINE('',#7670,#7671);
#7670 = CARTESIAN_POINT('',(48.2,-66.,2.075417437337));
#7671 = VECTOR('',#7672,1.);
#7672 = DIRECTION('',(0.,0.,1.));
#7673 = PCURVE('',#2631,#7674);
#7674 = DEFINITIONAL_REPRESENTATION('',(#7675),#7679);
#7675 = LINE('',#7676,#7677);
#7676 = CARTESIAN_POINT('',(126.56308994765,-33.61525960073));
#7677 = VECTOR('',#7678,1.);
#7678 = DIRECTION('',(0.,1.));
#7679 = ( GEOMETRIC_REPRESENTATION_CONTEXT(2) 
PARAMETRIC_REPRESENTATION_CONTEXT() REPRESENTATION_CONTEXT('2D SPACE',''
  ) );
#7680 = PCURVE('',#2659,#7681);
#7681 = DEFINITIONAL_REPRESENTATION('',(#7682),#7686);
#7682 = LINE('',#7683,#7684);
#7683 = CARTESIAN_POINT('',(1.570796326795,0.));
#7684 = VECTOR('',#7685,1.);
#7685 = DIRECTION('',(0.,1.));
#7686 = ( GEOMETRIC_REPRESENTATION_CONTEXT(2) 
PARAMETRIC_REPRESENTATION_CONTEXT() REPRESENTATION_CONTEXT('2D SPACE',''
  ) );
#7687 = ORIENTED_EDGE('',*,*,#7688,.T.);
#7688 = EDGE_CURVE('',#7666,#7616,#7689,.T.);
#7689 = SURFACE_CURVE('',#7690,(#7694,#7700),.PCURVE_S1.);
#7690 = LINE('',#7691,#7692);
#7691 = CARTESIAN_POINT('',(48.2,98.994266169563,56.260403044409));
#7692 = VECTOR('',#7693,1.);
#7693 = DIRECTION('',(-0.,0.96737222338,0.253359391838));
#7694 = PCURVE('',#2631,#7695);
#7695 = DEFINITIONAL_REPRESENTATION('',(#7696),#7699);
#7696 = B_SPLINE_CURVE_WITH_KNOTS('',1,(#7697,#7698),.UNSPECIFIED.,.F.,
  .F.,(2,2),(-170.5592347824,42.388785660139),.PIECEWISE_BEZIER_KNOTS.);
#7697 = CARTESIAN_POINT('',(126.56308994765,-22.64305799044));
#7698 = CARTESIAN_POINT('',(-79.43691005234,31.309322961933));
#7699 = ( GEOMETRIC_REPRESENTATION_CONTEXT(2) 
PARAMETRIC_REPRESENTATION_CONTEXT() REPRESENTATION_CONTEXT('2D SPACE',''
  ) );
#7700 = PCURVE('',#7649,#7701);
#7701 = DEFINITIONAL_REPRESENTATION('',(#7702),#7705);
#7702 = B_SPLINE_CURVE_WITH_KNOTS('',1,(#7703,#7704),.UNSPECIFIED.,.F.,
  .F.,(2,2),(-170.5592347824,42.388785660139),.PIECEWISE_BEZIER_KNOTS.);
#7703 = CARTESIAN_POINT('',(212.94802044262,48.2));
#7704 = CARTESIAN_POINT('',(0.,48.2));
#7705 = ( GEOMETRIC_REPRESENTATION_CONTEXT(2) 
PARAMETRIC_REPRESENTATION_CONTEXT() REPRESENTATION_CONTEXT('2D SPACE',''
  ) );
#7706 = ADVANCED_FACE('',(#7707),#2659,.T.);
#7707 = FACE_BOUND('',#7708,.T.);
#7708 = EDGE_LOOP('',(#7709,#7732,#7733,#7734));
#7709 = ORIENTED_EDGE('',*,*,#7710,.F.);
#7710 = EDGE_CURVE('',#2643,#7711,#7713,.T.);
#7711 = VERTEX_POINT('',#7712);
#7712 = CARTESIAN_POINT('',(46.,-68.2,12.471428571429));
#7713 = SURFACE_CURVE('',#7714,(#7718,#7725),.PCURVE_S1.);
#7714 = LINE('',#7715,#7716);
#7715 = CARTESIAN_POINT('',(46.,-68.2,2.075417437337));
#7716 = VECTOR('',#7717,1.);
#7717 = DIRECTION('',(0.,0.,1.));
#7718 = PCURVE('',#2659,#7719);
#7719 = DEFINITIONAL_REPRESENTATION('',(#7720),#7724);
#7720 = LINE('',#7721,#7722);
#7721 = CARTESIAN_POINT('',(0.,0.));
#7722 = VECTOR('',#7723,1.);
#7723 = DIRECTION('',(0.,1.));
#7724 = ( GEOMETRIC_REPRESENTATION_CONTEXT(2) 
PARAMETRIC_REPRESENTATION_CONTEXT() REPRESENTATION_CONTEXT('2D SPACE',''
  ) );
#7725 = PCURVE('',#2691,#7726);
#7726 = DEFINITIONAL_REPRESENTATION('',(#7727),#7731);
#7727 = LINE('',#7728,#7729);
#7728 = CARTESIAN_POINT('',(0.,46.));
#7729 = VECTOR('',#7730,1.);
#7730 = DIRECTION('',(1.,0.));
#7731 = ( GEOMETRIC_REPRESENTATION_CONTEXT(2) 
PARAMETRIC_REPRESENTATION_CONTEXT() REPRESENTATION_CONTEXT('2D SPACE',''
  ) );
#7732 = ORIENTED_EDGE('',*,*,#2642,.T.);
#7733 = ORIENTED_EDGE('',*,*,#7665,.T.);
#7734 = ORIENTED_EDGE('',*,*,#7735,.F.);
#7735 = EDGE_CURVE('',#7711,#7666,#7736,.T.);
#7736 = SURFACE_CURVE('',#7737,(#7742,#7754),.PCURVE_S1.);
#7737 = ELLIPSE('',#7738,2.274202160067,2.2);
#7738 = AXIS2_PLACEMENT_3D('',#7739,#7740,#7741);
#7739 = CARTESIAN_POINT('',(46.,-66.,13.047619047619));
#7740 = DIRECTION('',(0.,-0.253359391838,0.96737222338));
#7741 = DIRECTION('',(0.,0.96737222338,0.253359391838));
#7742 = PCURVE('',#2659,#7743);
#7743 = DEFINITIONAL_REPRESENTATION('',(#7744),#7753);
#7744 = B_SPLINE_CURVE_WITH_KNOTS('',7,(#7745,#7746,#7747,#7748,#7749,
    #7750,#7751,#7752),.UNSPECIFIED.,.F.,.F.,(8,8),(3.14159265359,
    4.712388980385),.PIECEWISE_BEZIER_KNOTS.);
#7745 = CARTESIAN_POINT('',(0.,10.396011134092));
#7746 = CARTESIAN_POINT('',(0.224399475256,10.396011134092));
#7747 = CARTESIAN_POINT('',(0.448798950513,10.429861559737));
#7748 = CARTESIAN_POINT('',(0.673198425769,10.497557500476));
#7749 = CARTESIAN_POINT('',(0.897597901026,10.594942724958));
#7750 = CARTESIAN_POINT('',(1.121997376282,10.713608454294));
#7751 = CARTESIAN_POINT('',(1.346396851538,10.842904769777));
#7752 = CARTESIAN_POINT('',(1.570796326795,10.972201610282));
#7753 = ( GEOMETRIC_REPRESENTATION_CONTEXT(2) 
PARAMETRIC_REPRESENTATION_CONTEXT() REPRESENTATION_CONTEXT('2D SPACE',''
  ) );
#7754 = PCURVE('',#7649,#7755);
#7755 = DEFINITIONAL_REPRESENTATION('',(#7756),#7760);
#7756 = ELLIPSE('',#7757,2.274202160067,2.2);
#7757 = AXIS2_PLACEMENT_2D('',#7758,#7759);
#7758 = CARTESIAN_POINT('',(212.94802044262,46.));
#7759 = DIRECTION('',(-1.,0.));
#7760 = ( GEOMETRIC_REPRESENTATION_CONTEXT(2) 
PARAMETRIC_REPRESENTATION_CONTEXT() REPRESENTATION_CONTEXT('2D SPACE',''
  ) );
#7761 = ADVANCED_FACE('',(#7762),#2691,.F.);
#7762 = FACE_BOUND('',#7763,.F.);
#7763 = EDGE_LOOP('',(#7764,#7765,#7788,#7807));
#7764 = ORIENTED_EDGE('',*,*,#2676,.T.);
#7765 = ORIENTED_EDGE('',*,*,#7766,.T.);
#7766 = EDGE_CURVE('',#2677,#7767,#7769,.T.);
#7767 = VERTEX_POINT('',#7768);
#7768 = CARTESIAN_POINT('',(-46.,-68.2,12.471428571429));
#7769 = SURFACE_CURVE('',#7770,(#7774,#7781),.PCURVE_S1.);
#7770 = LINE('',#7771,#7772);
#7771 = CARTESIAN_POINT('',(-46.,-68.2,2.075417437337));
#7772 = VECTOR('',#7773,1.);
#7773 = DIRECTION('',(0.,0.,1.));
#7774 = PCURVE('',#2691,#7775);
#7775 = DEFINITIONAL_REPRESENTATION('',(#7776),#7780);
#7776 = LINE('',#7777,#7778);
#7777 = CARTESIAN_POINT('',(0.,-46.));
#7778 = VECTOR('',#7779,1.);
#7779 = DIRECTION('',(1.,0.));
#7780 = ( GEOMETRIC_REPRESENTATION_CONTEXT(2) 
PARAMETRIC_REPRESENTATION_CONTEXT() REPRESENTATION_CONTEXT('2D SPACE',''
  ) );
#7781 = PCURVE('',#2719,#7782);
#7782 = DEFINITIONAL_REPRESENTATION('',(#7783),#7787);
#7783 = LINE('',#7784,#7785);
#7784 = CARTESIAN_POINT('',(-0.,0.));
#7785 = VECTOR('',#7786,1.);
#7786 = DIRECTION('',(-0.,1.));
#7787 = ( GEOMETRIC_REPRESENTATION_CONTEXT(2) 
PARAMETRIC_REPRESENTATION_CONTEXT() REPRESENTATION_CONTEXT('2D SPACE',''
  ) );
#7788 = ORIENTED_EDGE('',*,*,#7789,.T.);
#7789 = EDGE_CURVE('',#7767,#7711,#7790,.T.);
#7790 = SURFACE_CURVE('',#7791,(#7795,#7801),.PCURVE_S1.);
#7791 = LINE('',#7792,#7793);
#7792 = CARTESIAN_POINT('',(0.,-68.2,12.471428571429));
#7793 = VECTOR('',#7794,1.);
#7794 = DIRECTION('',(1.,0.,-0.));
#7795 = PCURVE('',#2691,#7796);
#7796 = DEFINITIONAL_REPRESENTATION('',(#7797),#7800);
#7797 = B_SPLINE_CURVE_WITH_KNOTS('',1,(#7798,#7799),.UNSPECIFIED.,.F.,
  .F.,(2,2),(-46.,46.),.PIECEWISE_BEZIER_KNOTS.);
#7798 = CARTESIAN_POINT('',(10.396011134092,-46.));
#7799 = CARTESIAN_POINT('',(10.396011134092,46.));
#7800 = ( GEOMETRIC_REPRESENTATION_CONTEXT(2) 
PARAMETRIC_REPRESENTATION_CONTEXT() REPRESENTATION_CONTEXT('2D SPACE',''
  ) );
#7801 = PCURVE('',#7649,#7802);
#7802 = DEFINITIONAL_REPRESENTATION('',(#7803),#7806);
#7803 = B_SPLINE_CURVE_WITH_KNOTS('',1,(#7804,#7805),.UNSPECIFIED.,.F.,
  .F.,(2,2),(-46.,46.),.PIECEWISE_BEZIER_KNOTS.);
#7804 = CARTESIAN_POINT('',(215.22222260268,-46.));
#7805 = CARTESIAN_POINT('',(215.22222260268,46.));
#7806 = ( GEOMETRIC_REPRESENTATION_CONTEXT(2) 
PARAMETRIC_REPRESENTATION_CONTEXT() REPRESENTATION_CONTEXT('2D SPACE',''
  ) );
#7807 = ORIENTED_EDGE('',*,*,#7710,.F.);
#7808 = ADVANCED_FACE('',(#7809),#2719,.T.);
#7809 = FACE_BOUND('',#7810,.F.);
#7810 = EDGE_LOOP('',(#7811,#7812,#7813,#7836));
#7811 = ORIENTED_EDGE('',*,*,#7766,.F.);
#7812 = ORIENTED_EDGE('',*,*,#2702,.F.);
#7813 = ORIENTED_EDGE('',*,*,#7814,.T.);
#7814 = EDGE_CURVE('',#2703,#7815,#7817,.T.);
#7815 = VERTEX_POINT('',#7816);
#7816 = CARTESIAN_POINT('',(-48.2,-66.,13.047619047619));
#7817 = SURFACE_CURVE('',#7818,(#7822,#7829),.PCURVE_S1.);
#7818 = LINE('',#7819,#7820);
#7819 = CARTESIAN_POINT('',(-48.2,-66.,2.075417437337));
#7820 = VECTOR('',#7821,1.);
#7821 = DIRECTION('',(0.,0.,1.));
#7822 = PCURVE('',#2719,#7823);
#7823 = DEFINITIONAL_REPRESENTATION('',(#7824),#7828);
#7824 = LINE('',#7825,#7826);
#7825 = CARTESIAN_POINT('',(-1.570796326795,0.));
#7826 = VECTOR('',#7827,1.);
#7827 = DIRECTION('',(-0.,1.));
#7828 = ( GEOMETRIC_REPRESENTATION_CONTEXT(2) 
PARAMETRIC_REPRESENTATION_CONTEXT() REPRESENTATION_CONTEXT('2D SPACE',''
  ) );
#7829 = PCURVE('',#2751,#7830);
#7830 = DEFINITIONAL_REPRESENTATION('',(#7831),#7835);
#7831 = LINE('',#7832,#7833);
#7832 = CARTESIAN_POINT('',(126.56308994765,-33.61525960073));
#7833 = VECTOR('',#7834,1.);
#7834 = DIRECTION('',(0.,1.));
#7835 = ( GEOMETRIC_REPRESENTATION_CONTEXT(2) 
PARAMETRIC_REPRESENTATION_CONTEXT() REPRESENTATION_CONTEXT('2D SPACE',''
  ) );
#7836 = ORIENTED_EDGE('',*,*,#7837,.T.);
#7837 = EDGE_CURVE('',#7815,#7767,#7838,.T.);
#7838 = SURFACE_CURVE('',#7839,(#7844,#7856),.PCURVE_S1.);
#7839 = ELLIPSE('',#7840,2.274202160067,2.2);
#7840 = AXIS2_PLACEMENT_3D('',#7841,#7842,#7843);
#7841 = CARTESIAN_POINT('',(-46.,-66.,13.047619047619));
#7842 = DIRECTION('',(0.,-0.253359391838,0.96737222338));
#7843 = DIRECTION('',(0.,0.96737222338,0.253359391838));
#7844 = PCURVE('',#2719,#7845);
#7845 = DEFINITIONAL_REPRESENTATION('',(#7846),#7855);
#7846 = B_SPLINE_CURVE_WITH_KNOTS('',7,(#7847,#7848,#7849,#7850,#7851,
    #7852,#7853,#7854),.UNSPECIFIED.,.F.,.F.,(8,8),(1.570796326795,
    3.14159265359),.PIECEWISE_BEZIER_KNOTS.);
#7847 = CARTESIAN_POINT('',(-1.570796326795,10.972201610282));
#7848 = CARTESIAN_POINT('',(-1.346396851538,10.842904769777));
#7849 = CARTESIAN_POINT('',(-1.121997376282,10.713608454294));
#7850 = CARTESIAN_POINT('',(-0.897597901026,10.594942724955));
#7851 = CARTESIAN_POINT('',(-0.673198425769,10.497557500475));
#7852 = CARTESIAN_POINT('',(-0.448798950513,10.429861559738));
#7853 = CARTESIAN_POINT('',(-0.224399475256,10.396011134092));
#7854 = CARTESIAN_POINT('',(0.,10.396011134092));
#7855 = ( GEOMETRIC_REPRESENTATION_CONTEXT(2) 
PARAMETRIC_REPRESENTATION_CONTEXT() REPRESENTATION_CONTEXT('2D SPACE',''
  ) );
#7856 = PCURVE('',#7649,#7857);
#7857 = DEFINITIONAL_REPRESENTATION('',(#7858),#7862);
#7858 = ELLIPSE('',#7859,2.274202160067,2.2);
#7859 = AXIS2_PLACEMENT_2D('',#7860,#7861);
#7860 = CARTESIAN_POINT('',(212.94802044262,-46.));
#7861 = DIRECTION('',(-1.,0.));
#7862 = ( GEOMETRIC_REPRESENTATION_CONTEXT(2) 
PARAMETRIC_REPRESENTATION_CONTEXT() REPRESENTATION_CONTEXT('2D SPACE',''
  ) );
#7863 = ADVANCED_FACE('',(#7864),#2751,.T.);
#7864 = FACE_BOUND('',#7865,.T.);
#7865 = EDGE_LOOP('',(#7866,#7887,#7888,#7889));
#7866 = ORIENTED_EDGE('',*,*,#7867,.F.);
#7867 = EDGE_CURVE('',#2737,#7868,#7870,.T.);
#7868 = VERTEX_POINT('',#7869);
#7869 = CARTESIAN_POINT('',(-48.2,-62.5,13.964285714286));
#7870 = SURFACE_CURVE('',#7871,(#7875,#7881),.PCURVE_S1.);
#7871 = LINE('',#7872,#7873);
#7872 = CARTESIAN_POINT('',(-48.2,-62.5,67.845338519034));
#7873 = VECTOR('',#7874,1.);
#7874 = DIRECTION('',(-0.,0.,1.));
#7875 = PCURVE('',#2751,#7876);
#7876 = DEFINITIONAL_REPRESENTATION('',(#7877),#7880);
#7877 = B_SPLINE_CURVE_WITH_KNOTS('',1,(#7878,#7879),.UNSPECIFIED.,.F.,
  .F.,(2,2),(-66.04533851903,16.76375895415),.PIECEWISE_BEZIER_KNOTS.);
#7878 = CARTESIAN_POINT('',(123.06308994765,-33.89067703806));
#7879 = CARTESIAN_POINT('',(123.06308994765,48.918420435116));
#7880 = ( GEOMETRIC_REPRESENTATION_CONTEXT(2) 
PARAMETRIC_REPRESENTATION_CONTEXT() REPRESENTATION_CONTEXT('2D SPACE',''
  ) );
#7881 = PCURVE('',#2777,#7882);
#7882 = DEFINITIONAL_REPRESENTATION('',(#7883),#7886);
#7883 = B_SPLINE_CURVE_WITH_KNOTS('',1,(#7884,#7885),.UNSPECIFIED.,.F.,
  .F.,(2,2),(-66.04533851903,16.76375895415),.PIECEWISE_BEZIER_KNOTS.);
#7884 = CARTESIAN_POINT('',(6.3,-98.2));
#7885 = CARTESIAN_POINT('',(6.3,-15.39090252681));
#7886 = ( GEOMETRIC_REPRESENTATION_CONTEXT(2) 
PARAMETRIC_REPRESENTATION_CONTEXT() REPRESENTATION_CONTEXT('2D SPACE',''
  ) );
#7887 = ORIENTED_EDGE('',*,*,#2736,.T.);
#7888 = ORIENTED_EDGE('',*,*,#7814,.T.);
#7889 = ORIENTED_EDGE('',*,*,#7890,.T.);
#7890 = EDGE_CURVE('',#7815,#7868,#7891,.T.);
#7891 = SURFACE_CURVE('',#7892,(#7896,#7902),.PCURVE_S1.);
#7892 = LINE('',#7893,#7894);
#7893 = CARTESIAN_POINT('',(-48.2,98.994266169563,56.260403044409));
#7894 = VECTOR('',#7895,1.);
#7895 = DIRECTION('',(-0.,0.96737222338,0.253359391838));
#7896 = PCURVE('',#2751,#7897);
#7897 = DEFINITIONAL_REPRESENTATION('',(#7898),#7901);
#7898 = B_SPLINE_CURVE_WITH_KNOTS('',1,(#7899,#7900),.UNSPECIFIED.,.F.,
  .F.,(2,2),(-170.5592347824,42.388785660139),.PIECEWISE_BEZIER_KNOTS.);
#7899 = CARTESIAN_POINT('',(126.56308994765,-22.64305799044));
#7900 = CARTESIAN_POINT('',(-79.43691005234,31.309322961933));
#7901 = ( GEOMETRIC_REPRESENTATION_CONTEXT(2) 
PARAMETRIC_REPRESENTATION_CONTEXT() REPRESENTATION_CONTEXT('2D SPACE',''
  ) );
#7902 = PCURVE('',#7649,#7903);
#7903 = DEFINITIONAL_REPRESENTATION('',(#7904),#7907);
#7904 = B_SPLINE_CURVE_WITH_KNOTS('',1,(#7905,#7906),.UNSPECIFIED.,.F.,
  .F.,(2,2),(-170.5592347824,42.388785660139),.PIECEWISE_BEZIER_KNOTS.);
#7905 = CARTESIAN_POINT('',(212.94802044262,-48.2));
#7906 = CARTESIAN_POINT('',(0.,-48.2));
#7907 = ( GEOMETRIC_REPRESENTATION_CONTEXT(2) 
PARAMETRIC_REPRESENTATION_CONTEXT() REPRESENTATION_CONTEXT('2D SPACE',''
  ) );
#7908 = ADVANCED_FACE('',(#7909),#2777,.F.);
#7909 = FACE_BOUND('',#7910,.F.);
#7910 = EDGE_LOOP('',(#7911,#7935,#7961,#7980,#7981,#7982));
#7911 = ORIENTED_EDGE('',*,*,#7912,.T.);
#7912 = EDGE_CURVE('',#7913,#7915,#7917,.T.);
#7913 = VERTEX_POINT('',#7914);
#7914 = CARTESIAN_POINT('',(-46.,-62.5,5.112038749637));
#7915 = VERTEX_POINT('',#7916);
#7916 = CARTESIAN_POINT('',(-45.,-62.5,5.112038749637));
#7917 = SURFACE_CURVE('',#7918,(#7922,#7928),.PCURVE_S1.);
#7918 = LINE('',#7919,#7920);
#7919 = CARTESIAN_POINT('',(-27.25,-62.5,5.112038749637));
#7920 = VECTOR('',#7921,1.);
#7921 = DIRECTION('',(1.,0.,0.));
#7922 = PCURVE('',#2777,#7923);
#7923 = DEFINITIONAL_REPRESENTATION('',(#7924),#7927);
#7924 = B_SPLINE_CURVE_WITH_KNOTS('',1,(#7925,#7926),.UNSPECIFIED.,.F.,
  .F.,(2,2),(-18.75,-2.25),.PIECEWISE_BEZIER_KNOTS.);
#7925 = CARTESIAN_POINT('',(8.5,-94.88796125036));
#7926 = CARTESIAN_POINT('',(25.,-94.88796125036));
#7927 = ( GEOMETRIC_REPRESENTATION_CONTEXT(2) 
PARAMETRIC_REPRESENTATION_CONTEXT() REPRESENTATION_CONTEXT('2D SPACE',''
  ) );
#7928 = PCURVE('',#3260,#7929);
#7929 = DEFINITIONAL_REPRESENTATION('',(#7930),#7934);
#7930 = LINE('',#7931,#7932);
#7931 = CARTESIAN_POINT('',(211.39907393367,-27.25));
#7932 = VECTOR('',#7933,1.);
#7933 = DIRECTION('',(0.,1.));
#7934 = ( GEOMETRIC_REPRESENTATION_CONTEXT(2) 
PARAMETRIC_REPRESENTATION_CONTEXT() REPRESENTATION_CONTEXT('2D SPACE',''
  ) );
#7935 = ORIENTED_EDGE('',*,*,#7936,.T.);
#7936 = EDGE_CURVE('',#7915,#7937,#7939,.T.);
#7937 = VERTEX_POINT('',#7938);
#7938 = CARTESIAN_POINT('',(-45.,-62.5,13.964285714286));
#7939 = SURFACE_CURVE('',#7940,(#7944,#7950),.PCURVE_S1.);
#7940 = LINE('',#7941,#7942);
#7941 = CARTESIAN_POINT('',(-45.,-62.5,67.845338519034));
#7942 = VECTOR('',#7943,1.);
#7943 = DIRECTION('',(-0.,0.,1.));
#7944 = PCURVE('',#2777,#7945);
#7945 = DEFINITIONAL_REPRESENTATION('',(#7946),#7949);
#7946 = B_SPLINE_CURVE_WITH_KNOTS('',1,(#7947,#7948),.UNSPECIFIED.,.F.,
  .F.,(2,2),(-63.84533851903,11.397100310264),.PIECEWISE_BEZIER_KNOTS.);
#7947 = CARTESIAN_POINT('',(9.5,-96.));
#7948 = CARTESIAN_POINT('',(9.5,-20.7575611707));
#7949 = ( GEOMETRIC_REPRESENTATION_CONTEXT(2) 
PARAMETRIC_REPRESENTATION_CONTEXT() REPRESENTATION_CONTEXT('2D SPACE',''
  ) );
#7950 = PCURVE('',#7951,#7956);
#7951 = PLANE('',#7952);
#7952 = AXIS2_PLACEMENT_3D('',#7953,#7954,#7955);
#7953 = CARTESIAN_POINT('',(-45.,60.563089947655,35.690677038067));
#7954 = DIRECTION('',(-1.,-0.,-0.));
#7955 = DIRECTION('',(0.,-1.,0.));
#7956 = DEFINITIONAL_REPRESENTATION('',(#7957),#7960);
#7957 = B_SPLINE_CURVE_WITH_KNOTS('',1,(#7958,#7959),.UNSPECIFIED.,.F.,
  .F.,(2,2),(-63.84533851903,11.397100310264),.PIECEWISE_BEZIER_KNOTS.);
#7958 = CARTESIAN_POINT('',(123.06308994765,-31.69067703806));
#7959 = CARTESIAN_POINT('',(123.06308994765,43.55176179123));
#7960 = ( GEOMETRIC_REPRESENTATION_CONTEXT(2) 
PARAMETRIC_REPRESENTATION_CONTEXT() REPRESENTATION_CONTEXT('2D SPACE',''
  ) );
#7961 = ORIENTED_EDGE('',*,*,#7962,.F.);
#7962 = EDGE_CURVE('',#7868,#7937,#7963,.T.);
#7963 = SURFACE_CURVE('',#7964,(#7968,#7974),.PCURVE_S1.);
#7964 = LINE('',#7965,#7966);
#7965 = CARTESIAN_POINT('',(-27.25,-62.5,13.964285714286));
#7966 = VECTOR('',#7967,1.);
#7967 = DIRECTION('',(1.,0.,0.));
#7968 = PCURVE('',#2777,#7969);
#7969 = DEFINITIONAL_REPRESENTATION('',(#7970),#7973);
#7970 = B_SPLINE_CURVE_WITH_KNOTS('',1,(#7971,#7972),.UNSPECIFIED.,.F.,
  .F.,(2,2),(-20.95,-2.25),.PIECEWISE_BEZIER_KNOTS.);
#7971 = CARTESIAN_POINT('',(6.3,-86.03571428571));
#7972 = CARTESIAN_POINT('',(25.,-86.03571428571));
#7973 = ( GEOMETRIC_REPRESENTATION_CONTEXT(2) 
PARAMETRIC_REPRESENTATION_CONTEXT() REPRESENTATION_CONTEXT('2D SPACE',''
  ) );
#7974 = PCURVE('',#7649,#7975);
#7975 = DEFINITIONAL_REPRESENTATION('',(#7976),#7979);
#7976 = B_SPLINE_CURVE_WITH_KNOTS('',1,(#7977,#7978),.UNSPECIFIED.,.F.,
  .F.,(2,2),(-20.95,-2.25),.PIECEWISE_BEZIER_KNOTS.);
#7977 = CARTESIAN_POINT('',(209.3299715516,-48.2));
#7978 = CARTESIAN_POINT('',(209.3299715516,-29.5));
#7979 = ( GEOMETRIC_REPRESENTATION_CONTEXT(2) 
PARAMETRIC_REPRESENTATION_CONTEXT() REPRESENTATION_CONTEXT('2D SPACE',''
  ) );
#7980 = ORIENTED_EDGE('',*,*,#7867,.F.);
#7981 = ORIENTED_EDGE('',*,*,#2762,.T.);
#7982 = ORIENTED_EDGE('',*,*,#7983,.F.);
#7983 = EDGE_CURVE('',#7913,#2763,#7984,.T.);
#7984 = SURFACE_CURVE('',#7985,(#7989,#7995),.PCURVE_S1.);
#7985 = LINE('',#7986,#7987);
#7986 = CARTESIAN_POINT('',(-46.,-62.5,67.845338519034));
#7987 = VECTOR('',#7988,1.);
#7988 = DIRECTION('',(-0.,0.,1.));
#7989 = PCURVE('',#2777,#7990);
#7990 = DEFINITIONAL_REPRESENTATION('',(#7991),#7994);
#7991 = B_SPLINE_CURVE_WITH_KNOTS('',1,(#7992,#7993),.UNSPECIFIED.,.F.,
  .F.,(2,2),(-63.23329976939,-53.88105280474),.PIECEWISE_BEZIER_KNOTS.);
#7992 = CARTESIAN_POINT('',(8.5,-95.38796125036));
#7993 = CARTESIAN_POINT('',(8.5,-86.03571428571));
#7994 = ( GEOMETRIC_REPRESENTATION_CONTEXT(2) 
PARAMETRIC_REPRESENTATION_CONTEXT() REPRESENTATION_CONTEXT('2D SPACE',''
  ) );
#7995 = PCURVE('',#2803,#7996);
#7996 = DEFINITIONAL_REPRESENTATION('',(#7997),#8000);
#7997 = B_SPLINE_CURVE_WITH_KNOTS('',1,(#7998,#7999),.UNSPECIFIED.,.F.,
  .F.,(2,2),(-63.23329976939,-53.88105280474),.PIECEWISE_BEZIER_KNOTS.);
#7998 = CARTESIAN_POINT('',(123.06308994765,-31.07863828843));
#7999 = CARTESIAN_POINT('',(123.06308994765,-21.72639132378));
#8000 = ( GEOMETRIC_REPRESENTATION_CONTEXT(2) 
PARAMETRIC_REPRESENTATION_CONTEXT() REPRESENTATION_CONTEXT('2D SPACE',''
  ) );
#8001 = ADVANCED_FACE('',(#8002),#2803,.F.);
#8002 = FACE_BOUND('',#8003,.F.);
#8003 = EDGE_LOOP('',(#8004,#8005,#8026,#8047));
#8004 = ORIENTED_EDGE('',*,*,#2788,.T.);
#8005 = ORIENTED_EDGE('',*,*,#8006,.T.);
#8006 = EDGE_CURVE('',#2789,#8007,#8009,.T.);
#8007 = VERTEX_POINT('',#8008);
#8008 = CARTESIAN_POINT('',(-46.,-52.87663667087,6.486804939513));
#8009 = SURFACE_CURVE('',#8010,(#8014,#8020),.PCURVE_S1.);
#8010 = LINE('',#8011,#8012);
#8011 = CARTESIAN_POINT('',(-46.,-44.29369795691,-26.28441560466));
#8012 = VECTOR('',#8013,1.);
#8013 = DIRECTION('',(0.,0.253359391838,-0.96737222338));
#8014 = PCURVE('',#2803,#8015);
#8015 = DEFINITIONAL_REPRESENTATION('',(#8016),#8019);
#8016 = B_SPLINE_CURVE_WITH_KNOTS('',1,(#8017,#8018),.UNSPECIFIED.,.F.,
  .F.,(2,2),(-64.83040221069,-31.30585608385),.PIECEWISE_BEZIER_KNOTS.);
#8017 = CARTESIAN_POINT('',(121.28217918126,0.740037686463));
#8018 = CARTESIAN_POINT('',(112.78842056293,-31.69067703806));
#8019 = ( GEOMETRIC_REPRESENTATION_CONTEXT(2) 
PARAMETRIC_REPRESENTATION_CONTEXT() REPRESENTATION_CONTEXT('2D SPACE',''
  ) );
#8020 = PCURVE('',#2829,#8021);
#8021 = DEFINITIONAL_REPRESENTATION('',(#8022),#8025);
#8022 = B_SPLINE_CURVE_WITH_KNOTS('',1,(#8023,#8024),.UNSPECIFIED.,.F.,
  .F.,(2,2),(-64.83040221069,-31.30585608385),.PIECEWISE_BEZIER_KNOTS.);
#8023 = CARTESIAN_POINT('',(98.216933361126,1.));
#8024 = CARTESIAN_POINT('',(64.692387234291,1.));
#8025 = ( GEOMETRIC_REPRESENTATION_CONTEXT(2) 
PARAMETRIC_REPRESENTATION_CONTEXT() REPRESENTATION_CONTEXT('2D SPACE',''
  ) );
#8026 = ORIENTED_EDGE('',*,*,#8027,.T.);
#8027 = EDGE_CURVE('',#8007,#7913,#8028,.T.);
#8028 = SURFACE_CURVE('',#8029,(#8033,#8040),.PCURVE_S1.);
#8029 = LINE('',#8030,#8031);
#8030 = CARTESIAN_POINT('',(-46.,143.93431457505,34.602655117502));
#8031 = VECTOR('',#8032,1.);
#8032 = DIRECTION('',(0.,-0.989949493661,-0.141421356237));
#8033 = PCURVE('',#2803,#8034);
#8034 = DEFINITIONAL_REPRESENTATION('',(#8035),#8039);
#8035 = LINE('',#8036,#8037);
#8036 = CARTESIAN_POINT('',(-83.37122462739,-1.088021920566));
#8037 = VECTOR('',#8038,1.);
#8038 = DIRECTION('',(0.989949493661,-0.141421356237));
#8039 = ( GEOMETRIC_REPRESENTATION_CONTEXT(2) 
PARAMETRIC_REPRESENTATION_CONTEXT() REPRESENTATION_CONTEXT('2D SPACE',''
  ) );
#8040 = PCURVE('',#3260,#8041);
#8041 = DEFINITIONAL_REPRESENTATION('',(#8042),#8046);
#8042 = LINE('',#8043,#8044);
#8043 = CARTESIAN_POINT('',(2.868925782798,-46.));
#8044 = VECTOR('',#8045,1.);
#8045 = DIRECTION('',(1.,0.));
#8046 = ( GEOMETRIC_REPRESENTATION_CONTEXT(2) 
PARAMETRIC_REPRESENTATION_CONTEXT() REPRESENTATION_CONTEXT('2D SPACE',''
  ) );
#8047 = ORIENTED_EDGE('',*,*,#7983,.T.);
#8048 = ADVANCED_FACE('',(#8049),#2829,.F.);
#8049 = FACE_BOUND('',#8050,.F.);
#8050 = EDGE_LOOP('',(#8051,#8073,#8093,#8094));
#8051 = ORIENTED_EDGE('',*,*,#8052,.F.);
#8052 = EDGE_CURVE('',#8053,#2815,#8055,.T.);
#8053 = VERTEX_POINT('',#8054);
#8054 = CARTESIAN_POINT('',(-42.,-52.87663667087,6.486804939513));
#8055 = SURFACE_CURVE('',#8056,(#8060,#8067),.PCURVE_S1.);
#8056 = LINE('',#8057,#8058);
#8057 = CARTESIAN_POINT('',(-42.,-35.83490672907,-58.58161847461));
#8058 = VECTOR('',#8059,1.);
#8059 = DIRECTION('',(0.,-0.253359391838,0.96737222338));
#8060 = PCURVE('',#2829,#8061);
#8061 = DEFINITIONAL_REPRESENTATION('',(#8062),#8066);
#8062 = LINE('',#8063,#8064);
#8063 = CARTESIAN_POINT('',(0.,5.));
#8064 = VECTOR('',#8065,1.);
#8065 = DIRECTION('',(1.,0.));
#8066 = ( GEOMETRIC_REPRESENTATION_CONTEXT(2) 
PARAMETRIC_REPRESENTATION_CONTEXT() REPRESENTATION_CONTEXT('2D SPACE',''
  ) );
#8067 = PCURVE('',#2857,#8068);
#8068 = DEFINITIONAL_REPRESENTATION('',(#8069),#8072);
#8069 = B_SPLINE_CURVE_WITH_KNOTS('',1,(#8070,#8071),.UNSPECIFIED.,.F.,
  .F.,(2,2),(0.,150.),.PIECEWISE_BEZIER_KNOTS.);
#8070 = CARTESIAN_POINT('',(4.712388980385,0.));
#8071 = CARTESIAN_POINT('',(4.712388980385,150.));
#8072 = ( GEOMETRIC_REPRESENTATION_CONTEXT(2) 
PARAMETRIC_REPRESENTATION_CONTEXT() REPRESENTATION_CONTEXT('2D SPACE',''
  ) );
#8073 = ORIENTED_EDGE('',*,*,#8074,.T.);
#8074 = EDGE_CURVE('',#8053,#8007,#8075,.T.);
#8075 = SURFACE_CURVE('',#8076,(#8080,#8086),.PCURVE_S1.);
#8076 = LINE('',#8077,#8078);
#8077 = CARTESIAN_POINT('',(-23.5,-52.87663667087,6.486804939513));
#8078 = VECTOR('',#8079,1.);
#8079 = DIRECTION('',(-1.,0.,0.));
#8080 = PCURVE('',#2829,#8081);
#8081 = DEFINITIONAL_REPRESENTATION('',(#8082),#8085);
#8082 = B_SPLINE_CURVE_WITH_KNOTS('',1,(#8083,#8084),.UNSPECIFIED.,.F.,
  .F.,(2,2),(18.5,22.5),.PIECEWISE_BEZIER_KNOTS.);
#8083 = CARTESIAN_POINT('',(67.263067763884,5.));
#8084 = CARTESIAN_POINT('',(67.263067763884,1.));
#8085 = ( GEOMETRIC_REPRESENTATION_CONTEXT(2) 
PARAMETRIC_REPRESENTATION_CONTEXT() REPRESENTATION_CONTEXT('2D SPACE',''
  ) );
#8086 = PCURVE('',#3260,#8087);
#8087 = DEFINITIONAL_REPRESENTATION('',(#8088),#8092);
#8088 = LINE('',#8089,#8090);
#8089 = CARTESIAN_POINT('',(201.6780089796,-23.5));
#8090 = VECTOR('',#8091,1.);
#8091 = DIRECTION('',(-0.,-1.));
#8092 = ( GEOMETRIC_REPRESENTATION_CONTEXT(2) 
PARAMETRIC_REPRESENTATION_CONTEXT() REPRESENTATION_CONTEXT('2D SPACE',''
  ) );
#8093 = ORIENTED_EDGE('',*,*,#8006,.F.);
#8094 = ORIENTED_EDGE('',*,*,#2814,.T.);
#8095 = ADVANCED_FACE('',(#8096),#2857,.T.);
#8096 = FACE_BOUND('',#8097,.T.);
#8097 = EDGE_LOOP('',(#8098,#8099,#8134,#8166,#8201,#8227));
#8098 = ORIENTED_EDGE('',*,*,#8052,.F.);
#8099 = ORIENTED_EDGE('',*,*,#8100,.T.);
#8100 = EDGE_CURVE('',#8053,#8101,#8103,.T.);
#8101 = VERTEX_POINT('',#8102);
#8102 = CARTESIAN_POINT('',(-37.532088458,-45.65788486121,7.518055198035
    ));
#8103 = SURFACE_CURVE('',#8104,(#8109,#8127),.PCURVE_S1.);
#8104 = ELLIPSE('',#8105,5.032813584593,5.);
#8105 = AXIS2_PLACEMENT_3D('',#8106,#8107,#8108);
#8106 = CARTESIAN_POINT('',(-42.,-47.89440541111,7.198552262336));
#8107 = DIRECTION('',(0.,-0.141421356237,0.989949493661));
#8108 = DIRECTION('',(0.,-0.989949493661,-0.141421356237));
#8109 = PCURVE('',#2857,#8110);
#8110 = DEFINITIONAL_REPRESENTATION('',(#8111),#8126);
#8111 = B_SPLINE_CURVE_WITH_KNOTS('',7,(#8112,#8113,#8114,#8115,#8116,
    #8117,#8118,#8119,#8120,#8121,#8122,#8123,#8124,#8125),
  .UNSPECIFIED.,.F.,.F.,(8,6,8),(0.,1.570796326795,3.14159265359),
  .UNSPECIFIED.);
#8112 = CARTESIAN_POINT('',(4.712388980385,67.263067763884));
#8113 = CARTESIAN_POINT('',(4.936788455641,67.263067763884));
#8114 = CARTESIAN_POINT('',(5.161187930898,67.229359509096));
#8115 = CARTESIAN_POINT('',(5.385587406154,67.161947889515));
#8116 = CARTESIAN_POINT('',(5.60998688141,67.064971680273));
#8117 = CARTESIAN_POINT('',(5.834386356667,66.946804343836));
#8118 = CARTESIAN_POINT('',(6.058785831923,66.818051069359));
#8119 = CARTESIAN_POINT('',(6.507584782436,66.560543474803));
#8120 = CARTESIAN_POINT('',(6.731984257692,66.431790200339));
#8121 = CARTESIAN_POINT('',(6.956383732949,66.313622863861));
#8122 = CARTESIAN_POINT('',(7.180783208205,66.216646654677));
#8123 = CARTESIAN_POINT('',(7.405182683462,66.14923503506));
#8124 = CARTESIAN_POINT('',(7.629582158718,66.115526780278));
#8125 = CARTESIAN_POINT('',(7.853981633974,66.115526780278));
#8126 = ( GEOMETRIC_REPRESENTATION_CONTEXT(2) 
PARAMETRIC_REPRESENTATION_CONTEXT() REPRESENTATION_CONTEXT('2D SPACE',''
  ) );
#8127 = PCURVE('',#3260,#8128);
#8128 = DEFINITIONAL_REPRESENTATION('',(#8129),#8133);
#8129 = ELLIPSE('',#8130,5.032813584593,5.);
#8130 = AXIS2_PLACEMENT_2D('',#8131,#8132);
#8131 = CARTESIAN_POINT('',(196.64519539501,-42.));
#8132 = DIRECTION('',(1.,0.));
#8133 = ( GEOMETRIC_REPRESENTATION_CONTEXT(2) 
PARAMETRIC_REPRESENTATION_CONTEXT() REPRESENTATION_CONTEXT('2D SPACE',''
  ) );
#8134 = ORIENTED_EDGE('',*,*,#8135,.F.);
#8135 = EDGE_CURVE('',#8136,#8101,#8138,.T.);
#8136 = VERTEX_POINT('',#8137);
#8137 = CARTESIAN_POINT('',(-37.87518046288,-46.37913377802,
    12.566797615707));
#8138 = SURFACE_CURVE('',#8139,(#8144,#8154),.PCURVE_S1.);
#8139 = ELLIPSE('',#8140,43.857375522882,5.);
#8140 = AXIS2_PLACEMENT_3D('',#8141,#8142,#8143);
#8141 = CARTESIAN_POINT('',(-42.,-42.87364499297,-11.97162387962));
#8142 = DIRECTION('',(-0.,0.989949493661,0.141421356237));
#8143 = DIRECTION('',(0.,-0.141421356237,0.989949493661));
#8144 = PCURVE('',#2857,#8145);
#8145 = DEFINITIONAL_REPRESENTATION('',(#8146),#8153);
#8146 = B_SPLINE_CURVE_WITH_KNOTS('',5,(#8147,#8148,#8149,#8150,#8151,
    #8152),.UNSPECIFIED.,.F.,.F.,(6,6),(0.955973238907,1.113368141796),
  .PIECEWISE_BEZIER_KNOTS.);
#8147 = CARTESIAN_POINT('',(6.898008395068,72.005155252273));
#8148 = CARTESIAN_POINT('',(6.86652941449,70.884741753931));
#8149 = CARTESIAN_POINT('',(6.835050433912,69.733197562428));
#8150 = CARTESIAN_POINT('',(6.803571453334,68.552835623532));
#8151 = CARTESIAN_POINT('',(6.772092472756,67.346097730109));
#8152 = CARTESIAN_POINT('',(6.740613492178,66.115524380278));
#8153 = ( GEOMETRIC_REPRESENTATION_CONTEXT(2) 
PARAMETRIC_REPRESENTATION_CONTEXT() REPRESENTATION_CONTEXT('2D SPACE',''
  ) );
#8154 = PCURVE('',#8155,#8160);
#8155 = PLANE('',#8156);
#8156 = AXIS2_PLACEMENT_3D('',#8157,#8158,#8159);
#8157 = CARTESIAN_POINT('',(-46.,-45.65788486121,7.518055198035));
#8158 = DIRECTION('',(-0.,0.989949493661,0.141421356237));
#8159 = DIRECTION('',(1.,0.,0.));
#8160 = DEFINITIONAL_REPRESENTATION('',(#8161),#8165);
#8161 = ELLIPSE('',#8162,43.857375522882,5.);
#8162 = AXIS2_PLACEMENT_2D('',#8163,#8164);
#8163 = CARTESIAN_POINT('',(4.,19.687548912803));
#8164 = DIRECTION('',(0.,-1.));
#8165 = ( GEOMETRIC_REPRESENTATION_CONTEXT(2) 
PARAMETRIC_REPRESENTATION_CONTEXT() REPRESENTATION_CONTEXT('2D SPACE',''
  ) );
#8166 = ORIENTED_EDGE('',*,*,#8167,.T.);
#8167 = EDGE_CURVE('',#8136,#8168,#8170,.T.);
#8168 = VERTEX_POINT('',#8169);
#8169 = CARTESIAN_POINT('',(-39.47594105208,-44.89420953753,
    12.778929650063));
#8170 = SURFACE_CURVE('',#8171,(#8176,#8189),.PCURVE_S1.);
#8171 = ELLIPSE('',#8172,5.032813584593,5.);
#8172 = AXIS2_PLACEMENT_3D('',#8173,#8174,#8175);
#8173 = CARTESIAN_POINT('',(-42.,-49.19501821191,12.164528410866));
#8174 = DIRECTION('',(0.,-0.141421356237,0.989949493661));
#8175 = DIRECTION('',(0.,-0.989949493661,-0.141421356237));
#8176 = PCURVE('',#2857,#8177);
#8177 = DEFINITIONAL_REPRESENTATION('',(#8178),#8188);
#8178 = B_SPLINE_CURVE_WITH_KNOTS('',8,(#8179,#8180,#8181,#8182,#8183,
    #8184,#8185,#8186,#8187),.UNSPECIFIED.,.F.,.F.,(9,9),(0.890558887465
    ,3.14159265359),.PIECEWISE_BEZIER_KNOTS.);
#8179 = CARTESIAN_POINT('',(5.60294786785,72.183655933977));
#8180 = CARTESIAN_POINT('',(5.884327088615,72.058143185874));
#8181 = CARTESIAN_POINT('',(6.165706309381,71.899974620617));
#8182 = CARTESIAN_POINT('',(6.447085530147,71.724300564965));
#8183 = CARTESIAN_POINT('',(6.728464750909,71.551745934645));
#8184 = CARTESIAN_POINT('',(7.009843971679,71.404744654079));
#8185 = CARTESIAN_POINT('',(7.291223192443,71.300914969237));
#8186 = CARTESIAN_POINT('',(7.572602413209,71.248996636563));
#8187 = CARTESIAN_POINT('',(7.853981633974,71.248996636563));
#8188 = ( GEOMETRIC_REPRESENTATION_CONTEXT(2) 
PARAMETRIC_REPRESENTATION_CONTEXT() REPRESENTATION_CONTEXT('2D SPACE',''
  ) );
#8189 = PCURVE('',#8190,#8195);
#8190 = PLANE('',#8191);
#8191 = AXIS2_PLACEMENT_3D('',#8192,#8193,#8194);
#8192 = CARTESIAN_POINT('',(-4.55,-16.6311514935,16.816509370638));
#8193 = DIRECTION('',(0.,-0.141421356237,0.989949493661));
#8194 = DIRECTION('',(1.,0.,0.));
#8195 = DEFINITIONAL_REPRESENTATION('',(#8196),#8200);
#8196 = ELLIPSE('',#8197,5.032813584593,5.);
#8197 = AXIS2_PLACEMENT_2D('',#8198,#8199);
#8198 = CARTESIAN_POINT('',(-37.45,-32.89447282605));
#8199 = DIRECTION('',(0.,-1.));
#8200 = ( GEOMETRIC_REPRESENTATION_CONTEXT(2) 
PARAMETRIC_REPRESENTATION_CONTEXT() REPRESENTATION_CONTEXT('2D SPACE',''
  ) );
#8201 = ORIENTED_EDGE('',*,*,#8202,.F.);
#8202 = EDGE_CURVE('',#2841,#8168,#8203,.T.);
#8203 = SURFACE_CURVE('',#8204,(#8209,#8220),.PCURVE_S1.);
#8204 = ELLIPSE('',#8205,43.857375522882,5.);
#8205 = AXIS2_PLACEMENT_3D('',#8206,#8207,#8208);
#8206 = CARTESIAN_POINT('',(-42.,-39.54014159595,-24.69954594098));
#8207 = DIRECTION('',(-0.,0.989949493661,0.141421356237));
#8208 = DIRECTION('',(0.,-0.141421356237,0.989949493661));
#8209 = PCURVE('',#2857,#8210);
#8210 = DEFINITIONAL_REPRESENTATION('',(#8211),#8219);
#8211 = B_SPLINE_CURVE_WITH_KNOTS('',6,(#8212,#8213,#8214,#8215,#8216,
    #8217,#8218),.UNSPECIFIED.,.F.,.F.,(7,7),(0.325418581218,
    0.656197717328),.PIECEWISE_BEZIER_KNOTS.);
#8212 = CARTESIAN_POINT('',(7.528563052757,75.0000006));
#8213 = CARTESIAN_POINT('',(7.473433196738,74.232040483879));
#8214 = CARTESIAN_POINT('',(7.41830334072,73.313508534604));
#8215 = CARTESIAN_POINT('',(7.363173484701,72.248605991937));
#8216 = CARTESIAN_POINT('',(7.308043628683,71.042907320473));
#8217 = CARTESIAN_POINT('',(7.252913772665,69.703282339532));
#8218 = CARTESIAN_POINT('',(7.197783916646,68.237748528577));
#8219 = ( GEOMETRIC_REPRESENTATION_CONTEXT(2) 
PARAMETRIC_REPRESENTATION_CONTEXT() REPRESENTATION_CONTEXT('2D SPACE',''
  ) );
#8220 = PCURVE('',#2884,#8221);
#8221 = DEFINITIONAL_REPRESENTATION('',(#8222),#8226);
#8222 = ELLIPSE('',#8223,43.857375522882,5.);
#8223 = AXIS2_PLACEMENT_2D('',#8224,#8225);
#8224 = CARTESIAN_POINT('',(2.5,36.258977484232));
#8225 = DIRECTION('',(0.,-1.));
#8226 = ( GEOMETRIC_REPRESENTATION_CONTEXT(2) 
PARAMETRIC_REPRESENTATION_CONTEXT() REPRESENTATION_CONTEXT('2D SPACE',''
  ) );
#8227 = ORIENTED_EDGE('',*,*,#2840,.F.);
#8228 = ADVANCED_FACE('',(#8229),#2884,.T.);
#8229 = FACE_BOUND('',#8230,.T.);
#8230 = EDGE_LOOP('',(#8231,#8254,#8255,#8256,#8257,#8280,#8308,#8336,
    #8364,#8387));
#8231 = ORIENTED_EDGE('',*,*,#8232,.F.);
#8232 = EDGE_CURVE('',#6366,#8233,#8235,.T.);
#8233 = VERTEX_POINT('',#8234);
#8234 = CARTESIAN_POINT('',(-39.18713447229,-44.66793536755,
    11.195010460205));
#8235 = SURFACE_CURVE('',#8236,(#8240,#8247),.PCURVE_S1.);
#8236 = LINE('',#8237,#8238);
#8237 = CARTESIAN_POINT('',(-4.55,-44.66793536755,11.195010460205));
#8238 = VECTOR('',#8239,1.);
#8239 = DIRECTION('',(1.,0.,0.));
#8240 = PCURVE('',#2884,#8241);
#8241 = DEFINITIONAL_REPRESENTATION('',(#8242),#8246);
#8242 = LINE('',#8243,#8244);
#8243 = CARTESIAN_POINT('',(39.95,0.));
#8244 = VECTOR('',#8245,1.);
#8245 = DIRECTION('',(1.,0.));
#8246 = ( GEOMETRIC_REPRESENTATION_CONTEXT(2) 
PARAMETRIC_REPRESENTATION_CONTEXT() REPRESENTATION_CONTEXT('2D SPACE',''
  ) );
#8247 = PCURVE('',#6383,#8248);
#8248 = DEFINITIONAL_REPRESENTATION('',(#8249),#8253);
#8249 = LINE('',#8250,#8251);
#8250 = CARTESIAN_POINT('',(0.,-28.55));
#8251 = VECTOR('',#8252,1.);
#8252 = DIRECTION('',(1.,0.));
#8253 = ( GEOMETRIC_REPRESENTATION_CONTEXT(2) 
PARAMETRIC_REPRESENTATION_CONTEXT() REPRESENTATION_CONTEXT('2D SPACE',''
  ) );
#8254 = ORIENTED_EDGE('',*,*,#6395,.T.);
#8255 = ORIENTED_EDGE('',*,*,#2869,.F.);
#8256 = ORIENTED_EDGE('',*,*,#8202,.T.);
#8257 = ORIENTED_EDGE('',*,*,#8258,.T.);
#8258 = EDGE_CURVE('',#8168,#8259,#8261,.T.);
#8259 = VERTEX_POINT('',#8260);
#8260 = CARTESIAN_POINT('',(35.4,-44.89420953753,12.778929650063));
#8261 = SURFACE_CURVE('',#8262,(#8266,#8273),.PCURVE_S1.);
#8262 = LINE('',#8263,#8264);
#8263 = CARTESIAN_POINT('',(-4.55,-44.89420953753,12.778929650063));
#8264 = VECTOR('',#8265,1.);
#8265 = DIRECTION('',(1.,0.,0.));
#8266 = PCURVE('',#2884,#8267);
#8267 = DEFINITIONAL_REPRESENTATION('',(#8268),#8272);
#8268 = LINE('',#8269,#8270);
#8269 = CARTESIAN_POINT('',(39.95,-1.6));
#8270 = VECTOR('',#8271,1.);
#8271 = DIRECTION('',(1.,0.));
#8272 = ( GEOMETRIC_REPRESENTATION_CONTEXT(2) 
PARAMETRIC_REPRESENTATION_CONTEXT() REPRESENTATION_CONTEXT('2D SPACE',''
  ) );
#8273 = PCURVE('',#8190,#8274);
#8274 = DEFINITIONAL_REPRESENTATION('',(#8275),#8279);
#8275 = LINE('',#8276,#8277);
#8276 = CARTESIAN_POINT('',(0.,-28.55));
#8277 = VECTOR('',#8278,1.);
#8278 = DIRECTION('',(1.,0.));
#8279 = ( GEOMETRIC_REPRESENTATION_CONTEXT(2) 
PARAMETRIC_REPRESENTATION_CONTEXT() REPRESENTATION_CONTEXT('2D SPACE',''
  ) );
#8280 = ORIENTED_EDGE('',*,*,#8281,.F.);
#8281 = EDGE_CURVE('',#8282,#8259,#8284,.T.);
#8282 = VERTEX_POINT('',#8283);
#8283 = CARTESIAN_POINT('',(35.4,-44.66793536755,11.195010460205));
#8284 = SURFACE_CURVE('',#8285,(#8289,#8296),.PCURVE_S1.);
#8285 = LINE('',#8286,#8287);
#8286 = CARTESIAN_POINT('',(35.4,-44.17296062072,7.730187232391));
#8287 = VECTOR('',#8288,1.);
#8288 = DIRECTION('',(0.,-0.141421356237,0.989949493661));
#8289 = PCURVE('',#2884,#8290);
#8290 = DEFINITIONAL_REPRESENTATION('',(#8291),#8295);
#8291 = LINE('',#8292,#8293);
#8292 = CARTESIAN_POINT('',(79.9,3.5));
#8293 = VECTOR('',#8294,1.);
#8294 = DIRECTION('',(0.,-1.));
#8295 = ( GEOMETRIC_REPRESENTATION_CONTEXT(2) 
PARAMETRIC_REPRESENTATION_CONTEXT() REPRESENTATION_CONTEXT('2D SPACE',''
  ) );
#8296 = PCURVE('',#8297,#8302);
#8297 = PLANE('',#8298);
#8298 = AXIS2_PLACEMENT_3D('',#8299,#8300,#8301);
#8299 = CARTESIAN_POINT('',(35.4,-44.17296062072,7.730187232391));
#8300 = DIRECTION('',(-1.,0.,0.));
#8301 = DIRECTION('',(0.,0.989949493661,0.141421356237));
#8302 = DEFINITIONAL_REPRESENTATION('',(#8303),#8307);
#8303 = LINE('',#8304,#8305);
#8304 = CARTESIAN_POINT('',(0.,0.));
#8305 = VECTOR('',#8306,1.);
#8306 = DIRECTION('',(0.,-1.));
#8307 = ( GEOMETRIC_REPRESENTATION_CONTEXT(2) 
PARAMETRIC_REPRESENTATION_CONTEXT() REPRESENTATION_CONTEXT('2D SPACE',''
  ) );
#8308 = ORIENTED_EDGE('',*,*,#8309,.F.);
#8309 = EDGE_CURVE('',#8310,#8282,#8312,.T.);
#8310 = VERTEX_POINT('',#8311);
#8311 = CARTESIAN_POINT('',(30.4,-44.66793536755,11.195010460205));
#8312 = SURFACE_CURVE('',#8313,(#8317,#8324),.PCURVE_S1.);
#8313 = LINE('',#8314,#8315);
#8314 = CARTESIAN_POINT('',(32.9,-44.66793536755,11.195010460205));
#8315 = VECTOR('',#8316,1.);
#8316 = DIRECTION('',(1.,0.,0.));
#8317 = PCURVE('',#2884,#8318);
#8318 = DEFINITIONAL_REPRESENTATION('',(#8319),#8323);
#8319 = LINE('',#8320,#8321);
#8320 = CARTESIAN_POINT('',(77.4,0.));
#8321 = VECTOR('',#8322,1.);
#8322 = DIRECTION('',(1.,0.));
#8323 = ( GEOMETRIC_REPRESENTATION_CONTEXT(2) 
PARAMETRIC_REPRESENTATION_CONTEXT() REPRESENTATION_CONTEXT('2D SPACE',''
  ) );
#8324 = PCURVE('',#8325,#8330);
#8325 = PLANE('',#8326);
#8326 = AXIS2_PLACEMENT_3D('',#8327,#8328,#8329);
#8327 = CARTESIAN_POINT('',(32.9,-42.1930616334,11.548563850799));
#8328 = DIRECTION('',(0.,-0.141421356237,0.989949493661));
#8329 = DIRECTION('',(1.,0.,0.));
#8330 = DEFINITIONAL_REPRESENTATION('',(#8331),#8335);
#8331 = LINE('',#8332,#8333);
#8332 = CARTESIAN_POINT('',(0.,-2.5));
#8333 = VECTOR('',#8334,1.);
#8334 = DIRECTION('',(1.,0.));
#8335 = ( GEOMETRIC_REPRESENTATION_CONTEXT(2) 
PARAMETRIC_REPRESENTATION_CONTEXT() REPRESENTATION_CONTEXT('2D SPACE',''
  ) );
#8336 = ORIENTED_EDGE('',*,*,#8337,.F.);
#8337 = EDGE_CURVE('',#8338,#8310,#8340,.T.);
#8338 = VERTEX_POINT('',#8339);
#8339 = CARTESIAN_POINT('',(30.4,-44.17296062072,7.730187232391));
#8340 = SURFACE_CURVE('',#8341,(#8345,#8352),.PCURVE_S1.);
#8341 = LINE('',#8342,#8343);
#8342 = CARTESIAN_POINT('',(30.4,-44.17296062072,7.730187232391));
#8343 = VECTOR('',#8344,1.);
#8344 = DIRECTION('',(0.,-0.141421356237,0.989949493661));
#8345 = PCURVE('',#2884,#8346);
#8346 = DEFINITIONAL_REPRESENTATION('',(#8347),#8351);
#8347 = LINE('',#8348,#8349);
#8348 = CARTESIAN_POINT('',(74.9,3.5));
#8349 = VECTOR('',#8350,1.);
#8350 = DIRECTION('',(0.,-1.));
#8351 = ( GEOMETRIC_REPRESENTATION_CONTEXT(2) 
PARAMETRIC_REPRESENTATION_CONTEXT() REPRESENTATION_CONTEXT('2D SPACE',''
  ) );
#8352 = PCURVE('',#8353,#8358);
#8353 = PLANE('',#8354);
#8354 = AXIS2_PLACEMENT_3D('',#8355,#8356,#8357);
#8355 = CARTESIAN_POINT('',(30.4,-44.17296062072,7.730187232391));
#8356 = DIRECTION('',(-1.,0.,0.));
#8357 = DIRECTION('',(0.,0.989949493661,0.141421356237));
#8358 = DEFINITIONAL_REPRESENTATION('',(#8359),#8363);
#8359 = LINE('',#8360,#8361);
#8360 = CARTESIAN_POINT('',(0.,0.));
#8361 = VECTOR('',#8362,1.);
#8362 = DIRECTION('',(-2.775557561563E-17,-1.));
#8363 = ( GEOMETRIC_REPRESENTATION_CONTEXT(2) 
PARAMETRIC_REPRESENTATION_CONTEXT() REPRESENTATION_CONTEXT('2D SPACE',''
  ) );
#8364 = ORIENTED_EDGE('',*,*,#8365,.F.);
#8365 = EDGE_CURVE('',#8366,#8338,#8368,.T.);
#8366 = VERTEX_POINT('',#8367);
#8367 = CARTESIAN_POINT('',(-38.67556190044,-44.17296062072,
    7.730187232391));
#8368 = SURFACE_CURVE('',#8369,(#8373,#8380),.PCURVE_S1.);
#8369 = LINE('',#8370,#8371);
#8370 = CARTESIAN_POINT('',(-4.55,-44.17296062072,7.730187232391));
#8371 = VECTOR('',#8372,1.);
#8372 = DIRECTION('',(1.,0.,0.));
#8373 = PCURVE('',#2884,#8374);
#8374 = DEFINITIONAL_REPRESENTATION('',(#8375),#8379);
#8375 = LINE('',#8376,#8377);
#8376 = CARTESIAN_POINT('',(39.95,3.5));
#8377 = VECTOR('',#8378,1.);
#8378 = DIRECTION('',(1.,0.));
#8379 = ( GEOMETRIC_REPRESENTATION_CONTEXT(2) 
PARAMETRIC_REPRESENTATION_CONTEXT() REPRESENTATION_CONTEXT('2D SPACE',''
  ) );
#8380 = PCURVE('',#3260,#8381);
#8381 = DEFINITIONAL_REPRESENTATION('',(#8382),#8386);
#8382 = LINE('',#8383,#8384);
#8383 = CARTESIAN_POINT('',(192.88596847059,-4.55));
#8384 = VECTOR('',#8385,1.);
#8385 = DIRECTION('',(0.,1.));
#8386 = ( GEOMETRIC_REPRESENTATION_CONTEXT(2) 
PARAMETRIC_REPRESENTATION_CONTEXT() REPRESENTATION_CONTEXT('2D SPACE',''
  ) );
#8387 = ORIENTED_EDGE('',*,*,#8388,.F.);
#8388 = EDGE_CURVE('',#8233,#8366,#8389,.T.);
#8389 = SURFACE_CURVE('',#8390,(#8395,#8402),.PCURVE_S1.);
#8390 = ELLIPSE('',#8391,43.857375522882,5.);
#8391 = AXIS2_PLACEMENT_3D('',#8392,#8393,#8394);
#8392 = CARTESIAN_POINT('',(-42.,-39.54014159595,-24.69954594098));
#8393 = DIRECTION('',(-0.,0.989949493661,0.141421356237));
#8394 = DIRECTION('',(0.,-0.141421356237,0.989949493661));
#8395 = PCURVE('',#2884,#8396);
#8396 = DEFINITIONAL_REPRESENTATION('',(#8397),#8401);
#8397 = ELLIPSE('',#8398,43.857375522882,5.);
#8398 = AXIS2_PLACEMENT_2D('',#8399,#8400);
#8399 = CARTESIAN_POINT('',(2.5,36.258977484232));
#8400 = DIRECTION('',(0.,-1.));
#8401 = ( GEOMETRIC_REPRESENTATION_CONTEXT(2) 
PARAMETRIC_REPRESENTATION_CONTEXT() REPRESENTATION_CONTEXT('2D SPACE',''
  ) );
#8402 = PCURVE('',#8403,#8408);
#8403 = CYLINDRICAL_SURFACE('',#8404,5.);
#8404 = AXIS2_PLACEMENT_3D('',#8405,#8406,#8407);
#8405 = CARTESIAN_POINT('',(-42.,-30.99804561217,-57.31482151542));
#8406 = DIRECTION('',(0.,-0.253359391838,0.96737222338));
#8407 = DIRECTION('',(1.,0.,0.));
#8408 = DEFINITIONAL_REPRESENTATION('',(#8409),#8416);
#8409 = B_SPLINE_CURVE_WITH_KNOTS('',5,(#8410,#8411,#8412,#8413,#8414,
    #8415),.UNSPECIFIED.,.F.,.F.,(6,6),(0.505653668896,0.732341366333),
  .PIECEWISE_BEZIER_KNOTS.);
#8410 = CARTESIAN_POINT('',(7.348327965079,71.834146387503));
#8411 = CARTESIAN_POINT('',(7.302990425591,70.87729295053));
#8412 = CARTESIAN_POINT('',(7.257652886104,69.822498490192));
#8413 = CARTESIAN_POINT('',(7.212315346617,68.673859543172));
#8414 = CARTESIAN_POINT('',(7.166977807129,67.436315859379));
#8415 = CARTESIAN_POINT('',(7.121640267642,66.115524380278));
#8416 = ( GEOMETRIC_REPRESENTATION_CONTEXT(2) 
PARAMETRIC_REPRESENTATION_CONTEXT() REPRESENTATION_CONTEXT('2D SPACE',''
  ) );
#8417 = ADVANCED_FACE('',(#8418),#2998,.F.);
#8418 = FACE_BOUND('',#8419,.F.);
#8419 = EDGE_LOOP('',(#8420,#8443,#8444,#8445));
#8420 = ORIENTED_EDGE('',*,*,#8421,.T.);
#8421 = EDGE_CURVE('',#8422,#2982,#8424,.T.);
#8422 = VERTEX_POINT('',#8423);
#8423 = CARTESIAN_POINT('',(-40.3,-47.25358419248,4.751780336653));
#8424 = SEAM_CURVE('',#8425,(#8429,#8436),.PCURVE_S1.);
#8425 = LINE('',#8426,#8427);
#8426 = CARTESIAN_POINT('',(-40.3,-34.79843648973,-42.80423816471));
#8427 = VECTOR('',#8428,1.);
#8428 = DIRECTION('',(0.,-0.253359391838,0.96737222338));
#8429 = PCURVE('',#2998,#8430);
#8430 = DEFINITIONAL_REPRESENTATION('',(#8431),#8435);
#8431 = LINE('',#8432,#8433);
#8432 = CARTESIAN_POINT('',(6.28318530718,-0.));
#8433 = VECTOR('',#8434,1.);
#8434 = DIRECTION('',(0.,1.));
#8435 = ( GEOMETRIC_REPRESENTATION_CONTEXT(2) 
PARAMETRIC_REPRESENTATION_CONTEXT() REPRESENTATION_CONTEXT('2D SPACE',''
  ) );
#8436 = PCURVE('',#2998,#8437);
#8437 = DEFINITIONAL_REPRESENTATION('',(#8438),#8442);
#8438 = LINE('',#8439,#8440);
#8439 = CARTESIAN_POINT('',(0.,-0.));
#8440 = VECTOR('',#8441,1.);
#8441 = DIRECTION('',(0.,1.));
#8442 = ( GEOMETRIC_REPRESENTATION_CONTEXT(2) 
PARAMETRIC_REPRESENTATION_CONTEXT() REPRESENTATION_CONTEXT('2D SPACE',''
  ) );
#8443 = ORIENTED_EDGE('',*,*,#2981,.F.);
#8444 = ORIENTED_EDGE('',*,*,#8421,.F.);
#8445 = ORIENTED_EDGE('',*,*,#8446,.T.);
#8446 = EDGE_CURVE('',#8422,#8422,#8447,.T.);
#8447 = SURFACE_CURVE('',#8448,(#8453,#8460),.PCURVE_S1.);
#8448 = CIRCLE('',#8449,1.7);
#8449 = AXIS2_PLACEMENT_3D('',#8450,#8451,#8452);
#8450 = CARTESIAN_POINT('',(-42.,-47.25358419248,4.751780336653));
#8451 = DIRECTION('',(0.,-0.253359391838,0.96737222338));
#8452 = DIRECTION('',(1.,0.,0.));
#8453 = PCURVE('',#2998,#8454);
#8454 = DEFINITIONAL_REPRESENTATION('',(#8455),#8459);
#8455 = LINE('',#8456,#8457);
#8456 = CARTESIAN_POINT('',(0.,49.16));
#8457 = VECTOR('',#8458,1.);
#8458 = DIRECTION('',(1.,0.));
#8459 = ( GEOMETRIC_REPRESENTATION_CONTEXT(2) 
PARAMETRIC_REPRESENTATION_CONTEXT() REPRESENTATION_CONTEXT('2D SPACE',''
  ) );
#8460 = PCURVE('',#8461,#8466);
#8461 = PLANE('',#8462);
#8462 = AXIS2_PLACEMENT_3D('',#8463,#8464,#8465);
#8463 = CARTESIAN_POINT('',(-42.,-47.25358419248,4.751780336653));
#8464 = DIRECTION('',(0.,-0.253359391838,0.96737222338));
#8465 = DIRECTION('',(1.,0.,0.));
#8466 = DEFINITIONAL_REPRESENTATION('',(#8467),#8471);
#8467 = CIRCLE('',#8468,1.7);
#8468 = AXIS2_PLACEMENT_2D('',#8469,#8470);
#8469 = CARTESIAN_POINT('',(0.,-7.323649749506E-15));
#8470 = DIRECTION('',(1.,0.));
#8471 = ( GEOMETRIC_REPRESENTATION_CONTEXT(2) 
PARAMETRIC_REPRESENTATION_CONTEXT() REPRESENTATION_CONTEXT('2D SPACE',''
  ) );
#8472 = ADVANCED_FACE('',(#8473),#3029,.F.);
#8473 = FACE_BOUND('',#8474,.F.);
#8474 = EDGE_LOOP('',(#8475,#8498,#8499,#8500));
#8475 = ORIENTED_EDGE('',*,*,#8476,.T.);
#8476 = EDGE_CURVE('',#8477,#3013,#8479,.T.);
#8477 = VERTEX_POINT('',#8478);
#8478 = CARTESIAN_POINT('',(43.7,-47.25358419248,4.751780336653));
#8479 = SEAM_CURVE('',#8480,(#8484,#8491),.PCURVE_S1.);
#8480 = LINE('',#8481,#8482);
#8481 = CARTESIAN_POINT('',(43.7,-34.79843648973,-42.80423816471));
#8482 = VECTOR('',#8483,1.);
#8483 = DIRECTION('',(0.,-0.253359391838,0.96737222338));
#8484 = PCURVE('',#3029,#8485);
#8485 = DEFINITIONAL_REPRESENTATION('',(#8486),#8490);
#8486 = LINE('',#8487,#8488);
#8487 = CARTESIAN_POINT('',(6.28318530718,-0.));
#8488 = VECTOR('',#8489,1.);
#8489 = DIRECTION('',(0.,1.));
#8490 = ( GEOMETRIC_REPRESENTATION_CONTEXT(2) 
PARAMETRIC_REPRESENTATION_CONTEXT() REPRESENTATION_CONTEXT('2D SPACE',''
  ) );
#8491 = PCURVE('',#3029,#8492);
#8492 = DEFINITIONAL_REPRESENTATION('',(#8493),#8497);
#8493 = LINE('',#8494,#8495);
#8494 = CARTESIAN_POINT('',(0.,-0.));
#8495 = VECTOR('',#8496,1.);
#8496 = DIRECTION('',(0.,1.));
#8497 = ( GEOMETRIC_REPRESENTATION_CONTEXT(2) 
PARAMETRIC_REPRESENTATION_CONTEXT() REPRESENTATION_CONTEXT('2D SPACE',''
  ) );
#8498 = ORIENTED_EDGE('',*,*,#3012,.F.);
#8499 = ORIENTED_EDGE('',*,*,#8476,.F.);
#8500 = ORIENTED_EDGE('',*,*,#8501,.T.);
#8501 = EDGE_CURVE('',#8477,#8477,#8502,.T.);
#8502 = SURFACE_CURVE('',#8503,(#8508,#8515),.PCURVE_S1.);
#8503 = CIRCLE('',#8504,1.7);
#8504 = AXIS2_PLACEMENT_3D('',#8505,#8506,#8507);
#8505 = CARTESIAN_POINT('',(42.,-47.25358419248,4.751780336653));
#8506 = DIRECTION('',(0.,-0.253359391838,0.96737222338));
#8507 = DIRECTION('',(1.,0.,0.));
#8508 = PCURVE('',#3029,#8509);
#8509 = DEFINITIONAL_REPRESENTATION('',(#8510),#8514);
#8510 = LINE('',#8511,#8512);
#8511 = CARTESIAN_POINT('',(0.,49.16));
#8512 = VECTOR('',#8513,1.);
#8513 = DIRECTION('',(1.,0.));
#8514 = ( GEOMETRIC_REPRESENTATION_CONTEXT(2) 
PARAMETRIC_REPRESENTATION_CONTEXT() REPRESENTATION_CONTEXT('2D SPACE',''
  ) );
#8515 = PCURVE('',#8516,#8521);
#8516 = PLANE('',#8517);
#8517 = AXIS2_PLACEMENT_3D('',#8518,#8519,#8520);
#8518 = CARTESIAN_POINT('',(42.,-47.25358419248,4.751780336653));
#8519 = DIRECTION('',(0.,-0.253359391838,0.96737222338));
#8520 = DIRECTION('',(1.,0.,0.));
#8521 = DEFINITIONAL_REPRESENTATION('',(#8522),#8526);
#8522 = CIRCLE('',#8523,1.7);
#8523 = AXIS2_PLACEMENT_2D('',#8524,#8525);
#8524 = CARTESIAN_POINT('',(0.,-7.323649749506E-15));
#8525 = DIRECTION('',(1.,0.));
#8526 = ( GEOMETRIC_REPRESENTATION_CONTEXT(2) 
PARAMETRIC_REPRESENTATION_CONTEXT() REPRESENTATION_CONTEXT('2D SPACE',''
  ) );
#8527 = ADVANCED_FACE('',(#8528),#3117,.T.);
#8528 = FACE_BOUND('',#8529,.T.);
#8529 = EDGE_LOOP('',(#8530,#8531,#8532,#8550));
#8530 = ORIENTED_EDGE('',*,*,#3164,.T.);
#8531 = ORIENTED_EDGE('',*,*,#4667,.T.);
#8532 = ORIENTED_EDGE('',*,*,#8533,.F.);
#8533 = EDGE_CURVE('',#3045,#4668,#8534,.T.);
#8534 = SURFACE_CURVE('',#8535,(#8538,#8544),.PCURVE_S1.);
#8535 = B_SPLINE_CURVE_WITH_KNOTS('',1,(#8536,#8537),.UNSPECIFIED.,.F.,
  .F.,(2,2),(0.,6.529406453604),.PIECEWISE_BEZIER_KNOTS.);
#8536 = CARTESIAN_POINT('',(-46.,-70.,1.5));
#8537 = CARTESIAN_POINT('',(-46.,-68.5150757595,0.212132034356));
#8538 = PCURVE('',#3117,#8539);
#8539 = DEFINITIONAL_REPRESENTATION('',(#8540),#8543);
#8540 = B_SPLINE_CURVE_WITH_KNOTS('',1,(#8541,#8542),.UNSPECIFIED.,.F.,
  .F.,(2,2),(0.,6.529406453604),.PIECEWISE_BEZIER_KNOTS.);
#8541 = CARTESIAN_POINT('',(0.,218.95223136755));
#8542 = CARTESIAN_POINT('',(6.529406453604,218.95223136755));
#8543 = ( GEOMETRIC_REPRESENTATION_CONTEXT(2) 
PARAMETRIC_REPRESENTATION_CONTEXT() REPRESENTATION_CONTEXT('2D SPACE',''
  ) );
#8544 = PCURVE('',#4732,#8545);
#8545 = DEFINITIONAL_REPRESENTATION('',(#8546),#8549);
#8546 = B_SPLINE_CURVE_WITH_KNOTS('',1,(#8547,#8548),.UNSPECIFIED.,.F.,
  .F.,(2,2),(0.,6.529406453604),.PIECEWISE_BEZIER_KNOTS.);
#8547 = CARTESIAN_POINT('',(0.,-0.98280261204));
#8548 = CARTESIAN_POINT('',(0.,0.98280261204));
#8549 = ( GEOMETRIC_REPRESENTATION_CONTEXT(2) 
PARAMETRIC_REPRESENTATION_CONTEXT() REPRESENTATION_CONTEXT('2D SPACE',''
  ) );
#8550 = ORIENTED_EDGE('',*,*,#3067,.F.);
#8551 = ADVANCED_FACE('',(#8552),#3233,.T.);
#8552 = FACE_BOUND('',#8553,.T.);
#8553 = EDGE_LOOP('',(#8554,#8575,#8576,#8577));
#8554 = ORIENTED_EDGE('',*,*,#8555,.T.);
#8555 = EDGE_CURVE('',#8556,#3343,#8558,.T.);
#8556 = VERTEX_POINT('',#8557);
#8557 = CARTESIAN_POINT('',(-45.,142.5,34.397753035352));
#8558 = SURFACE_CURVE('',#8559,(#8563,#8569),.PCURVE_S1.);
#8559 = LINE('',#8560,#8561);
#8560 = CARTESIAN_POINT('',(-45.,142.5,67.845338519034));
#8561 = VECTOR('',#8562,1.);
#8562 = DIRECTION('',(-0.,0.,1.));
#8563 = PCURVE('',#3233,#8564);
#8564 = DEFINITIONAL_REPRESENTATION('',(#8565),#8568);
#8565 = B_SPLINE_CURVE_WITH_KNOTS('',1,(#8566,#8567),.UNSPECIFIED.,.F.,
  .F.,(2,2),(-63.84533851903,11.397100310264),.PIECEWISE_BEZIER_KNOTS.);
#8566 = CARTESIAN_POINT('',(9.5,-96.));
#8567 = CARTESIAN_POINT('',(9.5,-20.7575611707));
#8568 = ( GEOMETRIC_REPRESENTATION_CONTEXT(2) 
PARAMETRIC_REPRESENTATION_CONTEXT() REPRESENTATION_CONTEXT('2D SPACE',''
  ) );
#8569 = PCURVE('',#3380,#8570);
#8570 = DEFINITIONAL_REPRESENTATION('',(#8571),#8574);
#8571 = B_SPLINE_CURVE_WITH_KNOTS('',1,(#8572,#8573),.UNSPECIFIED.,.F.,
  .F.,(2,2),(-63.84533851903,11.397100310264),.PIECEWISE_BEZIER_KNOTS.);
#8572 = CARTESIAN_POINT('',(-81.93691005234,-31.69067703806));
#8573 = CARTESIAN_POINT('',(-81.93691005234,43.55176179123));
#8574 = ( GEOMETRIC_REPRESENTATION_CONTEXT(2) 
PARAMETRIC_REPRESENTATION_CONTEXT() REPRESENTATION_CONTEXT('2D SPACE',''
  ) );
#8575 = ORIENTED_EDGE('',*,*,#3342,.T.);
#8576 = ORIENTED_EDGE('',*,*,#3216,.F.);
#8577 = ORIENTED_EDGE('',*,*,#8578,.T.);
#8578 = EDGE_CURVE('',#3217,#8556,#8579,.T.);
#8579 = SURFACE_CURVE('',#8580,(#8584,#8590),.PCURVE_S1.);
#8580 = LINE('',#8581,#8582);
#8581 = CARTESIAN_POINT('',(-27.25,142.5,34.397753035352));
#8582 = VECTOR('',#8583,1.);
#8583 = DIRECTION('',(1.,0.,0.));
#8584 = PCURVE('',#3233,#8585);
#8585 = DEFINITIONAL_REPRESENTATION('',(#8586),#8589);
#8586 = B_SPLINE_CURVE_WITH_KNOTS('',1,(#8587,#8588),.UNSPECIFIED.,.F.,
  .F.,(2,2),(-18.75,-2.25),.PIECEWISE_BEZIER_KNOTS.);
#8587 = CARTESIAN_POINT('',(8.5,-65.60224696464));
#8588 = CARTESIAN_POINT('',(25.,-65.60224696464));
#8589 = ( GEOMETRIC_REPRESENTATION_CONTEXT(2) 
PARAMETRIC_REPRESENTATION_CONTEXT() REPRESENTATION_CONTEXT('2D SPACE',''
  ) );
#8590 = PCURVE('',#3260,#8591);
#8591 = DEFINITIONAL_REPRESENTATION('',(#8592),#8596);
#8592 = LINE('',#8593,#8594);
#8593 = CARTESIAN_POINT('',(4.317802300474,-27.25));
#8594 = VECTOR('',#8595,1.);
#8595 = DIRECTION('',(0.,1.));
#8596 = ( GEOMETRIC_REPRESENTATION_CONTEXT(2) 
PARAMETRIC_REPRESENTATION_CONTEXT() REPRESENTATION_CONTEXT('2D SPACE',''
  ) );
#8597 = ADVANCED_FACE('',(#8598,#9502,#9616,#9647,#9678,#9772,#9866,
    #9960,#10054,#10148,#10179,#10210,#10241),#3260,.T.);
#8598 = FACE_BOUND('',#8599,.T.);
#8599 = EDGE_LOOP('',(#8600,#8601,#8623,#8646,#8668,#8691,#8719,#8745,
    #8771,#8797,#8820,#8843,#8865,#8886,#8887,#8888,#8889,#8890,#8891,
    #8892,#8893,#8894,#8895,#8896,#8897,#8920,#8941,#8942,#8965,#8993,
    #9026,#9027,#9050,#9078,#9101,#9128,#9156,#9177,#9178,#9179,#9180,
    #9181,#9204,#9232,#9253,#9254,#9255,#9256,#9257,#9258,#9259,#9260,
    #9283,#9309,#9328,#9329,#9330,#9352,#9380,#9402,#9425,#9447,#9482));
#8600 = ORIENTED_EDGE('',*,*,#3607,.F.);
#8601 = ORIENTED_EDGE('',*,*,#8602,.F.);
#8602 = EDGE_CURVE('',#8603,#3587,#8605,.T.);
#8603 = VERTEX_POINT('',#8604);
#8604 = CARTESIAN_POINT('',(45.,142.5,34.397753035352));
#8605 = SURFACE_CURVE('',#8606,(#8610,#8617),.PCURVE_S1.);
#8606 = LINE('',#8607,#8608);
#8607 = CARTESIAN_POINT('',(14.75,142.5,34.397753035352));
#8608 = VECTOR('',#8609,1.);
#8609 = DIRECTION('',(1.,0.,0.));
#8610 = PCURVE('',#3260,#8611);
#8611 = DEFINITIONAL_REPRESENTATION('',(#8612),#8616);
#8612 = LINE('',#8613,#8614);
#8613 = CARTESIAN_POINT('',(4.317802300474,14.75));
#8614 = VECTOR('',#8615,1.);
#8615 = DIRECTION('',(0.,1.));
#8616 = ( GEOMETRIC_REPRESENTATION_CONTEXT(2) 
PARAMETRIC_REPRESENTATION_CONTEXT() REPRESENTATION_CONTEXT('2D SPACE',''
  ) );
#8617 = PCURVE('',#3572,#8618);
#8618 = DEFINITIONAL_REPRESENTATION('',(#8619),#8622);
#8619 = B_SPLINE_CURVE_WITH_KNOTS('',1,(#8620,#8621),.UNSPECIFIED.,.F.,
  .F.,(2,2),(14.75,31.25),.PIECEWISE_BEZIER_KNOTS.);
#8620 = CARTESIAN_POINT('',(0.,-65.60224696464));
#8621 = CARTESIAN_POINT('',(16.5,-65.60224696464));
#8622 = ( GEOMETRIC_REPRESENTATION_CONTEXT(2) 
PARAMETRIC_REPRESENTATION_CONTEXT() REPRESENTATION_CONTEXT('2D SPACE',''
  ) );
#8623 = ORIENTED_EDGE('',*,*,#8624,.T.);
#8624 = EDGE_CURVE('',#8603,#8625,#8627,.T.);
#8625 = VERTEX_POINT('',#8626);
#8626 = CARTESIAN_POINT('',(45.,145.,34.754895892495));
#8627 = SURFACE_CURVE('',#8628,(#8632,#8639),.PCURVE_S1.);
#8628 = LINE('',#8629,#8630);
#8629 = CARTESIAN_POINT('',(45.,142.5,34.397753035352));
#8630 = VECTOR('',#8631,1.);
#8631 = DIRECTION('',(0.,0.989949493661,0.141421356237));
#8632 = PCURVE('',#3260,#8633);
#8633 = DEFINITIONAL_REPRESENTATION('',(#8634),#8638);
#8634 = LINE('',#8635,#8636);
#8635 = CARTESIAN_POINT('',(4.317802300474,45.));
#8636 = VECTOR('',#8637,1.);
#8637 = DIRECTION('',(-1.,0.));
#8638 = ( GEOMETRIC_REPRESENTATION_CONTEXT(2) 
PARAMETRIC_REPRESENTATION_CONTEXT() REPRESENTATION_CONTEXT('2D SPACE',''
  ) );
#8639 = PCURVE('',#3546,#8640);
#8640 = DEFINITIONAL_REPRESENTATION('',(#8641),#8645);
#8641 = LINE('',#8642,#8643);
#8642 = CARTESIAN_POINT('',(-81.93691005234,-1.292924002716));
#8643 = VECTOR('',#8644,1.);
#8644 = DIRECTION('',(-0.989949493661,0.141421356237));
#8645 = ( GEOMETRIC_REPRESENTATION_CONTEXT(2) 
PARAMETRIC_REPRESENTATION_CONTEXT() REPRESENTATION_CONTEXT('2D SPACE',''
  ) );
#8646 = ORIENTED_EDGE('',*,*,#8647,.T.);
#8647 = EDGE_CURVE('',#8625,#8648,#8650,.T.);
#8648 = VERTEX_POINT('',#8649);
#8649 = CARTESIAN_POINT('',(46.,145.,34.754895892495));
#8650 = SURFACE_CURVE('',#8651,(#8655,#8662),.PCURVE_S1.);
#8651 = LINE('',#8652,#8653);
#8652 = CARTESIAN_POINT('',(-27.5,145.,34.754895892495));
#8653 = VECTOR('',#8654,1.);
#8654 = DIRECTION('',(1.,0.,0.));
#8655 = PCURVE('',#3260,#8656);
#8656 = DEFINITIONAL_REPRESENTATION('',(#8657),#8661);
#8657 = LINE('',#8658,#8659);
#8658 = CARTESIAN_POINT('',(1.792420939094,-27.5));
#8659 = VECTOR('',#8660,1.);
#8660 = DIRECTION('',(0.,1.));
#8661 = ( GEOMETRIC_REPRESENTATION_CONTEXT(2) 
PARAMETRIC_REPRESENTATION_CONTEXT() REPRESENTATION_CONTEXT('2D SPACE',''
  ) );
#8662 = PCURVE('',#3519,#8663);
#8663 = DEFINITIONAL_REPRESENTATION('',(#8664),#8667);
#8664 = B_SPLINE_CURVE_WITH_KNOTS('',1,(#8665,#8666),.UNSPECIFIED.,.F.,
  .F.,(2,2),(-18.5,73.5),.PIECEWISE_BEZIER_KNOTS.);
#8665 = CARTESIAN_POINT('',(9.,-65.2451041075));
#8666 = CARTESIAN_POINT('',(101.,-65.2451041075));
#8667 = ( GEOMETRIC_REPRESENTATION_CONTEXT(2) 
PARAMETRIC_REPRESENTATION_CONTEXT() REPRESENTATION_CONTEXT('2D SPACE',''
  ) );
#8668 = ORIENTED_EDGE('',*,*,#8669,.F.);
#8669 = EDGE_CURVE('',#8670,#8648,#8672,.T.);
#8670 = VERTEX_POINT('',#8671);
#8671 = CARTESIAN_POINT('',(46.,146.77440620108,35.008382492649));
#8672 = SURFACE_CURVE('',#8673,(#8677,#8684),.PCURVE_S1.);
#8673 = LINE('',#8674,#8675);
#8674 = CARTESIAN_POINT('',(46.,143.93431457505,34.602655117502));
#8675 = VECTOR('',#8676,1.);
#8676 = DIRECTION('',(0.,-0.989949493661,-0.141421356237));
#8677 = PCURVE('',#3260,#8678);
#8678 = DEFINITIONAL_REPRESENTATION('',(#8679),#8683);
#8679 = LINE('',#8680,#8681);
#8680 = CARTESIAN_POINT('',(2.868925782798,46.));
#8681 = VECTOR('',#8682,1.);
#8682 = DIRECTION('',(1.,0.));
#8683 = ( GEOMETRIC_REPRESENTATION_CONTEXT(2) 
PARAMETRIC_REPRESENTATION_CONTEXT() REPRESENTATION_CONTEXT('2D SPACE',''
  ) );
#8684 = PCURVE('',#3491,#8685);
#8685 = DEFINITIONAL_REPRESENTATION('',(#8686),#8690);
#8686 = LINE('',#8687,#8688);
#8687 = CARTESIAN_POINT('',(-83.37122462739,-1.088021920566));
#8688 = VECTOR('',#8689,1.);
#8689 = DIRECTION('',(0.989949493661,-0.141421356237));
#8690 = ( GEOMETRIC_REPRESENTATION_CONTEXT(2) 
PARAMETRIC_REPRESENTATION_CONTEXT() REPRESENTATION_CONTEXT('2D SPACE',''
  ) );
#8691 = ORIENTED_EDGE('',*,*,#8692,.F.);
#8692 = EDGE_CURVE('',#8693,#8670,#8695,.T.);
#8693 = VERTEX_POINT('',#8694);
#8694 = CARTESIAN_POINT('',(22.75,146.77440620108,35.008382492649));
#8695 = SURFACE_CURVE('',#8696,(#8700,#8707),.PCURVE_S1.);
#8696 = LINE('',#8697,#8698);
#8697 = CARTESIAN_POINT('',(-46.,146.77440620108,35.008382492649));
#8698 = VECTOR('',#8699,1.);
#8699 = DIRECTION('',(1.,0.,0.));
#8700 = PCURVE('',#3260,#8701);
#8701 = DEFINITIONAL_REPRESENTATION('',(#8702),#8706);
#8702 = LINE('',#8703,#8704);
#8703 = CARTESIAN_POINT('',(-0.,-46.));
#8704 = VECTOR('',#8705,1.);
#8705 = DIRECTION('',(0.,1.));
#8706 = ( GEOMETRIC_REPRESENTATION_CONTEXT(2) 
PARAMETRIC_REPRESENTATION_CONTEXT() REPRESENTATION_CONTEXT('2D SPACE',''
  ) );
#8707 = PCURVE('',#8708,#8713);
#8708 = PLANE('',#8709);
#8709 = AXIS2_PLACEMENT_3D('',#8710,#8711,#8712);
#8710 = CARTESIAN_POINT('',(0.,162.45929897708,4.));
#8711 = DIRECTION('',(-0.,0.892337475708,0.451368839694));
#8712 = DIRECTION('',(0.,-0.451368839694,0.892337475708));
#8713 = DEFINITIONAL_REPRESENTATION('',(#8714),#8718);
#8714 = LINE('',#8715,#8716);
#8715 = CARTESIAN_POINT('',(34.749613612314,-46.));
#8716 = VECTOR('',#8717,1.);
#8717 = DIRECTION('',(0.,1.));
#8718 = ( GEOMETRIC_REPRESENTATION_CONTEXT(2) 
PARAMETRIC_REPRESENTATION_CONTEXT() REPRESENTATION_CONTEXT('2D SPACE',''
  ) );
#8719 = ORIENTED_EDGE('',*,*,#8720,.T.);
#8720 = EDGE_CURVE('',#8693,#8721,#8723,.T.);
#8721 = VERTEX_POINT('',#8722);
#8722 = CARTESIAN_POINT('',(22.75,141.81208291989,34.299479166766));
#8723 = SURFACE_CURVE('',#8724,(#8728,#8734),.PCURVE_S1.);
#8724 = LINE('',#8725,#8726);
#8725 = CARTESIAN_POINT('',(22.75,147.99106021275,35.182190208603));
#8726 = VECTOR('',#8727,1.);
#8727 = DIRECTION('',(0.,-0.989949493661,-0.141421356237));
#8728 = PCURVE('',#3260,#8729);
#8729 = DEFINITIONAL_REPRESENTATION('',(#8730),#8733);
#8730 = B_SPLINE_CURVE_WITH_KNOTS('',1,(#8731,#8732),.UNSPECIFIED.,.F.,
  .F.,(2,2),(1.229006145733,6.365032007294),.PIECEWISE_BEZIER_KNOTS.);
#8731 = CARTESIAN_POINT('',(-1.199040866595E-14,22.75));
#8732 = CARTESIAN_POINT('',(5.136025861561,22.75));
#8733 = ( GEOMETRIC_REPRESENTATION_CONTEXT(2) 
PARAMETRIC_REPRESENTATION_CONTEXT() REPRESENTATION_CONTEXT('2D SPACE',''
  ) );
#8734 = PCURVE('',#8735,#8740);
#8735 = PLANE('',#8736);
#8736 = AXIS2_PLACEMENT_3D('',#8737,#8738,#8739);
#8737 = CARTESIAN_POINT('',(22.75,150.45589275372,26.618748219516));
#8738 = DIRECTION('',(-1.,-0.,-0.));
#8739 = DIRECTION('',(0.,-1.,0.));
#8740 = DEFINITIONAL_REPRESENTATION('',(#8741),#8744);
#8741 = B_SPLINE_CURVE_WITH_KNOTS('',1,(#8742,#8743),.UNSPECIFIED.,.F.,
  .F.,(2,2),(1.229006145733,6.365032007294),.PIECEWISE_BEZIER_KNOTS.);
#8742 = CARTESIAN_POINT('',(3.681486552641,8.389634273134));
#8743 = CARTESIAN_POINT('',(8.765892753725,7.663290530122));
#8744 = ( GEOMETRIC_REPRESENTATION_CONTEXT(2) 
PARAMETRIC_REPRESENTATION_CONTEXT() REPRESENTATION_CONTEXT('2D SPACE',''
  ) );
#8745 = ORIENTED_EDGE('',*,*,#8746,.T.);
#8746 = EDGE_CURVE('',#8721,#8747,#8749,.T.);
#8747 = VERTEX_POINT('',#8748);
#8748 = CARTESIAN_POINT('',(-22.75,141.81208291989,34.299479166766));
#8749 = SURFACE_CURVE('',#8750,(#8754,#8760),.PCURVE_S1.);
#8750 = LINE('',#8751,#8752);
#8751 = CARTESIAN_POINT('',(0.,141.81208291989,34.299479166766));
#8752 = VECTOR('',#8753,1.);
#8753 = DIRECTION('',(-1.,0.,0.));
#8754 = PCURVE('',#3260,#8755);
#8755 = DEFINITIONAL_REPRESENTATION('',(#8756),#8759);
#8756 = B_SPLINE_CURVE_WITH_KNOTS('',1,(#8757,#8758),.UNSPECIFIED.,.F.,
  .F.,(2,2),(-22.75,22.75),.PIECEWISE_BEZIER_KNOTS.);
#8757 = CARTESIAN_POINT('',(5.012703489379,22.75));
#8758 = CARTESIAN_POINT('',(5.012703489379,-22.75));
#8759 = ( GEOMETRIC_REPRESENTATION_CONTEXT(2) 
PARAMETRIC_REPRESENTATION_CONTEXT() REPRESENTATION_CONTEXT('2D SPACE',''
  ) );
#8760 = PCURVE('',#8761,#8766);
#8761 = PLANE('',#8762);
#8762 = AXIS2_PLACEMENT_3D('',#8763,#8764,#8765);
#8763 = CARTESIAN_POINT('',(0.,141.69,33.78));
#8764 = DIRECTION('',(0.,0.973478746886,-0.2287774669));
#8765 = DIRECTION('',(0.,0.2287774669,0.973478746886));
#8766 = DEFINITIONAL_REPRESENTATION('',(#8767),#8770);
#8767 = B_SPLINE_CURVE_WITH_KNOTS('',1,(#8768,#8769),.UNSPECIFIED.,.F.,
  .F.,(2,2),(-22.75,22.75),.PIECEWISE_BEZIER_KNOTS.);
#8768 = CARTESIAN_POINT('',(0.533631749463,22.75));
#8769 = CARTESIAN_POINT('',(0.533631749463,-22.75));
#8770 = ( GEOMETRIC_REPRESENTATION_CONTEXT(2) 
PARAMETRIC_REPRESENTATION_CONTEXT() REPRESENTATION_CONTEXT('2D SPACE',''
  ) );
#8771 = ORIENTED_EDGE('',*,*,#8772,.F.);
#8772 = EDGE_CURVE('',#8773,#8747,#8775,.T.);
#8773 = VERTEX_POINT('',#8774);
#8774 = CARTESIAN_POINT('',(-22.75,146.77440620108,35.008382492649));
#8775 = SURFACE_CURVE('',#8776,(#8780,#8786),.PCURVE_S1.);
#8776 = LINE('',#8777,#8778);
#8777 = CARTESIAN_POINT('',(-22.75,147.99106021275,35.182190208603));
#8778 = VECTOR('',#8779,1.);
#8779 = DIRECTION('',(0.,-0.989949493661,-0.141421356237));
#8780 = PCURVE('',#3260,#8781);
#8781 = DEFINITIONAL_REPRESENTATION('',(#8782),#8785);
#8782 = B_SPLINE_CURVE_WITH_KNOTS('',1,(#8783,#8784),.UNSPECIFIED.,.F.,
  .F.,(2,2),(1.229006145733,6.365032007294),.PIECEWISE_BEZIER_KNOTS.);
#8783 = CARTESIAN_POINT('',(-1.199040866595E-14,-22.75));
#8784 = CARTESIAN_POINT('',(5.136025861561,-22.75));
#8785 = ( GEOMETRIC_REPRESENTATION_CONTEXT(2) 
PARAMETRIC_REPRESENTATION_CONTEXT() REPRESENTATION_CONTEXT('2D SPACE',''
  ) );
#8786 = PCURVE('',#8787,#8792);
#8787 = PLANE('',#8788);
#8788 = AXIS2_PLACEMENT_3D('',#8789,#8790,#8791);
#8789 = CARTESIAN_POINT('',(-22.75,150.45589275372,26.618748219516));
#8790 = DIRECTION('',(-1.,-0.,-0.));
#8791 = DIRECTION('',(0.,-1.,0.));
#8792 = DEFINITIONAL_REPRESENTATION('',(#8793),#8796);
#8793 = B_SPLINE_CURVE_WITH_KNOTS('',1,(#8794,#8795),.UNSPECIFIED.,.F.,
  .F.,(2,2),(1.229006145733,6.365032007294),.PIECEWISE_BEZIER_KNOTS.);
#8794 = CARTESIAN_POINT('',(3.681486552641,8.389634273134));
#8795 = CARTESIAN_POINT('',(8.765892753725,7.663290530122));
#8796 = ( GEOMETRIC_REPRESENTATION_CONTEXT(2) 
PARAMETRIC_REPRESENTATION_CONTEXT() REPRESENTATION_CONTEXT('2D SPACE',''
  ) );
#8797 = ORIENTED_EDGE('',*,*,#8798,.F.);
#8798 = EDGE_CURVE('',#8799,#8773,#8801,.T.);
#8799 = VERTEX_POINT('',#8800);
#8800 = CARTESIAN_POINT('',(-46.,146.77440620108,35.008382492649));
#8801 = SURFACE_CURVE('',#8802,(#8806,#8813),.PCURVE_S1.);
#8802 = LINE('',#8803,#8804);
#8803 = CARTESIAN_POINT('',(-46.,146.77440620108,35.008382492649));
#8804 = VECTOR('',#8805,1.);
#8805 = DIRECTION('',(1.,0.,0.));
#8806 = PCURVE('',#3260,#8807);
#8807 = DEFINITIONAL_REPRESENTATION('',(#8808),#8812);
#8808 = LINE('',#8809,#8810);
#8809 = CARTESIAN_POINT('',(-0.,-46.));
#8810 = VECTOR('',#8811,1.);
#8811 = DIRECTION('',(0.,1.));
#8812 = ( GEOMETRIC_REPRESENTATION_CONTEXT(2) 
PARAMETRIC_REPRESENTATION_CONTEXT() REPRESENTATION_CONTEXT('2D SPACE',''
  ) );
#8813 = PCURVE('',#8708,#8814);
#8814 = DEFINITIONAL_REPRESENTATION('',(#8815),#8819);
#8815 = LINE('',#8816,#8817);
#8816 = CARTESIAN_POINT('',(34.749613612314,-46.));
#8817 = VECTOR('',#8818,1.);
#8818 = DIRECTION('',(0.,1.));
#8819 = ( GEOMETRIC_REPRESENTATION_CONTEXT(2) 
PARAMETRIC_REPRESENTATION_CONTEXT() REPRESENTATION_CONTEXT('2D SPACE',''
  ) );
#8820 = ORIENTED_EDGE('',*,*,#8821,.T.);
#8821 = EDGE_CURVE('',#8799,#8822,#8824,.T.);
#8822 = VERTEX_POINT('',#8823);
#8823 = CARTESIAN_POINT('',(-46.,145.,34.754895892495));
#8824 = SURFACE_CURVE('',#8825,(#8829,#8836),.PCURVE_S1.);
#8825 = LINE('',#8826,#8827);
#8826 = CARTESIAN_POINT('',(-46.,143.93431457505,34.602655117502));
#8827 = VECTOR('',#8828,1.);
#8828 = DIRECTION('',(0.,-0.989949493661,-0.141421356237));
#8829 = PCURVE('',#3260,#8830);
#8830 = DEFINITIONAL_REPRESENTATION('',(#8831),#8835);
#8831 = LINE('',#8832,#8833);
#8832 = CARTESIAN_POINT('',(2.868925782798,-46.));
#8833 = VECTOR('',#8834,1.);
#8834 = DIRECTION('',(1.,0.));
#8835 = ( GEOMETRIC_REPRESENTATION_CONTEXT(2) 
PARAMETRIC_REPRESENTATION_CONTEXT() REPRESENTATION_CONTEXT('2D SPACE',''
  ) );
#8836 = PCURVE('',#3435,#8837);
#8837 = DEFINITIONAL_REPRESENTATION('',(#8838),#8842);
#8838 = LINE('',#8839,#8840);
#8839 = CARTESIAN_POINT('',(-83.37122462739,-1.088021920566));
#8840 = VECTOR('',#8841,1.);
#8841 = DIRECTION('',(0.989949493661,-0.141421356237));
#8842 = ( GEOMETRIC_REPRESENTATION_CONTEXT(2) 
PARAMETRIC_REPRESENTATION_CONTEXT() REPRESENTATION_CONTEXT('2D SPACE',''
  ) );
#8843 = ORIENTED_EDGE('',*,*,#8844,.T.);
#8844 = EDGE_CURVE('',#8822,#8845,#8847,.T.);
#8845 = VERTEX_POINT('',#8846);
#8846 = CARTESIAN_POINT('',(-45.,145.,34.754895892495));
#8847 = SURFACE_CURVE('',#8848,(#8852,#8859),.PCURVE_S1.);
#8848 = LINE('',#8849,#8850);
#8849 = CARTESIAN_POINT('',(-27.5,145.,34.754895892495));
#8850 = VECTOR('',#8851,1.);
#8851 = DIRECTION('',(1.,0.,0.));
#8852 = PCURVE('',#3260,#8853);
#8853 = DEFINITIONAL_REPRESENTATION('',(#8854),#8858);
#8854 = LINE('',#8855,#8856);
#8855 = CARTESIAN_POINT('',(1.792420939094,-27.5));
#8856 = VECTOR('',#8857,1.);
#8857 = DIRECTION('',(0.,1.));
#8858 = ( GEOMETRIC_REPRESENTATION_CONTEXT(2) 
PARAMETRIC_REPRESENTATION_CONTEXT() REPRESENTATION_CONTEXT('2D SPACE',''
  ) );
#8859 = PCURVE('',#3408,#8860);
#8860 = DEFINITIONAL_REPRESENTATION('',(#8861),#8864);
#8861 = B_SPLINE_CURVE_WITH_KNOTS('',1,(#8862,#8863),.UNSPECIFIED.,.F.,
  .F.,(2,2),(-18.5,73.5),.PIECEWISE_BEZIER_KNOTS.);
#8862 = CARTESIAN_POINT('',(9.,-65.2451041075));
#8863 = CARTESIAN_POINT('',(101.,-65.2451041075));
#8864 = ( GEOMETRIC_REPRESENTATION_CONTEXT(2) 
PARAMETRIC_REPRESENTATION_CONTEXT() REPRESENTATION_CONTEXT('2D SPACE',''
  ) );
#8865 = ORIENTED_EDGE('',*,*,#8866,.T.);
#8866 = EDGE_CURVE('',#8845,#8556,#8867,.T.);
#8867 = SURFACE_CURVE('',#8868,(#8872,#8879),.PCURVE_S1.);
#8868 = LINE('',#8869,#8870);
#8869 = CARTESIAN_POINT('',(-45.,145.,34.754895892495));
#8870 = VECTOR('',#8871,1.);
#8871 = DIRECTION('',(0.,-0.989949493661,-0.141421356237));
#8872 = PCURVE('',#3260,#8873);
#8873 = DEFINITIONAL_REPRESENTATION('',(#8874),#8878);
#8874 = LINE('',#8875,#8876);
#8875 = CARTESIAN_POINT('',(1.792420939094,-45.));
#8876 = VECTOR('',#8877,1.);
#8877 = DIRECTION('',(1.,0.));
#8878 = ( GEOMETRIC_REPRESENTATION_CONTEXT(2) 
PARAMETRIC_REPRESENTATION_CONTEXT() REPRESENTATION_CONTEXT('2D SPACE',''
  ) );
#8879 = PCURVE('',#3380,#8880);
#8880 = DEFINITIONAL_REPRESENTATION('',(#8881),#8885);
#8881 = LINE('',#8882,#8883);
#8882 = CARTESIAN_POINT('',(-84.43691005234,-0.935781145573));
#8883 = VECTOR('',#8884,1.);
#8884 = DIRECTION('',(0.989949493661,-0.141421356237));
#8885 = ( GEOMETRIC_REPRESENTATION_CONTEXT(2) 
PARAMETRIC_REPRESENTATION_CONTEXT() REPRESENTATION_CONTEXT('2D SPACE',''
  ) );
#8886 = ORIENTED_EDGE('',*,*,#8578,.F.);
#8887 = ORIENTED_EDGE('',*,*,#3244,.T.);
#8888 = ORIENTED_EDGE('',*,*,#5784,.F.);
#8889 = ORIENTED_EDGE('',*,*,#5831,.F.);
#8890 = ORIENTED_EDGE('',*,*,#5870,.T.);
#8891 = ORIENTED_EDGE('',*,*,#5917,.T.);
#8892 = ORIENTED_EDGE('',*,*,#5962,.T.);
#8893 = ORIENTED_EDGE('',*,*,#6131,.T.);
#8894 = ORIENTED_EDGE('',*,*,#6696,.T.);
#8895 = ORIENTED_EDGE('',*,*,#6671,.T.);
#8896 = ORIENTED_EDGE('',*,*,#6550,.F.);
#8897 = ORIENTED_EDGE('',*,*,#8898,.F.);
#8898 = EDGE_CURVE('',#8899,#6551,#8901,.T.);
#8899 = VERTEX_POINT('',#8900);
#8900 = CARTESIAN_POINT('',(-39.5,7.403407999023,15.098239892355));
#8901 = SURFACE_CURVE('',#8902,(#8906,#8913),.PCURVE_S1.);
#8902 = LINE('',#8903,#8904);
#8903 = CARTESIAN_POINT('',(-39.5,9.878281733176,15.451793282948));
#8904 = VECTOR('',#8905,1.);
#8905 = DIRECTION('',(0.,0.989949493661,0.141421356237));
#8906 = PCURVE('',#3260,#8907);
#8907 = DEFINITIONAL_REPRESENTATION('',(#8908),#8912);
#8908 = LINE('',#8909,#8910);
#8909 = CARTESIAN_POINT('',(138.28596847059,-39.5));
#8910 = VECTOR('',#8911,1.);
#8911 = DIRECTION('',(-1.,0.));
#8912 = ( GEOMETRIC_REPRESENTATION_CONTEXT(2) 
PARAMETRIC_REPRESENTATION_CONTEXT() REPRESENTATION_CONTEXT('2D SPACE',''
  ) );
#8913 = PCURVE('',#6591,#8914);
#8914 = DEFINITIONAL_REPRESENTATION('',(#8915),#8919);
#8915 = LINE('',#8916,#8917);
#8916 = CARTESIAN_POINT('',(2.5,7.216449660064E-16));
#8917 = VECTOR('',#8918,1.);
#8918 = DIRECTION('',(1.,0.));
#8919 = ( GEOMETRIC_REPRESENTATION_CONTEXT(2) 
PARAMETRIC_REPRESENTATION_CONTEXT() REPRESENTATION_CONTEXT('2D SPACE',''
  ) );
#8920 = ORIENTED_EDGE('',*,*,#8921,.F.);
#8921 = EDGE_CURVE('',#6471,#8899,#8922,.T.);
#8922 = SURFACE_CURVE('',#8923,(#8927,#8934),.PCURVE_S1.);
#8923 = LINE('',#8924,#8925);
#8924 = CARTESIAN_POINT('',(-42.,7.403407999023,15.098239892355));
#8925 = VECTOR('',#8926,1.);
#8926 = DIRECTION('',(1.,0.,0.));
#8927 = PCURVE('',#3260,#8928);
#8928 = DEFINITIONAL_REPRESENTATION('',(#8929),#8933);
#8929 = LINE('',#8930,#8931);
#8930 = CARTESIAN_POINT('',(140.78596847059,-42.));
#8931 = VECTOR('',#8932,1.);
#8932 = DIRECTION('',(0.,1.));
#8933 = ( GEOMETRIC_REPRESENTATION_CONTEXT(2) 
PARAMETRIC_REPRESENTATION_CONTEXT() REPRESENTATION_CONTEXT('2D SPACE',''
  ) );
#8934 = PCURVE('',#6486,#8935);
#8935 = DEFINITIONAL_REPRESENTATION('',(#8936),#8940);
#8936 = LINE('',#8937,#8938);
#8937 = CARTESIAN_POINT('',(2.5,0.));
#8938 = VECTOR('',#8939,1.);
#8939 = DIRECTION('',(1.,0.));
#8940 = ( GEOMETRIC_REPRESENTATION_CONTEXT(2) 
PARAMETRIC_REPRESENTATION_CONTEXT() REPRESENTATION_CONTEXT('2D SPACE',''
  ) );
#8941 = ORIENTED_EDGE('',*,*,#6498,.F.);
#8942 = ORIENTED_EDGE('',*,*,#8943,.T.);
#8943 = EDGE_CURVE('',#6499,#8944,#8946,.T.);
#8944 = VERTEX_POINT('',#8945);
#8945 = CARTESIAN_POINT('',(-39.5,-39.22321315241,8.437294013578));
#8946 = SURFACE_CURVE('',#8947,(#8951,#8958),.PCURVE_S1.);
#8947 = LINE('',#8948,#8949);
#8948 = CARTESIAN_POINT('',(-42.,-39.22321315241,8.437294013578));
#8949 = VECTOR('',#8950,1.);
#8950 = DIRECTION('',(1.,0.,0.));
#8951 = PCURVE('',#3260,#8952);
#8952 = DEFINITIONAL_REPRESENTATION('',(#8953),#8957);
#8953 = LINE('',#8954,#8955);
#8954 = CARTESIAN_POINT('',(187.88596847059,-42.));
#8955 = VECTOR('',#8956,1.);
#8956 = DIRECTION('',(0.,1.));
#8957 = ( GEOMETRIC_REPRESENTATION_CONTEXT(2) 
PARAMETRIC_REPRESENTATION_CONTEXT() REPRESENTATION_CONTEXT('2D SPACE',''
  ) );
#8958 = PCURVE('',#6535,#8959);
#8959 = DEFINITIONAL_REPRESENTATION('',(#8960),#8964);
#8960 = LINE('',#8961,#8962);
#8961 = CARTESIAN_POINT('',(2.5,0.));
#8962 = VECTOR('',#8963,1.);
#8963 = DIRECTION('',(1.,0.));
#8964 = ( GEOMETRIC_REPRESENTATION_CONTEXT(2) 
PARAMETRIC_REPRESENTATION_CONTEXT() REPRESENTATION_CONTEXT('2D SPACE',''
  ) );
#8965 = ORIENTED_EDGE('',*,*,#8966,.F.);
#8966 = EDGE_CURVE('',#8967,#8944,#8969,.T.);
#8967 = VERTEX_POINT('',#8968);
#8968 = CARTESIAN_POINT('',(-39.5,-43.57966657263,7.814943524976));
#8969 = SURFACE_CURVE('',#8970,(#8974,#8981),.PCURVE_S1.);
#8970 = LINE('',#8971,#8972);
#8971 = CARTESIAN_POINT('',(-39.5,-41.69808688657,8.083740622984));
#8972 = VECTOR('',#8973,1.);
#8973 = DIRECTION('',(0.,0.989949493661,0.141421356237));
#8974 = PCURVE('',#3260,#8975);
#8975 = DEFINITIONAL_REPRESENTATION('',(#8976),#8980);
#8976 = LINE('',#8977,#8978);
#8977 = CARTESIAN_POINT('',(190.38596847059,-39.5));
#8978 = VECTOR('',#8979,1.);
#8979 = DIRECTION('',(-1.,0.));
#8980 = ( GEOMETRIC_REPRESENTATION_CONTEXT(2) 
PARAMETRIC_REPRESENTATION_CONTEXT() REPRESENTATION_CONTEXT('2D SPACE',''
  ) );
#8981 = PCURVE('',#8982,#8987);
#8982 = PLANE('',#8983);
#8983 = AXIS2_PLACEMENT_3D('',#8984,#8985,#8986);
#8984 = CARTESIAN_POINT('',(-39.5,-44.17296062072,7.730187232391));
#8985 = DIRECTION('',(-1.,0.,0.));
#8986 = DIRECTION('',(0.,0.989949493661,0.141421356237));
#8987 = DEFINITIONAL_REPRESENTATION('',(#8988),#8992);
#8988 = LINE('',#8989,#8990);
#8989 = CARTESIAN_POINT('',(2.5,-3.885780586188E-16));
#8990 = VECTOR('',#8991,1.);
#8991 = DIRECTION('',(1.,0.));
#8992 = ( GEOMETRIC_REPRESENTATION_CONTEXT(2) 
PARAMETRIC_REPRESENTATION_CONTEXT() REPRESENTATION_CONTEXT('2D SPACE',''
  ) );
#8993 = ORIENTED_EDGE('',*,*,#8994,.F.);
#8994 = EDGE_CURVE('',#8366,#8967,#8995,.T.);
#8995 = SURFACE_CURVE('',#8996,(#9001,#9008),.PCURVE_S1.);
#8996 = ELLIPSE('',#8997,5.032813584593,5.);
#8997 = AXIS2_PLACEMENT_3D('',#8998,#8999,#9000);
#8998 = CARTESIAN_POINT('',(-42.,-47.89440541111,7.198552262336));
#8999 = DIRECTION('',(0.,-0.141421356237,0.989949493661));
#9000 = DIRECTION('',(0.,-0.989949493661,-0.141421356237));
#9001 = PCURVE('',#3260,#9002);
#9002 = DEFINITIONAL_REPRESENTATION('',(#9003),#9007);
#9003 = ELLIPSE('',#9004,5.032813584593,5.);
#9004 = AXIS2_PLACEMENT_2D('',#9005,#9006);
#9005 = CARTESIAN_POINT('',(196.64519539501,-42.));
#9006 = DIRECTION('',(1.,0.));
#9007 = ( GEOMETRIC_REPRESENTATION_CONTEXT(2) 
PARAMETRIC_REPRESENTATION_CONTEXT() REPRESENTATION_CONTEXT('2D SPACE',''
  ) );
#9008 = PCURVE('',#8403,#9009);
#9009 = DEFINITIONAL_REPRESENTATION('',(#9010),#9025);
#9010 = B_SPLINE_CURVE_WITH_KNOTS('',7,(#9011,#9012,#9013,#9014,#9015,
    #9016,#9017,#9018,#9019,#9020,#9021,#9022,#9023,#9024),
  .UNSPECIFIED.,.F.,.F.,(8,6,8),(0.,1.570796326795,3.14159265359),
  .UNSPECIFIED.);
#9011 = CARTESIAN_POINT('',(4.712388980385,67.263067763884));
#9012 = CARTESIAN_POINT('',(4.936788455641,67.263067763884));
#9013 = CARTESIAN_POINT('',(5.161187930898,67.229359509096));
#9014 = CARTESIAN_POINT('',(5.385587406154,67.161947889515));
#9015 = CARTESIAN_POINT('',(5.60998688141,67.064971680273));
#9016 = CARTESIAN_POINT('',(5.834386356667,66.946804343836));
#9017 = CARTESIAN_POINT('',(6.058785831923,66.818051069359));
#9018 = CARTESIAN_POINT('',(6.507584782436,66.560543474803));
#9019 = CARTESIAN_POINT('',(6.731984257692,66.431790200339));
#9020 = CARTESIAN_POINT('',(6.956383732949,66.313622863861));
#9021 = CARTESIAN_POINT('',(7.180783208205,66.216646654677));
#9022 = CARTESIAN_POINT('',(7.405182683462,66.14923503506));
#9023 = CARTESIAN_POINT('',(7.629582158718,66.115526780278));
#9024 = CARTESIAN_POINT('',(7.853981633974,66.115526780278));
#9025 = ( GEOMETRIC_REPRESENTATION_CONTEXT(2) 
PARAMETRIC_REPRESENTATION_CONTEXT() REPRESENTATION_CONTEXT('2D SPACE',''
  ) );
#9026 = ORIENTED_EDGE('',*,*,#8365,.T.);
#9027 = ORIENTED_EDGE('',*,*,#9028,.T.);
#9028 = EDGE_CURVE('',#8338,#9029,#9031,.T.);
#9029 = VERTEX_POINT('',#9030);
#9030 = CARTESIAN_POINT('',(30.4,-39.22321315241,8.437294013578));
#9031 = SURFACE_CURVE('',#9032,(#9036,#9043),.PCURVE_S1.);
#9032 = LINE('',#9033,#9034);
#9033 = CARTESIAN_POINT('',(30.4,-41.69808688657,8.083740622984));
#9034 = VECTOR('',#9035,1.);
#9035 = DIRECTION('',(0.,0.989949493661,0.141421356237));
#9036 = PCURVE('',#3260,#9037);
#9037 = DEFINITIONAL_REPRESENTATION('',(#9038),#9042);
#9038 = LINE('',#9039,#9040);
#9039 = CARTESIAN_POINT('',(190.38596847059,30.4));
#9040 = VECTOR('',#9041,1.);
#9041 = DIRECTION('',(-1.,0.));
#9042 = ( GEOMETRIC_REPRESENTATION_CONTEXT(2) 
PARAMETRIC_REPRESENTATION_CONTEXT() REPRESENTATION_CONTEXT('2D SPACE',''
  ) );
#9043 = PCURVE('',#8353,#9044);
#9044 = DEFINITIONAL_REPRESENTATION('',(#9045),#9049);
#9045 = LINE('',#9046,#9047);
#9046 = CARTESIAN_POINT('',(2.5,-3.885780586188E-16));
#9047 = VECTOR('',#9048,1.);
#9048 = DIRECTION('',(1.,0.));
#9049 = ( GEOMETRIC_REPRESENTATION_CONTEXT(2) 
PARAMETRIC_REPRESENTATION_CONTEXT() REPRESENTATION_CONTEXT('2D SPACE',''
  ) );
#9050 = ORIENTED_EDGE('',*,*,#9051,.T.);
#9051 = EDGE_CURVE('',#9029,#9052,#9054,.T.);
#9052 = VERTEX_POINT('',#9053);
#9053 = CARTESIAN_POINT('',(35.4,-39.22321315241,8.437294013578));
#9054 = SURFACE_CURVE('',#9055,(#9059,#9066),.PCURVE_S1.);
#9055 = LINE('',#9056,#9057);
#9056 = CARTESIAN_POINT('',(32.9,-39.22321315241,8.437294013578));
#9057 = VECTOR('',#9058,1.);
#9058 = DIRECTION('',(1.,0.,0.));
#9059 = PCURVE('',#3260,#9060);
#9060 = DEFINITIONAL_REPRESENTATION('',(#9061),#9065);
#9061 = LINE('',#9062,#9063);
#9062 = CARTESIAN_POINT('',(187.88596847059,32.9));
#9063 = VECTOR('',#9064,1.);
#9064 = DIRECTION('',(0.,1.));
#9065 = ( GEOMETRIC_REPRESENTATION_CONTEXT(2) 
PARAMETRIC_REPRESENTATION_CONTEXT() REPRESENTATION_CONTEXT('2D SPACE',''
  ) );
#9066 = PCURVE('',#9067,#9072);
#9067 = PLANE('',#9068);
#9068 = AXIS2_PLACEMENT_3D('',#9069,#9070,#9071);
#9069 = CARTESIAN_POINT('',(30.4,-39.22321315241,8.437294013578));
#9070 = DIRECTION('',(-0.,0.989949493661,0.141421356237));
#9071 = DIRECTION('',(1.,0.,0.));
#9072 = DEFINITIONAL_REPRESENTATION('',(#9073),#9077);
#9073 = LINE('',#9074,#9075);
#9074 = CARTESIAN_POINT('',(2.5,0.));
#9075 = VECTOR('',#9076,1.);
#9076 = DIRECTION('',(1.,0.));
#9077 = ( GEOMETRIC_REPRESENTATION_CONTEXT(2) 
PARAMETRIC_REPRESENTATION_CONTEXT() REPRESENTATION_CONTEXT('2D SPACE',''
  ) );
#9078 = ORIENTED_EDGE('',*,*,#9079,.T.);
#9079 = EDGE_CURVE('',#9052,#9080,#9082,.T.);
#9080 = VERTEX_POINT('',#9081);
#9081 = CARTESIAN_POINT('',(35.4,-7.495331880577,12.969848480983));
#9082 = SURFACE_CURVE('',#9083,(#9087,#9094),.PCURVE_S1.);
#9083 = LINE('',#9084,#9085);
#9084 = CARTESIAN_POINT('',(35.4,-15.90990257669,11.767766952966));
#9085 = VECTOR('',#9086,1.);
#9086 = DIRECTION('',(0.,0.989949493661,0.141421356237));
#9087 = PCURVE('',#3260,#9088);
#9088 = DEFINITIONAL_REPRESENTATION('',(#9089),#9093);
#9089 = LINE('',#9090,#9091);
#9090 = CARTESIAN_POINT('',(164.33596847059,35.4));
#9091 = VECTOR('',#9092,1.);
#9092 = DIRECTION('',(-1.,0.));
#9093 = ( GEOMETRIC_REPRESENTATION_CONTEXT(2) 
PARAMETRIC_REPRESENTATION_CONTEXT() REPRESENTATION_CONTEXT('2D SPACE',''
  ) );
#9094 = PCURVE('',#8297,#9095);
#9095 = DEFINITIONAL_REPRESENTATION('',(#9096),#9100);
#9096 = LINE('',#9097,#9098);
#9097 = CARTESIAN_POINT('',(28.55,8.881784197001E-16));
#9098 = VECTOR('',#9099,1.);
#9099 = DIRECTION('',(1.,0.));
#9100 = ( GEOMETRIC_REPRESENTATION_CONTEXT(2) 
PARAMETRIC_REPRESENTATION_CONTEXT() REPRESENTATION_CONTEXT('2D SPACE',''
  ) );
#9101 = ORIENTED_EDGE('',*,*,#9102,.F.);
#9102 = EDGE_CURVE('',#9103,#9080,#9105,.T.);
#9103 = VERTEX_POINT('',#9104);
#9104 = CARTESIAN_POINT('',(36.9,-7.495331880577,12.969848480983));
#9105 = SURFACE_CURVE('',#9106,(#9110,#9117),.PCURVE_S1.);
#9106 = LINE('',#9107,#9108);
#9107 = CARTESIAN_POINT('',(-0.775,-7.495331880577,12.969848480983));
#9108 = VECTOR('',#9109,1.);
#9109 = DIRECTION('',(-1.,-0.,0.));
#9110 = PCURVE('',#3260,#9111);
#9111 = DEFINITIONAL_REPRESENTATION('',(#9112),#9116);
#9112 = LINE('',#9113,#9114);
#9113 = CARTESIAN_POINT('',(155.83596847059,-0.775));
#9114 = VECTOR('',#9115,1.);
#9115 = DIRECTION('',(-0.,-1.));
#9116 = ( GEOMETRIC_REPRESENTATION_CONTEXT(2) 
PARAMETRIC_REPRESENTATION_CONTEXT() REPRESENTATION_CONTEXT('2D SPACE',''
  ) );
#9117 = PCURVE('',#9118,#9123);
#9118 = PLANE('',#9119);
#9119 = AXIS2_PLACEMENT_3D('',#9120,#9121,#9122);
#9120 = CARTESIAN_POINT('',(3.,-7.212489168103,10.989949493661));
#9121 = DIRECTION('',(-0.,0.989949493661,0.141421356237));
#9122 = DIRECTION('',(1.,0.,0.));
#9123 = DEFINITIONAL_REPRESENTATION('',(#9124),#9127);
#9124 = B_SPLINE_CURVE_WITH_KNOTS('',1,(#9125,#9126),.UNSPECIFIED.,.F.,
  .F.,(2,2),(-37.675,-3.775),.PIECEWISE_BEZIER_KNOTS.);
#9125 = CARTESIAN_POINT('',(33.9,-2.));
#9126 = CARTESIAN_POINT('',(0.,-2.));
#9127 = ( GEOMETRIC_REPRESENTATION_CONTEXT(2) 
PARAMETRIC_REPRESENTATION_CONTEXT() REPRESENTATION_CONTEXT('2D SPACE',''
  ) );
#9128 = ORIENTED_EDGE('',*,*,#9129,.F.);
#9129 = EDGE_CURVE('',#9130,#9103,#9132,.T.);
#9130 = VERTEX_POINT('',#9131);
#9131 = CARTESIAN_POINT('',(36.9,-45.65788486121,7.518055198035));
#9132 = SURFACE_CURVE('',#9133,(#9137,#9144),.PCURVE_S1.);
#9133 = LINE('',#9134,#9135);
#9134 = CARTESIAN_POINT('',(36.9,-15.90990257669,11.767766952966));
#9135 = VECTOR('',#9136,1.);
#9136 = DIRECTION('',(0.,0.989949493661,0.141421356237));
#9137 = PCURVE('',#3260,#9138);
#9138 = DEFINITIONAL_REPRESENTATION('',(#9139),#9143);
#9139 = LINE('',#9140,#9141);
#9140 = CARTESIAN_POINT('',(164.33596847059,36.9));
#9141 = VECTOR('',#9142,1.);
#9142 = DIRECTION('',(-1.,0.));
#9143 = ( GEOMETRIC_REPRESENTATION_CONTEXT(2) 
PARAMETRIC_REPRESENTATION_CONTEXT() REPRESENTATION_CONTEXT('2D SPACE',''
  ) );
#9144 = PCURVE('',#9145,#9150);
#9145 = PLANE('',#9146);
#9146 = AXIS2_PLACEMENT_3D('',#9147,#9148,#9149);
#9147 = CARTESIAN_POINT('',(36.9,-45.65788486121,7.518055198035));
#9148 = DIRECTION('',(-1.,0.,0.));
#9149 = DIRECTION('',(0.,0.989949493661,0.141421356237));
#9150 = DEFINITIONAL_REPRESENTATION('',(#9151),#9155);
#9151 = LINE('',#9152,#9153);
#9152 = CARTESIAN_POINT('',(30.05,0.));
#9153 = VECTOR('',#9154,1.);
#9154 = DIRECTION('',(1.,0.));
#9155 = ( GEOMETRIC_REPRESENTATION_CONTEXT(2) 
PARAMETRIC_REPRESENTATION_CONTEXT() REPRESENTATION_CONTEXT('2D SPACE',''
  ) );
#9156 = ORIENTED_EDGE('',*,*,#9157,.F.);
#9157 = EDGE_CURVE('',#8101,#9130,#9158,.T.);
#9158 = SURFACE_CURVE('',#9159,(#9163,#9170),.PCURVE_S1.);
#9159 = LINE('',#9160,#9161);
#9160 = CARTESIAN_POINT('',(-4.55,-45.65788486121,7.518055198035));
#9161 = VECTOR('',#9162,1.);
#9162 = DIRECTION('',(1.,0.,0.));
#9163 = PCURVE('',#3260,#9164);
#9164 = DEFINITIONAL_REPRESENTATION('',(#9165),#9169);
#9165 = LINE('',#9166,#9167);
#9166 = CARTESIAN_POINT('',(194.38596847059,-4.55));
#9167 = VECTOR('',#9168,1.);
#9168 = DIRECTION('',(0.,1.));
#9169 = ( GEOMETRIC_REPRESENTATION_CONTEXT(2) 
PARAMETRIC_REPRESENTATION_CONTEXT() REPRESENTATION_CONTEXT('2D SPACE',''
  ) );
#9170 = PCURVE('',#8155,#9171);
#9171 = DEFINITIONAL_REPRESENTATION('',(#9172),#9176);
#9172 = LINE('',#9173,#9174);
#9173 = CARTESIAN_POINT('',(41.45,0.));
#9174 = VECTOR('',#9175,1.);
#9175 = DIRECTION('',(1.,0.));
#9176 = ( GEOMETRIC_REPRESENTATION_CONTEXT(2) 
PARAMETRIC_REPRESENTATION_CONTEXT() REPRESENTATION_CONTEXT('2D SPACE',''
  ) );
#9177 = ORIENTED_EDGE('',*,*,#8100,.F.);
#9178 = ORIENTED_EDGE('',*,*,#8074,.T.);
#9179 = ORIENTED_EDGE('',*,*,#8027,.T.);
#9180 = ORIENTED_EDGE('',*,*,#7912,.T.);
#9181 = ORIENTED_EDGE('',*,*,#9182,.T.);
#9182 = EDGE_CURVE('',#7915,#9183,#9185,.T.);
#9183 = VERTEX_POINT('',#9184);
#9184 = CARTESIAN_POINT('',(-45.,-66.,4.612038749637));
#9185 = SURFACE_CURVE('',#9186,(#9190,#9197),.PCURVE_S1.);
#9186 = LINE('',#9187,#9188);
#9187 = CARTESIAN_POINT('',(-45.,143.93431457505,34.602655117502));
#9188 = VECTOR('',#9189,1.);
#9189 = DIRECTION('',(0.,-0.989949493661,-0.141421356237));
#9190 = PCURVE('',#3260,#9191);
#9191 = DEFINITIONAL_REPRESENTATION('',(#9192),#9196);
#9192 = LINE('',#9193,#9194);
#9193 = CARTESIAN_POINT('',(2.868925782798,-45.));
#9194 = VECTOR('',#9195,1.);
#9195 = DIRECTION('',(1.,0.));
#9196 = ( GEOMETRIC_REPRESENTATION_CONTEXT(2) 
PARAMETRIC_REPRESENTATION_CONTEXT() REPRESENTATION_CONTEXT('2D SPACE',''
  ) );
#9197 = PCURVE('',#7951,#9198);
#9198 = DEFINITIONAL_REPRESENTATION('',(#9199),#9203);
#9199 = LINE('',#9200,#9201);
#9200 = CARTESIAN_POINT('',(-83.37122462739,-1.088021920566));
#9201 = VECTOR('',#9202,1.);
#9202 = DIRECTION('',(0.989949493661,-0.141421356237));
#9203 = ( GEOMETRIC_REPRESENTATION_CONTEXT(2) 
PARAMETRIC_REPRESENTATION_CONTEXT() REPRESENTATION_CONTEXT('2D SPACE',''
  ) );
#9204 = ORIENTED_EDGE('',*,*,#9205,.T.);
#9205 = EDGE_CURVE('',#9183,#9206,#9208,.T.);
#9206 = VERTEX_POINT('',#9207);
#9207 = CARTESIAN_POINT('',(45.,-66.,4.612038749637));
#9208 = SURFACE_CURVE('',#9209,(#9213,#9220),.PCURVE_S1.);
#9209 = LINE('',#9210,#9211);
#9210 = CARTESIAN_POINT('',(-45.,-66.,4.612038749637));
#9211 = VECTOR('',#9212,1.);
#9212 = DIRECTION('',(1.,0.,0.));
#9213 = PCURVE('',#3260,#9214);
#9214 = DEFINITIONAL_REPRESENTATION('',(#9215),#9219);
#9215 = LINE('',#9216,#9217);
#9216 = CARTESIAN_POINT('',(214.93460783961,-45.));
#9217 = VECTOR('',#9218,1.);
#9218 = DIRECTION('',(0.,1.));
#9219 = ( GEOMETRIC_REPRESENTATION_CONTEXT(2) 
PARAMETRIC_REPRESENTATION_CONTEXT() REPRESENTATION_CONTEXT('2D SPACE',''
  ) );
#9220 = PCURVE('',#9221,#9226);
#9221 = PLANE('',#9222);
#9222 = AXIS2_PLACEMENT_3D('',#9223,#9224,#9225);
#9223 = CARTESIAN_POINT('',(0.,-66.,4.612038749637));
#9224 = DIRECTION('',(0.,1.,0.));
#9225 = DIRECTION('',(0.,-0.,1.));
#9226 = DEFINITIONAL_REPRESENTATION('',(#9227),#9231);
#9227 = LINE('',#9228,#9229);
#9228 = CARTESIAN_POINT('',(0.,-45.));
#9229 = VECTOR('',#9230,1.);
#9230 = DIRECTION('',(0.,1.));
#9231 = ( GEOMETRIC_REPRESENTATION_CONTEXT(2) 
PARAMETRIC_REPRESENTATION_CONTEXT() REPRESENTATION_CONTEXT('2D SPACE',''
  ) );
#9232 = ORIENTED_EDGE('',*,*,#9233,.F.);
#9233 = EDGE_CURVE('',#7566,#9206,#9234,.T.);
#9234 = SURFACE_CURVE('',#9235,(#9239,#9246),.PCURVE_S1.);
#9235 = LINE('',#9236,#9237);
#9236 = CARTESIAN_POINT('',(45.,143.93431457505,34.602655117502));
#9237 = VECTOR('',#9238,1.);
#9238 = DIRECTION('',(0.,-0.989949493661,-0.141421356237));
#9239 = PCURVE('',#3260,#9240);
#9240 = DEFINITIONAL_REPRESENTATION('',(#9241),#9245);
#9241 = LINE('',#9242,#9243);
#9242 = CARTESIAN_POINT('',(2.868925782798,45.));
#9243 = VECTOR('',#9244,1.);
#9244 = DIRECTION('',(1.,0.));
#9245 = ( GEOMETRIC_REPRESENTATION_CONTEXT(2) 
PARAMETRIC_REPRESENTATION_CONTEXT() REPRESENTATION_CONTEXT('2D SPACE',''
  ) );
#9246 = PCURVE('',#7582,#9247);
#9247 = DEFINITIONAL_REPRESENTATION('',(#9248),#9252);
#9248 = LINE('',#9249,#9250);
#9249 = CARTESIAN_POINT('',(-83.37122462739,-1.088021920566));
#9250 = VECTOR('',#9251,1.);
#9251 = DIRECTION('',(0.989949493661,-0.141421356237));
#9252 = ( GEOMETRIC_REPRESENTATION_CONTEXT(2) 
PARAMETRIC_REPRESENTATION_CONTEXT() REPRESENTATION_CONTEXT('2D SPACE',''
  ) );
#9253 = ORIENTED_EDGE('',*,*,#7593,.T.);
#9254 = ORIENTED_EDGE('',*,*,#7520,.F.);
#9255 = ORIENTED_EDGE('',*,*,#7493,.T.);
#9256 = ORIENTED_EDGE('',*,*,#7413,.F.);
#9257 = ORIENTED_EDGE('',*,*,#7364,.F.);
#9258 = ORIENTED_EDGE('',*,*,#7318,.F.);
#9259 = ORIENTED_EDGE('',*,*,#7251,.F.);
#9260 = ORIENTED_EDGE('',*,*,#9261,.F.);
#9261 = EDGE_CURVE('',#9262,#7229,#9264,.T.);
#9262 = VERTEX_POINT('',#9263);
#9263 = CARTESIAN_POINT('',(45.,10.8,15.583467321066));
#9264 = SURFACE_CURVE('',#9265,(#9269,#9276),.PCURVE_S1.);
#9265 = LINE('',#9266,#9267);
#9266 = CARTESIAN_POINT('',(45.,143.93431457505,34.602655117502));
#9267 = VECTOR('',#9268,1.);
#9268 = DIRECTION('',(0.,-0.989949493661,-0.141421356237));
#9269 = PCURVE('',#3260,#9270);
#9270 = DEFINITIONAL_REPRESENTATION('',(#9271),#9275);
#9271 = LINE('',#9272,#9273);
#9272 = CARTESIAN_POINT('',(2.868925782798,45.));
#9273 = VECTOR('',#9274,1.);
#9274 = DIRECTION('',(1.,0.));
#9275 = ( GEOMETRIC_REPRESENTATION_CONTEXT(2) 
PARAMETRIC_REPRESENTATION_CONTEXT() REPRESENTATION_CONTEXT('2D SPACE',''
  ) );
#9276 = PCURVE('',#7044,#9277);
#9277 = DEFINITIONAL_REPRESENTATION('',(#9278),#9282);
#9278 = LINE('',#9279,#9280);
#9279 = CARTESIAN_POINT('',(-83.37122462739,-1.088021920566));
#9280 = VECTOR('',#9281,1.);
#9281 = DIRECTION('',(0.989949493661,-0.141421356237));
#9282 = ( GEOMETRIC_REPRESENTATION_CONTEXT(2) 
PARAMETRIC_REPRESENTATION_CONTEXT() REPRESENTATION_CONTEXT('2D SPACE',''
  ) );
#9283 = ORIENTED_EDGE('',*,*,#9284,.T.);
#9284 = EDGE_CURVE('',#9262,#9285,#9287,.T.);
#9285 = VERTEX_POINT('',#9286);
#9286 = CARTESIAN_POINT('',(42.6,10.8,15.583467321066));
#9287 = SURFACE_CURVE('',#9288,(#9292,#9298),.PCURVE_S1.);
#9288 = LINE('',#9289,#9290);
#9289 = CARTESIAN_POINT('',(21.3,10.8,15.583467321066));
#9290 = VECTOR('',#9291,1.);
#9291 = DIRECTION('',(-1.,0.,0.));
#9292 = PCURVE('',#3260,#9293);
#9293 = DEFINITIONAL_REPRESENTATION('',(#9294),#9297);
#9294 = B_SPLINE_CURVE_WITH_KNOTS('',1,(#9295,#9296),.UNSPECIFIED.,.F.,
  .F.,(2,2),(-24.7,-21.3),.PIECEWISE_BEZIER_KNOTS.);
#9295 = CARTESIAN_POINT('',(137.354892418,46.));
#9296 = CARTESIAN_POINT('',(137.354892418,42.6));
#9297 = ( GEOMETRIC_REPRESENTATION_CONTEXT(2) 
PARAMETRIC_REPRESENTATION_CONTEXT() REPRESENTATION_CONTEXT('2D SPACE',''
  ) );
#9298 = PCURVE('',#9299,#9304);
#9299 = PLANE('',#9300);
#9300 = AXIS2_PLACEMENT_3D('',#9301,#9302,#9303);
#9301 = CARTESIAN_POINT('',(42.6,10.8,10.));
#9302 = DIRECTION('',(0.,1.,0.));
#9303 = DIRECTION('',(0.,0.,1.));
#9304 = DEFINITIONAL_REPRESENTATION('',(#9305),#9308);
#9305 = B_SPLINE_CURVE_WITH_KNOTS('',1,(#9306,#9307),.UNSPECIFIED.,.F.,
  .F.,(2,2),(-24.7,-21.3),.PIECEWISE_BEZIER_KNOTS.);
#9306 = CARTESIAN_POINT('',(5.583467321066,3.4));
#9307 = CARTESIAN_POINT('',(5.583467321066,0.));
#9308 = ( GEOMETRIC_REPRESENTATION_CONTEXT(2) 
PARAMETRIC_REPRESENTATION_CONTEXT() REPRESENTATION_CONTEXT('2D SPACE',''
  ) );
#9309 = ORIENTED_EDGE('',*,*,#9310,.T.);
#9310 = EDGE_CURVE('',#9285,#7083,#9311,.T.);
#9311 = SURFACE_CURVE('',#9312,(#9316,#9322),.PCURVE_S1.);
#9312 = LINE('',#9313,#9314);
#9313 = CARTESIAN_POINT('',(42.6,78.396360388067,25.240090233647));
#9314 = VECTOR('',#9315,1.);
#9315 = DIRECTION('',(-0.,0.989949493661,0.141421356237));
#9316 = PCURVE('',#3260,#9317);
#9317 = DEFINITIONAL_REPRESENTATION('',(#9318),#9321);
#9318 = B_SPLINE_CURVE_WITH_KNOTS('',1,(#9319,#9320),.UNSPECIFIED.,.F.,
  .F.,(2,2),(-68.28263544847,-56.96892694948),.PIECEWISE_BEZIER_KNOTS.);
#9319 = CARTESIAN_POINT('',(137.354892418,42.6));
#9320 = CARTESIAN_POINT('',(126.04118391901,42.6));
#9321 = ( GEOMETRIC_REPRESENTATION_CONTEXT(2) 
PARAMETRIC_REPRESENTATION_CONTEXT() REPRESENTATION_CONTEXT('2D SPACE',''
  ) );
#9322 = PCURVE('',#7098,#9323);
#9323 = DEFINITIONAL_REPRESENTATION('',(#9324),#9327);
#9324 = B_SPLINE_CURVE_WITH_KNOTS('',1,(#9325,#9326),.UNSPECIFIED.,.F.,
  .F.,(2,2),(-68.28263544847,-56.96892694948),.PIECEWISE_BEZIER_KNOTS.);
#9325 = CARTESIAN_POINT('',(5.583467321066,0.));
#9326 = CARTESIAN_POINT('',(7.183467321066,-11.2));
#9327 = ( GEOMETRIC_REPRESENTATION_CONTEXT(2) 
PARAMETRIC_REPRESENTATION_CONTEXT() REPRESENTATION_CONTEXT('2D SPACE',''
  ) );
#9328 = ORIENTED_EDGE('',*,*,#7110,.T.);
#9329 = ORIENTED_EDGE('',*,*,#7002,.F.);
#9330 = ORIENTED_EDGE('',*,*,#9331,.F.);
#9331 = EDGE_CURVE('',#9332,#6982,#9334,.T.);
#9332 = VERTEX_POINT('',#9333);
#9333 = CARTESIAN_POINT('',(45.,42.,20.040610178209));
#9334 = SURFACE_CURVE('',#9335,(#9339,#9346),.PCURVE_S1.);
#9335 = LINE('',#9336,#9337);
#9336 = CARTESIAN_POINT('',(20.25,42.,20.040610178209));
#9337 = VECTOR('',#9338,1.);
#9338 = DIRECTION('',(1.,0.,0.));
#9339 = PCURVE('',#3260,#9340);
#9340 = DEFINITIONAL_REPRESENTATION('',(#9341),#9345);
#9341 = LINE('',#9342,#9343);
#9342 = CARTESIAN_POINT('',(105.83813302797,20.25));
#9343 = VECTOR('',#9344,1.);
#9344 = DIRECTION('',(0.,1.));
#9345 = ( GEOMETRIC_REPRESENTATION_CONTEXT(2) 
PARAMETRIC_REPRESENTATION_CONTEXT() REPRESENTATION_CONTEXT('2D SPACE',''
  ) );
#9346 = PCURVE('',#3873,#9347);
#9347 = DEFINITIONAL_REPRESENTATION('',(#9348),#9351);
#9348 = B_SPLINE_CURVE_WITH_KNOTS('',1,(#9349,#9350),.UNSPECIFIED.,.F.,
  .F.,(2,2),(20.25,25.75),.PIECEWISE_BEZIER_KNOTS.);
#9349 = CARTESIAN_POINT('',(0.,-79.95938982179));
#9350 = CARTESIAN_POINT('',(5.5,-79.95938982179));
#9351 = ( GEOMETRIC_REPRESENTATION_CONTEXT(2) 
PARAMETRIC_REPRESENTATION_CONTEXT() REPRESENTATION_CONTEXT('2D SPACE',''
  ) );
#9352 = ORIENTED_EDGE('',*,*,#9353,.F.);
#9353 = EDGE_CURVE('',#9354,#9332,#9356,.T.);
#9354 = VERTEX_POINT('',#9355);
#9355 = CARTESIAN_POINT('',(45.,117.5,30.826324463923));
#9356 = SURFACE_CURVE('',#9357,(#9361,#9368),.PCURVE_S1.);
#9357 = LINE('',#9358,#9359);
#9358 = CARTESIAN_POINT('',(45.,143.93431457505,34.602655117502));
#9359 = VECTOR('',#9360,1.);
#9360 = DIRECTION('',(0.,-0.989949493661,-0.141421356237));
#9361 = PCURVE('',#3260,#9362);
#9362 = DEFINITIONAL_REPRESENTATION('',(#9363),#9367);
#9363 = LINE('',#9364,#9365);
#9364 = CARTESIAN_POINT('',(2.868925782798,45.));
#9365 = VECTOR('',#9366,1.);
#9366 = DIRECTION('',(1.,0.));
#9367 = ( GEOMETRIC_REPRESENTATION_CONTEXT(2) 
PARAMETRIC_REPRESENTATION_CONTEXT() REPRESENTATION_CONTEXT('2D SPACE',''
  ) );
#9368 = PCURVE('',#9369,#9374);
#9369 = PLANE('',#9370);
#9370 = AXIS2_PLACEMENT_3D('',#9371,#9372,#9373);
#9371 = CARTESIAN_POINT('',(45.,60.563089947655,35.690677038067));
#9372 = DIRECTION('',(-1.,-0.,-0.));
#9373 = DIRECTION('',(0.,-1.,0.));
#9374 = DEFINITIONAL_REPRESENTATION('',(#9375),#9379);
#9375 = LINE('',#9376,#9377);
#9376 = CARTESIAN_POINT('',(-83.37122462739,-1.088021920566));
#9377 = VECTOR('',#9378,1.);
#9378 = DIRECTION('',(0.989949493661,-0.141421356237));
#9379 = ( GEOMETRIC_REPRESENTATION_CONTEXT(2) 
PARAMETRIC_REPRESENTATION_CONTEXT() REPRESENTATION_CONTEXT('2D SPACE',''
  ) );
#9380 = ORIENTED_EDGE('',*,*,#9381,.T.);
#9381 = EDGE_CURVE('',#9354,#9382,#9384,.T.);
#9382 = VERTEX_POINT('',#9383);
#9383 = CARTESIAN_POINT('',(46.,117.5,30.826324463923));
#9384 = SURFACE_CURVE('',#9385,(#9389,#9396),.PCURVE_S1.);
#9385 = LINE('',#9386,#9387);
#9386 = CARTESIAN_POINT('',(14.75,117.5,30.826324463923));
#9387 = VECTOR('',#9388,1.);
#9388 = DIRECTION('',(1.,0.,0.));
#9389 = PCURVE('',#3260,#9390);
#9390 = DEFINITIONAL_REPRESENTATION('',(#9391),#9395);
#9391 = LINE('',#9392,#9393);
#9392 = CARTESIAN_POINT('',(29.571615914279,14.75));
#9393 = VECTOR('',#9394,1.);
#9394 = DIRECTION('',(0.,1.));
#9395 = ( GEOMETRIC_REPRESENTATION_CONTEXT(2) 
PARAMETRIC_REPRESENTATION_CONTEXT() REPRESENTATION_CONTEXT('2D SPACE',''
  ) );
#9396 = PCURVE('',#3821,#9397);
#9397 = DEFINITIONAL_REPRESENTATION('',(#9398),#9401);
#9398 = B_SPLINE_CURVE_WITH_KNOTS('',1,(#9399,#9400),.UNSPECIFIED.,.F.,
  .F.,(2,2),(14.75,31.25),.PIECEWISE_BEZIER_KNOTS.);
#9399 = CARTESIAN_POINT('',(0.,-69.17367553607));
#9400 = CARTESIAN_POINT('',(16.5,-69.17367553607));
#9401 = ( GEOMETRIC_REPRESENTATION_CONTEXT(2) 
PARAMETRIC_REPRESENTATION_CONTEXT() REPRESENTATION_CONTEXT('2D SPACE',''
  ) );
#9402 = ORIENTED_EDGE('',*,*,#9403,.F.);
#9403 = EDGE_CURVE('',#9404,#9382,#9406,.T.);
#9404 = VERTEX_POINT('',#9405);
#9405 = CARTESIAN_POINT('',(46.,132.5331993947,32.973924377452));
#9406 = SURFACE_CURVE('',#9407,(#9411,#9418),.PCURVE_S1.);
#9407 = LINE('',#9408,#9409);
#9408 = CARTESIAN_POINT('',(46.,143.93431457505,34.602655117502));
#9409 = VECTOR('',#9410,1.);
#9410 = DIRECTION('',(0.,-0.989949493661,-0.141421356237));
#9411 = PCURVE('',#3260,#9412);
#9412 = DEFINITIONAL_REPRESENTATION('',(#9413),#9417);
#9413 = LINE('',#9414,#9415);
#9414 = CARTESIAN_POINT('',(2.868925782798,46.));
#9415 = VECTOR('',#9416,1.);
#9416 = DIRECTION('',(1.,0.));
#9417 = ( GEOMETRIC_REPRESENTATION_CONTEXT(2) 
PARAMETRIC_REPRESENTATION_CONTEXT() REPRESENTATION_CONTEXT('2D SPACE',''
  ) );
#9418 = PCURVE('',#3795,#9419);
#9419 = DEFINITIONAL_REPRESENTATION('',(#9420),#9424);
#9420 = LINE('',#9421,#9422);
#9421 = CARTESIAN_POINT('',(-83.37122462739,-1.088021920566));
#9422 = VECTOR('',#9423,1.);
#9423 = DIRECTION('',(0.989949493661,-0.141421356237));
#9424 = ( GEOMETRIC_REPRESENTATION_CONTEXT(2) 
PARAMETRIC_REPRESENTATION_CONTEXT() REPRESENTATION_CONTEXT('2D SPACE',''
  ) );
#9425 = ORIENTED_EDGE('',*,*,#9426,.T.);
#9426 = EDGE_CURVE('',#9404,#9427,#9429,.T.);
#9427 = VERTEX_POINT('',#9428);
#9428 = CARTESIAN_POINT('',(42.,132.5331993947,32.973924377452));
#9429 = SURFACE_CURVE('',#9430,(#9434,#9441),.PCURVE_S1.);
#9430 = LINE('',#9431,#9432);
#9431 = CARTESIAN_POINT('',(21.,132.5331993947,32.973924377452));
#9432 = VECTOR('',#9433,1.);
#9433 = DIRECTION('',(-1.,0.,0.));
#9434 = PCURVE('',#3260,#9435);
#9435 = DEFINITIONAL_REPRESENTATION('',(#9436),#9440);
#9436 = LINE('',#9437,#9438);
#9437 = CARTESIAN_POINT('',(14.385791292958,21.));
#9438 = VECTOR('',#9439,1.);
#9439 = DIRECTION('',(-0.,-1.));
#9440 = ( GEOMETRIC_REPRESENTATION_CONTEXT(2) 
PARAMETRIC_REPRESENTATION_CONTEXT() REPRESENTATION_CONTEXT('2D SPACE',''
  ) );
#9441 = PCURVE('',#3769,#9442);
#9442 = DEFINITIONAL_REPRESENTATION('',(#9443),#9446);
#9443 = B_SPLINE_CURVE_WITH_KNOTS('',1,(#9444,#9445),.UNSPECIFIED.,.F.,
  .F.,(2,2),(-25.,-21.),.PIECEWISE_BEZIER_KNOTS.);
#9444 = CARTESIAN_POINT('',(45.910648079203,4.));
#9445 = CARTESIAN_POINT('',(45.910648079203,0.));
#9446 = ( GEOMETRIC_REPRESENTATION_CONTEXT(2) 
PARAMETRIC_REPRESENTATION_CONTEXT() REPRESENTATION_CONTEXT('2D SPACE',''
  ) );
#9447 = ORIENTED_EDGE('',*,*,#9448,.F.);
#9448 = EDGE_CURVE('',#9449,#9427,#9451,.T.);
#9449 = VERTEX_POINT('',#9450);
#9450 = CARTESIAN_POINT('',(42.,142.49766191422,34.397419023098));
#9451 = SURFACE_CURVE('',#9452,(#9457,#9464),.PCURVE_S1.);
#9452 = ELLIPSE('',#9453,5.032813584593,5.);
#9453 = AXIS2_PLACEMENT_3D('',#9454,#9455,#9456);
#9454 = CARTESIAN_POINT('',(42.,137.51543065446,33.685671700275));
#9455 = DIRECTION('',(0.,-0.141421356237,0.989949493661));
#9456 = DIRECTION('',(0.,-0.989949493661,-0.141421356237));
#9457 = PCURVE('',#3260,#9458);
#9458 = DEFINITIONAL_REPRESENTATION('',(#9459),#9463);
#9459 = ELLIPSE('',#9460,5.032813584593,5.);
#9460 = AXIS2_PLACEMENT_2D('',#9461,#9462);
#9461 = CARTESIAN_POINT('',(9.352977708365,42.));
#9462 = DIRECTION('',(1.,0.));
#9463 = ( GEOMETRIC_REPRESENTATION_CONTEXT(2) 
PARAMETRIC_REPRESENTATION_CONTEXT() REPRESENTATION_CONTEXT('2D SPACE',''
  ) );
#9464 = PCURVE('',#3742,#9465);
#9465 = DEFINITIONAL_REPRESENTATION('',(#9466),#9481);
#9466 = B_SPLINE_CURVE_WITH_KNOTS('',7,(#9467,#9468,#9469,#9470,#9471,
    #9472,#9473,#9474,#9475,#9476,#9477,#9478,#9479,#9480),
  .UNSPECIFIED.,.F.,.F.,(8,6,8),(3.14159265359,4.712388980385,
    6.28318530718),.UNSPECIFIED.);
#9467 = CARTESIAN_POINT('',(1.570796326795,44.763107095597));
#9468 = CARTESIAN_POINT('',(1.795195802051,44.763107095597));
#9469 = CARTESIAN_POINT('',(2.019595277308,44.796815350372));
#9470 = CARTESIAN_POINT('',(2.243994752562,44.864226969992));
#9471 = CARTESIAN_POINT('',(2.468394227822,44.961203179169));
#9472 = CARTESIAN_POINT('',(2.692793703076,45.079370515658));
#9473 = CARTESIAN_POINT('',(2.917193178333,45.208123790122));
#9474 = CARTESIAN_POINT('',(3.365992128846,45.465631384678));
#9475 = CARTESIAN_POINT('',(3.590391604102,45.594384659133));
#9476 = CARTESIAN_POINT('',(3.814791079361,45.712551995661));
#9477 = CARTESIAN_POINT('',(4.039190554613,45.809528204787));
#9478 = CARTESIAN_POINT('',(4.263590029873,45.876939824435));
#9479 = CARTESIAN_POINT('',(4.487989505128,45.910648079203));
#9480 = CARTESIAN_POINT('',(4.712388980385,45.910648079203));
#9481 = ( GEOMETRIC_REPRESENTATION_CONTEXT(2) 
PARAMETRIC_REPRESENTATION_CONTEXT() REPRESENTATION_CONTEXT('2D SPACE',''
  ) );
#9482 = ORIENTED_EDGE('',*,*,#9483,.F.);
#9483 = EDGE_CURVE('',#3608,#9449,#9484,.T.);
#9484 = SURFACE_CURVE('',#9485,(#9489,#9496),.PCURVE_S1.);
#9485 = LINE('',#9486,#9487);
#9486 = CARTESIAN_POINT('',(21.,142.49766191422,34.397419023098));
#9487 = VECTOR('',#9488,1.);
#9488 = DIRECTION('',(-1.,0.,0.));
#9489 = PCURVE('',#3260,#9490);
#9490 = DEFINITIONAL_REPRESENTATION('',(#9491),#9495);
#9491 = LINE('',#9492,#9493);
#9492 = CARTESIAN_POINT('',(4.320164123772,21.));
#9493 = VECTOR('',#9494,1.);
#9494 = DIRECTION('',(-0.,-1.));
#9495 = ( GEOMETRIC_REPRESENTATION_CONTEXT(2) 
PARAMETRIC_REPRESENTATION_CONTEXT() REPRESENTATION_CONTEXT('2D SPACE',''
  ) );
#9496 = PCURVE('',#3645,#9497);
#9497 = DEFINITIONAL_REPRESENTATION('',(#9498),#9501);
#9498 = B_SPLINE_CURVE_WITH_KNOTS('',1,(#9499,#9500),.UNSPECIFIED.,.F.,
  .F.,(2,2),(-25.,-21.),.PIECEWISE_BEZIER_KNOTS.);
#9499 = CARTESIAN_POINT('',(44.763107095597,4.));
#9500 = CARTESIAN_POINT('',(44.763107095597,0.));
#9501 = ( GEOMETRIC_REPRESENTATION_CONTEXT(2) 
PARAMETRIC_REPRESENTATION_CONTEXT() REPRESENTATION_CONTEXT('2D SPACE',''
  ) );
#9502 = FACE_BOUND('',#9503,.T.);
#9503 = EDGE_LOOP('',(#9504,#9534,#9562,#9590));
#9504 = ORIENTED_EDGE('',*,*,#9505,.F.);
#9505 = EDGE_CURVE('',#9506,#9508,#9510,.T.);
#9506 = VERTEX_POINT('',#9507);
#9507 = CARTESIAN_POINT('',(-35.7,64.795729894029,23.297143020213));
#9508 = VERTEX_POINT('',#9509);
#9509 = CARTESIAN_POINT('',(35.7,64.795729894029,23.297143020213));
#9510 = SURFACE_CURVE('',#9511,(#9515,#9522),.PCURVE_S1.);
#9511 = LINE('',#9512,#9513);
#9512 = CARTESIAN_POINT('',(0.,64.795729894029,23.297143020213));
#9513 = VECTOR('',#9514,1.);
#9514 = DIRECTION('',(1.,0.,0.));
#9515 = PCURVE('',#3260,#9516);
#9516 = DEFINITIONAL_REPRESENTATION('',(#9517),#9521);
#9517 = LINE('',#9518,#9519);
#9518 = CARTESIAN_POINT('',(82.810968470593,0.));
#9519 = VECTOR('',#9520,1.);
#9520 = DIRECTION('',(0.,1.));
#9521 = ( GEOMETRIC_REPRESENTATION_CONTEXT(2) 
PARAMETRIC_REPRESENTATION_CONTEXT() REPRESENTATION_CONTEXT('2D SPACE',''
  ) );
#9522 = PCURVE('',#9523,#9528);
#9523 = PLANE('',#9524);
#9524 = AXIS2_PLACEMENT_3D('',#9525,#9526,#9527);
#9525 = CARTESIAN_POINT('',(-35.7,64.795729894029,23.297143020213));
#9526 = DIRECTION('',(-0.,0.989949493661,0.141421356237));
#9527 = DIRECTION('',(1.,0.,0.));
#9528 = DEFINITIONAL_REPRESENTATION('',(#9529),#9533);
#9529 = LINE('',#9530,#9531);
#9530 = CARTESIAN_POINT('',(35.7,0.));
#9531 = VECTOR('',#9532,1.);
#9532 = DIRECTION('',(1.,0.));
#9533 = ( GEOMETRIC_REPRESENTATION_CONTEXT(2) 
PARAMETRIC_REPRESENTATION_CONTEXT() REPRESENTATION_CONTEXT('2D SPACE',''
  ) );
#9534 = ORIENTED_EDGE('',*,*,#9535,.T.);
#9535 = EDGE_CURVE('',#9506,#9536,#9538,.T.);
#9536 = VERTEX_POINT('',#9537);
#9537 = CARTESIAN_POINT('',(-35.7,140.97234343125,34.179516382674));
#9538 = SURFACE_CURVE('',#9539,(#9543,#9550),.PCURVE_S1.);
#9539 = LINE('',#9540,#9541);
#9540 = CARTESIAN_POINT('',(-35.7,102.88403666264,28.738329701444));
#9541 = VECTOR('',#9542,1.);
#9542 = DIRECTION('',(0.,0.989949493661,0.141421356237));
#9543 = PCURVE('',#3260,#9544);
#9544 = DEFINITIONAL_REPRESENTATION('',(#9545),#9549);
#9545 = LINE('',#9546,#9547);
#9546 = CARTESIAN_POINT('',(44.335968470593,-35.7));
#9547 = VECTOR('',#9548,1.);
#9548 = DIRECTION('',(-1.,0.));
#9549 = ( GEOMETRIC_REPRESENTATION_CONTEXT(2) 
PARAMETRIC_REPRESENTATION_CONTEXT() REPRESENTATION_CONTEXT('2D SPACE',''
  ) );
#9550 = PCURVE('',#9551,#9556);
#9551 = PLANE('',#9552);
#9552 = AXIS2_PLACEMENT_3D('',#9553,#9554,#9555);
#9553 = CARTESIAN_POINT('',(-35.7,64.795729894029,23.297143020213));
#9554 = DIRECTION('',(-1.,0.,0.));
#9555 = DIRECTION('',(0.,0.989949493661,0.141421356237));
#9556 = DEFINITIONAL_REPRESENTATION('',(#9557),#9561);
#9557 = LINE('',#9558,#9559);
#9558 = CARTESIAN_POINT('',(38.475,-1.7763568394E-15));
#9559 = VECTOR('',#9560,1.);
#9560 = DIRECTION('',(1.,0.));
#9561 = ( GEOMETRIC_REPRESENTATION_CONTEXT(2) 
PARAMETRIC_REPRESENTATION_CONTEXT() REPRESENTATION_CONTEXT('2D SPACE',''
  ) );
#9562 = ORIENTED_EDGE('',*,*,#9563,.T.);
#9563 = EDGE_CURVE('',#9536,#9564,#9566,.T.);
#9564 = VERTEX_POINT('',#9565);
#9565 = CARTESIAN_POINT('',(35.7,140.97234343125,34.179516382674));
#9566 = SURFACE_CURVE('',#9567,(#9571,#9578),.PCURVE_S1.);
#9567 = LINE('',#9568,#9569);
#9568 = CARTESIAN_POINT('',(0.,140.97234343125,34.179516382674));
#9569 = VECTOR('',#9570,1.);
#9570 = DIRECTION('',(1.,0.,0.));
#9571 = PCURVE('',#3260,#9572);
#9572 = DEFINITIONAL_REPRESENTATION('',(#9573),#9577);
#9573 = LINE('',#9574,#9575);
#9574 = CARTESIAN_POINT('',(5.860968470593,0.));
#9575 = VECTOR('',#9576,1.);
#9576 = DIRECTION('',(0.,1.));
#9577 = ( GEOMETRIC_REPRESENTATION_CONTEXT(2) 
PARAMETRIC_REPRESENTATION_CONTEXT() REPRESENTATION_CONTEXT('2D SPACE',''
  ) );
#9578 = PCURVE('',#9579,#9584);
#9579 = PLANE('',#9580);
#9580 = AXIS2_PLACEMENT_3D('',#9581,#9582,#9583);
#9581 = CARTESIAN_POINT('',(-35.7,140.97234343125,34.179516382674));
#9582 = DIRECTION('',(-0.,0.989949493661,0.141421356237));
#9583 = DIRECTION('',(1.,0.,0.));
#9584 = DEFINITIONAL_REPRESENTATION('',(#9585),#9589);
#9585 = LINE('',#9586,#9587);
#9586 = CARTESIAN_POINT('',(35.7,0.));
#9587 = VECTOR('',#9588,1.);
#9588 = DIRECTION('',(1.,0.));
#9589 = ( GEOMETRIC_REPRESENTATION_CONTEXT(2) 
PARAMETRIC_REPRESENTATION_CONTEXT() REPRESENTATION_CONTEXT('2D SPACE',''
  ) );
#9590 = ORIENTED_EDGE('',*,*,#9591,.F.);
#9591 = EDGE_CURVE('',#9508,#9564,#9592,.T.);
#9592 = SURFACE_CURVE('',#9593,(#9597,#9604),.PCURVE_S1.);
#9593 = LINE('',#9594,#9595);
#9594 = CARTESIAN_POINT('',(35.7,102.88403666264,28.738329701444));
#9595 = VECTOR('',#9596,1.);
#9596 = DIRECTION('',(0.,0.989949493661,0.141421356237));
#9597 = PCURVE('',#3260,#9598);
#9598 = DEFINITIONAL_REPRESENTATION('',(#9599),#9603);
#9599 = LINE('',#9600,#9601);
#9600 = CARTESIAN_POINT('',(44.335968470593,35.7));
#9601 = VECTOR('',#9602,1.);
#9602 = DIRECTION('',(-1.,0.));
#9603 = ( GEOMETRIC_REPRESENTATION_CONTEXT(2) 
PARAMETRIC_REPRESENTATION_CONTEXT() REPRESENTATION_CONTEXT('2D SPACE',''
  ) );
#9604 = PCURVE('',#9605,#9610);
#9605 = PLANE('',#9606);
#9606 = AXIS2_PLACEMENT_3D('',#9607,#9608,#9609);
#9607 = CARTESIAN_POINT('',(35.7,64.795729894029,23.297143020213));
#9608 = DIRECTION('',(-1.,0.,0.));
#9609 = DIRECTION('',(0.,0.989949493661,0.141421356237));
#9610 = DEFINITIONAL_REPRESENTATION('',(#9611),#9615);
#9611 = LINE('',#9612,#9613);
#9612 = CARTESIAN_POINT('',(38.475,-1.7763568394E-15));
#9613 = VECTOR('',#9614,1.);
#9614 = DIRECTION('',(1.,0.));
#9615 = ( GEOMETRIC_REPRESENTATION_CONTEXT(2) 
PARAMETRIC_REPRESENTATION_CONTEXT() REPRESENTATION_CONTEXT('2D SPACE',''
  ) );
#9616 = FACE_BOUND('',#9617,.T.);
#9617 = EDGE_LOOP('',(#9618));
#9618 = ORIENTED_EDGE('',*,*,#9619,.F.);
#9619 = EDGE_CURVE('',#9620,#9620,#9622,.T.);
#9620 = VERTEX_POINT('',#9621);
#9621 = CARTESIAN_POINT('',(-9.25,58.831284194721,22.445079348883));
#9622 = SURFACE_CURVE('',#9623,(#9628,#9635),.PCURVE_S1.);
#9623 = CIRCLE('',#9624,2.75);
#9624 = AXIS2_PLACEMENT_3D('',#9625,#9626,#9627);
#9625 = CARTESIAN_POINT('',(-12.,58.831284194721,22.445079348883));
#9626 = DIRECTION('',(0.,-0.141421356237,0.989949493661));
#9627 = DIRECTION('',(1.,0.,0.));
#9628 = PCURVE('',#3260,#9629);
#9629 = DEFINITIONAL_REPRESENTATION('',(#9630),#9634);
#9630 = CIRCLE('',#9631,2.75);
#9631 = AXIS2_PLACEMENT_2D('',#9632,#9633);
#9632 = CARTESIAN_POINT('',(88.835968470593,-12.));
#9633 = DIRECTION('',(0.,1.));
#9634 = ( GEOMETRIC_REPRESENTATION_CONTEXT(2) 
PARAMETRIC_REPRESENTATION_CONTEXT() REPRESENTATION_CONTEXT('2D SPACE',''
  ) );
#9635 = PCURVE('',#9636,#9641);
#9636 = CYLINDRICAL_SURFACE('',#9637,2.75);
#9637 = AXIS2_PLACEMENT_3D('',#9638,#9639,#9640);
#9638 = CARTESIAN_POINT('',(-12.,58.831284194721,22.445079348883));
#9639 = DIRECTION('',(-0.,0.141421356237,-0.989949493661));
#9640 = DIRECTION('',(1.,0.,0.));
#9641 = DEFINITIONAL_REPRESENTATION('',(#9642),#9646);
#9642 = LINE('',#9643,#9644);
#9643 = CARTESIAN_POINT('',(-0.,0.));
#9644 = VECTOR('',#9645,1.);
#9645 = DIRECTION('',(-1.,0.));
#9646 = ( GEOMETRIC_REPRESENTATION_CONTEXT(2) 
PARAMETRIC_REPRESENTATION_CONTEXT() REPRESENTATION_CONTEXT('2D SPACE',''
  ) );
#9647 = FACE_BOUND('',#9648,.T.);
#9648 = EDGE_LOOP('',(#9649));
#9649 = ORIENTED_EDGE('',*,*,#9650,.F.);
#9650 = EDGE_CURVE('',#9651,#9651,#9653,.T.);
#9651 = VERTEX_POINT('',#9652);
#9652 = CARTESIAN_POINT('',(-9.25,35.072496346853,19.050966799188));
#9653 = SURFACE_CURVE('',#9654,(#9659,#9666),.PCURVE_S1.);
#9654 = CIRCLE('',#9655,2.75);
#9655 = AXIS2_PLACEMENT_3D('',#9656,#9657,#9658);
#9656 = CARTESIAN_POINT('',(-12.,35.072496346853,19.050966799188));
#9657 = DIRECTION('',(0.,-0.141421356237,0.989949493661));
#9658 = DIRECTION('',(1.,0.,0.));
#9659 = PCURVE('',#3260,#9660);
#9660 = DEFINITIONAL_REPRESENTATION('',(#9661),#9665);
#9661 = CIRCLE('',#9662,2.75);
#9662 = AXIS2_PLACEMENT_2D('',#9663,#9664);
#9663 = CARTESIAN_POINT('',(112.83596847059,-12.));
#9664 = DIRECTION('',(0.,1.));
#9665 = ( GEOMETRIC_REPRESENTATION_CONTEXT(2) 
PARAMETRIC_REPRESENTATION_CONTEXT() REPRESENTATION_CONTEXT('2D SPACE',''
  ) );
#9666 = PCURVE('',#9667,#9672);
#9667 = CYLINDRICAL_SURFACE('',#9668,2.75);
#9668 = AXIS2_PLACEMENT_3D('',#9669,#9670,#9671);
#9669 = CARTESIAN_POINT('',(-12.,35.072496346853,19.050966799188));
#9670 = DIRECTION('',(-0.,0.141421356237,-0.989949493661));
#9671 = DIRECTION('',(1.,0.,0.));
#9672 = DEFINITIONAL_REPRESENTATION('',(#9673),#9677);
#9673 = LINE('',#9674,#9675);
#9674 = CARTESIAN_POINT('',(-0.,0.));
#9675 = VECTOR('',#9676,1.);
#9676 = DIRECTION('',(-1.,0.));
#9677 = ( GEOMETRIC_REPRESENTATION_CONTEXT(2) 
PARAMETRIC_REPRESENTATION_CONTEXT() REPRESENTATION_CONTEXT('2D SPACE',''
  ) );
#9678 = FACE_BOUND('',#9679,.T.);
#9679 = EDGE_LOOP('',(#9680,#9705,#9728,#9751));
#9680 = ORIENTED_EDGE('',*,*,#9681,.F.);
#9681 = EDGE_CURVE('',#9682,#9684,#9686,.T.);
#9682 = VERTEX_POINT('',#9683);
#9683 = CARTESIAN_POINT('',(-7.944271909999,53.782541777049,
    21.723830432073));
#9684 = VERTEX_POINT('',#9685);
#9685 = CARTESIAN_POINT('',(7.944271909999,53.782541777049,
    21.723830432073));
#9686 = SURFACE_CURVE('',#9687,(#9691,#9698),.PCURVE_S1.);
#9687 = LINE('',#9688,#9689);
#9688 = CARTESIAN_POINT('',(0.,53.782541777049,21.723830432073));
#9689 = VECTOR('',#9690,1.);
#9690 = DIRECTION('',(1.,0.,0.));
#9691 = PCURVE('',#3260,#9692);
#9692 = DEFINITIONAL_REPRESENTATION('',(#9693),#9697);
#9693 = LINE('',#9694,#9695);
#9694 = CARTESIAN_POINT('',(93.935968470593,0.));
#9695 = VECTOR('',#9696,1.);
#9696 = DIRECTION('',(0.,1.));
#9697 = ( GEOMETRIC_REPRESENTATION_CONTEXT(2) 
PARAMETRIC_REPRESENTATION_CONTEXT() REPRESENTATION_CONTEXT('2D SPACE',''
  ) );
#9698 = PCURVE('',#5031,#9699);
#9699 = DEFINITIONAL_REPRESENTATION('',(#9700),#9704);
#9700 = LINE('',#9701,#9702);
#9701 = CARTESIAN_POINT('',(7.944271909999,0.));
#9702 = VECTOR('',#9703,1.);
#9703 = DIRECTION('',(1.,0.));
#9704 = ( GEOMETRIC_REPRESENTATION_CONTEXT(2) 
PARAMETRIC_REPRESENTATION_CONTEXT() REPRESENTATION_CONTEXT('2D SPACE',''
  ) );
#9705 = ORIENTED_EDGE('',*,*,#9706,.T.);
#9706 = EDGE_CURVE('',#9682,#9707,#9709,.T.);
#9707 = VERTEX_POINT('',#9708);
#9708 = CARTESIAN_POINT('',(-7.944271909999,55.960430663103,
    22.034957415795));
#9709 = SURFACE_CURVE('',#9710,(#9714,#9721),.PCURVE_S1.);
#9710 = LINE('',#9711,#9712);
#9711 = CARTESIAN_POINT('',(-7.944271909999,54.871486220076,
    21.879393923934));
#9712 = VECTOR('',#9713,1.);
#9713 = DIRECTION('',(0.,0.989949493661,0.141421356237));
#9714 = PCURVE('',#3260,#9715);
#9715 = DEFINITIONAL_REPRESENTATION('',(#9716),#9720);
#9716 = LINE('',#9717,#9718);
#9717 = CARTESIAN_POINT('',(92.835968470593,-7.944271909999));
#9718 = VECTOR('',#9719,1.);
#9719 = DIRECTION('',(-1.,0.));
#9720 = ( GEOMETRIC_REPRESENTATION_CONTEXT(2) 
PARAMETRIC_REPRESENTATION_CONTEXT() REPRESENTATION_CONTEXT('2D SPACE',''
  ) );
#9721 = PCURVE('',#5057,#9722);
#9722 = DEFINITIONAL_REPRESENTATION('',(#9723),#9727);
#9723 = LINE('',#9724,#9725);
#9724 = CARTESIAN_POINT('',(1.1,1.52655665886E-15));
#9725 = VECTOR('',#9726,1.);
#9726 = DIRECTION('',(1.,0.));
#9727 = ( GEOMETRIC_REPRESENTATION_CONTEXT(2) 
PARAMETRIC_REPRESENTATION_CONTEXT() REPRESENTATION_CONTEXT('2D SPACE',''
  ) );
#9728 = ORIENTED_EDGE('',*,*,#9729,.T.);
#9729 = EDGE_CURVE('',#9707,#9730,#9732,.T.);
#9730 = VERTEX_POINT('',#9731);
#9731 = CARTESIAN_POINT('',(7.944271909999,55.960430663103,
    22.034957415795));
#9732 = SURFACE_CURVE('',#9733,(#9737,#9744),.PCURVE_S1.);
#9733 = LINE('',#9734,#9735);
#9734 = CARTESIAN_POINT('',(0.,55.960430663103,22.034957415795));
#9735 = VECTOR('',#9736,1.);
#9736 = DIRECTION('',(1.,0.,0.));
#9737 = PCURVE('',#3260,#9738);
#9738 = DEFINITIONAL_REPRESENTATION('',(#9739),#9743);
#9739 = LINE('',#9740,#9741);
#9740 = CARTESIAN_POINT('',(91.735968470593,0.));
#9741 = VECTOR('',#9742,1.);
#9742 = DIRECTION('',(0.,1.));
#9743 = ( GEOMETRIC_REPRESENTATION_CONTEXT(2) 
PARAMETRIC_REPRESENTATION_CONTEXT() REPRESENTATION_CONTEXT('2D SPACE',''
  ) );
#9744 = PCURVE('',#5083,#9745);
#9745 = DEFINITIONAL_REPRESENTATION('',(#9746),#9750);
#9746 = LINE('',#9747,#9748);
#9747 = CARTESIAN_POINT('',(7.944271909999,0.));
#9748 = VECTOR('',#9749,1.);
#9749 = DIRECTION('',(1.,0.));
#9750 = ( GEOMETRIC_REPRESENTATION_CONTEXT(2) 
PARAMETRIC_REPRESENTATION_CONTEXT() REPRESENTATION_CONTEXT('2D SPACE',''
  ) );
#9751 = ORIENTED_EDGE('',*,*,#9752,.F.);
#9752 = EDGE_CURVE('',#9684,#9730,#9753,.T.);
#9753 = SURFACE_CURVE('',#9754,(#9758,#9765),.PCURVE_S1.);
#9754 = LINE('',#9755,#9756);
#9755 = CARTESIAN_POINT('',(7.944271909999,54.871486220076,
    21.879393923934));
#9756 = VECTOR('',#9757,1.);
#9757 = DIRECTION('',(0.,0.989949493661,0.141421356237));
#9758 = PCURVE('',#3260,#9759);
#9759 = DEFINITIONAL_REPRESENTATION('',(#9760),#9764);
#9760 = LINE('',#9761,#9762);
#9761 = CARTESIAN_POINT('',(92.835968470593,7.944271909999));
#9762 = VECTOR('',#9763,1.);
#9763 = DIRECTION('',(-1.,0.));
#9764 = ( GEOMETRIC_REPRESENTATION_CONTEXT(2) 
PARAMETRIC_REPRESENTATION_CONTEXT() REPRESENTATION_CONTEXT('2D SPACE',''
  ) );
#9765 = PCURVE('',#5107,#9766);
#9766 = DEFINITIONAL_REPRESENTATION('',(#9767),#9771);
#9767 = LINE('',#9768,#9769);
#9768 = CARTESIAN_POINT('',(1.1,1.52655665886E-15));
#9769 = VECTOR('',#9770,1.);
#9770 = DIRECTION('',(1.,0.));
#9771 = ( GEOMETRIC_REPRESENTATION_CONTEXT(2) 
PARAMETRIC_REPRESENTATION_CONTEXT() REPRESENTATION_CONTEXT('2D SPACE',''
  ) );
#9772 = FACE_BOUND('',#9773,.T.);
#9773 = EDGE_LOOP('',(#9774,#9799,#9822,#9845));
#9774 = ORIENTED_EDGE('',*,*,#9775,.F.);
#9775 = EDGE_CURVE('',#9776,#9778,#9780,.T.);
#9776 = VERTEX_POINT('',#9777);
#9777 = CARTESIAN_POINT('',(-10.31370849898,49.822743802404,
    21.158145007124));
#9778 = VERTEX_POINT('',#9779);
#9779 = CARTESIAN_POINT('',(10.313708498985,49.822743802404,
    21.158145007124));
#9780 = SURFACE_CURVE('',#9781,(#9785,#9792),.PCURVE_S1.);
#9781 = LINE('',#9782,#9783);
#9782 = CARTESIAN_POINT('',(0.,49.822743802404,21.158145007124));
#9783 = VECTOR('',#9784,1.);
#9784 = DIRECTION('',(1.,0.,0.));
#9785 = PCURVE('',#3260,#9786);
#9786 = DEFINITIONAL_REPRESENTATION('',(#9787),#9791);
#9787 = LINE('',#9788,#9789);
#9788 = CARTESIAN_POINT('',(97.935968470593,0.));
#9789 = VECTOR('',#9790,1.);
#9790 = DIRECTION('',(0.,1.));
#9791 = ( GEOMETRIC_REPRESENTATION_CONTEXT(2) 
PARAMETRIC_REPRESENTATION_CONTEXT() REPRESENTATION_CONTEXT('2D SPACE',''
  ) );
#9792 = PCURVE('',#5137,#9793);
#9793 = DEFINITIONAL_REPRESENTATION('',(#9794),#9798);
#9794 = LINE('',#9795,#9796);
#9795 = CARTESIAN_POINT('',(10.313708498985,0.));
#9796 = VECTOR('',#9797,1.);
#9797 = DIRECTION('',(1.,0.));
#9798 = ( GEOMETRIC_REPRESENTATION_CONTEXT(2) 
PARAMETRIC_REPRESENTATION_CONTEXT() REPRESENTATION_CONTEXT('2D SPACE',''
  ) );
#9799 = ORIENTED_EDGE('',*,*,#9800,.T.);
#9800 = EDGE_CURVE('',#9776,#9801,#9803,.T.);
#9801 = VERTEX_POINT('',#9802);
#9802 = CARTESIAN_POINT('',(-10.31370849898,52.000632688459,
    21.469271990846));
#9803 = SURFACE_CURVE('',#9804,(#9808,#9815),.PCURVE_S1.);
#9804 = LINE('',#9805,#9806);
#9805 = CARTESIAN_POINT('',(-10.31370849898,50.911688245431,
    21.313708498985));
#9806 = VECTOR('',#9807,1.);
#9807 = DIRECTION('',(0.,0.989949493661,0.141421356237));
#9808 = PCURVE('',#3260,#9809);
#9809 = DEFINITIONAL_REPRESENTATION('',(#9810),#9814);
#9810 = LINE('',#9811,#9812);
#9811 = CARTESIAN_POINT('',(96.835968470593,-10.31370849898));
#9812 = VECTOR('',#9813,1.);
#9813 = DIRECTION('',(-1.,0.));
#9814 = ( GEOMETRIC_REPRESENTATION_CONTEXT(2) 
PARAMETRIC_REPRESENTATION_CONTEXT() REPRESENTATION_CONTEXT('2D SPACE',''
  ) );
#9815 = PCURVE('',#5163,#9816);
#9816 = DEFINITIONAL_REPRESENTATION('',(#9817),#9821);
#9817 = LINE('',#9818,#9819);
#9818 = CARTESIAN_POINT('',(1.1,1.52655665886E-15));
#9819 = VECTOR('',#9820,1.);
#9820 = DIRECTION('',(1.,0.));
#9821 = ( GEOMETRIC_REPRESENTATION_CONTEXT(2) 
PARAMETRIC_REPRESENTATION_CONTEXT() REPRESENTATION_CONTEXT('2D SPACE',''
  ) );
#9822 = ORIENTED_EDGE('',*,*,#9823,.T.);
#9823 = EDGE_CURVE('',#9801,#9824,#9826,.T.);
#9824 = VERTEX_POINT('',#9825);
#9825 = CARTESIAN_POINT('',(10.313708498985,52.000632688459,
    21.469271990846));
#9826 = SURFACE_CURVE('',#9827,(#9831,#9838),.PCURVE_S1.);
#9827 = LINE('',#9828,#9829);
#9828 = CARTESIAN_POINT('',(0.,52.000632688459,21.469271990846));
#9829 = VECTOR('',#9830,1.);
#9830 = DIRECTION('',(1.,0.,0.));
#9831 = PCURVE('',#3260,#9832);
#9832 = DEFINITIONAL_REPRESENTATION('',(#9833),#9837);
#9833 = LINE('',#9834,#9835);
#9834 = CARTESIAN_POINT('',(95.735968470593,0.));
#9835 = VECTOR('',#9836,1.);
#9836 = DIRECTION('',(0.,1.));
#9837 = ( GEOMETRIC_REPRESENTATION_CONTEXT(2) 
PARAMETRIC_REPRESENTATION_CONTEXT() REPRESENTATION_CONTEXT('2D SPACE',''
  ) );
#9838 = PCURVE('',#5189,#9839);
#9839 = DEFINITIONAL_REPRESENTATION('',(#9840),#9844);
#9840 = LINE('',#9841,#9842);
#9841 = CARTESIAN_POINT('',(10.313708498985,0.));
#9842 = VECTOR('',#9843,1.);
#9843 = DIRECTION('',(1.,0.));
#9844 = ( GEOMETRIC_REPRESENTATION_CONTEXT(2) 
PARAMETRIC_REPRESENTATION_CONTEXT() REPRESENTATION_CONTEXT('2D SPACE',''
  ) );
#9845 = ORIENTED_EDGE('',*,*,#9846,.F.);
#9846 = EDGE_CURVE('',#9778,#9824,#9847,.T.);
#9847 = SURFACE_CURVE('',#9848,(#9852,#9859),.PCURVE_S1.);
#9848 = LINE('',#9849,#9850);
#9849 = CARTESIAN_POINT('',(10.313708498985,50.911688245431,
    21.313708498985));
#9850 = VECTOR('',#9851,1.);
#9851 = DIRECTION('',(0.,0.989949493661,0.141421356237));
#9852 = PCURVE('',#3260,#9853);
#9853 = DEFINITIONAL_REPRESENTATION('',(#9854),#9858);
#9854 = LINE('',#9855,#9856);
#9855 = CARTESIAN_POINT('',(96.835968470593,10.313708498985));
#9856 = VECTOR('',#9857,1.);
#9857 = DIRECTION('',(-1.,0.));
#9858 = ( GEOMETRIC_REPRESENTATION_CONTEXT(2) 
PARAMETRIC_REPRESENTATION_CONTEXT() REPRESENTATION_CONTEXT('2D SPACE',''
  ) );
#9859 = PCURVE('',#5213,#9860);
#9860 = DEFINITIONAL_REPRESENTATION('',(#9861),#9865);
#9861 = LINE('',#9862,#9863);
#9862 = CARTESIAN_POINT('',(1.1,1.52655665886E-15));
#9863 = VECTOR('',#9864,1.);
#9864 = DIRECTION('',(1.,0.));
#9865 = ( GEOMETRIC_REPRESENTATION_CONTEXT(2) 
PARAMETRIC_REPRESENTATION_CONTEXT() REPRESENTATION_CONTEXT('2D SPACE',''
  ) );
#9866 = FACE_BOUND('',#9867,.T.);
#9867 = EDGE_LOOP('',(#9868,#9893,#9916,#9939));
#9868 = ORIENTED_EDGE('',*,*,#9869,.F.);
#9869 = EDGE_CURVE('',#9870,#9872,#9874,.T.);
#9870 = VERTEX_POINT('',#9871);
#9871 = CARTESIAN_POINT('',(-11.,45.862945827759,20.592459582174));
#9872 = VERTEX_POINT('',#9873);
#9873 = CARTESIAN_POINT('',(11.,45.862945827759,20.592459582174));
#9874 = SURFACE_CURVE('',#9875,(#9879,#9886),.PCURVE_S1.);
#9875 = LINE('',#9876,#9877);
#9876 = CARTESIAN_POINT('',(0.,45.862945827759,20.592459582174));
#9877 = VECTOR('',#9878,1.);
#9878 = DIRECTION('',(1.,0.,0.));
#9879 = PCURVE('',#3260,#9880);
#9880 = DEFINITIONAL_REPRESENTATION('',(#9881),#9885);
#9881 = LINE('',#9882,#9883);
#9882 = CARTESIAN_POINT('',(101.93596847059,0.));
#9883 = VECTOR('',#9884,1.);
#9884 = DIRECTION('',(0.,1.));
#9885 = ( GEOMETRIC_REPRESENTATION_CONTEXT(2) 
PARAMETRIC_REPRESENTATION_CONTEXT() REPRESENTATION_CONTEXT('2D SPACE',''
  ) );
#9886 = PCURVE('',#5243,#9887);
#9887 = DEFINITIONAL_REPRESENTATION('',(#9888),#9892);
#9888 = LINE('',#9889,#9890);
#9889 = CARTESIAN_POINT('',(11.,0.));
#9890 = VECTOR('',#9891,1.);
#9891 = DIRECTION('',(1.,0.));
#9892 = ( GEOMETRIC_REPRESENTATION_CONTEXT(2) 
PARAMETRIC_REPRESENTATION_CONTEXT() REPRESENTATION_CONTEXT('2D SPACE',''
  ) );
#9893 = ORIENTED_EDGE('',*,*,#9894,.T.);
#9894 = EDGE_CURVE('',#9870,#9895,#9897,.T.);
#9895 = VERTEX_POINT('',#9896);
#9896 = CARTESIAN_POINT('',(-11.,48.040834713814,20.903586565897));
#9897 = SURFACE_CURVE('',#9898,(#9902,#9909),.PCURVE_S1.);
#9898 = LINE('',#9899,#9900);
#9899 = CARTESIAN_POINT('',(-11.,46.951890270787,20.748023074036));
#9900 = VECTOR('',#9901,1.);
#9901 = DIRECTION('',(0.,0.989949493661,0.141421356237));
#9902 = PCURVE('',#3260,#9903);
#9903 = DEFINITIONAL_REPRESENTATION('',(#9904),#9908);
#9904 = LINE('',#9905,#9906);
#9905 = CARTESIAN_POINT('',(100.83596847059,-11.));
#9906 = VECTOR('',#9907,1.);
#9907 = DIRECTION('',(-1.,0.));
#9908 = ( GEOMETRIC_REPRESENTATION_CONTEXT(2) 
PARAMETRIC_REPRESENTATION_CONTEXT() REPRESENTATION_CONTEXT('2D SPACE',''
  ) );
#9909 = PCURVE('',#5269,#9910);
#9910 = DEFINITIONAL_REPRESENTATION('',(#9911),#9915);
#9911 = LINE('',#9912,#9913);
#9912 = CARTESIAN_POINT('',(1.1,1.52655665886E-15));
#9913 = VECTOR('',#9914,1.);
#9914 = DIRECTION('',(1.,0.));
#9915 = ( GEOMETRIC_REPRESENTATION_CONTEXT(2) 
PARAMETRIC_REPRESENTATION_CONTEXT() REPRESENTATION_CONTEXT('2D SPACE',''
  ) );
#9916 = ORIENTED_EDGE('',*,*,#9917,.T.);
#9917 = EDGE_CURVE('',#9895,#9918,#9920,.T.);
#9918 = VERTEX_POINT('',#9919);
#9919 = CARTESIAN_POINT('',(11.,48.040834713814,20.903586565897));
#9920 = SURFACE_CURVE('',#9921,(#9925,#9932),.PCURVE_S1.);
#9921 = LINE('',#9922,#9923);
#9922 = CARTESIAN_POINT('',(0.,48.040834713814,20.903586565897));
#9923 = VECTOR('',#9924,1.);
#9924 = DIRECTION('',(1.,0.,0.));
#9925 = PCURVE('',#3260,#9926);
#9926 = DEFINITIONAL_REPRESENTATION('',(#9927),#9931);
#9927 = LINE('',#9928,#9929);
#9928 = CARTESIAN_POINT('',(99.735968470593,0.));
#9929 = VECTOR('',#9930,1.);
#9930 = DIRECTION('',(0.,1.));
#9931 = ( GEOMETRIC_REPRESENTATION_CONTEXT(2) 
PARAMETRIC_REPRESENTATION_CONTEXT() REPRESENTATION_CONTEXT('2D SPACE',''
  ) );
#9932 = PCURVE('',#5295,#9933);
#9933 = DEFINITIONAL_REPRESENTATION('',(#9934),#9938);
#9934 = LINE('',#9935,#9936);
#9935 = CARTESIAN_POINT('',(11.,0.));
#9936 = VECTOR('',#9937,1.);
#9937 = DIRECTION('',(1.,0.));
#9938 = ( GEOMETRIC_REPRESENTATION_CONTEXT(2) 
PARAMETRIC_REPRESENTATION_CONTEXT() REPRESENTATION_CONTEXT('2D SPACE',''
  ) );
#9939 = ORIENTED_EDGE('',*,*,#9940,.F.);
#9940 = EDGE_CURVE('',#9872,#9918,#9941,.T.);
#9941 = SURFACE_CURVE('',#9942,(#9946,#9953),.PCURVE_S1.);
#9942 = LINE('',#9943,#9944);
#9943 = CARTESIAN_POINT('',(11.,46.951890270787,20.748023074036));
#9944 = VECTOR('',#9945,1.);
#9945 = DIRECTION('',(0.,0.989949493661,0.141421356237));
#9946 = PCURVE('',#3260,#9947);
#9947 = DEFINITIONAL_REPRESENTATION('',(#9948),#9952);
#9948 = LINE('',#9949,#9950);
#9949 = CARTESIAN_POINT('',(100.83596847059,11.));
#9950 = VECTOR('',#9951,1.);
#9951 = DIRECTION('',(-1.,0.));
#9952 = ( GEOMETRIC_REPRESENTATION_CONTEXT(2) 
PARAMETRIC_REPRESENTATION_CONTEXT() REPRESENTATION_CONTEXT('2D SPACE',''
  ) );
#9953 = PCURVE('',#5319,#9954);
#9954 = DEFINITIONAL_REPRESENTATION('',(#9955),#9959);
#9955 = LINE('',#9956,#9957);
#9956 = CARTESIAN_POINT('',(1.1,1.52655665886E-15));
#9957 = VECTOR('',#9958,1.);
#9958 = DIRECTION('',(1.,0.));
#9959 = ( GEOMETRIC_REPRESENTATION_CONTEXT(2) 
PARAMETRIC_REPRESENTATION_CONTEXT() REPRESENTATION_CONTEXT('2D SPACE',''
  ) );
#9960 = FACE_BOUND('',#9961,.T.);
#9961 = EDGE_LOOP('',(#9962,#9987,#10010,#10033));
#9962 = ORIENTED_EDGE('',*,*,#9963,.F.);
#9963 = EDGE_CURVE('',#9964,#9966,#9968,.T.);
#9964 = VERTEX_POINT('',#9965);
#9965 = CARTESIAN_POINT('',(-10.31370849898,41.903147853115,
    20.026774157225));
#9966 = VERTEX_POINT('',#9967);
#9967 = CARTESIAN_POINT('',(10.313708498985,41.903147853115,
    20.026774157225));
#9968 = SURFACE_CURVE('',#9969,(#9973,#9980),.PCURVE_S1.);
#9969 = LINE('',#9970,#9971);
#9970 = CARTESIAN_POINT('',(0.,41.903147853115,20.026774157225));
#9971 = VECTOR('',#9972,1.);
#9972 = DIRECTION('',(1.,0.,0.));
#9973 = PCURVE('',#3260,#9974);
#9974 = DEFINITIONAL_REPRESENTATION('',(#9975),#9979);
#9975 = LINE('',#9976,#9977);
#9976 = CARTESIAN_POINT('',(105.93596847059,0.));
#9977 = VECTOR('',#9978,1.);
#9978 = DIRECTION('',(0.,1.));
#9979 = ( GEOMETRIC_REPRESENTATION_CONTEXT(2) 
PARAMETRIC_REPRESENTATION_CONTEXT() REPRESENTATION_CONTEXT('2D SPACE',''
  ) );
#9980 = PCURVE('',#5428,#9981);
#9981 = DEFINITIONAL_REPRESENTATION('',(#9982),#9986);
#9982 = LINE('',#9983,#9984);
#9983 = CARTESIAN_POINT('',(10.313708498985,0.));
#9984 = VECTOR('',#9985,1.);
#9985 = DIRECTION('',(1.,0.));
#9986 = ( GEOMETRIC_REPRESENTATION_CONTEXT(2) 
PARAMETRIC_REPRESENTATION_CONTEXT() REPRESENTATION_CONTEXT('2D SPACE',''
  ) );
#9987 = ORIENTED_EDGE('',*,*,#9988,.T.);
#9988 = EDGE_CURVE('',#9964,#9989,#9991,.T.);
#9989 = VERTEX_POINT('',#9990);
#9990 = CARTESIAN_POINT('',(-10.31370849898,44.081036739169,
    20.337901140947));
#9991 = SURFACE_CURVE('',#9992,(#9996,#10003),.PCURVE_S1.);
#9992 = LINE('',#9993,#9994);
#9993 = CARTESIAN_POINT('',(-10.31370849898,42.992092296142,
    20.182337649086));
#9994 = VECTOR('',#9995,1.);
#9995 = DIRECTION('',(0.,0.989949493661,0.141421356237));
#9996 = PCURVE('',#3260,#9997);
#9997 = DEFINITIONAL_REPRESENTATION('',(#9998),#10002);
#9998 = LINE('',#9999,#10000);
#9999 = CARTESIAN_POINT('',(104.83596847059,-10.31370849898));
#10000 = VECTOR('',#10001,1.);
#10001 = DIRECTION('',(-1.,0.));
#10002 = ( GEOMETRIC_REPRESENTATION_CONTEXT(2) 
PARAMETRIC_REPRESENTATION_CONTEXT() REPRESENTATION_CONTEXT('2D SPACE',''
  ) );
#10003 = PCURVE('',#5454,#10004);
#10004 = DEFINITIONAL_REPRESENTATION('',(#10005),#10009);
#10005 = LINE('',#10006,#10007);
#10006 = CARTESIAN_POINT('',(1.1,1.52655665886E-15));
#10007 = VECTOR('',#10008,1.);
#10008 = DIRECTION('',(1.,0.));
#10009 = ( GEOMETRIC_REPRESENTATION_CONTEXT(2) 
PARAMETRIC_REPRESENTATION_CONTEXT() REPRESENTATION_CONTEXT('2D SPACE',''
  ) );
#10010 = ORIENTED_EDGE('',*,*,#10011,.T.);
#10011 = EDGE_CURVE('',#9989,#10012,#10014,.T.);
#10012 = VERTEX_POINT('',#10013);
#10013 = CARTESIAN_POINT('',(10.313708498985,44.081036739169,
    20.337901140947));
#10014 = SURFACE_CURVE('',#10015,(#10019,#10026),.PCURVE_S1.);
#10015 = LINE('',#10016,#10017);
#10016 = CARTESIAN_POINT('',(0.,44.081036739169,20.337901140947));
#10017 = VECTOR('',#10018,1.);
#10018 = DIRECTION('',(1.,0.,0.));
#10019 = PCURVE('',#3260,#10020);
#10020 = DEFINITIONAL_REPRESENTATION('',(#10021),#10025);
#10021 = LINE('',#10022,#10023);
#10022 = CARTESIAN_POINT('',(103.73596847059,0.));
#10023 = VECTOR('',#10024,1.);
#10024 = DIRECTION('',(0.,1.));
#10025 = ( GEOMETRIC_REPRESENTATION_CONTEXT(2) 
PARAMETRIC_REPRESENTATION_CONTEXT() REPRESENTATION_CONTEXT('2D SPACE',''
  ) );
#10026 = PCURVE('',#5480,#10027);
#10027 = DEFINITIONAL_REPRESENTATION('',(#10028),#10032);
#10028 = LINE('',#10029,#10030);
#10029 = CARTESIAN_POINT('',(10.313708498985,0.));
#10030 = VECTOR('',#10031,1.);
#10031 = DIRECTION('',(1.,0.));
#10032 = ( GEOMETRIC_REPRESENTATION_CONTEXT(2) 
PARAMETRIC_REPRESENTATION_CONTEXT() REPRESENTATION_CONTEXT('2D SPACE',''
  ) );
#10033 = ORIENTED_EDGE('',*,*,#10034,.F.);
#10034 = EDGE_CURVE('',#9966,#10012,#10035,.T.);
#10035 = SURFACE_CURVE('',#10036,(#10040,#10047),.PCURVE_S1.);
#10036 = LINE('',#10037,#10038);
#10037 = CARTESIAN_POINT('',(10.313708498985,42.992092296142,
    20.182337649086));
#10038 = VECTOR('',#10039,1.);
#10039 = DIRECTION('',(0.,0.989949493661,0.141421356237));
#10040 = PCURVE('',#3260,#10041);
#10041 = DEFINITIONAL_REPRESENTATION('',(#10042),#10046);
#10042 = LINE('',#10043,#10044);
#10043 = CARTESIAN_POINT('',(104.83596847059,10.313708498985));
#10044 = VECTOR('',#10045,1.);
#10045 = DIRECTION('',(-1.,0.));
#10046 = ( GEOMETRIC_REPRESENTATION_CONTEXT(2) 
PARAMETRIC_REPRESENTATION_CONTEXT() REPRESENTATION_CONTEXT('2D SPACE',''
  ) );
#10047 = PCURVE('',#5504,#10048);
#10048 = DEFINITIONAL_REPRESENTATION('',(#10049),#10053);
#10049 = LINE('',#10050,#10051);
#10050 = CARTESIAN_POINT('',(1.1,1.52655665886E-15));
#10051 = VECTOR('',#10052,1.);
#10052 = DIRECTION('',(1.,0.));
#10053 = ( GEOMETRIC_REPRESENTATION_CONTEXT(2) 
PARAMETRIC_REPRESENTATION_CONTEXT() REPRESENTATION_CONTEXT('2D SPACE',''
  ) );
#10054 = FACE_BOUND('',#10055,.T.);
#10055 = EDGE_LOOP('',(#10056,#10081,#10104,#10127));
#10056 = ORIENTED_EDGE('',*,*,#10057,.F.);
#10057 = EDGE_CURVE('',#10058,#10060,#10062,.T.);
#10058 = VERTEX_POINT('',#10059);
#10059 = CARTESIAN_POINT('',(-7.944271909999,37.94334987847,
    19.461088732276));
#10060 = VERTEX_POINT('',#10061);
#10061 = CARTESIAN_POINT('',(7.944271909999,37.94334987847,
    19.461088732276));
#10062 = SURFACE_CURVE('',#10063,(#10067,#10074),.PCURVE_S1.);
#10063 = LINE('',#10064,#10065);
#10064 = CARTESIAN_POINT('',(0.,37.94334987847,19.461088732276));
#10065 = VECTOR('',#10066,1.);
#10066 = DIRECTION('',(1.,0.,0.));
#10067 = PCURVE('',#3260,#10068);
#10068 = DEFINITIONAL_REPRESENTATION('',(#10069),#10073);
#10069 = LINE('',#10070,#10071);
#10070 = CARTESIAN_POINT('',(109.93596847059,0.));
#10071 = VECTOR('',#10072,1.);
#10072 = DIRECTION('',(0.,1.));
#10073 = ( GEOMETRIC_REPRESENTATION_CONTEXT(2) 
PARAMETRIC_REPRESENTATION_CONTEXT() REPRESENTATION_CONTEXT('2D SPACE',''
  ) );
#10074 = PCURVE('',#5534,#10075);
#10075 = DEFINITIONAL_REPRESENTATION('',(#10076),#10080);
#10076 = LINE('',#10077,#10078);
#10077 = CARTESIAN_POINT('',(7.944271909999,0.));
#10078 = VECTOR('',#10079,1.);
#10079 = DIRECTION('',(1.,0.));
#10080 = ( GEOMETRIC_REPRESENTATION_CONTEXT(2) 
PARAMETRIC_REPRESENTATION_CONTEXT() REPRESENTATION_CONTEXT('2D SPACE',''
  ) );
#10081 = ORIENTED_EDGE('',*,*,#10082,.T.);
#10082 = EDGE_CURVE('',#10058,#10083,#10085,.T.);
#10083 = VERTEX_POINT('',#10084);
#10084 = CARTESIAN_POINT('',(-7.944271909999,40.121238764525,
    19.772215715998));
#10085 = SURFACE_CURVE('',#10086,(#10090,#10097),.PCURVE_S1.);
#10086 = LINE('',#10087,#10088);
#10087 = CARTESIAN_POINT('',(-7.944271909999,39.032294321497,
    19.616652224137));
#10088 = VECTOR('',#10089,1.);
#10089 = DIRECTION('',(0.,0.989949493661,0.141421356237));
#10090 = PCURVE('',#3260,#10091);
#10091 = DEFINITIONAL_REPRESENTATION('',(#10092),#10096);
#10092 = LINE('',#10093,#10094);
#10093 = CARTESIAN_POINT('',(108.83596847059,-7.944271909999));
#10094 = VECTOR('',#10095,1.);
#10095 = DIRECTION('',(-1.,0.));
#10096 = ( GEOMETRIC_REPRESENTATION_CONTEXT(2) 
PARAMETRIC_REPRESENTATION_CONTEXT() REPRESENTATION_CONTEXT('2D SPACE',''
  ) );
#10097 = PCURVE('',#5560,#10098);
#10098 = DEFINITIONAL_REPRESENTATION('',(#10099),#10103);
#10099 = LINE('',#10100,#10101);
#10100 = CARTESIAN_POINT('',(1.1,1.52655665886E-15));
#10101 = VECTOR('',#10102,1.);
#10102 = DIRECTION('',(1.,0.));
#10103 = ( GEOMETRIC_REPRESENTATION_CONTEXT(2) 
PARAMETRIC_REPRESENTATION_CONTEXT() REPRESENTATION_CONTEXT('2D SPACE',''
  ) );
#10104 = ORIENTED_EDGE('',*,*,#10105,.T.);
#10105 = EDGE_CURVE('',#10083,#10106,#10108,.T.);
#10106 = VERTEX_POINT('',#10107);
#10107 = CARTESIAN_POINT('',(7.944271909999,40.121238764525,
    19.772215715998));
#10108 = SURFACE_CURVE('',#10109,(#10113,#10120),.PCURVE_S1.);
#10109 = LINE('',#10110,#10111);
#10110 = CARTESIAN_POINT('',(0.,40.121238764525,19.772215715998));
#10111 = VECTOR('',#10112,1.);
#10112 = DIRECTION('',(1.,0.,0.));
#10113 = PCURVE('',#3260,#10114);
#10114 = DEFINITIONAL_REPRESENTATION('',(#10115),#10119);
#10115 = LINE('',#10116,#10117);
#10116 = CARTESIAN_POINT('',(107.73596847059,0.));
#10117 = VECTOR('',#10118,1.);
#10118 = DIRECTION('',(0.,1.));
#10119 = ( GEOMETRIC_REPRESENTATION_CONTEXT(2) 
PARAMETRIC_REPRESENTATION_CONTEXT() REPRESENTATION_CONTEXT('2D SPACE',''
  ) );
#10120 = PCURVE('',#5586,#10121);
#10121 = DEFINITIONAL_REPRESENTATION('',(#10122),#10126);
#10122 = LINE('',#10123,#10124);
#10123 = CARTESIAN_POINT('',(7.944271909999,0.));
#10124 = VECTOR('',#10125,1.);
#10125 = DIRECTION('',(1.,0.));
#10126 = ( GEOMETRIC_REPRESENTATION_CONTEXT(2) 
PARAMETRIC_REPRESENTATION_CONTEXT() REPRESENTATION_CONTEXT('2D SPACE',''
  ) );
#10127 = ORIENTED_EDGE('',*,*,#10128,.F.);
#10128 = EDGE_CURVE('',#10060,#10106,#10129,.T.);
#10129 = SURFACE_CURVE('',#10130,(#10134,#10141),.PCURVE_S1.);
#10130 = LINE('',#10131,#10132);
#10131 = CARTESIAN_POINT('',(7.944271909999,39.032294321497,
    19.616652224137));
#10132 = VECTOR('',#10133,1.);
#10133 = DIRECTION('',(0.,0.989949493661,0.141421356237));
#10134 = PCURVE('',#3260,#10135);
#10135 = DEFINITIONAL_REPRESENTATION('',(#10136),#10140);
#10136 = LINE('',#10137,#10138);
#10137 = CARTESIAN_POINT('',(108.83596847059,7.944271909999));
#10138 = VECTOR('',#10139,1.);
#10139 = DIRECTION('',(-1.,0.));
#10140 = ( GEOMETRIC_REPRESENTATION_CONTEXT(2) 
PARAMETRIC_REPRESENTATION_CONTEXT() REPRESENTATION_CONTEXT('2D SPACE',''
  ) );
#10141 = PCURVE('',#5610,#10142);
#10142 = DEFINITIONAL_REPRESENTATION('',(#10143),#10147);
#10143 = LINE('',#10144,#10145);
#10144 = CARTESIAN_POINT('',(1.1,1.52655665886E-15));
#10145 = VECTOR('',#10146,1.);
#10146 = DIRECTION('',(1.,0.));
#10147 = ( GEOMETRIC_REPRESENTATION_CONTEXT(2) 
PARAMETRIC_REPRESENTATION_CONTEXT() REPRESENTATION_CONTEXT('2D SPACE',''
  ) );
#10148 = FACE_BOUND('',#10149,.T.);
#10149 = EDGE_LOOP('',(#10150));
#10150 = ORIENTED_EDGE('',*,*,#10151,.F.);
#10151 = EDGE_CURVE('',#10152,#10152,#10154,.T.);
#10152 = VERTEX_POINT('',#10153);
#10153 = CARTESIAN_POINT('',(-0.5,-7.643824304627,12.948635277548));
#10154 = SURFACE_CURVE('',#10155,(#10160,#10167),.PCURVE_S1.);
#10155 = CIRCLE('',#10156,4.);
#10156 = AXIS2_PLACEMENT_3D('',#10157,#10158,#10159);
#10157 = CARTESIAN_POINT('',(-4.5,-7.643824304627,12.948635277548));
#10158 = DIRECTION('',(0.,-0.141421356237,0.989949493661));
#10159 = DIRECTION('',(1.,0.,0.));
#10160 = PCURVE('',#3260,#10161);
#10161 = DEFINITIONAL_REPRESENTATION('',(#10162),#10166);
#10162 = CIRCLE('',#10163,4.);
#10163 = AXIS2_PLACEMENT_2D('',#10164,#10165);
#10164 = CARTESIAN_POINT('',(155.98596847059,-4.5));
#10165 = DIRECTION('',(0.,1.));
#10166 = ( GEOMETRIC_REPRESENTATION_CONTEXT(2) 
PARAMETRIC_REPRESENTATION_CONTEXT() REPRESENTATION_CONTEXT('2D SPACE',''
  ) );
#10167 = PCURVE('',#10168,#10173);
#10168 = CYLINDRICAL_SURFACE('',#10169,4.);
#10169 = AXIS2_PLACEMENT_3D('',#10170,#10171,#10172);
#10170 = CARTESIAN_POINT('',(-4.5,-7.643824304627,12.948635277548));
#10171 = DIRECTION('',(-0.,0.141421356237,-0.989949493661));
#10172 = DIRECTION('',(1.,0.,0.));
#10173 = DEFINITIONAL_REPRESENTATION('',(#10174),#10178);
#10174 = LINE('',#10175,#10176);
#10175 = CARTESIAN_POINT('',(-0.,0.));
#10176 = VECTOR('',#10177,1.);
#10177 = DIRECTION('',(-1.,0.));
#10178 = ( GEOMETRIC_REPRESENTATION_CONTEXT(2) 
PARAMETRIC_REPRESENTATION_CONTEXT() REPRESENTATION_CONTEXT('2D SPACE',''
  ) );
#10179 = FACE_BOUND('',#10180,.T.);
#10180 = EDGE_LOOP('',(#10181));
#10181 = ORIENTED_EDGE('',*,*,#10182,.F.);
#10182 = EDGE_CURVE('',#10183,#10183,#10185,.T.);
#10183 = VERTEX_POINT('',#10184);
#10184 = CARTESIAN_POINT('',(14.75,58.831284194721,22.445079348883));
#10185 = SURFACE_CURVE('',#10186,(#10191,#10198),.PCURVE_S1.);
#10186 = CIRCLE('',#10187,2.75);
#10187 = AXIS2_PLACEMENT_3D('',#10188,#10189,#10190);
#10188 = CARTESIAN_POINT('',(12.,58.831284194721,22.445079348883));
#10189 = DIRECTION('',(0.,-0.141421356237,0.989949493661));
#10190 = DIRECTION('',(1.,0.,0.));
#10191 = PCURVE('',#3260,#10192);
#10192 = DEFINITIONAL_REPRESENTATION('',(#10193),#10197);
#10193 = CIRCLE('',#10194,2.75);
#10194 = AXIS2_PLACEMENT_2D('',#10195,#10196);
#10195 = CARTESIAN_POINT('',(88.835968470593,12.));
#10196 = DIRECTION('',(0.,1.));
#10197 = ( GEOMETRIC_REPRESENTATION_CONTEXT(2) 
PARAMETRIC_REPRESENTATION_CONTEXT() REPRESENTATION_CONTEXT('2D SPACE',''
  ) );
#10198 = PCURVE('',#10199,#10204);
#10199 = CYLINDRICAL_SURFACE('',#10200,2.75);
#10200 = AXIS2_PLACEMENT_3D('',#10201,#10202,#10203);
#10201 = CARTESIAN_POINT('',(12.,58.831284194721,22.445079348883));
#10202 = DIRECTION('',(-0.,0.141421356237,-0.989949493661));
#10203 = DIRECTION('',(1.,0.,0.));
#10204 = DEFINITIONAL_REPRESENTATION('',(#10205),#10209);
#10205 = LINE('',#10206,#10207);
#10206 = CARTESIAN_POINT('',(-0.,0.));
#10207 = VECTOR('',#10208,1.);
#10208 = DIRECTION('',(-1.,0.));
#10209 = ( GEOMETRIC_REPRESENTATION_CONTEXT(2) 
PARAMETRIC_REPRESENTATION_CONTEXT() REPRESENTATION_CONTEXT('2D SPACE',''
  ) );
#10210 = FACE_BOUND('',#10211,.T.);
#10211 = EDGE_LOOP('',(#10212));
#10212 = ORIENTED_EDGE('',*,*,#10213,.F.);
#10213 = EDGE_CURVE('',#10214,#10214,#10216,.T.);
#10214 = VERTEX_POINT('',#10215);
#10215 = CARTESIAN_POINT('',(14.75,35.072496346853,19.050966799188));
#10216 = SURFACE_CURVE('',#10217,(#10222,#10229),.PCURVE_S1.);
#10217 = CIRCLE('',#10218,2.75);
#10218 = AXIS2_PLACEMENT_3D('',#10219,#10220,#10221);
#10219 = CARTESIAN_POINT('',(12.,35.072496346853,19.050966799188));
#10220 = DIRECTION('',(0.,-0.141421356237,0.989949493661));
#10221 = DIRECTION('',(1.,0.,0.));
#10222 = PCURVE('',#3260,#10223);
#10223 = DEFINITIONAL_REPRESENTATION('',(#10224),#10228);
#10224 = CIRCLE('',#10225,2.75);
#10225 = AXIS2_PLACEMENT_2D('',#10226,#10227);
#10226 = CARTESIAN_POINT('',(112.83596847059,12.));
#10227 = DIRECTION('',(0.,1.));
#10228 = ( GEOMETRIC_REPRESENTATION_CONTEXT(2) 
PARAMETRIC_REPRESENTATION_CONTEXT() REPRESENTATION_CONTEXT('2D SPACE',''
  ) );
#10229 = PCURVE('',#10230,#10235);
#10230 = CYLINDRICAL_SURFACE('',#10231,2.75);
#10231 = AXIS2_PLACEMENT_3D('',#10232,#10233,#10234);
#10232 = CARTESIAN_POINT('',(12.,35.072496346853,19.050966799188));
#10233 = DIRECTION('',(-0.,0.141421356237,-0.989949493661));
#10234 = DIRECTION('',(1.,0.,0.));
#10235 = DEFINITIONAL_REPRESENTATION('',(#10236),#10240);
#10236 = LINE('',#10237,#10238);
#10237 = CARTESIAN_POINT('',(-0.,0.));
#10238 = VECTOR('',#10239,1.);
#10239 = DIRECTION('',(-1.,0.));
#10240 = ( GEOMETRIC_REPRESENTATION_CONTEXT(2) 
PARAMETRIC_REPRESENTATION_CONTEXT() REPRESENTATION_CONTEXT('2D SPACE',''
  ) );
#10241 = FACE_BOUND('',#10242,.T.);
#10242 = EDGE_LOOP('',(#10243,#10271,#10297,#10323));
#10243 = ORIENTED_EDGE('',*,*,#10244,.T.);
#10244 = EDGE_CURVE('',#10245,#10247,#10249,.T.);
#10245 = VERTEX_POINT('',#10246);
#10246 = CARTESIAN_POINT('',(45.5,25.,17.612038749637));
#10247 = VERTEX_POINT('',#10248);
#10248 = CARTESIAN_POINT('',(37.,25.,17.612038749637));
#10249 = SURFACE_CURVE('',#10250,(#10254,#10260),.PCURVE_S1.);
#10250 = LINE('',#10251,#10252);
#10251 = CARTESIAN_POINT('',(18.5,25.,17.612038749637));
#10252 = VECTOR('',#10253,1.);
#10253 = DIRECTION('',(-1.,0.,0.));
#10254 = PCURVE('',#3260,#10255);
#10255 = DEFINITIONAL_REPRESENTATION('',(#10256),#10259);
#10256 = B_SPLINE_CURVE_WITH_KNOTS('',1,(#10257,#10258),.UNSPECIFIED.,
  .F.,.F.,(2,2),(-27.,-18.5),.PIECEWISE_BEZIER_KNOTS.);
#10257 = CARTESIAN_POINT('',(123.01072628535,45.5));
#10258 = CARTESIAN_POINT('',(123.01072628535,37.));
#10259 = ( GEOMETRIC_REPRESENTATION_CONTEXT(2) 
PARAMETRIC_REPRESENTATION_CONTEXT() REPRESENTATION_CONTEXT('2D SPACE',''
  ) );
#10260 = PCURVE('',#10261,#10266);
#10261 = PLANE('',#10262);
#10262 = AXIS2_PLACEMENT_3D('',#10263,#10264,#10265);
#10263 = CARTESIAN_POINT('',(37.,25.,10.));
#10264 = DIRECTION('',(0.,1.,0.));
#10265 = DIRECTION('',(0.,0.,1.));
#10266 = DEFINITIONAL_REPRESENTATION('',(#10267),#10270);
#10267 = B_SPLINE_CURVE_WITH_KNOTS('',1,(#10268,#10269),.UNSPECIFIED.,
  .F.,.F.,(2,2),(-27.,-18.5),.PIECEWISE_BEZIER_KNOTS.);
#10268 = CARTESIAN_POINT('',(7.612038749637,8.5));
#10269 = CARTESIAN_POINT('',(7.612038749637,0.));
#10270 = ( GEOMETRIC_REPRESENTATION_CONTEXT(2) 
PARAMETRIC_REPRESENTATION_CONTEXT() REPRESENTATION_CONTEXT('2D SPACE',''
  ) );
#10271 = ORIENTED_EDGE('',*,*,#10272,.T.);
#10272 = EDGE_CURVE('',#10247,#10273,#10275,.T.);
#10273 = VERTEX_POINT('',#10274);
#10274 = CARTESIAN_POINT('',(37.,39.,19.612038749637));
#10275 = SURFACE_CURVE('',#10276,(#10280,#10286),.PCURVE_S1.);
#10276 = LINE('',#10277,#10278);
#10277 = CARTESIAN_POINT('',(37.,85.354360388067,26.234090233647));
#10278 = VECTOR('',#10279,1.);
#10279 = DIRECTION('',(-0.,0.989949493661,0.141421356237));
#10280 = PCURVE('',#3260,#10281);
#10281 = DEFINITIONAL_REPRESENTATION('',(#10282),#10285);
#10282 = B_SPLINE_CURVE_WITH_KNOTS('',1,(#10283,#10284),.UNSPECIFIED.,
  .F.,.F.,(2,2),(-60.96711072082,-46.82497509709),
  .PIECEWISE_BEZIER_KNOTS.);
#10283 = CARTESIAN_POINT('',(123.01072628535,37.));
#10284 = CARTESIAN_POINT('',(108.86859066162,37.));
#10285 = ( GEOMETRIC_REPRESENTATION_CONTEXT(2) 
PARAMETRIC_REPRESENTATION_CONTEXT() REPRESENTATION_CONTEXT('2D SPACE',''
  ) );
#10286 = PCURVE('',#10287,#10292);
#10287 = PLANE('',#10288);
#10288 = AXIS2_PLACEMENT_3D('',#10289,#10290,#10291);
#10289 = CARTESIAN_POINT('',(37.,25.,10.));
#10290 = DIRECTION('',(1.,0.,0.));
#10291 = DIRECTION('',(0.,0.,1.));
#10292 = DEFINITIONAL_REPRESENTATION('',(#10293),#10296);
#10293 = B_SPLINE_CURVE_WITH_KNOTS('',1,(#10294,#10295),.UNSPECIFIED.,
  .F.,.F.,(2,2),(-60.96711072082,-46.82497509709),
  .PIECEWISE_BEZIER_KNOTS.);
#10294 = CARTESIAN_POINT('',(7.612038749637,1.42108547152E-14));
#10295 = CARTESIAN_POINT('',(9.612038749637,-14.));
#10296 = ( GEOMETRIC_REPRESENTATION_CONTEXT(2) 
PARAMETRIC_REPRESENTATION_CONTEXT() REPRESENTATION_CONTEXT('2D SPACE',''
  ) );
#10297 = ORIENTED_EDGE('',*,*,#10298,.F.);
#10298 = EDGE_CURVE('',#10299,#10273,#10301,.T.);
#10299 = VERTEX_POINT('',#10300);
#10300 = CARTESIAN_POINT('',(45.5,39.,19.612038749637));
#10301 = SURFACE_CURVE('',#10302,(#10306,#10312),.PCURVE_S1.);
#10302 = LINE('',#10303,#10304);
#10303 = CARTESIAN_POINT('',(18.5,39.,19.612038749637));
#10304 = VECTOR('',#10305,1.);
#10305 = DIRECTION('',(-1.,0.,0.));
#10306 = PCURVE('',#3260,#10307);
#10307 = DEFINITIONAL_REPRESENTATION('',(#10308),#10311);
#10308 = B_SPLINE_CURVE_WITH_KNOTS('',1,(#10309,#10310),.UNSPECIFIED.,
  .F.,.F.,(2,2),(-27.,-18.5),.PIECEWISE_BEZIER_KNOTS.);
#10309 = CARTESIAN_POINT('',(108.86859066162,45.5));
#10310 = CARTESIAN_POINT('',(108.86859066162,37.));
#10311 = ( GEOMETRIC_REPRESENTATION_CONTEXT(2) 
PARAMETRIC_REPRESENTATION_CONTEXT() REPRESENTATION_CONTEXT('2D SPACE',''
  ) );
#10312 = PCURVE('',#10313,#10318);
#10313 = PLANE('',#10314);
#10314 = AXIS2_PLACEMENT_3D('',#10315,#10316,#10317);
#10315 = CARTESIAN_POINT('',(37.,39.,10.));
#10316 = DIRECTION('',(0.,1.,0.));
#10317 = DIRECTION('',(0.,0.,1.));
#10318 = DEFINITIONAL_REPRESENTATION('',(#10319),#10322);
#10319 = B_SPLINE_CURVE_WITH_KNOTS('',1,(#10320,#10321),.UNSPECIFIED.,
  .F.,.F.,(2,2),(-27.,-18.5),.PIECEWISE_BEZIER_KNOTS.);
#10320 = CARTESIAN_POINT('',(9.612038749637,8.5));
#10321 = CARTESIAN_POINT('',(9.612038749637,0.));
#10322 = ( GEOMETRIC_REPRESENTATION_CONTEXT(2) 
PARAMETRIC_REPRESENTATION_CONTEXT() REPRESENTATION_CONTEXT('2D SPACE',''
  ) );
#10323 = ORIENTED_EDGE('',*,*,#10324,.F.);
#10324 = EDGE_CURVE('',#10245,#10299,#10325,.T.);
#10325 = SURFACE_CURVE('',#10326,(#10330,#10336),.PCURVE_S1.);
#10326 = LINE('',#10327,#10328);
#10327 = CARTESIAN_POINT('',(45.5,85.354360388067,26.234090233647));
#10328 = VECTOR('',#10329,1.);
#10329 = DIRECTION('',(-0.,0.989949493661,0.141421356237));
#10330 = PCURVE('',#3260,#10331);
#10331 = DEFINITIONAL_REPRESENTATION('',(#10332),#10335);
#10332 = B_SPLINE_CURVE_WITH_KNOTS('',1,(#10333,#10334),.UNSPECIFIED.,
  .F.,.F.,(2,2),(-60.96711072082,-46.82497509709),
  .PIECEWISE_BEZIER_KNOTS.);
#10333 = CARTESIAN_POINT('',(123.01072628535,45.5));
#10334 = CARTESIAN_POINT('',(108.86859066162,45.5));
#10335 = ( GEOMETRIC_REPRESENTATION_CONTEXT(2) 
PARAMETRIC_REPRESENTATION_CONTEXT() REPRESENTATION_CONTEXT('2D SPACE',''
  ) );
#10336 = PCURVE('',#10337,#10342);
#10337 = PLANE('',#10338);
#10338 = AXIS2_PLACEMENT_3D('',#10339,#10340,#10341);
#10339 = CARTESIAN_POINT('',(45.5,25.,10.));
#10340 = DIRECTION('',(1.,0.,0.));
#10341 = DIRECTION('',(0.,0.,1.));
#10342 = DEFINITIONAL_REPRESENTATION('',(#10343),#10346);
#10343 = B_SPLINE_CURVE_WITH_KNOTS('',1,(#10344,#10345),.UNSPECIFIED.,
  .F.,.F.,(2,2),(-60.96711072082,-46.82497509709),
  .PIECEWISE_BEZIER_KNOTS.);
#10344 = CARTESIAN_POINT('',(7.612038749637,1.42108547152E-14));
#10345 = CARTESIAN_POINT('',(9.612038749637,-14.));
#10346 = ( GEOMETRIC_REPRESENTATION_CONTEXT(2) 
PARAMETRIC_REPRESENTATION_CONTEXT() REPRESENTATION_CONTEXT('2D SPACE',''
  ) );
#10347 = ADVANCED_FACE('',(#10348),#3380,.F.);
#10348 = FACE_BOUND('',#10349,.F.);
#10349 = EDGE_LOOP('',(#10350,#10351,#10352,#10353));
#10350 = ORIENTED_EDGE('',*,*,#8866,.T.);
#10351 = ORIENTED_EDGE('',*,*,#8555,.T.);
#10352 = ORIENTED_EDGE('',*,*,#3364,.T.);
#10353 = ORIENTED_EDGE('',*,*,#10354,.F.);
#10354 = EDGE_CURVE('',#8845,#3365,#10355,.T.);
#10355 = SURFACE_CURVE('',#10356,(#10360,#10366),.PCURVE_S1.);
#10356 = LINE('',#10357,#10358);
#10357 = CARTESIAN_POINT('',(-45.,145.,67.845338519034));
#10358 = VECTOR('',#10359,1.);
#10359 = DIRECTION('',(-0.,0.,1.));
#10360 = PCURVE('',#3380,#10361);
#10361 = DEFINITIONAL_REPRESENTATION('',(#10362),#10365);
#10362 = B_SPLINE_CURVE_WITH_KNOTS('',1,(#10363,#10364),.UNSPECIFIED.,
  .F.,.F.,(2,2),(-63.84533851903,11.397100310264),
  .PIECEWISE_BEZIER_KNOTS.);
#10363 = CARTESIAN_POINT('',(-84.43691005234,-31.69067703806));
#10364 = CARTESIAN_POINT('',(-84.43691005234,43.55176179123));
#10365 = ( GEOMETRIC_REPRESENTATION_CONTEXT(2) 
PARAMETRIC_REPRESENTATION_CONTEXT() REPRESENTATION_CONTEXT('2D SPACE',''
  ) );
#10366 = PCURVE('',#3408,#10367);
#10367 = DEFINITIONAL_REPRESENTATION('',(#10368),#10371);
#10368 = B_SPLINE_CURVE_WITH_KNOTS('',1,(#10369,#10370),.UNSPECIFIED.,
  .F.,.F.,(2,2),(-63.84533851903,11.397100310264),
  .PIECEWISE_BEZIER_KNOTS.);
#10369 = CARTESIAN_POINT('',(10.,-96.));
#10370 = CARTESIAN_POINT('',(10.,-20.7575611707));
#10371 = ( GEOMETRIC_REPRESENTATION_CONTEXT(2) 
PARAMETRIC_REPRESENTATION_CONTEXT() REPRESENTATION_CONTEXT('2D SPACE',''
  ) );
#10372 = ADVANCED_FACE('',(#10373),#3408,.F.);
#10373 = FACE_BOUND('',#10374,.F.);
#10374 = EDGE_LOOP('',(#10375,#10376,#10377,#10378));
#10375 = ORIENTED_EDGE('',*,*,#8844,.T.);
#10376 = ORIENTED_EDGE('',*,*,#10354,.T.);
#10377 = ORIENTED_EDGE('',*,*,#3392,.T.);
#10378 = ORIENTED_EDGE('',*,*,#10379,.F.);
#10379 = EDGE_CURVE('',#8822,#3393,#10380,.T.);
#10380 = SURFACE_CURVE('',#10381,(#10385,#10391),.PCURVE_S1.);
#10381 = LINE('',#10382,#10383);
#10382 = CARTESIAN_POINT('',(-46.,145.,67.845338519034));
#10383 = VECTOR('',#10384,1.);
#10384 = DIRECTION('',(-0.,0.,1.));
#10385 = PCURVE('',#3408,#10386);
#10386 = DEFINITIONAL_REPRESENTATION('',(#10387),#10390);
#10387 = B_SPLINE_CURVE_WITH_KNOTS('',1,(#10388,#10389),.UNSPECIFIED.,
  .F.,.F.,(2,2),(-35.47331972959,5.63875895415),
  .PIECEWISE_BEZIER_KNOTS.);
#10388 = CARTESIAN_POINT('',(9.,-67.62798121056));
#10389 = CARTESIAN_POINT('',(9.,-26.51590252681));
#10390 = ( GEOMETRIC_REPRESENTATION_CONTEXT(2) 
PARAMETRIC_REPRESENTATION_CONTEXT() REPRESENTATION_CONTEXT('2D SPACE',''
  ) );
#10391 = PCURVE('',#3435,#10392);
#10392 = DEFINITIONAL_REPRESENTATION('',(#10393),#10396);
#10393 = B_SPLINE_CURVE_WITH_KNOTS('',1,(#10394,#10395),.UNSPECIFIED.,
  .F.,.F.,(2,2),(-35.47331972959,5.63875895415),
  .PIECEWISE_BEZIER_KNOTS.);
#10394 = CARTESIAN_POINT('',(-84.43691005234,-3.318658248631));
#10395 = CARTESIAN_POINT('',(-84.43691005234,37.793420435116));
#10396 = ( GEOMETRIC_REPRESENTATION_CONTEXT(2) 
PARAMETRIC_REPRESENTATION_CONTEXT() REPRESENTATION_CONTEXT('2D SPACE',''
  ) );
#10397 = ADVANCED_FACE('',(#10398),#3435,.F.);
#10398 = FACE_BOUND('',#10399,.F.);
#10399 = EDGE_LOOP('',(#10400,#10423,#10444,#10445,#10446));
#10400 = ORIENTED_EDGE('',*,*,#10401,.T.);
#10401 = EDGE_CURVE('',#3420,#10402,#10404,.T.);
#10402 = VERTEX_POINT('',#10403);
#10403 = CARTESIAN_POINT('',(-46.,162.45929897708,4.));
#10404 = SURFACE_CURVE('',#10405,(#10409,#10416),.PCURVE_S1.);
#10405 = LINE('',#10406,#10407);
#10406 = CARTESIAN_POINT('',(-46.,180.,4.));
#10407 = VECTOR('',#10408,1.);
#10408 = DIRECTION('',(0.,-1.,0.));
#10409 = PCURVE('',#3435,#10410);
#10410 = DEFINITIONAL_REPRESENTATION('',(#10411),#10415);
#10411 = LINE('',#10412,#10413);
#10412 = CARTESIAN_POINT('',(-119.4369100523,-31.69067703806));
#10413 = VECTOR('',#10414,1.);
#10414 = DIRECTION('',(1.,0.));
#10415 = ( GEOMETRIC_REPRESENTATION_CONTEXT(2) 
PARAMETRIC_REPRESENTATION_CONTEXT() REPRESENTATION_CONTEXT('2D SPACE',''
  ) );
#10416 = PCURVE('',#3463,#10417);
#10417 = DEFINITIONAL_REPRESENTATION('',(#10418),#10422);
#10418 = LINE('',#10419,#10420);
#10419 = CARTESIAN_POINT('',(-6.183173559866,-46.));
#10420 = VECTOR('',#10421,1.);
#10421 = DIRECTION('',(1.,0.));
#10422 = ( GEOMETRIC_REPRESENTATION_CONTEXT(2) 
PARAMETRIC_REPRESENTATION_CONTEXT() REPRESENTATION_CONTEXT('2D SPACE',''
  ) );
#10423 = ORIENTED_EDGE('',*,*,#10424,.T.);
#10424 = EDGE_CURVE('',#10402,#8799,#10425,.T.);
#10425 = SURFACE_CURVE('',#10426,(#10430,#10437),.PCURVE_S1.);
#10426 = LINE('',#10427,#10428);
#10427 = CARTESIAN_POINT('',(-46.,163.56934990283,1.805475358776));
#10428 = VECTOR('',#10429,1.);
#10429 = DIRECTION('',(0.,-0.451368839694,0.892337475708));
#10430 = PCURVE('',#3435,#10431);
#10431 = DEFINITIONAL_REPRESENTATION('',(#10432),#10436);
#10432 = LINE('',#10433,#10434);
#10433 = CARTESIAN_POINT('',(-103.0062599551,-33.88520167929));
#10434 = VECTOR('',#10435,1.);
#10435 = DIRECTION('',(0.451368839694,0.892337475708));
#10436 = ( GEOMETRIC_REPRESENTATION_CONTEXT(2) 
PARAMETRIC_REPRESENTATION_CONTEXT() REPRESENTATION_CONTEXT('2D SPACE',''
  ) );
#10437 = PCURVE('',#8708,#10438);
#10438 = DEFINITIONAL_REPRESENTATION('',(#10439),#10443);
#10439 = LINE('',#10440,#10441);
#10440 = CARTESIAN_POINT('',(-2.459298977085,-46.));
#10441 = VECTOR('',#10442,1.);
#10442 = DIRECTION('',(1.,0.));
#10443 = ( GEOMETRIC_REPRESENTATION_CONTEXT(2) 
PARAMETRIC_REPRESENTATION_CONTEXT() REPRESENTATION_CONTEXT('2D SPACE',''
  ) );
#10444 = ORIENTED_EDGE('',*,*,#8821,.T.);
#10445 = ORIENTED_EDGE('',*,*,#10379,.T.);
#10446 = ORIENTED_EDGE('',*,*,#3419,.T.);
#10447 = ADVANCED_FACE('',(#10448),#3463,.T.);
#10448 = FACE_BOUND('',#10449,.T.);
#10449 = EDGE_LOOP('',(#10450,#10451,#10474,#10495));
#10450 = ORIENTED_EDGE('',*,*,#10401,.T.);
#10451 = ORIENTED_EDGE('',*,*,#10452,.T.);
#10452 = EDGE_CURVE('',#10402,#10453,#10455,.T.);
#10453 = VERTEX_POINT('',#10454);
#10454 = CARTESIAN_POINT('',(46.,162.45929897708,4.));
#10455 = SURFACE_CURVE('',#10456,(#10460,#10467),.PCURVE_S1.);
#10456 = LINE('',#10457,#10458);
#10457 = CARTESIAN_POINT('',(-46.,162.45929897708,4.));
#10458 = VECTOR('',#10459,1.);
#10459 = DIRECTION('',(1.,0.,0.));
#10460 = PCURVE('',#3463,#10461);
#10461 = DEFINITIONAL_REPRESENTATION('',(#10462),#10466);
#10462 = LINE('',#10463,#10464);
#10463 = CARTESIAN_POINT('',(11.357527463048,-46.));
#10464 = VECTOR('',#10465,1.);
#10465 = DIRECTION('',(0.,1.));
#10466 = ( GEOMETRIC_REPRESENTATION_CONTEXT(2) 
PARAMETRIC_REPRESENTATION_CONTEXT() REPRESENTATION_CONTEXT('2D SPACE',''
  ) );
#10467 = PCURVE('',#8708,#10468);
#10468 = DEFINITIONAL_REPRESENTATION('',(#10469),#10473);
#10469 = LINE('',#10470,#10471);
#10470 = CARTESIAN_POINT('',(-1.14920458907E-14,-46.));
#10471 = VECTOR('',#10472,1.);
#10472 = DIRECTION('',(0.,1.));
#10473 = ( GEOMETRIC_REPRESENTATION_CONTEXT(2) 
PARAMETRIC_REPRESENTATION_CONTEXT() REPRESENTATION_CONTEXT('2D SPACE',''
  ) );
#10474 = ORIENTED_EDGE('',*,*,#10475,.F.);
#10475 = EDGE_CURVE('',#3448,#10453,#10476,.T.);
#10476 = SURFACE_CURVE('',#10477,(#10481,#10488),.PCURVE_S1.);
#10477 = LINE('',#10478,#10479);
#10478 = CARTESIAN_POINT('',(46.,180.,4.));
#10479 = VECTOR('',#10480,1.);
#10480 = DIRECTION('',(0.,-1.,0.));
#10481 = PCURVE('',#3463,#10482);
#10482 = DEFINITIONAL_REPRESENTATION('',(#10483),#10487);
#10483 = LINE('',#10484,#10485);
#10484 = CARTESIAN_POINT('',(-6.183173559866,46.));
#10485 = VECTOR('',#10486,1.);
#10486 = DIRECTION('',(1.,0.));
#10487 = ( GEOMETRIC_REPRESENTATION_CONTEXT(2) 
PARAMETRIC_REPRESENTATION_CONTEXT() REPRESENTATION_CONTEXT('2D SPACE',''
  ) );
#10488 = PCURVE('',#3491,#10489);
#10489 = DEFINITIONAL_REPRESENTATION('',(#10490),#10494);
#10490 = LINE('',#10491,#10492);
#10491 = CARTESIAN_POINT('',(-119.4369100523,-31.69067703806));
#10492 = VECTOR('',#10493,1.);
#10493 = DIRECTION('',(1.,0.));
#10494 = ( GEOMETRIC_REPRESENTATION_CONTEXT(2) 
PARAMETRIC_REPRESENTATION_CONTEXT() REPRESENTATION_CONTEXT('2D SPACE',''
  ) );
#10495 = ORIENTED_EDGE('',*,*,#3447,.T.);
#10496 = ADVANCED_FACE('',(#10497),#3491,.T.);
#10497 = FACE_BOUND('',#10498,.T.);
#10498 = EDGE_LOOP('',(#10499,#10500,#10521,#10522,#10541));
#10499 = ORIENTED_EDGE('',*,*,#10475,.T.);
#10500 = ORIENTED_EDGE('',*,*,#10501,.T.);
#10501 = EDGE_CURVE('',#10453,#8670,#10502,.T.);
#10502 = SURFACE_CURVE('',#10503,(#10507,#10514),.PCURVE_S1.);
#10503 = LINE('',#10504,#10505);
#10504 = CARTESIAN_POINT('',(46.,163.56934990283,1.805475358776));
#10505 = VECTOR('',#10506,1.);
#10506 = DIRECTION('',(0.,-0.451368839694,0.892337475708));
#10507 = PCURVE('',#3491,#10508);
#10508 = DEFINITIONAL_REPRESENTATION('',(#10509),#10513);
#10509 = LINE('',#10510,#10511);
#10510 = CARTESIAN_POINT('',(-103.0062599551,-33.88520167929));
#10511 = VECTOR('',#10512,1.);
#10512 = DIRECTION('',(0.451368839694,0.892337475708));
#10513 = ( GEOMETRIC_REPRESENTATION_CONTEXT(2) 
PARAMETRIC_REPRESENTATION_CONTEXT() REPRESENTATION_CONTEXT('2D SPACE',''
  ) );
#10514 = PCURVE('',#8708,#10515);
#10515 = DEFINITIONAL_REPRESENTATION('',(#10516),#10520);
#10516 = LINE('',#10517,#10518);
#10517 = CARTESIAN_POINT('',(-2.459298977085,46.));
#10518 = VECTOR('',#10519,1.);
#10519 = DIRECTION('',(1.,0.));
#10520 = ( GEOMETRIC_REPRESENTATION_CONTEXT(2) 
PARAMETRIC_REPRESENTATION_CONTEXT() REPRESENTATION_CONTEXT('2D SPACE',''
  ) );
#10521 = ORIENTED_EDGE('',*,*,#8669,.T.);
#10522 = ORIENTED_EDGE('',*,*,#10523,.T.);
#10523 = EDGE_CURVE('',#8648,#3476,#10524,.T.);
#10524 = SURFACE_CURVE('',#10525,(#10529,#10535),.PCURVE_S1.);
#10525 = LINE('',#10526,#10527);
#10526 = CARTESIAN_POINT('',(46.,145.,67.845338519034));
#10527 = VECTOR('',#10528,1.);
#10528 = DIRECTION('',(-0.,0.,1.));
#10529 = PCURVE('',#3491,#10530);
#10530 = DEFINITIONAL_REPRESENTATION('',(#10531),#10534);
#10531 = B_SPLINE_CURVE_WITH_KNOTS('',1,(#10532,#10533),.UNSPECIFIED.,
  .F.,.F.,(2,2),(-35.47331972959,5.63875895415),
  .PIECEWISE_BEZIER_KNOTS.);
#10532 = CARTESIAN_POINT('',(-84.43691005234,-3.318658248631));
#10533 = CARTESIAN_POINT('',(-84.43691005234,37.793420435116));
#10534 = ( GEOMETRIC_REPRESENTATION_CONTEXT(2) 
PARAMETRIC_REPRESENTATION_CONTEXT() REPRESENTATION_CONTEXT('2D SPACE',''
  ) );
#10535 = PCURVE('',#3519,#10536);
#10536 = DEFINITIONAL_REPRESENTATION('',(#10537),#10540);
#10537 = B_SPLINE_CURVE_WITH_KNOTS('',1,(#10538,#10539),.UNSPECIFIED.,
  .F.,.F.,(2,2),(-35.47331972959,5.63875895415),
  .PIECEWISE_BEZIER_KNOTS.);
#10538 = CARTESIAN_POINT('',(101.,-67.62798121056));
#10539 = CARTESIAN_POINT('',(101.,-26.51590252681));
#10540 = ( GEOMETRIC_REPRESENTATION_CONTEXT(2) 
PARAMETRIC_REPRESENTATION_CONTEXT() REPRESENTATION_CONTEXT('2D SPACE',''
  ) );
#10541 = ORIENTED_EDGE('',*,*,#3475,.T.);
#10542 = ADVANCED_FACE('',(#10543),#3519,.F.);
#10543 = FACE_BOUND('',#10544,.F.);
#10544 = EDGE_LOOP('',(#10545,#10564,#10565,#10566));
#10545 = ORIENTED_EDGE('',*,*,#10546,.F.);
#10546 = EDGE_CURVE('',#8625,#3504,#10547,.T.);
#10547 = SURFACE_CURVE('',#10548,(#10552,#10558),.PCURVE_S1.);
#10548 = LINE('',#10549,#10550);
#10549 = CARTESIAN_POINT('',(45.,145.,67.845338519034));
#10550 = VECTOR('',#10551,1.);
#10551 = DIRECTION('',(-0.,0.,1.));
#10552 = PCURVE('',#3519,#10553);
#10553 = DEFINITIONAL_REPRESENTATION('',(#10554),#10557);
#10554 = B_SPLINE_CURVE_WITH_KNOTS('',1,(#10555,#10556),.UNSPECIFIED.,
  .F.,.F.,(2,2),(-63.84533851903,11.397100310264),
  .PIECEWISE_BEZIER_KNOTS.);
#10555 = CARTESIAN_POINT('',(100.,-96.));
#10556 = CARTESIAN_POINT('',(100.,-20.7575611707));
#10557 = ( GEOMETRIC_REPRESENTATION_CONTEXT(2) 
PARAMETRIC_REPRESENTATION_CONTEXT() REPRESENTATION_CONTEXT('2D SPACE',''
  ) );
#10558 = PCURVE('',#3546,#10559);
#10559 = DEFINITIONAL_REPRESENTATION('',(#10560),#10563);
#10560 = B_SPLINE_CURVE_WITH_KNOTS('',1,(#10561,#10562),.UNSPECIFIED.,
  .F.,.F.,(2,2),(-63.84533851903,11.397100310264),
  .PIECEWISE_BEZIER_KNOTS.);
#10561 = CARTESIAN_POINT('',(-84.43691005234,-31.69067703806));
#10562 = CARTESIAN_POINT('',(-84.43691005234,43.55176179123));
#10563 = ( GEOMETRIC_REPRESENTATION_CONTEXT(2) 
PARAMETRIC_REPRESENTATION_CONTEXT() REPRESENTATION_CONTEXT('2D SPACE',''
  ) );
#10564 = ORIENTED_EDGE('',*,*,#8647,.T.);
#10565 = ORIENTED_EDGE('',*,*,#10523,.T.);
#10566 = ORIENTED_EDGE('',*,*,#3503,.T.);
#10567 = ADVANCED_FACE('',(#10568),#3546,.T.);
#10568 = FACE_BOUND('',#10569,.T.);
#10569 = EDGE_LOOP('',(#10570,#10571,#10572,#10591));
#10570 = ORIENTED_EDGE('',*,*,#10546,.F.);
#10571 = ORIENTED_EDGE('',*,*,#8624,.F.);
#10572 = ORIENTED_EDGE('',*,*,#10573,.T.);
#10573 = EDGE_CURVE('',#8603,#3531,#10574,.T.);
#10574 = SURFACE_CURVE('',#10575,(#10579,#10585),.PCURVE_S1.);
#10575 = LINE('',#10576,#10577);
#10576 = CARTESIAN_POINT('',(45.,142.5,67.845338519034));
#10577 = VECTOR('',#10578,1.);
#10578 = DIRECTION('',(-0.,0.,1.));
#10579 = PCURVE('',#3546,#10580);
#10580 = DEFINITIONAL_REPRESENTATION('',(#10581),#10584);
#10581 = B_SPLINE_CURVE_WITH_KNOTS('',1,(#10582,#10583),.UNSPECIFIED.,
  .F.,.F.,(2,2),(-63.84533851903,11.397100310264),
  .PIECEWISE_BEZIER_KNOTS.);
#10582 = CARTESIAN_POINT('',(-81.93691005234,-31.69067703806));
#10583 = CARTESIAN_POINT('',(-81.93691005234,43.55176179123));
#10584 = ( GEOMETRIC_REPRESENTATION_CONTEXT(2) 
PARAMETRIC_REPRESENTATION_CONTEXT() REPRESENTATION_CONTEXT('2D SPACE',''
  ) );
#10585 = PCURVE('',#3572,#10586);
#10586 = DEFINITIONAL_REPRESENTATION('',(#10587),#10590);
#10587 = B_SPLINE_CURVE_WITH_KNOTS('',1,(#10588,#10589),.UNSPECIFIED.,
  .F.,.F.,(2,2),(-63.84533851903,11.397100310264),
  .PIECEWISE_BEZIER_KNOTS.);
#10588 = CARTESIAN_POINT('',(15.5,-96.));
#10589 = CARTESIAN_POINT('',(15.5,-20.7575611707));
#10590 = ( GEOMETRIC_REPRESENTATION_CONTEXT(2) 
PARAMETRIC_REPRESENTATION_CONTEXT() REPRESENTATION_CONTEXT('2D SPACE',''
  ) );
#10591 = ORIENTED_EDGE('',*,*,#3530,.T.);
#10592 = ADVANCED_FACE('',(#10593),#3572,.T.);
#10593 = FACE_BOUND('',#10594,.T.);
#10594 = EDGE_LOOP('',(#10595,#10596,#10597,#10598));
#10595 = ORIENTED_EDGE('',*,*,#3558,.T.);
#10596 = ORIENTED_EDGE('',*,*,#10573,.F.);
#10597 = ORIENTED_EDGE('',*,*,#8602,.T.);
#10598 = ORIENTED_EDGE('',*,*,#3586,.T.);
#10599 = ADVANCED_FACE('',(#10600),#3645,.T.);
#10600 = FACE_BOUND('',#10601,.T.);
#10601 = EDGE_LOOP('',(#10602,#10603,#10604,#10625));
#10602 = ORIENTED_EDGE('',*,*,#3630,.T.);
#10603 = ORIENTED_EDGE('',*,*,#9483,.T.);
#10604 = ORIENTED_EDGE('',*,*,#10605,.T.);
#10605 = EDGE_CURVE('',#9449,#3705,#10606,.T.);
#10606 = SURFACE_CURVE('',#10607,(#10611,#10618),.PCURVE_S1.);
#10607 = LINE('',#10608,#10609);
#10608 = CARTESIAN_POINT('',(42.,153.83881550472,-8.905167413378));
#10609 = VECTOR('',#10610,1.);
#10610 = DIRECTION('',(0.,-0.253359391838,0.96737222338));
#10611 = PCURVE('',#3645,#10612);
#10612 = DEFINITIONAL_REPRESENTATION('',(#10613),#10617);
#10613 = LINE('',#10614,#10615);
#10614 = CARTESIAN_POINT('',(0.,0.));
#10615 = VECTOR('',#10616,1.);
#10616 = DIRECTION('',(1.,0.));
#10617 = ( GEOMETRIC_REPRESENTATION_CONTEXT(2) 
PARAMETRIC_REPRESENTATION_CONTEXT() REPRESENTATION_CONTEXT('2D SPACE',''
  ) );
#10618 = PCURVE('',#3742,#10619);
#10619 = DEFINITIONAL_REPRESENTATION('',(#10620),#10624);
#10620 = LINE('',#10621,#10622);
#10621 = CARTESIAN_POINT('',(1.570796326795,0.));
#10622 = VECTOR('',#10623,1.);
#10623 = DIRECTION('',(0.,1.));
#10624 = ( GEOMETRIC_REPRESENTATION_CONTEXT(2) 
PARAMETRIC_REPRESENTATION_CONTEXT() REPRESENTATION_CONTEXT('2D SPACE',''
  ) );
#10625 = ORIENTED_EDGE('',*,*,#3704,.T.);
#10626 = ADVANCED_FACE('',(#10627),#3920,.F.);
#10627 = FACE_BOUND('',#10628,.F.);
#10628 = EDGE_LOOP('',(#10629,#10630,#10650,#10651));
#10629 = ORIENTED_EDGE('',*,*,#6839,.F.);
#10630 = ORIENTED_EDGE('',*,*,#10631,.F.);
#10631 = EDGE_CURVE('',#6936,#6811,#10632,.T.);
#10632 = SURFACE_CURVE('',#10633,(#10637,#10644),.PCURVE_S1.);
#10633 = LINE('',#10634,#10635);
#10634 = CARTESIAN_POINT('',(46.,36.6,28.));
#10635 = VECTOR('',#10636,1.);
#10636 = DIRECTION('',(1.,0.,0.));
#10637 = PCURVE('',#3920,#10638);
#10638 = DEFINITIONAL_REPRESENTATION('',(#10639),#10643);
#10639 = LINE('',#10640,#10641);
#10640 = CARTESIAN_POINT('',(0.,0.));
#10641 = VECTOR('',#10642,1.);
#10642 = DIRECTION('',(0.,1.));
#10643 = ( GEOMETRIC_REPRESENTATION_CONTEXT(2) 
PARAMETRIC_REPRESENTATION_CONTEXT() REPRESENTATION_CONTEXT('2D SPACE',''
  ) );
#10644 = PCURVE('',#6827,#10645);
#10645 = DEFINITIONAL_REPRESENTATION('',(#10646),#10649);
#10646 = B_SPLINE_CURVE_WITH_KNOTS('',1,(#10647,#10648),.UNSPECIFIED.,
  .F.,.F.,(2,2),(0.,2.5),.PIECEWISE_BEZIER_KNOTS.);
#10647 = CARTESIAN_POINT('',(7.853981633974,0.));
#10648 = CARTESIAN_POINT('',(7.853981633974,2.5));
#10649 = ( GEOMETRIC_REPRESENTATION_CONTEXT(2) 
PARAMETRIC_REPRESENTATION_CONTEXT() REPRESENTATION_CONTEXT('2D SPACE',''
  ) );
#10650 = ORIENTED_EDGE('',*,*,#6959,.T.);
#10651 = ORIENTED_EDGE('',*,*,#3905,.F.);
#10652 = ADVANCED_FACE('',(#10653),#3873,.T.);
#10653 = FACE_BOUND('',#10654,.T.);
#10654 = EDGE_LOOP('',(#10655,#10676,#10677,#10678,#10679,#10700));
#10655 = ORIENTED_EDGE('',*,*,#10656,.F.);
#10656 = EDGE_CURVE('',#9332,#10657,#10659,.T.);
#10657 = VERTEX_POINT('',#10658);
#10658 = CARTESIAN_POINT('',(45.,42.,41.333333333333));
#10659 = SURFACE_CURVE('',#10660,(#10664,#10670),.PCURVE_S1.);
#10660 = LINE('',#10661,#10662);
#10661 = CARTESIAN_POINT('',(45.,42.,67.845338519034));
#10662 = VECTOR('',#10663,1.);
#10663 = DIRECTION('',(-0.,0.,1.));
#10664 = PCURVE('',#3873,#10665);
#10665 = DEFINITIONAL_REPRESENTATION('',(#10666),#10669);
#10666 = B_SPLINE_CURVE_WITH_KNOTS('',1,(#10667,#10668),.UNSPECIFIED.,
  .F.,.F.,(2,2),(-63.84533851903,11.397100310264),
  .PIECEWISE_BEZIER_KNOTS.);
#10667 = CARTESIAN_POINT('',(4.5,-96.));
#10668 = CARTESIAN_POINT('',(4.5,-20.7575611707));
#10669 = ( GEOMETRIC_REPRESENTATION_CONTEXT(2) 
PARAMETRIC_REPRESENTATION_CONTEXT() REPRESENTATION_CONTEXT('2D SPACE',''
  ) );
#10670 = PCURVE('',#9369,#10671);
#10671 = DEFINITIONAL_REPRESENTATION('',(#10672),#10675);
#10672 = B_SPLINE_CURVE_WITH_KNOTS('',1,(#10673,#10674),.UNSPECIFIED.,
  .F.,.F.,(2,2),(-63.84533851903,11.397100310264),
  .PIECEWISE_BEZIER_KNOTS.);
#10673 = CARTESIAN_POINT('',(18.563089947655,-31.69067703806));
#10674 = CARTESIAN_POINT('',(18.563089947655,43.55176179123));
#10675 = ( GEOMETRIC_REPRESENTATION_CONTEXT(2) 
PARAMETRIC_REPRESENTATION_CONTEXT() REPRESENTATION_CONTEXT('2D SPACE',''
  ) );
#10676 = ORIENTED_EDGE('',*,*,#9331,.T.);
#10677 = ORIENTED_EDGE('',*,*,#6981,.T.);
#10678 = ORIENTED_EDGE('',*,*,#3858,.T.);
#10679 = ORIENTED_EDGE('',*,*,#10680,.T.);
#10680 = EDGE_CURVE('',#3833,#10681,#10683,.T.);
#10681 = VERTEX_POINT('',#10682);
#10682 = CARTESIAN_POINT('',(48.2,42.,41.333333333333));
#10683 = SURFACE_CURVE('',#10684,(#10688,#10694),.PCURVE_S1.);
#10684 = LINE('',#10685,#10686);
#10685 = CARTESIAN_POINT('',(48.2,42.,67.845338519034));
#10686 = VECTOR('',#10687,1.);
#10687 = DIRECTION('',(-0.,0.,1.));
#10688 = PCURVE('',#3873,#10689);
#10689 = DEFINITIONAL_REPRESENTATION('',(#10690),#10693);
#10690 = B_SPLINE_CURVE_WITH_KNOTS('',1,(#10691,#10692),.UNSPECIFIED.,
  .F.,.F.,(2,2),(-66.04533851903,16.76375895415),
  .PIECEWISE_BEZIER_KNOTS.);
#10691 = CARTESIAN_POINT('',(7.7,-98.2));
#10692 = CARTESIAN_POINT('',(7.7,-15.39090252681));
#10693 = ( GEOMETRIC_REPRESENTATION_CONTEXT(2) 
PARAMETRIC_REPRESENTATION_CONTEXT() REPRESENTATION_CONTEXT('2D SPACE',''
  ) );
#10694 = PCURVE('',#3847,#10695);
#10695 = DEFINITIONAL_REPRESENTATION('',(#10696),#10699);
#10696 = B_SPLINE_CURVE_WITH_KNOTS('',1,(#10697,#10698),.UNSPECIFIED.,
  .F.,.F.,(2,2),(-66.04533851903,16.76375895415),
  .PIECEWISE_BEZIER_KNOTS.);
#10697 = CARTESIAN_POINT('',(18.563089947655,-33.89067703806));
#10698 = CARTESIAN_POINT('',(18.563089947655,48.918420435116));
#10699 = ( GEOMETRIC_REPRESENTATION_CONTEXT(2) 
PARAMETRIC_REPRESENTATION_CONTEXT() REPRESENTATION_CONTEXT('2D SPACE',''
  ) );
#10700 = ORIENTED_EDGE('',*,*,#10701,.F.);
#10701 = EDGE_CURVE('',#10657,#10681,#10702,.T.);
#10702 = SURFACE_CURVE('',#10703,(#10707,#10713),.PCURVE_S1.);
#10703 = LINE('',#10704,#10705);
#10704 = CARTESIAN_POINT('',(20.25,42.,41.333333333333));
#10705 = VECTOR('',#10706,1.);
#10706 = DIRECTION('',(1.,0.,0.));
#10707 = PCURVE('',#3873,#10708);
#10708 = DEFINITIONAL_REPRESENTATION('',(#10709),#10712);
#10709 = B_SPLINE_CURVE_WITH_KNOTS('',1,(#10710,#10711),.UNSPECIFIED.,
  .F.,.F.,(2,2),(20.25,27.95),.PIECEWISE_BEZIER_KNOTS.);
#10710 = CARTESIAN_POINT('',(0.,-58.66666666666));
#10711 = CARTESIAN_POINT('',(7.7,-58.66666666666));
#10712 = ( GEOMETRIC_REPRESENTATION_CONTEXT(2) 
PARAMETRIC_REPRESENTATION_CONTEXT() REPRESENTATION_CONTEXT('2D SPACE',''
  ) );
#10713 = PCURVE('',#10714,#10719);
#10714 = PLANE('',#10715);
#10715 = AXIS2_PLACEMENT_3D('',#10716,#10717,#10718);
#10716 = CARTESIAN_POINT('',(0.,140.,67.));
#10717 = DIRECTION('',(0.,-0.253359391838,0.96737222338));
#10718 = DIRECTION('',(0.,-0.96737222338,-0.253359391838));
#10719 = DEFINITIONAL_REPRESENTATION('',(#10720),#10723);
#10720 = B_SPLINE_CURVE_WITH_KNOTS('',1,(#10721,#10722),.UNSPECIFIED.,
  .F.,.F.,(2,2),(20.25,27.95),.PIECEWISE_BEZIER_KNOTS.);
#10721 = CARTESIAN_POINT('',(101.30536894843,40.5));
#10722 = CARTESIAN_POINT('',(101.30536894843,48.2));
#10723 = ( GEOMETRIC_REPRESENTATION_CONTEXT(2) 
PARAMETRIC_REPRESENTATION_CONTEXT() REPRESENTATION_CONTEXT('2D SPACE',''
  ) );
#10724 = ADVANCED_FACE('',(#10725),#3847,.F.);
#10725 = FACE_BOUND('',#10726,.F.);
#10726 = EDGE_LOOP('',(#10727,#10748,#10749,#10750));
#10727 = ORIENTED_EDGE('',*,*,#10728,.F.);
#10728 = EDGE_CURVE('',#3807,#10729,#10731,.T.);
#10729 = VERTEX_POINT('',#10730);
#10730 = CARTESIAN_POINT('',(48.2,117.5,61.107142857143));
#10731 = SURFACE_CURVE('',#10732,(#10736,#10742),.PCURVE_S1.);
#10732 = LINE('',#10733,#10734);
#10733 = CARTESIAN_POINT('',(48.2,117.5,67.845338519034));
#10734 = VECTOR('',#10735,1.);
#10735 = DIRECTION('',(-0.,0.,1.));
#10736 = PCURVE('',#3847,#10737);
#10737 = DEFINITIONAL_REPRESENTATION('',(#10738),#10741);
#10738 = B_SPLINE_CURVE_WITH_KNOTS('',1,(#10739,#10740),.UNSPECIFIED.,
  .F.,.F.,(2,2),(-66.04533851903,16.76375895415),
  .PIECEWISE_BEZIER_KNOTS.);
#10739 = CARTESIAN_POINT('',(-56.93691005234,-33.89067703806));
#10740 = CARTESIAN_POINT('',(-56.93691005234,48.918420435116));
#10741 = ( GEOMETRIC_REPRESENTATION_CONTEXT(2) 
PARAMETRIC_REPRESENTATION_CONTEXT() REPRESENTATION_CONTEXT('2D SPACE',''
  ) );
#10742 = PCURVE('',#3821,#10743);
#10743 = DEFINITIONAL_REPRESENTATION('',(#10744),#10747);
#10744 = B_SPLINE_CURVE_WITH_KNOTS('',1,(#10745,#10746),.UNSPECIFIED.,
  .F.,.F.,(2,2),(-66.04533851903,16.76375895415),
  .PIECEWISE_BEZIER_KNOTS.);
#10745 = CARTESIAN_POINT('',(18.7,-98.2));
#10746 = CARTESIAN_POINT('',(18.7,-15.39090252681));
#10747 = ( GEOMETRIC_REPRESENTATION_CONTEXT(2) 
PARAMETRIC_REPRESENTATION_CONTEXT() REPRESENTATION_CONTEXT('2D SPACE',''
  ) );
#10748 = ORIENTED_EDGE('',*,*,#3832,.T.);
#10749 = ORIENTED_EDGE('',*,*,#10680,.T.);
#10750 = ORIENTED_EDGE('',*,*,#10751,.T.);
#10751 = EDGE_CURVE('',#10681,#10729,#10752,.T.);
#10752 = SURFACE_CURVE('',#10753,(#10757,#10763),.PCURVE_S1.);
#10753 = LINE('',#10754,#10755);
#10754 = CARTESIAN_POINT('',(48.2,98.994266169563,56.260403044409));
#10755 = VECTOR('',#10756,1.);
#10756 = DIRECTION('',(-0.,0.96737222338,0.253359391838));
#10757 = PCURVE('',#3847,#10758);
#10758 = DEFINITIONAL_REPRESENTATION('',(#10759),#10762);
#10759 = B_SPLINE_CURVE_WITH_KNOTS('',1,(#10760,#10761),.UNSPECIFIED.,
  .F.,.F.,(2,2),(-170.5592347824,42.388785660139),
  .PIECEWISE_BEZIER_KNOTS.);
#10760 = CARTESIAN_POINT('',(126.56308994765,-22.64305799044));
#10761 = CARTESIAN_POINT('',(-79.43691005234,31.309322961933));
#10762 = ( GEOMETRIC_REPRESENTATION_CONTEXT(2) 
PARAMETRIC_REPRESENTATION_CONTEXT() REPRESENTATION_CONTEXT('2D SPACE',''
  ) );
#10763 = PCURVE('',#10714,#10764);
#10764 = DEFINITIONAL_REPRESENTATION('',(#10765),#10768);
#10765 = B_SPLINE_CURVE_WITH_KNOTS('',1,(#10766,#10767),.UNSPECIFIED.,
  .F.,.F.,(2,2),(-170.5592347824,42.388785660139),
  .PIECEWISE_BEZIER_KNOTS.);
#10766 = CARTESIAN_POINT('',(212.94802044262,48.2));
#10767 = CARTESIAN_POINT('',(0.,48.2));
#10768 = ( GEOMETRIC_REPRESENTATION_CONTEXT(2) 
PARAMETRIC_REPRESENTATION_CONTEXT() REPRESENTATION_CONTEXT('2D SPACE',''
  ) );
#10769 = ADVANCED_FACE('',(#10770),#3821,.F.);
#10770 = FACE_BOUND('',#10771,.F.);
#10771 = EDGE_LOOP('',(#10772,#10793,#10794,#10813,#10814,#10815));
#10772 = ORIENTED_EDGE('',*,*,#10773,.F.);
#10773 = EDGE_CURVE('',#9354,#10774,#10776,.T.);
#10774 = VERTEX_POINT('',#10775);
#10775 = CARTESIAN_POINT('',(45.,117.5,61.107142857143));
#10776 = SURFACE_CURVE('',#10777,(#10781,#10787),.PCURVE_S1.);
#10777 = LINE('',#10778,#10779);
#10778 = CARTESIAN_POINT('',(45.,117.5,67.845338519034));
#10779 = VECTOR('',#10780,1.);
#10780 = DIRECTION('',(-0.,0.,1.));
#10781 = PCURVE('',#3821,#10782);
#10782 = DEFINITIONAL_REPRESENTATION('',(#10783),#10786);
#10783 = B_SPLINE_CURVE_WITH_KNOTS('',1,(#10784,#10785),.UNSPECIFIED.,
  .F.,.F.,(2,2),(-63.84533851903,11.397100310264),
  .PIECEWISE_BEZIER_KNOTS.);
#10784 = CARTESIAN_POINT('',(15.5,-96.));
#10785 = CARTESIAN_POINT('',(15.5,-20.7575611707));
#10786 = ( GEOMETRIC_REPRESENTATION_CONTEXT(2) 
PARAMETRIC_REPRESENTATION_CONTEXT() REPRESENTATION_CONTEXT('2D SPACE',''
  ) );
#10787 = PCURVE('',#9369,#10788);
#10788 = DEFINITIONAL_REPRESENTATION('',(#10789),#10792);
#10789 = B_SPLINE_CURVE_WITH_KNOTS('',1,(#10790,#10791),.UNSPECIFIED.,
  .F.,.F.,(2,2),(-63.84533851903,11.397100310264),
  .PIECEWISE_BEZIER_KNOTS.);
#10790 = CARTESIAN_POINT('',(-56.93691005234,-31.69067703806));
#10791 = CARTESIAN_POINT('',(-56.93691005234,43.55176179123));
#10792 = ( GEOMETRIC_REPRESENTATION_CONTEXT(2) 
PARAMETRIC_REPRESENTATION_CONTEXT() REPRESENTATION_CONTEXT('2D SPACE',''
  ) );
#10793 = ORIENTED_EDGE('',*,*,#9381,.T.);
#10794 = ORIENTED_EDGE('',*,*,#10795,.T.);
#10795 = EDGE_CURVE('',#9382,#3781,#10796,.T.);
#10796 = SURFACE_CURVE('',#10797,(#10801,#10807),.PCURVE_S1.);
#10797 = LINE('',#10798,#10799);
#10798 = CARTESIAN_POINT('',(46.,117.5,67.845338519034));
#10799 = VECTOR('',#10800,1.);
#10800 = DIRECTION('',(-0.,0.,1.));
#10801 = PCURVE('',#3821,#10802);
#10802 = DEFINITIONAL_REPRESENTATION('',(#10803),#10806);
#10803 = B_SPLINE_CURVE_WITH_KNOTS('',1,(#10804,#10805),.UNSPECIFIED.,
  .F.,.F.,(2,2),(-39.24134965312,-6.738195661891),
  .PIECEWISE_BEZIER_KNOTS.);
#10804 = CARTESIAN_POINT('',(16.5,-71.39601113409));
#10805 = CARTESIAN_POINT('',(16.5,-38.89285714285));
#10806 = ( GEOMETRIC_REPRESENTATION_CONTEXT(2) 
PARAMETRIC_REPRESENTATION_CONTEXT() REPRESENTATION_CONTEXT('2D SPACE',''
  ) );
#10807 = PCURVE('',#3795,#10808);
#10808 = DEFINITIONAL_REPRESENTATION('',(#10809),#10812);
#10809 = B_SPLINE_CURVE_WITH_KNOTS('',1,(#10810,#10811),.UNSPECIFIED.,
  .F.,.F.,(2,2),(-39.24134965312,-6.738195661891),
  .PIECEWISE_BEZIER_KNOTS.);
#10810 = CARTESIAN_POINT('',(-56.93691005234,-7.086688172159));
#10811 = CARTESIAN_POINT('',(-56.93691005234,25.416465819075));
#10812 = ( GEOMETRIC_REPRESENTATION_CONTEXT(2) 
PARAMETRIC_REPRESENTATION_CONTEXT() REPRESENTATION_CONTEXT('2D SPACE',''
  ) );
#10813 = ORIENTED_EDGE('',*,*,#3806,.T.);
#10814 = ORIENTED_EDGE('',*,*,#10728,.T.);
#10815 = ORIENTED_EDGE('',*,*,#10816,.F.);
#10816 = EDGE_CURVE('',#10774,#10729,#10817,.T.);
#10817 = SURFACE_CURVE('',#10818,(#10822,#10828),.PCURVE_S1.);
#10818 = LINE('',#10819,#10820);
#10819 = CARTESIAN_POINT('',(14.75,117.5,61.107142857143));
#10820 = VECTOR('',#10821,1.);
#10821 = DIRECTION('',(1.,0.,0.));
#10822 = PCURVE('',#3821,#10823);
#10823 = DEFINITIONAL_REPRESENTATION('',(#10824),#10827);
#10824 = B_SPLINE_CURVE_WITH_KNOTS('',1,(#10825,#10826),.UNSPECIFIED.,
  .F.,.F.,(2,2),(14.75,33.45),.PIECEWISE_BEZIER_KNOTS.);
#10825 = CARTESIAN_POINT('',(0.,-38.89285714285));
#10826 = CARTESIAN_POINT('',(18.7,-38.89285714285));
#10827 = ( GEOMETRIC_REPRESENTATION_CONTEXT(2) 
PARAMETRIC_REPRESENTATION_CONTEXT() REPRESENTATION_CONTEXT('2D SPACE',''
  ) );
#10828 = PCURVE('',#10714,#10829);
#10829 = DEFINITIONAL_REPRESENTATION('',(#10830),#10833);
#10830 = B_SPLINE_CURVE_WITH_KNOTS('',1,(#10831,#10832),.UNSPECIFIED.,
  .F.,.F.,(2,2),(14.75,33.45),.PIECEWISE_BEZIER_KNOTS.);
#10831 = CARTESIAN_POINT('',(23.258885727956,29.5));
#10832 = CARTESIAN_POINT('',(23.258885727956,48.2));
#10833 = ( GEOMETRIC_REPRESENTATION_CONTEXT(2) 
PARAMETRIC_REPRESENTATION_CONTEXT() REPRESENTATION_CONTEXT('2D SPACE',''
  ) );
#10834 = ADVANCED_FACE('',(#10835),#3795,.T.);
#10835 = FACE_BOUND('',#10836,.T.);
#10836 = EDGE_LOOP('',(#10837,#10838,#10857,#10858));
#10837 = ORIENTED_EDGE('',*,*,#3780,.T.);
#10838 = ORIENTED_EDGE('',*,*,#10839,.T.);
#10839 = EDGE_CURVE('',#3755,#9404,#10840,.T.);
#10840 = SURFACE_CURVE('',#10841,(#10845,#10851),.PCURVE_S1.);
#10841 = LINE('',#10842,#10843);
#10842 = CARTESIAN_POINT('',(46.,135.70630204308,20.858441538197));
#10843 = VECTOR('',#10844,1.);
#10844 = DIRECTION('',(0.,0.253359391838,-0.96737222338));
#10845 = PCURVE('',#3795,#10846);
#10846 = DEFINITIONAL_REPRESENTATION('',(#10847),#10850);
#10847 = B_SPLINE_CURVE_WITH_KNOTS('',1,(#10848,#10849),.UNSPECIFIED.,
  .F.,.F.,(2,2),(-64.83040221069,-8.497866061092),
  .PIECEWISE_BEZIER_KNOTS.);
#10848 = CARTESIAN_POINT('',(-58.71782081873,47.88289482932));
#10849 = CARTESIAN_POINT('',(-72.99019791826,-6.611635914364));
#10850 = ( GEOMETRIC_REPRESENTATION_CONTEXT(2) 
PARAMETRIC_REPRESENTATION_CONTEXT() REPRESENTATION_CONTEXT('2D SPACE',''
  ) );
#10851 = PCURVE('',#3769,#10852);
#10852 = DEFINITIONAL_REPRESENTATION('',(#10853),#10856);
#10853 = B_SPLINE_CURVE_WITH_KNOTS('',1,(#10854,#10855),.UNSPECIFIED.,
  .F.,.F.,(2,2),(-64.83040221069,-8.497866061092),
  .PIECEWISE_BEZIER_KNOTS.);
#10854 = CARTESIAN_POINT('',(98.216933361126,4.));
#10855 = CARTESIAN_POINT('',(41.884397211529,4.));
#10856 = ( GEOMETRIC_REPRESENTATION_CONTEXT(2) 
PARAMETRIC_REPRESENTATION_CONTEXT() REPRESENTATION_CONTEXT('2D SPACE',''
  ) );
#10857 = ORIENTED_EDGE('',*,*,#9403,.T.);
#10858 = ORIENTED_EDGE('',*,*,#10795,.T.);
#10859 = ADVANCED_FACE('',(#10860),#3769,.F.);
#10860 = FACE_BOUND('',#10861,.F.);
#10861 = EDGE_LOOP('',(#10862,#10863,#10864,#10865));
#10862 = ORIENTED_EDGE('',*,*,#3754,.T.);
#10863 = ORIENTED_EDGE('',*,*,#10839,.T.);
#10864 = ORIENTED_EDGE('',*,*,#9426,.T.);
#10865 = ORIENTED_EDGE('',*,*,#10866,.T.);
#10866 = EDGE_CURVE('',#9427,#3726,#10867,.T.);
#10867 = SURFACE_CURVE('',#10868,(#10872,#10879),.PCURVE_S1.);
#10868 = LINE('',#10869,#10870);
#10869 = CARTESIAN_POINT('',(42.,144.16509327092,-11.43876133175));
#10870 = VECTOR('',#10871,1.);
#10871 = DIRECTION('',(0.,-0.253359391838,0.96737222338));
#10872 = PCURVE('',#3769,#10873);
#10873 = DEFINITIONAL_REPRESENTATION('',(#10874),#10878);
#10874 = LINE('',#10875,#10876);
#10875 = CARTESIAN_POINT('',(0.,0.));
#10876 = VECTOR('',#10877,1.);
#10877 = DIRECTION('',(1.,0.));
#10878 = ( GEOMETRIC_REPRESENTATION_CONTEXT(2) 
PARAMETRIC_REPRESENTATION_CONTEXT() REPRESENTATION_CONTEXT('2D SPACE',''
  ) );
#10879 = PCURVE('',#3742,#10880);
#10880 = DEFINITIONAL_REPRESENTATION('',(#10881),#10885);
#10881 = LINE('',#10882,#10883);
#10882 = CARTESIAN_POINT('',(4.712388980385,0.));
#10883 = VECTOR('',#10884,1.);
#10884 = DIRECTION('',(0.,1.));
#10885 = ( GEOMETRIC_REPRESENTATION_CONTEXT(2) 
PARAMETRIC_REPRESENTATION_CONTEXT() REPRESENTATION_CONTEXT('2D SPACE',''
  ) );
#10886 = ADVANCED_FACE('',(#10887),#3742,.T.);
#10887 = FACE_BOUND('',#10888,.T.);
#10888 = EDGE_LOOP('',(#10889,#10890,#10891,#10892));
#10889 = ORIENTED_EDGE('',*,*,#3725,.F.);
#10890 = ORIENTED_EDGE('',*,*,#10605,.F.);
#10891 = ORIENTED_EDGE('',*,*,#9448,.T.);
#10892 = ORIENTED_EDGE('',*,*,#10866,.T.);
#10893 = ADVANCED_FACE('',(#10894),#3969,.F.);
#10894 = FACE_BOUND('',#10895,.F.);
#10895 = EDGE_LOOP('',(#10896,#10919,#10920,#10921));
#10896 = ORIENTED_EDGE('',*,*,#10897,.T.);
#10897 = EDGE_CURVE('',#10898,#3953,#10900,.T.);
#10898 = VERTEX_POINT('',#10899);
#10899 = CARTESIAN_POINT('',(43.7,133.01244316895,50.878896644961));
#10900 = SEAM_CURVE('',#10901,(#10905,#10912),.PCURVE_S1.);
#10901 = LINE('',#10902,#10903);
#10902 = CARTESIAN_POINT('',(43.7,145.20156351026,4.338618978138));
#10903 = VECTOR('',#10904,1.);
#10904 = DIRECTION('',(0.,-0.253359391838,0.96737222338));
#10905 = PCURVE('',#3969,#10906);
#10906 = DEFINITIONAL_REPRESENTATION('',(#10907),#10911);
#10907 = LINE('',#10908,#10909);
#10908 = CARTESIAN_POINT('',(6.28318530718,-0.));
#10909 = VECTOR('',#10910,1.);
#10910 = DIRECTION('',(0.,1.));
#10911 = ( GEOMETRIC_REPRESENTATION_CONTEXT(2) 
PARAMETRIC_REPRESENTATION_CONTEXT() REPRESENTATION_CONTEXT('2D SPACE',''
  ) );
#10912 = PCURVE('',#3969,#10913);
#10913 = DEFINITIONAL_REPRESENTATION('',(#10914),#10918);
#10914 = LINE('',#10915,#10916);
#10915 = CARTESIAN_POINT('',(0.,-0.));
#10916 = VECTOR('',#10917,1.);
#10917 = DIRECTION('',(0.,1.));
#10918 = ( GEOMETRIC_REPRESENTATION_CONTEXT(2) 
PARAMETRIC_REPRESENTATION_CONTEXT() REPRESENTATION_CONTEXT('2D SPACE',''
  ) );
#10919 = ORIENTED_EDGE('',*,*,#3952,.F.);
#10920 = ORIENTED_EDGE('',*,*,#10897,.F.);
#10921 = ORIENTED_EDGE('',*,*,#10922,.T.);
#10922 = EDGE_CURVE('',#10898,#10898,#10923,.T.);
#10923 = SURFACE_CURVE('',#10924,(#10929,#10936),.PCURVE_S1.);
#10924 = CIRCLE('',#10925,1.7);
#10925 = AXIS2_PLACEMENT_3D('',#10926,#10927,#10928);
#10926 = CARTESIAN_POINT('',(42.,133.01244316895,50.878896644961));
#10927 = DIRECTION('',(0.,-0.253359391838,0.96737222338));
#10928 = DIRECTION('',(1.,0.,0.));
#10929 = PCURVE('',#3969,#10930);
#10930 = DEFINITIONAL_REPRESENTATION('',(#10931),#10935);
#10931 = LINE('',#10932,#10933);
#10932 = CARTESIAN_POINT('',(0.,48.11));
#10933 = VECTOR('',#10934,1.);
#10934 = DIRECTION('',(1.,0.));
#10935 = ( GEOMETRIC_REPRESENTATION_CONTEXT(2) 
PARAMETRIC_REPRESENTATION_CONTEXT() REPRESENTATION_CONTEXT('2D SPACE',''
  ) );
#10936 = PCURVE('',#10937,#10942);
#10937 = PLANE('',#10938);
#10938 = AXIS2_PLACEMENT_3D('',#10939,#10940,#10941);
#10939 = CARTESIAN_POINT('',(42.,133.01244316895,50.878896644961));
#10940 = DIRECTION('',(0.,-0.253359391838,0.96737222338));
#10941 = DIRECTION('',(1.,0.,0.));
#10942 = DEFINITIONAL_REPRESENTATION('',(#10943),#10947);
#10943 = CIRCLE('',#10944,1.7);
#10944 = AXIS2_PLACEMENT_2D('',#10945,#10946);
#10945 = CARTESIAN_POINT('',(0.,2.929459899803E-14));
#10946 = DIRECTION('',(1.,0.));
#10947 = ( GEOMETRIC_REPRESENTATION_CONTEXT(2) 
PARAMETRIC_REPRESENTATION_CONTEXT() REPRESENTATION_CONTEXT('2D SPACE',''
  ) );
#10948 = ADVANCED_FACE('',(#10949),#4019,.T.);
#10949 = FACE_BOUND('',#10950,.T.);
#10950 = EDGE_LOOP('',(#10951,#10970,#10971,#10972));
#10951 = ORIENTED_EDGE('',*,*,#10952,.T.);
#10952 = EDGE_CURVE('',#4064,#4717,#10953,.T.);
#10953 = SURFACE_CURVE('',#10954,(#10958,#10964),.PCURVE_S1.);
#10954 = LINE('',#10955,#10956);
#10955 = CARTESIAN_POINT('',(46.,-69.25753787975,0.856066017178));
#10956 = VECTOR('',#10957,1.);
#10957 = DIRECTION('',(-0.,0.755453954996,-0.65520174136));
#10958 = PCURVE('',#4019,#10959);
#10959 = DEFINITIONAL_REPRESENTATION('',(#10960),#10963);
#10960 = B_SPLINE_CURVE_WITH_KNOTS('',1,(#10961,#10962),.UNSPECIFIED.,
  .F.,.F.,(2,2),(-0.98280261204,0.98280261204),
  .PIECEWISE_BEZIER_KNOTS.);
#10961 = CARTESIAN_POINT('',(0.,310.95223136755));
#10962 = CARTESIAN_POINT('',(6.529406453603,310.95223136755));
#10963 = ( GEOMETRIC_REPRESENTATION_CONTEXT(2) 
PARAMETRIC_REPRESENTATION_CONTEXT() REPRESENTATION_CONTEXT('2D SPACE',''
  ) );
#10964 = PCURVE('',#4732,#10965);
#10965 = DEFINITIONAL_REPRESENTATION('',(#10966),#10969);
#10966 = B_SPLINE_CURVE_WITH_KNOTS('',1,(#10967,#10968),.UNSPECIFIED.,
  .F.,.F.,(2,2),(-0.98280261204,0.98280261204),
  .PIECEWISE_BEZIER_KNOTS.);
#10967 = CARTESIAN_POINT('',(-92.,-0.98280261204));
#10968 = CARTESIAN_POINT('',(-92.,0.98280261204));
#10969 = ( GEOMETRIC_REPRESENTATION_CONTEXT(2) 
PARAMETRIC_REPRESENTATION_CONTEXT() REPRESENTATION_CONTEXT('2D SPACE',''
  ) );
#10970 = ORIENTED_EDGE('',*,*,#4744,.T.);
#10971 = ORIENTED_EDGE('',*,*,#4007,.F.);
#10972 = ORIENTED_EDGE('',*,*,#4086,.F.);
#10973 = ADVANCED_FACE('',(#10974,#11088),#4312,.F.);
#10974 = FACE_BOUND('',#10975,.F.);
#10975 = EDGE_LOOP('',(#10976,#11006,#11034,#11062));
#10976 = ORIENTED_EDGE('',*,*,#10977,.F.);
#10977 = EDGE_CURVE('',#10978,#10980,#10982,.T.);
#10978 = VERTEX_POINT('',#10979);
#10979 = CARTESIAN_POINT('',(46.01,5.,22.5));
#10980 = VERTEX_POINT('',#10981);
#10981 = CARTESIAN_POINT('',(46.01,5.,29.5));
#10982 = SURFACE_CURVE('',#10983,(#10987,#10994),.PCURVE_S1.);
#10983 = LINE('',#10984,#10985);
#10984 = CARTESIAN_POINT('',(46.01,5.,22.5));
#10985 = VECTOR('',#10986,1.);
#10986 = DIRECTION('',(0.,0.,1.));
#10987 = PCURVE('',#4312,#10988);
#10988 = DEFINITIONAL_REPRESENTATION('',(#10989),#10993);
#10989 = LINE('',#10990,#10991);
#10990 = CARTESIAN_POINT('',(0.,0.));
#10991 = VECTOR('',#10992,1.);
#10992 = DIRECTION('',(1.,0.));
#10993 = ( GEOMETRIC_REPRESENTATION_CONTEXT(2) 
PARAMETRIC_REPRESENTATION_CONTEXT() REPRESENTATION_CONTEXT('2D SPACE',''
  ) );
#10994 = PCURVE('',#10995,#11000);
#10995 = PLANE('',#10996);
#10996 = AXIS2_PLACEMENT_3D('',#10997,#10998,#10999);
#10997 = CARTESIAN_POINT('',(43.79,5.,22.5));
#10998 = DIRECTION('',(0.,1.,0.));
#10999 = DIRECTION('',(0.,0.,1.));
#11000 = DEFINITIONAL_REPRESENTATION('',(#11001),#11005);
#11001 = LINE('',#11002,#11003);
#11002 = CARTESIAN_POINT('',(0.,2.22));
#11003 = VECTOR('',#11004,1.);
#11004 = DIRECTION('',(1.,0.));
#11005 = ( GEOMETRIC_REPRESENTATION_CONTEXT(2) 
PARAMETRIC_REPRESENTATION_CONTEXT() REPRESENTATION_CONTEXT('2D SPACE',''
  ) );
#11006 = ORIENTED_EDGE('',*,*,#11007,.T.);
#11007 = EDGE_CURVE('',#10978,#11008,#11010,.T.);
#11008 = VERTEX_POINT('',#11009);
#11009 = CARTESIAN_POINT('',(46.01,21.,22.5));
#11010 = SURFACE_CURVE('',#11011,(#11015,#11022),.PCURVE_S1.);
#11011 = LINE('',#11012,#11013);
#11012 = CARTESIAN_POINT('',(46.01,5.,22.5));
#11013 = VECTOR('',#11014,1.);
#11014 = DIRECTION('',(0.,1.,0.));
#11015 = PCURVE('',#4312,#11016);
#11016 = DEFINITIONAL_REPRESENTATION('',(#11017),#11021);
#11017 = LINE('',#11018,#11019);
#11018 = CARTESIAN_POINT('',(0.,0.));
#11019 = VECTOR('',#11020,1.);
#11020 = DIRECTION('',(0.,-1.));
#11021 = ( GEOMETRIC_REPRESENTATION_CONTEXT(2) 
PARAMETRIC_REPRESENTATION_CONTEXT() REPRESENTATION_CONTEXT('2D SPACE',''
  ) );
#11022 = PCURVE('',#11023,#11028);
#11023 = PLANE('',#11024);
#11024 = AXIS2_PLACEMENT_3D('',#11025,#11026,#11027);
#11025 = CARTESIAN_POINT('',(43.79,5.,22.5));
#11026 = DIRECTION('',(0.,0.,1.));
#11027 = DIRECTION('',(1.,0.,0.));
#11028 = DEFINITIONAL_REPRESENTATION('',(#11029),#11033);
#11029 = LINE('',#11030,#11031);
#11030 = CARTESIAN_POINT('',(2.22,0.));
#11031 = VECTOR('',#11032,1.);
#11032 = DIRECTION('',(0.,1.));
#11033 = ( GEOMETRIC_REPRESENTATION_CONTEXT(2) 
PARAMETRIC_REPRESENTATION_CONTEXT() REPRESENTATION_CONTEXT('2D SPACE',''
  ) );
#11034 = ORIENTED_EDGE('',*,*,#11035,.T.);
#11035 = EDGE_CURVE('',#11008,#11036,#11038,.T.);
#11036 = VERTEX_POINT('',#11037);
#11037 = CARTESIAN_POINT('',(46.01,21.,29.5));
#11038 = SURFACE_CURVE('',#11039,(#11043,#11050),.PCURVE_S1.);
#11039 = LINE('',#11040,#11041);
#11040 = CARTESIAN_POINT('',(46.01,21.,22.5));
#11041 = VECTOR('',#11042,1.);
#11042 = DIRECTION('',(0.,0.,1.));
#11043 = PCURVE('',#4312,#11044);
#11044 = DEFINITIONAL_REPRESENTATION('',(#11045),#11049);
#11045 = LINE('',#11046,#11047);
#11046 = CARTESIAN_POINT('',(0.,-16.));
#11047 = VECTOR('',#11048,1.);
#11048 = DIRECTION('',(1.,0.));
#11049 = ( GEOMETRIC_REPRESENTATION_CONTEXT(2) 
PARAMETRIC_REPRESENTATION_CONTEXT() REPRESENTATION_CONTEXT('2D SPACE',''
  ) );
#11050 = PCURVE('',#11051,#11056);
#11051 = PLANE('',#11052);
#11052 = AXIS2_PLACEMENT_3D('',#11053,#11054,#11055);
#11053 = CARTESIAN_POINT('',(43.79,21.,22.5));
#11054 = DIRECTION('',(0.,1.,0.));
#11055 = DIRECTION('',(0.,0.,1.));
#11056 = DEFINITIONAL_REPRESENTATION('',(#11057),#11061);
#11057 = LINE('',#11058,#11059);
#11058 = CARTESIAN_POINT('',(0.,2.22));
#11059 = VECTOR('',#11060,1.);
#11060 = DIRECTION('',(1.,0.));
#11061 = ( GEOMETRIC_REPRESENTATION_CONTEXT(2) 
PARAMETRIC_REPRESENTATION_CONTEXT() REPRESENTATION_CONTEXT('2D SPACE',''
  ) );
#11062 = ORIENTED_EDGE('',*,*,#11063,.F.);
#11063 = EDGE_CURVE('',#10980,#11036,#11064,.T.);
#11064 = SURFACE_CURVE('',#11065,(#11069,#11076),.PCURVE_S1.);
#11065 = LINE('',#11066,#11067);
#11066 = CARTESIAN_POINT('',(46.01,5.,29.5));
#11067 = VECTOR('',#11068,1.);
#11068 = DIRECTION('',(0.,1.,0.));
#11069 = PCURVE('',#4312,#11070);
#11070 = DEFINITIONAL_REPRESENTATION('',(#11071),#11075);
#11071 = LINE('',#11072,#11073);
#11072 = CARTESIAN_POINT('',(7.,0.));
#11073 = VECTOR('',#11074,1.);
#11074 = DIRECTION('',(0.,-1.));
#11075 = ( GEOMETRIC_REPRESENTATION_CONTEXT(2) 
PARAMETRIC_REPRESENTATION_CONTEXT() REPRESENTATION_CONTEXT('2D SPACE',''
  ) );
#11076 = PCURVE('',#11077,#11082);
#11077 = PLANE('',#11078);
#11078 = AXIS2_PLACEMENT_3D('',#11079,#11080,#11081);
#11079 = CARTESIAN_POINT('',(43.79,5.,29.5));
#11080 = DIRECTION('',(0.,0.,1.));
#11081 = DIRECTION('',(1.,0.,0.));
#11082 = DEFINITIONAL_REPRESENTATION('',(#11083),#11087);
#11083 = LINE('',#11084,#11085);
#11084 = CARTESIAN_POINT('',(2.22,0.));
#11085 = VECTOR('',#11086,1.);
#11086 = DIRECTION('',(0.,1.));
#11087 = ( GEOMETRIC_REPRESENTATION_CONTEXT(2) 
PARAMETRIC_REPRESENTATION_CONTEXT() REPRESENTATION_CONTEXT('2D SPACE',''
  ) );
#11088 = FACE_BOUND('',#11089,.F.);
#11089 = EDGE_LOOP('',(#11090,#11091,#11092,#11093,#11094,#11095,#11096,
    #11097));
#11090 = ORIENTED_EDGE('',*,*,#4613,.F.);
#11091 = ORIENTED_EDGE('',*,*,#4641,.T.);
#11092 = ORIENTED_EDGE('',*,*,#4295,.F.);
#11093 = ORIENTED_EDGE('',*,*,#4350,.T.);
#11094 = ORIENTED_EDGE('',*,*,#4419,.F.);
#11095 = ORIENTED_EDGE('',*,*,#4469,.F.);
#11096 = ORIENTED_EDGE('',*,*,#4516,.F.);
#11097 = ORIENTED_EDGE('',*,*,#4566,.F.);
#11098 = ADVANCED_FACE('',(#11099),#4732,.T.);
#11099 = FACE_BOUND('',#11100,.F.);
#11100 = EDGE_LOOP('',(#11101,#11102,#11103,#11104));
#11101 = ORIENTED_EDGE('',*,*,#8533,.F.);
#11102 = ORIENTED_EDGE('',*,*,#6755,.T.);
#11103 = ORIENTED_EDGE('',*,*,#10952,.T.);
#11104 = ORIENTED_EDGE('',*,*,#4716,.F.);
#11105 = ADVANCED_FACE('',(#11106),#4873,.F.);
#11106 = FACE_BOUND('',#11107,.F.);
#11107 = EDGE_LOOP('',(#11108,#11131,#11153,#11154));
#11108 = ORIENTED_EDGE('',*,*,#11109,.T.);
#11109 = EDGE_CURVE('',#4857,#11110,#11112,.T.);
#11110 = VERTEX_POINT('',#11111);
#11111 = CARTESIAN_POINT('',(-38.75,133.01244316895,50.878896644961));
#11112 = SEAM_CURVE('',#11113,(#11117,#11124),.PCURVE_S1.);
#11113 = LINE('',#11114,#11115);
#11114 = CARTESIAN_POINT('',(-38.75,139.54911547836,25.920693281751));
#11115 = VECTOR('',#11116,1.);
#11116 = DIRECTION('',(0.,-0.253359391838,0.96737222338));
#11117 = PCURVE('',#4873,#11118);
#11118 = DEFINITIONAL_REPRESENTATION('',(#11119),#11123);
#11119 = LINE('',#11120,#11121);
#11120 = CARTESIAN_POINT('',(6.28318530718,-0.));
#11121 = VECTOR('',#11122,1.);
#11122 = DIRECTION('',(0.,1.));
#11123 = ( GEOMETRIC_REPRESENTATION_CONTEXT(2) 
PARAMETRIC_REPRESENTATION_CONTEXT() REPRESENTATION_CONTEXT('2D SPACE',''
  ) );
#11124 = PCURVE('',#4873,#11125);
#11125 = DEFINITIONAL_REPRESENTATION('',(#11126),#11130);
#11126 = LINE('',#11127,#11128);
#11127 = CARTESIAN_POINT('',(0.,-0.));
#11128 = VECTOR('',#11129,1.);
#11129 = DIRECTION('',(0.,1.));
#11130 = ( GEOMETRIC_REPRESENTATION_CONTEXT(2) 
PARAMETRIC_REPRESENTATION_CONTEXT() REPRESENTATION_CONTEXT('2D SPACE',''
  ) );
#11131 = ORIENTED_EDGE('',*,*,#11132,.F.);
#11132 = EDGE_CURVE('',#11110,#11110,#11133,.T.);
#11133 = SURFACE_CURVE('',#11134,(#11139,#11146),.PCURVE_S1.);
#11134 = CIRCLE('',#11135,3.25);
#11135 = AXIS2_PLACEMENT_3D('',#11136,#11137,#11138);
#11136 = CARTESIAN_POINT('',(-42.,133.01244316895,50.878896644961));
#11137 = DIRECTION('',(0.,-0.253359391838,0.96737222338));
#11138 = DIRECTION('',(1.,0.,0.));
#11139 = PCURVE('',#4873,#11140);
#11140 = DEFINITIONAL_REPRESENTATION('',(#11141),#11145);
#11141 = LINE('',#11142,#11143);
#11142 = CARTESIAN_POINT('',(0.,25.8));
#11143 = VECTOR('',#11144,1.);
#11144 = DIRECTION('',(1.,0.));
#11145 = ( GEOMETRIC_REPRESENTATION_CONTEXT(2) 
PARAMETRIC_REPRESENTATION_CONTEXT() REPRESENTATION_CONTEXT('2D SPACE',''
  ) );
#11146 = PCURVE('',#6115,#11147);
#11147 = DEFINITIONAL_REPRESENTATION('',(#11148),#11152);
#11148 = CIRCLE('',#11149,3.25);
#11149 = AXIS2_PLACEMENT_2D('',#11150,#11151);
#11150 = CARTESIAN_POINT('',(0.,0.));
#11151 = DIRECTION('',(1.,0.));
#11152 = ( GEOMETRIC_REPRESENTATION_CONTEXT(2) 
PARAMETRIC_REPRESENTATION_CONTEXT() REPRESENTATION_CONTEXT('2D SPACE',''
  ) );
#11153 = ORIENTED_EDGE('',*,*,#11109,.F.);
#11154 = ORIENTED_EDGE('',*,*,#4856,.T.);
#11155 = ADVANCED_FACE('',(#11156),#4921,.F.);
#11156 = FACE_BOUND('',#11157,.T.);
#11157 = EDGE_LOOP('',(#11158,#11159,#11182,#11209));
#11158 = ORIENTED_EDGE('',*,*,#4900,.T.);
#11159 = ORIENTED_EDGE('',*,*,#11160,.T.);
#11160 = EDGE_CURVE('',#4901,#11161,#11163,.T.);
#11161 = VERTEX_POINT('',#11162);
#11162 = CARTESIAN_POINT('',(-9.4,59.184837585314,19.97020561473));
#11163 = SEAM_CURVE('',#11164,(#11168,#11175),.PCURVE_S1.);
#11164 = LINE('',#11165,#11166);
#11165 = CARTESIAN_POINT('',(-9.4,59.411111755294,18.386286424872));
#11166 = VECTOR('',#11167,1.);
#11167 = DIRECTION('',(0.,-0.141421356237,0.989949493661));
#11168 = PCURVE('',#4921,#11169);
#11169 = DEFINITIONAL_REPRESENTATION('',(#11170),#11174);
#11170 = LINE('',#11171,#11172);
#11171 = CARTESIAN_POINT('',(-6.28318530718,0.));
#11172 = VECTOR('',#11173,1.);
#11173 = DIRECTION('',(-0.,-1.));
#11174 = ( GEOMETRIC_REPRESENTATION_CONTEXT(2) 
PARAMETRIC_REPRESENTATION_CONTEXT() REPRESENTATION_CONTEXT('2D SPACE',''
  ) );
#11175 = PCURVE('',#4921,#11176);
#11176 = DEFINITIONAL_REPRESENTATION('',(#11177),#11181);
#11177 = LINE('',#11178,#11179);
#11178 = CARTESIAN_POINT('',(-0.,0.));
#11179 = VECTOR('',#11180,1.);
#11180 = DIRECTION('',(-0.,-1.));
#11181 = ( GEOMETRIC_REPRESENTATION_CONTEXT(2) 
PARAMETRIC_REPRESENTATION_CONTEXT() REPRESENTATION_CONTEXT('2D SPACE',''
  ) );
#11182 = ORIENTED_EDGE('',*,*,#11183,.T.);
#11183 = EDGE_CURVE('',#11161,#11161,#11184,.T.);
#11184 = SURFACE_CURVE('',#11185,(#11190,#11197),.PCURVE_S1.);
#11185 = CIRCLE('',#11186,2.6);
#11186 = AXIS2_PLACEMENT_3D('',#11187,#11188,#11189);
#11187 = CARTESIAN_POINT('',(-12.,59.184837585314,19.97020561473));
#11188 = DIRECTION('',(0.,-0.141421356237,0.989949493661));
#11189 = DIRECTION('',(1.,0.,0.));
#11190 = PCURVE('',#4921,#11191);
#11191 = DEFINITIONAL_REPRESENTATION('',(#11192),#11196);
#11192 = LINE('',#11193,#11194);
#11193 = CARTESIAN_POINT('',(-0.,-1.6));
#11194 = VECTOR('',#11195,1.);
#11195 = DIRECTION('',(-1.,0.));
#11196 = ( GEOMETRIC_REPRESENTATION_CONTEXT(2) 
PARAMETRIC_REPRESENTATION_CONTEXT() REPRESENTATION_CONTEXT('2D SPACE',''
  ) );
#11197 = PCURVE('',#11198,#11203);
#11198 = PLANE('',#11199);
#11199 = AXIS2_PLACEMENT_3D('',#11200,#11201,#11202);
#11200 = CARTESIAN_POINT('',(-12.,59.184837585314,19.97020561473));
#11201 = DIRECTION('',(0.,-0.141421356237,0.989949493661));
#11202 = DIRECTION('',(1.,0.,0.));
#11203 = DEFINITIONAL_REPRESENTATION('',(#11204),#11208);
#11204 = CIRCLE('',#11205,2.6);
#11205 = AXIS2_PLACEMENT_2D('',#11206,#11207);
#11206 = CARTESIAN_POINT('',(1.314846281288E-16,-2.534857220269E-17));
#11207 = DIRECTION('',(1.,0.));
#11208 = ( GEOMETRIC_REPRESENTATION_CONTEXT(2) 
PARAMETRIC_REPRESENTATION_CONTEXT() REPRESENTATION_CONTEXT('2D SPACE',''
  ) );
#11209 = ORIENTED_EDGE('',*,*,#11160,.F.);
#11210 = ADVANCED_FACE('',(#11211),#4952,.F.);
#11211 = FACE_BOUND('',#11212,.F.);
#11212 = EDGE_LOOP('',(#11213,#11236,#11258,#11259));
#11213 = ORIENTED_EDGE('',*,*,#11214,.T.);
#11214 = EDGE_CURVE('',#4936,#11215,#11217,.T.);
#11215 = VERTEX_POINT('',#11216);
#11216 = CARTESIAN_POINT('',(-38.75,-47.25358419248,4.751780336653));
#11217 = SEAM_CURVE('',#11218,(#11222,#11229),.PCURVE_S1.);
#11218 = LINE('',#11219,#11220);
#11219 = CARTESIAN_POINT('',(-38.75,-45.86010753737,-0.568766891938));
#11220 = VECTOR('',#11221,1.);
#11221 = DIRECTION('',(0.,-0.253359391838,0.96737222338));
#11222 = PCURVE('',#4952,#11223);
#11223 = DEFINITIONAL_REPRESENTATION('',(#11224),#11228);
#11224 = LINE('',#11225,#11226);
#11225 = CARTESIAN_POINT('',(6.28318530718,-0.));
#11226 = VECTOR('',#11227,1.);
#11227 = DIRECTION('',(0.,1.));
#11228 = ( GEOMETRIC_REPRESENTATION_CONTEXT(2) 
PARAMETRIC_REPRESENTATION_CONTEXT() REPRESENTATION_CONTEXT('2D SPACE',''
  ) );
#11229 = PCURVE('',#4952,#11230);
#11230 = DEFINITIONAL_REPRESENTATION('',(#11231),#11235);
#11231 = LINE('',#11232,#11233);
#11232 = CARTESIAN_POINT('',(0.,-0.));
#11233 = VECTOR('',#11234,1.);
#11234 = DIRECTION('',(0.,1.));
#11235 = ( GEOMETRIC_REPRESENTATION_CONTEXT(2) 
PARAMETRIC_REPRESENTATION_CONTEXT() REPRESENTATION_CONTEXT('2D SPACE',''
  ) );
#11236 = ORIENTED_EDGE('',*,*,#11237,.F.);
#11237 = EDGE_CURVE('',#11215,#11215,#11238,.T.);
#11238 = SURFACE_CURVE('',#11239,(#11244,#11251),.PCURVE_S1.);
#11239 = CIRCLE('',#11240,3.25);
#11240 = AXIS2_PLACEMENT_3D('',#11241,#11242,#11243);
#11241 = CARTESIAN_POINT('',(-42.,-47.25358419248,4.751780336653));
#11242 = DIRECTION('',(0.,-0.253359391838,0.96737222338));
#11243 = DIRECTION('',(1.,0.,0.));
#11244 = PCURVE('',#4952,#11245);
#11245 = DEFINITIONAL_REPRESENTATION('',(#11246),#11250);
#11246 = LINE('',#11247,#11248);
#11247 = CARTESIAN_POINT('',(0.,5.5));
#11248 = VECTOR('',#11249,1.);
#11249 = DIRECTION('',(1.,0.));
#11250 = ( GEOMETRIC_REPRESENTATION_CONTEXT(2) 
PARAMETRIC_REPRESENTATION_CONTEXT() REPRESENTATION_CONTEXT('2D SPACE',''
  ) );
#11251 = PCURVE('',#8461,#11252);
#11252 = DEFINITIONAL_REPRESENTATION('',(#11253),#11257);
#11253 = CIRCLE('',#11254,3.25);
#11254 = AXIS2_PLACEMENT_2D('',#11255,#11256);
#11255 = CARTESIAN_POINT('',(0.,0.));
#11256 = DIRECTION('',(1.,0.));
#11257 = ( GEOMETRIC_REPRESENTATION_CONTEXT(2) 
PARAMETRIC_REPRESENTATION_CONTEXT() REPRESENTATION_CONTEXT('2D SPACE',''
  ) );
#11258 = ORIENTED_EDGE('',*,*,#11214,.F.);
#11259 = ORIENTED_EDGE('',*,*,#4935,.T.);
#11260 = ADVANCED_FACE('',(#11261),#5000,.F.);
#11261 = FACE_BOUND('',#11262,.T.);
#11262 = EDGE_LOOP('',(#11263,#11264,#11287,#11314));
#11263 = ORIENTED_EDGE('',*,*,#4979,.T.);
#11264 = ORIENTED_EDGE('',*,*,#11265,.T.);
#11265 = EDGE_CURVE('',#4980,#11266,#11268,.T.);
#11266 = VERTEX_POINT('',#11267);
#11267 = CARTESIAN_POINT('',(-9.4,35.426049737446,16.576093065035));
#11268 = SEAM_CURVE('',#11269,(#11273,#11280),.PCURVE_S1.);
#11269 = LINE('',#11270,#11271);
#11270 = CARTESIAN_POINT('',(-9.4,35.652323907426,14.992173875177));
#11271 = VECTOR('',#11272,1.);
#11272 = DIRECTION('',(0.,-0.141421356237,0.989949493661));
#11273 = PCURVE('',#5000,#11274);
#11274 = DEFINITIONAL_REPRESENTATION('',(#11275),#11279);
#11275 = LINE('',#11276,#11277);
#11276 = CARTESIAN_POINT('',(-6.28318530718,0.));
#11277 = VECTOR('',#11278,1.);
#11278 = DIRECTION('',(-0.,-1.));
#11279 = ( GEOMETRIC_REPRESENTATION_CONTEXT(2) 
PARAMETRIC_REPRESENTATION_CONTEXT() REPRESENTATION_CONTEXT('2D SPACE',''
  ) );
#11280 = PCURVE('',#5000,#11281);
#11281 = DEFINITIONAL_REPRESENTATION('',(#11282),#11286);
#11282 = LINE('',#11283,#11284);
#11283 = CARTESIAN_POINT('',(-0.,0.));
#11284 = VECTOR('',#11285,1.);
#11285 = DIRECTION('',(-0.,-1.));
#11286 = ( GEOMETRIC_REPRESENTATION_CONTEXT(2) 
PARAMETRIC_REPRESENTATION_CONTEXT() REPRESENTATION_CONTEXT('2D SPACE',''
  ) );
#11287 = ORIENTED_EDGE('',*,*,#11288,.T.);
#11288 = EDGE_CURVE('',#11266,#11266,#11289,.T.);
#11289 = SURFACE_CURVE('',#11290,(#11295,#11302),.PCURVE_S1.);
#11290 = CIRCLE('',#11291,2.6);
#11291 = AXIS2_PLACEMENT_3D('',#11292,#11293,#11294);
#11292 = CARTESIAN_POINT('',(-12.,35.426049737446,16.576093065035));
#11293 = DIRECTION('',(0.,-0.141421356237,0.989949493661));
#11294 = DIRECTION('',(1.,0.,0.));
#11295 = PCURVE('',#5000,#11296);
#11296 = DEFINITIONAL_REPRESENTATION('',(#11297),#11301);
#11297 = LINE('',#11298,#11299);
#11298 = CARTESIAN_POINT('',(-0.,-1.6));
#11299 = VECTOR('',#11300,1.);
#11300 = DIRECTION('',(-1.,0.));
#11301 = ( GEOMETRIC_REPRESENTATION_CONTEXT(2) 
PARAMETRIC_REPRESENTATION_CONTEXT() REPRESENTATION_CONTEXT('2D SPACE',''
  ) );
#11302 = PCURVE('',#11303,#11308);
#11303 = PLANE('',#11304);
#11304 = AXIS2_PLACEMENT_3D('',#11305,#11306,#11307);
#11305 = CARTESIAN_POINT('',(-12.,35.426049737446,16.576093065035));
#11306 = DIRECTION('',(0.,-0.141421356237,0.989949493661));
#11307 = DIRECTION('',(1.,0.,0.));
#11308 = DEFINITIONAL_REPRESENTATION('',(#11309),#11313);
#11309 = CIRCLE('',#11310,2.6);
#11310 = AXIS2_PLACEMENT_2D('',#11311,#11312);
#11311 = CARTESIAN_POINT('',(1.314846281288E-16,-2.534857220269E-17));
#11312 = DIRECTION('',(1.,0.));
#11313 = ( GEOMETRIC_REPRESENTATION_CONTEXT(2) 
PARAMETRIC_REPRESENTATION_CONTEXT() REPRESENTATION_CONTEXT('2D SPACE',''
  ) );
#11314 = ORIENTED_EDGE('',*,*,#11265,.F.);
#11315 = ADVANCED_FACE('',(#11316),#5031,.F.);
#11316 = FACE_BOUND('',#11317,.F.);
#11317 = EDGE_LOOP('',(#11318,#11319,#11340,#11341));
#11318 = ORIENTED_EDGE('',*,*,#9681,.F.);
#11319 = ORIENTED_EDGE('',*,*,#11320,.T.);
#11320 = EDGE_CURVE('',#9682,#5015,#11321,.T.);
#11321 = SURFACE_CURVE('',#11322,(#11326,#11333),.PCURVE_S1.);
#11322 = LINE('',#11323,#11324);
#11323 = CARTESIAN_POINT('',(-7.944271909999,53.782541777049,
    21.723830432073));
#11324 = VECTOR('',#11325,1.);
#11325 = DIRECTION('',(-0.,0.141421356237,-0.989949493661));
#11326 = PCURVE('',#5031,#11327);
#11327 = DEFINITIONAL_REPRESENTATION('',(#11328),#11332);
#11328 = LINE('',#11329,#11330);
#11329 = CARTESIAN_POINT('',(0.,0.));
#11330 = VECTOR('',#11331,1.);
#11331 = DIRECTION('',(0.,-1.));
#11332 = ( GEOMETRIC_REPRESENTATION_CONTEXT(2) 
PARAMETRIC_REPRESENTATION_CONTEXT() REPRESENTATION_CONTEXT('2D SPACE',''
  ) );
#11333 = PCURVE('',#5057,#11334);
#11334 = DEFINITIONAL_REPRESENTATION('',(#11335),#11339);
#11335 = LINE('',#11336,#11337);
#11336 = CARTESIAN_POINT('',(0.,0.));
#11337 = VECTOR('',#11338,1.);
#11338 = DIRECTION('',(0.,-1.));
#11339 = ( GEOMETRIC_REPRESENTATION_CONTEXT(2) 
PARAMETRIC_REPRESENTATION_CONTEXT() REPRESENTATION_CONTEXT('2D SPACE',''
  ) );
#11340 = ORIENTED_EDGE('',*,*,#5014,.T.);
#11341 = ORIENTED_EDGE('',*,*,#11342,.F.);
#11342 = EDGE_CURVE('',#9684,#5017,#11343,.T.);
#11343 = SURFACE_CURVE('',#11344,(#11348,#11355),.PCURVE_S1.);
#11344 = LINE('',#11345,#11346);
#11345 = CARTESIAN_POINT('',(7.944271909999,53.782541777049,
    21.723830432073));
#11346 = VECTOR('',#11347,1.);
#11347 = DIRECTION('',(-0.,0.141421356237,-0.989949493661));
#11348 = PCURVE('',#5031,#11349);
#11349 = DEFINITIONAL_REPRESENTATION('',(#11350),#11354);
#11350 = LINE('',#11351,#11352);
#11351 = CARTESIAN_POINT('',(15.888543819998,0.));
#11352 = VECTOR('',#11353,1.);
#11353 = DIRECTION('',(0.,-1.));
#11354 = ( GEOMETRIC_REPRESENTATION_CONTEXT(2) 
PARAMETRIC_REPRESENTATION_CONTEXT() REPRESENTATION_CONTEXT('2D SPACE',''
  ) );
#11355 = PCURVE('',#5107,#11356);
#11356 = DEFINITIONAL_REPRESENTATION('',(#11357),#11361);
#11357 = LINE('',#11358,#11359);
#11358 = CARTESIAN_POINT('',(0.,0.));
#11359 = VECTOR('',#11360,1.);
#11360 = DIRECTION('',(0.,-1.));
#11361 = ( GEOMETRIC_REPRESENTATION_CONTEXT(2) 
PARAMETRIC_REPRESENTATION_CONTEXT() REPRESENTATION_CONTEXT('2D SPACE',''
  ) );
#11362 = ADVANCED_FACE('',(#11363),#5057,.T.);
#11363 = FACE_BOUND('',#11364,.T.);
#11364 = EDGE_LOOP('',(#11365,#11366,#11367,#11368));
#11365 = ORIENTED_EDGE('',*,*,#9706,.F.);
#11366 = ORIENTED_EDGE('',*,*,#11320,.T.);
#11367 = ORIENTED_EDGE('',*,*,#5042,.T.);
#11368 = ORIENTED_EDGE('',*,*,#11369,.F.);
#11369 = EDGE_CURVE('',#9707,#5043,#11370,.T.);
#11370 = SURFACE_CURVE('',#11371,(#11375,#11382),.PCURVE_S1.);
#11371 = LINE('',#11372,#11373);
#11372 = CARTESIAN_POINT('',(-7.944271909999,55.960430663103,
    22.034957415795));
#11373 = VECTOR('',#11374,1.);
#11374 = DIRECTION('',(-0.,0.141421356237,-0.989949493661));
#11375 = PCURVE('',#5057,#11376);
#11376 = DEFINITIONAL_REPRESENTATION('',(#11377),#11381);
#11377 = LINE('',#11378,#11379);
#11378 = CARTESIAN_POINT('',(2.2,3.053113317719E-15));
#11379 = VECTOR('',#11380,1.);
#11380 = DIRECTION('',(0.,-1.));
#11381 = ( GEOMETRIC_REPRESENTATION_CONTEXT(2) 
PARAMETRIC_REPRESENTATION_CONTEXT() REPRESENTATION_CONTEXT('2D SPACE',''
  ) );
#11382 = PCURVE('',#5083,#11383);
#11383 = DEFINITIONAL_REPRESENTATION('',(#11384),#11388);
#11384 = LINE('',#11385,#11386);
#11385 = CARTESIAN_POINT('',(0.,0.));
#11386 = VECTOR('',#11387,1.);
#11387 = DIRECTION('',(0.,-1.));
#11388 = ( GEOMETRIC_REPRESENTATION_CONTEXT(2) 
PARAMETRIC_REPRESENTATION_CONTEXT() REPRESENTATION_CONTEXT('2D SPACE',''
  ) );
#11389 = ADVANCED_FACE('',(#11390),#5083,.T.);
#11390 = FACE_BOUND('',#11391,.T.);
#11391 = EDGE_LOOP('',(#11392,#11393,#11394,#11395));
#11392 = ORIENTED_EDGE('',*,*,#9729,.F.);
#11393 = ORIENTED_EDGE('',*,*,#11369,.T.);
#11394 = ORIENTED_EDGE('',*,*,#5068,.T.);
#11395 = ORIENTED_EDGE('',*,*,#11396,.F.);
#11396 = EDGE_CURVE('',#9730,#5069,#11397,.T.);
#11397 = SURFACE_CURVE('',#11398,(#11402,#11409),.PCURVE_S1.);
#11398 = LINE('',#11399,#11400);
#11399 = CARTESIAN_POINT('',(7.944271909999,55.960430663103,
    22.034957415795));
#11400 = VECTOR('',#11401,1.);
#11401 = DIRECTION('',(-0.,0.141421356237,-0.989949493661));
#11402 = PCURVE('',#5083,#11403);
#11403 = DEFINITIONAL_REPRESENTATION('',(#11404),#11408);
#11404 = LINE('',#11405,#11406);
#11405 = CARTESIAN_POINT('',(15.888543819998,0.));
#11406 = VECTOR('',#11407,1.);
#11407 = DIRECTION('',(0.,-1.));
#11408 = ( GEOMETRIC_REPRESENTATION_CONTEXT(2) 
PARAMETRIC_REPRESENTATION_CONTEXT() REPRESENTATION_CONTEXT('2D SPACE',''
  ) );
#11409 = PCURVE('',#5107,#11410);
#11410 = DEFINITIONAL_REPRESENTATION('',(#11411),#11415);
#11411 = LINE('',#11412,#11413);
#11412 = CARTESIAN_POINT('',(2.2,3.053113317719E-15));
#11413 = VECTOR('',#11414,1.);
#11414 = DIRECTION('',(0.,-1.));
#11415 = ( GEOMETRIC_REPRESENTATION_CONTEXT(2) 
PARAMETRIC_REPRESENTATION_CONTEXT() REPRESENTATION_CONTEXT('2D SPACE',''
  ) );
#11416 = ADVANCED_FACE('',(#11417),#5107,.F.);
#11417 = FACE_BOUND('',#11418,.F.);
#11418 = EDGE_LOOP('',(#11419,#11420,#11421,#11422));
#11419 = ORIENTED_EDGE('',*,*,#9752,.F.);
#11420 = ORIENTED_EDGE('',*,*,#11342,.T.);
#11421 = ORIENTED_EDGE('',*,*,#5094,.T.);
#11422 = ORIENTED_EDGE('',*,*,#11396,.F.);
#11423 = ADVANCED_FACE('',(#11424),#5137,.F.);
#11424 = FACE_BOUND('',#11425,.F.);
#11425 = EDGE_LOOP('',(#11426,#11427,#11448,#11449));
#11426 = ORIENTED_EDGE('',*,*,#9775,.F.);
#11427 = ORIENTED_EDGE('',*,*,#11428,.T.);
#11428 = EDGE_CURVE('',#9776,#5121,#11429,.T.);
#11429 = SURFACE_CURVE('',#11430,(#11434,#11441),.PCURVE_S1.);
#11430 = LINE('',#11431,#11432);
#11431 = CARTESIAN_POINT('',(-10.31370849898,49.822743802404,
    21.158145007124));
#11432 = VECTOR('',#11433,1.);
#11433 = DIRECTION('',(-0.,0.141421356237,-0.989949493661));
#11434 = PCURVE('',#5137,#11435);
#11435 = DEFINITIONAL_REPRESENTATION('',(#11436),#11440);
#11436 = LINE('',#11437,#11438);
#11437 = CARTESIAN_POINT('',(0.,0.));
#11438 = VECTOR('',#11439,1.);
#11439 = DIRECTION('',(0.,-1.));
#11440 = ( GEOMETRIC_REPRESENTATION_CONTEXT(2) 
PARAMETRIC_REPRESENTATION_CONTEXT() REPRESENTATION_CONTEXT('2D SPACE',''
  ) );
#11441 = PCURVE('',#5163,#11442);
#11442 = DEFINITIONAL_REPRESENTATION('',(#11443),#11447);
#11443 = LINE('',#11444,#11445);
#11444 = CARTESIAN_POINT('',(0.,0.));
#11445 = VECTOR('',#11446,1.);
#11446 = DIRECTION('',(0.,-1.));
#11447 = ( GEOMETRIC_REPRESENTATION_CONTEXT(2) 
PARAMETRIC_REPRESENTATION_CONTEXT() REPRESENTATION_CONTEXT('2D SPACE',''
  ) );
#11448 = ORIENTED_EDGE('',*,*,#5120,.T.);
#11449 = ORIENTED_EDGE('',*,*,#11450,.F.);
#11450 = EDGE_CURVE('',#9778,#5123,#11451,.T.);
#11451 = SURFACE_CURVE('',#11452,(#11456,#11463),.PCURVE_S1.);
#11452 = LINE('',#11453,#11454);
#11453 = CARTESIAN_POINT('',(10.313708498985,49.822743802404,
    21.158145007124));
#11454 = VECTOR('',#11455,1.);
#11455 = DIRECTION('',(-0.,0.141421356237,-0.989949493661));
#11456 = PCURVE('',#5137,#11457);
#11457 = DEFINITIONAL_REPRESENTATION('',(#11458),#11462);
#11458 = LINE('',#11459,#11460);
#11459 = CARTESIAN_POINT('',(20.62741699797,0.));
#11460 = VECTOR('',#11461,1.);
#11461 = DIRECTION('',(0.,-1.));
#11462 = ( GEOMETRIC_REPRESENTATION_CONTEXT(2) 
PARAMETRIC_REPRESENTATION_CONTEXT() REPRESENTATION_CONTEXT('2D SPACE',''
  ) );
#11463 = PCURVE('',#5213,#11464);
#11464 = DEFINITIONAL_REPRESENTATION('',(#11465),#11469);
#11465 = LINE('',#11466,#11467);
#11466 = CARTESIAN_POINT('',(0.,0.));
#11467 = VECTOR('',#11468,1.);
#11468 = DIRECTION('',(0.,-1.));
#11469 = ( GEOMETRIC_REPRESENTATION_CONTEXT(2) 
PARAMETRIC_REPRESENTATION_CONTEXT() REPRESENTATION_CONTEXT('2D SPACE',''
  ) );
#11470 = ADVANCED_FACE('',(#11471),#5163,.T.);
#11471 = FACE_BOUND('',#11472,.T.);
#11472 = EDGE_LOOP('',(#11473,#11474,#11475,#11476));
#11473 = ORIENTED_EDGE('',*,*,#9800,.F.);
#11474 = ORIENTED_EDGE('',*,*,#11428,.T.);
#11475 = ORIENTED_EDGE('',*,*,#5148,.T.);
#11476 = ORIENTED_EDGE('',*,*,#11477,.F.);
#11477 = EDGE_CURVE('',#9801,#5149,#11478,.T.);
#11478 = SURFACE_CURVE('',#11479,(#11483,#11490),.PCURVE_S1.);
#11479 = LINE('',#11480,#11481);
#11480 = CARTESIAN_POINT('',(-10.31370849898,52.000632688459,
    21.469271990846));
#11481 = VECTOR('',#11482,1.);
#11482 = DIRECTION('',(-0.,0.141421356237,-0.989949493661));
#11483 = PCURVE('',#5163,#11484);
#11484 = DEFINITIONAL_REPRESENTATION('',(#11485),#11489);
#11485 = LINE('',#11486,#11487);
#11486 = CARTESIAN_POINT('',(2.2,3.053113317719E-15));
#11487 = VECTOR('',#11488,1.);
#11488 = DIRECTION('',(0.,-1.));
#11489 = ( GEOMETRIC_REPRESENTATION_CONTEXT(2) 
PARAMETRIC_REPRESENTATION_CONTEXT() REPRESENTATION_CONTEXT('2D SPACE',''
  ) );
#11490 = PCURVE('',#5189,#11491);
#11491 = DEFINITIONAL_REPRESENTATION('',(#11492),#11496);
#11492 = LINE('',#11493,#11494);
#11493 = CARTESIAN_POINT('',(0.,0.));
#11494 = VECTOR('',#11495,1.);
#11495 = DIRECTION('',(0.,-1.));
#11496 = ( GEOMETRIC_REPRESENTATION_CONTEXT(2) 
PARAMETRIC_REPRESENTATION_CONTEXT() REPRESENTATION_CONTEXT('2D SPACE',''
  ) );
#11497 = ADVANCED_FACE('',(#11498),#5189,.T.);
#11498 = FACE_BOUND('',#11499,.T.);
#11499 = EDGE_LOOP('',(#11500,#11501,#11502,#11503));
#11500 = ORIENTED_EDGE('',*,*,#9823,.F.);
#11501 = ORIENTED_EDGE('',*,*,#11477,.T.);
#11502 = ORIENTED_EDGE('',*,*,#5174,.T.);
#11503 = ORIENTED_EDGE('',*,*,#11504,.F.);
#11504 = EDGE_CURVE('',#9824,#5175,#11505,.T.);
#11505 = SURFACE_CURVE('',#11506,(#11510,#11517),.PCURVE_S1.);
#11506 = LINE('',#11507,#11508);
#11507 = CARTESIAN_POINT('',(10.313708498985,52.000632688459,
    21.469271990846));
#11508 = VECTOR('',#11509,1.);
#11509 = DIRECTION('',(-0.,0.141421356237,-0.989949493661));
#11510 = PCURVE('',#5189,#11511);
#11511 = DEFINITIONAL_REPRESENTATION('',(#11512),#11516);
#11512 = LINE('',#11513,#11514);
#11513 = CARTESIAN_POINT('',(20.62741699797,0.));
#11514 = VECTOR('',#11515,1.);
#11515 = DIRECTION('',(0.,-1.));
#11516 = ( GEOMETRIC_REPRESENTATION_CONTEXT(2) 
PARAMETRIC_REPRESENTATION_CONTEXT() REPRESENTATION_CONTEXT('2D SPACE',''
  ) );
#11517 = PCURVE('',#5213,#11518);
#11518 = DEFINITIONAL_REPRESENTATION('',(#11519),#11523);
#11519 = LINE('',#11520,#11521);
#11520 = CARTESIAN_POINT('',(2.2,3.053113317719E-15));
#11521 = VECTOR('',#11522,1.);
#11522 = DIRECTION('',(0.,-1.));
#11523 = ( GEOMETRIC_REPRESENTATION_CONTEXT(2) 
PARAMETRIC_REPRESENTATION_CONTEXT() REPRESENTATION_CONTEXT('2D SPACE',''
  ) );
#11524 = ADVANCED_FACE('',(#11525),#5213,.F.);
#11525 = FACE_BOUND('',#11526,.F.);
#11526 = EDGE_LOOP('',(#11527,#11528,#11529,#11530));
#11527 = ORIENTED_EDGE('',*,*,#9846,.F.);
#11528 = ORIENTED_EDGE('',*,*,#11450,.T.);
#11529 = ORIENTED_EDGE('',*,*,#5200,.T.);
#11530 = ORIENTED_EDGE('',*,*,#11504,.F.);
#11531 = ADVANCED_FACE('',(#11532),#5243,.F.);
#11532 = FACE_BOUND('',#11533,.F.);
#11533 = EDGE_LOOP('',(#11534,#11535,#11556,#11557));
#11534 = ORIENTED_EDGE('',*,*,#9869,.F.);
#11535 = ORIENTED_EDGE('',*,*,#11536,.T.);
#11536 = EDGE_CURVE('',#9870,#5227,#11537,.T.);
#11537 = SURFACE_CURVE('',#11538,(#11542,#11549),.PCURVE_S1.);
#11538 = LINE('',#11539,#11540);
#11539 = CARTESIAN_POINT('',(-11.,45.862945827759,20.592459582174));
#11540 = VECTOR('',#11541,1.);
#11541 = DIRECTION('',(-0.,0.141421356237,-0.989949493661));
#11542 = PCURVE('',#5243,#11543);
#11543 = DEFINITIONAL_REPRESENTATION('',(#11544),#11548);
#11544 = LINE('',#11545,#11546);
#11545 = CARTESIAN_POINT('',(0.,0.));
#11546 = VECTOR('',#11547,1.);
#11547 = DIRECTION('',(0.,-1.));
#11548 = ( GEOMETRIC_REPRESENTATION_CONTEXT(2) 
PARAMETRIC_REPRESENTATION_CONTEXT() REPRESENTATION_CONTEXT('2D SPACE',''
  ) );
#11549 = PCURVE('',#5269,#11550);
#11550 = DEFINITIONAL_REPRESENTATION('',(#11551),#11555);
#11551 = LINE('',#11552,#11553);
#11552 = CARTESIAN_POINT('',(0.,0.));
#11553 = VECTOR('',#11554,1.);
#11554 = DIRECTION('',(0.,-1.));
#11555 = ( GEOMETRIC_REPRESENTATION_CONTEXT(2) 
PARAMETRIC_REPRESENTATION_CONTEXT() REPRESENTATION_CONTEXT('2D SPACE',''
  ) );
#11556 = ORIENTED_EDGE('',*,*,#5226,.T.);
#11557 = ORIENTED_EDGE('',*,*,#11558,.F.);
#11558 = EDGE_CURVE('',#9872,#5229,#11559,.T.);
#11559 = SURFACE_CURVE('',#11560,(#11564,#11571),.PCURVE_S1.);
#11560 = LINE('',#11561,#11562);
#11561 = CARTESIAN_POINT('',(11.,45.862945827759,20.592459582174));
#11562 = VECTOR('',#11563,1.);
#11563 = DIRECTION('',(-0.,0.141421356237,-0.989949493661));
#11564 = PCURVE('',#5243,#11565);
#11565 = DEFINITIONAL_REPRESENTATION('',(#11566),#11570);
#11566 = LINE('',#11567,#11568);
#11567 = CARTESIAN_POINT('',(22.,0.));
#11568 = VECTOR('',#11569,1.);
#11569 = DIRECTION('',(0.,-1.));
#11570 = ( GEOMETRIC_REPRESENTATION_CONTEXT(2) 
PARAMETRIC_REPRESENTATION_CONTEXT() REPRESENTATION_CONTEXT('2D SPACE',''
  ) );
#11571 = PCURVE('',#5319,#11572);
#11572 = DEFINITIONAL_REPRESENTATION('',(#11573),#11577);
#11573 = LINE('',#11574,#11575);
#11574 = CARTESIAN_POINT('',(0.,0.));
#11575 = VECTOR('',#11576,1.);
#11576 = DIRECTION('',(0.,-1.));
#11577 = ( GEOMETRIC_REPRESENTATION_CONTEXT(2) 
PARAMETRIC_REPRESENTATION_CONTEXT() REPRESENTATION_CONTEXT('2D SPACE',''
  ) );
#11578 = ADVANCED_FACE('',(#11579),#5269,.T.);
#11579 = FACE_BOUND('',#11580,.T.);
#11580 = EDGE_LOOP('',(#11581,#11582,#11583,#11584));
#11581 = ORIENTED_EDGE('',*,*,#9894,.F.);
#11582 = ORIENTED_EDGE('',*,*,#11536,.T.);
#11583 = ORIENTED_EDGE('',*,*,#5254,.T.);
#11584 = ORIENTED_EDGE('',*,*,#11585,.F.);
#11585 = EDGE_CURVE('',#9895,#5255,#11586,.T.);
#11586 = SURFACE_CURVE('',#11587,(#11591,#11598),.PCURVE_S1.);
#11587 = LINE('',#11588,#11589);
#11588 = CARTESIAN_POINT('',(-11.,48.040834713814,20.903586565897));
#11589 = VECTOR('',#11590,1.);
#11590 = DIRECTION('',(-0.,0.141421356237,-0.989949493661));
#11591 = PCURVE('',#5269,#11592);
#11592 = DEFINITIONAL_REPRESENTATION('',(#11593),#11597);
#11593 = LINE('',#11594,#11595);
#11594 = CARTESIAN_POINT('',(2.2,3.053113317719E-15));
#11595 = VECTOR('',#11596,1.);
#11596 = DIRECTION('',(0.,-1.));
#11597 = ( GEOMETRIC_REPRESENTATION_CONTEXT(2) 
PARAMETRIC_REPRESENTATION_CONTEXT() REPRESENTATION_CONTEXT('2D SPACE',''
  ) );
#11598 = PCURVE('',#5295,#11599);
#11599 = DEFINITIONAL_REPRESENTATION('',(#11600),#11604);
#11600 = LINE('',#11601,#11602);
#11601 = CARTESIAN_POINT('',(0.,0.));
#11602 = VECTOR('',#11603,1.);
#11603 = DIRECTION('',(0.,-1.));
#11604 = ( GEOMETRIC_REPRESENTATION_CONTEXT(2) 
PARAMETRIC_REPRESENTATION_CONTEXT() REPRESENTATION_CONTEXT('2D SPACE',''
  ) );
#11605 = ADVANCED_FACE('',(#11606),#5295,.T.);
#11606 = FACE_BOUND('',#11607,.T.);
#11607 = EDGE_LOOP('',(#11608,#11609,#11610,#11611));
#11608 = ORIENTED_EDGE('',*,*,#9917,.F.);
#11609 = ORIENTED_EDGE('',*,*,#11585,.T.);
#11610 = ORIENTED_EDGE('',*,*,#5280,.T.);
#11611 = ORIENTED_EDGE('',*,*,#11612,.F.);
#11612 = EDGE_CURVE('',#9918,#5281,#11613,.T.);
#11613 = SURFACE_CURVE('',#11614,(#11618,#11625),.PCURVE_S1.);
#11614 = LINE('',#11615,#11616);
#11615 = CARTESIAN_POINT('',(11.,48.040834713814,20.903586565897));
#11616 = VECTOR('',#11617,1.);
#11617 = DIRECTION('',(-0.,0.141421356237,-0.989949493661));
#11618 = PCURVE('',#5295,#11619);
#11619 = DEFINITIONAL_REPRESENTATION('',(#11620),#11624);
#11620 = LINE('',#11621,#11622);
#11621 = CARTESIAN_POINT('',(22.,0.));
#11622 = VECTOR('',#11623,1.);
#11623 = DIRECTION('',(0.,-1.));
#11624 = ( GEOMETRIC_REPRESENTATION_CONTEXT(2) 
PARAMETRIC_REPRESENTATION_CONTEXT() REPRESENTATION_CONTEXT('2D SPACE',''
  ) );
#11625 = PCURVE('',#5319,#11626);
#11626 = DEFINITIONAL_REPRESENTATION('',(#11627),#11631);
#11627 = LINE('',#11628,#11629);
#11628 = CARTESIAN_POINT('',(2.2,3.053113317719E-15));
#11629 = VECTOR('',#11630,1.);
#11630 = DIRECTION('',(0.,-1.));
#11631 = ( GEOMETRIC_REPRESENTATION_CONTEXT(2) 
PARAMETRIC_REPRESENTATION_CONTEXT() REPRESENTATION_CONTEXT('2D SPACE',''
  ) );
#11632 = ADVANCED_FACE('',(#11633),#5319,.F.);
#11633 = FACE_BOUND('',#11634,.F.);
#11634 = EDGE_LOOP('',(#11635,#11636,#11637,#11638));
#11635 = ORIENTED_EDGE('',*,*,#9940,.F.);
#11636 = ORIENTED_EDGE('',*,*,#11558,.T.);
#11637 = ORIENTED_EDGE('',*,*,#5306,.T.);
#11638 = ORIENTED_EDGE('',*,*,#11612,.F.);
#11639 = ADVANCED_FACE('',(#11640),#5353,.F.);
#11640 = FACE_BOUND('',#11641,.T.);
#11641 = EDGE_LOOP('',(#11642,#11643,#11666,#11693));
#11642 = ORIENTED_EDGE('',*,*,#5332,.T.);
#11643 = ORIENTED_EDGE('',*,*,#11644,.T.);
#11644 = EDGE_CURVE('',#5333,#11645,#11647,.T.);
#11645 = VERTEX_POINT('',#11646);
#11646 = CARTESIAN_POINT('',(14.6,59.184837585314,19.97020561473));
#11647 = SEAM_CURVE('',#11648,(#11652,#11659),.PCURVE_S1.);
#11648 = LINE('',#11649,#11650);
#11649 = CARTESIAN_POINT('',(14.6,59.411111755294,18.386286424872));
#11650 = VECTOR('',#11651,1.);
#11651 = DIRECTION('',(0.,-0.141421356237,0.989949493661));
#11652 = PCURVE('',#5353,#11653);
#11653 = DEFINITIONAL_REPRESENTATION('',(#11654),#11658);
#11654 = LINE('',#11655,#11656);
#11655 = CARTESIAN_POINT('',(-6.28318530718,0.));
#11656 = VECTOR('',#11657,1.);
#11657 = DIRECTION('',(-0.,-1.));
#11658 = ( GEOMETRIC_REPRESENTATION_CONTEXT(2) 
PARAMETRIC_REPRESENTATION_CONTEXT() REPRESENTATION_CONTEXT('2D SPACE',''
  ) );
#11659 = PCURVE('',#5353,#11660);
#11660 = DEFINITIONAL_REPRESENTATION('',(#11661),#11665);
#11661 = LINE('',#11662,#11663);
#11662 = CARTESIAN_POINT('',(-0.,0.));
#11663 = VECTOR('',#11664,1.);
#11664 = DIRECTION('',(-0.,-1.));
#11665 = ( GEOMETRIC_REPRESENTATION_CONTEXT(2) 
PARAMETRIC_REPRESENTATION_CONTEXT() REPRESENTATION_CONTEXT('2D SPACE',''
  ) );
#11666 = ORIENTED_EDGE('',*,*,#11667,.T.);
#11667 = EDGE_CURVE('',#11645,#11645,#11668,.T.);
#11668 = SURFACE_CURVE('',#11669,(#11674,#11681),.PCURVE_S1.);
#11669 = CIRCLE('',#11670,2.6);
#11670 = AXIS2_PLACEMENT_3D('',#11671,#11672,#11673);
#11671 = CARTESIAN_POINT('',(12.,59.184837585314,19.97020561473));
#11672 = DIRECTION('',(0.,-0.141421356237,0.989949493661));
#11673 = DIRECTION('',(1.,0.,0.));
#11674 = PCURVE('',#5353,#11675);
#11675 = DEFINITIONAL_REPRESENTATION('',(#11676),#11680);
#11676 = LINE('',#11677,#11678);
#11677 = CARTESIAN_POINT('',(-0.,-1.6));
#11678 = VECTOR('',#11679,1.);
#11679 = DIRECTION('',(-1.,0.));
#11680 = ( GEOMETRIC_REPRESENTATION_CONTEXT(2) 
PARAMETRIC_REPRESENTATION_CONTEXT() REPRESENTATION_CONTEXT('2D SPACE',''
  ) );
#11681 = PCURVE('',#11682,#11687);
#11682 = PLANE('',#11683);
#11683 = AXIS2_PLACEMENT_3D('',#11684,#11685,#11686);
#11684 = CARTESIAN_POINT('',(12.,59.184837585314,19.97020561473));
#11685 = DIRECTION('',(0.,-0.141421356237,0.989949493661));
#11686 = DIRECTION('',(1.,0.,0.));
#11687 = DEFINITIONAL_REPRESENTATION('',(#11688),#11692);
#11688 = CIRCLE('',#11689,2.6);
#11689 = AXIS2_PLACEMENT_2D('',#11690,#11691);
#11690 = CARTESIAN_POINT('',(1.314846281288E-16,-2.534857220269E-17));
#11691 = DIRECTION('',(1.,0.));
#11692 = ( GEOMETRIC_REPRESENTATION_CONTEXT(2) 
PARAMETRIC_REPRESENTATION_CONTEXT() REPRESENTATION_CONTEXT('2D SPACE',''
  ) );
#11693 = ORIENTED_EDGE('',*,*,#11644,.F.);
#11694 = ADVANCED_FACE('',(#11695),#5384,.F.);
#11695 = FACE_BOUND('',#11696,.F.);
#11696 = EDGE_LOOP('',(#11697,#11720,#11742,#11743));
#11697 = ORIENTED_EDGE('',*,*,#11698,.T.);
#11698 = EDGE_CURVE('',#5368,#11699,#11701,.T.);
#11699 = VERTEX_POINT('',#11700);
#11700 = CARTESIAN_POINT('',(45.25,133.01244316895,50.878896644961));
#11701 = SEAM_CURVE('',#11702,(#11706,#11713),.PCURVE_S1.);
#11702 = LINE('',#11703,#11704);
#11703 = CARTESIAN_POINT('',(45.25,139.54911547836,25.920693281751));
#11704 = VECTOR('',#11705,1.);
#11705 = DIRECTION('',(0.,-0.253359391838,0.96737222338));
#11706 = PCURVE('',#5384,#11707);
#11707 = DEFINITIONAL_REPRESENTATION('',(#11708),#11712);
#11708 = LINE('',#11709,#11710);
#11709 = CARTESIAN_POINT('',(6.28318530718,-0.));
#11710 = VECTOR('',#11711,1.);
#11711 = DIRECTION('',(0.,1.));
#11712 = ( GEOMETRIC_REPRESENTATION_CONTEXT(2) 
PARAMETRIC_REPRESENTATION_CONTEXT() REPRESENTATION_CONTEXT('2D SPACE',''
  ) );
#11713 = PCURVE('',#5384,#11714);
#11714 = DEFINITIONAL_REPRESENTATION('',(#11715),#11719);
#11715 = LINE('',#11716,#11717);
#11716 = CARTESIAN_POINT('',(0.,-0.));
#11717 = VECTOR('',#11718,1.);
#11718 = DIRECTION('',(0.,1.));
#11719 = ( GEOMETRIC_REPRESENTATION_CONTEXT(2) 
PARAMETRIC_REPRESENTATION_CONTEXT() REPRESENTATION_CONTEXT('2D SPACE',''
  ) );
#11720 = ORIENTED_EDGE('',*,*,#11721,.F.);
#11721 = EDGE_CURVE('',#11699,#11699,#11722,.T.);
#11722 = SURFACE_CURVE('',#11723,(#11728,#11735),.PCURVE_S1.);
#11723 = CIRCLE('',#11724,3.25);
#11724 = AXIS2_PLACEMENT_3D('',#11725,#11726,#11727);
#11725 = CARTESIAN_POINT('',(42.,133.01244316895,50.878896644961));
#11726 = DIRECTION('',(0.,-0.253359391838,0.96737222338));
#11727 = DIRECTION('',(1.,0.,0.));
#11728 = PCURVE('',#5384,#11729);
#11729 = DEFINITIONAL_REPRESENTATION('',(#11730),#11734);
#11730 = LINE('',#11731,#11732);
#11731 = CARTESIAN_POINT('',(0.,25.8));
#11732 = VECTOR('',#11733,1.);
#11733 = DIRECTION('',(1.,0.));
#11734 = ( GEOMETRIC_REPRESENTATION_CONTEXT(2) 
PARAMETRIC_REPRESENTATION_CONTEXT() REPRESENTATION_CONTEXT('2D SPACE',''
  ) );
#11735 = PCURVE('',#10937,#11736);
#11736 = DEFINITIONAL_REPRESENTATION('',(#11737),#11741);
#11737 = CIRCLE('',#11738,3.25);
#11738 = AXIS2_PLACEMENT_2D('',#11739,#11740);
#11739 = CARTESIAN_POINT('',(0.,0.));
#11740 = DIRECTION('',(1.,0.));
#11741 = ( GEOMETRIC_REPRESENTATION_CONTEXT(2) 
PARAMETRIC_REPRESENTATION_CONTEXT() REPRESENTATION_CONTEXT('2D SPACE',''
  ) );
#11742 = ORIENTED_EDGE('',*,*,#11698,.F.);
#11743 = ORIENTED_EDGE('',*,*,#5367,.T.);
#11744 = ADVANCED_FACE('',(#11745),#5428,.F.);
#11745 = FACE_BOUND('',#11746,.F.);
#11746 = EDGE_LOOP('',(#11747,#11748,#11769,#11770));
#11747 = ORIENTED_EDGE('',*,*,#9963,.F.);
#11748 = ORIENTED_EDGE('',*,*,#11749,.T.);
#11749 = EDGE_CURVE('',#9964,#5412,#11750,.T.);
#11750 = SURFACE_CURVE('',#11751,(#11755,#11762),.PCURVE_S1.);
#11751 = LINE('',#11752,#11753);
#11752 = CARTESIAN_POINT('',(-10.31370849898,41.903147853115,
    20.026774157225));
#11753 = VECTOR('',#11754,1.);
#11754 = DIRECTION('',(-0.,0.141421356237,-0.989949493661));
#11755 = PCURVE('',#5428,#11756);
#11756 = DEFINITIONAL_REPRESENTATION('',(#11757),#11761);
#11757 = LINE('',#11758,#11759);
#11758 = CARTESIAN_POINT('',(0.,0.));
#11759 = VECTOR('',#11760,1.);
#11760 = DIRECTION('',(0.,-1.));
#11761 = ( GEOMETRIC_REPRESENTATION_CONTEXT(2) 
PARAMETRIC_REPRESENTATION_CONTEXT() REPRESENTATION_CONTEXT('2D SPACE',''
  ) );
#11762 = PCURVE('',#5454,#11763);
#11763 = DEFINITIONAL_REPRESENTATION('',(#11764),#11768);
#11764 = LINE('',#11765,#11766);
#11765 = CARTESIAN_POINT('',(0.,0.));
#11766 = VECTOR('',#11767,1.);
#11767 = DIRECTION('',(0.,-1.));
#11768 = ( GEOMETRIC_REPRESENTATION_CONTEXT(2) 
PARAMETRIC_REPRESENTATION_CONTEXT() REPRESENTATION_CONTEXT('2D SPACE',''
  ) );
#11769 = ORIENTED_EDGE('',*,*,#5411,.T.);
#11770 = ORIENTED_EDGE('',*,*,#11771,.F.);
#11771 = EDGE_CURVE('',#9966,#5414,#11772,.T.);
#11772 = SURFACE_CURVE('',#11773,(#11777,#11784),.PCURVE_S1.);
#11773 = LINE('',#11774,#11775);
#11774 = CARTESIAN_POINT('',(10.313708498985,41.903147853115,
    20.026774157225));
#11775 = VECTOR('',#11776,1.);
#11776 = DIRECTION('',(-0.,0.141421356237,-0.989949493661));
#11777 = PCURVE('',#5428,#11778);
#11778 = DEFINITIONAL_REPRESENTATION('',(#11779),#11783);
#11779 = LINE('',#11780,#11781);
#11780 = CARTESIAN_POINT('',(20.62741699797,0.));
#11781 = VECTOR('',#11782,1.);
#11782 = DIRECTION('',(0.,-1.));
#11783 = ( GEOMETRIC_REPRESENTATION_CONTEXT(2) 
PARAMETRIC_REPRESENTATION_CONTEXT() REPRESENTATION_CONTEXT('2D SPACE',''
  ) );
#11784 = PCURVE('',#5504,#11785);
#11785 = DEFINITIONAL_REPRESENTATION('',(#11786),#11790);
#11786 = LINE('',#11787,#11788);
#11787 = CARTESIAN_POINT('',(0.,0.));
#11788 = VECTOR('',#11789,1.);
#11789 = DIRECTION('',(0.,-1.));
#11790 = ( GEOMETRIC_REPRESENTATION_CONTEXT(2) 
PARAMETRIC_REPRESENTATION_CONTEXT() REPRESENTATION_CONTEXT('2D SPACE',''
  ) );
#11791 = ADVANCED_FACE('',(#11792),#5454,.T.);
#11792 = FACE_BOUND('',#11793,.T.);
#11793 = EDGE_LOOP('',(#11794,#11795,#11796,#11797));
#11794 = ORIENTED_EDGE('',*,*,#9988,.F.);
#11795 = ORIENTED_EDGE('',*,*,#11749,.T.);
#11796 = ORIENTED_EDGE('',*,*,#5439,.T.);
#11797 = ORIENTED_EDGE('',*,*,#11798,.F.);
#11798 = EDGE_CURVE('',#9989,#5440,#11799,.T.);
#11799 = SURFACE_CURVE('',#11800,(#11804,#11811),.PCURVE_S1.);
#11800 = LINE('',#11801,#11802);
#11801 = CARTESIAN_POINT('',(-10.31370849898,44.081036739169,
    20.337901140947));
#11802 = VECTOR('',#11803,1.);
#11803 = DIRECTION('',(-0.,0.141421356237,-0.989949493661));
#11804 = PCURVE('',#5454,#11805);
#11805 = DEFINITIONAL_REPRESENTATION('',(#11806),#11810);
#11806 = LINE('',#11807,#11808);
#11807 = CARTESIAN_POINT('',(2.2,3.053113317719E-15));
#11808 = VECTOR('',#11809,1.);
#11809 = DIRECTION('',(0.,-1.));
#11810 = ( GEOMETRIC_REPRESENTATION_CONTEXT(2) 
PARAMETRIC_REPRESENTATION_CONTEXT() REPRESENTATION_CONTEXT('2D SPACE',''
  ) );
#11811 = PCURVE('',#5480,#11812);
#11812 = DEFINITIONAL_REPRESENTATION('',(#11813),#11817);
#11813 = LINE('',#11814,#11815);
#11814 = CARTESIAN_POINT('',(0.,0.));
#11815 = VECTOR('',#11816,1.);
#11816 = DIRECTION('',(0.,-1.));
#11817 = ( GEOMETRIC_REPRESENTATION_CONTEXT(2) 
PARAMETRIC_REPRESENTATION_CONTEXT() REPRESENTATION_CONTEXT('2D SPACE',''
  ) );
#11818 = ADVANCED_FACE('',(#11819),#5480,.T.);
#11819 = FACE_BOUND('',#11820,.T.);
#11820 = EDGE_LOOP('',(#11821,#11822,#11823,#11824));
#11821 = ORIENTED_EDGE('',*,*,#10011,.F.);
#11822 = ORIENTED_EDGE('',*,*,#11798,.T.);
#11823 = ORIENTED_EDGE('',*,*,#5465,.T.);
#11824 = ORIENTED_EDGE('',*,*,#11825,.F.);
#11825 = EDGE_CURVE('',#10012,#5466,#11826,.T.);
#11826 = SURFACE_CURVE('',#11827,(#11831,#11838),.PCURVE_S1.);
#11827 = LINE('',#11828,#11829);
#11828 = CARTESIAN_POINT('',(10.313708498985,44.081036739169,
    20.337901140947));
#11829 = VECTOR('',#11830,1.);
#11830 = DIRECTION('',(-0.,0.141421356237,-0.989949493661));
#11831 = PCURVE('',#5480,#11832);
#11832 = DEFINITIONAL_REPRESENTATION('',(#11833),#11837);
#11833 = LINE('',#11834,#11835);
#11834 = CARTESIAN_POINT('',(20.62741699797,0.));
#11835 = VECTOR('',#11836,1.);
#11836 = DIRECTION('',(0.,-1.));
#11837 = ( GEOMETRIC_REPRESENTATION_CONTEXT(2) 
PARAMETRIC_REPRESENTATION_CONTEXT() REPRESENTATION_CONTEXT('2D SPACE',''
  ) );
#11838 = PCURVE('',#5504,#11839);
#11839 = DEFINITIONAL_REPRESENTATION('',(#11840),#11844);
#11840 = LINE('',#11841,#11842);
#11841 = CARTESIAN_POINT('',(2.2,3.053113317719E-15));
#11842 = VECTOR('',#11843,1.);
#11843 = DIRECTION('',(0.,-1.));
#11844 = ( GEOMETRIC_REPRESENTATION_CONTEXT(2) 
PARAMETRIC_REPRESENTATION_CONTEXT() REPRESENTATION_CONTEXT('2D SPACE',''
  ) );
#11845 = ADVANCED_FACE('',(#11846),#5504,.F.);
#11846 = FACE_BOUND('',#11847,.F.);
#11847 = EDGE_LOOP('',(#11848,#11849,#11850,#11851));
#11848 = ORIENTED_EDGE('',*,*,#10034,.F.);
#11849 = ORIENTED_EDGE('',*,*,#11771,.T.);
#11850 = ORIENTED_EDGE('',*,*,#5491,.T.);
#11851 = ORIENTED_EDGE('',*,*,#11825,.F.);
#11852 = ADVANCED_FACE('',(#11853),#5534,.F.);
#11853 = FACE_BOUND('',#11854,.F.);
#11854 = EDGE_LOOP('',(#11855,#11856,#11877,#11878));
#11855 = ORIENTED_EDGE('',*,*,#10057,.F.);
#11856 = ORIENTED_EDGE('',*,*,#11857,.T.);
#11857 = EDGE_CURVE('',#10058,#5518,#11858,.T.);
#11858 = SURFACE_CURVE('',#11859,(#11863,#11870),.PCURVE_S1.);
#11859 = LINE('',#11860,#11861);
#11860 = CARTESIAN_POINT('',(-7.944271909999,37.94334987847,
    19.461088732276));
#11861 = VECTOR('',#11862,1.);
#11862 = DIRECTION('',(-0.,0.141421356237,-0.989949493661));
#11863 = PCURVE('',#5534,#11864);
#11864 = DEFINITIONAL_REPRESENTATION('',(#11865),#11869);
#11865 = LINE('',#11866,#11867);
#11866 = CARTESIAN_POINT('',(0.,0.));
#11867 = VECTOR('',#11868,1.);
#11868 = DIRECTION('',(0.,-1.));
#11869 = ( GEOMETRIC_REPRESENTATION_CONTEXT(2) 
PARAMETRIC_REPRESENTATION_CONTEXT() REPRESENTATION_CONTEXT('2D SPACE',''
  ) );
#11870 = PCURVE('',#5560,#11871);
#11871 = DEFINITIONAL_REPRESENTATION('',(#11872),#11876);
#11872 = LINE('',#11873,#11874);
#11873 = CARTESIAN_POINT('',(0.,0.));
#11874 = VECTOR('',#11875,1.);
#11875 = DIRECTION('',(0.,-1.));
#11876 = ( GEOMETRIC_REPRESENTATION_CONTEXT(2) 
PARAMETRIC_REPRESENTATION_CONTEXT() REPRESENTATION_CONTEXT('2D SPACE',''
  ) );
#11877 = ORIENTED_EDGE('',*,*,#5517,.T.);
#11878 = ORIENTED_EDGE('',*,*,#11879,.F.);
#11879 = EDGE_CURVE('',#10060,#5520,#11880,.T.);
#11880 = SURFACE_CURVE('',#11881,(#11885,#11892),.PCURVE_S1.);
#11881 = LINE('',#11882,#11883);
#11882 = CARTESIAN_POINT('',(7.944271909999,37.94334987847,
    19.461088732276));
#11883 = VECTOR('',#11884,1.);
#11884 = DIRECTION('',(-0.,0.141421356237,-0.989949493661));
#11885 = PCURVE('',#5534,#11886);
#11886 = DEFINITIONAL_REPRESENTATION('',(#11887),#11891);
#11887 = LINE('',#11888,#11889);
#11888 = CARTESIAN_POINT('',(15.888543819998,0.));
#11889 = VECTOR('',#11890,1.);
#11890 = DIRECTION('',(0.,-1.));
#11891 = ( GEOMETRIC_REPRESENTATION_CONTEXT(2) 
PARAMETRIC_REPRESENTATION_CONTEXT() REPRESENTATION_CONTEXT('2D SPACE',''
  ) );
#11892 = PCURVE('',#5610,#11893);
#11893 = DEFINITIONAL_REPRESENTATION('',(#11894),#11898);
#11894 = LINE('',#11895,#11896);
#11895 = CARTESIAN_POINT('',(0.,0.));
#11896 = VECTOR('',#11897,1.);
#11897 = DIRECTION('',(0.,-1.));
#11898 = ( GEOMETRIC_REPRESENTATION_CONTEXT(2) 
PARAMETRIC_REPRESENTATION_CONTEXT() REPRESENTATION_CONTEXT('2D SPACE',''
  ) );
#11899 = ADVANCED_FACE('',(#11900),#5560,.T.);
#11900 = FACE_BOUND('',#11901,.T.);
#11901 = EDGE_LOOP('',(#11902,#11903,#11904,#11905));
#11902 = ORIENTED_EDGE('',*,*,#10082,.F.);
#11903 = ORIENTED_EDGE('',*,*,#11857,.T.);
#11904 = ORIENTED_EDGE('',*,*,#5545,.T.);
#11905 = ORIENTED_EDGE('',*,*,#11906,.F.);
#11906 = EDGE_CURVE('',#10083,#5546,#11907,.T.);
#11907 = SURFACE_CURVE('',#11908,(#11912,#11919),.PCURVE_S1.);
#11908 = LINE('',#11909,#11910);
#11909 = CARTESIAN_POINT('',(-7.944271909999,40.121238764525,
    19.772215715998));
#11910 = VECTOR('',#11911,1.);
#11911 = DIRECTION('',(-0.,0.141421356237,-0.989949493661));
#11912 = PCURVE('',#5560,#11913);
#11913 = DEFINITIONAL_REPRESENTATION('',(#11914),#11918);
#11914 = LINE('',#11915,#11916);
#11915 = CARTESIAN_POINT('',(2.2,3.053113317719E-15));
#11916 = VECTOR('',#11917,1.);
#11917 = DIRECTION('',(0.,-1.));
#11918 = ( GEOMETRIC_REPRESENTATION_CONTEXT(2) 
PARAMETRIC_REPRESENTATION_CONTEXT() REPRESENTATION_CONTEXT('2D SPACE',''
  ) );
#11919 = PCURVE('',#5586,#11920);
#11920 = DEFINITIONAL_REPRESENTATION('',(#11921),#11925);
#11921 = LINE('',#11922,#11923);
#11922 = CARTESIAN_POINT('',(0.,0.));
#11923 = VECTOR('',#11924,1.);
#11924 = DIRECTION('',(0.,-1.));
#11925 = ( GEOMETRIC_REPRESENTATION_CONTEXT(2) 
PARAMETRIC_REPRESENTATION_CONTEXT() REPRESENTATION_CONTEXT('2D SPACE',''
  ) );
#11926 = ADVANCED_FACE('',(#11927),#5586,.T.);
#11927 = FACE_BOUND('',#11928,.T.);
#11928 = EDGE_LOOP('',(#11929,#11930,#11931,#11932));
#11929 = ORIENTED_EDGE('',*,*,#10105,.F.);
#11930 = ORIENTED_EDGE('',*,*,#11906,.T.);
#11931 = ORIENTED_EDGE('',*,*,#5571,.T.);
#11932 = ORIENTED_EDGE('',*,*,#11933,.F.);
#11933 = EDGE_CURVE('',#10106,#5572,#11934,.T.);
#11934 = SURFACE_CURVE('',#11935,(#11939,#11946),.PCURVE_S1.);
#11935 = LINE('',#11936,#11937);
#11936 = CARTESIAN_POINT('',(7.944271909999,40.121238764525,
    19.772215715998));
#11937 = VECTOR('',#11938,1.);
#11938 = DIRECTION('',(-0.,0.141421356237,-0.989949493661));
#11939 = PCURVE('',#5586,#11940);
#11940 = DEFINITIONAL_REPRESENTATION('',(#11941),#11945);
#11941 = LINE('',#11942,#11943);
#11942 = CARTESIAN_POINT('',(15.888543819998,0.));
#11943 = VECTOR('',#11944,1.);
#11944 = DIRECTION('',(0.,-1.));
#11945 = ( GEOMETRIC_REPRESENTATION_CONTEXT(2) 
PARAMETRIC_REPRESENTATION_CONTEXT() REPRESENTATION_CONTEXT('2D SPACE',''
  ) );
#11946 = PCURVE('',#5610,#11947);
#11947 = DEFINITIONAL_REPRESENTATION('',(#11948),#11952);
#11948 = LINE('',#11949,#11950);
#11949 = CARTESIAN_POINT('',(2.2,3.053113317719E-15));
#11950 = VECTOR('',#11951,1.);
#11951 = DIRECTION('',(0.,-1.));
#11952 = ( GEOMETRIC_REPRESENTATION_CONTEXT(2) 
PARAMETRIC_REPRESENTATION_CONTEXT() REPRESENTATION_CONTEXT('2D SPACE',''
  ) );
#11953 = ADVANCED_FACE('',(#11954),#5610,.F.);
#11954 = FACE_BOUND('',#11955,.F.);
#11955 = EDGE_LOOP('',(#11956,#11957,#11958,#11959));
#11956 = ORIENTED_EDGE('',*,*,#10128,.F.);
#11957 = ORIENTED_EDGE('',*,*,#11879,.T.);
#11958 = ORIENTED_EDGE('',*,*,#5597,.T.);
#11959 = ORIENTED_EDGE('',*,*,#11933,.F.);
#11960 = ADVANCED_FACE('',(#11961),#5644,.F.);
#11961 = FACE_BOUND('',#11962,.T.);
#11962 = EDGE_LOOP('',(#11963,#11964,#11987,#12014));
#11963 = ORIENTED_EDGE('',*,*,#5623,.T.);
#11964 = ORIENTED_EDGE('',*,*,#11965,.T.);
#11965 = EDGE_CURVE('',#5624,#11966,#11968,.T.);
#11966 = VERTEX_POINT('',#11967);
#11967 = CARTESIAN_POINT('',(14.6,35.426049737446,16.576093065035));
#11968 = SEAM_CURVE('',#11969,(#11973,#11980),.PCURVE_S1.);
#11969 = LINE('',#11970,#11971);
#11970 = CARTESIAN_POINT('',(14.6,35.652323907426,14.992173875177));
#11971 = VECTOR('',#11972,1.);
#11972 = DIRECTION('',(0.,-0.141421356237,0.989949493661));
#11973 = PCURVE('',#5644,#11974);
#11974 = DEFINITIONAL_REPRESENTATION('',(#11975),#11979);
#11975 = LINE('',#11976,#11977);
#11976 = CARTESIAN_POINT('',(-6.28318530718,0.));
#11977 = VECTOR('',#11978,1.);
#11978 = DIRECTION('',(-0.,-1.));
#11979 = ( GEOMETRIC_REPRESENTATION_CONTEXT(2) 
PARAMETRIC_REPRESENTATION_CONTEXT() REPRESENTATION_CONTEXT('2D SPACE',''
  ) );
#11980 = PCURVE('',#5644,#11981);
#11981 = DEFINITIONAL_REPRESENTATION('',(#11982),#11986);
#11982 = LINE('',#11983,#11984);
#11983 = CARTESIAN_POINT('',(-0.,0.));
#11984 = VECTOR('',#11985,1.);
#11985 = DIRECTION('',(-0.,-1.));
#11986 = ( GEOMETRIC_REPRESENTATION_CONTEXT(2) 
PARAMETRIC_REPRESENTATION_CONTEXT() REPRESENTATION_CONTEXT('2D SPACE',''
  ) );
#11987 = ORIENTED_EDGE('',*,*,#11988,.T.);
#11988 = EDGE_CURVE('',#11966,#11966,#11989,.T.);
#11989 = SURFACE_CURVE('',#11990,(#11995,#12002),.PCURVE_S1.);
#11990 = CIRCLE('',#11991,2.6);
#11991 = AXIS2_PLACEMENT_3D('',#11992,#11993,#11994);
#11992 = CARTESIAN_POINT('',(12.,35.426049737446,16.576093065035));
#11993 = DIRECTION('',(0.,-0.141421356237,0.989949493661));
#11994 = DIRECTION('',(1.,0.,0.));
#11995 = PCURVE('',#5644,#11996);
#11996 = DEFINITIONAL_REPRESENTATION('',(#11997),#12001);
#11997 = LINE('',#11998,#11999);
#11998 = CARTESIAN_POINT('',(-0.,-1.6));
#11999 = VECTOR('',#12000,1.);
#12000 = DIRECTION('',(-1.,0.));
#12001 = ( GEOMETRIC_REPRESENTATION_CONTEXT(2) 
PARAMETRIC_REPRESENTATION_CONTEXT() REPRESENTATION_CONTEXT('2D SPACE',''
  ) );
#12002 = PCURVE('',#12003,#12008);
#12003 = PLANE('',#12004);
#12004 = AXIS2_PLACEMENT_3D('',#12005,#12006,#12007);
#12005 = CARTESIAN_POINT('',(12.,35.426049737446,16.576093065035));
#12006 = DIRECTION('',(0.,-0.141421356237,0.989949493661));
#12007 = DIRECTION('',(1.,0.,0.));
#12008 = DEFINITIONAL_REPRESENTATION('',(#12009),#12013);
#12009 = CIRCLE('',#12010,2.6);
#12010 = AXIS2_PLACEMENT_2D('',#12011,#12012);
#12011 = CARTESIAN_POINT('',(1.314846281288E-16,-2.534857220269E-17));
#12012 = DIRECTION('',(1.,0.));
#12013 = ( GEOMETRIC_REPRESENTATION_CONTEXT(2) 
PARAMETRIC_REPRESENTATION_CONTEXT() REPRESENTATION_CONTEXT('2D SPACE',''
  ) );
#12014 = ORIENTED_EDGE('',*,*,#11965,.F.);
#12015 = ADVANCED_FACE('',(#12016),#5675,.F.);
#12016 = FACE_BOUND('',#12017,.F.);
#12017 = EDGE_LOOP('',(#12018,#12041,#12063,#12064));
#12018 = ORIENTED_EDGE('',*,*,#12019,.T.);
#12019 = EDGE_CURVE('',#5659,#12020,#12022,.T.);
#12020 = VERTEX_POINT('',#12021);
#12021 = CARTESIAN_POINT('',(45.25,-47.25358419248,4.751780336653));
#12022 = SEAM_CURVE('',#12023,(#12027,#12034),.PCURVE_S1.);
#12023 = LINE('',#12024,#12025);
#12024 = CARTESIAN_POINT('',(45.25,-45.86010753737,-0.568766891938));
#12025 = VECTOR('',#12026,1.);
#12026 = DIRECTION('',(0.,-0.253359391838,0.96737222338));
#12027 = PCURVE('',#5675,#12028);
#12028 = DEFINITIONAL_REPRESENTATION('',(#12029),#12033);
#12029 = LINE('',#12030,#12031);
#12030 = CARTESIAN_POINT('',(6.28318530718,-0.));
#12031 = VECTOR('',#12032,1.);
#12032 = DIRECTION('',(0.,1.));
#12033 = ( GEOMETRIC_REPRESENTATION_CONTEXT(2) 
PARAMETRIC_REPRESENTATION_CONTEXT() REPRESENTATION_CONTEXT('2D SPACE',''
  ) );
#12034 = PCURVE('',#5675,#12035);
#12035 = DEFINITIONAL_REPRESENTATION('',(#12036),#12040);
#12036 = LINE('',#12037,#12038);
#12037 = CARTESIAN_POINT('',(0.,-0.));
#12038 = VECTOR('',#12039,1.);
#12039 = DIRECTION('',(0.,1.));
#12040 = ( GEOMETRIC_REPRESENTATION_CONTEXT(2) 
PARAMETRIC_REPRESENTATION_CONTEXT() REPRESENTATION_CONTEXT('2D SPACE',''
  ) );
#12041 = ORIENTED_EDGE('',*,*,#12042,.F.);
#12042 = EDGE_CURVE('',#12020,#12020,#12043,.T.);
#12043 = SURFACE_CURVE('',#12044,(#12049,#12056),.PCURVE_S1.);
#12044 = CIRCLE('',#12045,3.25);
#12045 = AXIS2_PLACEMENT_3D('',#12046,#12047,#12048);
#12046 = CARTESIAN_POINT('',(42.,-47.25358419248,4.751780336653));
#12047 = DIRECTION('',(0.,-0.253359391838,0.96737222338));
#12048 = DIRECTION('',(1.,0.,0.));
#12049 = PCURVE('',#5675,#12050);
#12050 = DEFINITIONAL_REPRESENTATION('',(#12051),#12055);
#12051 = LINE('',#12052,#12053);
#12052 = CARTESIAN_POINT('',(0.,5.5));
#12053 = VECTOR('',#12054,1.);
#12054 = DIRECTION('',(1.,0.));
#12055 = ( GEOMETRIC_REPRESENTATION_CONTEXT(2) 
PARAMETRIC_REPRESENTATION_CONTEXT() REPRESENTATION_CONTEXT('2D SPACE',''
  ) );
#12056 = PCURVE('',#8516,#12057);
#12057 = DEFINITIONAL_REPRESENTATION('',(#12058),#12062);
#12058 = CIRCLE('',#12059,3.25);
#12059 = AXIS2_PLACEMENT_2D('',#12060,#12061);
#12060 = CARTESIAN_POINT('',(0.,0.));
#12061 = DIRECTION('',(1.,0.));
#12062 = ( GEOMETRIC_REPRESENTATION_CONTEXT(2) 
PARAMETRIC_REPRESENTATION_CONTEXT() REPRESENTATION_CONTEXT('2D SPACE',''
  ) );
#12063 = ORIENTED_EDGE('',*,*,#12019,.F.);
#12064 = ORIENTED_EDGE('',*,*,#5658,.T.);
#12065 = ADVANCED_FACE('',(#12066,#12069),#6115,.F.);
#12066 = FACE_BOUND('',#12067,.F.);
#12067 = EDGE_LOOP('',(#12068));
#12068 = ORIENTED_EDGE('',*,*,#11132,.T.);
#12069 = FACE_BOUND('',#12070,.F.);
#12070 = EDGE_LOOP('',(#12071));
#12071 = ORIENTED_EDGE('',*,*,#6100,.F.);
#12072 = ADVANCED_FACE('',(#12073),#6383,.T.);
#12073 = FACE_BOUND('',#12074,.T.);
#12074 = EDGE_LOOP('',(#12075,#12076,#12077,#12107,#12130));
#12075 = ORIENTED_EDGE('',*,*,#6365,.F.);
#12076 = ORIENTED_EDGE('',*,*,#8232,.T.);
#12077 = ORIENTED_EDGE('',*,*,#12078,.T.);
#12078 = EDGE_CURVE('',#8233,#12079,#12081,.T.);
#12079 = VERTEX_POINT('',#12080);
#12080 = CARTESIAN_POINT('',(-39.5,-44.47224398494,11.222966372006));
#12081 = SURFACE_CURVE('',#12082,(#12087,#12094),.PCURVE_S1.);
#12082 = ELLIPSE('',#12083,5.032813584593,5.);
#12083 = AXIS2_PLACEMENT_3D('',#12084,#12085,#12086);
#12084 = CARTESIAN_POINT('',(-42.,-48.78698282342,10.606575109366));
#12085 = DIRECTION('',(0.,-0.141421356237,0.989949493661));
#12086 = DIRECTION('',(0.,-0.989949493661,-0.141421356237));
#12087 = PCURVE('',#6383,#12088);
#12088 = DEFINITIONAL_REPRESENTATION('',(#12089),#12093);
#12089 = ELLIPSE('',#12090,5.032813584593,5.);
#12090 = AXIS2_PLACEMENT_2D('',#12091,#12092);
#12091 = CARTESIAN_POINT('',(-37.45,-32.71086626868));
#12092 = DIRECTION('',(0.,-1.));
#12093 = ( GEOMETRIC_REPRESENTATION_CONTEXT(2) 
PARAMETRIC_REPRESENTATION_CONTEXT() REPRESENTATION_CONTEXT('2D SPACE',''
  ) );
#12094 = PCURVE('',#8403,#12095);
#12095 = DEFINITIONAL_REPRESENTATION('',(#12096),#12106);
#12096 = B_SPLINE_CURVE_WITH_KNOTS('',8,(#12097,#12098,#12099,#12100,
    #12101,#12102,#12103,#12104,#12105),.UNSPECIFIED.,.F.,.F.,(9,9),(
    1.257909379668,3.14159265359),.PIECEWISE_BEZIER_KNOTS.);
#12097 = CARTESIAN_POINT('',(5.970298360053,70.38887718181));
#12098 = CARTESIAN_POINT('',(6.205758769293,70.26033621007));
#12099 = CARTESIAN_POINT('',(6.441219178532,70.12060472506));
#12100 = CARTESIAN_POINT('',(6.676679587775,69.980543597165));
#12101 = CARTESIAN_POINT('',(6.912139997012,69.852329622488));
#12102 = CARTESIAN_POINT('',(7.147600406254,69.74756090506));
#12103 = CARTESIAN_POINT('',(7.383060815493,69.674851581105));
#12104 = CARTESIAN_POINT('',(7.618521224734,69.638496289493));
#12105 = CARTESIAN_POINT('',(7.853981633974,69.638496289493));
#12106 = ( GEOMETRIC_REPRESENTATION_CONTEXT(2) 
PARAMETRIC_REPRESENTATION_CONTEXT() REPRESENTATION_CONTEXT('2D SPACE',''
  ) );
#12107 = ORIENTED_EDGE('',*,*,#12108,.T.);
#12108 = EDGE_CURVE('',#12079,#12109,#12111,.T.);
#12109 = VERTEX_POINT('',#12110);
#12110 = CARTESIAN_POINT('',(-39.5,-39.71818789924,11.902117241392));
#12111 = SURFACE_CURVE('',#12112,(#12116,#12123),.PCURVE_S1.);
#12112 = LINE('',#12113,#12114);
#12113 = CARTESIAN_POINT('',(-39.5,-42.1930616334,11.548563850799));
#12114 = VECTOR('',#12115,1.);
#12115 = DIRECTION('',(0.,0.989949493661,0.141421356237));
#12116 = PCURVE('',#6383,#12117);
#12117 = DEFINITIONAL_REPRESENTATION('',(#12118),#12122);
#12118 = LINE('',#12119,#12120);
#12119 = CARTESIAN_POINT('',(-34.95,-26.05));
#12120 = VECTOR('',#12121,1.);
#12121 = DIRECTION('',(0.,1.));
#12122 = ( GEOMETRIC_REPRESENTATION_CONTEXT(2) 
PARAMETRIC_REPRESENTATION_CONTEXT() REPRESENTATION_CONTEXT('2D SPACE',''
  ) );
#12123 = PCURVE('',#8982,#12124);
#12124 = DEFINITIONAL_REPRESENTATION('',(#12125),#12129);
#12125 = LINE('',#12126,#12127);
#12126 = CARTESIAN_POINT('',(2.5,-3.5));
#12127 = VECTOR('',#12128,1.);
#12128 = DIRECTION('',(1.,0.));
#12129 = ( GEOMETRIC_REPRESENTATION_CONTEXT(2) 
PARAMETRIC_REPRESENTATION_CONTEXT() REPRESENTATION_CONTEXT('2D SPACE',''
  ) );
#12130 = ORIENTED_EDGE('',*,*,#12131,.F.);
#12131 = EDGE_CURVE('',#6368,#12109,#12132,.T.);
#12132 = SURFACE_CURVE('',#12133,(#12137,#12144),.PCURVE_S1.);
#12133 = LINE('',#12134,#12135);
#12134 = CARTESIAN_POINT('',(-42.,-39.71818789924,11.902117241392));
#12135 = VECTOR('',#12136,1.);
#12136 = DIRECTION('',(1.,0.,0.));
#12137 = PCURVE('',#6383,#12138);
#12138 = DEFINITIONAL_REPRESENTATION('',(#12139),#12143);
#12139 = LINE('',#12140,#12141);
#12140 = CARTESIAN_POINT('',(-37.45,-23.55));
#12141 = VECTOR('',#12142,1.);
#12142 = DIRECTION('',(1.,0.));
#12143 = ( GEOMETRIC_REPRESENTATION_CONTEXT(2) 
PARAMETRIC_REPRESENTATION_CONTEXT() REPRESENTATION_CONTEXT('2D SPACE',''
  ) );
#12144 = PCURVE('',#6535,#12145);
#12145 = DEFINITIONAL_REPRESENTATION('',(#12146),#12150);
#12146 = LINE('',#12147,#12148);
#12147 = CARTESIAN_POINT('',(2.5,-3.5));
#12148 = VECTOR('',#12149,1.);
#12149 = DIRECTION('',(1.,0.));
#12150 = ( GEOMETRIC_REPRESENTATION_CONTEXT(2) 
PARAMETRIC_REPRESENTATION_CONTEXT() REPRESENTATION_CONTEXT('2D SPACE',''
  ) );
#12151 = ADVANCED_FACE('',(#12152),#6458,.T.);
#12152 = FACE_BOUND('',#12153,.T.);
#12153 = EDGE_LOOP('',(#12154,#12155,#12178,#12199));
#12154 = ORIENTED_EDGE('',*,*,#6442,.F.);
#12155 = ORIENTED_EDGE('',*,*,#12156,.T.);
#12156 = EDGE_CURVE('',#6443,#12157,#12159,.T.);
#12157 = VERTEX_POINT('',#12158);
#12158 = CARTESIAN_POINT('',(-39.5,6.908433252193,18.563063120169));
#12159 = SURFACE_CURVE('',#12160,(#12164,#12171),.PCURVE_S1.);
#12160 = LINE('',#12161,#12162);
#12161 = CARTESIAN_POINT('',(-42.,6.908433252193,18.563063120169));
#12162 = VECTOR('',#12163,1.);
#12163 = DIRECTION('',(1.,0.,0.));
#12164 = PCURVE('',#6458,#12165);
#12165 = DEFINITIONAL_REPRESENTATION('',(#12166),#12170);
#12166 = LINE('',#12167,#12168);
#12167 = CARTESIAN_POINT('',(0.,-2.5));
#12168 = VECTOR('',#12169,1.);
#12169 = DIRECTION('',(1.,0.));
#12170 = ( GEOMETRIC_REPRESENTATION_CONTEXT(2) 
PARAMETRIC_REPRESENTATION_CONTEXT() REPRESENTATION_CONTEXT('2D SPACE',''
  ) );
#12171 = PCURVE('',#6486,#12172);
#12172 = DEFINITIONAL_REPRESENTATION('',(#12173),#12177);
#12173 = LINE('',#12174,#12175);
#12174 = CARTESIAN_POINT('',(2.5,-3.5));
#12175 = VECTOR('',#12176,1.);
#12176 = DIRECTION('',(1.,0.));
#12177 = ( GEOMETRIC_REPRESENTATION_CONTEXT(2) 
PARAMETRIC_REPRESENTATION_CONTEXT() REPRESENTATION_CONTEXT('2D SPACE',''
  ) );
#12178 = ORIENTED_EDGE('',*,*,#12179,.T.);
#12179 = EDGE_CURVE('',#12157,#6576,#12180,.T.);
#12180 = SURFACE_CURVE('',#12181,(#12185,#12192),.PCURVE_S1.);
#12181 = LINE('',#12182,#12183);
#12182 = CARTESIAN_POINT('',(-39.5,9.383306986345,18.916616510762));
#12183 = VECTOR('',#12184,1.);
#12184 = DIRECTION('',(0.,0.989949493661,0.141421356237));
#12185 = PCURVE('',#6458,#12186);
#12186 = DEFINITIONAL_REPRESENTATION('',(#12187),#12191);
#12187 = LINE('',#12188,#12189);
#12188 = CARTESIAN_POINT('',(2.5,0.));
#12189 = VECTOR('',#12190,1.);
#12190 = DIRECTION('',(0.,1.));
#12191 = ( GEOMETRIC_REPRESENTATION_CONTEXT(2) 
PARAMETRIC_REPRESENTATION_CONTEXT() REPRESENTATION_CONTEXT('2D SPACE',''
  ) );
#12192 = PCURVE('',#6591,#12193);
#12193 = DEFINITIONAL_REPRESENTATION('',(#12194),#12198);
#12194 = LINE('',#12195,#12196);
#12195 = CARTESIAN_POINT('',(2.5,-3.5));
#12196 = VECTOR('',#12197,1.);
#12197 = DIRECTION('',(1.,0.));
#12198 = ( GEOMETRIC_REPRESENTATION_CONTEXT(2) 
PARAMETRIC_REPRESENTATION_CONTEXT() REPRESENTATION_CONTEXT('2D SPACE',''
  ) );
#12199 = ORIENTED_EDGE('',*,*,#6603,.F.);
#12200 = ADVANCED_FACE('',(#12201),#6486,.F.);
#12201 = FACE_BOUND('',#12202,.F.);
#12202 = EDGE_LOOP('',(#12203,#12204,#12205,#12226));
#12203 = ORIENTED_EDGE('',*,*,#6470,.T.);
#12204 = ORIENTED_EDGE('',*,*,#12156,.T.);
#12205 = ORIENTED_EDGE('',*,*,#12206,.F.);
#12206 = EDGE_CURVE('',#8899,#12157,#12207,.T.);
#12207 = SURFACE_CURVE('',#12208,(#12212,#12219),.PCURVE_S1.);
#12208 = LINE('',#12209,#12210);
#12209 = CARTESIAN_POINT('',(-39.5,7.403407999023,15.098239892355));
#12210 = VECTOR('',#12211,1.);
#12211 = DIRECTION('',(0.,-0.141421356237,0.989949493661));
#12212 = PCURVE('',#6486,#12213);
#12213 = DEFINITIONAL_REPRESENTATION('',(#12214),#12218);
#12214 = LINE('',#12215,#12216);
#12215 = CARTESIAN_POINT('',(5.,0.));
#12216 = VECTOR('',#12217,1.);
#12217 = DIRECTION('',(0.,-1.));
#12218 = ( GEOMETRIC_REPRESENTATION_CONTEXT(2) 
PARAMETRIC_REPRESENTATION_CONTEXT() REPRESENTATION_CONTEXT('2D SPACE',''
  ) );
#12219 = PCURVE('',#6591,#12220);
#12220 = DEFINITIONAL_REPRESENTATION('',(#12221),#12225);
#12221 = LINE('',#12222,#12223);
#12222 = CARTESIAN_POINT('',(0.,0.));
#12223 = VECTOR('',#12224,1.);
#12224 = DIRECTION('',(-2.775557561563E-17,-1.));
#12225 = ( GEOMETRIC_REPRESENTATION_CONTEXT(2) 
PARAMETRIC_REPRESENTATION_CONTEXT() REPRESENTATION_CONTEXT('2D SPACE',''
  ) );
#12226 = ORIENTED_EDGE('',*,*,#8921,.F.);
#12227 = ADVANCED_FACE('',(#12228),#6535,.T.);
#12228 = FACE_BOUND('',#12229,.T.);
#12229 = EDGE_LOOP('',(#12230,#12231,#12232,#12253));
#12230 = ORIENTED_EDGE('',*,*,#6521,.T.);
#12231 = ORIENTED_EDGE('',*,*,#12131,.T.);
#12232 = ORIENTED_EDGE('',*,*,#12233,.F.);
#12233 = EDGE_CURVE('',#8944,#12109,#12234,.T.);
#12234 = SURFACE_CURVE('',#12235,(#12239,#12246),.PCURVE_S1.);
#12235 = LINE('',#12236,#12237);
#12236 = CARTESIAN_POINT('',(-39.5,-39.22321315241,8.437294013578));
#12237 = VECTOR('',#12238,1.);
#12238 = DIRECTION('',(0.,-0.141421356237,0.989949493661));
#12239 = PCURVE('',#6535,#12240);
#12240 = DEFINITIONAL_REPRESENTATION('',(#12241),#12245);
#12241 = LINE('',#12242,#12243);
#12242 = CARTESIAN_POINT('',(5.,0.));
#12243 = VECTOR('',#12244,1.);
#12244 = DIRECTION('',(0.,-1.));
#12245 = ( GEOMETRIC_REPRESENTATION_CONTEXT(2) 
PARAMETRIC_REPRESENTATION_CONTEXT() REPRESENTATION_CONTEXT('2D SPACE',''
  ) );
#12246 = PCURVE('',#8982,#12247);
#12247 = DEFINITIONAL_REPRESENTATION('',(#12248),#12252);
#12248 = LINE('',#12249,#12250);
#12249 = CARTESIAN_POINT('',(5.,1.110223024625E-16));
#12250 = VECTOR('',#12251,1.);
#12251 = DIRECTION('',(-2.775557561563E-17,-1.));
#12252 = ( GEOMETRIC_REPRESENTATION_CONTEXT(2) 
PARAMETRIC_REPRESENTATION_CONTEXT() REPRESENTATION_CONTEXT('2D SPACE',''
  ) );
#12253 = ORIENTED_EDGE('',*,*,#8943,.F.);
#12254 = ADVANCED_FACE('',(#12255),#6591,.F.);
#12255 = FACE_BOUND('',#12256,.F.);
#12256 = EDGE_LOOP('',(#12257,#12258,#12259,#12260));
#12257 = ORIENTED_EDGE('',*,*,#12206,.T.);
#12258 = ORIENTED_EDGE('',*,*,#12179,.T.);
#12259 = ORIENTED_EDGE('',*,*,#6575,.F.);
#12260 = ORIENTED_EDGE('',*,*,#8898,.F.);
#12261 = ADVANCED_FACE('',(#12262),#6827,.F.);
#12262 = FACE_BOUND('',#12263,.F.);
#12263 = EDGE_LOOP('',(#12264,#12265,#12266,#12267));
#12264 = ORIENTED_EDGE('',*,*,#6810,.F.);
#12265 = ORIENTED_EDGE('',*,*,#6864,.F.);
#12266 = ORIENTED_EDGE('',*,*,#6935,.F.);
#12267 = ORIENTED_EDGE('',*,*,#10631,.T.);
#12268 = ADVANCED_FACE('',(#12269),#7044,.T.);
#12269 = FACE_BOUND('',#12270,.T.);
#12270 = EDGE_LOOP('',(#12271,#12272,#12293,#12314,#12335,#12356,#12377,
    #12396,#12397,#12398));
#12271 = ORIENTED_EDGE('',*,*,#7026,.F.);
#12272 = ORIENTED_EDGE('',*,*,#12273,.F.);
#12273 = EDGE_CURVE('',#12274,#7027,#12276,.T.);
#12274 = VERTEX_POINT('',#12275);
#12275 = CARTESIAN_POINT('',(45.,10.8,31.161904761905));
#12276 = SURFACE_CURVE('',#12277,(#12281,#12287),.PCURVE_S1.);
#12277 = LINE('',#12278,#12279);
#12278 = CARTESIAN_POINT('',(45.,99.239359007759,54.324594025842));
#12279 = VECTOR('',#12280,1.);
#12280 = DIRECTION('',(-0.,0.96737222338,0.253359391838));
#12281 = PCURVE('',#7044,#12282);
#12282 = DEFINITIONAL_REPRESENTATION('',(#12283),#12286);
#12283 = B_SPLINE_CURVE_WITH_KNOTS('',1,(#12284,#12285),.UNSPECIFIED.,
  .F.,.F.,(2,2),(-91.42226422289,-79.84450777164),
  .PIECEWISE_BEZIER_KNOTS.);
#12284 = CARTESIAN_POINT('',(49.763089947655,-4.528772276163));
#12285 = CARTESIAN_POINT('',(38.563089947655,-1.595438942829));
#12286 = ( GEOMETRIC_REPRESENTATION_CONTEXT(2) 
PARAMETRIC_REPRESENTATION_CONTEXT() REPRESENTATION_CONTEXT('2D SPACE',''
  ) );
#12287 = PCURVE('',#7071,#12288);
#12288 = DEFINITIONAL_REPRESENTATION('',(#12289),#12292);
#12289 = B_SPLINE_CURVE_WITH_KNOTS('',1,(#12290,#12291),.UNSPECIFIED.,
  .F.,.F.,(2,2),(-91.42226422289,-79.84450777164),
  .PIECEWISE_BEZIER_KNOTS.);
#12290 = CARTESIAN_POINT('',(133.55769049119,45.));
#12291 = CARTESIAN_POINT('',(121.97993403994,45.));
#12292 = ( GEOMETRIC_REPRESENTATION_CONTEXT(2) 
PARAMETRIC_REPRESENTATION_CONTEXT() REPRESENTATION_CONTEXT('2D SPACE',''
  ) );
#12293 = ORIENTED_EDGE('',*,*,#12294,.T.);
#12294 = EDGE_CURVE('',#12274,#12295,#12297,.T.);
#12295 = VERTEX_POINT('',#12296);
#12296 = CARTESIAN_POINT('',(45.,10.8,29.5));
#12297 = SURFACE_CURVE('',#12298,(#12302,#12308),.PCURVE_S1.);
#12298 = LINE('',#12299,#12300);
#12299 = CARTESIAN_POINT('',(45.,10.8,22.845338519034));
#12300 = VECTOR('',#12301,1.);
#12301 = DIRECTION('',(0.,0.,-1.));
#12302 = PCURVE('',#7044,#12303);
#12303 = DEFINITIONAL_REPRESENTATION('',(#12304),#12307);
#12304 = B_SPLINE_CURVE_WITH_KNOTS('',1,(#12305,#12306),.UNSPECIFIED.,
  .F.,.F.,(2,2),(-8.316566242871,11.302481376177),
  .PIECEWISE_BEZIER_KNOTS.);
#12305 = CARTESIAN_POINT('',(49.763089947655,-4.528772276163));
#12306 = CARTESIAN_POINT('',(49.763089947655,-24.14781989521));
#12307 = ( GEOMETRIC_REPRESENTATION_CONTEXT(2) 
PARAMETRIC_REPRESENTATION_CONTEXT() REPRESENTATION_CONTEXT('2D SPACE',''
  ) );
#12308 = PCURVE('',#9299,#12309);
#12309 = DEFINITIONAL_REPRESENTATION('',(#12310),#12313);
#12310 = B_SPLINE_CURVE_WITH_KNOTS('',1,(#12311,#12312),.UNSPECIFIED.,
  .F.,.F.,(2,2),(-8.316566242871,11.302481376177),
  .PIECEWISE_BEZIER_KNOTS.);
#12311 = CARTESIAN_POINT('',(21.161904761905,2.4));
#12312 = CARTESIAN_POINT('',(1.542857142857,2.4));
#12313 = ( GEOMETRIC_REPRESENTATION_CONTEXT(2) 
PARAMETRIC_REPRESENTATION_CONTEXT() REPRESENTATION_CONTEXT('2D SPACE',''
  ) );
#12314 = ORIENTED_EDGE('',*,*,#12315,.F.);
#12315 = EDGE_CURVE('',#12316,#12295,#12318,.T.);
#12316 = VERTEX_POINT('',#12317);
#12317 = CARTESIAN_POINT('',(45.,5.,29.5));
#12318 = SURFACE_CURVE('',#12319,(#12323,#12329),.PCURVE_S1.);
#12319 = LINE('',#12320,#12321);
#12320 = CARTESIAN_POINT('',(45.,32.781544973828,29.5));
#12321 = VECTOR('',#12322,1.);
#12322 = DIRECTION('',(0.,1.,0.));
#12323 = PCURVE('',#7044,#12324);
#12324 = DEFINITIONAL_REPRESENTATION('',(#12325),#12328);
#12325 = B_SPLINE_CURVE_WITH_KNOTS('',1,(#12326,#12327),.UNSPECIFIED.,
  .F.,.F.,(2,2),(-27.78154497382,-11.78154497382),
  .PIECEWISE_BEZIER_KNOTS.);
#12326 = CARTESIAN_POINT('',(55.563089947655,-6.190677038067));
#12327 = CARTESIAN_POINT('',(39.563089947655,-6.190677038067));
#12328 = ( GEOMETRIC_REPRESENTATION_CONTEXT(2) 
PARAMETRIC_REPRESENTATION_CONTEXT() REPRESENTATION_CONTEXT('2D SPACE',''
  ) );
#12329 = PCURVE('',#11077,#12330);
#12330 = DEFINITIONAL_REPRESENTATION('',(#12331),#12334);
#12331 = B_SPLINE_CURVE_WITH_KNOTS('',1,(#12332,#12333),.UNSPECIFIED.,
  .F.,.F.,(2,2),(-27.78154497382,-11.78154497382),
  .PIECEWISE_BEZIER_KNOTS.);
#12332 = CARTESIAN_POINT('',(1.21,0.));
#12333 = CARTESIAN_POINT('',(1.21,16.));
#12334 = ( GEOMETRIC_REPRESENTATION_CONTEXT(2) 
PARAMETRIC_REPRESENTATION_CONTEXT() REPRESENTATION_CONTEXT('2D SPACE',''
  ) );
#12335 = ORIENTED_EDGE('',*,*,#12336,.T.);
#12336 = EDGE_CURVE('',#12316,#12337,#12339,.T.);
#12337 = VERTEX_POINT('',#12338);
#12338 = CARTESIAN_POINT('',(45.,5.,22.5));
#12339 = SURFACE_CURVE('',#12340,(#12344,#12350),.PCURVE_S1.);
#12340 = LINE('',#12341,#12342);
#12341 = CARTESIAN_POINT('',(45.,5.,29.095338519034));
#12342 = VECTOR('',#12343,1.);
#12343 = DIRECTION('',(0.,0.,-1.));
#12344 = PCURVE('',#7044,#12345);
#12345 = DEFINITIONAL_REPRESENTATION('',(#12346),#12349);
#12346 = B_SPLINE_CURVE_WITH_KNOTS('',1,(#12347,#12348),.UNSPECIFIED.,
  .F.,.F.,(2,2),(-0.404661480966,6.595338519034),
  .PIECEWISE_BEZIER_KNOTS.);
#12347 = CARTESIAN_POINT('',(55.563089947655,-6.190677038067));
#12348 = CARTESIAN_POINT('',(55.563089947655,-13.19067703806));
#12349 = ( GEOMETRIC_REPRESENTATION_CONTEXT(2) 
PARAMETRIC_REPRESENTATION_CONTEXT() REPRESENTATION_CONTEXT('2D SPACE',''
  ) );
#12350 = PCURVE('',#10995,#12351);
#12351 = DEFINITIONAL_REPRESENTATION('',(#12352),#12355);
#12352 = B_SPLINE_CURVE_WITH_KNOTS('',1,(#12353,#12354),.UNSPECIFIED.,
  .F.,.F.,(2,2),(-0.404661480966,6.595338519034),
  .PIECEWISE_BEZIER_KNOTS.);
#12353 = CARTESIAN_POINT('',(7.,1.21));
#12354 = CARTESIAN_POINT('',(0.,1.21));
#12355 = ( GEOMETRIC_REPRESENTATION_CONTEXT(2) 
PARAMETRIC_REPRESENTATION_CONTEXT() REPRESENTATION_CONTEXT('2D SPACE',''
  ) );
#12356 = ORIENTED_EDGE('',*,*,#12357,.T.);
#12357 = EDGE_CURVE('',#12337,#12358,#12360,.T.);
#12358 = VERTEX_POINT('',#12359);
#12359 = CARTESIAN_POINT('',(45.,10.8,22.5));
#12360 = SURFACE_CURVE('',#12361,(#12365,#12371),.PCURVE_S1.);
#12361 = LINE('',#12362,#12363);
#12362 = CARTESIAN_POINT('',(45.,32.781544973828,22.5));
#12363 = VECTOR('',#12364,1.);
#12364 = DIRECTION('',(0.,1.,0.));
#12365 = PCURVE('',#7044,#12366);
#12366 = DEFINITIONAL_REPRESENTATION('',(#12367),#12370);
#12367 = B_SPLINE_CURVE_WITH_KNOTS('',1,(#12368,#12369),.UNSPECIFIED.,
  .F.,.F.,(2,2),(-27.78154497382,-11.78154497382),
  .PIECEWISE_BEZIER_KNOTS.);
#12368 = CARTESIAN_POINT('',(55.563089947655,-13.19067703806));
#12369 = CARTESIAN_POINT('',(39.563089947655,-13.19067703806));
#12370 = ( GEOMETRIC_REPRESENTATION_CONTEXT(2) 
PARAMETRIC_REPRESENTATION_CONTEXT() REPRESENTATION_CONTEXT('2D SPACE',''
  ) );
#12371 = PCURVE('',#11023,#12372);
#12372 = DEFINITIONAL_REPRESENTATION('',(#12373),#12376);
#12373 = B_SPLINE_CURVE_WITH_KNOTS('',1,(#12374,#12375),.UNSPECIFIED.,
  .F.,.F.,(2,2),(-27.78154497382,-11.78154497382),
  .PIECEWISE_BEZIER_KNOTS.);
#12374 = CARTESIAN_POINT('',(1.21,0.));
#12375 = CARTESIAN_POINT('',(1.21,16.));
#12376 = ( GEOMETRIC_REPRESENTATION_CONTEXT(2) 
PARAMETRIC_REPRESENTATION_CONTEXT() REPRESENTATION_CONTEXT('2D SPACE',''
  ) );
#12377 = ORIENTED_EDGE('',*,*,#12378,.T.);
#12378 = EDGE_CURVE('',#12358,#9262,#12379,.T.);
#12379 = SURFACE_CURVE('',#12380,(#12384,#12390),.PCURVE_S1.);
#12380 = LINE('',#12381,#12382);
#12381 = CARTESIAN_POINT('',(45.,10.8,22.845338519034));
#12382 = VECTOR('',#12383,1.);
#12383 = DIRECTION('',(0.,0.,-1.));
#12384 = PCURVE('',#7044,#12385);
#12385 = DEFINITIONAL_REPRESENTATION('',(#12386),#12389);
#12386 = B_SPLINE_CURVE_WITH_KNOTS('',1,(#12387,#12388),.UNSPECIFIED.,
  .F.,.F.,(2,2),(-8.316566242871,11.302481376177),
  .PIECEWISE_BEZIER_KNOTS.);
#12387 = CARTESIAN_POINT('',(49.763089947655,-4.528772276163));
#12388 = CARTESIAN_POINT('',(49.763089947655,-24.14781989521));
#12389 = ( GEOMETRIC_REPRESENTATION_CONTEXT(2) 
PARAMETRIC_REPRESENTATION_CONTEXT() REPRESENTATION_CONTEXT('2D SPACE',''
  ) );
#12390 = PCURVE('',#9299,#12391);
#12391 = DEFINITIONAL_REPRESENTATION('',(#12392),#12395);
#12392 = B_SPLINE_CURVE_WITH_KNOTS('',1,(#12393,#12394),.UNSPECIFIED.,
  .F.,.F.,(2,2),(-8.316566242871,11.302481376177),
  .PIECEWISE_BEZIER_KNOTS.);
#12393 = CARTESIAN_POINT('',(21.161904761905,2.4));
#12394 = CARTESIAN_POINT('',(1.542857142857,2.4));
#12395 = ( GEOMETRIC_REPRESENTATION_CONTEXT(2) 
PARAMETRIC_REPRESENTATION_CONTEXT() REPRESENTATION_CONTEXT('2D SPACE',''
  ) );
#12396 = ORIENTED_EDGE('',*,*,#9261,.T.);
#12397 = ORIENTED_EDGE('',*,*,#7228,.T.);
#12398 = ORIENTED_EDGE('',*,*,#12399,.T.);
#12399 = EDGE_CURVE('',#7231,#7029,#12400,.T.);
#12400 = SURFACE_CURVE('',#12401,(#12405,#12411),.PCURVE_S1.);
#12401 = LINE('',#12402,#12403);
#12402 = CARTESIAN_POINT('',(45.,98.994266169563,56.260403044409));
#12403 = VECTOR('',#12404,1.);
#12404 = DIRECTION('',(-0.,0.96737222338,0.253359391838));
#12405 = PCURVE('',#7044,#12406);
#12406 = DEFINITIONAL_REPRESENTATION('',(#12407),#12410);
#12407 = B_SPLINE_CURVE_WITH_KNOTS('',1,(#12408,#12409),.UNSPECIFIED.,
  .F.,.F.,(2,2),(-170.5592347824,42.388785660139),
  .PIECEWISE_BEZIER_KNOTS.);
#12408 = CARTESIAN_POINT('',(126.56308994765,-22.64305799044));
#12409 = CARTESIAN_POINT('',(-79.43691005234,31.309322961933));
#12410 = ( GEOMETRIC_REPRESENTATION_CONTEXT(2) 
PARAMETRIC_REPRESENTATION_CONTEXT() REPRESENTATION_CONTEXT('2D SPACE',''
  ) );
#12411 = PCURVE('',#7169,#12412);
#12412 = DEFINITIONAL_REPRESENTATION('',(#12413),#12416);
#12413 = B_SPLINE_CURVE_WITH_KNOTS('',1,(#12414,#12415),.UNSPECIFIED.,
  .F.,.F.,(2,2),(-170.5592347824,42.388785660139),
  .PIECEWISE_BEZIER_KNOTS.);
#12414 = CARTESIAN_POINT('',(212.94802044262,45.));
#12415 = CARTESIAN_POINT('',(0.,45.));
#12416 = ( GEOMETRIC_REPRESENTATION_CONTEXT(2) 
PARAMETRIC_REPRESENTATION_CONTEXT() REPRESENTATION_CONTEXT('2D SPACE',''
  ) );
#12417 = ADVANCED_FACE('',(#12418),#7071,.T.);
#12418 = FACE_BOUND('',#12419,.T.);
#12419 = EDGE_LOOP('',(#12420,#12441,#12442,#12443));
#12420 = ORIENTED_EDGE('',*,*,#12421,.T.);
#12421 = EDGE_CURVE('',#12422,#12274,#12424,.T.);
#12422 = VERTEX_POINT('',#12423);
#12423 = CARTESIAN_POINT('',(42.6,10.8,31.161904761905));
#12424 = SURFACE_CURVE('',#12425,(#12429,#12435),.PCURVE_S1.);
#12425 = LINE('',#12426,#12427);
#12426 = CARTESIAN_POINT('',(21.3,10.8,31.161904761905));
#12427 = VECTOR('',#12428,1.);
#12428 = DIRECTION('',(1.,0.,-0.));
#12429 = PCURVE('',#7071,#12430);
#12430 = DEFINITIONAL_REPRESENTATION('',(#12431),#12434);
#12431 = B_SPLINE_CURVE_WITH_KNOTS('',1,(#12432,#12433),.UNSPECIFIED.,
  .F.,.F.,(2,2),(21.3,28.7),.PIECEWISE_BEZIER_KNOTS.);
#12432 = CARTESIAN_POINT('',(133.55769049119,42.6));
#12433 = CARTESIAN_POINT('',(133.55769049119,50.));
#12434 = ( GEOMETRIC_REPRESENTATION_CONTEXT(2) 
PARAMETRIC_REPRESENTATION_CONTEXT() REPRESENTATION_CONTEXT('2D SPACE',''
  ) );
#12435 = PCURVE('',#9299,#12436);
#12436 = DEFINITIONAL_REPRESENTATION('',(#12437),#12440);
#12437 = B_SPLINE_CURVE_WITH_KNOTS('',1,(#12438,#12439),.UNSPECIFIED.,
  .F.,.F.,(2,2),(21.3,28.7),.PIECEWISE_BEZIER_KNOTS.);
#12438 = CARTESIAN_POINT('',(21.161904761905,0.));
#12439 = CARTESIAN_POINT('',(21.161904761905,7.4));
#12440 = ( GEOMETRIC_REPRESENTATION_CONTEXT(2) 
PARAMETRIC_REPRESENTATION_CONTEXT() REPRESENTATION_CONTEXT('2D SPACE',''
  ) );
#12441 = ORIENTED_EDGE('',*,*,#12273,.T.);
#12442 = ORIENTED_EDGE('',*,*,#7055,.F.);
#12443 = ORIENTED_EDGE('',*,*,#12444,.T.);
#12444 = EDGE_CURVE('',#7056,#12422,#12445,.T.);
#12445 = SURFACE_CURVE('',#12446,(#12450,#12456),.PCURVE_S1.);
#12446 = LINE('',#12447,#12448);
#12447 = CARTESIAN_POINT('',(42.6,72.806684350133,47.40175066313));
#12448 = VECTOR('',#12449,1.);
#12449 = DIRECTION('',(0.,-0.96737222338,-0.253359391838));
#12450 = PCURVE('',#7071,#12451);
#12451 = DEFINITIONAL_REPRESENTATION('',(#12452),#12455);
#12452 = B_SPLINE_CURVE_WITH_KNOTS('',1,(#12453,#12454),.UNSPECIFIED.,
  .F.,.F.,(2,2),(52.520305134048,64.098061585297),
  .PIECEWISE_BEZIER_KNOTS.);
#12453 = CARTESIAN_POINT('',(121.97993403994,42.6));
#12454 = CARTESIAN_POINT('',(133.55769049119,42.6));
#12455 = ( GEOMETRIC_REPRESENTATION_CONTEXT(2) 
PARAMETRIC_REPRESENTATION_CONTEXT() REPRESENTATION_CONTEXT('2D SPACE',''
  ) );
#12456 = PCURVE('',#7098,#12457);
#12457 = DEFINITIONAL_REPRESENTATION('',(#12458),#12461);
#12458 = B_SPLINE_CURVE_WITH_KNOTS('',1,(#12459,#12460),.UNSPECIFIED.,
  .F.,.F.,(2,2),(52.520305134048,64.098061585297),
  .PIECEWISE_BEZIER_KNOTS.);
#12459 = CARTESIAN_POINT('',(24.095238095238,-11.2));
#12460 = CARTESIAN_POINT('',(21.161904761905,-7.105427357601E-15));
#12461 = ( GEOMETRIC_REPRESENTATION_CONTEXT(2) 
PARAMETRIC_REPRESENTATION_CONTEXT() REPRESENTATION_CONTEXT('2D SPACE',''
  ) );
#12462 = ADVANCED_FACE('',(#12463),#7098,.F.);
#12463 = FACE_BOUND('',#12464,.F.);
#12464 = EDGE_LOOP('',(#12465,#12486,#12487,#12488));
#12465 = ORIENTED_EDGE('',*,*,#12466,.F.);
#12466 = EDGE_CURVE('',#9285,#12422,#12467,.T.);
#12467 = SURFACE_CURVE('',#12468,(#12472,#12479),.PCURVE_S1.);
#12468 = LINE('',#12469,#12470);
#12469 = CARTESIAN_POINT('',(42.6,10.8,10.));
#12470 = VECTOR('',#12471,1.);
#12471 = DIRECTION('',(0.,0.,1.));
#12472 = PCURVE('',#7098,#12473);
#12473 = DEFINITIONAL_REPRESENTATION('',(#12474),#12478);
#12474 = LINE('',#12475,#12476);
#12475 = CARTESIAN_POINT('',(0.,0.));
#12476 = VECTOR('',#12477,1.);
#12477 = DIRECTION('',(1.,0.));
#12478 = ( GEOMETRIC_REPRESENTATION_CONTEXT(2) 
PARAMETRIC_REPRESENTATION_CONTEXT() REPRESENTATION_CONTEXT('2D SPACE',''
  ) );
#12479 = PCURVE('',#9299,#12480);
#12480 = DEFINITIONAL_REPRESENTATION('',(#12481),#12485);
#12481 = LINE('',#12482,#12483);
#12482 = CARTESIAN_POINT('',(0.,0.));
#12483 = VECTOR('',#12484,1.);
#12484 = DIRECTION('',(1.,0.));
#12485 = ( GEOMETRIC_REPRESENTATION_CONTEXT(2) 
PARAMETRIC_REPRESENTATION_CONTEXT() REPRESENTATION_CONTEXT('2D SPACE',''
  ) );
#12486 = ORIENTED_EDGE('',*,*,#9310,.T.);
#12487 = ORIENTED_EDGE('',*,*,#7082,.T.);
#12488 = ORIENTED_EDGE('',*,*,#12444,.T.);
#12489 = ADVANCED_FACE('',(#12490),#7169,.T.);
#12490 = FACE_BOUND('',#12491,.T.);
#12491 = EDGE_LOOP('',(#12492,#12493,#12494,#12495));
#12492 = ORIENTED_EDGE('',*,*,#12399,.F.);
#12493 = ORIENTED_EDGE('',*,*,#7294,.T.);
#12494 = ORIENTED_EDGE('',*,*,#7206,.T.);
#12495 = ORIENTED_EDGE('',*,*,#7155,.F.);
#12496 = ADVANCED_FACE('',(#12497),#7582,.T.);
#12497 = FACE_BOUND('',#12498,.T.);
#12498 = EDGE_LOOP('',(#12499,#12500,#12501,#12524));
#12499 = ORIENTED_EDGE('',*,*,#7565,.F.);
#12500 = ORIENTED_EDGE('',*,*,#9233,.T.);
#12501 = ORIENTED_EDGE('',*,*,#12502,.T.);
#12502 = EDGE_CURVE('',#9206,#12503,#12505,.T.);
#12503 = VERTEX_POINT('',#12504);
#12504 = CARTESIAN_POINT('',(45.,-66.,13.047619047619));
#12505 = SURFACE_CURVE('',#12506,(#12510,#12517),.PCURVE_S1.);
#12506 = LINE('',#12507,#12508);
#12507 = CARTESIAN_POINT('',(45.,-66.,4.612038749637));
#12508 = VECTOR('',#12509,1.);
#12509 = DIRECTION('',(0.,0.,1.));
#12510 = PCURVE('',#7582,#12511);
#12511 = DEFINITIONAL_REPRESENTATION('',(#12512),#12516);
#12512 = LINE('',#12513,#12514);
#12513 = CARTESIAN_POINT('',(126.56308994765,-31.07863828843));
#12514 = VECTOR('',#12515,1.);
#12515 = DIRECTION('',(0.,1.));
#12516 = ( GEOMETRIC_REPRESENTATION_CONTEXT(2) 
PARAMETRIC_REPRESENTATION_CONTEXT() REPRESENTATION_CONTEXT('2D SPACE',''
  ) );
#12517 = PCURVE('',#9221,#12518);
#12518 = DEFINITIONAL_REPRESENTATION('',(#12519),#12523);
#12519 = LINE('',#12520,#12521);
#12520 = CARTESIAN_POINT('',(0.,45.));
#12521 = VECTOR('',#12522,1.);
#12522 = DIRECTION('',(1.,0.));
#12523 = ( GEOMETRIC_REPRESENTATION_CONTEXT(2) 
PARAMETRIC_REPRESENTATION_CONTEXT() REPRESENTATION_CONTEXT('2D SPACE',''
  ) );
#12524 = ORIENTED_EDGE('',*,*,#12525,.T.);
#12525 = EDGE_CURVE('',#12503,#7568,#12526,.T.);
#12526 = SURFACE_CURVE('',#12527,(#12531,#12537),.PCURVE_S1.);
#12527 = LINE('',#12528,#12529);
#12528 = CARTESIAN_POINT('',(45.,98.994266169563,56.260403044409));
#12529 = VECTOR('',#12530,1.);
#12530 = DIRECTION('',(-0.,0.96737222338,0.253359391838));
#12531 = PCURVE('',#7582,#12532);
#12532 = DEFINITIONAL_REPRESENTATION('',(#12533),#12536);
#12533 = B_SPLINE_CURVE_WITH_KNOTS('',1,(#12534,#12535),.UNSPECIFIED.,
  .F.,.F.,(2,2),(-170.5592347824,42.388785660139),
  .PIECEWISE_BEZIER_KNOTS.);
#12534 = CARTESIAN_POINT('',(126.56308994765,-22.64305799044));
#12535 = CARTESIAN_POINT('',(-79.43691005234,31.309322961933));
#12536 = ( GEOMETRIC_REPRESENTATION_CONTEXT(2) 
PARAMETRIC_REPRESENTATION_CONTEXT() REPRESENTATION_CONTEXT('2D SPACE',''
  ) );
#12537 = PCURVE('',#7649,#12538);
#12538 = DEFINITIONAL_REPRESENTATION('',(#12539),#12542);
#12539 = B_SPLINE_CURVE_WITH_KNOTS('',1,(#12540,#12541),.UNSPECIFIED.,
  .F.,.F.,(2,2),(-170.5592347824,42.388785660139),
  .PIECEWISE_BEZIER_KNOTS.);
#12540 = CARTESIAN_POINT('',(212.94802044262,45.));
#12541 = CARTESIAN_POINT('',(0.,45.));
#12542 = ( GEOMETRIC_REPRESENTATION_CONTEXT(2) 
PARAMETRIC_REPRESENTATION_CONTEXT() REPRESENTATION_CONTEXT('2D SPACE',''
  ) );
#12543 = ADVANCED_FACE('',(#12544),#7649,.T.);
#12544 = FACE_BOUND('',#12545,.T.);
#12545 = EDGE_LOOP('',(#12546,#12547,#12548,#12549,#12550,#12551,#12552,
    #12553,#12554,#12576));
#12546 = ORIENTED_EDGE('',*,*,#7962,.F.);
#12547 = ORIENTED_EDGE('',*,*,#7890,.F.);
#12548 = ORIENTED_EDGE('',*,*,#7837,.T.);
#12549 = ORIENTED_EDGE('',*,*,#7789,.T.);
#12550 = ORIENTED_EDGE('',*,*,#7735,.T.);
#12551 = ORIENTED_EDGE('',*,*,#7688,.T.);
#12552 = ORIENTED_EDGE('',*,*,#7636,.F.);
#12553 = ORIENTED_EDGE('',*,*,#12525,.F.);
#12554 = ORIENTED_EDGE('',*,*,#12555,.F.);
#12555 = EDGE_CURVE('',#12556,#12503,#12558,.T.);
#12556 = VERTEX_POINT('',#12557);
#12557 = CARTESIAN_POINT('',(-45.,-66.,13.047619047619));
#12558 = SURFACE_CURVE('',#12559,(#12563,#12569),.PCURVE_S1.);
#12559 = LINE('',#12560,#12561);
#12560 = CARTESIAN_POINT('',(0.,-66.,13.047619047619));
#12561 = VECTOR('',#12562,1.);
#12562 = DIRECTION('',(1.,0.,-0.));
#12563 = PCURVE('',#7649,#12564);
#12564 = DEFINITIONAL_REPRESENTATION('',(#12565),#12568);
#12565 = B_SPLINE_CURVE_WITH_KNOTS('',1,(#12566,#12567),.UNSPECIFIED.,
  .F.,.F.,(2,2),(-45.,45.),.PIECEWISE_BEZIER_KNOTS.);
#12566 = CARTESIAN_POINT('',(212.94802044262,-45.));
#12567 = CARTESIAN_POINT('',(212.94802044262,45.));
#12568 = ( GEOMETRIC_REPRESENTATION_CONTEXT(2) 
PARAMETRIC_REPRESENTATION_CONTEXT() REPRESENTATION_CONTEXT('2D SPACE',''
  ) );
#12569 = PCURVE('',#9221,#12570);
#12570 = DEFINITIONAL_REPRESENTATION('',(#12571),#12575);
#12571 = LINE('',#12572,#12573);
#12572 = CARTESIAN_POINT('',(8.435580297982,0.));
#12573 = VECTOR('',#12574,1.);
#12574 = DIRECTION('',(0.,1.));
#12575 = ( GEOMETRIC_REPRESENTATION_CONTEXT(2) 
PARAMETRIC_REPRESENTATION_CONTEXT() REPRESENTATION_CONTEXT('2D SPACE',''
  ) );
#12576 = ORIENTED_EDGE('',*,*,#12577,.T.);
#12577 = EDGE_CURVE('',#12556,#7937,#12578,.T.);
#12578 = SURFACE_CURVE('',#12579,(#12583,#12589),.PCURVE_S1.);
#12579 = LINE('',#12580,#12581);
#12580 = CARTESIAN_POINT('',(-45.,98.994266169563,56.260403044409));
#12581 = VECTOR('',#12582,1.);
#12582 = DIRECTION('',(-0.,0.96737222338,0.253359391838));
#12583 = PCURVE('',#7649,#12584);
#12584 = DEFINITIONAL_REPRESENTATION('',(#12585),#12588);
#12585 = B_SPLINE_CURVE_WITH_KNOTS('',1,(#12586,#12587),.UNSPECIFIED.,
  .F.,.F.,(2,2),(-170.5592347824,42.388785660139),
  .PIECEWISE_BEZIER_KNOTS.);
#12586 = CARTESIAN_POINT('',(212.94802044262,-45.));
#12587 = CARTESIAN_POINT('',(0.,-45.));
#12588 = ( GEOMETRIC_REPRESENTATION_CONTEXT(2) 
PARAMETRIC_REPRESENTATION_CONTEXT() REPRESENTATION_CONTEXT('2D SPACE',''
  ) );
#12589 = PCURVE('',#7951,#12590);
#12590 = DEFINITIONAL_REPRESENTATION('',(#12591),#12594);
#12591 = B_SPLINE_CURVE_WITH_KNOTS('',1,(#12592,#12593),.UNSPECIFIED.,
  .F.,.F.,(2,2),(-170.5592347824,42.388785660139),
  .PIECEWISE_BEZIER_KNOTS.);
#12592 = CARTESIAN_POINT('',(126.56308994765,-22.64305799044));
#12593 = CARTESIAN_POINT('',(-79.43691005234,31.309322961933));
#12594 = ( GEOMETRIC_REPRESENTATION_CONTEXT(2) 
PARAMETRIC_REPRESENTATION_CONTEXT() REPRESENTATION_CONTEXT('2D SPACE',''
  ) );
#12595 = ADVANCED_FACE('',(#12596),#7951,.F.);
#12596 = FACE_BOUND('',#12597,.F.);
#12597 = EDGE_LOOP('',(#12598,#12599,#12600,#12621));
#12598 = ORIENTED_EDGE('',*,*,#7936,.F.);
#12599 = ORIENTED_EDGE('',*,*,#9182,.T.);
#12600 = ORIENTED_EDGE('',*,*,#12601,.F.);
#12601 = EDGE_CURVE('',#12556,#9183,#12602,.T.);
#12602 = SURFACE_CURVE('',#12603,(#12607,#12614),.PCURVE_S1.);
#12603 = LINE('',#12604,#12605);
#12604 = CARTESIAN_POINT('',(-45.,-66.,13.047619047619));
#12605 = VECTOR('',#12606,1.);
#12606 = DIRECTION('',(0.,0.,-1.));
#12607 = PCURVE('',#7951,#12608);
#12608 = DEFINITIONAL_REPRESENTATION('',(#12609),#12613);
#12609 = LINE('',#12610,#12611);
#12610 = CARTESIAN_POINT('',(126.56308994765,-22.64305799044));
#12611 = VECTOR('',#12612,1.);
#12612 = DIRECTION('',(0.,-1.));
#12613 = ( GEOMETRIC_REPRESENTATION_CONTEXT(2) 
PARAMETRIC_REPRESENTATION_CONTEXT() REPRESENTATION_CONTEXT('2D SPACE',''
  ) );
#12614 = PCURVE('',#9221,#12615);
#12615 = DEFINITIONAL_REPRESENTATION('',(#12616),#12620);
#12616 = LINE('',#12617,#12618);
#12617 = CARTESIAN_POINT('',(8.435580297982,-45.));
#12618 = VECTOR('',#12619,1.);
#12619 = DIRECTION('',(-1.,0.));
#12620 = ( GEOMETRIC_REPRESENTATION_CONTEXT(2) 
PARAMETRIC_REPRESENTATION_CONTEXT() REPRESENTATION_CONTEXT('2D SPACE',''
  ) );
#12621 = ORIENTED_EDGE('',*,*,#12577,.T.);
#12622 = ADVANCED_FACE('',(#12623),#8190,.T.);
#12623 = FACE_BOUND('',#12624,.T.);
#12624 = EDGE_LOOP('',(#12625,#12626,#12649,#12672,#12694,#12715));
#12625 = ORIENTED_EDGE('',*,*,#8167,.F.);
#12626 = ORIENTED_EDGE('',*,*,#12627,.T.);
#12627 = EDGE_CURVE('',#8136,#12628,#12630,.T.);
#12628 = VERTEX_POINT('',#12629);
#12629 = CARTESIAN_POINT('',(36.9,-46.37913377802,12.566797615707));
#12630 = SURFACE_CURVE('',#12631,(#12635,#12642),.PCURVE_S1.);
#12631 = LINE('',#12632,#12633);
#12632 = CARTESIAN_POINT('',(-4.55,-46.37913377802,12.566797615707));
#12633 = VECTOR('',#12634,1.);
#12634 = DIRECTION('',(1.,0.,0.));
#12635 = PCURVE('',#8190,#12636);
#12636 = DEFINITIONAL_REPRESENTATION('',(#12637),#12641);
#12637 = LINE('',#12638,#12639);
#12638 = CARTESIAN_POINT('',(0.,-30.05));
#12639 = VECTOR('',#12640,1.);
#12640 = DIRECTION('',(1.,0.));
#12641 = ( GEOMETRIC_REPRESENTATION_CONTEXT(2) 
PARAMETRIC_REPRESENTATION_CONTEXT() REPRESENTATION_CONTEXT('2D SPACE',''
  ) );
#12642 = PCURVE('',#8155,#12643);
#12643 = DEFINITIONAL_REPRESENTATION('',(#12644),#12648);
#12644 = LINE('',#12645,#12646);
#12645 = CARTESIAN_POINT('',(41.45,-5.1));
#12646 = VECTOR('',#12647,1.);
#12647 = DIRECTION('',(1.,0.));
#12648 = ( GEOMETRIC_REPRESENTATION_CONTEXT(2) 
PARAMETRIC_REPRESENTATION_CONTEXT() REPRESENTATION_CONTEXT('2D SPACE',''
  ) );
#12649 = ORIENTED_EDGE('',*,*,#12650,.T.);
#12650 = EDGE_CURVE('',#12628,#12651,#12653,.T.);
#12651 = VERTEX_POINT('',#12652);
#12652 = CARTESIAN_POINT('',(36.9,-8.216580797388,18.018590898655));
#12653 = SURFACE_CURVE('',#12654,(#12658,#12665),.PCURVE_S1.);
#12654 = LINE('',#12655,#12656);
#12655 = CARTESIAN_POINT('',(36.9,-16.6311514935,16.816509370638));
#12656 = VECTOR('',#12657,1.);
#12657 = DIRECTION('',(0.,0.989949493661,0.141421356237));
#12658 = PCURVE('',#8190,#12659);
#12659 = DEFINITIONAL_REPRESENTATION('',(#12660),#12664);
#12660 = LINE('',#12661,#12662);
#12661 = CARTESIAN_POINT('',(41.45,0.));
#12662 = VECTOR('',#12663,1.);
#12663 = DIRECTION('',(0.,1.));
#12664 = ( GEOMETRIC_REPRESENTATION_CONTEXT(2) 
PARAMETRIC_REPRESENTATION_CONTEXT() REPRESENTATION_CONTEXT('2D SPACE',''
  ) );
#12665 = PCURVE('',#9145,#12666);
#12666 = DEFINITIONAL_REPRESENTATION('',(#12667),#12671);
#12667 = LINE('',#12668,#12669);
#12668 = CARTESIAN_POINT('',(30.05,-5.1));
#12669 = VECTOR('',#12670,1.);
#12670 = DIRECTION('',(1.,0.));
#12671 = ( GEOMETRIC_REPRESENTATION_CONTEXT(2) 
PARAMETRIC_REPRESENTATION_CONTEXT() REPRESENTATION_CONTEXT('2D SPACE',''
  ) );
#12672 = ORIENTED_EDGE('',*,*,#12673,.T.);
#12673 = EDGE_CURVE('',#12651,#12674,#12676,.T.);
#12674 = VERTEX_POINT('',#12675);
#12675 = CARTESIAN_POINT('',(35.4,-8.216580797388,18.018590898655));
#12676 = SURFACE_CURVE('',#12677,(#12681,#12688),.PCURVE_S1.);
#12677 = LINE('',#12678,#12679);
#12678 = CARTESIAN_POINT('',(-0.775,-8.216580797388,18.018590898655));
#12679 = VECTOR('',#12680,1.);
#12680 = DIRECTION('',(-1.,-0.,0.));
#12681 = PCURVE('',#8190,#12682);
#12682 = DEFINITIONAL_REPRESENTATION('',(#12683),#12687);
#12683 = LINE('',#12684,#12685);
#12684 = CARTESIAN_POINT('',(3.775,8.5));
#12685 = VECTOR('',#12686,1.);
#12686 = DIRECTION('',(-1.,0.));
#12687 = ( GEOMETRIC_REPRESENTATION_CONTEXT(2) 
PARAMETRIC_REPRESENTATION_CONTEXT() REPRESENTATION_CONTEXT('2D SPACE',''
  ) );
#12688 = PCURVE('',#9118,#12689);
#12689 = DEFINITIONAL_REPRESENTATION('',(#12690),#12693);
#12690 = B_SPLINE_CURVE_WITH_KNOTS('',1,(#12691,#12692),.UNSPECIFIED.,
  .F.,.F.,(2,2),(-37.675,-3.775),.PIECEWISE_BEZIER_KNOTS.);
#12691 = CARTESIAN_POINT('',(33.9,-7.1));
#12692 = CARTESIAN_POINT('',(0.,-7.1));
#12693 = ( GEOMETRIC_REPRESENTATION_CONTEXT(2) 
PARAMETRIC_REPRESENTATION_CONTEXT() REPRESENTATION_CONTEXT('2D SPACE',''
  ) );
#12694 = ORIENTED_EDGE('',*,*,#12695,.F.);
#12695 = EDGE_CURVE('',#8259,#12674,#12696,.T.);
#12696 = SURFACE_CURVE('',#12697,(#12701,#12708),.PCURVE_S1.);
#12697 = LINE('',#12698,#12699);
#12698 = CARTESIAN_POINT('',(35.4,-16.6311514935,16.816509370638));
#12699 = VECTOR('',#12700,1.);
#12700 = DIRECTION('',(0.,0.989949493661,0.141421356237));
#12701 = PCURVE('',#8190,#12702);
#12702 = DEFINITIONAL_REPRESENTATION('',(#12703),#12707);
#12703 = LINE('',#12704,#12705);
#12704 = CARTESIAN_POINT('',(39.95,0.));
#12705 = VECTOR('',#12706,1.);
#12706 = DIRECTION('',(0.,1.));
#12707 = ( GEOMETRIC_REPRESENTATION_CONTEXT(2) 
PARAMETRIC_REPRESENTATION_CONTEXT() REPRESENTATION_CONTEXT('2D SPACE',''
  ) );
#12708 = PCURVE('',#8297,#12709);
#12709 = DEFINITIONAL_REPRESENTATION('',(#12710),#12714);
#12710 = LINE('',#12711,#12712);
#12711 = CARTESIAN_POINT('',(28.55,-5.1));
#12712 = VECTOR('',#12713,1.);
#12713 = DIRECTION('',(1.,0.));
#12714 = ( GEOMETRIC_REPRESENTATION_CONTEXT(2) 
PARAMETRIC_REPRESENTATION_CONTEXT() REPRESENTATION_CONTEXT('2D SPACE',''
  ) );
#12715 = ORIENTED_EDGE('',*,*,#8258,.F.);
#12716 = ADVANCED_FACE('',(#12717),#8155,.F.);
#12717 = FACE_BOUND('',#12718,.F.);
#12718 = EDGE_LOOP('',(#12719,#12720,#12721,#12722));
#12719 = ORIENTED_EDGE('',*,*,#9157,.F.);
#12720 = ORIENTED_EDGE('',*,*,#8135,.F.);
#12721 = ORIENTED_EDGE('',*,*,#12627,.T.);
#12722 = ORIENTED_EDGE('',*,*,#12723,.F.);
#12723 = EDGE_CURVE('',#9130,#12628,#12724,.T.);
#12724 = SURFACE_CURVE('',#12725,(#12729,#12736),.PCURVE_S1.);
#12725 = LINE('',#12726,#12727);
#12726 = CARTESIAN_POINT('',(36.9,-45.65788486121,7.518055198035));
#12727 = VECTOR('',#12728,1.);
#12728 = DIRECTION('',(0.,-0.141421356237,0.989949493661));
#12729 = PCURVE('',#8155,#12730);
#12730 = DEFINITIONAL_REPRESENTATION('',(#12731),#12735);
#12731 = LINE('',#12732,#12733);
#12732 = CARTESIAN_POINT('',(82.9,0.));
#12733 = VECTOR('',#12734,1.);
#12734 = DIRECTION('',(0.,-1.));
#12735 = ( GEOMETRIC_REPRESENTATION_CONTEXT(2) 
PARAMETRIC_REPRESENTATION_CONTEXT() REPRESENTATION_CONTEXT('2D SPACE',''
  ) );
#12736 = PCURVE('',#9145,#12737);
#12737 = DEFINITIONAL_REPRESENTATION('',(#12738),#12742);
#12738 = LINE('',#12739,#12740);
#12739 = CARTESIAN_POINT('',(0.,0.));
#12740 = VECTOR('',#12741,1.);
#12741 = DIRECTION('',(0.,-1.));
#12742 = ( GEOMETRIC_REPRESENTATION_CONTEXT(2) 
PARAMETRIC_REPRESENTATION_CONTEXT() REPRESENTATION_CONTEXT('2D SPACE',''
  ) );
#12743 = ADVANCED_FACE('',(#12744),#8297,.T.);
#12744 = FACE_BOUND('',#12745,.T.);
#12745 = EDGE_LOOP('',(#12746,#12747,#12770,#12791,#12792,#12793));
#12746 = ORIENTED_EDGE('',*,*,#9079,.F.);
#12747 = ORIENTED_EDGE('',*,*,#12748,.T.);
#12748 = EDGE_CURVE('',#9052,#12749,#12751,.T.);
#12749 = VERTEX_POINT('',#12750);
#12750 = CARTESIAN_POINT('',(35.4,-39.71818789924,11.902117241392));
#12751 = SURFACE_CURVE('',#12752,(#12756,#12763),.PCURVE_S1.);
#12752 = LINE('',#12753,#12754);
#12753 = CARTESIAN_POINT('',(35.4,-39.22321315241,8.437294013578));
#12754 = VECTOR('',#12755,1.);
#12755 = DIRECTION('',(0.,-0.141421356237,0.989949493661));
#12756 = PCURVE('',#8297,#12757);
#12757 = DEFINITIONAL_REPRESENTATION('',(#12758),#12762);
#12758 = LINE('',#12759,#12760);
#12759 = CARTESIAN_POINT('',(5.,1.998401444325E-15));
#12760 = VECTOR('',#12761,1.);
#12761 = DIRECTION('',(-2.775557561563E-17,-1.));
#12762 = ( GEOMETRIC_REPRESENTATION_CONTEXT(2) 
PARAMETRIC_REPRESENTATION_CONTEXT() REPRESENTATION_CONTEXT('2D SPACE',''
  ) );
#12763 = PCURVE('',#9067,#12764);
#12764 = DEFINITIONAL_REPRESENTATION('',(#12765),#12769);
#12765 = LINE('',#12766,#12767);
#12766 = CARTESIAN_POINT('',(5.,0.));
#12767 = VECTOR('',#12768,1.);
#12768 = DIRECTION('',(0.,-1.));
#12769 = ( GEOMETRIC_REPRESENTATION_CONTEXT(2) 
PARAMETRIC_REPRESENTATION_CONTEXT() REPRESENTATION_CONTEXT('2D SPACE',''
  ) );
#12770 = ORIENTED_EDGE('',*,*,#12771,.F.);
#12771 = EDGE_CURVE('',#8282,#12749,#12772,.T.);
#12772 = SURFACE_CURVE('',#12773,(#12777,#12784),.PCURVE_S1.);
#12773 = LINE('',#12774,#12775);
#12774 = CARTESIAN_POINT('',(35.4,-42.1930616334,11.548563850799));
#12775 = VECTOR('',#12776,1.);
#12776 = DIRECTION('',(0.,0.989949493661,0.141421356237));
#12777 = PCURVE('',#8297,#12778);
#12778 = DEFINITIONAL_REPRESENTATION('',(#12779),#12783);
#12779 = LINE('',#12780,#12781);
#12780 = CARTESIAN_POINT('',(2.5,-3.5));
#12781 = VECTOR('',#12782,1.);
#12782 = DIRECTION('',(1.,0.));
#12783 = ( GEOMETRIC_REPRESENTATION_CONTEXT(2) 
PARAMETRIC_REPRESENTATION_CONTEXT() REPRESENTATION_CONTEXT('2D SPACE',''
  ) );
#12784 = PCURVE('',#8325,#12785);
#12785 = DEFINITIONAL_REPRESENTATION('',(#12786),#12790);
#12786 = LINE('',#12787,#12788);
#12787 = CARTESIAN_POINT('',(2.5,0.));
#12788 = VECTOR('',#12789,1.);
#12789 = DIRECTION('',(0.,1.));
#12790 = ( GEOMETRIC_REPRESENTATION_CONTEXT(2) 
PARAMETRIC_REPRESENTATION_CONTEXT() REPRESENTATION_CONTEXT('2D SPACE',''
  ) );
#12791 = ORIENTED_EDGE('',*,*,#8281,.T.);
#12792 = ORIENTED_EDGE('',*,*,#12695,.T.);
#12793 = ORIENTED_EDGE('',*,*,#12794,.F.);
#12794 = EDGE_CURVE('',#9080,#12674,#12795,.T.);
#12795 = SURFACE_CURVE('',#12796,(#12800,#12807),.PCURVE_S1.);
#12796 = LINE('',#12797,#12798);
#12797 = CARTESIAN_POINT('',(35.4,-7.495331880577,12.969848480983));
#12798 = VECTOR('',#12799,1.);
#12799 = DIRECTION('',(0.,-0.141421356237,0.989949493661));
#12800 = PCURVE('',#8297,#12801);
#12801 = DEFINITIONAL_REPRESENTATION('',(#12802),#12806);
#12802 = LINE('',#12803,#12804);
#12803 = CARTESIAN_POINT('',(37.05,8.881784197001E-16));
#12804 = VECTOR('',#12805,1.);
#12805 = DIRECTION('',(6.938893903907E-16,-1.));
#12806 = ( GEOMETRIC_REPRESENTATION_CONTEXT(2) 
PARAMETRIC_REPRESENTATION_CONTEXT() REPRESENTATION_CONTEXT('2D SPACE',''
  ) );
#12807 = PCURVE('',#9118,#12808);
#12808 = DEFINITIONAL_REPRESENTATION('',(#12809),#12813);
#12809 = LINE('',#12810,#12811);
#12810 = CARTESIAN_POINT('',(32.4,-2.));
#12811 = VECTOR('',#12812,1.);
#12812 = DIRECTION('',(0.,-1.));
#12813 = ( GEOMETRIC_REPRESENTATION_CONTEXT(2) 
PARAMETRIC_REPRESENTATION_CONTEXT() REPRESENTATION_CONTEXT('2D SPACE',''
  ) );
#12814 = ADVANCED_FACE('',(#12815),#8325,.T.);
#12815 = FACE_BOUND('',#12816,.T.);
#12816 = EDGE_LOOP('',(#12817,#12840,#12841,#12842));
#12817 = ORIENTED_EDGE('',*,*,#12818,.F.);
#12818 = EDGE_CURVE('',#8310,#12819,#12821,.T.);
#12819 = VERTEX_POINT('',#12820);
#12820 = CARTESIAN_POINT('',(30.4,-39.71818789924,11.902117241392));
#12821 = SURFACE_CURVE('',#12822,(#12826,#12833),.PCURVE_S1.);
#12822 = LINE('',#12823,#12824);
#12823 = CARTESIAN_POINT('',(30.4,-42.1930616334,11.548563850799));
#12824 = VECTOR('',#12825,1.);
#12825 = DIRECTION('',(0.,0.989949493661,0.141421356237));
#12826 = PCURVE('',#8325,#12827);
#12827 = DEFINITIONAL_REPRESENTATION('',(#12828),#12832);
#12828 = LINE('',#12829,#12830);
#12829 = CARTESIAN_POINT('',(-2.5,0.));
#12830 = VECTOR('',#12831,1.);
#12831 = DIRECTION('',(0.,1.));
#12832 = ( GEOMETRIC_REPRESENTATION_CONTEXT(2) 
PARAMETRIC_REPRESENTATION_CONTEXT() REPRESENTATION_CONTEXT('2D SPACE',''
  ) );
#12833 = PCURVE('',#8353,#12834);
#12834 = DEFINITIONAL_REPRESENTATION('',(#12835),#12839);
#12835 = LINE('',#12836,#12837);
#12836 = CARTESIAN_POINT('',(2.5,-3.5));
#12837 = VECTOR('',#12838,1.);
#12838 = DIRECTION('',(1.,0.));
#12839 = ( GEOMETRIC_REPRESENTATION_CONTEXT(2) 
PARAMETRIC_REPRESENTATION_CONTEXT() REPRESENTATION_CONTEXT('2D SPACE',''
  ) );
#12840 = ORIENTED_EDGE('',*,*,#8309,.T.);
#12841 = ORIENTED_EDGE('',*,*,#12771,.T.);
#12842 = ORIENTED_EDGE('',*,*,#12843,.F.);
#12843 = EDGE_CURVE('',#12819,#12749,#12844,.T.);
#12844 = SURFACE_CURVE('',#12845,(#12849,#12856),.PCURVE_S1.);
#12845 = LINE('',#12846,#12847);
#12846 = CARTESIAN_POINT('',(32.9,-39.71818789924,11.902117241392));
#12847 = VECTOR('',#12848,1.);
#12848 = DIRECTION('',(1.,0.,0.));
#12849 = PCURVE('',#8325,#12850);
#12850 = DEFINITIONAL_REPRESENTATION('',(#12851),#12855);
#12851 = LINE('',#12852,#12853);
#12852 = CARTESIAN_POINT('',(0.,2.5));
#12853 = VECTOR('',#12854,1.);
#12854 = DIRECTION('',(1.,0.));
#12855 = ( GEOMETRIC_REPRESENTATION_CONTEXT(2) 
PARAMETRIC_REPRESENTATION_CONTEXT() REPRESENTATION_CONTEXT('2D SPACE',''
  ) );
#12856 = PCURVE('',#9067,#12857);
#12857 = DEFINITIONAL_REPRESENTATION('',(#12858),#12862);
#12858 = LINE('',#12859,#12860);
#12859 = CARTESIAN_POINT('',(2.5,-3.5));
#12860 = VECTOR('',#12861,1.);
#12861 = DIRECTION('',(1.,0.));
#12862 = ( GEOMETRIC_REPRESENTATION_CONTEXT(2) 
PARAMETRIC_REPRESENTATION_CONTEXT() REPRESENTATION_CONTEXT('2D SPACE',''
  ) );
#12863 = ADVANCED_FACE('',(#12864),#8353,.T.);
#12864 = FACE_BOUND('',#12865,.T.);
#12865 = EDGE_LOOP('',(#12866,#12867,#12868,#12889));
#12866 = ORIENTED_EDGE('',*,*,#8337,.T.);
#12867 = ORIENTED_EDGE('',*,*,#12818,.T.);
#12868 = ORIENTED_EDGE('',*,*,#12869,.F.);
#12869 = EDGE_CURVE('',#9029,#12819,#12870,.T.);
#12870 = SURFACE_CURVE('',#12871,(#12875,#12882),.PCURVE_S1.);
#12871 = LINE('',#12872,#12873);
#12872 = CARTESIAN_POINT('',(30.4,-39.22321315241,8.437294013578));
#12873 = VECTOR('',#12874,1.);
#12874 = DIRECTION('',(0.,-0.141421356237,0.989949493661));
#12875 = PCURVE('',#8353,#12876);
#12876 = DEFINITIONAL_REPRESENTATION('',(#12877),#12881);
#12877 = LINE('',#12878,#12879);
#12878 = CARTESIAN_POINT('',(5.,1.110223024625E-16));
#12879 = VECTOR('',#12880,1.);
#12880 = DIRECTION('',(-2.775557561563E-17,-1.));
#12881 = ( GEOMETRIC_REPRESENTATION_CONTEXT(2) 
PARAMETRIC_REPRESENTATION_CONTEXT() REPRESENTATION_CONTEXT('2D SPACE',''
  ) );
#12882 = PCURVE('',#9067,#12883);
#12883 = DEFINITIONAL_REPRESENTATION('',(#12884),#12888);
#12884 = LINE('',#12885,#12886);
#12885 = CARTESIAN_POINT('',(0.,0.));
#12886 = VECTOR('',#12887,1.);
#12887 = DIRECTION('',(0.,-1.));
#12888 = ( GEOMETRIC_REPRESENTATION_CONTEXT(2) 
PARAMETRIC_REPRESENTATION_CONTEXT() REPRESENTATION_CONTEXT('2D SPACE',''
  ) );
#12889 = ORIENTED_EDGE('',*,*,#9028,.F.);
#12890 = ADVANCED_FACE('',(#12891),#8403,.T.);
#12891 = FACE_BOUND('',#12892,.T.);
#12892 = EDGE_LOOP('',(#12893,#12894,#12895,#12896));
#12893 = ORIENTED_EDGE('',*,*,#12078,.F.);
#12894 = ORIENTED_EDGE('',*,*,#8388,.T.);
#12895 = ORIENTED_EDGE('',*,*,#8994,.T.);
#12896 = ORIENTED_EDGE('',*,*,#12897,.T.);
#12897 = EDGE_CURVE('',#8967,#12079,#12898,.T.);
#12898 = SURFACE_CURVE('',#12899,(#12903,#12909),.PCURVE_S1.);
#12899 = LINE('',#12900,#12901);
#12900 = CARTESIAN_POINT('',(-39.5,-26.80920101036,-56.21774316732));
#12901 = VECTOR('',#12902,1.);
#12902 = DIRECTION('',(0.,-0.253359391838,0.96737222338));
#12903 = PCURVE('',#8403,#12904);
#12904 = DEFINITIONAL_REPRESENTATION('',(#12905),#12908);
#12905 = B_SPLINE_CURVE_WITH_KNOTS('',1,(#12906,#12907),.UNSPECIFIED.,
  .F.,.F.,(2,2),(66.115524380278,70.067663910374),
  .PIECEWISE_BEZIER_KNOTS.);
#12906 = CARTESIAN_POINT('',(7.330382858376,66.115524380278));
#12907 = CARTESIAN_POINT('',(7.330382858376,70.067663910374));
#12908 = ( GEOMETRIC_REPRESENTATION_CONTEXT(2) 
PARAMETRIC_REPRESENTATION_CONTEXT() REPRESENTATION_CONTEXT('2D SPACE',''
  ) );
#12909 = PCURVE('',#8982,#12910);
#12910 = DEFINITIONAL_REPRESENTATION('',(#12911),#12914);
#12911 = B_SPLINE_CURVE_WITH_KNOTS('',1,(#12912,#12913),.UNSPECIFIED.,
  .F.,.F.,(2,2),(66.115524380278,70.067663910374),
  .PIECEWISE_BEZIER_KNOTS.);
#12912 = CARTESIAN_POINT('',(0.608081476632,7.637186304206E-02));
#12913 = CARTESIAN_POINT('',(0.15751421366,-3.85));
#12914 = ( GEOMETRIC_REPRESENTATION_CONTEXT(2) 
PARAMETRIC_REPRESENTATION_CONTEXT() REPRESENTATION_CONTEXT('2D SPACE',''
  ) );
#12915 = ADVANCED_FACE('',(#12916,#12919),#8461,.F.);
#12916 = FACE_BOUND('',#12917,.F.);
#12917 = EDGE_LOOP('',(#12918));
#12918 = ORIENTED_EDGE('',*,*,#11237,.T.);
#12919 = FACE_BOUND('',#12920,.F.);
#12920 = EDGE_LOOP('',(#12921));
#12921 = ORIENTED_EDGE('',*,*,#8446,.F.);
#12922 = ADVANCED_FACE('',(#12923,#12926),#8516,.F.);
#12923 = FACE_BOUND('',#12924,.F.);
#12924 = EDGE_LOOP('',(#12925));
#12925 = ORIENTED_EDGE('',*,*,#12042,.T.);
#12926 = FACE_BOUND('',#12927,.F.);
#12927 = EDGE_LOOP('',(#12928));
#12928 = ORIENTED_EDGE('',*,*,#8501,.F.);
#12929 = ADVANCED_FACE('',(#12930),#8708,.T.);
#12930 = FACE_BOUND('',#12931,.T.);
#12931 = EDGE_LOOP('',(#12932,#12933,#12934,#12935,#12956,#12982,#13001,
    #13002));
#12932 = ORIENTED_EDGE('',*,*,#10452,.F.);
#12933 = ORIENTED_EDGE('',*,*,#10424,.T.);
#12934 = ORIENTED_EDGE('',*,*,#8798,.T.);
#12935 = ORIENTED_EDGE('',*,*,#12936,.F.);
#12936 = EDGE_CURVE('',#12937,#8773,#12939,.T.);
#12937 = VERTEX_POINT('',#12938);
#12938 = CARTESIAN_POINT('',(-22.75,161.09013658303,6.706777267508));
#12939 = SURFACE_CURVE('',#12940,(#12944,#12950),.PCURVE_S1.);
#12940 = LINE('',#12941,#12942);
#12941 = CARTESIAN_POINT('',(-22.75,156.68143473693,15.422597967852));
#12942 = VECTOR('',#12943,1.);
#12943 = DIRECTION('',(0.,-0.451368839694,0.892337475708));
#12944 = PCURVE('',#8708,#12945);
#12945 = DEFINITIONAL_REPRESENTATION('',(#12946),#12949);
#12946 = B_SPLINE_CURVE_WITH_KNOTS('',1,(#12947,#12948),.UNSPECIFIED.,
  .F.,.F.,(2,2),(-10.21205341692,21.948853497666),
  .PIECEWISE_BEZIER_KNOTS.);
#12947 = CARTESIAN_POINT('',(2.588706697728,-22.75));
#12948 = CARTESIAN_POINT('',(34.749613612314,-22.75));
#12949 = ( GEOMETRIC_REPRESENTATION_CONTEXT(2) 
PARAMETRIC_REPRESENTATION_CONTEXT() REPRESENTATION_CONTEXT('2D SPACE',''
  ) );
#12950 = PCURVE('',#8787,#12951);
#12951 = DEFINITIONAL_REPRESENTATION('',(#12952),#12955);
#12952 = B_SPLINE_CURVE_WITH_KNOTS('',1,(#12953,#12954),.UNSPECIFIED.,
  .F.,.F.,(2,2),(-10.21205341692,21.948853497666),
  .PIECEWISE_BEZIER_KNOTS.);
#12953 = CARTESIAN_POINT('',(-10.83494468489,-20.30874821951));
#12954 = CARTESIAN_POINT('',(3.681486552641,8.389634273134));
#12955 = ( GEOMETRIC_REPRESENTATION_CONTEXT(2) 
PARAMETRIC_REPRESENTATION_CONTEXT() REPRESENTATION_CONTEXT('2D SPACE',''
  ) );
#12956 = ORIENTED_EDGE('',*,*,#12957,.T.);
#12957 = EDGE_CURVE('',#12937,#12958,#12960,.T.);
#12958 = VERTEX_POINT('',#12959);
#12959 = CARTESIAN_POINT('',(22.75,161.09013658303,6.706777267508));
#12960 = SURFACE_CURVE('',#12961,(#12965,#12971),.PCURVE_S1.);
#12961 = LINE('',#12962,#12963);
#12962 = CARTESIAN_POINT('',(11.375,161.09013658303,6.706777267508));
#12963 = VECTOR('',#12964,1.);
#12964 = DIRECTION('',(1.,0.,0.));
#12965 = PCURVE('',#8708,#12966);
#12966 = DEFINITIONAL_REPRESENTATION('',(#12967),#12970);
#12967 = B_SPLINE_CURVE_WITH_KNOTS('',1,(#12968,#12969),.UNSPECIFIED.,
  .F.,.F.,(2,2),(-34.125,11.375),.PIECEWISE_BEZIER_KNOTS.);
#12968 = CARTESIAN_POINT('',(3.033356035349,-22.75));
#12969 = CARTESIAN_POINT('',(3.033356035349,22.75));
#12970 = ( GEOMETRIC_REPRESENTATION_CONTEXT(2) 
PARAMETRIC_REPRESENTATION_CONTEXT() REPRESENTATION_CONTEXT('2D SPACE',''
  ) );
#12971 = PCURVE('',#12972,#12977);
#12972 = PLANE('',#12973);
#12973 = AXIS2_PLACEMENT_3D('',#12974,#12975,#12976);
#12974 = CARTESIAN_POINT('',(22.75,160.,6.31));
#12975 = DIRECTION('',(0.,-0.342020143326,0.939692620786));
#12976 = DIRECTION('',(-1.,0.,0.));
#12977 = DEFINITIONAL_REPRESENTATION('',(#12978),#12981);
#12978 = B_SPLINE_CURVE_WITH_KNOTS('',1,(#12979,#12980),.UNSPECIFIED.,
  .F.,.F.,(2,2),(-34.125,11.375),.PIECEWISE_BEZIER_KNOTS.);
#12979 = CARTESIAN_POINT('',(45.5,-1.160099120625));
#12980 = CARTESIAN_POINT('',(0.,-1.160099120625));
#12981 = ( GEOMETRIC_REPRESENTATION_CONTEXT(2) 
PARAMETRIC_REPRESENTATION_CONTEXT() REPRESENTATION_CONTEXT('2D SPACE',''
  ) );
#12982 = ORIENTED_EDGE('',*,*,#12983,.T.);
#12983 = EDGE_CURVE('',#12958,#8693,#12984,.T.);
#12984 = SURFACE_CURVE('',#12985,(#12989,#12995),.PCURVE_S1.);
#12985 = LINE('',#12986,#12987);
#12986 = CARTESIAN_POINT('',(22.75,156.68143473693,15.422597967852));
#12987 = VECTOR('',#12988,1.);
#12988 = DIRECTION('',(0.,-0.451368839694,0.892337475708));
#12989 = PCURVE('',#8708,#12990);
#12990 = DEFINITIONAL_REPRESENTATION('',(#12991),#12994);
#12991 = B_SPLINE_CURVE_WITH_KNOTS('',1,(#12992,#12993),.UNSPECIFIED.,
  .F.,.F.,(2,2),(-10.21205341692,21.948853497666),
  .PIECEWISE_BEZIER_KNOTS.);
#12992 = CARTESIAN_POINT('',(2.588706697728,22.75));
#12993 = CARTESIAN_POINT('',(34.749613612314,22.75));
#12994 = ( GEOMETRIC_REPRESENTATION_CONTEXT(2) 
PARAMETRIC_REPRESENTATION_CONTEXT() REPRESENTATION_CONTEXT('2D SPACE',''
  ) );
#12995 = PCURVE('',#8735,#12996);
#12996 = DEFINITIONAL_REPRESENTATION('',(#12997),#13000);
#12997 = B_SPLINE_CURVE_WITH_KNOTS('',1,(#12998,#12999),.UNSPECIFIED.,
  .F.,.F.,(2,2),(-10.21205341692,21.948853497666),
  .PIECEWISE_BEZIER_KNOTS.);
#12998 = CARTESIAN_POINT('',(-10.83494468489,-20.30874821951));
#12999 = CARTESIAN_POINT('',(3.681486552641,8.389634273134));
#13000 = ( GEOMETRIC_REPRESENTATION_CONTEXT(2) 
PARAMETRIC_REPRESENTATION_CONTEXT() REPRESENTATION_CONTEXT('2D SPACE',''
  ) );
#13001 = ORIENTED_EDGE('',*,*,#8692,.T.);
#13002 = ORIENTED_EDGE('',*,*,#10501,.F.);
#13003 = ADVANCED_FACE('',(#13004),#8735,.F.);
#13004 = FACE_BOUND('',#13005,.F.);
#13005 = EDGE_LOOP('',(#13006,#13007,#13030,#13058,#13086,#13107));
#13006 = ORIENTED_EDGE('',*,*,#8720,.T.);
#13007 = ORIENTED_EDGE('',*,*,#13008,.T.);
#13008 = EDGE_CURVE('',#8721,#13009,#13011,.T.);
#13009 = VERTEX_POINT('',#13010);
#13010 = CARTESIAN_POINT('',(22.75,144.95111369367,47.65647531458));
#13011 = SURFACE_CURVE('',#13012,(#13016,#13023),.PCURVE_S1.);
#13012 = LINE('',#13013,#13014);
#13013 = CARTESIAN_POINT('',(22.75,141.69,33.78));
#13014 = VECTOR('',#13015,1.);
#13015 = DIRECTION('',(0.,0.2287774669,0.973478746886));
#13016 = PCURVE('',#8735,#13017);
#13017 = DEFINITIONAL_REPRESENTATION('',(#13018),#13022);
#13018 = LINE('',#13019,#13020);
#13019 = CARTESIAN_POINT('',(8.765892753725,7.161251780484));
#13020 = VECTOR('',#13021,1.);
#13021 = DIRECTION('',(-0.2287774669,0.973478746886));
#13022 = ( GEOMETRIC_REPRESENTATION_CONTEXT(2) 
PARAMETRIC_REPRESENTATION_CONTEXT() REPRESENTATION_CONTEXT('2D SPACE',''
  ) );
#13023 = PCURVE('',#8761,#13024);
#13024 = DEFINITIONAL_REPRESENTATION('',(#13025),#13029);
#13025 = LINE('',#13026,#13027);
#13026 = CARTESIAN_POINT('',(0.,22.75));
#13027 = VECTOR('',#13028,1.);
#13028 = DIRECTION('',(1.,0.));
#13029 = ( GEOMETRIC_REPRESENTATION_CONTEXT(2) 
PARAMETRIC_REPRESENTATION_CONTEXT() REPRESENTATION_CONTEXT('2D SPACE',''
  ) );
#13030 = ORIENTED_EDGE('',*,*,#13031,.T.);
#13031 = EDGE_CURVE('',#13009,#13032,#13034,.T.);
#13032 = VERTEX_POINT('',#13033);
#13033 = CARTESIAN_POINT('',(22.75,149.6495767976,49.366576031208));
#13034 = SURFACE_CURVE('',#13035,(#13039,#13046),.PCURVE_S1.);
#13035 = LINE('',#13036,#13037);
#13036 = CARTESIAN_POINT('',(22.75,144.95111369367,47.65647531458));
#13037 = VECTOR('',#13038,1.);
#13038 = DIRECTION('',(0.,0.939692620786,0.342020143326));
#13039 = PCURVE('',#8735,#13040);
#13040 = DEFINITIONAL_REPRESENTATION('',(#13041),#13045);
#13041 = LINE('',#13042,#13043);
#13042 = CARTESIAN_POINT('',(5.504779060054,21.037727095064));
#13043 = VECTOR('',#13044,1.);
#13044 = DIRECTION('',(-0.939692620786,0.342020143326));
#13045 = ( GEOMETRIC_REPRESENTATION_CONTEXT(2) 
PARAMETRIC_REPRESENTATION_CONTEXT() REPRESENTATION_CONTEXT('2D SPACE',''
  ) );
#13046 = PCURVE('',#13047,#13052);
#13047 = PLANE('',#13048);
#13048 = AXIS2_PLACEMENT_3D('',#13049,#13050,#13051);
#13049 = CARTESIAN_POINT('',(20.75,144.95111369367,47.65647531458));
#13050 = DIRECTION('',(0.,0.342020143326,-0.939692620786));
#13051 = DIRECTION('',(1.,0.,0.));
#13052 = DEFINITIONAL_REPRESENTATION('',(#13053),#13057);
#13053 = LINE('',#13054,#13055);
#13054 = CARTESIAN_POINT('',(2.,0.));
#13055 = VECTOR('',#13056,1.);
#13056 = DIRECTION('',(0.,-1.));
#13057 = ( GEOMETRIC_REPRESENTATION_CONTEXT(2) 
PARAMETRIC_REPRESENTATION_CONTEXT() REPRESENTATION_CONTEXT('2D SPACE',''
  ) );
#13058 = ORIENTED_EDGE('',*,*,#13059,.T.);
#13059 = EDGE_CURVE('',#13032,#13060,#13062,.T.);
#13060 = VERTEX_POINT('',#13061);
#13061 = CARTESIAN_POINT('',(22.75,164.69846310393,8.020100716628));
#13062 = SURFACE_CURVE('',#13063,(#13067,#13074),.PCURVE_S1.);
#13063 = LINE('',#13064,#13065);
#13064 = CARTESIAN_POINT('',(22.75,149.6495767976,49.366576031208));
#13065 = VECTOR('',#13066,1.);
#13066 = DIRECTION('',(0.,0.342020143326,-0.939692620786));
#13067 = PCURVE('',#8735,#13068);
#13068 = DEFINITIONAL_REPRESENTATION('',(#13069),#13073);
#13069 = LINE('',#13070,#13071);
#13070 = CARTESIAN_POINT('',(0.806315956125,22.747827811693));
#13071 = VECTOR('',#13072,1.);
#13072 = DIRECTION('',(-0.342020143326,-0.939692620786));
#13073 = ( GEOMETRIC_REPRESENTATION_CONTEXT(2) 
PARAMETRIC_REPRESENTATION_CONTEXT() REPRESENTATION_CONTEXT('2D SPACE',''
  ) );
#13074 = PCURVE('',#13075,#13080);
#13075 = PLANE('',#13076);
#13076 = AXIS2_PLACEMENT_3D('',#13077,#13078,#13079);
#13077 = CARTESIAN_POINT('',(-21.75,157.17401995076,28.693338373918));
#13078 = DIRECTION('',(0.,0.939692620786,0.342020143326));
#13079 = DIRECTION('',(1.,0.,0.));
#13080 = DEFINITIONAL_REPRESENTATION('',(#13081),#13085);
#13081 = LINE('',#13082,#13083);
#13082 = CARTESIAN_POINT('',(44.5,-22.));
#13083 = VECTOR('',#13084,1.);
#13084 = DIRECTION('',(0.,1.));
#13085 = ( GEOMETRIC_REPRESENTATION_CONTEXT(2) 
PARAMETRIC_REPRESENTATION_CONTEXT() REPRESENTATION_CONTEXT('2D SPACE',''
  ) );
#13086 = ORIENTED_EDGE('',*,*,#13087,.F.);
#13087 = EDGE_CURVE('',#12958,#13060,#13088,.T.);
#13088 = SURFACE_CURVE('',#13089,(#13093,#13100),.PCURVE_S1.);
#13089 = LINE('',#13090,#13091);
#13090 = CARTESIAN_POINT('',(22.75,160.,6.31));
#13091 = VECTOR('',#13092,1.);
#13092 = DIRECTION('',(0.,0.939692620786,0.342020143326));
#13093 = PCURVE('',#8735,#13094);
#13094 = DEFINITIONAL_REPRESENTATION('',(#13095),#13099);
#13095 = LINE('',#13096,#13097);
#13096 = CARTESIAN_POINT('',(-9.544107246275,-20.30874821951));
#13097 = VECTOR('',#13098,1.);
#13098 = DIRECTION('',(-0.939692620786,0.342020143326));
#13099 = ( GEOMETRIC_REPRESENTATION_CONTEXT(2) 
PARAMETRIC_REPRESENTATION_CONTEXT() REPRESENTATION_CONTEXT('2D SPACE',''
  ) );
#13100 = PCURVE('',#12972,#13101);
#13101 = DEFINITIONAL_REPRESENTATION('',(#13102),#13106);
#13102 = LINE('',#13103,#13104);
#13103 = CARTESIAN_POINT('',(0.,-0.));
#13104 = VECTOR('',#13105,1.);
#13105 = DIRECTION('',(0.,-1.));
#13106 = ( GEOMETRIC_REPRESENTATION_CONTEXT(2) 
PARAMETRIC_REPRESENTATION_CONTEXT() REPRESENTATION_CONTEXT('2D SPACE',''
  ) );
#13107 = ORIENTED_EDGE('',*,*,#12983,.T.);
#13108 = ADVANCED_FACE('',(#13109),#8761,.F.);
#13109 = FACE_BOUND('',#13110,.F.);
#13110 = EDGE_LOOP('',(#13111,#13112,#13135,#13163,#13191,#13212));
#13111 = ORIENTED_EDGE('',*,*,#8746,.T.);
#13112 = ORIENTED_EDGE('',*,*,#13113,.T.);
#13113 = EDGE_CURVE('',#8747,#13114,#13116,.T.);
#13114 = VERTEX_POINT('',#13115);
#13115 = CARTESIAN_POINT('',(-22.75,144.95111369367,47.65647531458));
#13116 = SURFACE_CURVE('',#13117,(#13121,#13128),.PCURVE_S1.);
#13117 = LINE('',#13118,#13119);
#13118 = CARTESIAN_POINT('',(-22.75,141.69,33.78));
#13119 = VECTOR('',#13120,1.);
#13120 = DIRECTION('',(0.,0.2287774669,0.973478746886));
#13121 = PCURVE('',#8761,#13122);
#13122 = DEFINITIONAL_REPRESENTATION('',(#13123),#13127);
#13123 = LINE('',#13124,#13125);
#13124 = CARTESIAN_POINT('',(0.,-22.75));
#13125 = VECTOR('',#13126,1.);
#13126 = DIRECTION('',(1.,0.));
#13127 = ( GEOMETRIC_REPRESENTATION_CONTEXT(2) 
PARAMETRIC_REPRESENTATION_CONTEXT() REPRESENTATION_CONTEXT('2D SPACE',''
  ) );
#13128 = PCURVE('',#8787,#13129);
#13129 = DEFINITIONAL_REPRESENTATION('',(#13130),#13134);
#13130 = LINE('',#13131,#13132);
#13131 = CARTESIAN_POINT('',(8.765892753725,7.161251780484));
#13132 = VECTOR('',#13133,1.);
#13133 = DIRECTION('',(-0.2287774669,0.973478746886));
#13134 = ( GEOMETRIC_REPRESENTATION_CONTEXT(2) 
PARAMETRIC_REPRESENTATION_CONTEXT() REPRESENTATION_CONTEXT('2D SPACE',''
  ) );
#13135 = ORIENTED_EDGE('',*,*,#13136,.F.);
#13136 = EDGE_CURVE('',#13137,#13114,#13139,.T.);
#13137 = VERTEX_POINT('',#13138);
#13138 = CARTESIAN_POINT('',(-20.75,144.95111369367,47.65647531458));
#13139 = SURFACE_CURVE('',#13140,(#13144,#13151),.PCURVE_S1.);
#13140 = LINE('',#13141,#13142);
#13141 = CARTESIAN_POINT('',(22.75,144.95111369367,47.65647531458));
#13142 = VECTOR('',#13143,1.);
#13143 = DIRECTION('',(-1.,0.,0.));
#13144 = PCURVE('',#8761,#13145);
#13145 = DEFINITIONAL_REPRESENTATION('',(#13146),#13150);
#13146 = LINE('',#13147,#13148);
#13147 = CARTESIAN_POINT('',(14.254523130543,22.75));
#13148 = VECTOR('',#13149,1.);
#13149 = DIRECTION('',(0.,-1.));
#13150 = ( GEOMETRIC_REPRESENTATION_CONTEXT(2) 
PARAMETRIC_REPRESENTATION_CONTEXT() REPRESENTATION_CONTEXT('2D SPACE',''
  ) );
#13151 = PCURVE('',#13152,#13157);
#13152 = PLANE('',#13153);
#13153 = AXIS2_PLACEMENT_3D('',#13154,#13155,#13156);
#13154 = CARTESIAN_POINT('',(-22.75,144.95111369367,47.65647531458));
#13155 = DIRECTION('',(0.,0.342020143326,-0.939692620786));
#13156 = DIRECTION('',(1.,0.,0.));
#13157 = DEFINITIONAL_REPRESENTATION('',(#13158),#13162);
#13158 = LINE('',#13159,#13160);
#13159 = CARTESIAN_POINT('',(45.5,0.));
#13160 = VECTOR('',#13161,1.);
#13161 = DIRECTION('',(-1.,-0.));
#13162 = ( GEOMETRIC_REPRESENTATION_CONTEXT(2) 
PARAMETRIC_REPRESENTATION_CONTEXT() REPRESENTATION_CONTEXT('2D SPACE',''
  ) );
#13163 = ORIENTED_EDGE('',*,*,#13164,.F.);
#13164 = EDGE_CURVE('',#13165,#13137,#13167,.T.);
#13165 = VERTEX_POINT('',#13166);
#13166 = CARTESIAN_POINT('',(20.75,144.95111369367,47.65647531458));
#13167 = SURFACE_CURVE('',#13168,(#13172,#13179),.PCURVE_S1.);
#13168 = LINE('',#13169,#13170);
#13169 = CARTESIAN_POINT('',(22.75,144.95111369367,47.65647531458));
#13170 = VECTOR('',#13171,1.);
#13171 = DIRECTION('',(-1.,0.,0.));
#13172 = PCURVE('',#8761,#13173);
#13173 = DEFINITIONAL_REPRESENTATION('',(#13174),#13178);
#13174 = LINE('',#13175,#13176);
#13175 = CARTESIAN_POINT('',(14.254523130543,22.75));
#13176 = VECTOR('',#13177,1.);
#13177 = DIRECTION('',(0.,-1.));
#13178 = ( GEOMETRIC_REPRESENTATION_CONTEXT(2) 
PARAMETRIC_REPRESENTATION_CONTEXT() REPRESENTATION_CONTEXT('2D SPACE',''
  ) );
#13179 = PCURVE('',#13180,#13185);
#13180 = PLANE('',#13181);
#13181 = AXIS2_PLACEMENT_3D('',#13182,#13183,#13184);
#13182 = CARTESIAN_POINT('',(0.,144.95111369367,47.65647531458));
#13183 = DIRECTION('',(0.,-0.939692620786,-0.342020143326));
#13184 = DIRECTION('',(0.,0.342020143326,-0.939692620786));
#13185 = DEFINITIONAL_REPRESENTATION('',(#13186),#13190);
#13186 = LINE('',#13187,#13188);
#13187 = CARTESIAN_POINT('',(0.,22.75));
#13188 = VECTOR('',#13189,1.);
#13189 = DIRECTION('',(0.,-1.));
#13190 = ( GEOMETRIC_REPRESENTATION_CONTEXT(2) 
PARAMETRIC_REPRESENTATION_CONTEXT() REPRESENTATION_CONTEXT('2D SPACE',''
  ) );
#13191 = ORIENTED_EDGE('',*,*,#13192,.F.);
#13192 = EDGE_CURVE('',#13009,#13165,#13193,.T.);
#13193 = SURFACE_CURVE('',#13194,(#13198,#13205),.PCURVE_S1.);
#13194 = LINE('',#13195,#13196);
#13195 = CARTESIAN_POINT('',(22.75,144.95111369367,47.65647531458));
#13196 = VECTOR('',#13197,1.);
#13197 = DIRECTION('',(-1.,0.,0.));
#13198 = PCURVE('',#8761,#13199);
#13199 = DEFINITIONAL_REPRESENTATION('',(#13200),#13204);
#13200 = LINE('',#13201,#13202);
#13201 = CARTESIAN_POINT('',(14.254523130543,22.75));
#13202 = VECTOR('',#13203,1.);
#13203 = DIRECTION('',(0.,-1.));
#13204 = ( GEOMETRIC_REPRESENTATION_CONTEXT(2) 
PARAMETRIC_REPRESENTATION_CONTEXT() REPRESENTATION_CONTEXT('2D SPACE',''
  ) );
#13205 = PCURVE('',#13047,#13206);
#13206 = DEFINITIONAL_REPRESENTATION('',(#13207),#13211);
#13207 = LINE('',#13208,#13209);
#13208 = CARTESIAN_POINT('',(2.,0.));
#13209 = VECTOR('',#13210,1.);
#13210 = DIRECTION('',(-1.,-0.));
#13211 = ( GEOMETRIC_REPRESENTATION_CONTEXT(2) 
PARAMETRIC_REPRESENTATION_CONTEXT() REPRESENTATION_CONTEXT('2D SPACE',''
  ) );
#13212 = ORIENTED_EDGE('',*,*,#13008,.F.);
#13213 = ADVANCED_FACE('',(#13214),#8787,.T.);
#13214 = FACE_BOUND('',#13215,.T.);
#13215 = EDGE_LOOP('',(#13216,#13217,#13218,#13241,#13264,#13285));
#13216 = ORIENTED_EDGE('',*,*,#8772,.T.);
#13217 = ORIENTED_EDGE('',*,*,#13113,.T.);
#13218 = ORIENTED_EDGE('',*,*,#13219,.T.);
#13219 = EDGE_CURVE('',#13114,#13220,#13222,.T.);
#13220 = VERTEX_POINT('',#13221);
#13221 = CARTESIAN_POINT('',(-22.75,149.6495767976,49.366576031208));
#13222 = SURFACE_CURVE('',#13223,(#13227,#13234),.PCURVE_S1.);
#13223 = LINE('',#13224,#13225);
#13224 = CARTESIAN_POINT('',(-22.75,144.95111369367,47.65647531458));
#13225 = VECTOR('',#13226,1.);
#13226 = DIRECTION('',(0.,0.939692620786,0.342020143326));
#13227 = PCURVE('',#8787,#13228);
#13228 = DEFINITIONAL_REPRESENTATION('',(#13229),#13233);
#13229 = LINE('',#13230,#13231);
#13230 = CARTESIAN_POINT('',(5.504779060054,21.037727095064));
#13231 = VECTOR('',#13232,1.);
#13232 = DIRECTION('',(-0.939692620786,0.342020143326));
#13233 = ( GEOMETRIC_REPRESENTATION_CONTEXT(2) 
PARAMETRIC_REPRESENTATION_CONTEXT() REPRESENTATION_CONTEXT('2D SPACE',''
  ) );
#13234 = PCURVE('',#13152,#13235);
#13235 = DEFINITIONAL_REPRESENTATION('',(#13236),#13240);
#13236 = LINE('',#13237,#13238);
#13237 = CARTESIAN_POINT('',(0.,0.));
#13238 = VECTOR('',#13239,1.);
#13239 = DIRECTION('',(0.,-1.));
#13240 = ( GEOMETRIC_REPRESENTATION_CONTEXT(2) 
PARAMETRIC_REPRESENTATION_CONTEXT() REPRESENTATION_CONTEXT('2D SPACE',''
  ) );
#13241 = ORIENTED_EDGE('',*,*,#13242,.F.);
#13242 = EDGE_CURVE('',#13243,#13220,#13245,.T.);
#13243 = VERTEX_POINT('',#13244);
#13244 = CARTESIAN_POINT('',(-22.75,164.69846310393,8.020100716628));
#13245 = SURFACE_CURVE('',#13246,(#13250,#13257),.PCURVE_S1.);
#13246 = LINE('',#13247,#13248);
#13247 = CARTESIAN_POINT('',(-22.75,164.69846310393,8.020100716628));
#13248 = VECTOR('',#13249,1.);
#13249 = DIRECTION('',(0.,-0.342020143326,0.939692620786));
#13250 = PCURVE('',#8787,#13251);
#13251 = DEFINITIONAL_REPRESENTATION('',(#13252),#13256);
#13252 = LINE('',#13253,#13254);
#13253 = CARTESIAN_POINT('',(-14.2425703502,-18.59864750288));
#13254 = VECTOR('',#13255,1.);
#13255 = DIRECTION('',(0.342020143326,0.939692620786));
#13256 = ( GEOMETRIC_REPRESENTATION_CONTEXT(2) 
PARAMETRIC_REPRESENTATION_CONTEXT() REPRESENTATION_CONTEXT('2D SPACE',''
  ) );
#13257 = PCURVE('',#13075,#13258);
#13258 = DEFINITIONAL_REPRESENTATION('',(#13259),#13263);
#13259 = LINE('',#13260,#13261);
#13260 = CARTESIAN_POINT('',(-1.,22.));
#13261 = VECTOR('',#13262,1.);
#13262 = DIRECTION('',(0.,-1.));
#13263 = ( GEOMETRIC_REPRESENTATION_CONTEXT(2) 
PARAMETRIC_REPRESENTATION_CONTEXT() REPRESENTATION_CONTEXT('2D SPACE',''
  ) );
#13264 = ORIENTED_EDGE('',*,*,#13265,.F.);
#13265 = EDGE_CURVE('',#12937,#13243,#13266,.T.);
#13266 = SURFACE_CURVE('',#13267,(#13271,#13278),.PCURVE_S1.);
#13267 = LINE('',#13268,#13269);
#13268 = CARTESIAN_POINT('',(-22.75,160.,6.31));
#13269 = VECTOR('',#13270,1.);
#13270 = DIRECTION('',(0.,0.939692620786,0.342020143326));
#13271 = PCURVE('',#8787,#13272);
#13272 = DEFINITIONAL_REPRESENTATION('',(#13273),#13277);
#13273 = LINE('',#13274,#13275);
#13274 = CARTESIAN_POINT('',(-9.544107246275,-20.30874821951));
#13275 = VECTOR('',#13276,1.);
#13276 = DIRECTION('',(-0.939692620786,0.342020143326));
#13277 = ( GEOMETRIC_REPRESENTATION_CONTEXT(2) 
PARAMETRIC_REPRESENTATION_CONTEXT() REPRESENTATION_CONTEXT('2D SPACE',''
  ) );
#13278 = PCURVE('',#12972,#13279);
#13279 = DEFINITIONAL_REPRESENTATION('',(#13280),#13284);
#13280 = LINE('',#13281,#13282);
#13281 = CARTESIAN_POINT('',(45.5,0.));
#13282 = VECTOR('',#13283,1.);
#13283 = DIRECTION('',(0.,-1.));
#13284 = ( GEOMETRIC_REPRESENTATION_CONTEXT(2) 
PARAMETRIC_REPRESENTATION_CONTEXT() REPRESENTATION_CONTEXT('2D SPACE',''
  ) );
#13285 = ORIENTED_EDGE('',*,*,#12936,.T.);
#13286 = ADVANCED_FACE('',(#13287),#8982,.F.);
#13287 = FACE_BOUND('',#13288,.F.);
#13288 = EDGE_LOOP('',(#13289,#13290,#13291,#13292));
#13289 = ORIENTED_EDGE('',*,*,#8966,.F.);
#13290 = ORIENTED_EDGE('',*,*,#12897,.T.);
#13291 = ORIENTED_EDGE('',*,*,#12108,.T.);
#13292 = ORIENTED_EDGE('',*,*,#12233,.F.);
#13293 = ADVANCED_FACE('',(#13294),#9067,.T.);
#13294 = FACE_BOUND('',#13295,.T.);
#13295 = EDGE_LOOP('',(#13296,#13297,#13298,#13299));
#13296 = ORIENTED_EDGE('',*,*,#12869,.T.);
#13297 = ORIENTED_EDGE('',*,*,#12843,.T.);
#13298 = ORIENTED_EDGE('',*,*,#12748,.F.);
#13299 = ORIENTED_EDGE('',*,*,#9051,.F.);
#13300 = ADVANCED_FACE('',(#13301),#9118,.T.);
#13301 = FACE_BOUND('',#13302,.T.);
#13302 = EDGE_LOOP('',(#13303,#13304,#13323,#13324));
#13303 = ORIENTED_EDGE('',*,*,#12673,.F.);
#13304 = ORIENTED_EDGE('',*,*,#13305,.T.);
#13305 = EDGE_CURVE('',#12651,#9103,#13306,.T.);
#13306 = SURFACE_CURVE('',#13307,(#13311,#13317),.PCURVE_S1.);
#13307 = LINE('',#13308,#13309);
#13308 = CARTESIAN_POINT('',(36.9,-7.35391052434,11.979898987322));
#13309 = VECTOR('',#13310,1.);
#13310 = DIRECTION('',(0.,0.141421356237,-0.989949493661));
#13311 = PCURVE('',#9118,#13312);
#13312 = DEFINITIONAL_REPRESENTATION('',(#13313),#13316);
#13313 = B_SPLINE_CURVE_WITH_KNOTS('',1,(#13314,#13315),.UNSPECIFIED.,
  .F.,.F.,(2,2),(-6.1,-1.),.PIECEWISE_BEZIER_KNOTS.);
#13314 = CARTESIAN_POINT('',(33.9,-7.1));
#13315 = CARTESIAN_POINT('',(33.9,-2.));
#13316 = ( GEOMETRIC_REPRESENTATION_CONTEXT(2) 
PARAMETRIC_REPRESENTATION_CONTEXT() REPRESENTATION_CONTEXT('2D SPACE',''
  ) );
#13317 = PCURVE('',#9145,#13318);
#13318 = DEFINITIONAL_REPRESENTATION('',(#13319),#13322);
#13319 = B_SPLINE_CURVE_WITH_KNOTS('',1,(#13320,#13321),.UNSPECIFIED.,
  .F.,.F.,(2,2),(-6.1,-1.),.PIECEWISE_BEZIER_KNOTS.);
#13320 = CARTESIAN_POINT('',(38.55,-5.1));
#13321 = CARTESIAN_POINT('',(38.55,0.));
#13322 = ( GEOMETRIC_REPRESENTATION_CONTEXT(2) 
PARAMETRIC_REPRESENTATION_CONTEXT() REPRESENTATION_CONTEXT('2D SPACE',''
  ) );
#13323 = ORIENTED_EDGE('',*,*,#9102,.T.);
#13324 = ORIENTED_EDGE('',*,*,#12794,.T.);
#13325 = ADVANCED_FACE('',(#13326),#9145,.F.);
#13326 = FACE_BOUND('',#13327,.F.);
#13327 = EDGE_LOOP('',(#13328,#13329,#13330,#13331));
#13328 = ORIENTED_EDGE('',*,*,#9129,.F.);
#13329 = ORIENTED_EDGE('',*,*,#12723,.T.);
#13330 = ORIENTED_EDGE('',*,*,#12650,.T.);
#13331 = ORIENTED_EDGE('',*,*,#13305,.T.);
#13332 = ADVANCED_FACE('',(#13333),#9221,.T.);
#13333 = FACE_BOUND('',#13334,.T.);
#13334 = EDGE_LOOP('',(#13335,#13336,#13337,#13338));
#13335 = ORIENTED_EDGE('',*,*,#12502,.F.);
#13336 = ORIENTED_EDGE('',*,*,#9205,.F.);
#13337 = ORIENTED_EDGE('',*,*,#12601,.F.);
#13338 = ORIENTED_EDGE('',*,*,#12555,.T.);
#13339 = ADVANCED_FACE('',(#13340),#9299,.F.);
#13340 = FACE_BOUND('',#13341,.F.);
#13341 = EDGE_LOOP('',(#13342,#13343,#13344,#13345,#13366,#13392,#13411,
    #13412));
#13342 = ORIENTED_EDGE('',*,*,#12466,.T.);
#13343 = ORIENTED_EDGE('',*,*,#12421,.T.);
#13344 = ORIENTED_EDGE('',*,*,#12294,.T.);
#13345 = ORIENTED_EDGE('',*,*,#13346,.F.);
#13346 = EDGE_CURVE('',#13347,#12295,#13349,.T.);
#13347 = VERTEX_POINT('',#13348);
#13348 = CARTESIAN_POINT('',(43.79,10.8,29.5));
#13349 = SURFACE_CURVE('',#13350,(#13354,#13360),.PCURVE_S1.);
#13350 = LINE('',#13351,#13352);
#13351 = CARTESIAN_POINT('',(43.195,10.8,29.5));
#13352 = VECTOR('',#13353,1.);
#13353 = DIRECTION('',(1.,0.,0.));
#13354 = PCURVE('',#9299,#13355);
#13355 = DEFINITIONAL_REPRESENTATION('',(#13356),#13359);
#13356 = B_SPLINE_CURVE_WITH_KNOTS('',1,(#13357,#13358),.UNSPECIFIED.,
  .F.,.F.,(2,2),(0.595,1.805),.PIECEWISE_BEZIER_KNOTS.);
#13357 = CARTESIAN_POINT('',(19.5,1.19));
#13358 = CARTESIAN_POINT('',(19.5,2.4));
#13359 = ( GEOMETRIC_REPRESENTATION_CONTEXT(2) 
PARAMETRIC_REPRESENTATION_CONTEXT() REPRESENTATION_CONTEXT('2D SPACE',''
  ) );
#13360 = PCURVE('',#11077,#13361);
#13361 = DEFINITIONAL_REPRESENTATION('',(#13362),#13365);
#13362 = B_SPLINE_CURVE_WITH_KNOTS('',1,(#13363,#13364),.UNSPECIFIED.,
  .F.,.F.,(2,2),(0.595,1.805),.PIECEWISE_BEZIER_KNOTS.);
#13363 = CARTESIAN_POINT('',(0.,5.8));
#13364 = CARTESIAN_POINT('',(1.21,5.8));
#13365 = ( GEOMETRIC_REPRESENTATION_CONTEXT(2) 
PARAMETRIC_REPRESENTATION_CONTEXT() REPRESENTATION_CONTEXT('2D SPACE',''
  ) );
#13366 = ORIENTED_EDGE('',*,*,#13367,.T.);
#13367 = EDGE_CURVE('',#13347,#13368,#13370,.T.);
#13368 = VERTEX_POINT('',#13369);
#13369 = CARTESIAN_POINT('',(43.79,10.8,22.5));
#13370 = SURFACE_CURVE('',#13371,(#13375,#13381),.PCURVE_S1.);
#13371 = LINE('',#13372,#13373);
#13372 = CARTESIAN_POINT('',(43.79,10.8,16.25));
#13373 = VECTOR('',#13374,1.);
#13374 = DIRECTION('',(0.,0.,-1.));
#13375 = PCURVE('',#9299,#13376);
#13376 = DEFINITIONAL_REPRESENTATION('',(#13377),#13380);
#13377 = B_SPLINE_CURVE_WITH_KNOTS('',1,(#13378,#13379),.UNSPECIFIED.,
  .F.,.F.,(2,2),(-13.25,-6.25),.PIECEWISE_BEZIER_KNOTS.);
#13378 = CARTESIAN_POINT('',(19.5,1.19));
#13379 = CARTESIAN_POINT('',(12.5,1.19));
#13380 = ( GEOMETRIC_REPRESENTATION_CONTEXT(2) 
PARAMETRIC_REPRESENTATION_CONTEXT() REPRESENTATION_CONTEXT('2D SPACE',''
  ) );
#13381 = PCURVE('',#13382,#13387);
#13382 = PLANE('',#13383);
#13383 = AXIS2_PLACEMENT_3D('',#13384,#13385,#13386);
#13384 = CARTESIAN_POINT('',(43.79,5.,22.5));
#13385 = DIRECTION('',(1.,0.,0.));
#13386 = DIRECTION('',(0.,0.,1.));
#13387 = DEFINITIONAL_REPRESENTATION('',(#13388),#13391);
#13388 = B_SPLINE_CURVE_WITH_KNOTS('',1,(#13389,#13390),.UNSPECIFIED.,
  .F.,.F.,(2,2),(-13.25,-6.25),.PIECEWISE_BEZIER_KNOTS.);
#13389 = CARTESIAN_POINT('',(7.,-5.8));
#13390 = CARTESIAN_POINT('',(0.,-5.8));
#13391 = ( GEOMETRIC_REPRESENTATION_CONTEXT(2) 
PARAMETRIC_REPRESENTATION_CONTEXT() REPRESENTATION_CONTEXT('2D SPACE',''
  ) );
#13392 = ORIENTED_EDGE('',*,*,#13393,.T.);
#13393 = EDGE_CURVE('',#13368,#12358,#13394,.T.);
#13394 = SURFACE_CURVE('',#13395,(#13399,#13405),.PCURVE_S1.);
#13395 = LINE('',#13396,#13397);
#13396 = CARTESIAN_POINT('',(43.195,10.8,22.5));
#13397 = VECTOR('',#13398,1.);
#13398 = DIRECTION('',(1.,0.,0.));
#13399 = PCURVE('',#9299,#13400);
#13400 = DEFINITIONAL_REPRESENTATION('',(#13401),#13404);
#13401 = B_SPLINE_CURVE_WITH_KNOTS('',1,(#13402,#13403),.UNSPECIFIED.,
  .F.,.F.,(2,2),(0.595,1.805),.PIECEWISE_BEZIER_KNOTS.);
#13402 = CARTESIAN_POINT('',(12.5,1.19));
#13403 = CARTESIAN_POINT('',(12.5,2.4));
#13404 = ( GEOMETRIC_REPRESENTATION_CONTEXT(2) 
PARAMETRIC_REPRESENTATION_CONTEXT() REPRESENTATION_CONTEXT('2D SPACE',''
  ) );
#13405 = PCURVE('',#11023,#13406);
#13406 = DEFINITIONAL_REPRESENTATION('',(#13407),#13410);
#13407 = B_SPLINE_CURVE_WITH_KNOTS('',1,(#13408,#13409),.UNSPECIFIED.,
  .F.,.F.,(2,2),(0.595,1.805),.PIECEWISE_BEZIER_KNOTS.);
#13408 = CARTESIAN_POINT('',(0.,5.8));
#13409 = CARTESIAN_POINT('',(1.21,5.8));
#13410 = ( GEOMETRIC_REPRESENTATION_CONTEXT(2) 
PARAMETRIC_REPRESENTATION_CONTEXT() REPRESENTATION_CONTEXT('2D SPACE',''
  ) );
#13411 = ORIENTED_EDGE('',*,*,#12378,.T.);
#13412 = ORIENTED_EDGE('',*,*,#9284,.T.);
#13413 = ADVANCED_FACE('',(#13414),#9369,.T.);
#13414 = FACE_BOUND('',#13415,.T.);
#13415 = EDGE_LOOP('',(#13416,#13417,#13418,#13419));
#13416 = ORIENTED_EDGE('',*,*,#10773,.F.);
#13417 = ORIENTED_EDGE('',*,*,#9353,.T.);
#13418 = ORIENTED_EDGE('',*,*,#10656,.T.);
#13419 = ORIENTED_EDGE('',*,*,#13420,.T.);
#13420 = EDGE_CURVE('',#10657,#10774,#13421,.T.);
#13421 = SURFACE_CURVE('',#13422,(#13426,#13432),.PCURVE_S1.);
#13422 = LINE('',#13423,#13424);
#13423 = CARTESIAN_POINT('',(45.,98.994266169563,56.260403044409));
#13424 = VECTOR('',#13425,1.);
#13425 = DIRECTION('',(-0.,0.96737222338,0.253359391838));
#13426 = PCURVE('',#9369,#13427);
#13427 = DEFINITIONAL_REPRESENTATION('',(#13428),#13431);
#13428 = B_SPLINE_CURVE_WITH_KNOTS('',1,(#13429,#13430),.UNSPECIFIED.,
  .F.,.F.,(2,2),(-170.5592347824,42.388785660139),
  .PIECEWISE_BEZIER_KNOTS.);
#13429 = CARTESIAN_POINT('',(126.56308994765,-22.64305799044));
#13430 = CARTESIAN_POINT('',(-79.43691005234,31.309322961933));
#13431 = ( GEOMETRIC_REPRESENTATION_CONTEXT(2) 
PARAMETRIC_REPRESENTATION_CONTEXT() REPRESENTATION_CONTEXT('2D SPACE',''
  ) );
#13432 = PCURVE('',#10714,#13433);
#13433 = DEFINITIONAL_REPRESENTATION('',(#13434),#13437);
#13434 = B_SPLINE_CURVE_WITH_KNOTS('',1,(#13435,#13436),.UNSPECIFIED.,
  .F.,.F.,(2,2),(-170.5592347824,42.388785660139),
  .PIECEWISE_BEZIER_KNOTS.);
#13435 = CARTESIAN_POINT('',(212.94802044262,45.));
#13436 = CARTESIAN_POINT('',(0.,45.));
#13437 = ( GEOMETRIC_REPRESENTATION_CONTEXT(2) 
PARAMETRIC_REPRESENTATION_CONTEXT() REPRESENTATION_CONTEXT('2D SPACE',''
  ) );
#13438 = ADVANCED_FACE('',(#13439),#9523,.F.);
#13439 = FACE_BOUND('',#13440,.F.);
#13440 = EDGE_LOOP('',(#13441,#13464,#13492,#13513));
#13441 = ORIENTED_EDGE('',*,*,#13442,.T.);
#13442 = EDGE_CURVE('',#9506,#13443,#13445,.T.);
#13443 = VERTEX_POINT('',#13444);
#13444 = CARTESIAN_POINT('',(-35.7,63.381516331656,33.196637956825));
#13445 = SURFACE_CURVE('',#13446,(#13450,#13457),.PCURVE_S1.);
#13446 = LINE('',#13447,#13448);
#13447 = CARTESIAN_POINT('',(-35.7,64.795729894029,23.297143020213));
#13448 = VECTOR('',#13449,1.);
#13449 = DIRECTION('',(0.,-0.141421356237,0.989949493661));
#13450 = PCURVE('',#9523,#13451);
#13451 = DEFINITIONAL_REPRESENTATION('',(#13452),#13456);
#13452 = LINE('',#13453,#13454);
#13453 = CARTESIAN_POINT('',(0.,0.));
#13454 = VECTOR('',#13455,1.);
#13455 = DIRECTION('',(0.,-1.));
#13456 = ( GEOMETRIC_REPRESENTATION_CONTEXT(2) 
PARAMETRIC_REPRESENTATION_CONTEXT() REPRESENTATION_CONTEXT('2D SPACE',''
  ) );
#13457 = PCURVE('',#9551,#13458);
#13458 = DEFINITIONAL_REPRESENTATION('',(#13459),#13463);
#13459 = LINE('',#13460,#13461);
#13460 = CARTESIAN_POINT('',(0.,0.));
#13461 = VECTOR('',#13462,1.);
#13462 = DIRECTION('',(0.,-1.));
#13463 = ( GEOMETRIC_REPRESENTATION_CONTEXT(2) 
PARAMETRIC_REPRESENTATION_CONTEXT() REPRESENTATION_CONTEXT('2D SPACE',''
  ) );
#13464 = ORIENTED_EDGE('',*,*,#13465,.T.);
#13465 = EDGE_CURVE('',#13443,#13466,#13468,.T.);
#13466 = VERTEX_POINT('',#13467);
#13467 = CARTESIAN_POINT('',(35.7,63.381516331656,33.196637956825));
#13468 = SURFACE_CURVE('',#13469,(#13473,#13480),.PCURVE_S1.);
#13469 = LINE('',#13470,#13471);
#13470 = CARTESIAN_POINT('',(0.,63.381516331656,33.196637956825));
#13471 = VECTOR('',#13472,1.);
#13472 = DIRECTION('',(1.,0.,0.));
#13473 = PCURVE('',#9523,#13474);
#13474 = DEFINITIONAL_REPRESENTATION('',(#13475),#13479);
#13475 = LINE('',#13476,#13477);
#13476 = CARTESIAN_POINT('',(35.7,-10.));
#13477 = VECTOR('',#13478,1.);
#13478 = DIRECTION('',(1.,0.));
#13479 = ( GEOMETRIC_REPRESENTATION_CONTEXT(2) 
PARAMETRIC_REPRESENTATION_CONTEXT() REPRESENTATION_CONTEXT('2D SPACE',''
  ) );
#13480 = PCURVE('',#13481,#13486);
#13481 = PLANE('',#13482);
#13482 = AXIS2_PLACEMENT_3D('',#13483,#13484,#13485);
#13483 = CARTESIAN_POINT('',(0.,101.46982310027,38.637824638055));
#13484 = DIRECTION('',(0.,-0.141421356237,0.989949493661));
#13485 = DIRECTION('',(1.,0.,0.));
#13486 = DEFINITIONAL_REPRESENTATION('',(#13487),#13491);
#13487 = LINE('',#13488,#13489);
#13488 = CARTESIAN_POINT('',(0.,-38.475));
#13489 = VECTOR('',#13490,1.);
#13490 = DIRECTION('',(1.,0.));
#13491 = ( GEOMETRIC_REPRESENTATION_CONTEXT(2) 
PARAMETRIC_REPRESENTATION_CONTEXT() REPRESENTATION_CONTEXT('2D SPACE',''
  ) );
#13492 = ORIENTED_EDGE('',*,*,#13493,.F.);
#13493 = EDGE_CURVE('',#9508,#13466,#13494,.T.);
#13494 = SURFACE_CURVE('',#13495,(#13499,#13506),.PCURVE_S1.);
#13495 = LINE('',#13496,#13497);
#13496 = CARTESIAN_POINT('',(35.7,64.795729894029,23.297143020213));
#13497 = VECTOR('',#13498,1.);
#13498 = DIRECTION('',(0.,-0.141421356237,0.989949493661));
#13499 = PCURVE('',#9523,#13500);
#13500 = DEFINITIONAL_REPRESENTATION('',(#13501),#13505);
#13501 = LINE('',#13502,#13503);
#13502 = CARTESIAN_POINT('',(71.4,0.));
#13503 = VECTOR('',#13504,1.);
#13504 = DIRECTION('',(0.,-1.));
#13505 = ( GEOMETRIC_REPRESENTATION_CONTEXT(2) 
PARAMETRIC_REPRESENTATION_CONTEXT() REPRESENTATION_CONTEXT('2D SPACE',''
  ) );
#13506 = PCURVE('',#9605,#13507);
#13507 = DEFINITIONAL_REPRESENTATION('',(#13508),#13512);
#13508 = LINE('',#13509,#13510);
#13509 = CARTESIAN_POINT('',(0.,0.));
#13510 = VECTOR('',#13511,1.);
#13511 = DIRECTION('',(0.,-1.));
#13512 = ( GEOMETRIC_REPRESENTATION_CONTEXT(2) 
PARAMETRIC_REPRESENTATION_CONTEXT() REPRESENTATION_CONTEXT('2D SPACE',''
  ) );
#13513 = ORIENTED_EDGE('',*,*,#9505,.F.);
#13514 = ADVANCED_FACE('',(#13515),#9551,.T.);
#13515 = FACE_BOUND('',#13516,.T.);
#13516 = EDGE_LOOP('',(#13517,#13518,#13541,#13562));
#13517 = ORIENTED_EDGE('',*,*,#13442,.T.);
#13518 = ORIENTED_EDGE('',*,*,#13519,.T.);
#13519 = EDGE_CURVE('',#13443,#13520,#13522,.T.);
#13520 = VERTEX_POINT('',#13521);
#13521 = CARTESIAN_POINT('',(-35.7,139.55812986888,44.079011319286));
#13522 = SURFACE_CURVE('',#13523,(#13527,#13534),.PCURVE_S1.);
#13523 = LINE('',#13524,#13525);
#13524 = CARTESIAN_POINT('',(-35.7,101.46982310027,38.637824638055));
#13525 = VECTOR('',#13526,1.);
#13526 = DIRECTION('',(0.,0.989949493661,0.141421356237));
#13527 = PCURVE('',#9551,#13528);
#13528 = DEFINITIONAL_REPRESENTATION('',(#13529),#13533);
#13529 = LINE('',#13530,#13531);
#13530 = CARTESIAN_POINT('',(38.475,-10.));
#13531 = VECTOR('',#13532,1.);
#13532 = DIRECTION('',(1.,0.));
#13533 = ( GEOMETRIC_REPRESENTATION_CONTEXT(2) 
PARAMETRIC_REPRESENTATION_CONTEXT() REPRESENTATION_CONTEXT('2D SPACE',''
  ) );
#13534 = PCURVE('',#13481,#13535);
#13535 = DEFINITIONAL_REPRESENTATION('',(#13536),#13540);
#13536 = LINE('',#13537,#13538);
#13537 = CARTESIAN_POINT('',(-35.7,0.));
#13538 = VECTOR('',#13539,1.);
#13539 = DIRECTION('',(0.,1.));
#13540 = ( GEOMETRIC_REPRESENTATION_CONTEXT(2) 
PARAMETRIC_REPRESENTATION_CONTEXT() REPRESENTATION_CONTEXT('2D SPACE',''
  ) );
#13541 = ORIENTED_EDGE('',*,*,#13542,.F.);
#13542 = EDGE_CURVE('',#9536,#13520,#13543,.T.);
#13543 = SURFACE_CURVE('',#13544,(#13548,#13555),.PCURVE_S1.);
#13544 = LINE('',#13545,#13546);
#13545 = CARTESIAN_POINT('',(-35.7,140.97234343125,34.179516382674));
#13546 = VECTOR('',#13547,1.);
#13547 = DIRECTION('',(0.,-0.141421356237,0.989949493661));
#13548 = PCURVE('',#9551,#13549);
#13549 = DEFINITIONAL_REPRESENTATION('',(#13550),#13554);
#13550 = LINE('',#13551,#13552);
#13551 = CARTESIAN_POINT('',(76.95,-1.7763568394E-15));
#13552 = VECTOR('',#13553,1.);
#13553 = DIRECTION('',(0.,-1.));
#13554 = ( GEOMETRIC_REPRESENTATION_CONTEXT(2) 
PARAMETRIC_REPRESENTATION_CONTEXT() REPRESENTATION_CONTEXT('2D SPACE',''
  ) );
#13555 = PCURVE('',#9579,#13556);
#13556 = DEFINITIONAL_REPRESENTATION('',(#13557),#13561);
#13557 = LINE('',#13558,#13559);
#13558 = CARTESIAN_POINT('',(0.,0.));
#13559 = VECTOR('',#13560,1.);
#13560 = DIRECTION('',(0.,-1.));
#13561 = ( GEOMETRIC_REPRESENTATION_CONTEXT(2) 
PARAMETRIC_REPRESENTATION_CONTEXT() REPRESENTATION_CONTEXT('2D SPACE',''
  ) );
#13562 = ORIENTED_EDGE('',*,*,#9535,.F.);
#13563 = ADVANCED_FACE('',(#13564),#9579,.T.);
#13564 = FACE_BOUND('',#13565,.T.);
#13565 = EDGE_LOOP('',(#13566,#13567,#13590,#13611));
#13566 = ORIENTED_EDGE('',*,*,#13542,.T.);
#13567 = ORIENTED_EDGE('',*,*,#13568,.T.);
#13568 = EDGE_CURVE('',#13520,#13569,#13571,.T.);
#13569 = VERTEX_POINT('',#13570);
#13570 = CARTESIAN_POINT('',(35.7,139.55812986888,44.079011319286));
#13571 = SURFACE_CURVE('',#13572,(#13576,#13583),.PCURVE_S1.);
#13572 = LINE('',#13573,#13574);
#13573 = CARTESIAN_POINT('',(0.,139.55812986888,44.079011319286));
#13574 = VECTOR('',#13575,1.);
#13575 = DIRECTION('',(1.,0.,0.));
#13576 = PCURVE('',#9579,#13577);
#13577 = DEFINITIONAL_REPRESENTATION('',(#13578),#13582);
#13578 = LINE('',#13579,#13580);
#13579 = CARTESIAN_POINT('',(35.7,-10.));
#13580 = VECTOR('',#13581,1.);
#13581 = DIRECTION('',(1.,0.));
#13582 = ( GEOMETRIC_REPRESENTATION_CONTEXT(2) 
PARAMETRIC_REPRESENTATION_CONTEXT() REPRESENTATION_CONTEXT('2D SPACE',''
  ) );
#13583 = PCURVE('',#13481,#13584);
#13584 = DEFINITIONAL_REPRESENTATION('',(#13585),#13589);
#13585 = LINE('',#13586,#13587);
#13586 = CARTESIAN_POINT('',(0.,38.475));
#13587 = VECTOR('',#13588,1.);
#13588 = DIRECTION('',(1.,0.));
#13589 = ( GEOMETRIC_REPRESENTATION_CONTEXT(2) 
PARAMETRIC_REPRESENTATION_CONTEXT() REPRESENTATION_CONTEXT('2D SPACE',''
  ) );
#13590 = ORIENTED_EDGE('',*,*,#13591,.F.);
#13591 = EDGE_CURVE('',#9564,#13569,#13592,.T.);
#13592 = SURFACE_CURVE('',#13593,(#13597,#13604),.PCURVE_S1.);
#13593 = LINE('',#13594,#13595);
#13594 = CARTESIAN_POINT('',(35.7,140.97234343125,34.179516382674));
#13595 = VECTOR('',#13596,1.);
#13596 = DIRECTION('',(0.,-0.141421356237,0.989949493661));
#13597 = PCURVE('',#9579,#13598);
#13598 = DEFINITIONAL_REPRESENTATION('',(#13599),#13603);
#13599 = LINE('',#13600,#13601);
#13600 = CARTESIAN_POINT('',(71.4,0.));
#13601 = VECTOR('',#13602,1.);
#13602 = DIRECTION('',(0.,-1.));
#13603 = ( GEOMETRIC_REPRESENTATION_CONTEXT(2) 
PARAMETRIC_REPRESENTATION_CONTEXT() REPRESENTATION_CONTEXT('2D SPACE',''
  ) );
#13604 = PCURVE('',#9605,#13605);
#13605 = DEFINITIONAL_REPRESENTATION('',(#13606),#13610);
#13606 = LINE('',#13607,#13608);
#13607 = CARTESIAN_POINT('',(76.95,-1.7763568394E-15));
#13608 = VECTOR('',#13609,1.);
#13609 = DIRECTION('',(0.,-1.));
#13610 = ( GEOMETRIC_REPRESENTATION_CONTEXT(2) 
PARAMETRIC_REPRESENTATION_CONTEXT() REPRESENTATION_CONTEXT('2D SPACE',''
  ) );
#13611 = ORIENTED_EDGE('',*,*,#9563,.F.);
#13612 = ADVANCED_FACE('',(#13613),#9605,.F.);
#13613 = FACE_BOUND('',#13614,.F.);
#13614 = EDGE_LOOP('',(#13615,#13616,#13637,#13638));
#13615 = ORIENTED_EDGE('',*,*,#13493,.T.);
#13616 = ORIENTED_EDGE('',*,*,#13617,.T.);
#13617 = EDGE_CURVE('',#13466,#13569,#13618,.T.);
#13618 = SURFACE_CURVE('',#13619,(#13623,#13630),.PCURVE_S1.);
#13619 = LINE('',#13620,#13621);
#13620 = CARTESIAN_POINT('',(35.7,101.46982310027,38.637824638055));
#13621 = VECTOR('',#13622,1.);
#13622 = DIRECTION('',(0.,0.989949493661,0.141421356237));
#13623 = PCURVE('',#9605,#13624);
#13624 = DEFINITIONAL_REPRESENTATION('',(#13625),#13629);
#13625 = LINE('',#13626,#13627);
#13626 = CARTESIAN_POINT('',(38.475,-10.));
#13627 = VECTOR('',#13628,1.);
#13628 = DIRECTION('',(1.,0.));
#13629 = ( GEOMETRIC_REPRESENTATION_CONTEXT(2) 
PARAMETRIC_REPRESENTATION_CONTEXT() REPRESENTATION_CONTEXT('2D SPACE',''
  ) );
#13630 = PCURVE('',#13481,#13631);
#13631 = DEFINITIONAL_REPRESENTATION('',(#13632),#13636);
#13632 = LINE('',#13633,#13634);
#13633 = CARTESIAN_POINT('',(35.7,0.));
#13634 = VECTOR('',#13635,1.);
#13635 = DIRECTION('',(0.,1.));
#13636 = ( GEOMETRIC_REPRESENTATION_CONTEXT(2) 
PARAMETRIC_REPRESENTATION_CONTEXT() REPRESENTATION_CONTEXT('2D SPACE',''
  ) );
#13637 = ORIENTED_EDGE('',*,*,#13591,.F.);
#13638 = ORIENTED_EDGE('',*,*,#9591,.F.);
#13639 = ADVANCED_FACE('',(#13640),#9636,.T.);
#13640 = FACE_BOUND('',#13641,.F.);
#13641 = EDGE_LOOP('',(#13642,#13665,#13692,#13693));
#13642 = ORIENTED_EDGE('',*,*,#13643,.T.);
#13643 = EDGE_CURVE('',#9620,#13644,#13646,.T.);
#13644 = VERTEX_POINT('',#13645);
#13645 = CARTESIAN_POINT('',(-9.25,58.548441482246,24.424978336206));
#13646 = SEAM_CURVE('',#13647,(#13651,#13658),.PCURVE_S1.);
#13647 = LINE('',#13648,#13649);
#13648 = CARTESIAN_POINT('',(-9.25,58.831284194721,22.445079348883));
#13649 = VECTOR('',#13650,1.);
#13650 = DIRECTION('',(0.,-0.141421356237,0.989949493661));
#13651 = PCURVE('',#9636,#13652);
#13652 = DEFINITIONAL_REPRESENTATION('',(#13653),#13657);
#13653 = LINE('',#13654,#13655);
#13654 = CARTESIAN_POINT('',(-0.,0.));
#13655 = VECTOR('',#13656,1.);
#13656 = DIRECTION('',(-0.,-1.));
#13657 = ( GEOMETRIC_REPRESENTATION_CONTEXT(2) 
PARAMETRIC_REPRESENTATION_CONTEXT() REPRESENTATION_CONTEXT('2D SPACE',''
  ) );
#13658 = PCURVE('',#9636,#13659);
#13659 = DEFINITIONAL_REPRESENTATION('',(#13660),#13664);
#13660 = LINE('',#13661,#13662);
#13661 = CARTESIAN_POINT('',(-6.28318530718,0.));
#13662 = VECTOR('',#13663,1.);
#13663 = DIRECTION('',(-0.,-1.));
#13664 = ( GEOMETRIC_REPRESENTATION_CONTEXT(2) 
PARAMETRIC_REPRESENTATION_CONTEXT() REPRESENTATION_CONTEXT('2D SPACE',''
  ) );
#13665 = ORIENTED_EDGE('',*,*,#13666,.T.);
#13666 = EDGE_CURVE('',#13644,#13644,#13667,.T.);
#13667 = SURFACE_CURVE('',#13668,(#13673,#13680),.PCURVE_S1.);
#13668 = CIRCLE('',#13669,2.75);
#13669 = AXIS2_PLACEMENT_3D('',#13670,#13671,#13672);
#13670 = CARTESIAN_POINT('',(-12.,58.548441482246,24.424978336206));
#13671 = DIRECTION('',(0.,-0.141421356237,0.989949493661));
#13672 = DIRECTION('',(1.,0.,0.));
#13673 = PCURVE('',#9636,#13674);
#13674 = DEFINITIONAL_REPRESENTATION('',(#13675),#13679);
#13675 = LINE('',#13676,#13677);
#13676 = CARTESIAN_POINT('',(-0.,-2.));
#13677 = VECTOR('',#13678,1.);
#13678 = DIRECTION('',(-1.,0.));
#13679 = ( GEOMETRIC_REPRESENTATION_CONTEXT(2) 
PARAMETRIC_REPRESENTATION_CONTEXT() REPRESENTATION_CONTEXT('2D SPACE',''
  ) );
#13680 = PCURVE('',#13681,#13686);
#13681 = PLANE('',#13682);
#13682 = AXIS2_PLACEMENT_3D('',#13683,#13684,#13685);
#13683 = CARTESIAN_POINT('',(-12.,58.548441482246,24.424978336206));
#13684 = DIRECTION('',(0.,-0.141421356237,0.989949493661));
#13685 = DIRECTION('',(1.,0.,0.));
#13686 = DEFINITIONAL_REPRESENTATION('',(#13687),#13691);
#13687 = CIRCLE('',#13688,2.75);
#13688 = AXIS2_PLACEMENT_2D('',#13689,#13690);
#13689 = CARTESIAN_POINT('',(1.864691089826E-16,1.122592899218E-16));
#13690 = DIRECTION('',(1.,0.));
#13691 = ( GEOMETRIC_REPRESENTATION_CONTEXT(2) 
PARAMETRIC_REPRESENTATION_CONTEXT() REPRESENTATION_CONTEXT('2D SPACE',''
  ) );
#13692 = ORIENTED_EDGE('',*,*,#13643,.F.);
#13693 = ORIENTED_EDGE('',*,*,#9619,.F.);
#13694 = ADVANCED_FACE('',(#13695),#9667,.T.);
#13695 = FACE_BOUND('',#13696,.F.);
#13696 = EDGE_LOOP('',(#13697,#13720,#13747,#13748));
#13697 = ORIENTED_EDGE('',*,*,#13698,.T.);
#13698 = EDGE_CURVE('',#9651,#13699,#13701,.T.);
#13699 = VERTEX_POINT('',#13700);
#13700 = CARTESIAN_POINT('',(-9.25,34.789653634378,21.03086578651));
#13701 = SEAM_CURVE('',#13702,(#13706,#13713),.PCURVE_S1.);
#13702 = LINE('',#13703,#13704);
#13703 = CARTESIAN_POINT('',(-9.25,35.072496346853,19.050966799188));
#13704 = VECTOR('',#13705,1.);
#13705 = DIRECTION('',(0.,-0.141421356237,0.989949493661));
#13706 = PCURVE('',#9667,#13707);
#13707 = DEFINITIONAL_REPRESENTATION('',(#13708),#13712);
#13708 = LINE('',#13709,#13710);
#13709 = CARTESIAN_POINT('',(-0.,0.));
#13710 = VECTOR('',#13711,1.);
#13711 = DIRECTION('',(-0.,-1.));
#13712 = ( GEOMETRIC_REPRESENTATION_CONTEXT(2) 
PARAMETRIC_REPRESENTATION_CONTEXT() REPRESENTATION_CONTEXT('2D SPACE',''
  ) );
#13713 = PCURVE('',#9667,#13714);
#13714 = DEFINITIONAL_REPRESENTATION('',(#13715),#13719);
#13715 = LINE('',#13716,#13717);
#13716 = CARTESIAN_POINT('',(-6.28318530718,0.));
#13717 = VECTOR('',#13718,1.);
#13718 = DIRECTION('',(-0.,-1.));
#13719 = ( GEOMETRIC_REPRESENTATION_CONTEXT(2) 
PARAMETRIC_REPRESENTATION_CONTEXT() REPRESENTATION_CONTEXT('2D SPACE',''
  ) );
#13720 = ORIENTED_EDGE('',*,*,#13721,.T.);
#13721 = EDGE_CURVE('',#13699,#13699,#13722,.T.);
#13722 = SURFACE_CURVE('',#13723,(#13728,#13735),.PCURVE_S1.);
#13723 = CIRCLE('',#13724,2.75);
#13724 = AXIS2_PLACEMENT_3D('',#13725,#13726,#13727);
#13725 = CARTESIAN_POINT('',(-12.,34.789653634378,21.03086578651));
#13726 = DIRECTION('',(0.,-0.141421356237,0.989949493661));
#13727 = DIRECTION('',(1.,0.,0.));
#13728 = PCURVE('',#9667,#13729);
#13729 = DEFINITIONAL_REPRESENTATION('',(#13730),#13734);
#13730 = LINE('',#13731,#13732);
#13731 = CARTESIAN_POINT('',(-0.,-2.));
#13732 = VECTOR('',#13733,1.);
#13733 = DIRECTION('',(-1.,0.));
#13734 = ( GEOMETRIC_REPRESENTATION_CONTEXT(2) 
PARAMETRIC_REPRESENTATION_CONTEXT() REPRESENTATION_CONTEXT('2D SPACE',''
  ) );
#13735 = PCURVE('',#13736,#13741);
#13736 = PLANE('',#13737);
#13737 = AXIS2_PLACEMENT_3D('',#13738,#13739,#13740);
#13738 = CARTESIAN_POINT('',(-12.,34.789653634378,21.03086578651));
#13739 = DIRECTION('',(0.,-0.141421356237,0.989949493661));
#13740 = DIRECTION('',(1.,0.,0.));
#13741 = DEFINITIONAL_REPRESENTATION('',(#13742),#13746);
#13742 = CIRCLE('',#13743,2.75);
#13743 = AXIS2_PLACEMENT_2D('',#13744,#13745);
#13744 = CARTESIAN_POINT('',(1.864691089826E-16,1.122592899218E-16));
#13745 = DIRECTION('',(1.,0.));
#13746 = ( GEOMETRIC_REPRESENTATION_CONTEXT(2) 
PARAMETRIC_REPRESENTATION_CONTEXT() REPRESENTATION_CONTEXT('2D SPACE',''
  ) );
#13747 = ORIENTED_EDGE('',*,*,#13698,.F.);
#13748 = ORIENTED_EDGE('',*,*,#9650,.F.);
#13749 = ADVANCED_FACE('',(#13750),#10168,.T.);
#13750 = FACE_BOUND('',#13751,.F.);
#13751 = EDGE_LOOP('',(#13752,#13775,#13802,#13803));
#13752 = ORIENTED_EDGE('',*,*,#13753,.T.);
#13753 = EDGE_CURVE('',#10152,#13754,#13756,.T.);
#13754 = VERTEX_POINT('',#13755);
#13755 = CARTESIAN_POINT('',(-0.5,-8.138799051457,16.413458505362));
#13756 = SEAM_CURVE('',#13757,(#13761,#13768),.PCURVE_S1.);
#13757 = LINE('',#13758,#13759);
#13758 = CARTESIAN_POINT('',(-0.5,-7.643824304627,12.948635277548));
#13759 = VECTOR('',#13760,1.);
#13760 = DIRECTION('',(0.,-0.141421356237,0.989949493661));
#13761 = PCURVE('',#10168,#13762);
#13762 = DEFINITIONAL_REPRESENTATION('',(#13763),#13767);
#13763 = LINE('',#13764,#13765);
#13764 = CARTESIAN_POINT('',(-0.,0.));
#13765 = VECTOR('',#13766,1.);
#13766 = DIRECTION('',(-0.,-1.));
#13767 = ( GEOMETRIC_REPRESENTATION_CONTEXT(2) 
PARAMETRIC_REPRESENTATION_CONTEXT() REPRESENTATION_CONTEXT('2D SPACE',''
  ) );
#13768 = PCURVE('',#10168,#13769);
#13769 = DEFINITIONAL_REPRESENTATION('',(#13770),#13774);
#13770 = LINE('',#13771,#13772);
#13771 = CARTESIAN_POINT('',(-6.28318530718,0.));
#13772 = VECTOR('',#13773,1.);
#13773 = DIRECTION('',(-0.,-1.));
#13774 = ( GEOMETRIC_REPRESENTATION_CONTEXT(2) 
PARAMETRIC_REPRESENTATION_CONTEXT() REPRESENTATION_CONTEXT('2D SPACE',''
  ) );
#13775 = ORIENTED_EDGE('',*,*,#13776,.T.);
#13776 = EDGE_CURVE('',#13754,#13754,#13777,.T.);
#13777 = SURFACE_CURVE('',#13778,(#13783,#13790),.PCURVE_S1.);
#13778 = CIRCLE('',#13779,4.);
#13779 = AXIS2_PLACEMENT_3D('',#13780,#13781,#13782);
#13780 = CARTESIAN_POINT('',(-4.5,-8.138799051457,16.413458505362));
#13781 = DIRECTION('',(0.,-0.141421356237,0.989949493661));
#13782 = DIRECTION('',(1.,0.,0.));
#13783 = PCURVE('',#10168,#13784);
#13784 = DEFINITIONAL_REPRESENTATION('',(#13785),#13789);
#13785 = LINE('',#13786,#13787);
#13786 = CARTESIAN_POINT('',(-0.,-3.5));
#13787 = VECTOR('',#13788,1.);
#13788 = DIRECTION('',(-1.,0.));
#13789 = ( GEOMETRIC_REPRESENTATION_CONTEXT(2) 
PARAMETRIC_REPRESENTATION_CONTEXT() REPRESENTATION_CONTEXT('2D SPACE',''
  ) );
#13790 = PCURVE('',#13791,#13796);
#13791 = PLANE('',#13792);
#13792 = AXIS2_PLACEMENT_3D('',#13793,#13794,#13795);
#13793 = CARTESIAN_POINT('',(-4.5,-8.138799051457,16.413458505362));
#13794 = DIRECTION('',(0.,-0.141421356237,0.989949493661));
#13795 = DIRECTION('',(1.,0.,0.));
#13796 = DEFINITIONAL_REPRESENTATION('',(#13797),#13801);
#13797 = CIRCLE('',#13798,4.);
#13798 = AXIS2_PLACEMENT_2D('',#13799,#13800);
#13799 = CARTESIAN_POINT('',(0.,0.));
#13800 = DIRECTION('',(1.,0.));
#13801 = ( GEOMETRIC_REPRESENTATION_CONTEXT(2) 
PARAMETRIC_REPRESENTATION_CONTEXT() REPRESENTATION_CONTEXT('2D SPACE',''
  ) );
#13802 = ORIENTED_EDGE('',*,*,#13753,.F.);
#13803 = ORIENTED_EDGE('',*,*,#10151,.F.);
#13804 = ADVANCED_FACE('',(#13805),#10199,.T.);
#13805 = FACE_BOUND('',#13806,.F.);
#13806 = EDGE_LOOP('',(#13807,#13830,#13857,#13858));
#13807 = ORIENTED_EDGE('',*,*,#13808,.T.);
#13808 = EDGE_CURVE('',#10183,#13809,#13811,.T.);
#13809 = VERTEX_POINT('',#13810);
#13810 = CARTESIAN_POINT('',(14.75,58.548441482246,24.424978336206));
#13811 = SEAM_CURVE('',#13812,(#13816,#13823),.PCURVE_S1.);
#13812 = LINE('',#13813,#13814);
#13813 = CARTESIAN_POINT('',(14.75,58.831284194721,22.445079348883));
#13814 = VECTOR('',#13815,1.);
#13815 = DIRECTION('',(0.,-0.141421356237,0.989949493661));
#13816 = PCURVE('',#10199,#13817);
#13817 = DEFINITIONAL_REPRESENTATION('',(#13818),#13822);
#13818 = LINE('',#13819,#13820);
#13819 = CARTESIAN_POINT('',(-0.,0.));
#13820 = VECTOR('',#13821,1.);
#13821 = DIRECTION('',(-0.,-1.));
#13822 = ( GEOMETRIC_REPRESENTATION_CONTEXT(2) 
PARAMETRIC_REPRESENTATION_CONTEXT() REPRESENTATION_CONTEXT('2D SPACE',''
  ) );
#13823 = PCURVE('',#10199,#13824);
#13824 = DEFINITIONAL_REPRESENTATION('',(#13825),#13829);
#13825 = LINE('',#13826,#13827);
#13826 = CARTESIAN_POINT('',(-6.28318530718,0.));
#13827 = VECTOR('',#13828,1.);
#13828 = DIRECTION('',(-0.,-1.));
#13829 = ( GEOMETRIC_REPRESENTATION_CONTEXT(2) 
PARAMETRIC_REPRESENTATION_CONTEXT() REPRESENTATION_CONTEXT('2D SPACE',''
  ) );
#13830 = ORIENTED_EDGE('',*,*,#13831,.T.);
#13831 = EDGE_CURVE('',#13809,#13809,#13832,.T.);
#13832 = SURFACE_CURVE('',#13833,(#13838,#13845),.PCURVE_S1.);
#13833 = CIRCLE('',#13834,2.75);
#13834 = AXIS2_PLACEMENT_3D('',#13835,#13836,#13837);
#13835 = CARTESIAN_POINT('',(12.,58.548441482246,24.424978336206));
#13836 = DIRECTION('',(0.,-0.141421356237,0.989949493661));
#13837 = DIRECTION('',(1.,0.,0.));
#13838 = PCURVE('',#10199,#13839);
#13839 = DEFINITIONAL_REPRESENTATION('',(#13840),#13844);
#13840 = LINE('',#13841,#13842);
#13841 = CARTESIAN_POINT('',(-0.,-2.));
#13842 = VECTOR('',#13843,1.);
#13843 = DIRECTION('',(-1.,0.));
#13844 = ( GEOMETRIC_REPRESENTATION_CONTEXT(2) 
PARAMETRIC_REPRESENTATION_CONTEXT() REPRESENTATION_CONTEXT('2D SPACE',''
  ) );
#13845 = PCURVE('',#13846,#13851);
#13846 = PLANE('',#13847);
#13847 = AXIS2_PLACEMENT_3D('',#13848,#13849,#13850);
#13848 = CARTESIAN_POINT('',(12.,58.548441482246,24.424978336206));
#13849 = DIRECTION('',(0.,-0.141421356237,0.989949493661));
#13850 = DIRECTION('',(1.,0.,0.));
#13851 = DEFINITIONAL_REPRESENTATION('',(#13852),#13856);
#13852 = CIRCLE('',#13853,2.75);
#13853 = AXIS2_PLACEMENT_2D('',#13854,#13855);
#13854 = CARTESIAN_POINT('',(1.864691089826E-16,1.122592899218E-16));
#13855 = DIRECTION('',(1.,0.));
#13856 = ( GEOMETRIC_REPRESENTATION_CONTEXT(2) 
PARAMETRIC_REPRESENTATION_CONTEXT() REPRESENTATION_CONTEXT('2D SPACE',''
  ) );
#13857 = ORIENTED_EDGE('',*,*,#13808,.F.);
#13858 = ORIENTED_EDGE('',*,*,#10182,.F.);
#13859 = ADVANCED_FACE('',(#13860),#10230,.T.);
#13860 = FACE_BOUND('',#13861,.F.);
#13861 = EDGE_LOOP('',(#13862,#13885,#13912,#13913));
#13862 = ORIENTED_EDGE('',*,*,#13863,.T.);
#13863 = EDGE_CURVE('',#10214,#13864,#13866,.T.);
#13864 = VERTEX_POINT('',#13865);
#13865 = CARTESIAN_POINT('',(14.75,34.789653634378,21.03086578651));
#13866 = SEAM_CURVE('',#13867,(#13871,#13878),.PCURVE_S1.);
#13867 = LINE('',#13868,#13869);
#13868 = CARTESIAN_POINT('',(14.75,35.072496346853,19.050966799188));
#13869 = VECTOR('',#13870,1.);
#13870 = DIRECTION('',(0.,-0.141421356237,0.989949493661));
#13871 = PCURVE('',#10230,#13872);
#13872 = DEFINITIONAL_REPRESENTATION('',(#13873),#13877);
#13873 = LINE('',#13874,#13875);
#13874 = CARTESIAN_POINT('',(-0.,0.));
#13875 = VECTOR('',#13876,1.);
#13876 = DIRECTION('',(-0.,-1.));
#13877 = ( GEOMETRIC_REPRESENTATION_CONTEXT(2) 
PARAMETRIC_REPRESENTATION_CONTEXT() REPRESENTATION_CONTEXT('2D SPACE',''
  ) );
#13878 = PCURVE('',#10230,#13879);
#13879 = DEFINITIONAL_REPRESENTATION('',(#13880),#13884);
#13880 = LINE('',#13881,#13882);
#13881 = CARTESIAN_POINT('',(-6.28318530718,0.));
#13882 = VECTOR('',#13883,1.);
#13883 = DIRECTION('',(-0.,-1.));
#13884 = ( GEOMETRIC_REPRESENTATION_CONTEXT(2) 
PARAMETRIC_REPRESENTATION_CONTEXT() REPRESENTATION_CONTEXT('2D SPACE',''
  ) );
#13885 = ORIENTED_EDGE('',*,*,#13886,.T.);
#13886 = EDGE_CURVE('',#13864,#13864,#13887,.T.);
#13887 = SURFACE_CURVE('',#13888,(#13893,#13900),.PCURVE_S1.);
#13888 = CIRCLE('',#13889,2.75);
#13889 = AXIS2_PLACEMENT_3D('',#13890,#13891,#13892);
#13890 = CARTESIAN_POINT('',(12.,34.789653634378,21.03086578651));
#13891 = DIRECTION('',(0.,-0.141421356237,0.989949493661));
#13892 = DIRECTION('',(1.,0.,0.));
#13893 = PCURVE('',#10230,#13894);
#13894 = DEFINITIONAL_REPRESENTATION('',(#13895),#13899);
#13895 = LINE('',#13896,#13897);
#13896 = CARTESIAN_POINT('',(-0.,-2.));
#13897 = VECTOR('',#13898,1.);
#13898 = DIRECTION('',(-1.,0.));
#13899 = ( GEOMETRIC_REPRESENTATION_CONTEXT(2) 
PARAMETRIC_REPRESENTATION_CONTEXT() REPRESENTATION_CONTEXT('2D SPACE',''
  ) );
#13900 = PCURVE('',#13901,#13906);
#13901 = PLANE('',#13902);
#13902 = AXIS2_PLACEMENT_3D('',#13903,#13904,#13905);
#13903 = CARTESIAN_POINT('',(12.,34.789653634378,21.03086578651));
#13904 = DIRECTION('',(0.,-0.141421356237,0.989949493661));
#13905 = DIRECTION('',(1.,0.,0.));
#13906 = DEFINITIONAL_REPRESENTATION('',(#13907),#13911);
#13907 = CIRCLE('',#13908,2.75);
#13908 = AXIS2_PLACEMENT_2D('',#13909,#13910);
#13909 = CARTESIAN_POINT('',(1.864691089826E-16,1.122592899218E-16));
#13910 = DIRECTION('',(1.,0.));
#13911 = ( GEOMETRIC_REPRESENTATION_CONTEXT(2) 
PARAMETRIC_REPRESENTATION_CONTEXT() REPRESENTATION_CONTEXT('2D SPACE',''
  ) );
#13912 = ORIENTED_EDGE('',*,*,#13863,.F.);
#13913 = ORIENTED_EDGE('',*,*,#10213,.F.);
#13914 = ADVANCED_FACE('',(#13915),#10261,.F.);
#13915 = FACE_BOUND('',#13916,.F.);
#13916 = EDGE_LOOP('',(#13917,#13940,#13941,#13964));
#13917 = ORIENTED_EDGE('',*,*,#13918,.F.);
#13918 = EDGE_CURVE('',#10245,#13919,#13921,.T.);
#13919 = VERTEX_POINT('',#13920);
#13920 = CARTESIAN_POINT('',(45.5,25.,34.880952380952));
#13921 = SURFACE_CURVE('',#13922,(#13926,#13933),.PCURVE_S1.);
#13922 = LINE('',#13923,#13924);
#13923 = CARTESIAN_POINT('',(45.5,25.,10.));
#13924 = VECTOR('',#13925,1.);
#13925 = DIRECTION('',(0.,0.,1.));
#13926 = PCURVE('',#10261,#13927);
#13927 = DEFINITIONAL_REPRESENTATION('',(#13928),#13932);
#13928 = LINE('',#13929,#13930);
#13929 = CARTESIAN_POINT('',(0.,8.5));
#13930 = VECTOR('',#13931,1.);
#13931 = DIRECTION('',(1.,0.));
#13932 = ( GEOMETRIC_REPRESENTATION_CONTEXT(2) 
PARAMETRIC_REPRESENTATION_CONTEXT() REPRESENTATION_CONTEXT('2D SPACE',''
  ) );
#13933 = PCURVE('',#10337,#13934);
#13934 = DEFINITIONAL_REPRESENTATION('',(#13935),#13939);
#13935 = LINE('',#13936,#13937);
#13936 = CARTESIAN_POINT('',(0.,0.));
#13937 = VECTOR('',#13938,1.);
#13938 = DIRECTION('',(1.,0.));
#13939 = ( GEOMETRIC_REPRESENTATION_CONTEXT(2) 
PARAMETRIC_REPRESENTATION_CONTEXT() REPRESENTATION_CONTEXT('2D SPACE',''
  ) );
#13940 = ORIENTED_EDGE('',*,*,#10244,.T.);
#13941 = ORIENTED_EDGE('',*,*,#13942,.T.);
#13942 = EDGE_CURVE('',#10247,#13943,#13945,.T.);
#13943 = VERTEX_POINT('',#13944);
#13944 = CARTESIAN_POINT('',(37.,25.,34.880952380952));
#13945 = SURFACE_CURVE('',#13946,(#13950,#13957),.PCURVE_S1.);
#13946 = LINE('',#13947,#13948);
#13947 = CARTESIAN_POINT('',(37.,25.,10.));
#13948 = VECTOR('',#13949,1.);
#13949 = DIRECTION('',(0.,0.,1.));
#13950 = PCURVE('',#10261,#13951);
#13951 = DEFINITIONAL_REPRESENTATION('',(#13952),#13956);
#13952 = LINE('',#13953,#13954);
#13953 = CARTESIAN_POINT('',(0.,0.));
#13954 = VECTOR('',#13955,1.);
#13955 = DIRECTION('',(1.,0.));
#13956 = ( GEOMETRIC_REPRESENTATION_CONTEXT(2) 
PARAMETRIC_REPRESENTATION_CONTEXT() REPRESENTATION_CONTEXT('2D SPACE',''
  ) );
#13957 = PCURVE('',#10287,#13958);
#13958 = DEFINITIONAL_REPRESENTATION('',(#13959),#13963);
#13959 = LINE('',#13960,#13961);
#13960 = CARTESIAN_POINT('',(0.,0.));
#13961 = VECTOR('',#13962,1.);
#13962 = DIRECTION('',(1.,0.));
#13963 = ( GEOMETRIC_REPRESENTATION_CONTEXT(2) 
PARAMETRIC_REPRESENTATION_CONTEXT() REPRESENTATION_CONTEXT('2D SPACE',''
  ) );
#13964 = ORIENTED_EDGE('',*,*,#13965,.T.);
#13965 = EDGE_CURVE('',#13943,#13919,#13966,.T.);
#13966 = SURFACE_CURVE('',#13967,(#13971,#13977),.PCURVE_S1.);
#13967 = LINE('',#13968,#13969);
#13968 = CARTESIAN_POINT('',(18.5,25.,34.880952380952));
#13969 = VECTOR('',#13970,1.);
#13970 = DIRECTION('',(1.,0.,-0.));
#13971 = PCURVE('',#10261,#13972);
#13972 = DEFINITIONAL_REPRESENTATION('',(#13973),#13976);
#13973 = B_SPLINE_CURVE_WITH_KNOTS('',1,(#13974,#13975),.UNSPECIFIED.,
  .F.,.F.,(2,2),(18.5,27.),.PIECEWISE_BEZIER_KNOTS.);
#13974 = CARTESIAN_POINT('',(24.880952380952,0.));
#13975 = CARTESIAN_POINT('',(24.880952380952,8.5));
#13976 = ( GEOMETRIC_REPRESENTATION_CONTEXT(2) 
PARAMETRIC_REPRESENTATION_CONTEXT() REPRESENTATION_CONTEXT('2D SPACE',''
  ) );
#13977 = PCURVE('',#13978,#13983);
#13978 = PLANE('',#13979);
#13979 = AXIS2_PLACEMENT_3D('',#13980,#13981,#13982);
#13980 = CARTESIAN_POINT('',(0.,140.,65.));
#13981 = DIRECTION('',(0.,-0.253359391838,0.96737222338));
#13982 = DIRECTION('',(0.,-0.96737222338,-0.253359391838));
#13983 = DEFINITIONAL_REPRESENTATION('',(#13984),#13987);
#13984 = B_SPLINE_CURVE_WITH_KNOTS('',1,(#13985,#13986),.UNSPECIFIED.,
  .F.,.F.,(2,2),(18.5,27.),.PIECEWISE_BEZIER_KNOTS.);
#13985 = CARTESIAN_POINT('',(118.87874927622,37.));
#13986 = CARTESIAN_POINT('',(118.87874927622,45.5));
#13987 = ( GEOMETRIC_REPRESENTATION_CONTEXT(2) 
PARAMETRIC_REPRESENTATION_CONTEXT() REPRESENTATION_CONTEXT('2D SPACE',''
  ) );
#13988 = ADVANCED_FACE('',(#13989),#10287,.F.);
#13989 = FACE_BOUND('',#13990,.F.);
#13990 = EDGE_LOOP('',(#13991,#13992,#13993,#14016,#14044,#14070,#14096,
    #14122));
#13991 = ORIENTED_EDGE('',*,*,#13942,.F.);
#13992 = ORIENTED_EDGE('',*,*,#10272,.T.);
#13993 = ORIENTED_EDGE('',*,*,#13994,.T.);
#13994 = EDGE_CURVE('',#10273,#13995,#13997,.T.);
#13995 = VERTEX_POINT('',#13996);
#13996 = CARTESIAN_POINT('',(37.,39.,36.714285714286));
#13997 = SURFACE_CURVE('',#13998,(#14002,#14009),.PCURVE_S1.);
#13998 = LINE('',#13999,#14000);
#13999 = CARTESIAN_POINT('',(37.,39.,10.));
#14000 = VECTOR('',#14001,1.);
#14001 = DIRECTION('',(0.,0.,1.));
#14002 = PCURVE('',#10287,#14003);
#14003 = DEFINITIONAL_REPRESENTATION('',(#14004),#14008);
#14004 = LINE('',#14005,#14006);
#14005 = CARTESIAN_POINT('',(0.,-14.));
#14006 = VECTOR('',#14007,1.);
#14007 = DIRECTION('',(1.,0.));
#14008 = ( GEOMETRIC_REPRESENTATION_CONTEXT(2) 
PARAMETRIC_REPRESENTATION_CONTEXT() REPRESENTATION_CONTEXT('2D SPACE',''
  ) );
#14009 = PCURVE('',#10313,#14010);
#14010 = DEFINITIONAL_REPRESENTATION('',(#14011),#14015);
#14011 = LINE('',#14012,#14013);
#14012 = CARTESIAN_POINT('',(0.,0.));
#14013 = VECTOR('',#14014,1.);
#14014 = DIRECTION('',(1.,0.));
#14015 = ( GEOMETRIC_REPRESENTATION_CONTEXT(2) 
PARAMETRIC_REPRESENTATION_CONTEXT() REPRESENTATION_CONTEXT('2D SPACE',''
  ) );
#14016 = ORIENTED_EDGE('',*,*,#14017,.F.);
#14017 = EDGE_CURVE('',#14018,#13995,#14020,.T.);
#14018 = VERTEX_POINT('',#14019);
#14019 = CARTESIAN_POINT('',(37.,32.8,36.714285714286));
#14020 = SURFACE_CURVE('',#14021,(#14025,#14032),.PCURVE_S1.);
#14021 = LINE('',#14022,#14023);
#14022 = CARTESIAN_POINT('',(37.,25.,36.714285714286));
#14023 = VECTOR('',#14024,1.);
#14024 = DIRECTION('',(0.,1.,0.));
#14025 = PCURVE('',#10287,#14026);
#14026 = DEFINITIONAL_REPRESENTATION('',(#14027),#14031);
#14027 = LINE('',#14028,#14029);
#14028 = CARTESIAN_POINT('',(26.714285714286,0.));
#14029 = VECTOR('',#14030,1.);
#14030 = DIRECTION('',(0.,-1.));
#14031 = ( GEOMETRIC_REPRESENTATION_CONTEXT(2) 
PARAMETRIC_REPRESENTATION_CONTEXT() REPRESENTATION_CONTEXT('2D SPACE',''
  ) );
#14032 = PCURVE('',#14033,#14038);
#14033 = PLANE('',#14034);
#14034 = AXIS2_PLACEMENT_3D('',#14035,#14036,#14037);
#14035 = CARTESIAN_POINT('',(37.,25.,36.714285714286));
#14036 = DIRECTION('',(0.,0.,1.));
#14037 = DIRECTION('',(1.,0.,0.));
#14038 = DEFINITIONAL_REPRESENTATION('',(#14039),#14043);
#14039 = LINE('',#14040,#14041);
#14040 = CARTESIAN_POINT('',(0.,0.));
#14041 = VECTOR('',#14042,1.);
#14042 = DIRECTION('',(0.,1.));
#14043 = ( GEOMETRIC_REPRESENTATION_CONTEXT(2) 
PARAMETRIC_REPRESENTATION_CONTEXT() REPRESENTATION_CONTEXT('2D SPACE',''
  ) );
#14044 = ORIENTED_EDGE('',*,*,#14045,.F.);
#14045 = EDGE_CURVE('',#14046,#14018,#14048,.T.);
#14046 = VERTEX_POINT('',#14047);
#14047 = CARTESIAN_POINT('',(37.,32.8,24.5));
#14048 = SURFACE_CURVE('',#14049,(#14053,#14059),.PCURVE_S1.);
#14049 = LINE('',#14050,#14051);
#14050 = CARTESIAN_POINT('',(37.,32.8,17.25));
#14051 = VECTOR('',#14052,1.);
#14052 = DIRECTION('',(0.,0.,1.));
#14053 = PCURVE('',#10287,#14054);
#14054 = DEFINITIONAL_REPRESENTATION('',(#14055),#14058);
#14055 = B_SPLINE_CURVE_WITH_KNOTS('',1,(#14056,#14057),.UNSPECIFIED.,
  .F.,.F.,(2,2),(7.25,19.464285714286),.PIECEWISE_BEZIER_KNOTS.);
#14056 = CARTESIAN_POINT('',(14.5,-7.8));
#14057 = CARTESIAN_POINT('',(26.714285714286,-7.8));
#14058 = ( GEOMETRIC_REPRESENTATION_CONTEXT(2) 
PARAMETRIC_REPRESENTATION_CONTEXT() REPRESENTATION_CONTEXT('2D SPACE',''
  ) );
#14059 = PCURVE('',#14060,#14065);
#14060 = PLANE('',#14061);
#14061 = AXIS2_PLACEMENT_3D('',#14062,#14063,#14064);
#14062 = CARTESIAN_POINT('',(36.,32.8,24.5));
#14063 = DIRECTION('',(0.,1.,0.));
#14064 = DIRECTION('',(0.,0.,1.));
#14065 = DEFINITIONAL_REPRESENTATION('',(#14066),#14069);
#14066 = B_SPLINE_CURVE_WITH_KNOTS('',1,(#14067,#14068),.UNSPECIFIED.,
  .F.,.F.,(2,2),(7.25,19.464285714286),.PIECEWISE_BEZIER_KNOTS.);
#14067 = CARTESIAN_POINT('',(0.,1.));
#14068 = CARTESIAN_POINT('',(12.214285714286,1.));
#14069 = ( GEOMETRIC_REPRESENTATION_CONTEXT(2) 
PARAMETRIC_REPRESENTATION_CONTEXT() REPRESENTATION_CONTEXT('2D SPACE',''
  ) );
#14070 = ORIENTED_EDGE('',*,*,#14071,.T.);
#14071 = EDGE_CURVE('',#14046,#14072,#14074,.T.);
#14072 = VERTEX_POINT('',#14073);
#14073 = CARTESIAN_POINT('',(37.,31.2,24.5));
#14074 = SURFACE_CURVE('',#14075,(#14079,#14085),.PCURVE_S1.);
#14075 = LINE('',#14076,#14077);
#14076 = CARTESIAN_POINT('',(37.,28.1,24.5));
#14077 = VECTOR('',#14078,1.);
#14078 = DIRECTION('',(0.,-1.,0.));
#14079 = PCURVE('',#10287,#14080);
#14080 = DEFINITIONAL_REPRESENTATION('',(#14081),#14084);
#14081 = B_SPLINE_CURVE_WITH_KNOTS('',1,(#14082,#14083),.UNSPECIFIED.,
  .F.,.F.,(2,2),(-4.7,-3.1),.PIECEWISE_BEZIER_KNOTS.);
#14082 = CARTESIAN_POINT('',(14.5,-7.8));
#14083 = CARTESIAN_POINT('',(14.5,-6.2));
#14084 = ( GEOMETRIC_REPRESENTATION_CONTEXT(2) 
PARAMETRIC_REPRESENTATION_CONTEXT() REPRESENTATION_CONTEXT('2D SPACE',''
  ) );
#14085 = PCURVE('',#14086,#14091);
#14086 = PLANE('',#14087);
#14087 = AXIS2_PLACEMENT_3D('',#14088,#14089,#14090);
#14088 = CARTESIAN_POINT('',(36.,31.2,24.5));
#14089 = DIRECTION('',(0.,0.,1.));
#14090 = DIRECTION('',(1.,0.,0.));
#14091 = DEFINITIONAL_REPRESENTATION('',(#14092),#14095);
#14092 = B_SPLINE_CURVE_WITH_KNOTS('',1,(#14093,#14094),.UNSPECIFIED.,
  .F.,.F.,(2,2),(-4.7,-3.1),.PIECEWISE_BEZIER_KNOTS.);
#14093 = CARTESIAN_POINT('',(1.,1.6));
#14094 = CARTESIAN_POINT('',(1.,0.));
#14095 = ( GEOMETRIC_REPRESENTATION_CONTEXT(2) 
PARAMETRIC_REPRESENTATION_CONTEXT() REPRESENTATION_CONTEXT('2D SPACE',''
  ) );
#14096 = ORIENTED_EDGE('',*,*,#14097,.T.);
#14097 = EDGE_CURVE('',#14072,#14098,#14100,.T.);
#14098 = VERTEX_POINT('',#14099);
#14099 = CARTESIAN_POINT('',(37.,31.2,36.504761904762));
#14100 = SURFACE_CURVE('',#14101,(#14105,#14111),.PCURVE_S1.);
#14101 = LINE('',#14102,#14103);
#14102 = CARTESIAN_POINT('',(37.,31.2,17.25));
#14103 = VECTOR('',#14104,1.);
#14104 = DIRECTION('',(0.,0.,1.));
#14105 = PCURVE('',#10287,#14106);
#14106 = DEFINITIONAL_REPRESENTATION('',(#14107),#14110);
#14107 = B_SPLINE_CURVE_WITH_KNOTS('',1,(#14108,#14109),.UNSPECIFIED.,
  .F.,.F.,(2,2),(7.25,19.464285714286),.PIECEWISE_BEZIER_KNOTS.);
#14108 = CARTESIAN_POINT('',(14.5,-6.2));
#14109 = CARTESIAN_POINT('',(26.714285714286,-6.2));
#14110 = ( GEOMETRIC_REPRESENTATION_CONTEXT(2) 
PARAMETRIC_REPRESENTATION_CONTEXT() REPRESENTATION_CONTEXT('2D SPACE',''
  ) );
#14111 = PCURVE('',#14112,#14117);
#14112 = PLANE('',#14113);
#14113 = AXIS2_PLACEMENT_3D('',#14114,#14115,#14116);
#14114 = CARTESIAN_POINT('',(36.,31.2,24.5));
#14115 = DIRECTION('',(0.,1.,0.));
#14116 = DIRECTION('',(0.,0.,1.));
#14117 = DEFINITIONAL_REPRESENTATION('',(#14118),#14121);
#14118 = B_SPLINE_CURVE_WITH_KNOTS('',1,(#14119,#14120),.UNSPECIFIED.,
  .F.,.F.,(2,2),(7.25,19.464285714286),.PIECEWISE_BEZIER_KNOTS.);
#14119 = CARTESIAN_POINT('',(0.,1.));
#14120 = CARTESIAN_POINT('',(12.214285714286,1.));
#14121 = ( GEOMETRIC_REPRESENTATION_CONTEXT(2) 
PARAMETRIC_REPRESENTATION_CONTEXT() REPRESENTATION_CONTEXT('2D SPACE',''
  ) );
#14122 = ORIENTED_EDGE('',*,*,#14123,.T.);
#14123 = EDGE_CURVE('',#14098,#13943,#14124,.T.);
#14124 = SURFACE_CURVE('',#14125,(#14129,#14135),.PCURVE_S1.);
#14125 = LINE('',#14126,#14127);
#14126 = CARTESIAN_POINT('',(37.,79.450928381963,49.141909814324));
#14127 = VECTOR('',#14128,1.);
#14128 = DIRECTION('',(0.,-0.96737222338,-0.253359391838));
#14129 = PCURVE('',#10287,#14130);
#14130 = DEFINITIONAL_REPRESENTATION('',(#14131),#14134);
#14131 = B_SPLINE_CURVE_WITH_KNOTS('',1,(#14132,#14133),.UNSPECIFIED.,
  .F.,.F.,(2,2),(49.051365374289,56.28746315632),
  .PIECEWISE_BEZIER_KNOTS.);
#14132 = CARTESIAN_POINT('',(26.714285714286,-7.));
#14133 = CARTESIAN_POINT('',(24.880952380952,0.));
#14134 = ( GEOMETRIC_REPRESENTATION_CONTEXT(2) 
PARAMETRIC_REPRESENTATION_CONTEXT() REPRESENTATION_CONTEXT('2D SPACE',''
  ) );
#14135 = PCURVE('',#13978,#14136);
#14136 = DEFINITIONAL_REPRESENTATION('',(#14137),#14140);
#14137 = B_SPLINE_CURVE_WITH_KNOTS('',1,(#14138,#14139),.UNSPECIFIED.,
  .F.,.F.,(2,2),(49.051365374289,56.28746315632),
  .PIECEWISE_BEZIER_KNOTS.);
#14138 = CARTESIAN_POINT('',(111.64265149419,37.));
#14139 = CARTESIAN_POINT('',(118.87874927622,37.));
#14140 = ( GEOMETRIC_REPRESENTATION_CONTEXT(2) 
PARAMETRIC_REPRESENTATION_CONTEXT() REPRESENTATION_CONTEXT('2D SPACE',''
  ) );
#14141 = ADVANCED_FACE('',(#14142),#10313,.T.);
#14142 = FACE_BOUND('',#14143,.T.);
#14143 = EDGE_LOOP('',(#14144,#14167,#14168,#14169));
#14144 = ORIENTED_EDGE('',*,*,#14145,.F.);
#14145 = EDGE_CURVE('',#10299,#14146,#14148,.T.);
#14146 = VERTEX_POINT('',#14147);
#14147 = CARTESIAN_POINT('',(45.5,39.,36.714285714286));
#14148 = SURFACE_CURVE('',#14149,(#14153,#14160),.PCURVE_S1.);
#14149 = LINE('',#14150,#14151);
#14150 = CARTESIAN_POINT('',(45.5,39.,10.));
#14151 = VECTOR('',#14152,1.);
#14152 = DIRECTION('',(0.,0.,1.));
#14153 = PCURVE('',#10313,#14154);
#14154 = DEFINITIONAL_REPRESENTATION('',(#14155),#14159);
#14155 = LINE('',#14156,#14157);
#14156 = CARTESIAN_POINT('',(0.,8.5));
#14157 = VECTOR('',#14158,1.);
#14158 = DIRECTION('',(1.,0.));
#14159 = ( GEOMETRIC_REPRESENTATION_CONTEXT(2) 
PARAMETRIC_REPRESENTATION_CONTEXT() REPRESENTATION_CONTEXT('2D SPACE',''
  ) );
#14160 = PCURVE('',#10337,#14161);
#14161 = DEFINITIONAL_REPRESENTATION('',(#14162),#14166);
#14162 = LINE('',#14163,#14164);
#14163 = CARTESIAN_POINT('',(0.,-14.));
#14164 = VECTOR('',#14165,1.);
#14165 = DIRECTION('',(1.,0.));
#14166 = ( GEOMETRIC_REPRESENTATION_CONTEXT(2) 
PARAMETRIC_REPRESENTATION_CONTEXT() REPRESENTATION_CONTEXT('2D SPACE',''
  ) );
#14167 = ORIENTED_EDGE('',*,*,#10298,.T.);
#14168 = ORIENTED_EDGE('',*,*,#13994,.T.);
#14169 = ORIENTED_EDGE('',*,*,#14170,.T.);
#14170 = EDGE_CURVE('',#13995,#14146,#14171,.T.);
#14171 = SURFACE_CURVE('',#14172,(#14176,#14183),.PCURVE_S1.);
#14172 = LINE('',#14173,#14174);
#14173 = CARTESIAN_POINT('',(37.,39.,36.714285714286));
#14174 = VECTOR('',#14175,1.);
#14175 = DIRECTION('',(1.,0.,0.));
#14176 = PCURVE('',#10313,#14177);
#14177 = DEFINITIONAL_REPRESENTATION('',(#14178),#14182);
#14178 = LINE('',#14179,#14180);
#14179 = CARTESIAN_POINT('',(26.714285714286,0.));
#14180 = VECTOR('',#14181,1.);
#14181 = DIRECTION('',(0.,1.));
#14182 = ( GEOMETRIC_REPRESENTATION_CONTEXT(2) 
PARAMETRIC_REPRESENTATION_CONTEXT() REPRESENTATION_CONTEXT('2D SPACE',''
  ) );
#14183 = PCURVE('',#14033,#14184);
#14184 = DEFINITIONAL_REPRESENTATION('',(#14185),#14189);
#14185 = LINE('',#14186,#14187);
#14186 = CARTESIAN_POINT('',(0.,14.));
#14187 = VECTOR('',#14188,1.);
#14188 = DIRECTION('',(1.,0.));
#14189 = ( GEOMETRIC_REPRESENTATION_CONTEXT(2) 
PARAMETRIC_REPRESENTATION_CONTEXT() REPRESENTATION_CONTEXT('2D SPACE',''
  ) );
#14190 = ADVANCED_FACE('',(#14191),#10337,.T.);
#14191 = FACE_BOUND('',#14192,.T.);
#14192 = EDGE_LOOP('',(#14193,#14194,#14195,#14196,#14219,#14245,#14274,
    #14300));
#14193 = ORIENTED_EDGE('',*,*,#13918,.F.);
#14194 = ORIENTED_EDGE('',*,*,#10324,.T.);
#14195 = ORIENTED_EDGE('',*,*,#14145,.T.);
#14196 = ORIENTED_EDGE('',*,*,#14197,.F.);
#14197 = EDGE_CURVE('',#14198,#14146,#14200,.T.);
#14198 = VERTEX_POINT('',#14199);
#14199 = CARTESIAN_POINT('',(45.5,34.7,36.714285714286));
#14200 = SURFACE_CURVE('',#14201,(#14205,#14212),.PCURVE_S1.);
#14201 = LINE('',#14202,#14203);
#14202 = CARTESIAN_POINT('',(45.5,25.,36.714285714286));
#14203 = VECTOR('',#14204,1.);
#14204 = DIRECTION('',(0.,1.,0.));
#14205 = PCURVE('',#10337,#14206);
#14206 = DEFINITIONAL_REPRESENTATION('',(#14207),#14211);
#14207 = LINE('',#14208,#14209);
#14208 = CARTESIAN_POINT('',(26.714285714286,0.));
#14209 = VECTOR('',#14210,1.);
#14210 = DIRECTION('',(0.,-1.));
#14211 = ( GEOMETRIC_REPRESENTATION_CONTEXT(2) 
PARAMETRIC_REPRESENTATION_CONTEXT() REPRESENTATION_CONTEXT('2D SPACE',''
  ) );
#14212 = PCURVE('',#14033,#14213);
#14213 = DEFINITIONAL_REPRESENTATION('',(#14214),#14218);
#14214 = LINE('',#14215,#14216);
#14215 = CARTESIAN_POINT('',(8.5,0.));
#14216 = VECTOR('',#14217,1.);
#14217 = DIRECTION('',(0.,1.));
#14218 = ( GEOMETRIC_REPRESENTATION_CONTEXT(2) 
PARAMETRIC_REPRESENTATION_CONTEXT() REPRESENTATION_CONTEXT('2D SPACE',''
  ) );
#14219 = ORIENTED_EDGE('',*,*,#14220,.F.);
#14220 = EDGE_CURVE('',#14221,#14198,#14223,.T.);
#14221 = VERTEX_POINT('',#14222);
#14222 = CARTESIAN_POINT('',(45.5,34.7,28.));
#14223 = SURFACE_CURVE('',#14224,(#14228,#14234),.PCURVE_S1.);
#14224 = LINE('',#14225,#14226);
#14225 = CARTESIAN_POINT('',(45.5,34.7,19.));
#14226 = VECTOR('',#14227,1.);
#14227 = DIRECTION('',(0.,0.,1.));
#14228 = PCURVE('',#10337,#14229);
#14229 = DEFINITIONAL_REPRESENTATION('',(#14230),#14233);
#14230 = B_SPLINE_CURVE_WITH_KNOTS('',1,(#14231,#14232),.UNSPECIFIED.,
  .F.,.F.,(2,2),(9.,17.714285714286),.PIECEWISE_BEZIER_KNOTS.);
#14231 = CARTESIAN_POINT('',(18.,-9.7));
#14232 = CARTESIAN_POINT('',(26.714285714286,-9.7));
#14233 = ( GEOMETRIC_REPRESENTATION_CONTEXT(2) 
PARAMETRIC_REPRESENTATION_CONTEXT() REPRESENTATION_CONTEXT('2D SPACE',''
  ) );
#14234 = PCURVE('',#14235,#14240);
#14235 = PLANE('',#14236);
#14236 = AXIS2_PLACEMENT_3D('',#14237,#14238,#14239);
#14237 = CARTESIAN_POINT('',(44.7,34.7,28.));
#14238 = DIRECTION('',(0.,1.,0.));
#14239 = DIRECTION('',(0.,0.,1.));
#14240 = DEFINITIONAL_REPRESENTATION('',(#14241),#14244);
#14241 = B_SPLINE_CURVE_WITH_KNOTS('',1,(#14242,#14243),.UNSPECIFIED.,
  .F.,.F.,(2,2),(9.,17.714285714286),.PIECEWISE_BEZIER_KNOTS.);
#14242 = CARTESIAN_POINT('',(0.,0.8));
#14243 = CARTESIAN_POINT('',(8.714285714286,0.8));
#14244 = ( GEOMETRIC_REPRESENTATION_CONTEXT(2) 
PARAMETRIC_REPRESENTATION_CONTEXT() REPRESENTATION_CONTEXT('2D SPACE',''
  ) );
#14245 = ORIENTED_EDGE('',*,*,#14246,.F.);
#14246 = EDGE_CURVE('',#14247,#14221,#14249,.T.);
#14247 = VERTEX_POINT('',#14248);
#14248 = CARTESIAN_POINT('',(45.5,29.3,28.));
#14249 = SURFACE_CURVE('',#14250,(#14255,#14262),.PCURVE_S1.);
#14250 = CIRCLE('',#14251,2.7);
#14251 = AXIS2_PLACEMENT_3D('',#14252,#14253,#14254);
#14252 = CARTESIAN_POINT('',(45.5,32.,28.));
#14253 = DIRECTION('',(1.,0.,2.22044604925E-16));
#14254 = DIRECTION('',(2.22044604925E-16,0.,-1.));
#14255 = PCURVE('',#10337,#14256);
#14256 = DEFINITIONAL_REPRESENTATION('',(#14257),#14261);
#14257 = CIRCLE('',#14258,2.7);
#14258 = AXIS2_PLACEMENT_2D('',#14259,#14260);
#14259 = CARTESIAN_POINT('',(18.,-7.));
#14260 = DIRECTION('',(-1.,0.));
#14261 = ( GEOMETRIC_REPRESENTATION_CONTEXT(2) 
PARAMETRIC_REPRESENTATION_CONTEXT() REPRESENTATION_CONTEXT('2D SPACE',''
  ) );
#14262 = PCURVE('',#14263,#14268);
#14263 = CYLINDRICAL_SURFACE('',#14264,2.7);
#14264 = AXIS2_PLACEMENT_3D('',#14265,#14266,#14267);
#14265 = CARTESIAN_POINT('',(44.7,32.,28.));
#14266 = DIRECTION('',(1.,0.,2.22044604925E-16));
#14267 = DIRECTION('',(2.22044604925E-16,0.,-1.));
#14268 = DEFINITIONAL_REPRESENTATION('',(#14269),#14273);
#14269 = LINE('',#14270,#14271);
#14270 = CARTESIAN_POINT('',(0.,0.8));
#14271 = VECTOR('',#14272,1.);
#14272 = DIRECTION('',(1.,0.));
#14273 = ( GEOMETRIC_REPRESENTATION_CONTEXT(2) 
PARAMETRIC_REPRESENTATION_CONTEXT() REPRESENTATION_CONTEXT('2D SPACE',''
  ) );
#14274 = ORIENTED_EDGE('',*,*,#14275,.T.);
#14275 = EDGE_CURVE('',#14247,#14276,#14278,.T.);
#14276 = VERTEX_POINT('',#14277);
#14277 = CARTESIAN_POINT('',(45.5,29.3,36.007142857143));
#14278 = SURFACE_CURVE('',#14279,(#14283,#14289),.PCURVE_S1.);
#14279 = LINE('',#14280,#14281);
#14280 = CARTESIAN_POINT('',(45.5,29.3,19.));
#14281 = VECTOR('',#14282,1.);
#14282 = DIRECTION('',(0.,0.,1.));
#14283 = PCURVE('',#10337,#14284);
#14284 = DEFINITIONAL_REPRESENTATION('',(#14285),#14288);
#14285 = B_SPLINE_CURVE_WITH_KNOTS('',1,(#14286,#14287),.UNSPECIFIED.,
  .F.,.F.,(2,2),(9.,17.714285714286),.PIECEWISE_BEZIER_KNOTS.);
#14286 = CARTESIAN_POINT('',(18.,-4.3));
#14287 = CARTESIAN_POINT('',(26.714285714286,-4.3));
#14288 = ( GEOMETRIC_REPRESENTATION_CONTEXT(2) 
PARAMETRIC_REPRESENTATION_CONTEXT() REPRESENTATION_CONTEXT('2D SPACE',''
  ) );
#14289 = PCURVE('',#14290,#14295);
#14290 = PLANE('',#14291);
#14291 = AXIS2_PLACEMENT_3D('',#14292,#14293,#14294);
#14292 = CARTESIAN_POINT('',(44.7,29.3,28.));
#14293 = DIRECTION('',(0.,1.,0.));
#14294 = DIRECTION('',(0.,0.,1.));
#14295 = DEFINITIONAL_REPRESENTATION('',(#14296),#14299);
#14296 = B_SPLINE_CURVE_WITH_KNOTS('',1,(#14297,#14298),.UNSPECIFIED.,
  .F.,.F.,(2,2),(9.,17.714285714286),.PIECEWISE_BEZIER_KNOTS.);
#14297 = CARTESIAN_POINT('',(0.,0.8));
#14298 = CARTESIAN_POINT('',(8.714285714286,0.8));
#14299 = ( GEOMETRIC_REPRESENTATION_CONTEXT(2) 
PARAMETRIC_REPRESENTATION_CONTEXT() REPRESENTATION_CONTEXT('2D SPACE',''
  ) );
#14300 = ORIENTED_EDGE('',*,*,#14301,.T.);
#14301 = EDGE_CURVE('',#14276,#13919,#14302,.T.);
#14302 = SURFACE_CURVE('',#14303,(#14307,#14313),.PCURVE_S1.);
#14303 = LINE('',#14304,#14305);
#14304 = CARTESIAN_POINT('',(45.5,79.450928381963,49.141909814324));
#14305 = VECTOR('',#14306,1.);
#14306 = DIRECTION('',(0.,-0.96737222338,-0.253359391838));
#14307 = PCURVE('',#10337,#14308);
#14308 = DEFINITIONAL_REPRESENTATION('',(#14309),#14312);
#14309 = B_SPLINE_CURVE_WITH_KNOTS('',1,(#14310,#14311),.UNSPECIFIED.,
  .F.,.F.,(2,2),(49.051365374289,56.28746315632),
  .PIECEWISE_BEZIER_KNOTS.);
#14310 = CARTESIAN_POINT('',(26.714285714286,-7.));
#14311 = CARTESIAN_POINT('',(24.880952380952,0.));
#14312 = ( GEOMETRIC_REPRESENTATION_CONTEXT(2) 
PARAMETRIC_REPRESENTATION_CONTEXT() REPRESENTATION_CONTEXT('2D SPACE',''
  ) );
#14313 = PCURVE('',#13978,#14314);
#14314 = DEFINITIONAL_REPRESENTATION('',(#14315),#14318);
#14315 = B_SPLINE_CURVE_WITH_KNOTS('',1,(#14316,#14317),.UNSPECIFIED.,
  .F.,.F.,(2,2),(49.051365374289,56.28746315632),
  .PIECEWISE_BEZIER_KNOTS.);
#14316 = CARTESIAN_POINT('',(111.64265149419,45.5));
#14317 = CARTESIAN_POINT('',(118.87874927622,45.5));
#14318 = ( GEOMETRIC_REPRESENTATION_CONTEXT(2) 
PARAMETRIC_REPRESENTATION_CONTEXT() REPRESENTATION_CONTEXT('2D SPACE',''
  ) );
#14319 = ADVANCED_FACE('',(#14320),#10714,.T.);
#14320 = FACE_BOUND('',#14321,.T.);
#14321 = EDGE_LOOP('',(#14322,#14323,#14324,#14325));
#14322 = ORIENTED_EDGE('',*,*,#13420,.F.);
#14323 = ORIENTED_EDGE('',*,*,#10701,.T.);
#14324 = ORIENTED_EDGE('',*,*,#10751,.T.);
#14325 = ORIENTED_EDGE('',*,*,#10816,.F.);
#14326 = ADVANCED_FACE('',(#14327,#14330),#10937,.F.);
#14327 = FACE_BOUND('',#14328,.F.);
#14328 = EDGE_LOOP('',(#14329));
#14329 = ORIENTED_EDGE('',*,*,#11721,.T.);
#14330 = FACE_BOUND('',#14331,.F.);
#14331 = EDGE_LOOP('',(#14332));
#14332 = ORIENTED_EDGE('',*,*,#10922,.F.);
#14333 = ADVANCED_FACE('',(#14334),#10995,.T.);
#14334 = FACE_BOUND('',#14335,.T.);
#14335 = EDGE_LOOP('',(#14336,#14357,#14358,#14379));
#14336 = ORIENTED_EDGE('',*,*,#14337,.F.);
#14337 = EDGE_CURVE('',#12337,#10978,#14338,.T.);
#14338 = SURFACE_CURVE('',#14339,(#14343,#14350),.PCURVE_S1.);
#14339 = LINE('',#14340,#14341);
#14340 = CARTESIAN_POINT('',(43.79,5.,22.5));
#14341 = VECTOR('',#14342,1.);
#14342 = DIRECTION('',(1.,0.,0.));
#14343 = PCURVE('',#10995,#14344);
#14344 = DEFINITIONAL_REPRESENTATION('',(#14345),#14349);
#14345 = LINE('',#14346,#14347);
#14346 = CARTESIAN_POINT('',(0.,0.));
#14347 = VECTOR('',#14348,1.);
#14348 = DIRECTION('',(0.,1.));
#14349 = ( GEOMETRIC_REPRESENTATION_CONTEXT(2) 
PARAMETRIC_REPRESENTATION_CONTEXT() REPRESENTATION_CONTEXT('2D SPACE',''
  ) );
#14350 = PCURVE('',#11023,#14351);
#14351 = DEFINITIONAL_REPRESENTATION('',(#14352),#14356);
#14352 = LINE('',#14353,#14354);
#14353 = CARTESIAN_POINT('',(0.,0.));
#14354 = VECTOR('',#14355,1.);
#14355 = DIRECTION('',(1.,0.));
#14356 = ( GEOMETRIC_REPRESENTATION_CONTEXT(2) 
PARAMETRIC_REPRESENTATION_CONTEXT() REPRESENTATION_CONTEXT('2D SPACE',''
  ) );
#14357 = ORIENTED_EDGE('',*,*,#12336,.F.);
#14358 = ORIENTED_EDGE('',*,*,#14359,.T.);
#14359 = EDGE_CURVE('',#12316,#10980,#14360,.T.);
#14360 = SURFACE_CURVE('',#14361,(#14365,#14372),.PCURVE_S1.);
#14361 = LINE('',#14362,#14363);
#14362 = CARTESIAN_POINT('',(43.79,5.,29.5));
#14363 = VECTOR('',#14364,1.);
#14364 = DIRECTION('',(1.,0.,0.));
#14365 = PCURVE('',#10995,#14366);
#14366 = DEFINITIONAL_REPRESENTATION('',(#14367),#14371);
#14367 = LINE('',#14368,#14369);
#14368 = CARTESIAN_POINT('',(7.,0.));
#14369 = VECTOR('',#14370,1.);
#14370 = DIRECTION('',(0.,1.));
#14371 = ( GEOMETRIC_REPRESENTATION_CONTEXT(2) 
PARAMETRIC_REPRESENTATION_CONTEXT() REPRESENTATION_CONTEXT('2D SPACE',''
  ) );
#14372 = PCURVE('',#11077,#14373);
#14373 = DEFINITIONAL_REPRESENTATION('',(#14374),#14378);
#14374 = LINE('',#14375,#14376);
#14375 = CARTESIAN_POINT('',(0.,0.));
#14376 = VECTOR('',#14377,1.);
#14377 = DIRECTION('',(1.,0.));
#14378 = ( GEOMETRIC_REPRESENTATION_CONTEXT(2) 
PARAMETRIC_REPRESENTATION_CONTEXT() REPRESENTATION_CONTEXT('2D SPACE',''
  ) );
#14379 = ORIENTED_EDGE('',*,*,#10977,.F.);
#14380 = ADVANCED_FACE('',(#14381),#11077,.F.);
#14381 = FACE_BOUND('',#14382,.F.);
#14382 = EDGE_LOOP('',(#14383,#14406,#14407,#14408,#14409,#14410));
#14383 = ORIENTED_EDGE('',*,*,#14384,.F.);
#14384 = EDGE_CURVE('',#13347,#14385,#14387,.T.);
#14385 = VERTEX_POINT('',#14386);
#14386 = CARTESIAN_POINT('',(43.79,21.,29.5));
#14387 = SURFACE_CURVE('',#14388,(#14392,#14399),.PCURVE_S1.);
#14388 = LINE('',#14389,#14390);
#14389 = CARTESIAN_POINT('',(43.79,5.,29.5));
#14390 = VECTOR('',#14391,1.);
#14391 = DIRECTION('',(0.,1.,0.));
#14392 = PCURVE('',#11077,#14393);
#14393 = DEFINITIONAL_REPRESENTATION('',(#14394),#14398);
#14394 = LINE('',#14395,#14396);
#14395 = CARTESIAN_POINT('',(0.,0.));
#14396 = VECTOR('',#14397,1.);
#14397 = DIRECTION('',(0.,1.));
#14398 = ( GEOMETRIC_REPRESENTATION_CONTEXT(2) 
PARAMETRIC_REPRESENTATION_CONTEXT() REPRESENTATION_CONTEXT('2D SPACE',''
  ) );
#14399 = PCURVE('',#13382,#14400);
#14400 = DEFINITIONAL_REPRESENTATION('',(#14401),#14405);
#14401 = LINE('',#14402,#14403);
#14402 = CARTESIAN_POINT('',(7.,0.));
#14403 = VECTOR('',#14404,1.);
#14404 = DIRECTION('',(0.,-1.));
#14405 = ( GEOMETRIC_REPRESENTATION_CONTEXT(2) 
PARAMETRIC_REPRESENTATION_CONTEXT() REPRESENTATION_CONTEXT('2D SPACE',''
  ) );
#14406 = ORIENTED_EDGE('',*,*,#13346,.T.);
#14407 = ORIENTED_EDGE('',*,*,#12315,.F.);
#14408 = ORIENTED_EDGE('',*,*,#14359,.T.);
#14409 = ORIENTED_EDGE('',*,*,#11063,.T.);
#14410 = ORIENTED_EDGE('',*,*,#14411,.F.);
#14411 = EDGE_CURVE('',#14385,#11036,#14412,.T.);
#14412 = SURFACE_CURVE('',#14413,(#14417,#14424),.PCURVE_S1.);
#14413 = LINE('',#14414,#14415);
#14414 = CARTESIAN_POINT('',(43.79,21.,29.5));
#14415 = VECTOR('',#14416,1.);
#14416 = DIRECTION('',(1.,0.,0.));
#14417 = PCURVE('',#11077,#14418);
#14418 = DEFINITIONAL_REPRESENTATION('',(#14419),#14423);
#14419 = LINE('',#14420,#14421);
#14420 = CARTESIAN_POINT('',(0.,16.));
#14421 = VECTOR('',#14422,1.);
#14422 = DIRECTION('',(1.,0.));
#14423 = ( GEOMETRIC_REPRESENTATION_CONTEXT(2) 
PARAMETRIC_REPRESENTATION_CONTEXT() REPRESENTATION_CONTEXT('2D SPACE',''
  ) );
#14424 = PCURVE('',#11051,#14425);
#14425 = DEFINITIONAL_REPRESENTATION('',(#14426),#14430);
#14426 = LINE('',#14427,#14428);
#14427 = CARTESIAN_POINT('',(7.,0.));
#14428 = VECTOR('',#14429,1.);
#14429 = DIRECTION('',(0.,1.));
#14430 = ( GEOMETRIC_REPRESENTATION_CONTEXT(2) 
PARAMETRIC_REPRESENTATION_CONTEXT() REPRESENTATION_CONTEXT('2D SPACE',''
  ) );
#14431 = ADVANCED_FACE('',(#14432),#11023,.T.);
#14432 = FACE_BOUND('',#14433,.T.);
#14433 = EDGE_LOOP('',(#14434,#14457,#14458,#14459,#14460,#14461));
#14434 = ORIENTED_EDGE('',*,*,#14435,.F.);
#14435 = EDGE_CURVE('',#13368,#14436,#14438,.T.);
#14436 = VERTEX_POINT('',#14437);
#14437 = CARTESIAN_POINT('',(43.79,21.,22.5));
#14438 = SURFACE_CURVE('',#14439,(#14443,#14450),.PCURVE_S1.);
#14439 = LINE('',#14440,#14441);
#14440 = CARTESIAN_POINT('',(43.79,5.,22.5));
#14441 = VECTOR('',#14442,1.);
#14442 = DIRECTION('',(0.,1.,0.));
#14443 = PCURVE('',#11023,#14444);
#14444 = DEFINITIONAL_REPRESENTATION('',(#14445),#14449);
#14445 = LINE('',#14446,#14447);
#14446 = CARTESIAN_POINT('',(0.,0.));
#14447 = VECTOR('',#14448,1.);
#14448 = DIRECTION('',(0.,1.));
#14449 = ( GEOMETRIC_REPRESENTATION_CONTEXT(2) 
PARAMETRIC_REPRESENTATION_CONTEXT() REPRESENTATION_CONTEXT('2D SPACE',''
  ) );
#14450 = PCURVE('',#13382,#14451);
#14451 = DEFINITIONAL_REPRESENTATION('',(#14452),#14456);
#14452 = LINE('',#14453,#14454);
#14453 = CARTESIAN_POINT('',(0.,0.));
#14454 = VECTOR('',#14455,1.);
#14455 = DIRECTION('',(0.,-1.));
#14456 = ( GEOMETRIC_REPRESENTATION_CONTEXT(2) 
PARAMETRIC_REPRESENTATION_CONTEXT() REPRESENTATION_CONTEXT('2D SPACE',''
  ) );
#14457 = ORIENTED_EDGE('',*,*,#13393,.T.);
#14458 = ORIENTED_EDGE('',*,*,#12357,.F.);
#14459 = ORIENTED_EDGE('',*,*,#14337,.T.);
#14460 = ORIENTED_EDGE('',*,*,#11007,.T.);
#14461 = ORIENTED_EDGE('',*,*,#14462,.F.);
#14462 = EDGE_CURVE('',#14436,#11008,#14463,.T.);
#14463 = SURFACE_CURVE('',#14464,(#14468,#14475),.PCURVE_S1.);
#14464 = LINE('',#14465,#14466);
#14465 = CARTESIAN_POINT('',(43.79,21.,22.5));
#14466 = VECTOR('',#14467,1.);
#14467 = DIRECTION('',(1.,0.,0.));
#14468 = PCURVE('',#11023,#14469);
#14469 = DEFINITIONAL_REPRESENTATION('',(#14470),#14474);
#14470 = LINE('',#14471,#14472);
#14471 = CARTESIAN_POINT('',(0.,16.));
#14472 = VECTOR('',#14473,1.);
#14473 = DIRECTION('',(1.,0.));
#14474 = ( GEOMETRIC_REPRESENTATION_CONTEXT(2) 
PARAMETRIC_REPRESENTATION_CONTEXT() REPRESENTATION_CONTEXT('2D SPACE',''
  ) );
#14475 = PCURVE('',#11051,#14476);
#14476 = DEFINITIONAL_REPRESENTATION('',(#14477),#14481);
#14477 = LINE('',#14478,#14479);
#14478 = CARTESIAN_POINT('',(0.,0.));
#14479 = VECTOR('',#14480,1.);
#14480 = DIRECTION('',(0.,1.));
#14481 = ( GEOMETRIC_REPRESENTATION_CONTEXT(2) 
PARAMETRIC_REPRESENTATION_CONTEXT() REPRESENTATION_CONTEXT('2D SPACE',''
  ) );
#14482 = ADVANCED_FACE('',(#14483),#11051,.F.);
#14483 = FACE_BOUND('',#14484,.F.);
#14484 = EDGE_LOOP('',(#14485,#14486,#14507,#14508));
#14485 = ORIENTED_EDGE('',*,*,#14462,.F.);
#14486 = ORIENTED_EDGE('',*,*,#14487,.T.);
#14487 = EDGE_CURVE('',#14436,#14385,#14488,.T.);
#14488 = SURFACE_CURVE('',#14489,(#14493,#14500),.PCURVE_S1.);
#14489 = LINE('',#14490,#14491);
#14490 = CARTESIAN_POINT('',(43.79,21.,22.5));
#14491 = VECTOR('',#14492,1.);
#14492 = DIRECTION('',(0.,0.,1.));
#14493 = PCURVE('',#11051,#14494);
#14494 = DEFINITIONAL_REPRESENTATION('',(#14495),#14499);
#14495 = LINE('',#14496,#14497);
#14496 = CARTESIAN_POINT('',(0.,0.));
#14497 = VECTOR('',#14498,1.);
#14498 = DIRECTION('',(1.,0.));
#14499 = ( GEOMETRIC_REPRESENTATION_CONTEXT(2) 
PARAMETRIC_REPRESENTATION_CONTEXT() REPRESENTATION_CONTEXT('2D SPACE',''
  ) );
#14500 = PCURVE('',#13382,#14501);
#14501 = DEFINITIONAL_REPRESENTATION('',(#14502),#14506);
#14502 = LINE('',#14503,#14504);
#14503 = CARTESIAN_POINT('',(0.,-16.));
#14504 = VECTOR('',#14505,1.);
#14505 = DIRECTION('',(1.,0.));
#14506 = ( GEOMETRIC_REPRESENTATION_CONTEXT(2) 
PARAMETRIC_REPRESENTATION_CONTEXT() REPRESENTATION_CONTEXT('2D SPACE',''
  ) );
#14507 = ORIENTED_EDGE('',*,*,#14411,.T.);
#14508 = ORIENTED_EDGE('',*,*,#11035,.F.);
#14509 = ADVANCED_FACE('',(#14510,#14513),#11198,.F.);
#14510 = FACE_BOUND('',#14511,.F.);
#14511 = EDGE_LOOP('',(#14512));
#14512 = ORIENTED_EDGE('',*,*,#11183,.T.);
#14513 = FACE_BOUND('',#14514,.F.);
#14514 = EDGE_LOOP('',(#14515));
#14515 = ORIENTED_EDGE('',*,*,#14516,.F.);
#14516 = EDGE_CURVE('',#14517,#14517,#14519,.T.);
#14517 = VERTEX_POINT('',#14518);
#14518 = CARTESIAN_POINT('',(-10.7,59.184837585314,19.97020561473));
#14519 = SURFACE_CURVE('',#14520,(#14525,#14532),.PCURVE_S1.);
#14520 = CIRCLE('',#14521,1.3);
#14521 = AXIS2_PLACEMENT_3D('',#14522,#14523,#14524);
#14522 = CARTESIAN_POINT('',(-12.,59.184837585314,19.97020561473));
#14523 = DIRECTION('',(0.,-0.141421356237,0.989949493661));
#14524 = DIRECTION('',(1.,0.,0.));
#14525 = PCURVE('',#11198,#14526);
#14526 = DEFINITIONAL_REPRESENTATION('',(#14527),#14531);
#14527 = CIRCLE('',#14528,1.3);
#14528 = AXIS2_PLACEMENT_2D('',#14529,#14530);
#14529 = CARTESIAN_POINT('',(0.,7.034014214903E-15));
#14530 = DIRECTION('',(1.,0.));
#14531 = ( GEOMETRIC_REPRESENTATION_CONTEXT(2) 
PARAMETRIC_REPRESENTATION_CONTEXT() REPRESENTATION_CONTEXT('2D SPACE',''
  ) );
#14532 = PCURVE('',#14533,#14538);
#14533 = CYLINDRICAL_SURFACE('',#14534,1.3);
#14534 = AXIS2_PLACEMENT_3D('',#14535,#14536,#14537);
#14535 = CARTESIAN_POINT('',(-12.,58.831284194721,22.445079348883));
#14536 = DIRECTION('',(0.,-0.141421356237,0.989949493661));
#14537 = DIRECTION('',(1.,0.,0.));
#14538 = DEFINITIONAL_REPRESENTATION('',(#14539),#14543);
#14539 = LINE('',#14540,#14541);
#14540 = CARTESIAN_POINT('',(0.,-2.5));
#14541 = VECTOR('',#14542,1.);
#14542 = DIRECTION('',(1.,0.));
#14543 = ( GEOMETRIC_REPRESENTATION_CONTEXT(2) 
PARAMETRIC_REPRESENTATION_CONTEXT() REPRESENTATION_CONTEXT('2D SPACE',''
  ) );
#14544 = ADVANCED_FACE('',(#14545,#14548),#11303,.F.);
#14545 = FACE_BOUND('',#14546,.F.);
#14546 = EDGE_LOOP('',(#14547));
#14547 = ORIENTED_EDGE('',*,*,#11288,.T.);
#14548 = FACE_BOUND('',#14549,.F.);
#14549 = EDGE_LOOP('',(#14550));
#14550 = ORIENTED_EDGE('',*,*,#14551,.F.);
#14551 = EDGE_CURVE('',#14552,#14552,#14554,.T.);
#14552 = VERTEX_POINT('',#14553);
#14553 = CARTESIAN_POINT('',(-10.7,35.426049737446,16.576093065035));
#14554 = SURFACE_CURVE('',#14555,(#14560,#14567),.PCURVE_S1.);
#14555 = CIRCLE('',#14556,1.3);
#14556 = AXIS2_PLACEMENT_3D('',#14557,#14558,#14559);
#14557 = CARTESIAN_POINT('',(-12.,35.426049737446,16.576093065035));
#14558 = DIRECTION('',(0.,-0.141421356237,0.989949493661));
#14559 = DIRECTION('',(1.,0.,0.));
#14560 = PCURVE('',#11303,#14561);
#14561 = DEFINITIONAL_REPRESENTATION('',(#14562),#14566);
#14562 = CIRCLE('',#14563,1.3);
#14563 = AXIS2_PLACEMENT_2D('',#14564,#14565);
#14564 = CARTESIAN_POINT('',(0.,7.536443801682E-15));
#14565 = DIRECTION('',(1.,0.));
#14566 = ( GEOMETRIC_REPRESENTATION_CONTEXT(2) 
PARAMETRIC_REPRESENTATION_CONTEXT() REPRESENTATION_CONTEXT('2D SPACE',''
  ) );
#14567 = PCURVE('',#14568,#14573);
#14568 = CYLINDRICAL_SURFACE('',#14569,1.3);
#14569 = AXIS2_PLACEMENT_3D('',#14570,#14571,#14572);
#14570 = CARTESIAN_POINT('',(-12.,35.072496346853,19.050966799188));
#14571 = DIRECTION('',(0.,-0.141421356237,0.989949493661));
#14572 = DIRECTION('',(1.,0.,0.));
#14573 = DEFINITIONAL_REPRESENTATION('',(#14574),#14578);
#14574 = LINE('',#14575,#14576);
#14575 = CARTESIAN_POINT('',(0.,-2.5));
#14576 = VECTOR('',#14577,1.);
#14577 = DIRECTION('',(1.,0.));
#14578 = ( GEOMETRIC_REPRESENTATION_CONTEXT(2) 
PARAMETRIC_REPRESENTATION_CONTEXT() REPRESENTATION_CONTEXT('2D SPACE',''
  ) );
#14579 = ADVANCED_FACE('',(#14580,#14583),#11682,.F.);
#14580 = FACE_BOUND('',#14581,.F.);
#14581 = EDGE_LOOP('',(#14582));
#14582 = ORIENTED_EDGE('',*,*,#11667,.T.);
#14583 = FACE_BOUND('',#14584,.F.);
#14584 = EDGE_LOOP('',(#14585));
#14585 = ORIENTED_EDGE('',*,*,#14586,.F.);
#14586 = EDGE_CURVE('',#14587,#14587,#14589,.T.);
#14587 = VERTEX_POINT('',#14588);
#14588 = CARTESIAN_POINT('',(13.3,59.184837585314,19.97020561473));
#14589 = SURFACE_CURVE('',#14590,(#14595,#14602),.PCURVE_S1.);
#14590 = CIRCLE('',#14591,1.3);
#14591 = AXIS2_PLACEMENT_3D('',#14592,#14593,#14594);
#14592 = CARTESIAN_POINT('',(12.,59.184837585314,19.97020561473));
#14593 = DIRECTION('',(0.,-0.141421356237,0.989949493661));
#14594 = DIRECTION('',(1.,0.,0.));
#14595 = PCURVE('',#11682,#14596);
#14596 = DEFINITIONAL_REPRESENTATION('',(#14597),#14601);
#14597 = CIRCLE('',#14598,1.3);
#14598 = AXIS2_PLACEMENT_2D('',#14599,#14600);
#14599 = CARTESIAN_POINT('',(0.,7.034014214903E-15));
#14600 = DIRECTION('',(1.,0.));
#14601 = ( GEOMETRIC_REPRESENTATION_CONTEXT(2) 
PARAMETRIC_REPRESENTATION_CONTEXT() REPRESENTATION_CONTEXT('2D SPACE',''
  ) );
#14602 = PCURVE('',#14603,#14608);
#14603 = CYLINDRICAL_SURFACE('',#14604,1.3);
#14604 = AXIS2_PLACEMENT_3D('',#14605,#14606,#14607);
#14605 = CARTESIAN_POINT('',(12.,58.831284194721,22.445079348883));
#14606 = DIRECTION('',(0.,-0.141421356237,0.989949493661));
#14607 = DIRECTION('',(1.,0.,0.));
#14608 = DEFINITIONAL_REPRESENTATION('',(#14609),#14613);
#14609 = LINE('',#14610,#14611);
#14610 = CARTESIAN_POINT('',(0.,-2.5));
#14611 = VECTOR('',#14612,1.);
#14612 = DIRECTION('',(1.,0.));
#14613 = ( GEOMETRIC_REPRESENTATION_CONTEXT(2) 
PARAMETRIC_REPRESENTATION_CONTEXT() REPRESENTATION_CONTEXT('2D SPACE',''
  ) );
#14614 = ADVANCED_FACE('',(#14615,#14618),#12003,.F.);
#14615 = FACE_BOUND('',#14616,.F.);
#14616 = EDGE_LOOP('',(#14617));
#14617 = ORIENTED_EDGE('',*,*,#11988,.T.);
#14618 = FACE_BOUND('',#14619,.F.);
#14619 = EDGE_LOOP('',(#14620));
#14620 = ORIENTED_EDGE('',*,*,#14621,.F.);
#14621 = EDGE_CURVE('',#14622,#14622,#14624,.T.);
#14622 = VERTEX_POINT('',#14623);
#14623 = CARTESIAN_POINT('',(13.3,35.426049737446,16.576093065035));
#14624 = SURFACE_CURVE('',#14625,(#14630,#14637),.PCURVE_S1.);
#14625 = CIRCLE('',#14626,1.3);
#14626 = AXIS2_PLACEMENT_3D('',#14627,#14628,#14629);
#14627 = CARTESIAN_POINT('',(12.,35.426049737446,16.576093065035));
#14628 = DIRECTION('',(0.,-0.141421356237,0.989949493661));
#14629 = DIRECTION('',(1.,0.,0.));
#14630 = PCURVE('',#12003,#14631);
#14631 = DEFINITIONAL_REPRESENTATION('',(#14632),#14636);
#14632 = CIRCLE('',#14633,1.3);
#14633 = AXIS2_PLACEMENT_2D('',#14634,#14635);
#14634 = CARTESIAN_POINT('',(0.,7.536443801682E-15));
#14635 = DIRECTION('',(1.,0.));
#14636 = ( GEOMETRIC_REPRESENTATION_CONTEXT(2) 
PARAMETRIC_REPRESENTATION_CONTEXT() REPRESENTATION_CONTEXT('2D SPACE',''
  ) );
#14637 = PCURVE('',#14638,#14643);
#14638 = CYLINDRICAL_SURFACE('',#14639,1.3);
#14639 = AXIS2_PLACEMENT_3D('',#14640,#14641,#14642);
#14640 = CARTESIAN_POINT('',(12.,35.072496346853,19.050966799188));
#14641 = DIRECTION('',(0.,-0.141421356237,0.989949493661));
#14642 = DIRECTION('',(1.,0.,0.));
#14643 = DEFINITIONAL_REPRESENTATION('',(#14644),#14648);
#14644 = LINE('',#14645,#14646);
#14645 = CARTESIAN_POINT('',(0.,-2.5));
#14646 = VECTOR('',#14647,1.);
#14647 = DIRECTION('',(1.,0.));
#14648 = ( GEOMETRIC_REPRESENTATION_CONTEXT(2) 
PARAMETRIC_REPRESENTATION_CONTEXT() REPRESENTATION_CONTEXT('2D SPACE',''
  ) );
#14649 = ADVANCED_FACE('',(#14650),#12972,.F.);
#14650 = FACE_BOUND('',#14651,.F.);
#14651 = EDGE_LOOP('',(#14652,#14653,#14654,#14675));
#14652 = ORIENTED_EDGE('',*,*,#12957,.T.);
#14653 = ORIENTED_EDGE('',*,*,#13087,.T.);
#14654 = ORIENTED_EDGE('',*,*,#14655,.T.);
#14655 = EDGE_CURVE('',#13060,#13243,#14656,.T.);
#14656 = SURFACE_CURVE('',#14657,(#14661,#14668),.PCURVE_S1.);
#14657 = LINE('',#14658,#14659);
#14658 = CARTESIAN_POINT('',(22.75,164.69846310393,8.020100716628));
#14659 = VECTOR('',#14660,1.);
#14660 = DIRECTION('',(-1.,0.,0.));
#14661 = PCURVE('',#12972,#14662);
#14662 = DEFINITIONAL_REPRESENTATION('',(#14663),#14667);
#14663 = LINE('',#14664,#14665);
#14664 = CARTESIAN_POINT('',(0.,-5.));
#14665 = VECTOR('',#14666,1.);
#14666 = DIRECTION('',(1.,0.));
#14667 = ( GEOMETRIC_REPRESENTATION_CONTEXT(2) 
PARAMETRIC_REPRESENTATION_CONTEXT() REPRESENTATION_CONTEXT('2D SPACE',''
  ) );
#14668 = PCURVE('',#13075,#14669);
#14669 = DEFINITIONAL_REPRESENTATION('',(#14670),#14674);
#14670 = LINE('',#14671,#14672);
#14671 = CARTESIAN_POINT('',(44.5,22.));
#14672 = VECTOR('',#14673,1.);
#14673 = DIRECTION('',(-1.,0.));
#14674 = ( GEOMETRIC_REPRESENTATION_CONTEXT(2) 
PARAMETRIC_REPRESENTATION_CONTEXT() REPRESENTATION_CONTEXT('2D SPACE',''
  ) );
#14675 = ORIENTED_EDGE('',*,*,#13265,.F.);
#14676 = ADVANCED_FACE('',(#14677),#13075,.T.);
#14677 = FACE_BOUND('',#14678,.T.);
#14678 = EDGE_LOOP('',(#14679,#14702,#14730,#14758,#14786,#14807,#14808,
    #14809));
#14679 = ORIENTED_EDGE('',*,*,#14680,.F.);
#14680 = EDGE_CURVE('',#14681,#13220,#14683,.T.);
#14681 = VERTEX_POINT('',#14682);
#14682 = CARTESIAN_POINT('',(-19.25,149.6495767976,49.366576031208));
#14683 = SURFACE_CURVE('',#14684,(#14688,#14695),.PCURVE_S1.);
#14684 = LINE('',#14685,#14686);
#14685 = CARTESIAN_POINT('',(-19.25,149.6495767976,49.366576031208));
#14686 = VECTOR('',#14687,1.);
#14687 = DIRECTION('',(-1.,8.120488408687E-15,0.));
#14688 = PCURVE('',#13075,#14689);
#14689 = DEFINITIONAL_REPRESENTATION('',(#14690),#14694);
#14690 = LINE('',#14691,#14692);
#14691 = CARTESIAN_POINT('',(2.5,-22.));
#14692 = VECTOR('',#14693,1.);
#14693 = DIRECTION('',(-1.,2.777370609414E-15));
#14694 = ( GEOMETRIC_REPRESENTATION_CONTEXT(2) 
PARAMETRIC_REPRESENTATION_CONTEXT() REPRESENTATION_CONTEXT('2D SPACE',''
  ) );
#14695 = PCURVE('',#13152,#14696);
#14696 = DEFINITIONAL_REPRESENTATION('',(#14697),#14701);
#14697 = LINE('',#14698,#14699);
#14698 = CARTESIAN_POINT('',(3.5,-5.));
#14699 = VECTOR('',#14700,1.);
#14700 = DIRECTION('',(-1.,-7.630763034821E-15));
#14701 = ( GEOMETRIC_REPRESENTATION_CONTEXT(2) 
PARAMETRIC_REPRESENTATION_CONTEXT() REPRESENTATION_CONTEXT('2D SPACE',''
  ) );
#14702 = ORIENTED_EDGE('',*,*,#14703,.T.);
#14703 = EDGE_CURVE('',#14681,#14704,#14706,.T.);
#14704 = VERTEX_POINT('',#14705);
#14705 = CARTESIAN_POINT('',(-19.25,164.01442281727,9.8994859582));
#14706 = SURFACE_CURVE('',#14707,(#14711,#14718),.PCURVE_S1.);
#14707 = LINE('',#14708,#14709);
#14708 = CARTESIAN_POINT('',(-19.25,156.83199980743,29.633030994704));
#14709 = VECTOR('',#14710,1.);
#14710 = DIRECTION('',(0.,0.342020143326,-0.939692620786));
#14711 = PCURVE('',#13075,#14712);
#14712 = DEFINITIONAL_REPRESENTATION('',(#14713),#14717);
#14713 = LINE('',#14714,#14715);
#14714 = CARTESIAN_POINT('',(2.5,-1.));
#14715 = VECTOR('',#14716,1.);
#14716 = DIRECTION('',(0.,1.));
#14717 = ( GEOMETRIC_REPRESENTATION_CONTEXT(2) 
PARAMETRIC_REPRESENTATION_CONTEXT() REPRESENTATION_CONTEXT('2D SPACE',''
  ) );
#14718 = PCURVE('',#14719,#14724);
#14719 = PLANE('',#14720);
#14720 = AXIS2_PLACEMENT_3D('',#14721,#14722,#14723);
#14721 = CARTESIAN_POINT('',(-19.25,147.77019155602,48.682535744557));
#14722 = DIRECTION('',(-1.,0.,0.));
#14723 = DIRECTION('',(0.,0.342020143326,-0.939692620786));
#14724 = DEFINITIONAL_REPRESENTATION('',(#14725),#14729);
#14725 = LINE('',#14726,#14727);
#14726 = CARTESIAN_POINT('',(21.,-2.));
#14727 = VECTOR('',#14728,1.);
#14728 = DIRECTION('',(1.,0.));
#14729 = ( GEOMETRIC_REPRESENTATION_CONTEXT(2) 
PARAMETRIC_REPRESENTATION_CONTEXT() REPRESENTATION_CONTEXT('2D SPACE',''
  ) );
#14730 = ORIENTED_EDGE('',*,*,#14731,.T.);
#14731 = EDGE_CURVE('',#14704,#14732,#14734,.T.);
#14732 = VERTEX_POINT('',#14733);
#14733 = CARTESIAN_POINT('',(19.25,164.01442281727,9.8994859582));
#14734 = SURFACE_CURVE('',#14735,(#14739,#14746),.PCURVE_S1.);
#14735 = LINE('',#14736,#14737);
#14736 = CARTESIAN_POINT('',(0.,164.01442281727,9.8994859582));
#14737 = VECTOR('',#14738,1.);
#14738 = DIRECTION('',(1.,0.,0.));
#14739 = PCURVE('',#13075,#14740);
#14740 = DEFINITIONAL_REPRESENTATION('',(#14741),#14745);
#14741 = LINE('',#14742,#14743);
#14742 = CARTESIAN_POINT('',(21.75,20.));
#14743 = VECTOR('',#14744,1.);
#14744 = DIRECTION('',(1.,0.));
#14745 = ( GEOMETRIC_REPRESENTATION_CONTEXT(2) 
PARAMETRIC_REPRESENTATION_CONTEXT() REPRESENTATION_CONTEXT('2D SPACE',''
  ) );
#14746 = PCURVE('',#14747,#14752);
#14747 = PLANE('',#14748);
#14748 = AXIS2_PLACEMENT_3D('',#14749,#14750,#14751);
#14749 = CARTESIAN_POINT('',(-20.75,159.31595971334,8.189385241572));
#14750 = DIRECTION('',(0.,0.342020143326,-0.939692620786));
#14751 = DIRECTION('',(1.,0.,0.));
#14752 = DEFINITIONAL_REPRESENTATION('',(#14753),#14757);
#14753 = LINE('',#14754,#14755);
#14754 = CARTESIAN_POINT('',(20.75,-5.));
#14755 = VECTOR('',#14756,1.);
#14756 = DIRECTION('',(1.,0.));
#14757 = ( GEOMETRIC_REPRESENTATION_CONTEXT(2) 
PARAMETRIC_REPRESENTATION_CONTEXT() REPRESENTATION_CONTEXT('2D SPACE',''
  ) );
#14758 = ORIENTED_EDGE('',*,*,#14759,.F.);
#14759 = EDGE_CURVE('',#14760,#14732,#14762,.T.);
#14760 = VERTEX_POINT('',#14761);
#14761 = CARTESIAN_POINT('',(19.25,149.6495767976,49.366576031208));
#14762 = SURFACE_CURVE('',#14763,(#14767,#14774),.PCURVE_S1.);
#14763 = LINE('',#14764,#14765);
#14764 = CARTESIAN_POINT('',(19.25,156.83199980743,29.633030994704));
#14765 = VECTOR('',#14766,1.);
#14766 = DIRECTION('',(0.,0.342020143326,-0.939692620786));
#14767 = PCURVE('',#13075,#14768);
#14768 = DEFINITIONAL_REPRESENTATION('',(#14769),#14773);
#14769 = LINE('',#14770,#14771);
#14770 = CARTESIAN_POINT('',(41.,-1.));
#14771 = VECTOR('',#14772,1.);
#14772 = DIRECTION('',(0.,1.));
#14773 = ( GEOMETRIC_REPRESENTATION_CONTEXT(2) 
PARAMETRIC_REPRESENTATION_CONTEXT() REPRESENTATION_CONTEXT('2D SPACE',''
  ) );
#14774 = PCURVE('',#14775,#14780);
#14775 = PLANE('',#14776);
#14776 = AXIS2_PLACEMENT_3D('',#14777,#14778,#14779);
#14777 = CARTESIAN_POINT('',(19.25,147.77019155602,48.682535744557));
#14778 = DIRECTION('',(-1.,0.,0.));
#14779 = DIRECTION('',(0.,0.342020143326,-0.939692620786));
#14780 = DEFINITIONAL_REPRESENTATION('',(#14781),#14785);
#14781 = LINE('',#14782,#14783);
#14782 = CARTESIAN_POINT('',(21.,-2.));
#14783 = VECTOR('',#14784,1.);
#14784 = DIRECTION('',(1.,0.));
#14785 = ( GEOMETRIC_REPRESENTATION_CONTEXT(2) 
PARAMETRIC_REPRESENTATION_CONTEXT() REPRESENTATION_CONTEXT('2D SPACE',''
  ) );
#14786 = ORIENTED_EDGE('',*,*,#14787,.F.);
#14787 = EDGE_CURVE('',#13032,#14760,#14788,.T.);
#14788 = SURFACE_CURVE('',#14789,(#14793,#14800),.PCURVE_S1.);
#14789 = LINE('',#14790,#14791);
#14790 = CARTESIAN_POINT('',(22.75,149.6495767976,49.366576031208));
#14791 = VECTOR('',#14792,1.);
#14792 = DIRECTION('',(-1.,-8.120488408687E-15,0.));
#14793 = PCURVE('',#13075,#14794);
#14794 = DEFINITIONAL_REPRESENTATION('',(#14795),#14799);
#14795 = LINE('',#14796,#14797);
#14796 = CARTESIAN_POINT('',(44.5,-22.));
#14797 = VECTOR('',#14798,1.);
#14798 = DIRECTION('',(-1.,-2.777370609414E-15));
#14799 = ( GEOMETRIC_REPRESENTATION_CONTEXT(2) 
PARAMETRIC_REPRESENTATION_CONTEXT() REPRESENTATION_CONTEXT('2D SPACE',''
  ) );
#14800 = PCURVE('',#13047,#14801);
#14801 = DEFINITIONAL_REPRESENTATION('',(#14802),#14806);
#14802 = LINE('',#14803,#14804);
#14803 = CARTESIAN_POINT('',(2.,-5.));
#14804 = VECTOR('',#14805,1.);
#14805 = DIRECTION('',(-1.,7.630763034821E-15));
#14806 = ( GEOMETRIC_REPRESENTATION_CONTEXT(2) 
PARAMETRIC_REPRESENTATION_CONTEXT() REPRESENTATION_CONTEXT('2D SPACE',''
  ) );
#14807 = ORIENTED_EDGE('',*,*,#13059,.T.);
#14808 = ORIENTED_EDGE('',*,*,#14655,.T.);
#14809 = ORIENTED_EDGE('',*,*,#13242,.T.);
#14810 = ADVANCED_FACE('',(#14811),#13047,.F.);
#14811 = FACE_BOUND('',#14812,.F.);
#14812 = EDGE_LOOP('',(#14813,#14841,#14869,#14890,#14891,#14892));
#14813 = ORIENTED_EDGE('',*,*,#14814,.T.);
#14814 = EDGE_CURVE('',#13165,#14815,#14817,.T.);
#14815 = VERTEX_POINT('',#14816);
#14816 = CARTESIAN_POINT('',(20.75,147.77019155602,48.682535744557));
#14817 = SURFACE_CURVE('',#14818,(#14822,#14829),.PCURVE_S1.);
#14818 = LINE('',#14819,#14820);
#14819 = CARTESIAN_POINT('',(20.75,144.95111369367,47.65647531458));
#14820 = VECTOR('',#14821,1.);
#14821 = DIRECTION('',(0.,0.939692620786,0.342020143326));
#14822 = PCURVE('',#13047,#14823);
#14823 = DEFINITIONAL_REPRESENTATION('',(#14824),#14828);
#14824 = LINE('',#14825,#14826);
#14825 = CARTESIAN_POINT('',(0.,0.));
#14826 = VECTOR('',#14827,1.);
#14827 = DIRECTION('',(0.,-1.));
#14828 = ( GEOMETRIC_REPRESENTATION_CONTEXT(2) 
PARAMETRIC_REPRESENTATION_CONTEXT() REPRESENTATION_CONTEXT('2D SPACE',''
  ) );
#14829 = PCURVE('',#14830,#14835);
#14830 = PLANE('',#14831);
#14831 = AXIS2_PLACEMENT_3D('',#14832,#14833,#14834);
#14832 = CARTESIAN_POINT('',(20.75,144.95111369367,47.65647531458));
#14833 = DIRECTION('',(-1.,0.,0.));
#14834 = DIRECTION('',(0.,0.342020143326,-0.939692620786));
#14835 = DEFINITIONAL_REPRESENTATION('',(#14836),#14840);
#14836 = LINE('',#14837,#14838);
#14837 = CARTESIAN_POINT('',(0.,-0.));
#14838 = VECTOR('',#14839,1.);
#14839 = DIRECTION('',(0.,-1.));
#14840 = ( GEOMETRIC_REPRESENTATION_CONTEXT(2) 
PARAMETRIC_REPRESENTATION_CONTEXT() REPRESENTATION_CONTEXT('2D SPACE',''
  ) );
#14841 = ORIENTED_EDGE('',*,*,#14842,.F.);
#14842 = EDGE_CURVE('',#14843,#14815,#14845,.T.);
#14843 = VERTEX_POINT('',#14844);
#14844 = CARTESIAN_POINT('',(19.25,147.77019155602,48.682535744557));
#14845 = SURFACE_CURVE('',#14846,(#14850,#14857),.PCURVE_S1.);
#14846 = LINE('',#14847,#14848);
#14847 = CARTESIAN_POINT('',(20.,147.77019155602,48.682535744557));
#14848 = VECTOR('',#14849,1.);
#14849 = DIRECTION('',(1.,0.,0.));
#14850 = PCURVE('',#13047,#14851);
#14851 = DEFINITIONAL_REPRESENTATION('',(#14852),#14856);
#14852 = LINE('',#14853,#14854);
#14853 = CARTESIAN_POINT('',(-0.75,-3.));
#14854 = VECTOR('',#14855,1.);
#14855 = DIRECTION('',(1.,0.));
#14856 = ( GEOMETRIC_REPRESENTATION_CONTEXT(2) 
PARAMETRIC_REPRESENTATION_CONTEXT() REPRESENTATION_CONTEXT('2D SPACE',''
  ) );
#14857 = PCURVE('',#14858,#14863);
#14858 = PLANE('',#14859);
#14859 = AXIS2_PLACEMENT_3D('',#14860,#14861,#14862);
#14860 = CARTESIAN_POINT('',(20.,154.95261456586,28.948990708053));
#14861 = DIRECTION('',(0.,0.939692620786,0.342020143326));
#14862 = DIRECTION('',(1.,0.,0.));
#14863 = DEFINITIONAL_REPRESENTATION('',(#14864),#14868);
#14864 = LINE('',#14865,#14866);
#14865 = CARTESIAN_POINT('',(0.,-21.));
#14866 = VECTOR('',#14867,1.);
#14867 = DIRECTION('',(1.,0.));
#14868 = ( GEOMETRIC_REPRESENTATION_CONTEXT(2) 
PARAMETRIC_REPRESENTATION_CONTEXT() REPRESENTATION_CONTEXT('2D SPACE',''
  ) );
#14869 = ORIENTED_EDGE('',*,*,#14870,.T.);
#14870 = EDGE_CURVE('',#14843,#14760,#14871,.T.);
#14871 = SURFACE_CURVE('',#14872,(#14876,#14883),.PCURVE_S1.);
#14872 = LINE('',#14873,#14874);
#14873 = CARTESIAN_POINT('',(19.25,147.77019155602,48.682535744557));
#14874 = VECTOR('',#14875,1.);
#14875 = DIRECTION('',(0.,0.939692620786,0.342020143326));
#14876 = PCURVE('',#13047,#14877);
#14877 = DEFINITIONAL_REPRESENTATION('',(#14878),#14882);
#14878 = LINE('',#14879,#14880);
#14879 = CARTESIAN_POINT('',(-1.5,-3.));
#14880 = VECTOR('',#14881,1.);
#14881 = DIRECTION('',(0.,-1.));
#14882 = ( GEOMETRIC_REPRESENTATION_CONTEXT(2) 
PARAMETRIC_REPRESENTATION_CONTEXT() REPRESENTATION_CONTEXT('2D SPACE',''
  ) );
#14883 = PCURVE('',#14775,#14884);
#14884 = DEFINITIONAL_REPRESENTATION('',(#14885),#14889);
#14885 = LINE('',#14886,#14887);
#14886 = CARTESIAN_POINT('',(0.,-0.));
#14887 = VECTOR('',#14888,1.);
#14888 = DIRECTION('',(0.,-1.));
#14889 = ( GEOMETRIC_REPRESENTATION_CONTEXT(2) 
PARAMETRIC_REPRESENTATION_CONTEXT() REPRESENTATION_CONTEXT('2D SPACE',''
  ) );
#14890 = ORIENTED_EDGE('',*,*,#14787,.F.);
#14891 = ORIENTED_EDGE('',*,*,#13031,.F.);
#14892 = ORIENTED_EDGE('',*,*,#13192,.T.);
#14893 = ADVANCED_FACE('',(#14894),#13180,.F.);
#14894 = FACE_BOUND('',#14895,.F.);
#14895 = EDGE_LOOP('',(#14896,#14919,#14920,#14948));
#14896 = ORIENTED_EDGE('',*,*,#14897,.F.);
#14897 = EDGE_CURVE('',#13165,#14898,#14900,.T.);
#14898 = VERTEX_POINT('',#14899);
#14899 = CARTESIAN_POINT('',(20.75,156.68803439002,15.409550727409));
#14900 = SURFACE_CURVE('',#14901,(#14905,#14912),.PCURVE_S1.);
#14901 = LINE('',#14902,#14903);
#14902 = CARTESIAN_POINT('',(20.75,152.47555684683,26.98323765729));
#14903 = VECTOR('',#14904,1.);
#14904 = DIRECTION('',(0.,0.342020143326,-0.939692620786));
#14905 = PCURVE('',#13180,#14906);
#14906 = DEFINITIONAL_REPRESENTATION('',(#14907),#14911);
#14907 = LINE('',#14908,#14909);
#14908 = CARTESIAN_POINT('',(22.,20.75));
#14909 = VECTOR('',#14910,1.);
#14910 = DIRECTION('',(1.,0.));
#14911 = ( GEOMETRIC_REPRESENTATION_CONTEXT(2) 
PARAMETRIC_REPRESENTATION_CONTEXT() REPRESENTATION_CONTEXT('2D SPACE',''
  ) );
#14912 = PCURVE('',#14830,#14913);
#14913 = DEFINITIONAL_REPRESENTATION('',(#14914),#14918);
#14914 = LINE('',#14915,#14916);
#14915 = CARTESIAN_POINT('',(22.,-9.769962616701E-15));
#14916 = VECTOR('',#14917,1.);
#14917 = DIRECTION('',(1.,0.));
#14918 = ( GEOMETRIC_REPRESENTATION_CONTEXT(2) 
PARAMETRIC_REPRESENTATION_CONTEXT() REPRESENTATION_CONTEXT('2D SPACE',''
  ) );
#14919 = ORIENTED_EDGE('',*,*,#13164,.T.);
#14920 = ORIENTED_EDGE('',*,*,#14921,.T.);
#14921 = EDGE_CURVE('',#13137,#14922,#14924,.T.);
#14922 = VERTEX_POINT('',#14923);
#14923 = CARTESIAN_POINT('',(-20.75,156.68803439002,15.409550727409));
#14924 = SURFACE_CURVE('',#14925,(#14929,#14936),.PCURVE_S1.);
#14925 = LINE('',#14926,#14927);
#14926 = CARTESIAN_POINT('',(-20.75,152.47555684683,26.98323765729));
#14927 = VECTOR('',#14928,1.);
#14928 = DIRECTION('',(0.,0.342020143326,-0.939692620786));
#14929 = PCURVE('',#13180,#14930);
#14930 = DEFINITIONAL_REPRESENTATION('',(#14931),#14935);
#14931 = LINE('',#14932,#14933);
#14932 = CARTESIAN_POINT('',(22.,-20.75));
#14933 = VECTOR('',#14934,1.);
#14934 = DIRECTION('',(1.,0.));
#14935 = ( GEOMETRIC_REPRESENTATION_CONTEXT(2) 
PARAMETRIC_REPRESENTATION_CONTEXT() REPRESENTATION_CONTEXT('2D SPACE',''
  ) );
#14936 = PCURVE('',#14937,#14942);
#14937 = PLANE('',#14938);
#14938 = AXIS2_PLACEMENT_3D('',#14939,#14940,#14941);
#14939 = CARTESIAN_POINT('',(-20.75,144.95111369367,47.65647531458));
#14940 = DIRECTION('',(-1.,0.,0.));
#14941 = DIRECTION('',(0.,0.342020143326,-0.939692620786));
#14942 = DEFINITIONAL_REPRESENTATION('',(#14943),#14947);
#14943 = LINE('',#14944,#14945);
#14944 = CARTESIAN_POINT('',(22.,-9.769962616701E-15));
#14945 = VECTOR('',#14946,1.);
#14946 = DIRECTION('',(1.,0.));
#14947 = ( GEOMETRIC_REPRESENTATION_CONTEXT(2) 
PARAMETRIC_REPRESENTATION_CONTEXT() REPRESENTATION_CONTEXT('2D SPACE',''
  ) );
#14948 = ORIENTED_EDGE('',*,*,#14949,.T.);
#14949 = EDGE_CURVE('',#14922,#14898,#14950,.T.);
#14950 = SURFACE_CURVE('',#14951,(#14955,#14961),.PCURVE_S1.);
#14951 = LINE('',#14952,#14953);
#14952 = CARTESIAN_POINT('',(0.,156.68803439002,15.409550727409));
#14953 = VECTOR('',#14954,1.);
#14954 = DIRECTION('',(1.,0.,0.));
#14955 = PCURVE('',#13180,#14956);
#14956 = DEFINITIONAL_REPRESENTATION('',(#14957),#14960);
#14957 = B_SPLINE_CURVE_WITH_KNOTS('',1,(#14958,#14959),.UNSPECIFIED.,
  .F.,.F.,(2,2),(-20.75,20.75),.PIECEWISE_BEZIER_KNOTS.);
#14958 = CARTESIAN_POINT('',(34.316460376374,-20.75));
#14959 = CARTESIAN_POINT('',(34.316460376374,20.75));
#14960 = ( GEOMETRIC_REPRESENTATION_CONTEXT(2) 
PARAMETRIC_REPRESENTATION_CONTEXT() REPRESENTATION_CONTEXT('2D SPACE',''
  ) );
#14961 = PCURVE('',#14962,#14967);
#14962 = PLANE('',#14963);
#14963 = AXIS2_PLACEMENT_3D('',#14964,#14965,#14966);
#14964 = CARTESIAN_POINT('',(0.,162.45929897708,4.));
#14965 = DIRECTION('',(-0.,0.892337475708,0.451368839694));
#14966 = DIRECTION('',(0.,-0.451368839694,0.892337475708));
#14967 = DEFINITIONAL_REPRESENTATION('',(#14968),#14971);
#14968 = B_SPLINE_CURVE_WITH_KNOTS('',1,(#14969,#14970),.UNSPECIFIED.,
  .F.,.F.,(2,2),(-20.75,20.75),.PIECEWISE_BEZIER_KNOTS.);
#14969 = CARTESIAN_POINT('',(12.786138695288,-20.75));
#14970 = CARTESIAN_POINT('',(12.786138695288,20.75));
#14971 = ( GEOMETRIC_REPRESENTATION_CONTEXT(2) 
PARAMETRIC_REPRESENTATION_CONTEXT() REPRESENTATION_CONTEXT('2D SPACE',''
  ) );
#14972 = ADVANCED_FACE('',(#14973),#13152,.F.);
#14973 = FACE_BOUND('',#14974,.F.);
#14974 = EDGE_LOOP('',(#14975,#14976,#14977,#15000,#15028,#15049));
#14975 = ORIENTED_EDGE('',*,*,#13219,.T.);
#14976 = ORIENTED_EDGE('',*,*,#14680,.F.);
#14977 = ORIENTED_EDGE('',*,*,#14978,.F.);
#14978 = EDGE_CURVE('',#14979,#14681,#14981,.T.);
#14979 = VERTEX_POINT('',#14980);
#14980 = CARTESIAN_POINT('',(-19.25,147.77019155602,48.682535744557));
#14981 = SURFACE_CURVE('',#14982,(#14986,#14993),.PCURVE_S1.);
#14982 = LINE('',#14983,#14984);
#14983 = CARTESIAN_POINT('',(-19.25,147.77019155602,48.682535744557));
#14984 = VECTOR('',#14985,1.);
#14985 = DIRECTION('',(0.,0.939692620786,0.342020143326));
#14986 = PCURVE('',#13152,#14987);
#14987 = DEFINITIONAL_REPRESENTATION('',(#14988),#14992);
#14988 = LINE('',#14989,#14990);
#14989 = CARTESIAN_POINT('',(3.5,-3.));
#14990 = VECTOR('',#14991,1.);
#14991 = DIRECTION('',(0.,-1.));
#14992 = ( GEOMETRIC_REPRESENTATION_CONTEXT(2) 
PARAMETRIC_REPRESENTATION_CONTEXT() REPRESENTATION_CONTEXT('2D SPACE',''
  ) );
#14993 = PCURVE('',#14719,#14994);
#14994 = DEFINITIONAL_REPRESENTATION('',(#14995),#14999);
#14995 = LINE('',#14996,#14997);
#14996 = CARTESIAN_POINT('',(0.,-0.));
#14997 = VECTOR('',#14998,1.);
#14998 = DIRECTION('',(0.,-1.));
#14999 = ( GEOMETRIC_REPRESENTATION_CONTEXT(2) 
PARAMETRIC_REPRESENTATION_CONTEXT() REPRESENTATION_CONTEXT('2D SPACE',''
  ) );
#15000 = ORIENTED_EDGE('',*,*,#15001,.F.);
#15001 = EDGE_CURVE('',#15002,#14979,#15004,.T.);
#15002 = VERTEX_POINT('',#15003);
#15003 = CARTESIAN_POINT('',(-20.75,147.77019155602,48.682535744557));
#15004 = SURFACE_CURVE('',#15005,(#15009,#15016),.PCURVE_S1.);
#15005 = LINE('',#15006,#15007);
#15006 = CARTESIAN_POINT('',(-20.,147.77019155602,48.682535744557));
#15007 = VECTOR('',#15008,1.);
#15008 = DIRECTION('',(1.,0.,0.));
#15009 = PCURVE('',#13152,#15010);
#15010 = DEFINITIONAL_REPRESENTATION('',(#15011),#15015);
#15011 = LINE('',#15012,#15013);
#15012 = CARTESIAN_POINT('',(2.75,-3.));
#15013 = VECTOR('',#15014,1.);
#15014 = DIRECTION('',(1.,0.));
#15015 = ( GEOMETRIC_REPRESENTATION_CONTEXT(2) 
PARAMETRIC_REPRESENTATION_CONTEXT() REPRESENTATION_CONTEXT('2D SPACE',''
  ) );
#15016 = PCURVE('',#15017,#15022);
#15017 = PLANE('',#15018);
#15018 = AXIS2_PLACEMENT_3D('',#15019,#15020,#15021);
#15019 = CARTESIAN_POINT('',(-20.,154.95261456586,28.948990708053));
#15020 = DIRECTION('',(0.,0.939692620786,0.342020143326));
#15021 = DIRECTION('',(1.,0.,0.));
#15022 = DEFINITIONAL_REPRESENTATION('',(#15023),#15027);
#15023 = LINE('',#15024,#15025);
#15024 = CARTESIAN_POINT('',(0.,-21.));
#15025 = VECTOR('',#15026,1.);
#15026 = DIRECTION('',(1.,0.));
#15027 = ( GEOMETRIC_REPRESENTATION_CONTEXT(2) 
PARAMETRIC_REPRESENTATION_CONTEXT() REPRESENTATION_CONTEXT('2D SPACE',''
  ) );
#15028 = ORIENTED_EDGE('',*,*,#15029,.F.);
#15029 = EDGE_CURVE('',#13137,#15002,#15030,.T.);
#15030 = SURFACE_CURVE('',#15031,(#15035,#15042),.PCURVE_S1.);
#15031 = LINE('',#15032,#15033);
#15032 = CARTESIAN_POINT('',(-20.75,144.95111369367,47.65647531458));
#15033 = VECTOR('',#15034,1.);
#15034 = DIRECTION('',(0.,0.939692620786,0.342020143326));
#15035 = PCURVE('',#13152,#15036);
#15036 = DEFINITIONAL_REPRESENTATION('',(#15037),#15041);
#15037 = LINE('',#15038,#15039);
#15038 = CARTESIAN_POINT('',(2.,0.));
#15039 = VECTOR('',#15040,1.);
#15040 = DIRECTION('',(0.,-1.));
#15041 = ( GEOMETRIC_REPRESENTATION_CONTEXT(2) 
PARAMETRIC_REPRESENTATION_CONTEXT() REPRESENTATION_CONTEXT('2D SPACE',''
  ) );
#15042 = PCURVE('',#14937,#15043);
#15043 = DEFINITIONAL_REPRESENTATION('',(#15044),#15048);
#15044 = LINE('',#15045,#15046);
#15045 = CARTESIAN_POINT('',(0.,-0.));
#15046 = VECTOR('',#15047,1.);
#15047 = DIRECTION('',(0.,-1.));
#15048 = ( GEOMETRIC_REPRESENTATION_CONTEXT(2) 
PARAMETRIC_REPRESENTATION_CONTEXT() REPRESENTATION_CONTEXT('2D SPACE',''
  ) );
#15049 = ORIENTED_EDGE('',*,*,#13136,.T.);
#15050 = ADVANCED_FACE('',(#15051),#13382,.T.);
#15051 = FACE_BOUND('',#15052,.T.);
#15052 = EDGE_LOOP('',(#15053,#15054,#15055,#15056));
#15053 = ORIENTED_EDGE('',*,*,#14384,.F.);
#15054 = ORIENTED_EDGE('',*,*,#13367,.T.);
#15055 = ORIENTED_EDGE('',*,*,#14435,.T.);
#15056 = ORIENTED_EDGE('',*,*,#14487,.T.);
#15057 = ADVANCED_FACE('',(#15058,#15064),#13481,.T.);
#15058 = FACE_BOUND('',#15059,.T.);
#15059 = EDGE_LOOP('',(#15060,#15061,#15062,#15063));
#15060 = ORIENTED_EDGE('',*,*,#13519,.F.);
#15061 = ORIENTED_EDGE('',*,*,#13465,.T.);
#15062 = ORIENTED_EDGE('',*,*,#13617,.T.);
#15063 = ORIENTED_EDGE('',*,*,#13568,.F.);
#15064 = FACE_BOUND('',#15065,.T.);
#15065 = EDGE_LOOP('',(#15066,#15096,#15124,#15152));
#15066 = ORIENTED_EDGE('',*,*,#15067,.F.);
#15067 = EDGE_CURVE('',#15068,#15070,#15072,.T.);
#15068 = VERTEX_POINT('',#15069);
#15069 = CARTESIAN_POINT('',(-34.2,64.866440572148,33.408769991181));
#15070 = VERTEX_POINT('',#15071);
#15071 = CARTESIAN_POINT('',(34.2,64.866440572148,33.408769991181));
#15072 = SURFACE_CURVE('',#15073,(#15077,#15084),.PCURVE_S1.);
#15073 = LINE('',#15074,#15075);
#15074 = CARTESIAN_POINT('',(0.,64.866440572148,33.408769991181));
#15075 = VECTOR('',#15076,1.);
#15076 = DIRECTION('',(1.,0.,0.));
#15077 = PCURVE('',#13481,#15078);
#15078 = DEFINITIONAL_REPRESENTATION('',(#15079),#15083);
#15079 = LINE('',#15080,#15081);
#15080 = CARTESIAN_POINT('',(0.,-36.975));
#15081 = VECTOR('',#15082,1.);
#15082 = DIRECTION('',(1.,0.));
#15083 = ( GEOMETRIC_REPRESENTATION_CONTEXT(2) 
PARAMETRIC_REPRESENTATION_CONTEXT() REPRESENTATION_CONTEXT('2D SPACE',''
  ) );
#15084 = PCURVE('',#15085,#15090);
#15085 = PLANE('',#15086);
#15086 = AXIS2_PLACEMENT_3D('',#15087,#15088,#15089);
#15087 = CARTESIAN_POINT('',(-34.2,66.280654134521,23.509275054569));
#15088 = DIRECTION('',(-0.,0.989949493661,0.141421356237));
#15089 = DIRECTION('',(1.,0.,0.));
#15090 = DEFINITIONAL_REPRESENTATION('',(#15091),#15095);
#15091 = LINE('',#15092,#15093);
#15092 = CARTESIAN_POINT('',(34.2,-10.));
#15093 = VECTOR('',#15094,1.);
#15094 = DIRECTION('',(1.,0.));
#15095 = ( GEOMETRIC_REPRESENTATION_CONTEXT(2) 
PARAMETRIC_REPRESENTATION_CONTEXT() REPRESENTATION_CONTEXT('2D SPACE',''
  ) );
#15096 = ORIENTED_EDGE('',*,*,#15097,.T.);
#15097 = EDGE_CURVE('',#15068,#15098,#15100,.T.);
#15098 = VERTEX_POINT('',#15099);
#15099 = CARTESIAN_POINT('',(-34.2,138.07320562839,43.86687928493));
#15100 = SURFACE_CURVE('',#15101,(#15105,#15112),.PCURVE_S1.);
#15101 = LINE('',#15102,#15103);
#15102 = CARTESIAN_POINT('',(-34.2,101.46982310027,38.637824638055));
#15103 = VECTOR('',#15104,1.);
#15104 = DIRECTION('',(0.,0.989949493661,0.141421356237));
#15105 = PCURVE('',#13481,#15106);
#15106 = DEFINITIONAL_REPRESENTATION('',(#15107),#15111);
#15107 = LINE('',#15108,#15109);
#15108 = CARTESIAN_POINT('',(-34.2,0.));
#15109 = VECTOR('',#15110,1.);
#15110 = DIRECTION('',(0.,1.));
#15111 = ( GEOMETRIC_REPRESENTATION_CONTEXT(2) 
PARAMETRIC_REPRESENTATION_CONTEXT() REPRESENTATION_CONTEXT('2D SPACE',''
  ) );
#15112 = PCURVE('',#15113,#15118);
#15113 = PLANE('',#15114);
#15114 = AXIS2_PLACEMENT_3D('',#15115,#15116,#15117);
#15115 = CARTESIAN_POINT('',(-34.2,66.280654134521,23.509275054569));
#15116 = DIRECTION('',(-1.,0.,0.));
#15117 = DIRECTION('',(0.,0.989949493661,0.141421356237));
#15118 = DEFINITIONAL_REPRESENTATION('',(#15119),#15123);
#15119 = LINE('',#15120,#15121);
#15120 = CARTESIAN_POINT('',(36.975,-10.));
#15121 = VECTOR('',#15122,1.);
#15122 = DIRECTION('',(1.,0.));
#15123 = ( GEOMETRIC_REPRESENTATION_CONTEXT(2) 
PARAMETRIC_REPRESENTATION_CONTEXT() REPRESENTATION_CONTEXT('2D SPACE',''
  ) );
#15124 = ORIENTED_EDGE('',*,*,#15125,.T.);
#15125 = EDGE_CURVE('',#15098,#15126,#15128,.T.);
#15126 = VERTEX_POINT('',#15127);
#15127 = CARTESIAN_POINT('',(34.2,138.07320562839,43.86687928493));
#15128 = SURFACE_CURVE('',#15129,(#15133,#15140),.PCURVE_S1.);
#15129 = LINE('',#15130,#15131);
#15130 = CARTESIAN_POINT('',(0.,138.07320562839,43.86687928493));
#15131 = VECTOR('',#15132,1.);
#15132 = DIRECTION('',(1.,0.,0.));
#15133 = PCURVE('',#13481,#15134);
#15134 = DEFINITIONAL_REPRESENTATION('',(#15135),#15139);
#15135 = LINE('',#15136,#15137);
#15136 = CARTESIAN_POINT('',(0.,36.975));
#15137 = VECTOR('',#15138,1.);
#15138 = DIRECTION('',(1.,0.));
#15139 = ( GEOMETRIC_REPRESENTATION_CONTEXT(2) 
PARAMETRIC_REPRESENTATION_CONTEXT() REPRESENTATION_CONTEXT('2D SPACE',''
  ) );
#15140 = PCURVE('',#15141,#15146);
#15141 = PLANE('',#15142);
#15142 = AXIS2_PLACEMENT_3D('',#15143,#15144,#15145);
#15143 = CARTESIAN_POINT('',(-34.2,139.48741919076,33.967384348318));
#15144 = DIRECTION('',(-0.,0.989949493661,0.141421356237));
#15145 = DIRECTION('',(1.,0.,0.));
#15146 = DEFINITIONAL_REPRESENTATION('',(#15147),#15151);
#15147 = LINE('',#15148,#15149);
#15148 = CARTESIAN_POINT('',(34.2,-10.));
#15149 = VECTOR('',#15150,1.);
#15150 = DIRECTION('',(1.,0.));
#15151 = ( GEOMETRIC_REPRESENTATION_CONTEXT(2) 
PARAMETRIC_REPRESENTATION_CONTEXT() REPRESENTATION_CONTEXT('2D SPACE',''
  ) );
#15152 = ORIENTED_EDGE('',*,*,#15153,.F.);
#15153 = EDGE_CURVE('',#15070,#15126,#15154,.T.);
#15154 = SURFACE_CURVE('',#15155,(#15159,#15166),.PCURVE_S1.);
#15155 = LINE('',#15156,#15157);
#15156 = CARTESIAN_POINT('',(34.2,101.46982310027,38.637824638055));
#15157 = VECTOR('',#15158,1.);
#15158 = DIRECTION('',(0.,0.989949493661,0.141421356237));
#15159 = PCURVE('',#13481,#15160);
#15160 = DEFINITIONAL_REPRESENTATION('',(#15161),#15165);
#15161 = LINE('',#15162,#15163);
#15162 = CARTESIAN_POINT('',(34.2,0.));
#15163 = VECTOR('',#15164,1.);
#15164 = DIRECTION('',(0.,1.));
#15165 = ( GEOMETRIC_REPRESENTATION_CONTEXT(2) 
PARAMETRIC_REPRESENTATION_CONTEXT() REPRESENTATION_CONTEXT('2D SPACE',''
  ) );
#15166 = PCURVE('',#15167,#15172);
#15167 = PLANE('',#15168);
#15168 = AXIS2_PLACEMENT_3D('',#15169,#15170,#15171);
#15169 = CARTESIAN_POINT('',(34.2,66.280654134521,23.509275054569));
#15170 = DIRECTION('',(-1.,0.,0.));
#15171 = DIRECTION('',(0.,0.989949493661,0.141421356237));
#15172 = DEFINITIONAL_REPRESENTATION('',(#15173),#15177);
#15173 = LINE('',#15174,#15175);
#15174 = CARTESIAN_POINT('',(36.975,-10.));
#15175 = VECTOR('',#15176,1.);
#15176 = DIRECTION('',(1.,0.));
#15177 = ( GEOMETRIC_REPRESENTATION_CONTEXT(2) 
PARAMETRIC_REPRESENTATION_CONTEXT() REPRESENTATION_CONTEXT('2D SPACE',''
  ) );
#15178 = ADVANCED_FACE('',(#15179,#15182),#13681,.T.);
#15179 = FACE_BOUND('',#15180,.T.);
#15180 = EDGE_LOOP('',(#15181));
#15181 = ORIENTED_EDGE('',*,*,#13666,.T.);
#15182 = FACE_BOUND('',#15183,.T.);
#15183 = EDGE_LOOP('',(#15184));
#15184 = ORIENTED_EDGE('',*,*,#15185,.F.);
#15185 = EDGE_CURVE('',#15186,#15186,#15188,.T.);
#15186 = VERTEX_POINT('',#15187);
#15187 = CARTESIAN_POINT('',(-10.7,58.548441482246,24.424978336206));
#15188 = SURFACE_CURVE('',#15189,(#15194,#15201),.PCURVE_S1.);
#15189 = CIRCLE('',#15190,1.3);
#15190 = AXIS2_PLACEMENT_3D('',#15191,#15192,#15193);
#15191 = CARTESIAN_POINT('',(-12.,58.548441482246,24.424978336206));
#15192 = DIRECTION('',(0.,-0.141421356237,0.989949493661));
#15193 = DIRECTION('',(1.,0.,0.));
#15194 = PCURVE('',#13681,#15195);
#15195 = DEFINITIONAL_REPRESENTATION('',(#15196),#15200);
#15196 = CIRCLE('',#15197,1.3);
#15197 = AXIS2_PLACEMENT_2D('',#15198,#15199);
#15198 = CARTESIAN_POINT('',(0.,-5.024295867788E-16));
#15199 = DIRECTION('',(1.,0.));
#15200 = ( GEOMETRIC_REPRESENTATION_CONTEXT(2) 
PARAMETRIC_REPRESENTATION_CONTEXT() REPRESENTATION_CONTEXT('2D SPACE',''
  ) );
#15201 = PCURVE('',#14533,#15202);
#15202 = DEFINITIONAL_REPRESENTATION('',(#15203),#15207);
#15203 = LINE('',#15204,#15205);
#15204 = CARTESIAN_POINT('',(0.,2.));
#15205 = VECTOR('',#15206,1.);
#15206 = DIRECTION('',(1.,0.));
#15207 = ( GEOMETRIC_REPRESENTATION_CONTEXT(2) 
PARAMETRIC_REPRESENTATION_CONTEXT() REPRESENTATION_CONTEXT('2D SPACE',''
  ) );
#15208 = ADVANCED_FACE('',(#15209,#15212),#13736,.T.);
#15209 = FACE_BOUND('',#15210,.T.);
#15210 = EDGE_LOOP('',(#15211));
#15211 = ORIENTED_EDGE('',*,*,#13721,.T.);
#15212 = FACE_BOUND('',#15213,.T.);
#15213 = EDGE_LOOP('',(#15214));
#15214 = ORIENTED_EDGE('',*,*,#15215,.F.);
#15215 = EDGE_CURVE('',#15216,#15216,#15218,.T.);
#15216 = VERTEX_POINT('',#15217);
#15217 = CARTESIAN_POINT('',(-10.7,34.789653634378,21.03086578651));
#15218 = SURFACE_CURVE('',#15219,(#15224,#15231),.PCURVE_S1.);
#15219 = CIRCLE('',#15220,1.3);
#15220 = AXIS2_PLACEMENT_3D('',#15221,#15222,#15223);
#15221 = CARTESIAN_POINT('',(-12.,34.789653634378,21.03086578651));
#15222 = DIRECTION('',(0.,-0.141421356237,0.989949493661));
#15223 = DIRECTION('',(1.,0.,0.));
#15224 = PCURVE('',#13736,#15225);
#15225 = DEFINITIONAL_REPRESENTATION('',(#15226),#15230);
#15226 = CIRCLE('',#15227,1.3);
#15227 = AXIS2_PLACEMENT_2D('',#15228,#15229);
#15228 = CARTESIAN_POINT('',(0.,5.024295867788E-16));
#15229 = DIRECTION('',(1.,0.));
#15230 = ( GEOMETRIC_REPRESENTATION_CONTEXT(2) 
PARAMETRIC_REPRESENTATION_CONTEXT() REPRESENTATION_CONTEXT('2D SPACE',''
  ) );
#15231 = PCURVE('',#14568,#15232);
#15232 = DEFINITIONAL_REPRESENTATION('',(#15233),#15237);
#15233 = LINE('',#15234,#15235);
#15234 = CARTESIAN_POINT('',(0.,2.));
#15235 = VECTOR('',#15236,1.);
#15236 = DIRECTION('',(1.,0.));
#15237 = ( GEOMETRIC_REPRESENTATION_CONTEXT(2) 
PARAMETRIC_REPRESENTATION_CONTEXT() REPRESENTATION_CONTEXT('2D SPACE',''
  ) );
#15238 = ADVANCED_FACE('',(#15239),#13791,.T.);
#15239 = FACE_BOUND('',#15240,.T.);
#15240 = EDGE_LOOP('',(#15241));
#15241 = ORIENTED_EDGE('',*,*,#13776,.T.);
#15242 = ADVANCED_FACE('',(#15243,#15246),#13846,.T.);
#15243 = FACE_BOUND('',#15244,.T.);
#15244 = EDGE_LOOP('',(#15245));
#15245 = ORIENTED_EDGE('',*,*,#13831,.T.);
#15246 = FACE_BOUND('',#15247,.T.);
#15247 = EDGE_LOOP('',(#15248));
#15248 = ORIENTED_EDGE('',*,*,#15249,.F.);
#15249 = EDGE_CURVE('',#15250,#15250,#15252,.T.);
#15250 = VERTEX_POINT('',#15251);
#15251 = CARTESIAN_POINT('',(13.3,58.548441482246,24.424978336206));
#15252 = SURFACE_CURVE('',#15253,(#15258,#15265),.PCURVE_S1.);
#15253 = CIRCLE('',#15254,1.3);
#15254 = AXIS2_PLACEMENT_3D('',#15255,#15256,#15257);
#15255 = CARTESIAN_POINT('',(12.,58.548441482246,24.424978336206));
#15256 = DIRECTION('',(0.,-0.141421356237,0.989949493661));
#15257 = DIRECTION('',(1.,0.,0.));
#15258 = PCURVE('',#13846,#15259);
#15259 = DEFINITIONAL_REPRESENTATION('',(#15260),#15264);
#15260 = CIRCLE('',#15261,1.3);
#15261 = AXIS2_PLACEMENT_2D('',#15262,#15263);
#15262 = CARTESIAN_POINT('',(0.,-5.024295867788E-16));
#15263 = DIRECTION('',(1.,0.));
#15264 = ( GEOMETRIC_REPRESENTATION_CONTEXT(2) 
PARAMETRIC_REPRESENTATION_CONTEXT() REPRESENTATION_CONTEXT('2D SPACE',''
  ) );
#15265 = PCURVE('',#14603,#15266);
#15266 = DEFINITIONAL_REPRESENTATION('',(#15267),#15271);
#15267 = LINE('',#15268,#15269);
#15268 = CARTESIAN_POINT('',(0.,2.));
#15269 = VECTOR('',#15270,1.);
#15270 = DIRECTION('',(1.,0.));
#15271 = ( GEOMETRIC_REPRESENTATION_CONTEXT(2) 
PARAMETRIC_REPRESENTATION_CONTEXT() REPRESENTATION_CONTEXT('2D SPACE',''
  ) );
#15272 = ADVANCED_FACE('',(#15273,#15276),#13901,.T.);
#15273 = FACE_BOUND('',#15274,.T.);
#15274 = EDGE_LOOP('',(#15275));
#15275 = ORIENTED_EDGE('',*,*,#13886,.T.);
#15276 = FACE_BOUND('',#15277,.T.);
#15277 = EDGE_LOOP('',(#15278));
#15278 = ORIENTED_EDGE('',*,*,#15279,.F.);
#15279 = EDGE_CURVE('',#15280,#15280,#15282,.T.);
#15280 = VERTEX_POINT('',#15281);
#15281 = CARTESIAN_POINT('',(13.3,34.789653634378,21.03086578651));
#15282 = SURFACE_CURVE('',#15283,(#15288,#15295),.PCURVE_S1.);
#15283 = CIRCLE('',#15284,1.3);
#15284 = AXIS2_PLACEMENT_3D('',#15285,#15286,#15287);
#15285 = CARTESIAN_POINT('',(12.,34.789653634378,21.03086578651));
#15286 = DIRECTION('',(0.,-0.141421356237,0.989949493661));
#15287 = DIRECTION('',(1.,0.,0.));
#15288 = PCURVE('',#13901,#15289);
#15289 = DEFINITIONAL_REPRESENTATION('',(#15290),#15294);
#15290 = CIRCLE('',#15291,1.3);
#15291 = AXIS2_PLACEMENT_2D('',#15292,#15293);
#15292 = CARTESIAN_POINT('',(0.,5.024295867788E-16));
#15293 = DIRECTION('',(1.,0.));
#15294 = ( GEOMETRIC_REPRESENTATION_CONTEXT(2) 
PARAMETRIC_REPRESENTATION_CONTEXT() REPRESENTATION_CONTEXT('2D SPACE',''
  ) );
#15295 = PCURVE('',#14638,#15296);
#15296 = DEFINITIONAL_REPRESENTATION('',(#15297),#15301);
#15297 = LINE('',#15298,#15299);
#15298 = CARTESIAN_POINT('',(0.,2.));
#15299 = VECTOR('',#15300,1.);
#15300 = DIRECTION('',(1.,0.));
#15301 = ( GEOMETRIC_REPRESENTATION_CONTEXT(2) 
PARAMETRIC_REPRESENTATION_CONTEXT() REPRESENTATION_CONTEXT('2D SPACE',''
  ) );
#15302 = ADVANCED_FACE('',(#15303),#13978,.T.);
#15303 = FACE_BOUND('',#15304,.T.);
#15304 = EDGE_LOOP('',(#15305,#15326,#15327,#15328,#15329,#15350,#15376,
    #15402));
#15305 = ORIENTED_EDGE('',*,*,#15306,.T.);
#15306 = EDGE_CURVE('',#15307,#14098,#15309,.T.);
#15307 = VERTEX_POINT('',#15308);
#15308 = CARTESIAN_POINT('',(40.9,31.2,36.504761904762));
#15309 = SURFACE_CURVE('',#15310,(#15314,#15320),.PCURVE_S1.);
#15310 = LINE('',#15311,#15312);
#15311 = CARTESIAN_POINT('',(18.,31.2,36.504761904762));
#15312 = VECTOR('',#15313,1.);
#15313 = DIRECTION('',(-1.,0.,0.));
#15314 = PCURVE('',#13978,#15315);
#15315 = DEFINITIONAL_REPRESENTATION('',(#15316),#15319);
#15316 = B_SPLINE_CURVE_WITH_KNOTS('',1,(#15317,#15318),.UNSPECIFIED.,
  .F.,.F.,(2,2),(-23.5,-19.),.PIECEWISE_BEZIER_KNOTS.);
#15317 = CARTESIAN_POINT('',(112.46963409785,41.5));
#15318 = CARTESIAN_POINT('',(112.46963409785,37.));
#15319 = ( GEOMETRIC_REPRESENTATION_CONTEXT(2) 
PARAMETRIC_REPRESENTATION_CONTEXT() REPRESENTATION_CONTEXT('2D SPACE',''
  ) );
#15320 = PCURVE('',#14112,#15321);
#15321 = DEFINITIONAL_REPRESENTATION('',(#15322),#15325);
#15322 = B_SPLINE_CURVE_WITH_KNOTS('',1,(#15323,#15324),.UNSPECIFIED.,
  .F.,.F.,(2,2),(-23.5,-19.),.PIECEWISE_BEZIER_KNOTS.);
#15323 = CARTESIAN_POINT('',(12.004761904762,5.5));
#15324 = CARTESIAN_POINT('',(12.004761904762,1.));
#15325 = ( GEOMETRIC_REPRESENTATION_CONTEXT(2) 
PARAMETRIC_REPRESENTATION_CONTEXT() REPRESENTATION_CONTEXT('2D SPACE',''
  ) );
#15326 = ORIENTED_EDGE('',*,*,#14123,.T.);
#15327 = ORIENTED_EDGE('',*,*,#13965,.T.);
#15328 = ORIENTED_EDGE('',*,*,#14301,.F.);
#15329 = ORIENTED_EDGE('',*,*,#15330,.T.);
#15330 = EDGE_CURVE('',#14276,#15331,#15333,.T.);
#15331 = VERTEX_POINT('',#15332);
#15332 = CARTESIAN_POINT('',(44.7,29.3,36.007142857143));
#15333 = SURFACE_CURVE('',#15334,(#15338,#15344),.PCURVE_S1.);
#15334 = LINE('',#15335,#15336);
#15335 = CARTESIAN_POINT('',(22.35,29.3,36.007142857143));
#15336 = VECTOR('',#15337,1.);
#15337 = DIRECTION('',(-1.,0.,0.));
#15338 = PCURVE('',#13978,#15339);
#15339 = DEFINITIONAL_REPRESENTATION('',(#15340),#15343);
#15340 = B_SPLINE_CURVE_WITH_KNOTS('',1,(#15341,#15342),.UNSPECIFIED.,
  .F.,.F.,(2,2),(-23.15,-22.35),.PIECEWISE_BEZIER_KNOTS.);
#15341 = CARTESIAN_POINT('',(114.43371778154,45.5));
#15342 = CARTESIAN_POINT('',(114.43371778154,44.7));
#15343 = ( GEOMETRIC_REPRESENTATION_CONTEXT(2) 
PARAMETRIC_REPRESENTATION_CONTEXT() REPRESENTATION_CONTEXT('2D SPACE',''
  ) );
#15344 = PCURVE('',#14290,#15345);
#15345 = DEFINITIONAL_REPRESENTATION('',(#15346),#15349);
#15346 = B_SPLINE_CURVE_WITH_KNOTS('',1,(#15347,#15348),.UNSPECIFIED.,
  .F.,.F.,(2,2),(-23.15,-22.35),.PIECEWISE_BEZIER_KNOTS.);
#15347 = CARTESIAN_POINT('',(8.007142857143,0.8));
#15348 = CARTESIAN_POINT('',(8.007142857143,0.));
#15349 = ( GEOMETRIC_REPRESENTATION_CONTEXT(2) 
PARAMETRIC_REPRESENTATION_CONTEXT() REPRESENTATION_CONTEXT('2D SPACE',''
  ) );
#15350 = ORIENTED_EDGE('',*,*,#15351,.F.);
#15351 = EDGE_CURVE('',#15352,#15331,#15354,.T.);
#15352 = VERTEX_POINT('',#15353);
#15353 = CARTESIAN_POINT('',(44.7,28.7,35.85));
#15354 = SURFACE_CURVE('',#15355,(#15359,#15365),.PCURVE_S1.);
#15355 = LINE('',#15356,#15357);
#15356 = CARTESIAN_POINT('',(44.7,83.020371352785,50.076763925729));
#15357 = VECTOR('',#15358,1.);
#15358 = DIRECTION('',(-0.,0.96737222338,0.253359391838));
#15359 = PCURVE('',#13978,#15360);
#15360 = DEFINITIONAL_REPRESENTATION('',(#15361),#15364);
#15361 = B_SPLINE_CURVE_WITH_KNOTS('',1,(#15362,#15363),.UNSPECIFIED.,
  .F.,.F.,(2,2),(-56.15250266642,-52.74119942632),
  .PIECEWISE_BEZIER_KNOTS.);
#15362 = CARTESIAN_POINT('',(115.05395473429,44.7));
#15363 = CARTESIAN_POINT('',(111.64265149418,44.7));
#15364 = ( GEOMETRIC_REPRESENTATION_CONTEXT(2) 
PARAMETRIC_REPRESENTATION_CONTEXT() REPRESENTATION_CONTEXT('2D SPACE',''
  ) );
#15365 = PCURVE('',#15366,#15371);
#15366 = PLANE('',#15367);
#15367 = AXIS2_PLACEMENT_3D('',#15368,#15369,#15370);
#15368 = CARTESIAN_POINT('',(44.7,28.7,25.));
#15369 = DIRECTION('',(1.,0.,0.));
#15370 = DIRECTION('',(0.,0.,1.));
#15371 = DEFINITIONAL_REPRESENTATION('',(#15372),#15375);
#15372 = B_SPLINE_CURVE_WITH_KNOTS('',1,(#15373,#15374),.UNSPECIFIED.,
  .F.,.F.,(2,2),(-56.15250266642,-52.74119942632),
  .PIECEWISE_BEZIER_KNOTS.);
#15373 = CARTESIAN_POINT('',(10.85,0.));
#15374 = CARTESIAN_POINT('',(11.714285714286,-3.3));
#15375 = ( GEOMETRIC_REPRESENTATION_CONTEXT(2) 
PARAMETRIC_REPRESENTATION_CONTEXT() REPRESENTATION_CONTEXT('2D SPACE',''
  ) );
#15376 = ORIENTED_EDGE('',*,*,#15377,.T.);
#15377 = EDGE_CURVE('',#15352,#15378,#15380,.T.);
#15378 = VERTEX_POINT('',#15379);
#15379 = CARTESIAN_POINT('',(40.9,28.7,35.85));
#15380 = SURFACE_CURVE('',#15381,(#15385,#15391),.PCURVE_S1.);
#15381 = LINE('',#15382,#15383);
#15382 = CARTESIAN_POINT('',(20.45,28.7,35.85));
#15383 = VECTOR('',#15384,1.);
#15384 = DIRECTION('',(-1.,0.,0.));
#15385 = PCURVE('',#13978,#15386);
#15386 = DEFINITIONAL_REPRESENTATION('',(#15387),#15390);
#15387 = B_SPLINE_CURVE_WITH_KNOTS('',1,(#15388,#15389),.UNSPECIFIED.,
  .F.,.F.,(2,2),(-24.25,-20.45),.PIECEWISE_BEZIER_KNOTS.);
#15388 = CARTESIAN_POINT('',(115.05395473429,44.7));
#15389 = CARTESIAN_POINT('',(115.05395473429,40.9));
#15390 = ( GEOMETRIC_REPRESENTATION_CONTEXT(2) 
PARAMETRIC_REPRESENTATION_CONTEXT() REPRESENTATION_CONTEXT('2D SPACE',''
  ) );
#15391 = PCURVE('',#15392,#15397);
#15392 = PLANE('',#15393);
#15393 = AXIS2_PLACEMENT_3D('',#15394,#15395,#15396);
#15394 = CARTESIAN_POINT('',(40.9,28.7,25.));
#15395 = DIRECTION('',(0.,1.,0.));
#15396 = DIRECTION('',(0.,0.,1.));
#15397 = DEFINITIONAL_REPRESENTATION('',(#15398),#15401);
#15398 = B_SPLINE_CURVE_WITH_KNOTS('',1,(#15399,#15400),.UNSPECIFIED.,
  .F.,.F.,(2,2),(-24.25,-20.45),.PIECEWISE_BEZIER_KNOTS.);
#15399 = CARTESIAN_POINT('',(10.85,3.8));
#15400 = CARTESIAN_POINT('',(10.85,0.));
#15401 = ( GEOMETRIC_REPRESENTATION_CONTEXT(2) 
PARAMETRIC_REPRESENTATION_CONTEXT() REPRESENTATION_CONTEXT('2D SPACE',''
  ) );
#15402 = ORIENTED_EDGE('',*,*,#15403,.T.);
#15403 = EDGE_CURVE('',#15378,#15307,#15404,.T.);
#15404 = SURFACE_CURVE('',#15405,(#15409,#15415),.PCURVE_S1.);
#15405 = LINE('',#15406,#15407);
#15406 = CARTESIAN_POINT('',(40.9,83.020371352785,50.076763925729));
#15407 = VECTOR('',#15408,1.);
#15408 = DIRECTION('',(-0.,0.96737222338,0.253359391838));
#15409 = PCURVE('',#13978,#15410);
#15410 = DEFINITIONAL_REPRESENTATION('',(#15411),#15414);
#15411 = B_SPLINE_CURVE_WITH_KNOTS('',1,(#15412,#15413),.UNSPECIFIED.,
  .F.,.F.,(2,2),(-56.15250266642,-53.56818202998),
  .PIECEWISE_BEZIER_KNOTS.);
#15412 = CARTESIAN_POINT('',(115.05395473429,40.9));
#15413 = CARTESIAN_POINT('',(112.46963409785,40.9));
#15414 = ( GEOMETRIC_REPRESENTATION_CONTEXT(2) 
PARAMETRIC_REPRESENTATION_CONTEXT() REPRESENTATION_CONTEXT('2D SPACE',''
  ) );
#15415 = PCURVE('',#15416,#15421);
#15416 = PLANE('',#15417);
#15417 = AXIS2_PLACEMENT_3D('',#15418,#15419,#15420);
#15418 = CARTESIAN_POINT('',(40.9,28.7,25.));
#15419 = DIRECTION('',(1.,0.,0.));
#15420 = DIRECTION('',(0.,0.,1.));
#15421 = DEFINITIONAL_REPRESENTATION('',(#15422),#15425);
#15422 = B_SPLINE_CURVE_WITH_KNOTS('',1,(#15423,#15424),.UNSPECIFIED.,
  .F.,.F.,(2,2),(-56.15250266642,-53.56818202998),
  .PIECEWISE_BEZIER_KNOTS.);
#15423 = CARTESIAN_POINT('',(10.85,0.));
#15424 = CARTESIAN_POINT('',(11.504761904762,-2.5));
#15425 = ( GEOMETRIC_REPRESENTATION_CONTEXT(2) 
PARAMETRIC_REPRESENTATION_CONTEXT() REPRESENTATION_CONTEXT('2D SPACE',''
  ) );
#15426 = ADVANCED_FACE('',(#15427),#14112,.T.);
#15427 = FACE_BOUND('',#15428,.T.);
#15428 = EDGE_LOOP('',(#15429,#15459,#15480,#15481,#15482,#15503));
#15429 = ORIENTED_EDGE('',*,*,#15430,.F.);
#15430 = EDGE_CURVE('',#15431,#15433,#15435,.T.);
#15431 = VERTEX_POINT('',#15432);
#15432 = CARTESIAN_POINT('',(41.5,31.2,24.5));
#15433 = VERTEX_POINT('',#15434);
#15434 = CARTESIAN_POINT('',(41.5,31.2,25.));
#15435 = SURFACE_CURVE('',#15436,(#15440,#15447),.PCURVE_S1.);
#15436 = LINE('',#15437,#15438);
#15437 = CARTESIAN_POINT('',(41.5,31.2,24.5));
#15438 = VECTOR('',#15439,1.);
#15439 = DIRECTION('',(0.,0.,1.));
#15440 = PCURVE('',#14112,#15441);
#15441 = DEFINITIONAL_REPRESENTATION('',(#15442),#15446);
#15442 = LINE('',#15443,#15444);
#15443 = CARTESIAN_POINT('',(0.,5.5));
#15444 = VECTOR('',#15445,1.);
#15445 = DIRECTION('',(1.,0.));
#15446 = ( GEOMETRIC_REPRESENTATION_CONTEXT(2) 
PARAMETRIC_REPRESENTATION_CONTEXT() REPRESENTATION_CONTEXT('2D SPACE',''
  ) );
#15447 = PCURVE('',#15448,#15453);
#15448 = PLANE('',#15449);
#15449 = AXIS2_PLACEMENT_3D('',#15450,#15451,#15452);
#15450 = CARTESIAN_POINT('',(41.5,31.2,24.5));
#15451 = DIRECTION('',(1.,0.,0.));
#15452 = DIRECTION('',(0.,0.,1.));
#15453 = DEFINITIONAL_REPRESENTATION('',(#15454),#15458);
#15454 = LINE('',#15455,#15456);
#15455 = CARTESIAN_POINT('',(0.,0.));
#15456 = VECTOR('',#15457,1.);
#15457 = DIRECTION('',(1.,0.));
#15458 = ( GEOMETRIC_REPRESENTATION_CONTEXT(2) 
PARAMETRIC_REPRESENTATION_CONTEXT() REPRESENTATION_CONTEXT('2D SPACE',''
  ) );
#15459 = ORIENTED_EDGE('',*,*,#15460,.F.);
#15460 = EDGE_CURVE('',#14072,#15431,#15461,.T.);
#15461 = SURFACE_CURVE('',#15462,(#15466,#15473),.PCURVE_S1.);
#15462 = LINE('',#15463,#15464);
#15463 = CARTESIAN_POINT('',(36.,31.2,24.5));
#15464 = VECTOR('',#15465,1.);
#15465 = DIRECTION('',(1.,0.,0.));
#15466 = PCURVE('',#14112,#15467);
#15467 = DEFINITIONAL_REPRESENTATION('',(#15468),#15472);
#15468 = LINE('',#15469,#15470);
#15469 = CARTESIAN_POINT('',(0.,0.));
#15470 = VECTOR('',#15471,1.);
#15471 = DIRECTION('',(0.,1.));
#15472 = ( GEOMETRIC_REPRESENTATION_CONTEXT(2) 
PARAMETRIC_REPRESENTATION_CONTEXT() REPRESENTATION_CONTEXT('2D SPACE',''
  ) );
#15473 = PCURVE('',#14086,#15474);
#15474 = DEFINITIONAL_REPRESENTATION('',(#15475),#15479);
#15475 = LINE('',#15476,#15477);
#15476 = CARTESIAN_POINT('',(0.,0.));
#15477 = VECTOR('',#15478,1.);
#15478 = DIRECTION('',(1.,0.));
#15479 = ( GEOMETRIC_REPRESENTATION_CONTEXT(2) 
PARAMETRIC_REPRESENTATION_CONTEXT() REPRESENTATION_CONTEXT('2D SPACE',''
  ) );
#15480 = ORIENTED_EDGE('',*,*,#14097,.T.);
#15481 = ORIENTED_EDGE('',*,*,#15306,.F.);
#15482 = ORIENTED_EDGE('',*,*,#15483,.F.);
#15483 = EDGE_CURVE('',#15484,#15307,#15486,.T.);
#15484 = VERTEX_POINT('',#15485);
#15485 = CARTESIAN_POINT('',(40.9,31.2,25.));
#15486 = SURFACE_CURVE('',#15487,(#15491,#15497),.PCURVE_S1.);
#15487 = LINE('',#15488,#15489);
#15488 = CARTESIAN_POINT('',(40.9,31.2,24.75));
#15489 = VECTOR('',#15490,1.);
#15490 = DIRECTION('',(0.,0.,1.));
#15491 = PCURVE('',#14112,#15492);
#15492 = DEFINITIONAL_REPRESENTATION('',(#15493),#15496);
#15493 = B_SPLINE_CURVE_WITH_KNOTS('',1,(#15494,#15495),.UNSPECIFIED.,
  .F.,.F.,(2,2),(0.25,15.25),.PIECEWISE_BEZIER_KNOTS.);
#15494 = CARTESIAN_POINT('',(0.5,4.9));
#15495 = CARTESIAN_POINT('',(15.5,4.9));
#15496 = ( GEOMETRIC_REPRESENTATION_CONTEXT(2) 
PARAMETRIC_REPRESENTATION_CONTEXT() REPRESENTATION_CONTEXT('2D SPACE',''
  ) );
#15497 = PCURVE('',#15416,#15498);
#15498 = DEFINITIONAL_REPRESENTATION('',(#15499),#15502);
#15499 = B_SPLINE_CURVE_WITH_KNOTS('',1,(#15500,#15501),.UNSPECIFIED.,
  .F.,.F.,(2,2),(0.25,15.25),.PIECEWISE_BEZIER_KNOTS.);
#15500 = CARTESIAN_POINT('',(0.,-2.5));
#15501 = CARTESIAN_POINT('',(15.,-2.5));
#15502 = ( GEOMETRIC_REPRESENTATION_CONTEXT(2) 
PARAMETRIC_REPRESENTATION_CONTEXT() REPRESENTATION_CONTEXT('2D SPACE',''
  ) );
#15503 = ORIENTED_EDGE('',*,*,#15504,.F.);
#15504 = EDGE_CURVE('',#15433,#15484,#15505,.T.);
#15505 = SURFACE_CURVE('',#15506,(#15510,#15516),.PCURVE_S1.);
#15506 = LINE('',#15507,#15508);
#15507 = CARTESIAN_POINT('',(38.45,31.2,25.));
#15508 = VECTOR('',#15509,1.);
#15509 = DIRECTION('',(-1.,0.,0.));
#15510 = PCURVE('',#14112,#15511);
#15511 = DEFINITIONAL_REPRESENTATION('',(#15512),#15515);
#15512 = B_SPLINE_CURVE_WITH_KNOTS('',1,(#15513,#15514),.UNSPECIFIED.,
  .F.,.F.,(2,2),(-3.05,-2.45),.PIECEWISE_BEZIER_KNOTS.);
#15513 = CARTESIAN_POINT('',(0.5,5.5));
#15514 = CARTESIAN_POINT('',(0.5,4.9));
#15515 = ( GEOMETRIC_REPRESENTATION_CONTEXT(2) 
PARAMETRIC_REPRESENTATION_CONTEXT() REPRESENTATION_CONTEXT('2D SPACE',''
  ) );
#15516 = PCURVE('',#15517,#15522);
#15517 = PLANE('',#15518);
#15518 = AXIS2_PLACEMENT_3D('',#15519,#15520,#15521);
#15519 = CARTESIAN_POINT('',(40.9,28.7,25.));
#15520 = DIRECTION('',(0.,0.,1.));
#15521 = DIRECTION('',(1.,0.,0.));
#15522 = DEFINITIONAL_REPRESENTATION('',(#15523),#15526);
#15523 = B_SPLINE_CURVE_WITH_KNOTS('',1,(#15524,#15525),.UNSPECIFIED.,
  .F.,.F.,(2,2),(-3.05,-2.45),.PIECEWISE_BEZIER_KNOTS.);
#15524 = CARTESIAN_POINT('',(0.6,2.5));
#15525 = CARTESIAN_POINT('',(0.,2.5));
#15526 = ( GEOMETRIC_REPRESENTATION_CONTEXT(2) 
PARAMETRIC_REPRESENTATION_CONTEXT() REPRESENTATION_CONTEXT('2D SPACE',''
  ) );
#15527 = ADVANCED_FACE('',(#15528),#14086,.T.);
#15528 = FACE_BOUND('',#15529,.T.);
#15529 = EDGE_LOOP('',(#15530,#15553,#15554,#15555));
#15530 = ORIENTED_EDGE('',*,*,#15531,.F.);
#15531 = EDGE_CURVE('',#14046,#15532,#15534,.T.);
#15532 = VERTEX_POINT('',#15533);
#15533 = CARTESIAN_POINT('',(41.5,32.8,24.5));
#15534 = SURFACE_CURVE('',#15535,(#15539,#15546),.PCURVE_S1.);
#15535 = LINE('',#15536,#15537);
#15536 = CARTESIAN_POINT('',(36.,32.8,24.5));
#15537 = VECTOR('',#15538,1.);
#15538 = DIRECTION('',(1.,0.,0.));
#15539 = PCURVE('',#14086,#15540);
#15540 = DEFINITIONAL_REPRESENTATION('',(#15541),#15545);
#15541 = LINE('',#15542,#15543);
#15542 = CARTESIAN_POINT('',(0.,1.6));
#15543 = VECTOR('',#15544,1.);
#15544 = DIRECTION('',(1.,0.));
#15545 = ( GEOMETRIC_REPRESENTATION_CONTEXT(2) 
PARAMETRIC_REPRESENTATION_CONTEXT() REPRESENTATION_CONTEXT('2D SPACE',''
  ) );
#15546 = PCURVE('',#14060,#15547);
#15547 = DEFINITIONAL_REPRESENTATION('',(#15548),#15552);
#15548 = LINE('',#15549,#15550);
#15549 = CARTESIAN_POINT('',(0.,0.));
#15550 = VECTOR('',#15551,1.);
#15551 = DIRECTION('',(0.,1.));
#15552 = ( GEOMETRIC_REPRESENTATION_CONTEXT(2) 
PARAMETRIC_REPRESENTATION_CONTEXT() REPRESENTATION_CONTEXT('2D SPACE',''
  ) );
#15553 = ORIENTED_EDGE('',*,*,#14071,.T.);
#15554 = ORIENTED_EDGE('',*,*,#15460,.T.);
#15555 = ORIENTED_EDGE('',*,*,#15556,.T.);
#15556 = EDGE_CURVE('',#15431,#15532,#15557,.T.);
#15557 = SURFACE_CURVE('',#15558,(#15562,#15569),.PCURVE_S1.);
#15558 = LINE('',#15559,#15560);
#15559 = CARTESIAN_POINT('',(41.5,31.2,24.5));
#15560 = VECTOR('',#15561,1.);
#15561 = DIRECTION('',(0.,1.,0.));
#15562 = PCURVE('',#14086,#15563);
#15563 = DEFINITIONAL_REPRESENTATION('',(#15564),#15568);
#15564 = LINE('',#15565,#15566);
#15565 = CARTESIAN_POINT('',(5.5,0.));
#15566 = VECTOR('',#15567,1.);
#15567 = DIRECTION('',(0.,1.));
#15568 = ( GEOMETRIC_REPRESENTATION_CONTEXT(2) 
PARAMETRIC_REPRESENTATION_CONTEXT() REPRESENTATION_CONTEXT('2D SPACE',''
  ) );
#15569 = PCURVE('',#15448,#15570);
#15570 = DEFINITIONAL_REPRESENTATION('',(#15571),#15575);
#15571 = LINE('',#15572,#15573);
#15572 = CARTESIAN_POINT('',(0.,0.));
#15573 = VECTOR('',#15574,1.);
#15574 = DIRECTION('',(0.,-1.));
#15575 = ( GEOMETRIC_REPRESENTATION_CONTEXT(2) 
PARAMETRIC_REPRESENTATION_CONTEXT() REPRESENTATION_CONTEXT('2D SPACE',''
  ) );
#15576 = ADVANCED_FACE('',(#15577),#14060,.F.);
#15577 = FACE_BOUND('',#15578,.F.);
#15578 = EDGE_LOOP('',(#15579,#15602,#15603,#15604,#15625,#15651));
#15579 = ORIENTED_EDGE('',*,*,#15580,.F.);
#15580 = EDGE_CURVE('',#15532,#15581,#15583,.T.);
#15581 = VERTEX_POINT('',#15582);
#15582 = CARTESIAN_POINT('',(41.5,32.8,25.));
#15583 = SURFACE_CURVE('',#15584,(#15588,#15595),.PCURVE_S1.);
#15584 = LINE('',#15585,#15586);
#15585 = CARTESIAN_POINT('',(41.5,32.8,24.5));
#15586 = VECTOR('',#15587,1.);
#15587 = DIRECTION('',(0.,0.,1.));
#15588 = PCURVE('',#14060,#15589);
#15589 = DEFINITIONAL_REPRESENTATION('',(#15590),#15594);
#15590 = LINE('',#15591,#15592);
#15591 = CARTESIAN_POINT('',(0.,5.5));
#15592 = VECTOR('',#15593,1.);
#15593 = DIRECTION('',(1.,0.));
#15594 = ( GEOMETRIC_REPRESENTATION_CONTEXT(2) 
PARAMETRIC_REPRESENTATION_CONTEXT() REPRESENTATION_CONTEXT('2D SPACE',''
  ) );
#15595 = PCURVE('',#15448,#15596);
#15596 = DEFINITIONAL_REPRESENTATION('',(#15597),#15601);
#15597 = LINE('',#15598,#15599);
#15598 = CARTESIAN_POINT('',(0.,-1.6));
#15599 = VECTOR('',#15600,1.);
#15600 = DIRECTION('',(1.,0.));
#15601 = ( GEOMETRIC_REPRESENTATION_CONTEXT(2) 
PARAMETRIC_REPRESENTATION_CONTEXT() REPRESENTATION_CONTEXT('2D SPACE',''
  ) );
#15602 = ORIENTED_EDGE('',*,*,#15531,.F.);
#15603 = ORIENTED_EDGE('',*,*,#14045,.T.);
#15604 = ORIENTED_EDGE('',*,*,#15605,.F.);
#15605 = EDGE_CURVE('',#15606,#14018,#15608,.T.);
#15606 = VERTEX_POINT('',#15607);
#15607 = CARTESIAN_POINT('',(40.9,32.8,36.714285714286));
#15608 = SURFACE_CURVE('',#15609,(#15613,#15619),.PCURVE_S1.);
#15609 = LINE('',#15610,#15611);
#15610 = CARTESIAN_POINT('',(36.5,32.8,36.714285714286));
#15611 = VECTOR('',#15612,1.);
#15612 = DIRECTION('',(-1.,0.,0.));
#15613 = PCURVE('',#14060,#15614);
#15614 = DEFINITIONAL_REPRESENTATION('',(#15615),#15618);
#15615 = B_SPLINE_CURVE_WITH_KNOTS('',1,(#15616,#15617),.UNSPECIFIED.,
  .F.,.F.,(2,2),(-5.,-0.5),.PIECEWISE_BEZIER_KNOTS.);
#15616 = CARTESIAN_POINT('',(12.214285714286,5.5));
#15617 = CARTESIAN_POINT('',(12.214285714286,1.));
#15618 = ( GEOMETRIC_REPRESENTATION_CONTEXT(2) 
PARAMETRIC_REPRESENTATION_CONTEXT() REPRESENTATION_CONTEXT('2D SPACE',''
  ) );
#15619 = PCURVE('',#14033,#15620);
#15620 = DEFINITIONAL_REPRESENTATION('',(#15621),#15624);
#15621 = B_SPLINE_CURVE_WITH_KNOTS('',1,(#15622,#15623),.UNSPECIFIED.,
  .F.,.F.,(2,2),(-5.,-0.5),.PIECEWISE_BEZIER_KNOTS.);
#15622 = CARTESIAN_POINT('',(4.5,7.8));
#15623 = CARTESIAN_POINT('',(0.,7.8));
#15624 = ( GEOMETRIC_REPRESENTATION_CONTEXT(2) 
PARAMETRIC_REPRESENTATION_CONTEXT() REPRESENTATION_CONTEXT('2D SPACE',''
  ) );
#15625 = ORIENTED_EDGE('',*,*,#15626,.F.);
#15626 = EDGE_CURVE('',#15627,#15606,#15629,.T.);
#15627 = VERTEX_POINT('',#15628);
#15628 = CARTESIAN_POINT('',(40.9,32.8,25.));
#15629 = SURFACE_CURVE('',#15630,(#15634,#15640),.PCURVE_S1.);
#15630 = LINE('',#15631,#15632);
#15631 = CARTESIAN_POINT('',(40.9,32.8,24.75));
#15632 = VECTOR('',#15633,1.);
#15633 = DIRECTION('',(0.,0.,1.));
#15634 = PCURVE('',#14060,#15635);
#15635 = DEFINITIONAL_REPRESENTATION('',(#15636),#15639);
#15636 = B_SPLINE_CURVE_WITH_KNOTS('',1,(#15637,#15638),.UNSPECIFIED.,
  .F.,.F.,(2,2),(0.25,15.25),.PIECEWISE_BEZIER_KNOTS.);
#15637 = CARTESIAN_POINT('',(0.5,4.9));
#15638 = CARTESIAN_POINT('',(15.5,4.9));
#15639 = ( GEOMETRIC_REPRESENTATION_CONTEXT(2) 
PARAMETRIC_REPRESENTATION_CONTEXT() REPRESENTATION_CONTEXT('2D SPACE',''
  ) );
#15640 = PCURVE('',#15641,#15646);
#15641 = PLANE('',#15642);
#15642 = AXIS2_PLACEMENT_3D('',#15643,#15644,#15645);
#15643 = CARTESIAN_POINT('',(40.9,28.7,25.));
#15644 = DIRECTION('',(1.,0.,0.));
#15645 = DIRECTION('',(0.,0.,1.));
#15646 = DEFINITIONAL_REPRESENTATION('',(#15647),#15650);
#15647 = B_SPLINE_CURVE_WITH_KNOTS('',1,(#15648,#15649),.UNSPECIFIED.,
  .F.,.F.,(2,2),(0.25,15.25),.PIECEWISE_BEZIER_KNOTS.);
#15648 = CARTESIAN_POINT('',(0.,-4.1));
#15649 = CARTESIAN_POINT('',(15.,-4.1));
#15650 = ( GEOMETRIC_REPRESENTATION_CONTEXT(2) 
PARAMETRIC_REPRESENTATION_CONTEXT() REPRESENTATION_CONTEXT('2D SPACE',''
  ) );
#15651 = ORIENTED_EDGE('',*,*,#15652,.F.);
#15652 = EDGE_CURVE('',#15581,#15627,#15653,.T.);
#15653 = SURFACE_CURVE('',#15654,(#15658,#15664),.PCURVE_S1.);
#15654 = LINE('',#15655,#15656);
#15655 = CARTESIAN_POINT('',(38.45,32.8,25.));
#15656 = VECTOR('',#15657,1.);
#15657 = DIRECTION('',(-1.,0.,0.));
#15658 = PCURVE('',#14060,#15659);
#15659 = DEFINITIONAL_REPRESENTATION('',(#15660),#15663);
#15660 = B_SPLINE_CURVE_WITH_KNOTS('',1,(#15661,#15662),.UNSPECIFIED.,
  .F.,.F.,(2,2),(-3.05,-2.45),.PIECEWISE_BEZIER_KNOTS.);
#15661 = CARTESIAN_POINT('',(0.5,5.5));
#15662 = CARTESIAN_POINT('',(0.5,4.9));
#15663 = ( GEOMETRIC_REPRESENTATION_CONTEXT(2) 
PARAMETRIC_REPRESENTATION_CONTEXT() REPRESENTATION_CONTEXT('2D SPACE',''
  ) );
#15664 = PCURVE('',#15517,#15665);
#15665 = DEFINITIONAL_REPRESENTATION('',(#15666),#15669);
#15666 = B_SPLINE_CURVE_WITH_KNOTS('',1,(#15667,#15668),.UNSPECIFIED.,
  .F.,.F.,(2,2),(-3.05,-2.45),.PIECEWISE_BEZIER_KNOTS.);
#15667 = CARTESIAN_POINT('',(0.6,4.1));
#15668 = CARTESIAN_POINT('',(0.,4.1));
#15669 = ( GEOMETRIC_REPRESENTATION_CONTEXT(2) 
PARAMETRIC_REPRESENTATION_CONTEXT() REPRESENTATION_CONTEXT('2D SPACE',''
  ) );
#15670 = ADVANCED_FACE('',(#15671),#14033,.T.);
#15671 = FACE_BOUND('',#15672,.T.);
#15672 = EDGE_LOOP('',(#15673,#15674,#15675,#15696,#15722,#15743,#15762,
    #15763));
#15673 = ORIENTED_EDGE('',*,*,#14017,.F.);
#15674 = ORIENTED_EDGE('',*,*,#15605,.F.);
#15675 = ORIENTED_EDGE('',*,*,#15676,.T.);
#15676 = EDGE_CURVE('',#15606,#15677,#15679,.T.);
#15677 = VERTEX_POINT('',#15678);
#15678 = CARTESIAN_POINT('',(40.9,35.3,36.714285714286));
#15679 = SURFACE_CURVE('',#15680,(#15684,#15690),.PCURVE_S1.);
#15680 = LINE('',#15681,#15682);
#15681 = CARTESIAN_POINT('',(40.9,26.85,36.714285714286));
#15682 = VECTOR('',#15683,1.);
#15683 = DIRECTION('',(0.,1.,0.));
#15684 = PCURVE('',#14033,#15685);
#15685 = DEFINITIONAL_REPRESENTATION('',(#15686),#15689);
#15686 = B_SPLINE_CURVE_WITH_KNOTS('',1,(#15687,#15688),.UNSPECIFIED.,
  .F.,.F.,(2,2),(5.95,8.45),.PIECEWISE_BEZIER_KNOTS.);
#15687 = CARTESIAN_POINT('',(3.9,7.8));
#15688 = CARTESIAN_POINT('',(3.9,10.3));
#15689 = ( GEOMETRIC_REPRESENTATION_CONTEXT(2) 
PARAMETRIC_REPRESENTATION_CONTEXT() REPRESENTATION_CONTEXT('2D SPACE',''
  ) );
#15690 = PCURVE('',#15641,#15691);
#15691 = DEFINITIONAL_REPRESENTATION('',(#15692),#15695);
#15692 = B_SPLINE_CURVE_WITH_KNOTS('',1,(#15693,#15694),.UNSPECIFIED.,
  .F.,.F.,(2,2),(5.95,8.45),.PIECEWISE_BEZIER_KNOTS.);
#15693 = CARTESIAN_POINT('',(11.714285714286,-4.1));
#15694 = CARTESIAN_POINT('',(11.714285714286,-6.6));
#15695 = ( GEOMETRIC_REPRESENTATION_CONTEXT(2) 
PARAMETRIC_REPRESENTATION_CONTEXT() REPRESENTATION_CONTEXT('2D SPACE',''
  ) );
#15696 = ORIENTED_EDGE('',*,*,#15697,.F.);
#15697 = EDGE_CURVE('',#15698,#15677,#15700,.T.);
#15698 = VERTEX_POINT('',#15699);
#15699 = CARTESIAN_POINT('',(44.7,35.3,36.714285714286));
#15700 = SURFACE_CURVE('',#15701,(#15705,#15711),.PCURVE_S1.);
#15701 = LINE('',#15702,#15703);
#15702 = CARTESIAN_POINT('',(38.95,35.3,36.714285714286));
#15703 = VECTOR('',#15704,1.);
#15704 = DIRECTION('',(-1.,0.,0.));
#15705 = PCURVE('',#14033,#15706);
#15706 = DEFINITIONAL_REPRESENTATION('',(#15707),#15710);
#15707 = B_SPLINE_CURVE_WITH_KNOTS('',1,(#15708,#15709),.UNSPECIFIED.,
  .F.,.F.,(2,2),(-5.75,-1.95),.PIECEWISE_BEZIER_KNOTS.);
#15708 = CARTESIAN_POINT('',(7.7,10.3));
#15709 = CARTESIAN_POINT('',(3.9,10.3));
#15710 = ( GEOMETRIC_REPRESENTATION_CONTEXT(2) 
PARAMETRIC_REPRESENTATION_CONTEXT() REPRESENTATION_CONTEXT('2D SPACE',''
  ) );
#15711 = PCURVE('',#15712,#15717);
#15712 = PLANE('',#15713);
#15713 = AXIS2_PLACEMENT_3D('',#15714,#15715,#15716);
#15714 = CARTESIAN_POINT('',(40.9,35.3,25.));
#15715 = DIRECTION('',(0.,1.,0.));
#15716 = DIRECTION('',(0.,0.,1.));
#15717 = DEFINITIONAL_REPRESENTATION('',(#15718),#15721);
#15718 = B_SPLINE_CURVE_WITH_KNOTS('',1,(#15719,#15720),.UNSPECIFIED.,
  .F.,.F.,(2,2),(-5.75,-1.95),.PIECEWISE_BEZIER_KNOTS.);
#15719 = CARTESIAN_POINT('',(11.714285714286,3.8));
#15720 = CARTESIAN_POINT('',(11.714285714286,0.));
#15721 = ( GEOMETRIC_REPRESENTATION_CONTEXT(2) 
PARAMETRIC_REPRESENTATION_CONTEXT() REPRESENTATION_CONTEXT('2D SPACE',''
  ) );
#15722 = ORIENTED_EDGE('',*,*,#15723,.F.);
#15723 = EDGE_CURVE('',#15724,#15698,#15726,.T.);
#15724 = VERTEX_POINT('',#15725);
#15725 = CARTESIAN_POINT('',(44.7,34.7,36.714285714286));
#15726 = SURFACE_CURVE('',#15727,(#15731,#15737),.PCURVE_S1.);
#15727 = LINE('',#15728,#15729);
#15728 = CARTESIAN_POINT('',(44.7,26.85,36.714285714286));
#15729 = VECTOR('',#15730,1.);
#15730 = DIRECTION('',(0.,1.,0.));
#15731 = PCURVE('',#14033,#15732);
#15732 = DEFINITIONAL_REPRESENTATION('',(#15733),#15736);
#15733 = B_SPLINE_CURVE_WITH_KNOTS('',1,(#15734,#15735),.UNSPECIFIED.,
  .F.,.F.,(2,2),(5.15,8.45),.PIECEWISE_BEZIER_KNOTS.);
#15734 = CARTESIAN_POINT('',(7.7,7.));
#15735 = CARTESIAN_POINT('',(7.7,10.3));
#15736 = ( GEOMETRIC_REPRESENTATION_CONTEXT(2) 
PARAMETRIC_REPRESENTATION_CONTEXT() REPRESENTATION_CONTEXT('2D SPACE',''
  ) );
#15737 = PCURVE('',#15366,#15738);
#15738 = DEFINITIONAL_REPRESENTATION('',(#15739),#15742);
#15739 = B_SPLINE_CURVE_WITH_KNOTS('',1,(#15740,#15741),.UNSPECIFIED.,
  .F.,.F.,(2,2),(5.15,8.45),.PIECEWISE_BEZIER_KNOTS.);
#15740 = CARTESIAN_POINT('',(11.714285714286,-3.3));
#15741 = CARTESIAN_POINT('',(11.714285714286,-6.6));
#15742 = ( GEOMETRIC_REPRESENTATION_CONTEXT(2) 
PARAMETRIC_REPRESENTATION_CONTEXT() REPRESENTATION_CONTEXT('2D SPACE',''
  ) );
#15743 = ORIENTED_EDGE('',*,*,#15744,.F.);
#15744 = EDGE_CURVE('',#14198,#15724,#15745,.T.);
#15745 = SURFACE_CURVE('',#15746,(#15750,#15756),.PCURVE_S1.);
#15746 = LINE('',#15747,#15748);
#15747 = CARTESIAN_POINT('',(40.85,34.7,36.714285714286));
#15748 = VECTOR('',#15749,1.);
#15749 = DIRECTION('',(-1.,0.,0.));
#15750 = PCURVE('',#14033,#15751);
#15751 = DEFINITIONAL_REPRESENTATION('',(#15752),#15755);
#15752 = B_SPLINE_CURVE_WITH_KNOTS('',1,(#15753,#15754),.UNSPECIFIED.,
  .F.,.F.,(2,2),(-4.65,-3.85),.PIECEWISE_BEZIER_KNOTS.);
#15753 = CARTESIAN_POINT('',(8.5,9.7));
#15754 = CARTESIAN_POINT('',(7.7,9.7));
#15755 = ( GEOMETRIC_REPRESENTATION_CONTEXT(2) 
PARAMETRIC_REPRESENTATION_CONTEXT() REPRESENTATION_CONTEXT('2D SPACE',''
  ) );
#15756 = PCURVE('',#14235,#15757);
#15757 = DEFINITIONAL_REPRESENTATION('',(#15758),#15761);
#15758 = B_SPLINE_CURVE_WITH_KNOTS('',1,(#15759,#15760),.UNSPECIFIED.,
  .F.,.F.,(2,2),(-4.65,-3.85),.PIECEWISE_BEZIER_KNOTS.);
#15759 = CARTESIAN_POINT('',(8.714285714286,0.8));
#15760 = CARTESIAN_POINT('',(8.714285714286,0.));
#15761 = ( GEOMETRIC_REPRESENTATION_CONTEXT(2) 
PARAMETRIC_REPRESENTATION_CONTEXT() REPRESENTATION_CONTEXT('2D SPACE',''
  ) );
#15762 = ORIENTED_EDGE('',*,*,#14197,.T.);
#15763 = ORIENTED_EDGE('',*,*,#14170,.F.);
#15764 = ADVANCED_FACE('',(#15765),#14290,.T.);
#15765 = FACE_BOUND('',#15766,.T.);
#15766 = EDGE_LOOP('',(#15767,#15789,#15810,#15811));
#15767 = ORIENTED_EDGE('',*,*,#15768,.F.);
#15768 = EDGE_CURVE('',#15769,#14247,#15771,.T.);
#15769 = VERTEX_POINT('',#15770);
#15770 = CARTESIAN_POINT('',(44.7,29.3,28.));
#15771 = SURFACE_CURVE('',#15772,(#15776,#15783),.PCURVE_S1.);
#15772 = LINE('',#15773,#15774);
#15773 = CARTESIAN_POINT('',(44.7,29.3,28.));
#15774 = VECTOR('',#15775,1.);
#15775 = DIRECTION('',(1.,0.,0.));
#15776 = PCURVE('',#14290,#15777);
#15777 = DEFINITIONAL_REPRESENTATION('',(#15778),#15782);
#15778 = LINE('',#15779,#15780);
#15779 = CARTESIAN_POINT('',(0.,0.));
#15780 = VECTOR('',#15781,1.);
#15781 = DIRECTION('',(0.,1.));
#15782 = ( GEOMETRIC_REPRESENTATION_CONTEXT(2) 
PARAMETRIC_REPRESENTATION_CONTEXT() REPRESENTATION_CONTEXT('2D SPACE',''
  ) );
#15783 = PCURVE('',#14263,#15784);
#15784 = DEFINITIONAL_REPRESENTATION('',(#15785),#15788);
#15785 = B_SPLINE_CURVE_WITH_KNOTS('',1,(#15786,#15787),.UNSPECIFIED.,
  .F.,.F.,(2,2),(0.,1.3),.PIECEWISE_BEZIER_KNOTS.);
#15786 = CARTESIAN_POINT('',(4.712388980385,0.));
#15787 = CARTESIAN_POINT('',(4.712388980385,1.3));
#15788 = ( GEOMETRIC_REPRESENTATION_CONTEXT(2) 
PARAMETRIC_REPRESENTATION_CONTEXT() REPRESENTATION_CONTEXT('2D SPACE',''
  ) );
#15789 = ORIENTED_EDGE('',*,*,#15790,.T.);
#15790 = EDGE_CURVE('',#15769,#15331,#15791,.T.);
#15791 = SURFACE_CURVE('',#15792,(#15796,#15803),.PCURVE_S1.);
#15792 = LINE('',#15793,#15794);
#15793 = CARTESIAN_POINT('',(44.7,29.3,28.));
#15794 = VECTOR('',#15795,1.);
#15795 = DIRECTION('',(0.,0.,1.));
#15796 = PCURVE('',#14290,#15797);
#15797 = DEFINITIONAL_REPRESENTATION('',(#15798),#15802);
#15798 = LINE('',#15799,#15800);
#15799 = CARTESIAN_POINT('',(0.,0.));
#15800 = VECTOR('',#15801,1.);
#15801 = DIRECTION('',(1.,0.));
#15802 = ( GEOMETRIC_REPRESENTATION_CONTEXT(2) 
PARAMETRIC_REPRESENTATION_CONTEXT() REPRESENTATION_CONTEXT('2D SPACE',''
  ) );
#15803 = PCURVE('',#15366,#15804);
#15804 = DEFINITIONAL_REPRESENTATION('',(#15805),#15809);
#15805 = LINE('',#15806,#15807);
#15806 = CARTESIAN_POINT('',(3.,-0.6));
#15807 = VECTOR('',#15808,1.);
#15808 = DIRECTION('',(1.,0.));
#15809 = ( GEOMETRIC_REPRESENTATION_CONTEXT(2) 
PARAMETRIC_REPRESENTATION_CONTEXT() REPRESENTATION_CONTEXT('2D SPACE',''
  ) );
#15810 = ORIENTED_EDGE('',*,*,#15330,.F.);
#15811 = ORIENTED_EDGE('',*,*,#14275,.F.);
#15812 = ADVANCED_FACE('',(#15813),#14263,.F.);
#15813 = FACE_BOUND('',#15814,.F.);
#15814 = EDGE_LOOP('',(#15815,#15837,#15838,#15839));
#15815 = ORIENTED_EDGE('',*,*,#15816,.T.);
#15816 = EDGE_CURVE('',#15817,#14221,#15819,.T.);
#15817 = VERTEX_POINT('',#15818);
#15818 = CARTESIAN_POINT('',(44.7,34.7,28.));
#15819 = SURFACE_CURVE('',#15820,(#15824,#15830),.PCURVE_S1.);
#15820 = LINE('',#15821,#15822);
#15821 = CARTESIAN_POINT('',(44.7,34.7,28.));
#15822 = VECTOR('',#15823,1.);
#15823 = DIRECTION('',(1.,0.,0.));
#15824 = PCURVE('',#14263,#15825);
#15825 = DEFINITIONAL_REPRESENTATION('',(#15826),#15829);
#15826 = B_SPLINE_CURVE_WITH_KNOTS('',1,(#15827,#15828),.UNSPECIFIED.,
  .F.,.F.,(2,2),(0.,1.3),.PIECEWISE_BEZIER_KNOTS.);
#15827 = CARTESIAN_POINT('',(7.853981633974,0.));
#15828 = CARTESIAN_POINT('',(7.853981633974,1.3));
#15829 = ( GEOMETRIC_REPRESENTATION_CONTEXT(2) 
PARAMETRIC_REPRESENTATION_CONTEXT() REPRESENTATION_CONTEXT('2D SPACE',''
  ) );
#15830 = PCURVE('',#14235,#15831);
#15831 = DEFINITIONAL_REPRESENTATION('',(#15832),#15836);
#15832 = LINE('',#15833,#15834);
#15833 = CARTESIAN_POINT('',(0.,0.));
#15834 = VECTOR('',#15835,1.);
#15835 = DIRECTION('',(0.,1.));
#15836 = ( GEOMETRIC_REPRESENTATION_CONTEXT(2) 
PARAMETRIC_REPRESENTATION_CONTEXT() REPRESENTATION_CONTEXT('2D SPACE',''
  ) );
#15837 = ORIENTED_EDGE('',*,*,#14246,.F.);
#15838 = ORIENTED_EDGE('',*,*,#15768,.F.);
#15839 = ORIENTED_EDGE('',*,*,#15840,.F.);
#15840 = EDGE_CURVE('',#15817,#15769,#15841,.T.);
#15841 = SURFACE_CURVE('',#15842,(#15847,#15854),.PCURVE_S1.);
#15842 = CIRCLE('',#15843,2.7);
#15843 = AXIS2_PLACEMENT_3D('',#15844,#15845,#15846);
#15844 = CARTESIAN_POINT('',(44.7,32.,28.));
#15845 = DIRECTION('',(-1.,0.,0.));
#15846 = DIRECTION('',(0.,1.,0.));
#15847 = PCURVE('',#14263,#15848);
#15848 = DEFINITIONAL_REPRESENTATION('',(#15849),#15853);
#15849 = LINE('',#15850,#15851);
#15850 = CARTESIAN_POINT('',(7.853981633974,0.));
#15851 = VECTOR('',#15852,1.);
#15852 = DIRECTION('',(-1.,-0.));
#15853 = ( GEOMETRIC_REPRESENTATION_CONTEXT(2) 
PARAMETRIC_REPRESENTATION_CONTEXT() REPRESENTATION_CONTEXT('2D SPACE',''
  ) );
#15854 = PCURVE('',#15366,#15855);
#15855 = DEFINITIONAL_REPRESENTATION('',(#15856),#15864);
#15856 = ( BOUNDED_CURVE() B_SPLINE_CURVE(2,(#15857,#15858,#15859,#15860
    ,#15861,#15862,#15863),.UNSPECIFIED.,.T.,.F.) 
B_SPLINE_CURVE_WITH_KNOTS((1,2,2,2,2,1),(-2.094395102393,0.,
    2.094395102393,4.188790204786,6.28318530718,8.377580409573),
.UNSPECIFIED.) CURVE() GEOMETRIC_REPRESENTATION_ITEM() 
RATIONAL_B_SPLINE_CURVE((1.,0.5,1.,0.5,1.,0.5,1.)) REPRESENTATION_ITEM(
  '') );
#15857 = CARTESIAN_POINT('',(3.,-6.));
#15858 = CARTESIAN_POINT('',(-1.676537180436,-6.));
#15859 = CARTESIAN_POINT('',(0.661731409782,-1.95));
#15860 = CARTESIAN_POINT('',(3.,2.1));
#15861 = CARTESIAN_POINT('',(5.338268590218,-1.95));
#15862 = CARTESIAN_POINT('',(7.676537180436,-6.));
#15863 = CARTESIAN_POINT('',(3.,-6.));
#15864 = ( GEOMETRIC_REPRESENTATION_CONTEXT(2) 
PARAMETRIC_REPRESENTATION_CONTEXT() REPRESENTATION_CONTEXT('2D SPACE',''
  ) );
#15865 = ADVANCED_FACE('',(#15866),#14235,.F.);
#15866 = FACE_BOUND('',#15867,.F.);
#15867 = EDGE_LOOP('',(#15868,#15869,#15890,#15891));
#15868 = ORIENTED_EDGE('',*,*,#15816,.F.);
#15869 = ORIENTED_EDGE('',*,*,#15870,.T.);
#15870 = EDGE_CURVE('',#15817,#15724,#15871,.T.);
#15871 = SURFACE_CURVE('',#15872,(#15876,#15883),.PCURVE_S1.);
#15872 = LINE('',#15873,#15874);
#15873 = CARTESIAN_POINT('',(44.7,34.7,28.));
#15874 = VECTOR('',#15875,1.);
#15875 = DIRECTION('',(0.,0.,1.));
#15876 = PCURVE('',#14235,#15877);
#15877 = DEFINITIONAL_REPRESENTATION('',(#15878),#15882);
#15878 = LINE('',#15879,#15880);
#15879 = CARTESIAN_POINT('',(0.,0.));
#15880 = VECTOR('',#15881,1.);
#15881 = DIRECTION('',(1.,0.));
#15882 = ( GEOMETRIC_REPRESENTATION_CONTEXT(2) 
PARAMETRIC_REPRESENTATION_CONTEXT() REPRESENTATION_CONTEXT('2D SPACE',''
  ) );
#15883 = PCURVE('',#15366,#15884);
#15884 = DEFINITIONAL_REPRESENTATION('',(#15885),#15889);
#15885 = LINE('',#15886,#15887);
#15886 = CARTESIAN_POINT('',(3.,-6.));
#15887 = VECTOR('',#15888,1.);
#15888 = DIRECTION('',(1.,0.));
#15889 = ( GEOMETRIC_REPRESENTATION_CONTEXT(2) 
PARAMETRIC_REPRESENTATION_CONTEXT() REPRESENTATION_CONTEXT('2D SPACE',''
  ) );
#15890 = ORIENTED_EDGE('',*,*,#15744,.F.);
#15891 = ORIENTED_EDGE('',*,*,#14220,.F.);
#15892 = ADVANCED_FACE('',(#15893),#14533,.F.);
#15893 = FACE_BOUND('',#15894,.F.);
#15894 = EDGE_LOOP('',(#15895,#15916,#15917,#15918));
#15895 = ORIENTED_EDGE('',*,*,#15896,.F.);
#15896 = EDGE_CURVE('',#14517,#15186,#15897,.T.);
#15897 = SEAM_CURVE('',#15898,(#15902,#15909),.PCURVE_S1.);
#15898 = LINE('',#15899,#15900);
#15899 = CARTESIAN_POINT('',(-10.7,59.184837585314,19.97020561473));
#15900 = VECTOR('',#15901,1.);
#15901 = DIRECTION('',(0.,-0.141421356237,0.989949493661));
#15902 = PCURVE('',#14533,#15903);
#15903 = DEFINITIONAL_REPRESENTATION('',(#15904),#15908);
#15904 = LINE('',#15905,#15906);
#15905 = CARTESIAN_POINT('',(0.,-2.5));
#15906 = VECTOR('',#15907,1.);
#15907 = DIRECTION('',(-0.,1.));
#15908 = ( GEOMETRIC_REPRESENTATION_CONTEXT(2) 
PARAMETRIC_REPRESENTATION_CONTEXT() REPRESENTATION_CONTEXT('2D SPACE',''
  ) );
#15909 = PCURVE('',#14533,#15910);
#15910 = DEFINITIONAL_REPRESENTATION('',(#15911),#15915);
#15911 = LINE('',#15912,#15913);
#15912 = CARTESIAN_POINT('',(6.28318530718,-2.5));
#15913 = VECTOR('',#15914,1.);
#15914 = DIRECTION('',(-0.,1.));
#15915 = ( GEOMETRIC_REPRESENTATION_CONTEXT(2) 
PARAMETRIC_REPRESENTATION_CONTEXT() REPRESENTATION_CONTEXT('2D SPACE',''
  ) );
#15916 = ORIENTED_EDGE('',*,*,#14516,.T.);
#15917 = ORIENTED_EDGE('',*,*,#15896,.T.);
#15918 = ORIENTED_EDGE('',*,*,#15185,.F.);
#15919 = ADVANCED_FACE('',(#15920),#14568,.F.);
#15920 = FACE_BOUND('',#15921,.F.);
#15921 = EDGE_LOOP('',(#15922,#15943,#15944,#15945));
#15922 = ORIENTED_EDGE('',*,*,#15923,.F.);
#15923 = EDGE_CURVE('',#14552,#15216,#15924,.T.);
#15924 = SEAM_CURVE('',#15925,(#15929,#15936),.PCURVE_S1.);
#15925 = LINE('',#15926,#15927);
#15926 = CARTESIAN_POINT('',(-10.7,35.426049737446,16.576093065035));
#15927 = VECTOR('',#15928,1.);
#15928 = DIRECTION('',(0.,-0.141421356237,0.989949493661));
#15929 = PCURVE('',#14568,#15930);
#15930 = DEFINITIONAL_REPRESENTATION('',(#15931),#15935);
#15931 = LINE('',#15932,#15933);
#15932 = CARTESIAN_POINT('',(0.,-2.5));
#15933 = VECTOR('',#15934,1.);
#15934 = DIRECTION('',(-0.,1.));
#15935 = ( GEOMETRIC_REPRESENTATION_CONTEXT(2) 
PARAMETRIC_REPRESENTATION_CONTEXT() REPRESENTATION_CONTEXT('2D SPACE',''
  ) );
#15936 = PCURVE('',#14568,#15937);
#15937 = DEFINITIONAL_REPRESENTATION('',(#15938),#15942);
#15938 = LINE('',#15939,#15940);
#15939 = CARTESIAN_POINT('',(6.28318530718,-2.5));
#15940 = VECTOR('',#15941,1.);
#15941 = DIRECTION('',(-0.,1.));
#15942 = ( GEOMETRIC_REPRESENTATION_CONTEXT(2) 
PARAMETRIC_REPRESENTATION_CONTEXT() REPRESENTATION_CONTEXT('2D SPACE',''
  ) );
#15943 = ORIENTED_EDGE('',*,*,#14551,.T.);
#15944 = ORIENTED_EDGE('',*,*,#15923,.T.);
#15945 = ORIENTED_EDGE('',*,*,#15215,.F.);
#15946 = ADVANCED_FACE('',(#15947),#14603,.F.);
#15947 = FACE_BOUND('',#15948,.F.);
#15948 = EDGE_LOOP('',(#15949,#15970,#15971,#15972));
#15949 = ORIENTED_EDGE('',*,*,#15950,.F.);
#15950 = EDGE_CURVE('',#14587,#15250,#15951,.T.);
#15951 = SEAM_CURVE('',#15952,(#15956,#15963),.PCURVE_S1.);
#15952 = LINE('',#15953,#15954);
#15953 = CARTESIAN_POINT('',(13.3,60.245497757094,12.545584412272));
#15954 = VECTOR('',#15955,1.);
#15955 = DIRECTION('',(0.,-0.141421356237,0.989949493661));
#15956 = PCURVE('',#14603,#15957);
#15957 = DEFINITIONAL_REPRESENTATION('',(#15958),#15962);
#15958 = LINE('',#15959,#15960);
#15959 = CARTESIAN_POINT('',(0.,-10.));
#15960 = VECTOR('',#15961,1.);
#15961 = DIRECTION('',(-0.,1.));
#15962 = ( GEOMETRIC_REPRESENTATION_CONTEXT(2) 
PARAMETRIC_REPRESENTATION_CONTEXT() REPRESENTATION_CONTEXT('2D SPACE',''
  ) );
#15963 = PCURVE('',#14603,#15964);
#15964 = DEFINITIONAL_REPRESENTATION('',(#15965),#15969);
#15965 = LINE('',#15966,#15967);
#15966 = CARTESIAN_POINT('',(6.28318530718,-10.));
#15967 = VECTOR('',#15968,1.);
#15968 = DIRECTION('',(-0.,1.));
#15969 = ( GEOMETRIC_REPRESENTATION_CONTEXT(2) 
PARAMETRIC_REPRESENTATION_CONTEXT() REPRESENTATION_CONTEXT('2D SPACE',''
  ) );
#15970 = ORIENTED_EDGE('',*,*,#14586,.T.);
#15971 = ORIENTED_EDGE('',*,*,#15950,.T.);
#15972 = ORIENTED_EDGE('',*,*,#15249,.F.);
#15973 = ADVANCED_FACE('',(#15974),#14638,.F.);
#15974 = FACE_BOUND('',#15975,.F.);
#15975 = EDGE_LOOP('',(#15976,#15997,#15998,#15999));
#15976 = ORIENTED_EDGE('',*,*,#15977,.F.);
#15977 = EDGE_CURVE('',#14622,#15280,#15978,.T.);
#15978 = SEAM_CURVE('',#15979,(#15983,#15990),.PCURVE_S1.);
#15979 = LINE('',#15980,#15981);
#15980 = CARTESIAN_POINT('',(13.3,35.426049737446,16.576093065035));
#15981 = VECTOR('',#15982,1.);
#15982 = DIRECTION('',(0.,-0.141421356237,0.989949493661));
#15983 = PCURVE('',#14638,#15984);
#15984 = DEFINITIONAL_REPRESENTATION('',(#15985),#15989);
#15985 = LINE('',#15986,#15987);
#15986 = CARTESIAN_POINT('',(0.,-2.5));
#15987 = VECTOR('',#15988,1.);
#15988 = DIRECTION('',(-0.,1.));
#15989 = ( GEOMETRIC_REPRESENTATION_CONTEXT(2) 
PARAMETRIC_REPRESENTATION_CONTEXT() REPRESENTATION_CONTEXT('2D SPACE',''
  ) );
#15990 = PCURVE('',#14638,#15991);
#15991 = DEFINITIONAL_REPRESENTATION('',(#15992),#15996);
#15992 = LINE('',#15993,#15994);
#15993 = CARTESIAN_POINT('',(6.28318530718,-2.5));
#15994 = VECTOR('',#15995,1.);
#15995 = DIRECTION('',(-0.,1.));
#15996 = ( GEOMETRIC_REPRESENTATION_CONTEXT(2) 
PARAMETRIC_REPRESENTATION_CONTEXT() REPRESENTATION_CONTEXT('2D SPACE',''
  ) );
#15997 = ORIENTED_EDGE('',*,*,#14621,.T.);
#15998 = ORIENTED_EDGE('',*,*,#15977,.T.);
#15999 = ORIENTED_EDGE('',*,*,#15279,.F.);
#16000 = ADVANCED_FACE('',(#16001),#14719,.F.);
#16001 = FACE_BOUND('',#16002,.F.);
#16002 = EDGE_LOOP('',(#16003,#16004,#16005,#16028));
#16003 = ORIENTED_EDGE('',*,*,#14978,.T.);
#16004 = ORIENTED_EDGE('',*,*,#14703,.T.);
#16005 = ORIENTED_EDGE('',*,*,#16006,.F.);
#16006 = EDGE_CURVE('',#16007,#14704,#16009,.T.);
#16007 = VERTEX_POINT('',#16008);
#16008 = CARTESIAN_POINT('',(-19.25,162.1350375757,9.215445671549));
#16009 = SURFACE_CURVE('',#16010,(#16014,#16021),.PCURVE_S1.);
#16010 = LINE('',#16011,#16012);
#16011 = CARTESIAN_POINT('',(-19.25,162.1350375757,9.215445671549));
#16012 = VECTOR('',#16013,1.);
#16013 = DIRECTION('',(0.,0.939692620786,0.342020143326));
#16014 = PCURVE('',#14719,#16015);
#16015 = DEFINITIONAL_REPRESENTATION('',(#16016),#16020);
#16016 = LINE('',#16017,#16018);
#16017 = CARTESIAN_POINT('',(42.,-1.7763568394E-14));
#16018 = VECTOR('',#16019,1.);
#16019 = DIRECTION('',(0.,-1.));
#16020 = ( GEOMETRIC_REPRESENTATION_CONTEXT(2) 
PARAMETRIC_REPRESENTATION_CONTEXT() REPRESENTATION_CONTEXT('2D SPACE',''
  ) );
#16021 = PCURVE('',#14747,#16022);
#16022 = DEFINITIONAL_REPRESENTATION('',(#16023),#16027);
#16023 = LINE('',#16024,#16025);
#16024 = CARTESIAN_POINT('',(1.5,-3.));
#16025 = VECTOR('',#16026,1.);
#16026 = DIRECTION('',(0.,-1.));
#16027 = ( GEOMETRIC_REPRESENTATION_CONTEXT(2) 
PARAMETRIC_REPRESENTATION_CONTEXT() REPRESENTATION_CONTEXT('2D SPACE',''
  ) );
#16028 = ORIENTED_EDGE('',*,*,#16029,.F.);
#16029 = EDGE_CURVE('',#14979,#16007,#16030,.T.);
#16030 = SURFACE_CURVE('',#16031,(#16035,#16042),.PCURVE_S1.);
#16031 = LINE('',#16032,#16033);
#16032 = CARTESIAN_POINT('',(-19.25,154.95261456586,28.948990708053));
#16033 = VECTOR('',#16034,1.);
#16034 = DIRECTION('',(0.,0.342020143326,-0.939692620786));
#16035 = PCURVE('',#14719,#16036);
#16036 = DEFINITIONAL_REPRESENTATION('',(#16037),#16041);
#16037 = LINE('',#16038,#16039);
#16038 = CARTESIAN_POINT('',(21.,-8.881784197001E-15));
#16039 = VECTOR('',#16040,1.);
#16040 = DIRECTION('',(1.,0.));
#16041 = ( GEOMETRIC_REPRESENTATION_CONTEXT(2) 
PARAMETRIC_REPRESENTATION_CONTEXT() REPRESENTATION_CONTEXT('2D SPACE',''
  ) );
#16042 = PCURVE('',#15017,#16043);
#16043 = DEFINITIONAL_REPRESENTATION('',(#16044),#16048);
#16044 = LINE('',#16045,#16046);
#16045 = CARTESIAN_POINT('',(0.75,0.));
#16046 = VECTOR('',#16047,1.);
#16047 = DIRECTION('',(0.,1.));
#16048 = ( GEOMETRIC_REPRESENTATION_CONTEXT(2) 
PARAMETRIC_REPRESENTATION_CONTEXT() REPRESENTATION_CONTEXT('2D SPACE',''
  ) );
#16049 = ADVANCED_FACE('',(#16050),#14747,.F.);
#16050 = FACE_BOUND('',#16051,.F.);
#16051 = EDGE_LOOP('',(#16052,#16075,#16098,#16119,#16120,#16121,#16144,
    #16167));
#16052 = ORIENTED_EDGE('',*,*,#16053,.T.);
#16053 = EDGE_CURVE('',#16054,#16056,#16058,.T.);
#16054 = VERTEX_POINT('',#16055);
#16055 = CARTESIAN_POINT('',(20.75,160.18094379524,8.504213700498));
#16056 = VERTEX_POINT('',#16057);
#16057 = CARTESIAN_POINT('',(-20.75,160.18094379524,8.504213700498));
#16058 = SURFACE_CURVE('',#16059,(#16063,#16069),.PCURVE_S1.);
#16059 = LINE('',#16060,#16061);
#16060 = CARTESIAN_POINT('',(-10.375,160.18094379524,8.504213700498));
#16061 = VECTOR('',#16062,1.);
#16062 = DIRECTION('',(-1.,0.,-0.));
#16063 = PCURVE('',#14747,#16064);
#16064 = DEFINITIONAL_REPRESENTATION('',(#16065),#16068);
#16065 = B_SPLINE_CURVE_WITH_KNOTS('',1,(#16066,#16067),.UNSPECIFIED.,
  .F.,.F.,(2,2),(-31.125,10.375),.PIECEWISE_BEZIER_KNOTS.);
#16066 = CARTESIAN_POINT('',(41.5,-0.920496833504));
#16067 = CARTESIAN_POINT('',(0.,-0.920496833504));
#16068 = ( GEOMETRIC_REPRESENTATION_CONTEXT(2) 
PARAMETRIC_REPRESENTATION_CONTEXT() REPRESENTATION_CONTEXT('2D SPACE',''
  ) );
#16069 = PCURVE('',#14962,#16070);
#16070 = DEFINITIONAL_REPRESENTATION('',(#16071),#16074);
#16071 = B_SPLINE_CURVE_WITH_KNOTS('',1,(#16072,#16073),.UNSPECIFIED.,
  .F.,.F.,(2,2),(-31.125,10.375),.PIECEWISE_BEZIER_KNOTS.);
#16072 = CARTESIAN_POINT('',(5.047657218389,20.75));
#16073 = CARTESIAN_POINT('',(5.047657218389,-20.75));
#16074 = ( GEOMETRIC_REPRESENTATION_CONTEXT(2) 
PARAMETRIC_REPRESENTATION_CONTEXT() REPRESENTATION_CONTEXT('2D SPACE',''
  ) );
#16075 = ORIENTED_EDGE('',*,*,#16076,.T.);
#16076 = EDGE_CURVE('',#16056,#16077,#16079,.T.);
#16077 = VERTEX_POINT('',#16078);
#16078 = CARTESIAN_POINT('',(-20.75,162.1350375757,9.215445671549));
#16079 = SURFACE_CURVE('',#16080,(#16084,#16091),.PCURVE_S1.);
#16080 = LINE('',#16081,#16082);
#16081 = CARTESIAN_POINT('',(-20.75,159.31595971334,8.189385241572));
#16082 = VECTOR('',#16083,1.);
#16083 = DIRECTION('',(0.,0.939692620786,0.342020143326));
#16084 = PCURVE('',#14747,#16085);
#16085 = DEFINITIONAL_REPRESENTATION('',(#16086),#16090);
#16086 = LINE('',#16087,#16088);
#16087 = CARTESIAN_POINT('',(0.,0.));
#16088 = VECTOR('',#16089,1.);
#16089 = DIRECTION('',(0.,-1.));
#16090 = ( GEOMETRIC_REPRESENTATION_CONTEXT(2) 
PARAMETRIC_REPRESENTATION_CONTEXT() REPRESENTATION_CONTEXT('2D SPACE',''
  ) );
#16091 = PCURVE('',#14937,#16092);
#16092 = DEFINITIONAL_REPRESENTATION('',(#16093),#16097);
#16093 = LINE('',#16094,#16095);
#16094 = CARTESIAN_POINT('',(42.,8.881784197001E-15));
#16095 = VECTOR('',#16096,1.);
#16096 = DIRECTION('',(0.,-1.));
#16097 = ( GEOMETRIC_REPRESENTATION_CONTEXT(2) 
PARAMETRIC_REPRESENTATION_CONTEXT() REPRESENTATION_CONTEXT('2D SPACE',''
  ) );
#16098 = ORIENTED_EDGE('',*,*,#16099,.T.);
#16099 = EDGE_CURVE('',#16077,#16007,#16100,.T.);
#16100 = SURFACE_CURVE('',#16101,(#16105,#16112),.PCURVE_S1.);
#16101 = LINE('',#16102,#16103);
#16102 = CARTESIAN_POINT('',(-20.,162.1350375757,9.215445671549));
#16103 = VECTOR('',#16104,1.);
#16104 = DIRECTION('',(1.,0.,0.));
#16105 = PCURVE('',#14747,#16106);
#16106 = DEFINITIONAL_REPRESENTATION('',(#16107),#16111);
#16107 = LINE('',#16108,#16109);
#16108 = CARTESIAN_POINT('',(0.75,-3.));
#16109 = VECTOR('',#16110,1.);
#16110 = DIRECTION('',(1.,0.));
#16111 = ( GEOMETRIC_REPRESENTATION_CONTEXT(2) 
PARAMETRIC_REPRESENTATION_CONTEXT() REPRESENTATION_CONTEXT('2D SPACE',''
  ) );
#16112 = PCURVE('',#15017,#16113);
#16113 = DEFINITIONAL_REPRESENTATION('',(#16114),#16118);
#16114 = LINE('',#16115,#16116);
#16115 = CARTESIAN_POINT('',(0.,21.));
#16116 = VECTOR('',#16117,1.);
#16117 = DIRECTION('',(1.,0.));
#16118 = ( GEOMETRIC_REPRESENTATION_CONTEXT(2) 
PARAMETRIC_REPRESENTATION_CONTEXT() REPRESENTATION_CONTEXT('2D SPACE',''
  ) );
#16119 = ORIENTED_EDGE('',*,*,#16006,.T.);
#16120 = ORIENTED_EDGE('',*,*,#14731,.T.);
#16121 = ORIENTED_EDGE('',*,*,#16122,.F.);
#16122 = EDGE_CURVE('',#16123,#14732,#16125,.T.);
#16123 = VERTEX_POINT('',#16124);
#16124 = CARTESIAN_POINT('',(19.25,162.1350375757,9.215445671549));
#16125 = SURFACE_CURVE('',#16126,(#16130,#16137),.PCURVE_S1.);
#16126 = LINE('',#16127,#16128);
#16127 = CARTESIAN_POINT('',(19.25,162.1350375757,9.215445671549));
#16128 = VECTOR('',#16129,1.);
#16129 = DIRECTION('',(0.,0.939692620786,0.342020143326));
#16130 = PCURVE('',#14747,#16131);
#16131 = DEFINITIONAL_REPRESENTATION('',(#16132),#16136);
#16132 = LINE('',#16133,#16134);
#16133 = CARTESIAN_POINT('',(40.,-3.));
#16134 = VECTOR('',#16135,1.);
#16135 = DIRECTION('',(0.,-1.));
#16136 = ( GEOMETRIC_REPRESENTATION_CONTEXT(2) 
PARAMETRIC_REPRESENTATION_CONTEXT() REPRESENTATION_CONTEXT('2D SPACE',''
  ) );
#16137 = PCURVE('',#14775,#16138);
#16138 = DEFINITIONAL_REPRESENTATION('',(#16139),#16143);
#16139 = LINE('',#16140,#16141);
#16140 = CARTESIAN_POINT('',(42.,-1.7763568394E-14));
#16141 = VECTOR('',#16142,1.);
#16142 = DIRECTION('',(0.,-1.));
#16143 = ( GEOMETRIC_REPRESENTATION_CONTEXT(2) 
PARAMETRIC_REPRESENTATION_CONTEXT() REPRESENTATION_CONTEXT('2D SPACE',''
  ) );
#16144 = ORIENTED_EDGE('',*,*,#16145,.T.);
#16145 = EDGE_CURVE('',#16123,#16146,#16148,.T.);
#16146 = VERTEX_POINT('',#16147);
#16147 = CARTESIAN_POINT('',(20.75,162.1350375757,9.215445671549));
#16148 = SURFACE_CURVE('',#16149,(#16153,#16160),.PCURVE_S1.);
#16149 = LINE('',#16150,#16151);
#16150 = CARTESIAN_POINT('',(20.,162.1350375757,9.215445671549));
#16151 = VECTOR('',#16152,1.);
#16152 = DIRECTION('',(1.,0.,0.));
#16153 = PCURVE('',#14747,#16154);
#16154 = DEFINITIONAL_REPRESENTATION('',(#16155),#16159);
#16155 = LINE('',#16156,#16157);
#16156 = CARTESIAN_POINT('',(40.75,-3.));
#16157 = VECTOR('',#16158,1.);
#16158 = DIRECTION('',(1.,0.));
#16159 = ( GEOMETRIC_REPRESENTATION_CONTEXT(2) 
PARAMETRIC_REPRESENTATION_CONTEXT() REPRESENTATION_CONTEXT('2D SPACE',''
  ) );
#16160 = PCURVE('',#14858,#16161);
#16161 = DEFINITIONAL_REPRESENTATION('',(#16162),#16166);
#16162 = LINE('',#16163,#16164);
#16163 = CARTESIAN_POINT('',(0.,21.));
#16164 = VECTOR('',#16165,1.);
#16165 = DIRECTION('',(1.,0.));
#16166 = ( GEOMETRIC_REPRESENTATION_CONTEXT(2) 
PARAMETRIC_REPRESENTATION_CONTEXT() REPRESENTATION_CONTEXT('2D SPACE',''
  ) );
#16167 = ORIENTED_EDGE('',*,*,#16168,.F.);
#16168 = EDGE_CURVE('',#16054,#16146,#16169,.T.);
#16169 = SURFACE_CURVE('',#16170,(#16174,#16181),.PCURVE_S1.);
#16170 = LINE('',#16171,#16172);
#16171 = CARTESIAN_POINT('',(20.75,159.31595971334,8.189385241572));
#16172 = VECTOR('',#16173,1.);
#16173 = DIRECTION('',(0.,0.939692620786,0.342020143326));
#16174 = PCURVE('',#14747,#16175);
#16175 = DEFINITIONAL_REPRESENTATION('',(#16176),#16180);
#16176 = LINE('',#16177,#16178);
#16177 = CARTESIAN_POINT('',(41.5,0.));
#16178 = VECTOR('',#16179,1.);
#16179 = DIRECTION('',(0.,-1.));
#16180 = ( GEOMETRIC_REPRESENTATION_CONTEXT(2) 
PARAMETRIC_REPRESENTATION_CONTEXT() REPRESENTATION_CONTEXT('2D SPACE',''
  ) );
#16181 = PCURVE('',#14830,#16182);
#16182 = DEFINITIONAL_REPRESENTATION('',(#16183),#16187);
#16183 = LINE('',#16184,#16185);
#16184 = CARTESIAN_POINT('',(42.,8.881784197001E-15));
#16185 = VECTOR('',#16186,1.);
#16186 = DIRECTION('',(0.,-1.));
#16187 = ( GEOMETRIC_REPRESENTATION_CONTEXT(2) 
PARAMETRIC_REPRESENTATION_CONTEXT() REPRESENTATION_CONTEXT('2D SPACE',''
  ) );
#16188 = ADVANCED_FACE('',(#16189),#14775,.T.);
#16189 = FACE_BOUND('',#16190,.T.);
#16190 = EDGE_LOOP('',(#16191,#16192,#16193,#16194));
#16191 = ORIENTED_EDGE('',*,*,#14870,.T.);
#16192 = ORIENTED_EDGE('',*,*,#14759,.T.);
#16193 = ORIENTED_EDGE('',*,*,#16122,.F.);
#16194 = ORIENTED_EDGE('',*,*,#16195,.F.);
#16195 = EDGE_CURVE('',#14843,#16123,#16196,.T.);
#16196 = SURFACE_CURVE('',#16197,(#16201,#16208),.PCURVE_S1.);
#16197 = LINE('',#16198,#16199);
#16198 = CARTESIAN_POINT('',(19.25,154.95261456586,28.948990708053));
#16199 = VECTOR('',#16200,1.);
#16200 = DIRECTION('',(0.,0.342020143326,-0.939692620786));
#16201 = PCURVE('',#14775,#16202);
#16202 = DEFINITIONAL_REPRESENTATION('',(#16203),#16207);
#16203 = LINE('',#16204,#16205);
#16204 = CARTESIAN_POINT('',(21.,-8.881784197001E-15));
#16205 = VECTOR('',#16206,1.);
#16206 = DIRECTION('',(1.,0.));
#16207 = ( GEOMETRIC_REPRESENTATION_CONTEXT(2) 
PARAMETRIC_REPRESENTATION_CONTEXT() REPRESENTATION_CONTEXT('2D SPACE',''
  ) );
#16208 = PCURVE('',#14858,#16209);
#16209 = DEFINITIONAL_REPRESENTATION('',(#16210),#16214);
#16210 = LINE('',#16211,#16212);
#16211 = CARTESIAN_POINT('',(-0.75,0.));
#16212 = VECTOR('',#16213,1.);
#16213 = DIRECTION('',(0.,1.));
#16214 = ( GEOMETRIC_REPRESENTATION_CONTEXT(2) 
PARAMETRIC_REPRESENTATION_CONTEXT() REPRESENTATION_CONTEXT('2D SPACE',''
  ) );
#16215 = ADVANCED_FACE('',(#16216),#14830,.T.);
#16216 = FACE_BOUND('',#16217,.T.);
#16217 = EDGE_LOOP('',(#16218,#16219,#16220,#16241,#16242));
#16218 = ORIENTED_EDGE('',*,*,#14897,.F.);
#16219 = ORIENTED_EDGE('',*,*,#14814,.T.);
#16220 = ORIENTED_EDGE('',*,*,#16221,.T.);
#16221 = EDGE_CURVE('',#14815,#16146,#16222,.T.);
#16222 = SURFACE_CURVE('',#16223,(#16227,#16234),.PCURVE_S1.);
#16223 = LINE('',#16224,#16225);
#16224 = CARTESIAN_POINT('',(20.75,154.95261456586,28.948990708053));
#16225 = VECTOR('',#16226,1.);
#16226 = DIRECTION('',(0.,0.342020143326,-0.939692620786));
#16227 = PCURVE('',#14830,#16228);
#16228 = DEFINITIONAL_REPRESENTATION('',(#16229),#16233);
#16229 = LINE('',#16230,#16231);
#16230 = CARTESIAN_POINT('',(21.,-3.));
#16231 = VECTOR('',#16232,1.);
#16232 = DIRECTION('',(1.,0.));
#16233 = ( GEOMETRIC_REPRESENTATION_CONTEXT(2) 
PARAMETRIC_REPRESENTATION_CONTEXT() REPRESENTATION_CONTEXT('2D SPACE',''
  ) );
#16234 = PCURVE('',#14858,#16235);
#16235 = DEFINITIONAL_REPRESENTATION('',(#16236),#16240);
#16236 = LINE('',#16237,#16238);
#16237 = CARTESIAN_POINT('',(0.75,0.));
#16238 = VECTOR('',#16239,1.);
#16239 = DIRECTION('',(0.,1.));
#16240 = ( GEOMETRIC_REPRESENTATION_CONTEXT(2) 
PARAMETRIC_REPRESENTATION_CONTEXT() REPRESENTATION_CONTEXT('2D SPACE',''
  ) );
#16241 = ORIENTED_EDGE('',*,*,#16168,.F.);
#16242 = ORIENTED_EDGE('',*,*,#16243,.T.);
#16243 = EDGE_CURVE('',#16054,#14898,#16244,.T.);
#16244 = SURFACE_CURVE('',#16245,(#16249,#16255),.PCURVE_S1.);
#16245 = LINE('',#16246,#16247);
#16246 = CARTESIAN_POINT('',(20.75,151.88396216821,24.907002262708));
#16247 = VECTOR('',#16248,1.);
#16248 = DIRECTION('',(0.,-0.451368839694,0.892337475708));
#16249 = PCURVE('',#14830,#16250);
#16250 = DEFINITIONAL_REPRESENTATION('',(#16251),#16254);
#16251 = B_SPLINE_CURVE_WITH_KNOTS('',1,(#16252,#16253),.UNSPECIFIED.,
  .F.,.F.,(2,2),(-18.38182191013,-10.64334043323),
  .PIECEWISE_BEZIER_KNOTS.);
#16252 = CARTESIAN_POINT('',(42.,-0.920496833504));
#16253 = CARTESIAN_POINT('',(34.316460376374,9.547918011776E-15));
#16254 = ( GEOMETRIC_REPRESENTATION_CONTEXT(2) 
PARAMETRIC_REPRESENTATION_CONTEXT() REPRESENTATION_CONTEXT('2D SPACE',''
  ) );
#16255 = PCURVE('',#14962,#16256);
#16256 = DEFINITIONAL_REPRESENTATION('',(#16257),#16260);
#16257 = B_SPLINE_CURVE_WITH_KNOTS('',1,(#16258,#16259),.UNSPECIFIED.,
  .F.,.F.,(2,2),(-18.38182191013,-10.64334043323),
  .PIECEWISE_BEZIER_KNOTS.);
#16258 = CARTESIAN_POINT('',(5.047657218389,20.75));
#16259 = CARTESIAN_POINT('',(12.786138695288,20.75));
#16260 = ( GEOMETRIC_REPRESENTATION_CONTEXT(2) 
PARAMETRIC_REPRESENTATION_CONTEXT() REPRESENTATION_CONTEXT('2D SPACE',''
  ) );
#16261 = ADVANCED_FACE('',(#16262),#14858,.F.);
#16262 = FACE_BOUND('',#16263,.F.);
#16263 = EDGE_LOOP('',(#16264,#16265,#16266,#16267));
#16264 = ORIENTED_EDGE('',*,*,#16195,.F.);
#16265 = ORIENTED_EDGE('',*,*,#14842,.T.);
#16266 = ORIENTED_EDGE('',*,*,#16221,.T.);
#16267 = ORIENTED_EDGE('',*,*,#16145,.F.);
#16268 = ADVANCED_FACE('',(#16269),#14962,.T.);
#16269 = FACE_BOUND('',#16270,.T.);
#16270 = EDGE_LOOP('',(#16271,#16272,#16273,#16292));
#16271 = ORIENTED_EDGE('',*,*,#16243,.F.);
#16272 = ORIENTED_EDGE('',*,*,#16053,.T.);
#16273 = ORIENTED_EDGE('',*,*,#16274,.T.);
#16274 = EDGE_CURVE('',#16056,#14922,#16275,.T.);
#16275 = SURFACE_CURVE('',#16276,(#16280,#16286),.PCURVE_S1.);
#16276 = LINE('',#16277,#16278);
#16277 = CARTESIAN_POINT('',(-20.75,151.88396216821,24.907002262708));
#16278 = VECTOR('',#16279,1.);
#16279 = DIRECTION('',(0.,-0.451368839694,0.892337475708));
#16280 = PCURVE('',#14962,#16281);
#16281 = DEFINITIONAL_REPRESENTATION('',(#16282),#16285);
#16282 = B_SPLINE_CURVE_WITH_KNOTS('',1,(#16283,#16284),.UNSPECIFIED.,
  .F.,.F.,(2,2),(-18.38182191013,-10.64334043323),
  .PIECEWISE_BEZIER_KNOTS.);
#16283 = CARTESIAN_POINT('',(5.047657218389,-20.75));
#16284 = CARTESIAN_POINT('',(12.786138695288,-20.75));
#16285 = ( GEOMETRIC_REPRESENTATION_CONTEXT(2) 
PARAMETRIC_REPRESENTATION_CONTEXT() REPRESENTATION_CONTEXT('2D SPACE',''
  ) );
#16286 = PCURVE('',#14937,#16287);
#16287 = DEFINITIONAL_REPRESENTATION('',(#16288),#16291);
#16288 = B_SPLINE_CURVE_WITH_KNOTS('',1,(#16289,#16290),.UNSPECIFIED.,
  .F.,.F.,(2,2),(-18.38182191013,-10.64334043323),
  .PIECEWISE_BEZIER_KNOTS.);
#16289 = CARTESIAN_POINT('',(42.,-0.920496833504));
#16290 = CARTESIAN_POINT('',(34.316460376374,9.547918011776E-15));
#16291 = ( GEOMETRIC_REPRESENTATION_CONTEXT(2) 
PARAMETRIC_REPRESENTATION_CONTEXT() REPRESENTATION_CONTEXT('2D SPACE',''
  ) );
#16292 = ORIENTED_EDGE('',*,*,#14949,.T.);
#16293 = ADVANCED_FACE('',(#16294),#14937,.F.);
#16294 = FACE_BOUND('',#16295,.F.);
#16295 = EDGE_LOOP('',(#16296,#16297,#16298,#16319,#16320));
#16296 = ORIENTED_EDGE('',*,*,#14921,.F.);
#16297 = ORIENTED_EDGE('',*,*,#15029,.T.);
#16298 = ORIENTED_EDGE('',*,*,#16299,.T.);
#16299 = EDGE_CURVE('',#15002,#16077,#16300,.T.);
#16300 = SURFACE_CURVE('',#16301,(#16305,#16312),.PCURVE_S1.);
#16301 = LINE('',#16302,#16303);
#16302 = CARTESIAN_POINT('',(-20.75,154.95261456586,28.948990708053));
#16303 = VECTOR('',#16304,1.);
#16304 = DIRECTION('',(0.,0.342020143326,-0.939692620786));
#16305 = PCURVE('',#14937,#16306);
#16306 = DEFINITIONAL_REPRESENTATION('',(#16307),#16311);
#16307 = LINE('',#16308,#16309);
#16308 = CARTESIAN_POINT('',(21.,-3.));
#16309 = VECTOR('',#16310,1.);
#16310 = DIRECTION('',(1.,0.));
#16311 = ( GEOMETRIC_REPRESENTATION_CONTEXT(2) 
PARAMETRIC_REPRESENTATION_CONTEXT() REPRESENTATION_CONTEXT('2D SPACE',''
  ) );
#16312 = PCURVE('',#15017,#16313);
#16313 = DEFINITIONAL_REPRESENTATION('',(#16314),#16318);
#16314 = LINE('',#16315,#16316);
#16315 = CARTESIAN_POINT('',(-0.75,0.));
#16316 = VECTOR('',#16317,1.);
#16317 = DIRECTION('',(0.,1.));
#16318 = ( GEOMETRIC_REPRESENTATION_CONTEXT(2) 
PARAMETRIC_REPRESENTATION_CONTEXT() REPRESENTATION_CONTEXT('2D SPACE',''
  ) );
#16319 = ORIENTED_EDGE('',*,*,#16076,.F.);
#16320 = ORIENTED_EDGE('',*,*,#16274,.T.);
#16321 = ADVANCED_FACE('',(#16322),#15017,.F.);
#16322 = FACE_BOUND('',#16323,.F.);
#16323 = EDGE_LOOP('',(#16324,#16325,#16326,#16327));
#16324 = ORIENTED_EDGE('',*,*,#16299,.F.);
#16325 = ORIENTED_EDGE('',*,*,#15001,.T.);
#16326 = ORIENTED_EDGE('',*,*,#16029,.T.);
#16327 = ORIENTED_EDGE('',*,*,#16099,.F.);
#16328 = ADVANCED_FACE('',(#16329),#15085,.T.);
#16329 = FACE_BOUND('',#16330,.T.);
#16330 = EDGE_LOOP('',(#16331,#16354,#16355,#16378));
#16331 = ORIENTED_EDGE('',*,*,#16332,.T.);
#16332 = EDGE_CURVE('',#16333,#15068,#16335,.T.);
#16333 = VERTEX_POINT('',#16334);
#16334 = CARTESIAN_POINT('',(-34.2,66.280654134521,23.509275054569));
#16335 = SURFACE_CURVE('',#16336,(#16340,#16347),.PCURVE_S1.);
#16336 = LINE('',#16337,#16338);
#16337 = CARTESIAN_POINT('',(-34.2,66.280654134521,23.509275054569));
#16338 = VECTOR('',#16339,1.);
#16339 = DIRECTION('',(0.,-0.141421356237,0.989949493661));
#16340 = PCURVE('',#15085,#16341);
#16341 = DEFINITIONAL_REPRESENTATION('',(#16342),#16346);
#16342 = LINE('',#16343,#16344);
#16343 = CARTESIAN_POINT('',(0.,0.));
#16344 = VECTOR('',#16345,1.);
#16345 = DIRECTION('',(0.,-1.));
#16346 = ( GEOMETRIC_REPRESENTATION_CONTEXT(2) 
PARAMETRIC_REPRESENTATION_CONTEXT() REPRESENTATION_CONTEXT('2D SPACE',''
  ) );
#16347 = PCURVE('',#15113,#16348);
#16348 = DEFINITIONAL_REPRESENTATION('',(#16349),#16353);
#16349 = LINE('',#16350,#16351);
#16350 = CARTESIAN_POINT('',(0.,0.));
#16351 = VECTOR('',#16352,1.);
#16352 = DIRECTION('',(0.,-1.));
#16353 = ( GEOMETRIC_REPRESENTATION_CONTEXT(2) 
PARAMETRIC_REPRESENTATION_CONTEXT() REPRESENTATION_CONTEXT('2D SPACE',''
  ) );
#16354 = ORIENTED_EDGE('',*,*,#15067,.T.);
#16355 = ORIENTED_EDGE('',*,*,#16356,.F.);
#16356 = EDGE_CURVE('',#16357,#15070,#16359,.T.);
#16357 = VERTEX_POINT('',#16358);
#16358 = CARTESIAN_POINT('',(34.2,66.280654134521,23.509275054569));
#16359 = SURFACE_CURVE('',#16360,(#16364,#16371),.PCURVE_S1.);
#16360 = LINE('',#16361,#16362);
#16361 = CARTESIAN_POINT('',(34.2,66.280654134521,23.509275054569));
#16362 = VECTOR('',#16363,1.);
#16363 = DIRECTION('',(0.,-0.141421356237,0.989949493661));
#16364 = PCURVE('',#15085,#16365);
#16365 = DEFINITIONAL_REPRESENTATION('',(#16366),#16370);
#16366 = LINE('',#16367,#16368);
#16367 = CARTESIAN_POINT('',(68.4,0.));
#16368 = VECTOR('',#16369,1.);
#16369 = DIRECTION('',(0.,-1.));
#16370 = ( GEOMETRIC_REPRESENTATION_CONTEXT(2) 
PARAMETRIC_REPRESENTATION_CONTEXT() REPRESENTATION_CONTEXT('2D SPACE',''
  ) );
#16371 = PCURVE('',#15167,#16372);
#16372 = DEFINITIONAL_REPRESENTATION('',(#16373),#16377);
#16373 = LINE('',#16374,#16375);
#16374 = CARTESIAN_POINT('',(0.,0.));
#16375 = VECTOR('',#16376,1.);
#16376 = DIRECTION('',(0.,-1.));
#16377 = ( GEOMETRIC_REPRESENTATION_CONTEXT(2) 
PARAMETRIC_REPRESENTATION_CONTEXT() REPRESENTATION_CONTEXT('2D SPACE',''
  ) );
#16378 = ORIENTED_EDGE('',*,*,#16379,.F.);
#16379 = EDGE_CURVE('',#16333,#16357,#16380,.T.);
#16380 = SURFACE_CURVE('',#16381,(#16385,#16392),.PCURVE_S1.);
#16381 = LINE('',#16382,#16383);
#16382 = CARTESIAN_POINT('',(0.,66.280654134521,23.509275054569));
#16383 = VECTOR('',#16384,1.);
#16384 = DIRECTION('',(1.,0.,0.));
#16385 = PCURVE('',#15085,#16386);
#16386 = DEFINITIONAL_REPRESENTATION('',(#16387),#16391);
#16387 = LINE('',#16388,#16389);
#16388 = CARTESIAN_POINT('',(34.2,0.));
#16389 = VECTOR('',#16390,1.);
#16390 = DIRECTION('',(1.,0.));
#16391 = ( GEOMETRIC_REPRESENTATION_CONTEXT(2) 
PARAMETRIC_REPRESENTATION_CONTEXT() REPRESENTATION_CONTEXT('2D SPACE',''
  ) );
#16392 = PCURVE('',#16393,#16398);
#16393 = PLANE('',#16394);
#16394 = AXIS2_PLACEMENT_3D('',#16395,#16396,#16397);
#16395 = CARTESIAN_POINT('',(0.,146.77440620108,35.008382492649));
#16396 = DIRECTION('',(0.,-0.141421356237,0.989949493661));
#16397 = DIRECTION('',(0.,-0.989949493661,-0.141421356237));
#16398 = DEFINITIONAL_REPRESENTATION('',(#16399),#16403);
#16399 = LINE('',#16400,#16401);
#16400 = CARTESIAN_POINT('',(81.310968470593,0.));
#16401 = VECTOR('',#16402,1.);
#16402 = DIRECTION('',(0.,1.));
#16403 = ( GEOMETRIC_REPRESENTATION_CONTEXT(2) 
PARAMETRIC_REPRESENTATION_CONTEXT() REPRESENTATION_CONTEXT('2D SPACE',''
  ) );
#16404 = ADVANCED_FACE('',(#16405),#15167,.T.);
#16405 = FACE_BOUND('',#16406,.T.);
#16406 = EDGE_LOOP('',(#16407,#16408,#16409,#16432));
#16407 = ORIENTED_EDGE('',*,*,#16356,.T.);
#16408 = ORIENTED_EDGE('',*,*,#15153,.T.);
#16409 = ORIENTED_EDGE('',*,*,#16410,.F.);
#16410 = EDGE_CURVE('',#16411,#15126,#16413,.T.);
#16411 = VERTEX_POINT('',#16412);
#16412 = CARTESIAN_POINT('',(34.2,139.48741919076,33.967384348318));
#16413 = SURFACE_CURVE('',#16414,(#16418,#16425),.PCURVE_S1.);
#16414 = LINE('',#16415,#16416);
#16415 = CARTESIAN_POINT('',(34.2,139.48741919076,33.967384348318));
#16416 = VECTOR('',#16417,1.);
#16417 = DIRECTION('',(0.,-0.141421356237,0.989949493661));
#16418 = PCURVE('',#15167,#16419);
#16419 = DEFINITIONAL_REPRESENTATION('',(#16420),#16424);
#16420 = LINE('',#16421,#16422);
#16421 = CARTESIAN_POINT('',(73.95,-5.329070518201E-15));
#16422 = VECTOR('',#16423,1.);
#16423 = DIRECTION('',(0.,-1.));
#16424 = ( GEOMETRIC_REPRESENTATION_CONTEXT(2) 
PARAMETRIC_REPRESENTATION_CONTEXT() REPRESENTATION_CONTEXT('2D SPACE',''
  ) );
#16425 = PCURVE('',#15141,#16426);
#16426 = DEFINITIONAL_REPRESENTATION('',(#16427),#16431);
#16427 = LINE('',#16428,#16429);
#16428 = CARTESIAN_POINT('',(68.4,0.));
#16429 = VECTOR('',#16430,1.);
#16430 = DIRECTION('',(0.,-1.));
#16431 = ( GEOMETRIC_REPRESENTATION_CONTEXT(2) 
PARAMETRIC_REPRESENTATION_CONTEXT() REPRESENTATION_CONTEXT('2D SPACE',''
  ) );
#16432 = ORIENTED_EDGE('',*,*,#16433,.F.);
#16433 = EDGE_CURVE('',#16357,#16411,#16434,.T.);
#16434 = SURFACE_CURVE('',#16435,(#16439,#16446),.PCURVE_S1.);
#16435 = LINE('',#16436,#16437);
#16436 = CARTESIAN_POINT('',(34.2,102.88403666264,28.738329701444));
#16437 = VECTOR('',#16438,1.);
#16438 = DIRECTION('',(0.,0.989949493661,0.141421356237));
#16439 = PCURVE('',#15167,#16440);
#16440 = DEFINITIONAL_REPRESENTATION('',(#16441),#16445);
#16441 = LINE('',#16442,#16443);
#16442 = CARTESIAN_POINT('',(36.975,-1.7763568394E-15));
#16443 = VECTOR('',#16444,1.);
#16444 = DIRECTION('',(1.,0.));
#16445 = ( GEOMETRIC_REPRESENTATION_CONTEXT(2) 
PARAMETRIC_REPRESENTATION_CONTEXT() REPRESENTATION_CONTEXT('2D SPACE',''
  ) );
#16446 = PCURVE('',#16393,#16447);
#16447 = DEFINITIONAL_REPRESENTATION('',(#16448),#16452);
#16448 = LINE('',#16449,#16450);
#16449 = CARTESIAN_POINT('',(44.335968470593,34.2));
#16450 = VECTOR('',#16451,1.);
#16451 = DIRECTION('',(-1.,0.));
#16452 = ( GEOMETRIC_REPRESENTATION_CONTEXT(2) 
PARAMETRIC_REPRESENTATION_CONTEXT() REPRESENTATION_CONTEXT('2D SPACE',''
  ) );
#16453 = ADVANCED_FACE('',(#16454),#15141,.F.);
#16454 = FACE_BOUND('',#16455,.F.);
#16455 = EDGE_LOOP('',(#16456,#16479,#16480,#16481));
#16456 = ORIENTED_EDGE('',*,*,#16457,.T.);
#16457 = EDGE_CURVE('',#16458,#15098,#16460,.T.);
#16458 = VERTEX_POINT('',#16459);
#16459 = CARTESIAN_POINT('',(-34.2,139.48741919076,33.967384348318));
#16460 = SURFACE_CURVE('',#16461,(#16465,#16472),.PCURVE_S1.);
#16461 = LINE('',#16462,#16463);
#16462 = CARTESIAN_POINT('',(-34.2,139.48741919076,33.967384348318));
#16463 = VECTOR('',#16464,1.);
#16464 = DIRECTION('',(0.,-0.141421356237,0.989949493661));
#16465 = PCURVE('',#15141,#16466);
#16466 = DEFINITIONAL_REPRESENTATION('',(#16467),#16471);
#16467 = LINE('',#16468,#16469);
#16468 = CARTESIAN_POINT('',(0.,0.));
#16469 = VECTOR('',#16470,1.);
#16470 = DIRECTION('',(0.,-1.));
#16471 = ( GEOMETRIC_REPRESENTATION_CONTEXT(2) 
PARAMETRIC_REPRESENTATION_CONTEXT() REPRESENTATION_CONTEXT('2D SPACE',''
  ) );
#16472 = PCURVE('',#15113,#16473);
#16473 = DEFINITIONAL_REPRESENTATION('',(#16474),#16478);
#16474 = LINE('',#16475,#16476);
#16475 = CARTESIAN_POINT('',(73.95,-5.329070518201E-15));
#16476 = VECTOR('',#16477,1.);
#16477 = DIRECTION('',(0.,-1.));
#16478 = ( GEOMETRIC_REPRESENTATION_CONTEXT(2) 
PARAMETRIC_REPRESENTATION_CONTEXT() REPRESENTATION_CONTEXT('2D SPACE',''
  ) );
#16479 = ORIENTED_EDGE('',*,*,#15125,.T.);
#16480 = ORIENTED_EDGE('',*,*,#16410,.F.);
#16481 = ORIENTED_EDGE('',*,*,#16482,.F.);
#16482 = EDGE_CURVE('',#16458,#16411,#16483,.T.);
#16483 = SURFACE_CURVE('',#16484,(#16488,#16495),.PCURVE_S1.);
#16484 = LINE('',#16485,#16486);
#16485 = CARTESIAN_POINT('',(0.,139.48741919076,33.967384348318));
#16486 = VECTOR('',#16487,1.);
#16487 = DIRECTION('',(1.,0.,0.));
#16488 = PCURVE('',#15141,#16489);
#16489 = DEFINITIONAL_REPRESENTATION('',(#16490),#16494);
#16490 = LINE('',#16491,#16492);
#16491 = CARTESIAN_POINT('',(34.2,0.));
#16492 = VECTOR('',#16493,1.);
#16493 = DIRECTION('',(1.,0.));
#16494 = ( GEOMETRIC_REPRESENTATION_CONTEXT(2) 
PARAMETRIC_REPRESENTATION_CONTEXT() REPRESENTATION_CONTEXT('2D SPACE',''
  ) );
#16495 = PCURVE('',#16393,#16496);
#16496 = DEFINITIONAL_REPRESENTATION('',(#16497),#16501);
#16497 = LINE('',#16498,#16499);
#16498 = CARTESIAN_POINT('',(7.360968470593,0.));
#16499 = VECTOR('',#16500,1.);
#16500 = DIRECTION('',(0.,1.));
#16501 = ( GEOMETRIC_REPRESENTATION_CONTEXT(2) 
PARAMETRIC_REPRESENTATION_CONTEXT() REPRESENTATION_CONTEXT('2D SPACE',''
  ) );
#16502 = ADVANCED_FACE('',(#16503),#15113,.F.);
#16503 = FACE_BOUND('',#16504,.F.);
#16504 = EDGE_LOOP('',(#16505,#16506,#16507,#16508));
#16505 = ORIENTED_EDGE('',*,*,#16332,.T.);
#16506 = ORIENTED_EDGE('',*,*,#15097,.T.);
#16507 = ORIENTED_EDGE('',*,*,#16457,.F.);
#16508 = ORIENTED_EDGE('',*,*,#16509,.F.);
#16509 = EDGE_CURVE('',#16333,#16458,#16510,.T.);
#16510 = SURFACE_CURVE('',#16511,(#16515,#16522),.PCURVE_S1.);
#16511 = LINE('',#16512,#16513);
#16512 = CARTESIAN_POINT('',(-34.2,102.88403666264,28.738329701444));
#16513 = VECTOR('',#16514,1.);
#16514 = DIRECTION('',(0.,0.989949493661,0.141421356237));
#16515 = PCURVE('',#15113,#16516);
#16516 = DEFINITIONAL_REPRESENTATION('',(#16517),#16521);
#16517 = LINE('',#16518,#16519);
#16518 = CARTESIAN_POINT('',(36.975,-1.7763568394E-15));
#16519 = VECTOR('',#16520,1.);
#16520 = DIRECTION('',(1.,0.));
#16521 = ( GEOMETRIC_REPRESENTATION_CONTEXT(2) 
PARAMETRIC_REPRESENTATION_CONTEXT() REPRESENTATION_CONTEXT('2D SPACE',''
  ) );
#16522 = PCURVE('',#16393,#16523);
#16523 = DEFINITIONAL_REPRESENTATION('',(#16524),#16528);
#16524 = LINE('',#16525,#16526);
#16525 = CARTESIAN_POINT('',(44.335968470593,-34.2));
#16526 = VECTOR('',#16527,1.);
#16527 = DIRECTION('',(-1.,0.));
#16528 = ( GEOMETRIC_REPRESENTATION_CONTEXT(2) 
PARAMETRIC_REPRESENTATION_CONTEXT() REPRESENTATION_CONTEXT('2D SPACE',''
  ) );
#16529 = ADVANCED_FACE('',(#16530),#15416,.T.);
#16530 = FACE_BOUND('',#16531,.T.);
#16531 = EDGE_LOOP('',(#16532,#16533,#16556,#16577));
#16532 = ORIENTED_EDGE('',*,*,#15403,.F.);
#16533 = ORIENTED_EDGE('',*,*,#16534,.F.);
#16534 = EDGE_CURVE('',#16535,#15378,#16537,.T.);
#16535 = VERTEX_POINT('',#16536);
#16536 = CARTESIAN_POINT('',(40.9,28.7,25.));
#16537 = SURFACE_CURVE('',#16538,(#16542,#16549),.PCURVE_S1.);
#16538 = LINE('',#16539,#16540);
#16539 = CARTESIAN_POINT('',(40.9,28.7,25.));
#16540 = VECTOR('',#16541,1.);
#16541 = DIRECTION('',(0.,0.,1.));
#16542 = PCURVE('',#15416,#16543);
#16543 = DEFINITIONAL_REPRESENTATION('',(#16544),#16548);
#16544 = LINE('',#16545,#16546);
#16545 = CARTESIAN_POINT('',(0.,0.));
#16546 = VECTOR('',#16547,1.);
#16547 = DIRECTION('',(1.,0.));
#16548 = ( GEOMETRIC_REPRESENTATION_CONTEXT(2) 
PARAMETRIC_REPRESENTATION_CONTEXT() REPRESENTATION_CONTEXT('2D SPACE',''
  ) );
#16549 = PCURVE('',#15392,#16550);
#16550 = DEFINITIONAL_REPRESENTATION('',(#16551),#16555);
#16551 = LINE('',#16552,#16553);
#16552 = CARTESIAN_POINT('',(0.,0.));
#16553 = VECTOR('',#16554,1.);
#16554 = DIRECTION('',(1.,0.));
#16555 = ( GEOMETRIC_REPRESENTATION_CONTEXT(2) 
PARAMETRIC_REPRESENTATION_CONTEXT() REPRESENTATION_CONTEXT('2D SPACE',''
  ) );
#16556 = ORIENTED_EDGE('',*,*,#16557,.T.);
#16557 = EDGE_CURVE('',#16535,#15484,#16558,.T.);
#16558 = SURFACE_CURVE('',#16559,(#16563,#16570),.PCURVE_S1.);
#16559 = LINE('',#16560,#16561);
#16560 = CARTESIAN_POINT('',(40.9,28.7,25.));
#16561 = VECTOR('',#16562,1.);
#16562 = DIRECTION('',(0.,1.,0.));
#16563 = PCURVE('',#15416,#16564);
#16564 = DEFINITIONAL_REPRESENTATION('',(#16565),#16569);
#16565 = LINE('',#16566,#16567);
#16566 = CARTESIAN_POINT('',(0.,0.));
#16567 = VECTOR('',#16568,1.);
#16568 = DIRECTION('',(0.,-1.));
#16569 = ( GEOMETRIC_REPRESENTATION_CONTEXT(2) 
PARAMETRIC_REPRESENTATION_CONTEXT() REPRESENTATION_CONTEXT('2D SPACE',''
  ) );
#16570 = PCURVE('',#15517,#16571);
#16571 = DEFINITIONAL_REPRESENTATION('',(#16572),#16576);
#16572 = LINE('',#16573,#16574);
#16573 = CARTESIAN_POINT('',(0.,0.));
#16574 = VECTOR('',#16575,1.);
#16575 = DIRECTION('',(0.,1.));
#16576 = ( GEOMETRIC_REPRESENTATION_CONTEXT(2) 
PARAMETRIC_REPRESENTATION_CONTEXT() REPRESENTATION_CONTEXT('2D SPACE',''
  ) );
#16577 = ORIENTED_EDGE('',*,*,#15483,.T.);
#16578 = ADVANCED_FACE('',(#16579),#15392,.T.);
#16579 = FACE_BOUND('',#16580,.T.);
#16580 = EDGE_LOOP('',(#16581,#16604,#16625,#16626));
#16581 = ORIENTED_EDGE('',*,*,#16582,.F.);
#16582 = EDGE_CURVE('',#16583,#15352,#16585,.T.);
#16583 = VERTEX_POINT('',#16584);
#16584 = CARTESIAN_POINT('',(44.7,28.7,25.));
#16585 = SURFACE_CURVE('',#16586,(#16590,#16597),.PCURVE_S1.);
#16586 = LINE('',#16587,#16588);
#16587 = CARTESIAN_POINT('',(44.7,28.7,25.));
#16588 = VECTOR('',#16589,1.);
#16589 = DIRECTION('',(0.,0.,1.));
#16590 = PCURVE('',#15392,#16591);
#16591 = DEFINITIONAL_REPRESENTATION('',(#16592),#16596);
#16592 = LINE('',#16593,#16594);
#16593 = CARTESIAN_POINT('',(0.,3.8));
#16594 = VECTOR('',#16595,1.);
#16595 = DIRECTION('',(1.,0.));
#16596 = ( GEOMETRIC_REPRESENTATION_CONTEXT(2) 
PARAMETRIC_REPRESENTATION_CONTEXT() REPRESENTATION_CONTEXT('2D SPACE',''
  ) );
#16597 = PCURVE('',#15366,#16598);
#16598 = DEFINITIONAL_REPRESENTATION('',(#16599),#16603);
#16599 = LINE('',#16600,#16601);
#16600 = CARTESIAN_POINT('',(0.,0.));
#16601 = VECTOR('',#16602,1.);
#16602 = DIRECTION('',(1.,0.));
#16603 = ( GEOMETRIC_REPRESENTATION_CONTEXT(2) 
PARAMETRIC_REPRESENTATION_CONTEXT() REPRESENTATION_CONTEXT('2D SPACE',''
  ) );
#16604 = ORIENTED_EDGE('',*,*,#16605,.F.);
#16605 = EDGE_CURVE('',#16535,#16583,#16606,.T.);
#16606 = SURFACE_CURVE('',#16607,(#16611,#16618),.PCURVE_S1.);
#16607 = LINE('',#16608,#16609);
#16608 = CARTESIAN_POINT('',(40.9,28.7,25.));
#16609 = VECTOR('',#16610,1.);
#16610 = DIRECTION('',(1.,0.,0.));
#16611 = PCURVE('',#15392,#16612);
#16612 = DEFINITIONAL_REPRESENTATION('',(#16613),#16617);
#16613 = LINE('',#16614,#16615);
#16614 = CARTESIAN_POINT('',(0.,0.));
#16615 = VECTOR('',#16616,1.);
#16616 = DIRECTION('',(0.,1.));
#16617 = ( GEOMETRIC_REPRESENTATION_CONTEXT(2) 
PARAMETRIC_REPRESENTATION_CONTEXT() REPRESENTATION_CONTEXT('2D SPACE',''
  ) );
#16618 = PCURVE('',#15517,#16619);
#16619 = DEFINITIONAL_REPRESENTATION('',(#16620),#16624);
#16620 = LINE('',#16621,#16622);
#16621 = CARTESIAN_POINT('',(0.,0.));
#16622 = VECTOR('',#16623,1.);
#16623 = DIRECTION('',(1.,0.));
#16624 = ( GEOMETRIC_REPRESENTATION_CONTEXT(2) 
PARAMETRIC_REPRESENTATION_CONTEXT() REPRESENTATION_CONTEXT('2D SPACE',''
  ) );
#16625 = ORIENTED_EDGE('',*,*,#16534,.T.);
#16626 = ORIENTED_EDGE('',*,*,#15377,.F.);
#16627 = ADVANCED_FACE('',(#16628),#15366,.F.);
#16628 = FACE_BOUND('',#16629,.F.);
#16629 = EDGE_LOOP('',(#16630,#16631,#16632,#16655,#16676,#16677,#16678,
    #16679));
#16630 = ORIENTED_EDGE('',*,*,#15351,.F.);
#16631 = ORIENTED_EDGE('',*,*,#16582,.F.);
#16632 = ORIENTED_EDGE('',*,*,#16633,.T.);
#16633 = EDGE_CURVE('',#16583,#16634,#16636,.T.);
#16634 = VERTEX_POINT('',#16635);
#16635 = CARTESIAN_POINT('',(44.7,35.3,25.));
#16636 = SURFACE_CURVE('',#16637,(#16641,#16648),.PCURVE_S1.);
#16637 = LINE('',#16638,#16639);
#16638 = CARTESIAN_POINT('',(44.7,28.7,25.));
#16639 = VECTOR('',#16640,1.);
#16640 = DIRECTION('',(0.,1.,0.));
#16641 = PCURVE('',#15366,#16642);
#16642 = DEFINITIONAL_REPRESENTATION('',(#16643),#16647);
#16643 = LINE('',#16644,#16645);
#16644 = CARTESIAN_POINT('',(0.,0.));
#16645 = VECTOR('',#16646,1.);
#16646 = DIRECTION('',(0.,-1.));
#16647 = ( GEOMETRIC_REPRESENTATION_CONTEXT(2) 
PARAMETRIC_REPRESENTATION_CONTEXT() REPRESENTATION_CONTEXT('2D SPACE',''
  ) );
#16648 = PCURVE('',#15517,#16649);
#16649 = DEFINITIONAL_REPRESENTATION('',(#16650),#16654);
#16650 = LINE('',#16651,#16652);
#16651 = CARTESIAN_POINT('',(3.8,0.));
#16652 = VECTOR('',#16653,1.);
#16653 = DIRECTION('',(0.,1.));
#16654 = ( GEOMETRIC_REPRESENTATION_CONTEXT(2) 
PARAMETRIC_REPRESENTATION_CONTEXT() REPRESENTATION_CONTEXT('2D SPACE',''
  ) );
#16655 = ORIENTED_EDGE('',*,*,#16656,.T.);
#16656 = EDGE_CURVE('',#16634,#15698,#16657,.T.);
#16657 = SURFACE_CURVE('',#16658,(#16662,#16669),.PCURVE_S1.);
#16658 = LINE('',#16659,#16660);
#16659 = CARTESIAN_POINT('',(44.7,35.3,25.));
#16660 = VECTOR('',#16661,1.);
#16661 = DIRECTION('',(0.,0.,1.));
#16662 = PCURVE('',#15366,#16663);
#16663 = DEFINITIONAL_REPRESENTATION('',(#16664),#16668);
#16664 = LINE('',#16665,#16666);
#16665 = CARTESIAN_POINT('',(0.,-6.6));
#16666 = VECTOR('',#16667,1.);
#16667 = DIRECTION('',(1.,0.));
#16668 = ( GEOMETRIC_REPRESENTATION_CONTEXT(2) 
PARAMETRIC_REPRESENTATION_CONTEXT() REPRESENTATION_CONTEXT('2D SPACE',''
  ) );
#16669 = PCURVE('',#15712,#16670);
#16670 = DEFINITIONAL_REPRESENTATION('',(#16671),#16675);
#16671 = LINE('',#16672,#16673);
#16672 = CARTESIAN_POINT('',(0.,3.8));
#16673 = VECTOR('',#16674,1.);
#16674 = DIRECTION('',(1.,0.));
#16675 = ( GEOMETRIC_REPRESENTATION_CONTEXT(2) 
PARAMETRIC_REPRESENTATION_CONTEXT() REPRESENTATION_CONTEXT('2D SPACE',''
  ) );
#16676 = ORIENTED_EDGE('',*,*,#15723,.F.);
#16677 = ORIENTED_EDGE('',*,*,#15870,.F.);
#16678 = ORIENTED_EDGE('',*,*,#15840,.T.);
#16679 = ORIENTED_EDGE('',*,*,#15790,.T.);
#16680 = ADVANCED_FACE('',(#16681),#15448,.F.);
#16681 = FACE_BOUND('',#16682,.F.);
#16682 = EDGE_LOOP('',(#16683,#16684,#16685,#16686));
#16683 = ORIENTED_EDGE('',*,*,#15430,.F.);
#16684 = ORIENTED_EDGE('',*,*,#15556,.T.);
#16685 = ORIENTED_EDGE('',*,*,#15580,.T.);
#16686 = ORIENTED_EDGE('',*,*,#16687,.F.);
#16687 = EDGE_CURVE('',#15433,#15581,#16688,.T.);
#16688 = SURFACE_CURVE('',#16689,(#16693,#16699),.PCURVE_S1.);
#16689 = LINE('',#16690,#16691);
#16690 = CARTESIAN_POINT('',(41.5,29.95,25.));
#16691 = VECTOR('',#16692,1.);
#16692 = DIRECTION('',(0.,1.,0.));
#16693 = PCURVE('',#15448,#16694);
#16694 = DEFINITIONAL_REPRESENTATION('',(#16695),#16698);
#16695 = B_SPLINE_CURVE_WITH_KNOTS('',1,(#16696,#16697),.UNSPECIFIED.,
  .F.,.F.,(2,2),(1.25,2.85),.PIECEWISE_BEZIER_KNOTS.);
#16696 = CARTESIAN_POINT('',(0.5,0.));
#16697 = CARTESIAN_POINT('',(0.5,-1.6));
#16698 = ( GEOMETRIC_REPRESENTATION_CONTEXT(2) 
PARAMETRIC_REPRESENTATION_CONTEXT() REPRESENTATION_CONTEXT('2D SPACE',''
  ) );
#16699 = PCURVE('',#15517,#16700);
#16700 = DEFINITIONAL_REPRESENTATION('',(#16701),#16704);
#16701 = B_SPLINE_CURVE_WITH_KNOTS('',1,(#16702,#16703),.UNSPECIFIED.,
  .F.,.F.,(2,2),(1.25,2.85),.PIECEWISE_BEZIER_KNOTS.);
#16702 = CARTESIAN_POINT('',(0.6,2.5));
#16703 = CARTESIAN_POINT('',(0.6,4.1));
#16704 = ( GEOMETRIC_REPRESENTATION_CONTEXT(2) 
PARAMETRIC_REPRESENTATION_CONTEXT() REPRESENTATION_CONTEXT('2D SPACE',''
  ) );
#16705 = ADVANCED_FACE('',(#16706),#15517,.T.);
#16706 = FACE_BOUND('',#16707,.T.);
#16707 = EDGE_LOOP('',(#16708,#16709,#16710,#16711,#16734,#16755,#16756,
    #16757));
#16708 = ORIENTED_EDGE('',*,*,#16557,.F.);
#16709 = ORIENTED_EDGE('',*,*,#16605,.T.);
#16710 = ORIENTED_EDGE('',*,*,#16633,.T.);
#16711 = ORIENTED_EDGE('',*,*,#16712,.F.);
#16712 = EDGE_CURVE('',#16713,#16634,#16715,.T.);
#16713 = VERTEX_POINT('',#16714);
#16714 = CARTESIAN_POINT('',(40.9,35.3,25.));
#16715 = SURFACE_CURVE('',#16716,(#16720,#16727),.PCURVE_S1.);
#16716 = LINE('',#16717,#16718);
#16717 = CARTESIAN_POINT('',(40.9,35.3,25.));
#16718 = VECTOR('',#16719,1.);
#16719 = DIRECTION('',(1.,0.,0.));
#16720 = PCURVE('',#15517,#16721);
#16721 = DEFINITIONAL_REPRESENTATION('',(#16722),#16726);
#16722 = LINE('',#16723,#16724);
#16723 = CARTESIAN_POINT('',(0.,6.6));
#16724 = VECTOR('',#16725,1.);
#16725 = DIRECTION('',(1.,0.));
#16726 = ( GEOMETRIC_REPRESENTATION_CONTEXT(2) 
PARAMETRIC_REPRESENTATION_CONTEXT() REPRESENTATION_CONTEXT('2D SPACE',''
  ) );
#16727 = PCURVE('',#15712,#16728);
#16728 = DEFINITIONAL_REPRESENTATION('',(#16729),#16733);
#16729 = LINE('',#16730,#16731);
#16730 = CARTESIAN_POINT('',(0.,0.));
#16731 = VECTOR('',#16732,1.);
#16732 = DIRECTION('',(0.,1.));
#16733 = ( GEOMETRIC_REPRESENTATION_CONTEXT(2) 
PARAMETRIC_REPRESENTATION_CONTEXT() REPRESENTATION_CONTEXT('2D SPACE',''
  ) );
#16734 = ORIENTED_EDGE('',*,*,#16735,.F.);
#16735 = EDGE_CURVE('',#15627,#16713,#16736,.T.);
#16736 = SURFACE_CURVE('',#16737,(#16741,#16748),.PCURVE_S1.);
#16737 = LINE('',#16738,#16739);
#16738 = CARTESIAN_POINT('',(40.9,28.7,25.));
#16739 = VECTOR('',#16740,1.);
#16740 = DIRECTION('',(0.,1.,0.));
#16741 = PCURVE('',#15517,#16742);
#16742 = DEFINITIONAL_REPRESENTATION('',(#16743),#16747);
#16743 = LINE('',#16744,#16745);
#16744 = CARTESIAN_POINT('',(0.,0.));
#16745 = VECTOR('',#16746,1.);
#16746 = DIRECTION('',(0.,1.));
#16747 = ( GEOMETRIC_REPRESENTATION_CONTEXT(2) 
PARAMETRIC_REPRESENTATION_CONTEXT() REPRESENTATION_CONTEXT('2D SPACE',''
  ) );
#16748 = PCURVE('',#15641,#16749);
#16749 = DEFINITIONAL_REPRESENTATION('',(#16750),#16754);
#16750 = LINE('',#16751,#16752);
#16751 = CARTESIAN_POINT('',(0.,0.));
#16752 = VECTOR('',#16753,1.);
#16753 = DIRECTION('',(0.,-1.));
#16754 = ( GEOMETRIC_REPRESENTATION_CONTEXT(2) 
PARAMETRIC_REPRESENTATION_CONTEXT() REPRESENTATION_CONTEXT('2D SPACE',''
  ) );
#16755 = ORIENTED_EDGE('',*,*,#15652,.F.);
#16756 = ORIENTED_EDGE('',*,*,#16687,.F.);
#16757 = ORIENTED_EDGE('',*,*,#15504,.T.);
#16758 = ADVANCED_FACE('',(#16759),#15641,.T.);
#16759 = FACE_BOUND('',#16760,.T.);
#16760 = EDGE_LOOP('',(#16761,#16762,#16763,#16764));
#16761 = ORIENTED_EDGE('',*,*,#15676,.F.);
#16762 = ORIENTED_EDGE('',*,*,#15626,.F.);
#16763 = ORIENTED_EDGE('',*,*,#16735,.T.);
#16764 = ORIENTED_EDGE('',*,*,#16765,.T.);
#16765 = EDGE_CURVE('',#16713,#15677,#16766,.T.);
#16766 = SURFACE_CURVE('',#16767,(#16771,#16778),.PCURVE_S1.);
#16767 = LINE('',#16768,#16769);
#16768 = CARTESIAN_POINT('',(40.9,35.3,25.));
#16769 = VECTOR('',#16770,1.);
#16770 = DIRECTION('',(0.,0.,1.));
#16771 = PCURVE('',#15641,#16772);
#16772 = DEFINITIONAL_REPRESENTATION('',(#16773),#16777);
#16773 = LINE('',#16774,#16775);
#16774 = CARTESIAN_POINT('',(0.,-6.6));
#16775 = VECTOR('',#16776,1.);
#16776 = DIRECTION('',(1.,0.));
#16777 = ( GEOMETRIC_REPRESENTATION_CONTEXT(2) 
PARAMETRIC_REPRESENTATION_CONTEXT() REPRESENTATION_CONTEXT('2D SPACE',''
  ) );
#16778 = PCURVE('',#15712,#16779);
#16779 = DEFINITIONAL_REPRESENTATION('',(#16780),#16784);
#16780 = LINE('',#16781,#16782);
#16781 = CARTESIAN_POINT('',(0.,0.));
#16782 = VECTOR('',#16783,1.);
#16783 = DIRECTION('',(1.,0.));
#16784 = ( GEOMETRIC_REPRESENTATION_CONTEXT(2) 
PARAMETRIC_REPRESENTATION_CONTEXT() REPRESENTATION_CONTEXT('2D SPACE',''
  ) );
#16785 = ADVANCED_FACE('',(#16786),#15712,.F.);
#16786 = FACE_BOUND('',#16787,.F.);
#16787 = EDGE_LOOP('',(#16788,#16789,#16790,#16791));
#16788 = ORIENTED_EDGE('',*,*,#16656,.F.);
#16789 = ORIENTED_EDGE('',*,*,#16712,.F.);
#16790 = ORIENTED_EDGE('',*,*,#16765,.T.);
#16791 = ORIENTED_EDGE('',*,*,#15697,.F.);
#16792 = ADVANCED_FACE('',(#16793),#16393,.T.);
#16793 = FACE_BOUND('',#16794,.T.);
#16794 = EDGE_LOOP('',(#16795,#16796,#16797,#16798));
#16795 = ORIENTED_EDGE('',*,*,#16509,.F.);
#16796 = ORIENTED_EDGE('',*,*,#16379,.T.);
#16797 = ORIENTED_EDGE('',*,*,#16433,.T.);
#16798 = ORIENTED_EDGE('',*,*,#16482,.F.);
#16799 = ( GEOMETRIC_REPRESENTATION_CONTEXT(3) 
GLOBAL_UNCERTAINTY_ASSIGNED_CONTEXT((#16803)) 
GLOBAL_UNIT_ASSIGNED_CONTEXT((#16800,#16801,#16802)) 
REPRESENTATION_CONTEXT('Context #1',
  '3D Context with UNIT and UNCERTAINTY') );
#16800 = ( LENGTH_UNIT() NAMED_UNIT(*) SI_UNIT(.MILLI.,.METRE.) );
#16801 = ( NAMED_UNIT(*) PLANE_ANGLE_UNIT() SI_UNIT($,.RADIAN.) );
#16802 = ( NAMED_UNIT(*) SI_UNIT($,.STERADIAN.) SOLID_ANGLE_UNIT() );
#16803 = UNCERTAINTY_MEASURE_WITH_UNIT(LENGTH_MEASURE(5.E-06),#16800,
  'distance_accuracy_value','confusion accuracy');
#16804 = PRODUCT_RELATED_PRODUCT_CATEGORY('part',$,(#7));
ENDSEC;
END-ISO-10303-21;
