ISO-10303-21;
HEADER;
FILE_DESCRIPTION(('Open CASCADE Model'),'2;1');
FILE_NAME('Open CASCADE Shape Model','2026-09-16T10:51:26',('Author'),(
    'Open CASCADE'),'Open CASCADE STEP processor 7.9','build123d',
  'Unknown');
FILE_SCHEMA(('AUTOMOTIVE_DESIGN { 1 0 10303 214 1 1 1 1 }'));
ENDSEC;
DATA;
#1 = APPLICATION_PROTOCOL_DEFINITION('international standard',
  'automotive_design',2000,#2);
#2 = APPLICATION_CONTEXT(
  'core data for automotive mechanical design processes');
#3 = SHAPE_DEFINITION_REPRESENTATION(#4,#10);
#4 = PRODUCT_DEFINITION_SHAPE('','',#5);
#5 = PRODUCT_DEFINITION('design','',#6,#9);
#6 = PRODUCT_DEFINITION_FORMATION('','',#7);
#7 = PRODUCT('COMPOUND','COMPOUND','',(#8));
#8 = PRODUCT_CONTEXT('',#2,'mechanical');
#9 = PRODUCT_DEFINITION_CONTEXT('part definition',#2,'design');
#10 = ADVANCED_BREP_SHAPE_REPRESENTATION('',(#11,#15),#16650);
#11 = AXIS2_PLACEMENT_3D('',#12,#13,#14);
#12 = CARTESIAN_POINT('',(0.,0.,0.));
#13 = DIRECTION('',(0.,0.,1.));
#14 = DIRECTION('',(1.,0.,-0.));
#15 = MANIFOLD_SOLID_BREP('',#16);
#16 = CLOSED_SHELL('',(#17,#193,#455,#532,#690,#739,#971,#1021,#1447,
    #1682,#1781,#2049,#2146,#3018,#3136,#3183,#3190,#3263,#3739,#3810,
    #4114,#4193,#4241,#4290,#4317,#4402,#5518,#5598,#5626,#5631,#5711,
    #5739,#5744,#5838,#5932,#5978,#6025,#6113,#6138,#6188,#6255,#6262,
    #6307,#6372,#6397,#6423,#6608,#6708,#6754,#6781,#6806,#6813,#7034,
    #7156,#7202,#7249,#7347,#7394,#7449,#7496,#7551,#7596,#7689,#7736,
    #7784,#7845,#7891,#7938,#8036,#8081,#8169,#8290,#8338,#8392,#8419,
    #8474,#8529,#8553,#8578,#8623,#8691,#8737,#8785,#8834,#8880,#8929,
    #8956,#9212,#9289,#9338,#9416,#9487,#9537,#9615,#9665,#9691,#9789,
    #9834,#9922,#9969,#10017,#10085,#10135,#10160,#10167,#10222,#10277,
    #10348,#10397,#10446,#10473,#10544,#10593,#10642,#10669,#10740,
    #10789,#10838,#10865,#10936,#10985,#11034,#11061,#11132,#11181,
    #11230,#11257,#11330,#11335,#11390,#11445,#11518,#11523,#11530,
    #11537,#11618,#12528,#12607,#12656,#12683,#12710,#12717,#12811,
    #12882,#12931,#12958,#12983,#13010,#13082,#13109,#13136,#13161,
    #13168,#13175,#13182,#13189,#13216,#13384,#13433,#13482,#13509,
    #13567,#13622,#13672,#13697,#13704,#13739,#13774,#13809,#13844,
    #13922,#13976,#14025,#14074,#14123,#14172,#14223,#14230,#14237,
    #14262,#14269,#14276,#14331,#14386,#14441,#14496,#14551,#14625,
    #14781,#14830,#14956,#14963,#15051,#15146,#15196,#15246,#15296,
    #15346,#15373,#15496,#15503,#15510,#15517,#15524,#15528,#15652,
    #15700,#15753,#15800,#15899,#16000,#16049,#16118,#16145,#16172,
    #16179,#16255,#16304,#16353,#16380,#16429,#16478,#16531,#16580,
    #16607,#16632,#16643));
#17 = ADVANCED_FACE('',(#18),#32,.F.);
#18 = FACE_BOUND('',#19,.F.);
#19 = EDGE_LOOP('',(#20,#55,#83,#111,#139,#167));
#20 = ORIENTED_EDGE('',*,*,#21,.T.);
#21 = EDGE_CURVE('',#22,#24,#26,.T.);
#22 = VERTEX_POINT('',#23);
#23 = CARTESIAN_POINT('',(-50.,140.,89.));
#24 = VERTEX_POINT('',#25);
#25 = CARTESIAN_POINT('',(-50.,179.32584269662,1.5));
#26 = SURFACE_CURVE('',#27,(#31,#43),.PCURVE_S1.);
#27 = LINE('',#28,#29);
#28 = CARTESIAN_POINT('',(-50.,140.,89.));
#29 = VECTOR('',#30,1.);
#30 = DIRECTION('',(0.,0.409938501027,-0.912113164786));
#31 = PCURVE('',#32,#37);
#32 = PLANE('',#33);
#33 = AXIS2_PLACEMENT_3D('',#34,#35,#36);
#34 = CARTESIAN_POINT('',(0.,140.,89.));
#35 = DIRECTION('',(0.,-0.912113164786,-0.409938501027));
#36 = DIRECTION('',(0.,0.409938501027,-0.912113164786));
#37 = DEFINITIONAL_REPRESENTATION('',(#38),#42);
#38 = LINE('',#39,#40);
#39 = CARTESIAN_POINT('',(0.,-50.));
#40 = VECTOR('',#41,1.);
#41 = DIRECTION('',(1.,0.));
#42 = ( GEOMETRIC_REPRESENTATION_CONTEXT(2) 
PARAMETRIC_REPRESENTATION_CONTEXT() REPRESENTATION_CONTEXT('2D SPACE',''
  ) );
#43 = PCURVE('',#44,#49);
#44 = PLANE('',#45);
#45 = AXIS2_PLACEMENT_3D('',#46,#47,#48);
#46 = CARTESIAN_POINT('',(-50.,60.084596666577,35.654806945809));
#47 = DIRECTION('',(-1.,-0.,-0.));
#48 = DIRECTION('',(0.,-1.,0.));
#49 = DEFINITIONAL_REPRESENTATION('',(#50),#54);
#50 = LINE('',#51,#52);
#51 = CARTESIAN_POINT('',(-79.91540333342,53.345193054191));
#52 = VECTOR('',#53,1.);
#53 = DIRECTION('',(-0.409938501027,-0.912113164786));
#54 = ( GEOMETRIC_REPRESENTATION_CONTEXT(2) 
PARAMETRIC_REPRESENTATION_CONTEXT() REPRESENTATION_CONTEXT('2D SPACE',''
  ) );
#55 = ORIENTED_EDGE('',*,*,#56,.F.);
#56 = EDGE_CURVE('',#57,#24,#59,.T.);
#57 = VERTEX_POINT('',#58);
#58 = CARTESIAN_POINT('',(-49.86816974717,179.38509224845,1.368169747179
    ));
#59 = SURFACE_CURVE('',#60,(#64,#71),.PCURVE_S1.);
#60 = LINE('',#61,#62);
#61 = CARTESIAN_POINT('',(-62.11890838206,173.87914230019,
    13.618908382066));
#62 = VECTOR('',#63,1.);
#63 = DIRECTION('',(-0.673894428129,-0.302873900283,0.673894428129));
#64 = PCURVE('',#32,#65);
#65 = DEFINITIONAL_REPRESENTATION('',(#66),#70);
#66 = LINE('',#67,#68);
#67 = CARTESIAN_POINT('',(82.644450851271,-62.11890838206));
#68 = VECTOR('',#69,1.);
#69 = DIRECTION('',(-0.738827652255,-0.673894428129));
#70 = ( GEOMETRIC_REPRESENTATION_CONTEXT(2) 
PARAMETRIC_REPRESENTATION_CONTEXT() REPRESENTATION_CONTEXT('2D SPACE',''
  ) );
#71 = PCURVE('',#72,#77);
#72 = PLANE('',#73);
#73 = AXIS2_PLACEMENT_3D('',#74,#75,#76);
#74 = CARTESIAN_POINT('',(-49.25,180.,0.75));
#75 = DIRECTION('',(0.707106781187,0.,0.707106781187));
#76 = DIRECTION('',(0.,-1.,0.));
#77 = DEFINITIONAL_REPRESENTATION('',(#78),#82);
#78 = LINE('',#79,#80);
#79 = CARTESIAN_POINT('',(6.120857699805,-18.19938476685));
#80 = VECTOR('',#81,1.);
#81 = DIRECTION('',(0.302873900283,-0.953030639868));
#82 = ( GEOMETRIC_REPRESENTATION_CONTEXT(2) 
PARAMETRIC_REPRESENTATION_CONTEXT() REPRESENTATION_CONTEXT('2D SPACE',''
  ) );
#83 = ORIENTED_EDGE('',*,*,#84,.F.);
#84 = EDGE_CURVE('',#85,#57,#87,.T.);
#85 = VERTEX_POINT('',#86);
#86 = CARTESIAN_POINT('',(49.868169747179,179.38509224845,1.368169747179
    ));
#87 = SURFACE_CURVE('',#88,(#92,#99),.PCURVE_S1.);
#88 = LINE('',#89,#90);
#89 = CARTESIAN_POINT('',(50.,179.38509224845,1.368169747179));
#90 = VECTOR('',#91,1.);
#91 = DIRECTION('',(-1.,0.,0.));
#92 = PCURVE('',#32,#93);
#93 = DEFINITIONAL_REPRESENTATION('',(#94),#98);
#94 = LINE('',#95,#96);
#95 = CARTESIAN_POINT('',(96.075611707024,50.));
#96 = VECTOR('',#97,1.);
#97 = DIRECTION('',(0.,-1.));
#98 = ( GEOMETRIC_REPRESENTATION_CONTEXT(2) 
PARAMETRIC_REPRESENTATION_CONTEXT() REPRESENTATION_CONTEXT('2D SPACE',''
  ) );
#99 = PCURVE('',#100,#105);
#100 = PLANE('',#101);
#101 = AXIS2_PLACEMENT_3D('',#102,#103,#104);
#102 = CARTESIAN_POINT('',(50.,178.94254612423,0.684084873589));
#103 = DIRECTION('',(1.406082755151E-17,0.839624469935,-0.543167331019)
  );
#104 = DIRECTION('',(1.,-1.180581487978E-17,7.637382173072E-18));
#105 = DEFINITIONAL_REPRESENTATION('',(#106),#110);
#106 = LINE('',#107,#108);
#107 = CARTESIAN_POINT('',(-0.,-0.814750996529));
#108 = VECTOR('',#109,1.);
#109 = DIRECTION('',(-1.,0.));
#110 = ( GEOMETRIC_REPRESENTATION_CONTEXT(2) 
PARAMETRIC_REPRESENTATION_CONTEXT() REPRESENTATION_CONTEXT('2D SPACE',''
  ) );
#111 = ORIENTED_EDGE('',*,*,#112,.T.);
#112 = EDGE_CURVE('',#85,#113,#115,.T.);
#113 = VERTEX_POINT('',#114);
#114 = CARTESIAN_POINT('',(50.,179.32584269662,1.5));
#115 = SURFACE_CURVE('',#116,(#120,#127),.PCURVE_S1.);
#116 = LINE('',#117,#118);
#117 = CARTESIAN_POINT('',(62.118908382066,173.87914230019,
    13.618908382066));
#118 = VECTOR('',#119,1.);
#119 = DIRECTION('',(0.673894428129,-0.302873900283,0.673894428129));
#120 = PCURVE('',#32,#121);
#121 = DEFINITIONAL_REPRESENTATION('',(#122),#126);
#122 = LINE('',#123,#124);
#123 = CARTESIAN_POINT('',(82.644450851271,62.118908382066));
#124 = VECTOR('',#125,1.);
#125 = DIRECTION('',(-0.738827652255,0.673894428129));
#126 = ( GEOMETRIC_REPRESENTATION_CONTEXT(2) 
PARAMETRIC_REPRESENTATION_CONTEXT() REPRESENTATION_CONTEXT('2D SPACE',''
  ) );
#127 = PCURVE('',#128,#133);
#128 = PLANE('',#129);
#129 = AXIS2_PLACEMENT_3D('',#130,#131,#132);
#130 = CARTESIAN_POINT('',(49.25,180.,0.75));
#131 = DIRECTION('',(0.707106781187,0.,-0.707106781187));
#132 = DIRECTION('',(0.,-1.,0.));
#133 = DEFINITIONAL_REPRESENTATION('',(#134),#138);
#134 = LINE('',#135,#136);
#135 = CARTESIAN_POINT('',(6.120857699805,-18.19938476685));
#136 = VECTOR('',#137,1.);
#137 = DIRECTION('',(0.302873900283,-0.953030639868));
#138 = ( GEOMETRIC_REPRESENTATION_CONTEXT(2) 
PARAMETRIC_REPRESENTATION_CONTEXT() REPRESENTATION_CONTEXT('2D SPACE',''
  ) );
#139 = ORIENTED_EDGE('',*,*,#140,.F.);
#140 = EDGE_CURVE('',#141,#113,#143,.T.);
#141 = VERTEX_POINT('',#142);
#142 = CARTESIAN_POINT('',(50.,140.,89.));
#143 = SURFACE_CURVE('',#144,(#148,#155),.PCURVE_S1.);
#144 = LINE('',#145,#146);
#145 = CARTESIAN_POINT('',(50.,140.,89.));
#146 = VECTOR('',#147,1.);
#147 = DIRECTION('',(0.,0.409938501027,-0.912113164786));
#148 = PCURVE('',#32,#149);
#149 = DEFINITIONAL_REPRESENTATION('',(#150),#154);
#150 = LINE('',#151,#152);
#151 = CARTESIAN_POINT('',(0.,50.));
#152 = VECTOR('',#153,1.);
#153 = DIRECTION('',(1.,0.));
#154 = ( GEOMETRIC_REPRESENTATION_CONTEXT(2) 
PARAMETRIC_REPRESENTATION_CONTEXT() REPRESENTATION_CONTEXT('2D SPACE',''
  ) );
#155 = PCURVE('',#156,#161);
#156 = PLANE('',#157);
#157 = AXIS2_PLACEMENT_3D('',#158,#159,#160);
#158 = CARTESIAN_POINT('',(50.,60.084596666577,35.654806945809));
#159 = DIRECTION('',(-1.,-0.,-0.));
#160 = DIRECTION('',(0.,-1.,0.));
#161 = DEFINITIONAL_REPRESENTATION('',(#162),#166);
#162 = LINE('',#163,#164);
#163 = CARTESIAN_POINT('',(-79.91540333342,53.345193054191));
#164 = VECTOR('',#165,1.);
#165 = DIRECTION('',(-0.409938501027,-0.912113164786));
#166 = ( GEOMETRIC_REPRESENTATION_CONTEXT(2) 
PARAMETRIC_REPRESENTATION_CONTEXT() REPRESENTATION_CONTEXT('2D SPACE',''
  ) );
#167 = ORIENTED_EDGE('',*,*,#168,.T.);
#168 = EDGE_CURVE('',#141,#22,#169,.T.);
#169 = SURFACE_CURVE('',#170,(#174,#181),.PCURVE_S1.);
#170 = LINE('',#171,#172);
#171 = CARTESIAN_POINT('',(50.,140.,89.));
#172 = VECTOR('',#173,1.);
#173 = DIRECTION('',(-1.,0.,0.));
#174 = PCURVE('',#32,#175);
#175 = DEFINITIONAL_REPRESENTATION('',(#176),#180);
#176 = LINE('',#177,#178);
#177 = CARTESIAN_POINT('',(0.,50.));
#178 = VECTOR('',#179,1.);
#179 = DIRECTION('',(0.,-1.));
#180 = ( GEOMETRIC_REPRESENTATION_CONTEXT(2) 
PARAMETRIC_REPRESENTATION_CONTEXT() REPRESENTATION_CONTEXT('2D SPACE',''
  ) );
#181 = PCURVE('',#182,#187);
#182 = PLANE('',#183);
#183 = AXIS2_PLACEMENT_3D('',#184,#185,#186);
#184 = CARTESIAN_POINT('',(0.,140.,150.));
#185 = DIRECTION('',(0.,-1.,0.));
#186 = DIRECTION('',(0.,0.,-1.));
#187 = DEFINITIONAL_REPRESENTATION('',(#188),#192);
#188 = LINE('',#189,#190);
#189 = CARTESIAN_POINT('',(61.,50.));
#190 = VECTOR('',#191,1.);
#191 = DIRECTION('',(0.,-1.));
#192 = ( GEOMETRIC_REPRESENTATION_CONTEXT(2) 
PARAMETRIC_REPRESENTATION_CONTEXT() REPRESENTATION_CONTEXT('2D SPACE',''
  ) );
#193 = ADVANCED_FACE('',(#194),#44,.T.);
#194 = FACE_BOUND('',#195,.T.);
#195 = EDGE_LOOP('',(#196,#226,#254,#282,#308,#334,#361,#387,#413,#433,
    #434));
#196 = ORIENTED_EDGE('',*,*,#197,.T.);
#197 = EDGE_CURVE('',#198,#200,#202,.T.);
#198 = VERTEX_POINT('',#199);
#199 = CARTESIAN_POINT('',(-50.,159.,1.5));
#200 = VERTEX_POINT('',#201);
#201 = CARTESIAN_POINT('',(-50.,139.07768680714,31.383469789278));
#202 = SURFACE_CURVE('',#203,(#207,#214),.PCURVE_S1.);
#203 = LINE('',#204,#205);
#204 = CARTESIAN_POINT('',(-50.,159.,1.5));
#205 = VECTOR('',#206,1.);
#206 = DIRECTION('',(0.,-0.554700196225,0.832050294338));
#207 = PCURVE('',#44,#208);
#208 = DEFINITIONAL_REPRESENTATION('',(#209),#213);
#209 = LINE('',#210,#211);
#210 = CARTESIAN_POINT('',(-98.91540333342,-34.1548069458));
#211 = VECTOR('',#212,1.);
#212 = DIRECTION('',(0.554700196225,0.832050294338));
#213 = ( GEOMETRIC_REPRESENTATION_CONTEXT(2) 
PARAMETRIC_REPRESENTATION_CONTEXT() REPRESENTATION_CONTEXT('2D SPACE',''
  ) );
#214 = PCURVE('',#215,#220);
#215 = PLANE('',#216);
#216 = AXIS2_PLACEMENT_3D('',#217,#218,#219);
#217 = CARTESIAN_POINT('',(0.,160.,0.));
#218 = DIRECTION('',(-0.,0.832050294338,0.554700196225));
#219 = DIRECTION('',(0.,-0.554700196225,0.832050294338));
#220 = DEFINITIONAL_REPRESENTATION('',(#221),#225);
#221 = LINE('',#222,#223);
#222 = CARTESIAN_POINT('',(1.802775637732,-50.));
#223 = VECTOR('',#224,1.);
#224 = DIRECTION('',(1.,0.));
#225 = ( GEOMETRIC_REPRESENTATION_CONTEXT(2) 
PARAMETRIC_REPRESENTATION_CONTEXT() REPRESENTATION_CONTEXT('2D SPACE',''
  ) );
#226 = ORIENTED_EDGE('',*,*,#227,.T.);
#227 = EDGE_CURVE('',#200,#228,#230,.T.);
#228 = VERTEX_POINT('',#229);
#229 = CARTESIAN_POINT('',(-50.,-66.,2.086657388257));
#230 = SURFACE_CURVE('',#231,(#235,#242),.PCURVE_S1.);
#231 = LINE('',#232,#233);
#232 = CARTESIAN_POINT('',(-50.,139.78786796564,31.484924240492));
#233 = VECTOR('',#234,1.);
#234 = DIRECTION('',(0.,-0.989949493661,-0.141421356237));
#235 = PCURVE('',#44,#236);
#236 = DEFINITIONAL_REPRESENTATION('',(#237),#241);
#237 = LINE('',#238,#239);
#238 = CARTESIAN_POINT('',(-79.70327129906,-4.169882705317));
#239 = VECTOR('',#240,1.);
#240 = DIRECTION('',(0.989949493661,-0.141421356237));
#241 = ( GEOMETRIC_REPRESENTATION_CONTEXT(2) 
PARAMETRIC_REPRESENTATION_CONTEXT() REPRESENTATION_CONTEXT('2D SPACE',''
  ) );
#242 = PCURVE('',#243,#248);
#243 = PLANE('',#244);
#244 = AXIS2_PLACEMENT_3D('',#245,#246,#247);
#245 = CARTESIAN_POINT('',(-49.25,139.89393398282,30.742462120246));
#246 = DIRECTION('',(0.707106781187,-0.1,0.7));
#247 = DIRECTION('',(-8.326672684689E-17,-0.989949493661,-0.141421356237
    ));
#248 = DEFINITIONAL_REPRESENTATION('',(#249),#253);
#249 = LINE('',#250,#251);
#250 = CARTESIAN_POINT('',(0.,-1.06066017178));
#251 = VECTOR('',#252,1.);
#252 = DIRECTION('',(1.,0.));
#253 = ( GEOMETRIC_REPRESENTATION_CONTEXT(2) 
PARAMETRIC_REPRESENTATION_CONTEXT() REPRESENTATION_CONTEXT('2D SPACE',''
  ) );
#254 = ORIENTED_EDGE('',*,*,#255,.T.);
#255 = EDGE_CURVE('',#228,#256,#258,.T.);
#256 = VERTEX_POINT('',#257);
#257 = CARTESIAN_POINT('',(-50.,-66.,11.047619047619));
#258 = SURFACE_CURVE('',#259,(#263,#270),.PCURVE_S1.);
#259 = LINE('',#260,#261);
#260 = CARTESIAN_POINT('',(-50.,-66.,0.));
#261 = VECTOR('',#262,1.);
#262 = DIRECTION('',(0.,0.,1.));
#263 = PCURVE('',#44,#264);
#264 = DEFINITIONAL_REPRESENTATION('',(#265),#269);
#265 = LINE('',#266,#267);
#266 = CARTESIAN_POINT('',(126.08459666657,-35.6548069458));
#267 = VECTOR('',#268,1.);
#268 = DIRECTION('',(0.,1.));
#269 = ( GEOMETRIC_REPRESENTATION_CONTEXT(2) 
PARAMETRIC_REPRESENTATION_CONTEXT() REPRESENTATION_CONTEXT('2D SPACE',''
  ) );
#270 = PCURVE('',#271,#276);
#271 = CYLINDRICAL_SURFACE('',#272,4.);
#272 = AXIS2_PLACEMENT_3D('',#273,#274,#275);
#273 = CARTESIAN_POINT('',(-46.,-66.,0.));
#274 = DIRECTION('',(0.,0.,1.));
#275 = DIRECTION('',(0.,-1.,0.));
#276 = DEFINITIONAL_REPRESENTATION('',(#277),#281);
#277 = LINE('',#278,#279);
#278 = CARTESIAN_POINT('',(-1.570796326795,0.));
#279 = VECTOR('',#280,1.);
#280 = DIRECTION('',(-0.,1.));
#281 = ( GEOMETRIC_REPRESENTATION_CONTEXT(2) 
PARAMETRIC_REPRESENTATION_CONTEXT() REPRESENTATION_CONTEXT('2D SPACE',''
  ) );
#282 = ORIENTED_EDGE('',*,*,#283,.T.);
#283 = EDGE_CURVE('',#256,#284,#286,.T.);
#284 = VERTEX_POINT('',#285);
#285 = CARTESIAN_POINT('',(-50.,-17.86069297557,23.655532792112));
#286 = SURFACE_CURVE('',#287,(#291,#297),.PCURVE_S1.);
#287 = LINE('',#288,#289);
#288 = CARTESIAN_POINT('',(-50.,99.011074092521,54.26480511947));
#289 = VECTOR('',#290,1.);
#290 = DIRECTION('',(-0.,0.96737222338,0.253359391838));
#291 = PCURVE('',#44,#292);
#292 = DEFINITIONAL_REPRESENTATION('',(#293),#296);
#293 = B_SPLINE_CURVE_WITH_KNOTS('',1,(#294,#295),.UNSPECIFIED.,.F.,.F.,
  (2,2),(-170.5766096073,42.371410835276),.PIECEWISE_BEZIER_KNOTS.);
#294 = CARTESIAN_POINT('',(126.08459666657,-24.60718789819));
#295 = CARTESIAN_POINT('',(-79.91540333342,29.345193054191));
#296 = ( GEOMETRIC_REPRESENTATION_CONTEXT(2) 
PARAMETRIC_REPRESENTATION_CONTEXT() REPRESENTATION_CONTEXT('2D SPACE',''
  ) );
#297 = PCURVE('',#298,#303);
#298 = PLANE('',#299);
#299 = AXIS2_PLACEMENT_3D('',#300,#301,#302);
#300 = CARTESIAN_POINT('',(0.,140.,65.));
#301 = DIRECTION('',(0.,-0.253359391838,0.96737222338));
#302 = DIRECTION('',(0.,-0.96737222338,-0.253359391838));
#303 = DEFINITIONAL_REPRESENTATION('',(#304),#307);
#304 = B_SPLINE_CURVE_WITH_KNOTS('',1,(#305,#306),.UNSPECIFIED.,.F.,.F.,
  (2,2),(-170.5766096073,42.371410835276),.PIECEWISE_BEZIER_KNOTS.);
#305 = CARTESIAN_POINT('',(212.94802044262,-50.));
#306 = CARTESIAN_POINT('',(0.,-50.));
#307 = ( GEOMETRIC_REPRESENTATION_CONTEXT(2) 
PARAMETRIC_REPRESENTATION_CONTEXT() REPRESENTATION_CONTEXT('2D SPACE',''
  ) );
#308 = ORIENTED_EDGE('',*,*,#309,.T.);
#309 = EDGE_CURVE('',#284,#310,#312,.T.);
#310 = VERTEX_POINT('',#311);
#311 = CARTESIAN_POINT('',(-50.,-16.87863886692,16.781154031579));
#312 = SURFACE_CURVE('',#313,(#317,#323),.PCURVE_S1.);
#313 = LINE('',#314,#315);
#314 = CARTESIAN_POINT('',(-50.,-17.43016221558,20.641817472207));
#315 = VECTOR('',#316,1.);
#316 = DIRECTION('',(0.,0.141421356237,-0.989949493661));
#317 = PCURVE('',#44,#318);
#318 = DEFINITIONAL_REPRESENTATION('',(#319),#322);
#319 = B_SPLINE_CURVE_WITH_KNOTS('',1,(#320,#321),.UNSPECIFIED.,.F.,.F.,
  (2,2),(-8.60014100179,3.89985899821),.PIECEWISE_BEZIER_KNOTS.);
#320 = CARTESIAN_POINT('',(78.731002486466,-6.499284243465));
#321 = CARTESIAN_POINT('',(76.9632355335,-18.87365291423));
#322 = ( GEOMETRIC_REPRESENTATION_CONTEXT(2) 
PARAMETRIC_REPRESENTATION_CONTEXT() REPRESENTATION_CONTEXT('2D SPACE',''
  ) );
#323 = PCURVE('',#324,#329);
#324 = PLANE('',#325);
#325 = AXIS2_PLACEMENT_3D('',#326,#327,#328);
#326 = CARTESIAN_POINT('',(-60.,-16.87863886692,16.781154031579));
#327 = DIRECTION('',(-0.,0.989949493661,0.141421356237));
#328 = DIRECTION('',(1.,0.,0.));
#329 = DEFINITIONAL_REPRESENTATION('',(#330),#333);
#330 = B_SPLINE_CURVE_WITH_KNOTS('',1,(#331,#332),.UNSPECIFIED.,.F.,.F.,
  (2,2),(-8.60014100179,3.89985899821),.PIECEWISE_BEZIER_KNOTS.);
#331 = CARTESIAN_POINT('',(10.,-12.5));
#332 = CARTESIAN_POINT('',(10.,0.));
#333 = ( GEOMETRIC_REPRESENTATION_CONTEXT(2) 
PARAMETRIC_REPRESENTATION_CONTEXT() REPRESENTATION_CONTEXT('2D SPACE',''
  ) );
#334 = ORIENTED_EDGE('',*,*,#335,.T.);
#335 = EDGE_CURVE('',#310,#336,#338,.T.);
#336 = VERTEX_POINT('',#337);
#337 = CARTESIAN_POINT('',(-50.,-5.98919443665,18.336788950189));
#338 = SURFACE_CURVE('',#339,(#343,#349),.PCURVE_S1.);
#339 = LINE('',#340,#341);
#340 = CARTESIAN_POINT('',(-50.,24.876863356056,22.746225777719));
#341 = VECTOR('',#342,1.);
#342 = DIRECTION('',(-0.,0.989949493661,0.141421356237));
#343 = PCURVE('',#44,#344);
#344 = DEFINITIONAL_REPRESENTATION('',(#345),#348);
#345 = B_SPLINE_CURVE_WITH_KNOTS('',1,(#346,#347),.UNSPECIFIED.,.F.,.F.,
  (2,2),(-42.17942681959,-31.17942681959),.PIECEWISE_BEZIER_KNOTS.);
#346 = CARTESIAN_POINT('',(76.9632355335,-18.87365291423));
#347 = CARTESIAN_POINT('',(66.073791103227,-17.31801799562));
#348 = ( GEOMETRIC_REPRESENTATION_CONTEXT(2) 
PARAMETRIC_REPRESENTATION_CONTEXT() REPRESENTATION_CONTEXT('2D SPACE',''
  ) );
#349 = PCURVE('',#350,#355);
#350 = PLANE('',#351);
#351 = AXIS2_PLACEMENT_3D('',#352,#353,#354);
#352 = CARTESIAN_POINT('',(-47.5,-11.43391665178,17.558971490884));
#353 = DIRECTION('',(0.,-0.141421356237,0.989949493661));
#354 = DIRECTION('',(1.,0.,0.));
#355 = DEFINITIONAL_REPRESENTATION('',(#356),#360);
#356 = LINE('',#357,#358);
#357 = CARTESIAN_POINT('',(-2.5,36.679426819598));
#358 = VECTOR('',#359,1.);
#359 = DIRECTION('',(0.,1.));
#360 = ( GEOMETRIC_REPRESENTATION_CONTEXT(2) 
PARAMETRIC_REPRESENTATION_CONTEXT() REPRESENTATION_CONTEXT('2D SPACE',''
  ) );
#361 = ORIENTED_EDGE('',*,*,#362,.F.);
#362 = EDGE_CURVE('',#363,#336,#365,.T.);
#363 = VERTEX_POINT('',#364);
#364 = CARTESIAN_POINT('',(-50.,-7.149764027761,26.460776087967));
#365 = SURFACE_CURVE('',#366,(#370,#376),.PCURVE_S1.);
#366 = LINE('',#367,#368);
#367 = CARTESIAN_POINT('',(-50.,-6.540717785311,22.197452390817));
#368 = VECTOR('',#369,1.);
#369 = DIRECTION('',(0.,0.141421356237,-0.989949493661));
#370 = PCURVE('',#44,#371);
#371 = DEFINITIONAL_REPRESENTATION('',(#372),#375);
#372 = B_SPLINE_CURVE_WITH_KNOTS('',1,(#373,#374),.UNSPECIFIED.,.F.,.F.,
  (2,2),(-8.60014100179,3.89985899821),.PIECEWISE_BEZIER_KNOTS.);
#373 = CARTESIAN_POINT('',(67.841558056193,-4.943649324855));
#374 = CARTESIAN_POINT('',(66.073791103227,-17.31801799562));
#375 = ( GEOMETRIC_REPRESENTATION_CONTEXT(2) 
PARAMETRIC_REPRESENTATION_CONTEXT() REPRESENTATION_CONTEXT('2D SPACE',''
  ) );
#376 = PCURVE('',#377,#382);
#377 = PLANE('',#378);
#378 = AXIS2_PLACEMENT_3D('',#379,#380,#381);
#379 = CARTESIAN_POINT('',(-60.,-5.98919443665,18.336788950189));
#380 = DIRECTION('',(-0.,0.989949493661,0.141421356237));
#381 = DIRECTION('',(1.,0.,0.));
#382 = DEFINITIONAL_REPRESENTATION('',(#383),#386);
#383 = B_SPLINE_CURVE_WITH_KNOTS('',1,(#384,#385),.UNSPECIFIED.,.F.,.F.,
  (2,2),(-8.60014100179,3.89985899821),.PIECEWISE_BEZIER_KNOTS.);
#384 = CARTESIAN_POINT('',(10.,-12.5));
#385 = CARTESIAN_POINT('',(10.,0.));
#386 = ( GEOMETRIC_REPRESENTATION_CONTEXT(2) 
PARAMETRIC_REPRESENTATION_CONTEXT() REPRESENTATION_CONTEXT('2D SPACE',''
  ) );
#387 = ORIENTED_EDGE('',*,*,#388,.T.);
#388 = EDGE_CURVE('',#363,#389,#391,.T.);
#389 = VERTEX_POINT('',#390);
#390 = CARTESIAN_POINT('',(-50.,140.,65.));
#391 = SURFACE_CURVE('',#392,(#396,#402),.PCURVE_S1.);
#392 = LINE('',#393,#394);
#393 = CARTESIAN_POINT('',(-50.,99.011074092521,54.26480511947));
#394 = VECTOR('',#395,1.);
#395 = DIRECTION('',(-0.,0.96737222338,0.253359391838));
#396 = PCURVE('',#44,#397);
#397 = DEFINITIONAL_REPRESENTATION('',(#398),#401);
#398 = B_SPLINE_CURVE_WITH_KNOTS('',1,(#399,#400),.UNSPECIFIED.,.F.,.F.,
  (2,2),(-170.5766096073,42.371410835276),.PIECEWISE_BEZIER_KNOTS.);
#399 = CARTESIAN_POINT('',(126.08459666657,-24.60718789819));
#400 = CARTESIAN_POINT('',(-79.91540333342,29.345193054191));
#401 = ( GEOMETRIC_REPRESENTATION_CONTEXT(2) 
PARAMETRIC_REPRESENTATION_CONTEXT() REPRESENTATION_CONTEXT('2D SPACE',''
  ) );
#402 = PCURVE('',#403,#408);
#403 = PLANE('',#404);
#404 = AXIS2_PLACEMENT_3D('',#405,#406,#407);
#405 = CARTESIAN_POINT('',(0.,140.,65.));
#406 = DIRECTION('',(0.,-0.253359391838,0.96737222338));
#407 = DIRECTION('',(0.,-0.96737222338,-0.253359391838));
#408 = DEFINITIONAL_REPRESENTATION('',(#409),#412);
#409 = B_SPLINE_CURVE_WITH_KNOTS('',1,(#410,#411),.UNSPECIFIED.,.F.,.F.,
  (2,2),(-170.5766096073,42.371410835276),.PIECEWISE_BEZIER_KNOTS.);
#410 = CARTESIAN_POINT('',(212.94802044262,-50.));
#411 = CARTESIAN_POINT('',(0.,-50.));
#412 = ( GEOMETRIC_REPRESENTATION_CONTEXT(2) 
PARAMETRIC_REPRESENTATION_CONTEXT() REPRESENTATION_CONTEXT('2D SPACE',''
  ) );
#413 = ORIENTED_EDGE('',*,*,#414,.T.);
#414 = EDGE_CURVE('',#389,#22,#415,.T.);
#415 = SURFACE_CURVE('',#416,(#420,#426),.PCURVE_S1.);
#416 = LINE('',#417,#418);
#417 = CARTESIAN_POINT('',(-50.,140.,92.827403472904));
#418 = VECTOR('',#419,1.);
#419 = DIRECTION('',(-0.,0.,1.));
#420 = PCURVE('',#44,#421);
#421 = DEFINITIONAL_REPRESENTATION('',(#422),#425);
#422 = B_SPLINE_CURVE_WITH_KNOTS('',1,(#423,#424),.UNSPECIFIED.,.F.,.F.,
  (2,2),(-27.8274034729,-3.827403472904),.PIECEWISE_BEZIER_KNOTS.);
#423 = CARTESIAN_POINT('',(-79.91540333342,29.345193054191));
#424 = CARTESIAN_POINT('',(-79.91540333342,53.345193054191));
#425 = ( GEOMETRIC_REPRESENTATION_CONTEXT(2) 
PARAMETRIC_REPRESENTATION_CONTEXT() REPRESENTATION_CONTEXT('2D SPACE',''
  ) );
#426 = PCURVE('',#182,#427);
#427 = DEFINITIONAL_REPRESENTATION('',(#428),#432);
#428 = LINE('',#429,#430);
#429 = CARTESIAN_POINT('',(57.172596527096,-50.));
#430 = VECTOR('',#431,1.);
#431 = DIRECTION('',(-1.,0.));
#432 = ( GEOMETRIC_REPRESENTATION_CONTEXT(2) 
PARAMETRIC_REPRESENTATION_CONTEXT() REPRESENTATION_CONTEXT('2D SPACE',''
  ) );
#433 = ORIENTED_EDGE('',*,*,#21,.T.);
#434 = ORIENTED_EDGE('',*,*,#435,.T.);
#435 = EDGE_CURVE('',#24,#198,#436,.T.);
#436 = SURFACE_CURVE('',#437,(#441,#448),.PCURVE_S1.);
#437 = LINE('',#438,#439);
#438 = CARTESIAN_POINT('',(-50.,180.,1.5));
#439 = VECTOR('',#440,1.);
#440 = DIRECTION('',(0.,-1.,0.));
#441 = PCURVE('',#44,#442);
#442 = DEFINITIONAL_REPRESENTATION('',(#443),#447);
#443 = LINE('',#444,#445);
#444 = CARTESIAN_POINT('',(-119.9154033334,-34.1548069458));
#445 = VECTOR('',#446,1.);
#446 = DIRECTION('',(1.,0.));
#447 = ( GEOMETRIC_REPRESENTATION_CONTEXT(2) 
PARAMETRIC_REPRESENTATION_CONTEXT() REPRESENTATION_CONTEXT('2D SPACE',''
  ) );
#448 = PCURVE('',#72,#449);
#449 = DEFINITIONAL_REPRESENTATION('',(#450),#454);
#450 = LINE('',#451,#452);
#451 = CARTESIAN_POINT('',(0.,-1.06066017178));
#452 = VECTOR('',#453,1.);
#453 = DIRECTION('',(1.,0.));
#454 = ( GEOMETRIC_REPRESENTATION_CONTEXT(2) 
PARAMETRIC_REPRESENTATION_CONTEXT() REPRESENTATION_CONTEXT('2D SPACE',''
  ) );
#455 = ADVANCED_FACE('',(#456),#72,.F.);
#456 = FACE_BOUND('',#457,.F.);
#457 = EDGE_LOOP('',(#458,#481,#482,#483,#506));
#458 = ORIENTED_EDGE('',*,*,#459,.T.);
#459 = EDGE_CURVE('',#460,#57,#462,.T.);
#460 = VERTEX_POINT('',#461);
#461 = CARTESIAN_POINT('',(-48.5,178.5,-6.439293542826E-15));
#462 = SURFACE_CURVE('',#463,(#467,#474),.PCURVE_S1.);
#463 = LINE('',#464,#465);
#464 = CARTESIAN_POINT('',(-28.84749086165,165.78645803125,
    -19.65250913834));
#465 = VECTOR('',#466,1.);
#466 = DIRECTION('',(-0.643023450764,0.415982792356,0.643023450764));
#467 = PCURVE('',#72,#468);
#468 = DEFINITIONAL_REPRESENTATION('',(#469),#473);
#469 = LINE('',#470,#471);
#470 = CARTESIAN_POINT('',(14.213541968745,28.853505129893));
#471 = VECTOR('',#472,1.);
#472 = DIRECTION('',(-0.415982792356,-0.909372484994));
#473 = ( GEOMETRIC_REPRESENTATION_CONTEXT(2) 
PARAMETRIC_REPRESENTATION_CONTEXT() REPRESENTATION_CONTEXT('2D SPACE',''
  ) );
#474 = PCURVE('',#100,#475);
#475 = DEFINITIONAL_REPRESENTATION('',(#476),#480);
#476 = LINE('',#477,#478);
#477 = CARTESIAN_POINT('',(-78.84749086165,24.221059223669));
#478 = VECTOR('',#479,1.);
#479 = DIRECTION('',(-0.643023450764,-0.765846487077));
#480 = ( GEOMETRIC_REPRESENTATION_CONTEXT(2) 
PARAMETRIC_REPRESENTATION_CONTEXT() REPRESENTATION_CONTEXT('2D SPACE',''
  ) );
#481 = ORIENTED_EDGE('',*,*,#56,.T.);
#482 = ORIENTED_EDGE('',*,*,#435,.T.);
#483 = ORIENTED_EDGE('',*,*,#484,.T.);
#484 = EDGE_CURVE('',#198,#485,#487,.T.);
#485 = VERTEX_POINT('',#486);
#486 = CARTESIAN_POINT('',(-48.5,160.,-1.110223024625E-15));
#487 = SURFACE_CURVE('',#488,(#492,#499),.PCURVE_S1.);
#488 = LINE('',#489,#490);
#489 = CARTESIAN_POINT('',(-36.15909090909,168.22727272727,
    -12.3409090909));
#490 = VECTOR('',#491,1.);
#491 = DIRECTION('',(0.639602149067,0.426401432711,-0.639602149067));
#492 = PCURVE('',#72,#493);
#493 = DEFINITIONAL_REPRESENTATION('',(#494),#498);
#494 = LINE('',#495,#496);
#495 = CARTESIAN_POINT('',(11.772727272727,18.513341180157));
#496 = VECTOR('',#497,1.);
#497 = DIRECTION('',(-0.426401432711,0.904534033733));
#498 = ( GEOMETRIC_REPRESENTATION_CONTEXT(2) 
PARAMETRIC_REPRESENTATION_CONTEXT() REPRESENTATION_CONTEXT('2D SPACE',''
  ) );
#499 = PCURVE('',#215,#500);
#500 = DEFINITIONAL_REPRESENTATION('',(#501),#505);
#501 = LINE('',#502,#503);
#502 = CARTESIAN_POINT('',(-14.8319268377,-36.15909090909));
#503 = VECTOR('',#504,1.);
#504 = DIRECTION('',(-0.768706114786,0.639602149067));
#505 = ( GEOMETRIC_REPRESENTATION_CONTEXT(2) 
PARAMETRIC_REPRESENTATION_CONTEXT() REPRESENTATION_CONTEXT('2D SPACE',''
  ) );
#506 = ORIENTED_EDGE('',*,*,#507,.F.);
#507 = EDGE_CURVE('',#460,#485,#508,.T.);
#508 = SURFACE_CURVE('',#509,(#513,#520),.PCURVE_S1.);
#509 = LINE('',#510,#511);
#510 = CARTESIAN_POINT('',(-48.5,180.,0.));
#511 = VECTOR('',#512,1.);
#512 = DIRECTION('',(0.,-1.,0.));
#513 = PCURVE('',#72,#514);
#514 = DEFINITIONAL_REPRESENTATION('',(#515),#519);
#515 = LINE('',#516,#517);
#516 = CARTESIAN_POINT('',(0.,1.06066017178));
#517 = VECTOR('',#518,1.);
#518 = DIRECTION('',(1.,0.));
#519 = ( GEOMETRIC_REPRESENTATION_CONTEXT(2) 
PARAMETRIC_REPRESENTATION_CONTEXT() REPRESENTATION_CONTEXT('2D SPACE',''
  ) );
#520 = PCURVE('',#521,#526);
#521 = PLANE('',#522);
#522 = AXIS2_PLACEMENT_3D('',#523,#524,#525);
#523 = CARTESIAN_POINT('',(0.,180.,0.));
#524 = DIRECTION('',(-0.,0.,1.));
#525 = DIRECTION('',(0.,-1.,0.));
#526 = DEFINITIONAL_REPRESENTATION('',(#527),#531);
#527 = LINE('',#528,#529);
#528 = CARTESIAN_POINT('',(0.,-48.5));
#529 = VECTOR('',#530,1.);
#530 = DIRECTION('',(1.,0.));
#531 = ( GEOMETRIC_REPRESENTATION_CONTEXT(2) 
PARAMETRIC_REPRESENTATION_CONTEXT() REPRESENTATION_CONTEXT('2D SPACE',''
  ) );
#532 = ADVANCED_FACE('',(#533),#182,.T.);
#533 = FACE_BOUND('',#534,.T.);
#534 = EDGE_LOOP('',(#535,#536,#559,#586,#614,#641,#669,#689));
#535 = ORIENTED_EDGE('',*,*,#414,.F.);
#536 = ORIENTED_EDGE('',*,*,#537,.T.);
#537 = EDGE_CURVE('',#389,#538,#540,.T.);
#538 = VERTEX_POINT('',#539);
#539 = CARTESIAN_POINT('',(-46.,140.,65.));
#540 = SURFACE_CURVE('',#541,(#545,#552),.PCURVE_S1.);
#541 = LINE('',#542,#543);
#542 = CARTESIAN_POINT('',(-150.,140.,65.));
#543 = VECTOR('',#544,1.);
#544 = DIRECTION('',(1.,0.,0.));
#545 = PCURVE('',#182,#546);
#546 = DEFINITIONAL_REPRESENTATION('',(#547),#551);
#547 = LINE('',#548,#549);
#548 = CARTESIAN_POINT('',(85.,-150.));
#549 = VECTOR('',#550,1.);
#550 = DIRECTION('',(0.,1.));
#551 = ( GEOMETRIC_REPRESENTATION_CONTEXT(2) 
PARAMETRIC_REPRESENTATION_CONTEXT() REPRESENTATION_CONTEXT('2D SPACE',''
  ) );
#552 = PCURVE('',#403,#553);
#553 = DEFINITIONAL_REPRESENTATION('',(#554),#558);
#554 = LINE('',#555,#556);
#555 = CARTESIAN_POINT('',(-0.,-150.));
#556 = VECTOR('',#557,1.);
#557 = DIRECTION('',(0.,1.));
#558 = ( GEOMETRIC_REPRESENTATION_CONTEXT(2) 
PARAMETRIC_REPRESENTATION_CONTEXT() REPRESENTATION_CONTEXT('2D SPACE',''
  ) );
#559 = ORIENTED_EDGE('',*,*,#560,.T.);
#560 = EDGE_CURVE('',#538,#561,#563,.T.);
#561 = VERTEX_POINT('',#562);
#562 = CARTESIAN_POINT('',(-46.,140.,79.242438829298));
#563 = SURFACE_CURVE('',#564,(#568,#575),.PCURVE_S1.);
#564 = LINE('',#565,#566);
#565 = CARTESIAN_POINT('',(-46.,140.,92.827403472904));
#566 = VECTOR('',#567,1.);
#567 = DIRECTION('',(-0.,0.,1.));
#568 = PCURVE('',#182,#569);
#569 = DEFINITIONAL_REPRESENTATION('',(#570),#574);
#570 = LINE('',#571,#572);
#571 = CARTESIAN_POINT('',(57.172596527096,-46.));
#572 = VECTOR('',#573,1.);
#573 = DIRECTION('',(-1.,0.));
#574 = ( GEOMETRIC_REPRESENTATION_CONTEXT(2) 
PARAMETRIC_REPRESENTATION_CONTEXT() REPRESENTATION_CONTEXT('2D SPACE',''
  ) );
#575 = PCURVE('',#576,#581);
#576 = PLANE('',#577);
#577 = AXIS2_PLACEMENT_3D('',#578,#579,#580);
#578 = CARTESIAN_POINT('',(-46.,60.084596666577,35.654806945809));
#579 = DIRECTION('',(-1.,-0.,-0.));
#580 = DIRECTION('',(0.,-1.,0.));
#581 = DEFINITIONAL_REPRESENTATION('',(#582),#585);
#582 = B_SPLINE_CURVE_WITH_KNOTS('',1,(#583,#584),.UNSPECIFIED.,.F.,.F.,
  (2,2),(-27.8274034729,-8.554457512523),.PIECEWISE_BEZIER_KNOTS.);
#583 = CARTESIAN_POINT('',(-79.91540333342,29.345193054191));
#584 = CARTESIAN_POINT('',(-79.91540333342,48.618139014572));
#585 = ( GEOMETRIC_REPRESENTATION_CONTEXT(2) 
PARAMETRIC_REPRESENTATION_CONTEXT() REPRESENTATION_CONTEXT('2D SPACE',''
  ) );
#586 = ORIENTED_EDGE('',*,*,#587,.T.);
#587 = EDGE_CURVE('',#561,#588,#590,.T.);
#588 = VERTEX_POINT('',#589);
#589 = CARTESIAN_POINT('',(46.,140.,79.242438829298));
#590 = SURFACE_CURVE('',#591,(#595,#602),.PCURVE_S1.);
#591 = LINE('',#592,#593);
#592 = CARTESIAN_POINT('',(-46.,140.,79.242438829298));
#593 = VECTOR('',#594,1.);
#594 = DIRECTION('',(1.,0.,0.));
#595 = PCURVE('',#182,#596);
#596 = DEFINITIONAL_REPRESENTATION('',(#597),#601);
#597 = LINE('',#598,#599);
#598 = CARTESIAN_POINT('',(70.757561170702,-46.));
#599 = VECTOR('',#600,1.);
#600 = DIRECTION('',(0.,1.));
#601 = ( GEOMETRIC_REPRESENTATION_CONTEXT(2) 
PARAMETRIC_REPRESENTATION_CONTEXT() REPRESENTATION_CONTEXT('2D SPACE',''
  ) );
#602 = PCURVE('',#603,#608);
#603 = PLANE('',#604);
#604 = AXIS2_PLACEMENT_3D('',#605,#606,#607);
#605 = CARTESIAN_POINT('',(0.,137.73909791861,84.272945960381));
#606 = DIRECTION('',(0.,-0.912113164786,-0.409938501027));
#607 = DIRECTION('',(0.,0.409938501027,-0.912113164786));
#608 = DEFINITIONAL_REPRESENTATION('',(#609),#613);
#609 = LINE('',#610,#611);
#610 = CARTESIAN_POINT('',(5.515222590023,-46.));
#611 = VECTOR('',#612,1.);
#612 = DIRECTION('',(0.,1.));
#613 = ( GEOMETRIC_REPRESENTATION_CONTEXT(2) 
PARAMETRIC_REPRESENTATION_CONTEXT() REPRESENTATION_CONTEXT('2D SPACE',''
  ) );
#614 = ORIENTED_EDGE('',*,*,#615,.F.);
#615 = EDGE_CURVE('',#616,#588,#618,.T.);
#616 = VERTEX_POINT('',#617);
#617 = CARTESIAN_POINT('',(46.,140.,65.));
#618 = SURFACE_CURVE('',#619,(#623,#630),.PCURVE_S1.);
#619 = LINE('',#620,#621);
#620 = CARTESIAN_POINT('',(46.,140.,92.827403472904));
#621 = VECTOR('',#622,1.);
#622 = DIRECTION('',(-0.,0.,1.));
#623 = PCURVE('',#182,#624);
#624 = DEFINITIONAL_REPRESENTATION('',(#625),#629);
#625 = LINE('',#626,#627);
#626 = CARTESIAN_POINT('',(57.172596527096,46.));
#627 = VECTOR('',#628,1.);
#628 = DIRECTION('',(-1.,0.));
#629 = ( GEOMETRIC_REPRESENTATION_CONTEXT(2) 
PARAMETRIC_REPRESENTATION_CONTEXT() REPRESENTATION_CONTEXT('2D SPACE',''
  ) );
#630 = PCURVE('',#631,#636);
#631 = PLANE('',#632);
#632 = AXIS2_PLACEMENT_3D('',#633,#634,#635);
#633 = CARTESIAN_POINT('',(46.,60.084596666577,35.654806945809));
#634 = DIRECTION('',(-1.,-0.,-0.));
#635 = DIRECTION('',(0.,-1.,0.));
#636 = DEFINITIONAL_REPRESENTATION('',(#637),#640);
#637 = B_SPLINE_CURVE_WITH_KNOTS('',1,(#638,#639),.UNSPECIFIED.,.F.,.F.,
  (2,2),(-27.8274034729,-8.554457512523),.PIECEWISE_BEZIER_KNOTS.);
#638 = CARTESIAN_POINT('',(-79.91540333342,29.345193054191));
#639 = CARTESIAN_POINT('',(-79.91540333342,48.618139014572));
#640 = ( GEOMETRIC_REPRESENTATION_CONTEXT(2) 
PARAMETRIC_REPRESENTATION_CONTEXT() REPRESENTATION_CONTEXT('2D SPACE',''
  ) );
#641 = ORIENTED_EDGE('',*,*,#642,.T.);
#642 = EDGE_CURVE('',#616,#643,#645,.T.);
#643 = VERTEX_POINT('',#644);
#644 = CARTESIAN_POINT('',(50.,140.,65.));
#645 = SURFACE_CURVE('',#646,(#650,#657),.PCURVE_S1.);
#646 = LINE('',#647,#648);
#647 = CARTESIAN_POINT('',(-150.,140.,65.));
#648 = VECTOR('',#649,1.);
#649 = DIRECTION('',(1.,0.,0.));
#650 = PCURVE('',#182,#651);
#651 = DEFINITIONAL_REPRESENTATION('',(#652),#656);
#652 = LINE('',#653,#654);
#653 = CARTESIAN_POINT('',(85.,-150.));
#654 = VECTOR('',#655,1.);
#655 = DIRECTION('',(0.,1.));
#656 = ( GEOMETRIC_REPRESENTATION_CONTEXT(2) 
PARAMETRIC_REPRESENTATION_CONTEXT() REPRESENTATION_CONTEXT('2D SPACE',''
  ) );
#657 = PCURVE('',#658,#663);
#658 = PLANE('',#659);
#659 = AXIS2_PLACEMENT_3D('',#660,#661,#662);
#660 = CARTESIAN_POINT('',(0.,140.,65.));
#661 = DIRECTION('',(0.,-0.253359391838,0.96737222338));
#662 = DIRECTION('',(0.,-0.96737222338,-0.253359391838));
#663 = DEFINITIONAL_REPRESENTATION('',(#664),#668);
#664 = LINE('',#665,#666);
#665 = CARTESIAN_POINT('',(-0.,-150.));
#666 = VECTOR('',#667,1.);
#667 = DIRECTION('',(0.,1.));
#668 = ( GEOMETRIC_REPRESENTATION_CONTEXT(2) 
PARAMETRIC_REPRESENTATION_CONTEXT() REPRESENTATION_CONTEXT('2D SPACE',''
  ) );
#669 = ORIENTED_EDGE('',*,*,#670,.T.);
#670 = EDGE_CURVE('',#643,#141,#671,.T.);
#671 = SURFACE_CURVE('',#672,(#676,#683),.PCURVE_S1.);
#672 = LINE('',#673,#674);
#673 = CARTESIAN_POINT('',(50.,140.,92.827403472904));
#674 = VECTOR('',#675,1.);
#675 = DIRECTION('',(-0.,0.,1.));
#676 = PCURVE('',#182,#677);
#677 = DEFINITIONAL_REPRESENTATION('',(#678),#682);
#678 = LINE('',#679,#680);
#679 = CARTESIAN_POINT('',(57.172596527096,50.));
#680 = VECTOR('',#681,1.);
#681 = DIRECTION('',(-1.,0.));
#682 = ( GEOMETRIC_REPRESENTATION_CONTEXT(2) 
PARAMETRIC_REPRESENTATION_CONTEXT() REPRESENTATION_CONTEXT('2D SPACE',''
  ) );
#683 = PCURVE('',#156,#684);
#684 = DEFINITIONAL_REPRESENTATION('',(#685),#688);
#685 = B_SPLINE_CURVE_WITH_KNOTS('',1,(#686,#687),.UNSPECIFIED.,.F.,.F.,
  (2,2),(-27.8274034729,-3.827403472904),.PIECEWISE_BEZIER_KNOTS.);
#686 = CARTESIAN_POINT('',(-79.91540333342,29.345193054191));
#687 = CARTESIAN_POINT('',(-79.91540333342,53.345193054191));
#688 = ( GEOMETRIC_REPRESENTATION_CONTEXT(2) 
PARAMETRIC_REPRESENTATION_CONTEXT() REPRESENTATION_CONTEXT('2D SPACE',''
  ) );
#689 = ORIENTED_EDGE('',*,*,#168,.T.);
#690 = ADVANCED_FACE('',(#691),#100,.T.);
#691 = FACE_BOUND('',#692,.F.);
#692 = EDGE_LOOP('',(#693,#716,#717,#718));
#693 = ORIENTED_EDGE('',*,*,#694,.T.);
#694 = EDGE_CURVE('',#695,#85,#697,.T.);
#695 = VERTEX_POINT('',#696);
#696 = CARTESIAN_POINT('',(48.5,178.5,-5.662137425588E-15));
#697 = SURFACE_CURVE('',#698,(#702,#709),.PCURVE_S1.);
#698 = LINE('',#699,#700);
#699 = CARTESIAN_POINT('',(49.521448773246,179.1607925612,1.021448773246
    ));
#700 = VECTOR('',#701,1.);
#701 = DIRECTION('',(0.643023450764,0.415982792356,0.643023450764));
#702 = PCURVE('',#100,#703);
#703 = DEFINITIONAL_REPRESENTATION('',(#704),#708);
#704 = LINE('',#705,#706);
#705 = CARTESIAN_POINT('',(-0.478551226754,-0.4018033201));
#706 = VECTOR('',#707,1.);
#707 = DIRECTION('',(0.643023450764,-0.765846487077));
#708 = ( GEOMETRIC_REPRESENTATION_CONTEXT(2) 
PARAMETRIC_REPRESENTATION_CONTEXT() REPRESENTATION_CONTEXT('2D SPACE',''
  ) );
#709 = PCURVE('',#128,#710);
#710 = DEFINITIONAL_REPRESENTATION('',(#711),#715);
#711 = LINE('',#712,#713);
#712 = CARTESIAN_POINT('',(0.839207438797,-0.383886536614));
#713 = VECTOR('',#714,1.);
#714 = DIRECTION('',(-0.415982792356,-0.909372484994));
#715 = ( GEOMETRIC_REPRESENTATION_CONTEXT(2) 
PARAMETRIC_REPRESENTATION_CONTEXT() REPRESENTATION_CONTEXT('2D SPACE',''
  ) );
#716 = ORIENTED_EDGE('',*,*,#84,.T.);
#717 = ORIENTED_EDGE('',*,*,#459,.F.);
#718 = ORIENTED_EDGE('',*,*,#719,.F.);
#719 = EDGE_CURVE('',#695,#460,#720,.T.);
#720 = SURFACE_CURVE('',#721,(#725,#732),.PCURVE_S1.);
#721 = LINE('',#722,#723);
#722 = CARTESIAN_POINT('',(50.,178.5,-7.105427357601E-15));
#723 = VECTOR('',#724,1.);
#724 = DIRECTION('',(-1.,0.,0.));
#725 = PCURVE('',#100,#726);
#726 = DEFINITIONAL_REPRESENTATION('',(#727),#731);
#727 = LINE('',#728,#729);
#728 = CARTESIAN_POINT('',(-0.,0.814750996529));
#729 = VECTOR('',#730,1.);
#730 = DIRECTION('',(-1.,0.));
#731 = ( GEOMETRIC_REPRESENTATION_CONTEXT(2) 
PARAMETRIC_REPRESENTATION_CONTEXT() REPRESENTATION_CONTEXT('2D SPACE',''
  ) );
#732 = PCURVE('',#521,#733);
#733 = DEFINITIONAL_REPRESENTATION('',(#734),#738);
#734 = LINE('',#735,#736);
#735 = CARTESIAN_POINT('',(1.5,50.));
#736 = VECTOR('',#737,1.);
#737 = DIRECTION('',(0.,-1.));
#738 = ( GEOMETRIC_REPRESENTATION_CONTEXT(2) 
PARAMETRIC_REPRESENTATION_CONTEXT() REPRESENTATION_CONTEXT('2D SPACE',''
  ) );
#739 = ADVANCED_FACE('',(#740),#156,.F.);
#740 = FACE_BOUND('',#741,.F.);
#741 = EDGE_LOOP('',(#742,#772,#800,#821,#847,#880,#906,#925,#926,#927,
    #950));
#742 = ORIENTED_EDGE('',*,*,#743,.F.);
#743 = EDGE_CURVE('',#744,#746,#748,.T.);
#744 = VERTEX_POINT('',#745);
#745 = CARTESIAN_POINT('',(50.,-66.,2.086657388257));
#746 = VERTEX_POINT('',#747);
#747 = CARTESIAN_POINT('',(50.,139.07768680714,31.383469789278));
#748 = SURFACE_CURVE('',#749,(#753,#760),.PCURVE_S1.);
#749 = LINE('',#750,#751);
#750 = CARTESIAN_POINT('',(50.,-66.21213203435,2.05635281192));
#751 = VECTOR('',#752,1.);
#752 = DIRECTION('',(-0.,0.989949493661,0.141421356237));
#753 = PCURVE('',#156,#754);
#754 = DEFINITIONAL_REPRESENTATION('',(#755),#759);
#755 = LINE('',#756,#757);
#756 = CARTESIAN_POINT('',(126.29672870093,-33.59845413388));
#757 = VECTOR('',#758,1.);
#758 = DIRECTION('',(-0.989949493661,0.141421356237));
#759 = ( GEOMETRIC_REPRESENTATION_CONTEXT(2) 
PARAMETRIC_REPRESENTATION_CONTEXT() REPRESENTATION_CONTEXT('2D SPACE',''
  ) );
#760 = PCURVE('',#761,#766);
#761 = PLANE('',#762);
#762 = AXIS2_PLACEMENT_3D('',#763,#764,#765);
#763 = CARTESIAN_POINT('',(49.25,-66.10606601717,1.313890691674));
#764 = DIRECTION('',(0.707106781187,0.1,-0.7));
#765 = DIRECTION('',(8.326672684689E-17,-0.989949493661,-0.141421356237)
  );
#766 = DEFINITIONAL_REPRESENTATION('',(#767),#771);
#767 = LINE('',#768,#769);
#768 = CARTESIAN_POINT('',(-0.,-1.06066017178));
#769 = VECTOR('',#770,1.);
#770 = DIRECTION('',(-1.,0.));
#771 = ( GEOMETRIC_REPRESENTATION_CONTEXT(2) 
PARAMETRIC_REPRESENTATION_CONTEXT() REPRESENTATION_CONTEXT('2D SPACE',''
  ) );
#772 = ORIENTED_EDGE('',*,*,#773,.T.);
#773 = EDGE_CURVE('',#744,#774,#776,.T.);
#774 = VERTEX_POINT('',#775);
#775 = CARTESIAN_POINT('',(50.,-66.,11.047619047619));
#776 = SURFACE_CURVE('',#777,(#781,#788),.PCURVE_S1.);
#777 = LINE('',#778,#779);
#778 = CARTESIAN_POINT('',(50.,-66.,0.));
#779 = VECTOR('',#780,1.);
#780 = DIRECTION('',(0.,0.,1.));
#781 = PCURVE('',#156,#782);
#782 = DEFINITIONAL_REPRESENTATION('',(#783),#787);
#783 = LINE('',#784,#785);
#784 = CARTESIAN_POINT('',(126.08459666657,-35.6548069458));
#785 = VECTOR('',#786,1.);
#786 = DIRECTION('',(0.,1.));
#787 = ( GEOMETRIC_REPRESENTATION_CONTEXT(2) 
PARAMETRIC_REPRESENTATION_CONTEXT() REPRESENTATION_CONTEXT('2D SPACE',''
  ) );
#788 = PCURVE('',#789,#794);
#789 = CYLINDRICAL_SURFACE('',#790,4.);
#790 = AXIS2_PLACEMENT_3D('',#791,#792,#793);
#791 = CARTESIAN_POINT('',(46.,-66.,0.));
#792 = DIRECTION('',(0.,0.,1.));
#793 = DIRECTION('',(0.,-1.,0.));
#794 = DEFINITIONAL_REPRESENTATION('',(#795),#799);
#795 = LINE('',#796,#797);
#796 = CARTESIAN_POINT('',(1.570796326795,0.));
#797 = VECTOR('',#798,1.);
#798 = DIRECTION('',(0.,1.));
#799 = ( GEOMETRIC_REPRESENTATION_CONTEXT(2) 
PARAMETRIC_REPRESENTATION_CONTEXT() REPRESENTATION_CONTEXT('2D SPACE',''
  ) );
#800 = ORIENTED_EDGE('',*,*,#801,.T.);
#801 = EDGE_CURVE('',#774,#802,#804,.T.);
#802 = VERTEX_POINT('',#803);
#803 = CARTESIAN_POINT('',(50.,28.8,35.87619047619));
#804 = SURFACE_CURVE('',#805,(#809,#815),.PCURVE_S1.);
#805 = LINE('',#806,#807);
#806 = CARTESIAN_POINT('',(50.,99.011074092521,54.26480511947));
#807 = VECTOR('',#808,1.);
#808 = DIRECTION('',(-0.,0.96737222338,0.253359391838));
#809 = PCURVE('',#156,#810);
#810 = DEFINITIONAL_REPRESENTATION('',(#811),#814);
#811 = B_SPLINE_CURVE_WITH_KNOTS('',1,(#812,#813),.UNSPECIFIED.,.F.,.F.,
  (2,2),(-170.5766096073,42.371410835276),.PIECEWISE_BEZIER_KNOTS.);
#812 = CARTESIAN_POINT('',(126.08459666657,-24.60718789819));
#813 = CARTESIAN_POINT('',(-79.91540333342,29.345193054191));
#814 = ( GEOMETRIC_REPRESENTATION_CONTEXT(2) 
PARAMETRIC_REPRESENTATION_CONTEXT() REPRESENTATION_CONTEXT('2D SPACE',''
  ) );
#815 = PCURVE('',#298,#816);
#816 = DEFINITIONAL_REPRESENTATION('',(#817),#820);
#817 = B_SPLINE_CURVE_WITH_KNOTS('',1,(#818,#819),.UNSPECIFIED.,.F.,.F.,
  (2,2),(-170.5766096073,42.371410835276),.PIECEWISE_BEZIER_KNOTS.);
#818 = CARTESIAN_POINT('',(212.94802044262,50.));
#819 = CARTESIAN_POINT('',(0.,50.));
#820 = ( GEOMETRIC_REPRESENTATION_CONTEXT(2) 
PARAMETRIC_REPRESENTATION_CONTEXT() REPRESENTATION_CONTEXT('2D SPACE',''
  ) );
#821 = ORIENTED_EDGE('',*,*,#822,.T.);
#822 = EDGE_CURVE('',#802,#823,#825,.T.);
#823 = VERTEX_POINT('',#824);
#824 = CARTESIAN_POINT('',(50.,28.8,28.));
#825 = SURFACE_CURVE('',#826,(#830,#836),.PCURVE_S1.);
#826 = LINE('',#827,#828);
#827 = CARTESIAN_POINT('',(50.,28.8,31.827403472904));
#828 = VECTOR('',#829,1.);
#829 = DIRECTION('',(0.,0.,-1.));
#830 = PCURVE('',#156,#831);
#831 = DEFINITIONAL_REPRESENTATION('',(#832),#835);
#832 = B_SPLINE_CURVE_WITH_KNOTS('',1,(#833,#834),.UNSPECIFIED.,.F.,.F.,
  (2,2),(-8.172596527096,3.827403472904),.PIECEWISE_BEZIER_KNOTS.);
#833 = CARTESIAN_POINT('',(31.284596666577,4.345193054191));
#834 = CARTESIAN_POINT('',(31.284596666577,-7.654806945809));
#835 = ( GEOMETRIC_REPRESENTATION_CONTEXT(2) 
PARAMETRIC_REPRESENTATION_CONTEXT() REPRESENTATION_CONTEXT('2D SPACE',''
  ) );
#836 = PCURVE('',#837,#842);
#837 = PLANE('',#838);
#838 = AXIS2_PLACEMENT_3D('',#839,#840,#841);
#839 = CARTESIAN_POINT('',(48.25,28.8,28.));
#840 = DIRECTION('',(0.,1.,0.));
#841 = DIRECTION('',(0.,0.,1.));
#842 = DEFINITIONAL_REPRESENTATION('',(#843),#846);
#843 = B_SPLINE_CURVE_WITH_KNOTS('',1,(#844,#845),.UNSPECIFIED.,.F.,.F.,
  (2,2),(-8.172596527096,3.827403472904),.PIECEWISE_BEZIER_KNOTS.);
#844 = CARTESIAN_POINT('',(12.,1.75));
#845 = CARTESIAN_POINT('',(0.,1.75));
#846 = ( GEOMETRIC_REPRESENTATION_CONTEXT(2) 
PARAMETRIC_REPRESENTATION_CONTEXT() REPRESENTATION_CONTEXT('2D SPACE',''
  ) );
#847 = ORIENTED_EDGE('',*,*,#848,.T.);
#848 = EDGE_CURVE('',#823,#849,#851,.T.);
#849 = VERTEX_POINT('',#850);
#850 = CARTESIAN_POINT('',(50.,35.2,28.));
#851 = SURFACE_CURVE('',#852,(#857,#868),.PCURVE_S1.);
#852 = CIRCLE('',#853,3.2);
#853 = AXIS2_PLACEMENT_3D('',#854,#855,#856);
#854 = CARTESIAN_POINT('',(50.,32.,28.));
#855 = DIRECTION('',(1.,0.,2.22044604925E-16));
#856 = DIRECTION('',(2.22044604925E-16,0.,-1.));
#857 = PCURVE('',#156,#858);
#858 = DEFINITIONAL_REPRESENTATION('',(#859),#867);
#859 = ( BOUNDED_CURVE() B_SPLINE_CURVE(2,(#860,#861,#862,#863,#864,#865
,#866),.UNSPECIFIED.,.T.,.F.) B_SPLINE_CURVE_WITH_KNOTS((1,2,2,2,2,1),(
    -2.094395102393,0.,2.094395102393,4.188790204786,6.28318530718,
8.377580409573),.UNSPECIFIED.) CURVE() GEOMETRIC_REPRESENTATION_ITEM() 
RATIONAL_B_SPLINE_CURVE((1.,0.5,1.,0.5,1.,0.5,1.)) REPRESENTATION_ITEM(
  '') );
#860 = CARTESIAN_POINT('',(28.084596666577,-10.8548069458));
#861 = CARTESIAN_POINT('',(22.542034082357,-10.8548069458));
#862 = CARTESIAN_POINT('',(25.313315374467,-6.054806945809));
#863 = CARTESIAN_POINT('',(28.084596666577,-1.254806945809));
#864 = CARTESIAN_POINT('',(30.855877958687,-6.054806945809));
#865 = CARTESIAN_POINT('',(33.627159250797,-10.8548069458));
#866 = CARTESIAN_POINT('',(28.084596666577,-10.8548069458));
#867 = ( GEOMETRIC_REPRESENTATION_CONTEXT(2) 
PARAMETRIC_REPRESENTATION_CONTEXT() REPRESENTATION_CONTEXT('2D SPACE',''
  ) );
#868 = PCURVE('',#869,#874);
#869 = CYLINDRICAL_SURFACE('',#870,3.2);
#870 = AXIS2_PLACEMENT_3D('',#871,#872,#873);
#871 = CARTESIAN_POINT('',(48.25,32.,28.));
#872 = DIRECTION('',(1.,0.,2.22044604925E-16));
#873 = DIRECTION('',(2.22044604925E-16,0.,-1.));
#874 = DEFINITIONAL_REPRESENTATION('',(#875),#879);
#875 = LINE('',#876,#877);
#876 = CARTESIAN_POINT('',(0.,1.75));
#877 = VECTOR('',#878,1.);
#878 = DIRECTION('',(1.,0.));
#879 = ( GEOMETRIC_REPRESENTATION_CONTEXT(2) 
PARAMETRIC_REPRESENTATION_CONTEXT() REPRESENTATION_CONTEXT('2D SPACE',''
  ) );
#880 = ORIENTED_EDGE('',*,*,#881,.F.);
#881 = EDGE_CURVE('',#882,#849,#884,.T.);
#882 = VERTEX_POINT('',#883);
#883 = CARTESIAN_POINT('',(50.,35.2,37.552380952381));
#884 = SURFACE_CURVE('',#885,(#889,#895),.PCURVE_S1.);
#885 = LINE('',#886,#887);
#886 = CARTESIAN_POINT('',(50.,35.2,31.827403472904));
#887 = VECTOR('',#888,1.);
#888 = DIRECTION('',(0.,0.,-1.));
#889 = PCURVE('',#156,#890);
#890 = DEFINITIONAL_REPRESENTATION('',(#891),#894);
#891 = B_SPLINE_CURVE_WITH_KNOTS('',1,(#892,#893),.UNSPECIFIED.,.F.,.F.,
  (2,2),(-8.172596527096,3.827403472904),.PIECEWISE_BEZIER_KNOTS.);
#892 = CARTESIAN_POINT('',(24.884596666577,4.345193054191));
#893 = CARTESIAN_POINT('',(24.884596666577,-7.654806945809));
#894 = ( GEOMETRIC_REPRESENTATION_CONTEXT(2) 
PARAMETRIC_REPRESENTATION_CONTEXT() REPRESENTATION_CONTEXT('2D SPACE',''
  ) );
#895 = PCURVE('',#896,#901);
#896 = PLANE('',#897);
#897 = AXIS2_PLACEMENT_3D('',#898,#899,#900);
#898 = CARTESIAN_POINT('',(48.25,35.2,28.));
#899 = DIRECTION('',(0.,1.,0.));
#900 = DIRECTION('',(0.,0.,1.));
#901 = DEFINITIONAL_REPRESENTATION('',(#902),#905);
#902 = B_SPLINE_CURVE_WITH_KNOTS('',1,(#903,#904),.UNSPECIFIED.,.F.,.F.,
  (2,2),(-8.172596527096,3.827403472904),.PIECEWISE_BEZIER_KNOTS.);
#903 = CARTESIAN_POINT('',(12.,1.75));
#904 = CARTESIAN_POINT('',(0.,1.75));
#905 = ( GEOMETRIC_REPRESENTATION_CONTEXT(2) 
PARAMETRIC_REPRESENTATION_CONTEXT() REPRESENTATION_CONTEXT('2D SPACE',''
  ) );
#906 = ORIENTED_EDGE('',*,*,#907,.T.);
#907 = EDGE_CURVE('',#882,#643,#908,.T.);
#908 = SURFACE_CURVE('',#909,(#913,#919),.PCURVE_S1.);
#909 = LINE('',#910,#911);
#910 = CARTESIAN_POINT('',(50.,99.011074092521,54.26480511947));
#911 = VECTOR('',#912,1.);
#912 = DIRECTION('',(-0.,0.96737222338,0.253359391838));
#913 = PCURVE('',#156,#914);
#914 = DEFINITIONAL_REPRESENTATION('',(#915),#918);
#915 = B_SPLINE_CURVE_WITH_KNOTS('',1,(#916,#917),.UNSPECIFIED.,.F.,.F.,
  (2,2),(-170.5766096073,42.371410835276),.PIECEWISE_BEZIER_KNOTS.);
#916 = CARTESIAN_POINT('',(126.08459666657,-24.60718789819));
#917 = CARTESIAN_POINT('',(-79.91540333342,29.345193054191));
#918 = ( GEOMETRIC_REPRESENTATION_CONTEXT(2) 
PARAMETRIC_REPRESENTATION_CONTEXT() REPRESENTATION_CONTEXT('2D SPACE',''
  ) );
#919 = PCURVE('',#658,#920);
#920 = DEFINITIONAL_REPRESENTATION('',(#921),#924);
#921 = B_SPLINE_CURVE_WITH_KNOTS('',1,(#922,#923),.UNSPECIFIED.,.F.,.F.,
  (2,2),(-170.5766096073,42.371410835276),.PIECEWISE_BEZIER_KNOTS.);
#922 = CARTESIAN_POINT('',(212.94802044262,50.));
#923 = CARTESIAN_POINT('',(0.,50.));
#924 = ( GEOMETRIC_REPRESENTATION_CONTEXT(2) 
PARAMETRIC_REPRESENTATION_CONTEXT() REPRESENTATION_CONTEXT('2D SPACE',''
  ) );
#925 = ORIENTED_EDGE('',*,*,#670,.T.);
#926 = ORIENTED_EDGE('',*,*,#140,.T.);
#927 = ORIENTED_EDGE('',*,*,#928,.T.);
#928 = EDGE_CURVE('',#113,#929,#931,.T.);
#929 = VERTEX_POINT('',#930);
#930 = CARTESIAN_POINT('',(50.,159.,1.5));
#931 = SURFACE_CURVE('',#932,(#936,#943),.PCURVE_S1.);
#932 = LINE('',#933,#934);
#933 = CARTESIAN_POINT('',(50.,180.,1.5));
#934 = VECTOR('',#935,1.);
#935 = DIRECTION('',(0.,-1.,0.));
#936 = PCURVE('',#156,#937);
#937 = DEFINITIONAL_REPRESENTATION('',(#938),#942);
#938 = LINE('',#939,#940);
#939 = CARTESIAN_POINT('',(-119.9154033334,-34.1548069458));
#940 = VECTOR('',#941,1.);
#941 = DIRECTION('',(1.,0.));
#942 = ( GEOMETRIC_REPRESENTATION_CONTEXT(2) 
PARAMETRIC_REPRESENTATION_CONTEXT() REPRESENTATION_CONTEXT('2D SPACE',''
  ) );
#943 = PCURVE('',#128,#944);
#944 = DEFINITIONAL_REPRESENTATION('',(#945),#949);
#945 = LINE('',#946,#947);
#946 = CARTESIAN_POINT('',(0.,-1.06066017178));
#947 = VECTOR('',#948,1.);
#948 = DIRECTION('',(1.,0.));
#949 = ( GEOMETRIC_REPRESENTATION_CONTEXT(2) 
PARAMETRIC_REPRESENTATION_CONTEXT() REPRESENTATION_CONTEXT('2D SPACE',''
  ) );
#950 = ORIENTED_EDGE('',*,*,#951,.F.);
#951 = EDGE_CURVE('',#746,#929,#952,.T.);
#952 = SURFACE_CURVE('',#953,(#957,#964),.PCURVE_S1.);
#953 = LINE('',#954,#955);
#954 = CARTESIAN_POINT('',(50.,139.07768680714,31.383469789278));
#955 = VECTOR('',#956,1.);
#956 = DIRECTION('',(0.,0.554700196225,-0.832050294338));
#957 = PCURVE('',#156,#958);
#958 = DEFINITIONAL_REPRESENTATION('',(#959),#963);
#959 = LINE('',#960,#961);
#960 = CARTESIAN_POINT('',(-78.99309014057,-4.271337156531));
#961 = VECTOR('',#962,1.);
#962 = DIRECTION('',(-0.554700196225,-0.832050294338));
#963 = ( GEOMETRIC_REPRESENTATION_CONTEXT(2) 
PARAMETRIC_REPRESENTATION_CONTEXT() REPRESENTATION_CONTEXT('2D SPACE',''
  ) );
#964 = PCURVE('',#215,#965);
#965 = DEFINITIONAL_REPRESENTATION('',(#966),#970);
#966 = LINE('',#967,#968);
#967 = CARTESIAN_POINT('',(37.718236509072,50.));
#968 = VECTOR('',#969,1.);
#969 = DIRECTION('',(-1.,0.));
#970 = ( GEOMETRIC_REPRESENTATION_CONTEXT(2) 
PARAMETRIC_REPRESENTATION_CONTEXT() REPRESENTATION_CONTEXT('2D SPACE',''
  ) );
#971 = ADVANCED_FACE('',(#972),#128,.T.);
#972 = FACE_BOUND('',#973,.T.);
#973 = EDGE_LOOP('',(#974,#975,#976,#977,#1000));
#974 = ORIENTED_EDGE('',*,*,#694,.T.);
#975 = ORIENTED_EDGE('',*,*,#112,.T.);
#976 = ORIENTED_EDGE('',*,*,#928,.T.);
#977 = ORIENTED_EDGE('',*,*,#978,.T.);
#978 = EDGE_CURVE('',#929,#979,#981,.T.);
#979 = VERTEX_POINT('',#980);
#980 = CARTESIAN_POINT('',(48.5,160.,-1.110223024625E-15));
#981 = SURFACE_CURVE('',#982,(#986,#993),.PCURVE_S1.);
#982 = LINE('',#983,#984);
#983 = CARTESIAN_POINT('',(36.159090909091,168.22727272727,
    -12.3409090909));
#984 = VECTOR('',#985,1.);
#985 = DIRECTION('',(-0.639602149067,0.426401432711,-0.639602149067));
#986 = PCURVE('',#128,#987);
#987 = DEFINITIONAL_REPRESENTATION('',(#988),#992);
#988 = LINE('',#989,#990);
#989 = CARTESIAN_POINT('',(11.772727272727,18.513341180157));
#990 = VECTOR('',#991,1.);
#991 = DIRECTION('',(-0.426401432711,0.904534033733));
#992 = ( GEOMETRIC_REPRESENTATION_CONTEXT(2) 
PARAMETRIC_REPRESENTATION_CONTEXT() REPRESENTATION_CONTEXT('2D SPACE',''
  ) );
#993 = PCURVE('',#215,#994);
#994 = DEFINITIONAL_REPRESENTATION('',(#995),#999);
#995 = LINE('',#996,#997);
#996 = CARTESIAN_POINT('',(-14.8319268377,36.159090909091));
#997 = VECTOR('',#998,1.);
#998 = DIRECTION('',(-0.768706114786,-0.639602149067));
#999 = ( GEOMETRIC_REPRESENTATION_CONTEXT(2) 
PARAMETRIC_REPRESENTATION_CONTEXT() REPRESENTATION_CONTEXT('2D SPACE',''
  ) );
#1000 = ORIENTED_EDGE('',*,*,#1001,.F.);
#1001 = EDGE_CURVE('',#695,#979,#1002,.T.);
#1002 = SURFACE_CURVE('',#1003,(#1007,#1014),.PCURVE_S1.);
#1003 = LINE('',#1004,#1005);
#1004 = CARTESIAN_POINT('',(48.5,180.,0.));
#1005 = VECTOR('',#1006,1.);
#1006 = DIRECTION('',(0.,-1.,0.));
#1007 = PCURVE('',#128,#1008);
#1008 = DEFINITIONAL_REPRESENTATION('',(#1009),#1013);
#1009 = LINE('',#1010,#1011);
#1010 = CARTESIAN_POINT('',(0.,1.06066017178));
#1011 = VECTOR('',#1012,1.);
#1012 = DIRECTION('',(1.,0.));
#1013 = ( GEOMETRIC_REPRESENTATION_CONTEXT(2) 
PARAMETRIC_REPRESENTATION_CONTEXT() REPRESENTATION_CONTEXT('2D SPACE',''
  ) );
#1014 = PCURVE('',#521,#1015);
#1015 = DEFINITIONAL_REPRESENTATION('',(#1016),#1020);
#1016 = LINE('',#1017,#1018);
#1017 = CARTESIAN_POINT('',(0.,48.5));
#1018 = VECTOR('',#1019,1.);
#1019 = DIRECTION('',(1.,0.));
#1020 = ( GEOMETRIC_REPRESENTATION_CONTEXT(2) 
PARAMETRIC_REPRESENTATION_CONTEXT() REPRESENTATION_CONTEXT('2D SPACE',''
  ) );
#1021 = ADVANCED_FACE('',(#1022),#215,.F.);
#1022 = FACE_BOUND('',#1023,.F.);
#1023 = EDGE_LOOP('',(#1024,#1045,#1046,#1047,#1070,#1098,#1131,#1157,
    #1190,#1211,#1238,#1261,#1294,#1320,#1353,#1374,#1401,#1424,#1445,
    #1446));
#1024 = ORIENTED_EDGE('',*,*,#1025,.F.);
#1025 = EDGE_CURVE('',#485,#979,#1026,.T.);
#1026 = SURFACE_CURVE('',#1027,(#1031,#1038),.PCURVE_S1.);
#1027 = LINE('',#1028,#1029);
#1028 = CARTESIAN_POINT('',(-50.,160.,0.));
#1029 = VECTOR('',#1030,1.);
#1030 = DIRECTION('',(1.,0.,0.));
#1031 = PCURVE('',#215,#1032);
#1032 = DEFINITIONAL_REPRESENTATION('',(#1033),#1037);
#1033 = LINE('',#1034,#1035);
#1034 = CARTESIAN_POINT('',(0.,-50.));
#1035 = VECTOR('',#1036,1.);
#1036 = DIRECTION('',(0.,1.));
#1037 = ( GEOMETRIC_REPRESENTATION_CONTEXT(2) 
PARAMETRIC_REPRESENTATION_CONTEXT() REPRESENTATION_CONTEXT('2D SPACE',''
  ) );
#1038 = PCURVE('',#521,#1039);
#1039 = DEFINITIONAL_REPRESENTATION('',(#1040),#1044);
#1040 = LINE('',#1041,#1042);
#1041 = CARTESIAN_POINT('',(20.,-50.));
#1042 = VECTOR('',#1043,1.);
#1043 = DIRECTION('',(0.,1.));
#1044 = ( GEOMETRIC_REPRESENTATION_CONTEXT(2) 
PARAMETRIC_REPRESENTATION_CONTEXT() REPRESENTATION_CONTEXT('2D SPACE',''
  ) );
#1045 = ORIENTED_EDGE('',*,*,#484,.F.);
#1046 = ORIENTED_EDGE('',*,*,#197,.T.);
#1047 = ORIENTED_EDGE('',*,*,#1048,.T.);
#1048 = EDGE_CURVE('',#200,#1049,#1051,.T.);
#1049 = VERTEX_POINT('',#1050);
#1050 = CARTESIAN_POINT('',(-48.5,140.,30.));
#1051 = SURFACE_CURVE('',#1052,(#1056,#1063),.PCURVE_S1.);
#1052 = LINE('',#1053,#1054);
#1053 = CARTESIAN_POINT('',(-28.98961291031,151.99645827364,
    12.005312589534));
#1054 = VECTOR('',#1055,1.);
#1055 = DIRECTION('',(0.669839776773,0.411868042143,-0.617802063215));
#1056 = PCURVE('',#215,#1057);
#1057 = DEFINITIONAL_REPRESENTATION('',(#1058),#1062);
#1058 = LINE('',#1059,#1060);
#1059 = CARTESIAN_POINT('',(14.428590039846,-28.98961291031));
#1060 = VECTOR('',#1061,1.);
#1061 = DIRECTION('',(-0.742505672337,0.669839776773));
#1062 = ( GEOMETRIC_REPRESENTATION_CONTEXT(2) 
PARAMETRIC_REPRESENTATION_CONTEXT() REPRESENTATION_CONTEXT('2D SPACE',''
  ) );
#1063 = PCURVE('',#243,#1064);
#1064 = DEFINITIONAL_REPRESENTATION('',(#1065),#1069);
#1065 = LINE('',#1066,#1067);
#1066 = CARTESIAN_POINT('',(-9.331054695067,28.652514201162));
#1067 = VECTOR('',#1068,1.);
#1068 = DIRECTION('',(-0.320358154109,0.94729649693));
#1069 = ( GEOMETRIC_REPRESENTATION_CONTEXT(2) 
PARAMETRIC_REPRESENTATION_CONTEXT() REPRESENTATION_CONTEXT('2D SPACE',''
  ) );
#1070 = ORIENTED_EDGE('',*,*,#1071,.T.);
#1071 = EDGE_CURVE('',#1049,#1072,#1074,.T.);
#1072 = VERTEX_POINT('',#1073);
#1073 = CARTESIAN_POINT('',(-44.89870154514,140.,30.));
#1074 = SURFACE_CURVE('',#1075,(#1079,#1086),.PCURVE_S1.);
#1075 = LINE('',#1076,#1077);
#1076 = CARTESIAN_POINT('',(-48.5,140.,30.));
#1077 = VECTOR('',#1078,1.);
#1078 = DIRECTION('',(1.,0.,2.930073137155E-16));
#1079 = PCURVE('',#215,#1080);
#1080 = DEFINITIONAL_REPRESENTATION('',(#1081),#1085);
#1081 = LINE('',#1082,#1083);
#1082 = CARTESIAN_POINT('',(36.05551275464,-48.5));
#1083 = VECTOR('',#1084,1.);
#1084 = DIRECTION('',(2.437968216201E-16,1.));
#1085 = ( GEOMETRIC_REPRESENTATION_CONTEXT(2) 
PARAMETRIC_REPRESENTATION_CONTEXT() REPRESENTATION_CONTEXT('2D SPACE',''
  ) );
#1086 = PCURVE('',#1087,#1092);
#1087 = PLANE('',#1088);
#1088 = AXIS2_PLACEMENT_3D('',#1089,#1090,#1091);
#1089 = CARTESIAN_POINT('',(0.,140.,30.));
#1090 = DIRECTION('',(0.,-0.141421356237,0.989949493661));
#1091 = DIRECTION('',(0.,-0.989949493661,-0.141421356237));
#1092 = DEFINITIONAL_REPRESENTATION('',(#1093),#1097);
#1093 = LINE('',#1094,#1095);
#1094 = CARTESIAN_POINT('',(-2.863848644639E-14,-48.5));
#1095 = VECTOR('',#1096,1.);
#1096 = DIRECTION('',(-4.14374916931E-17,1.));
#1097 = ( GEOMETRIC_REPRESENTATION_CONTEXT(2) 
PARAMETRIC_REPRESENTATION_CONTEXT() REPRESENTATION_CONTEXT('2D SPACE',''
  ) );
#1098 = ORIENTED_EDGE('',*,*,#1099,.F.);
#1099 = EDGE_CURVE('',#1100,#1072,#1102,.T.);
#1100 = VERTEX_POINT('',#1101);
#1101 = CARTESIAN_POINT('',(-44.8930890953,140.01875841889,
    29.971862371659));
#1102 = SURFACE_CURVE('',#1103,(#1108,#1115),.PCURVE_S1.);
#1103 = ELLIPSE('',#1104,9.975634724588,3.25);
#1104 = AXIS2_PLACEMENT_3D('',#1105,#1106,#1107);
#1105 = CARTESIAN_POINT('',(-42.,137.49766573296,33.75350140056));
#1106 = DIRECTION('',(-0.,0.832050294338,0.554700196225));
#1107 = DIRECTION('',(0.,-0.554700196225,0.832050294338));
#1108 = PCURVE('',#215,#1109);
#1109 = DEFINITIONAL_REPRESENTATION('',(#1110),#1114);
#1110 = ELLIPSE('',#1111,9.975634724588,3.25);
#1111 = AXIS2_PLACEMENT_2D('',#1112,#1113);
#1112 = CARTESIAN_POINT('',(40.566660008722,-42.));
#1113 = DIRECTION('',(1.,0.));
#1114 = ( GEOMETRIC_REPRESENTATION_CONTEXT(2) 
PARAMETRIC_REPRESENTATION_CONTEXT() REPRESENTATION_CONTEXT('2D SPACE',''
  ) );
#1115 = PCURVE('',#1116,#1121);
#1116 = CYLINDRICAL_SURFACE('',#1117,3.25);
#1117 = AXIS2_PLACEMENT_3D('',#1118,#1119,#1120);
#1118 = CARTESIAN_POINT('',(-42.,138.58634978937,29.596707730596));
#1119 = DIRECTION('',(0.,-0.253359391838,0.96737222338));
#1120 = DIRECTION('',(1.,0.,0.));
#1121 = DEFINITIONAL_REPRESENTATION('',(#1122),#1130);
#1122 = B_SPLINE_CURVE_WITH_KNOTS('',6,(#1123,#1124,#1125,#1126,#1127,
    #1128,#1129),.UNSPECIFIED.,.F.,.F.,(7,7),(4.239335440633,
    4.805087235838),.PIECEWISE_BEZIER_KNOTS.);
#1123 = CARTESIAN_POINT('',(2.668539113838,-5.999999928008E-07));
#1124 = CARTESIAN_POINT('',(2.762831079706,0.791639932172));
#1125 = CARTESIAN_POINT('',(2.857123045573,1.629125644796));
#1126 = CARTESIAN_POINT('',(2.951415011441,2.499788746061));
#1127 = CARTESIAN_POINT('',(3.045706977308,3.389732044118));
#1128 = CARTESIAN_POINT('',(3.139998943176,4.28453076699));
#1129 = CARTESIAN_POINT('',(3.234290909043,5.170015286731));
#1130 = ( GEOMETRIC_REPRESENTATION_CONTEXT(2) 
PARAMETRIC_REPRESENTATION_CONTEXT() REPRESENTATION_CONTEXT('2D SPACE',''
  ) );
#1131 = ORIENTED_EDGE('',*,*,#1132,.T.);
#1132 = EDGE_CURVE('',#1100,#1133,#1135,.T.);
#1133 = VERTEX_POINT('',#1134);
#1134 = CARTESIAN_POINT('',(-42.83514340887,140.01875841889,
    29.971862371659));
#1135 = SURFACE_CURVE('',#1136,(#1140,#1146),.PCURVE_S1.);
#1136 = LINE('',#1137,#1138);
#1137 = CARTESIAN_POINT('',(-21.,140.01875841889,29.971862371659));
#1138 = VECTOR('',#1139,1.);
#1139 = DIRECTION('',(1.,0.,0.));
#1140 = PCURVE('',#215,#1141);
#1141 = DEFINITIONAL_REPRESENTATION('',(#1142),#1145);
#1142 = B_SPLINE_CURVE_WITH_KNOTS('',1,(#1143,#1144),.UNSPECIFIED.,.F.,
  .F.,(2,2),(-24.25,-17.75),.PIECEWISE_BEZIER_KNOTS.);
#1143 = CARTESIAN_POINT('',(36.021695534056,-45.25));
#1144 = CARTESIAN_POINT('',(36.021695534056,-38.75));
#1145 = ( GEOMETRIC_REPRESENTATION_CONTEXT(2) 
PARAMETRIC_REPRESENTATION_CONTEXT() REPRESENTATION_CONTEXT('2D SPACE',''
  ) );
#1146 = PCURVE('',#1147,#1152);
#1147 = PLANE('',#1148);
#1148 = AXIS2_PLACEMENT_3D('',#1149,#1150,#1151);
#1149 = CARTESIAN_POINT('',(-42.,138.58634978937,29.596707730596));
#1150 = DIRECTION('',(0.,-0.253359391838,0.96737222338));
#1151 = DIRECTION('',(1.,0.,0.));
#1152 = DEFINITIONAL_REPRESENTATION('',(#1153),#1156);
#1153 = B_SPLINE_CURVE_WITH_KNOTS('',1,(#1154,#1155),.UNSPECIFIED.,.F.,
  .F.,(2,2),(-24.25,-17.75),.PIECEWISE_BEZIER_KNOTS.);
#1154 = CARTESIAN_POINT('',(-3.25,1.480721272428));
#1155 = CARTESIAN_POINT('',(3.25,1.480721272428));
#1156 = ( GEOMETRIC_REPRESENTATION_CONTEXT(2) 
PARAMETRIC_REPRESENTATION_CONTEXT() REPRESENTATION_CONTEXT('2D SPACE',''
  ) );
#1157 = ORIENTED_EDGE('',*,*,#1158,.F.);
#1158 = EDGE_CURVE('',#1159,#1133,#1161,.T.);
#1159 = VERTEX_POINT('',#1160);
#1160 = CARTESIAN_POINT('',(-41.16485659112,140.01875841889,
    29.971862371659));
#1161 = SURFACE_CURVE('',#1162,(#1167,#1174),.PCURVE_S1.);
#1162 = ELLIPSE('',#1163,5.218024317477,1.7);
#1163 = AXIS2_PLACEMENT_3D('',#1164,#1165,#1166);
#1164 = CARTESIAN_POINT('',(-42.,137.49766573296,33.75350140056));
#1165 = DIRECTION('',(-0.,0.832050294338,0.554700196225));
#1166 = DIRECTION('',(0.,-0.554700196225,0.832050294338));
#1167 = PCURVE('',#215,#1168);
#1168 = DEFINITIONAL_REPRESENTATION('',(#1169),#1173);
#1169 = ELLIPSE('',#1170,5.218024317477,1.7);
#1170 = AXIS2_PLACEMENT_2D('',#1171,#1172);
#1171 = CARTESIAN_POINT('',(40.566660008722,-42.));
#1172 = DIRECTION('',(1.,0.));
#1173 = ( GEOMETRIC_REPRESENTATION_CONTEXT(2) 
PARAMETRIC_REPRESENTATION_CONTEXT() REPRESENTATION_CONTEXT('2D SPACE',''
  ) );
#1174 = PCURVE('',#1175,#1180);
#1175 = CYLINDRICAL_SURFACE('',#1176,1.7);
#1176 = AXIS2_PLACEMENT_3D('',#1177,#1178,#1179);
#1177 = CARTESIAN_POINT('',(-42.,145.20156351026,4.338618978138));
#1178 = DIRECTION('',(0.,-0.253359391838,0.96737222338));
#1179 = DIRECTION('',(1.,0.,0.));
#1180 = DEFINITIONAL_REPRESENTATION('',(#1181),#1189);
#1181 = B_SPLINE_CURVE_WITH_KNOTS('',6,(#1182,#1183,#1184,#1185,#1186,
    #1187,#1188),.UNSPECIFIED.,.F.,.F.,(7,7),(2.628055699227,
    3.655129607953),.PIECEWISE_BEZIER_KNOTS.);
#1182 = CARTESIAN_POINT('',(1.057259372432,26.1100006));
#1183 = CARTESIAN_POINT('',(1.228438357219,25.695139003572));
#1184 = CARTESIAN_POINT('',(1.399617342007,25.431371623887));
#1185 = CARTESIAN_POINT('',(1.570796326795,25.340576694906));
#1186 = CARTESIAN_POINT('',(1.741975311583,25.431371623887));
#1187 = CARTESIAN_POINT('',(1.91315429637,25.695139003572));
#1188 = CARTESIAN_POINT('',(2.084333281158,26.1100006));
#1189 = ( GEOMETRIC_REPRESENTATION_CONTEXT(2) 
PARAMETRIC_REPRESENTATION_CONTEXT() REPRESENTATION_CONTEXT('2D SPACE',''
  ) );
#1190 = ORIENTED_EDGE('',*,*,#1191,.T.);
#1191 = EDGE_CURVE('',#1159,#1192,#1194,.T.);
#1192 = VERTEX_POINT('',#1193);
#1193 = CARTESIAN_POINT('',(-39.10691090469,140.01875841889,
    29.971862371659));
#1194 = SURFACE_CURVE('',#1195,(#1199,#1205),.PCURVE_S1.);
#1195 = LINE('',#1196,#1197);
#1196 = CARTESIAN_POINT('',(-21.,140.01875841889,29.971862371659));
#1197 = VECTOR('',#1198,1.);
#1198 = DIRECTION('',(1.,0.,0.));
#1199 = PCURVE('',#215,#1200);
#1200 = DEFINITIONAL_REPRESENTATION('',(#1201),#1204);
#1201 = B_SPLINE_CURVE_WITH_KNOTS('',1,(#1202,#1203),.UNSPECIFIED.,.F.,
  .F.,(2,2),(-24.25,-17.75),.PIECEWISE_BEZIER_KNOTS.);
#1202 = CARTESIAN_POINT('',(36.021695534056,-45.25));
#1203 = CARTESIAN_POINT('',(36.021695534056,-38.75));
#1204 = ( GEOMETRIC_REPRESENTATION_CONTEXT(2) 
PARAMETRIC_REPRESENTATION_CONTEXT() REPRESENTATION_CONTEXT('2D SPACE',''
  ) );
#1205 = PCURVE('',#1147,#1206);
#1206 = DEFINITIONAL_REPRESENTATION('',(#1207),#1210);
#1207 = B_SPLINE_CURVE_WITH_KNOTS('',1,(#1208,#1209),.UNSPECIFIED.,.F.,
  .F.,(2,2),(-24.25,-17.75),.PIECEWISE_BEZIER_KNOTS.);
#1208 = CARTESIAN_POINT('',(-3.25,1.480721272428));
#1209 = CARTESIAN_POINT('',(3.25,1.480721272428));
#1210 = ( GEOMETRIC_REPRESENTATION_CONTEXT(2) 
PARAMETRIC_REPRESENTATION_CONTEXT() REPRESENTATION_CONTEXT('2D SPACE',''
  ) );
#1211 = ORIENTED_EDGE('',*,*,#1212,.F.);
#1212 = EDGE_CURVE('',#1213,#1192,#1215,.T.);
#1213 = VERTEX_POINT('',#1214);
#1214 = CARTESIAN_POINT('',(-39.10129845485,140.,30.));
#1215 = SURFACE_CURVE('',#1216,(#1221,#1228),.PCURVE_S1.);
#1216 = ELLIPSE('',#1217,9.975634724588,3.25);
#1217 = AXIS2_PLACEMENT_3D('',#1218,#1219,#1220);
#1218 = CARTESIAN_POINT('',(-42.,137.49766573296,33.75350140056));
#1219 = DIRECTION('',(-0.,0.832050294338,0.554700196225));
#1220 = DIRECTION('',(0.,-0.554700196225,0.832050294338));
#1221 = PCURVE('',#215,#1222);
#1222 = DEFINITIONAL_REPRESENTATION('',(#1223),#1227);
#1223 = ELLIPSE('',#1224,9.975634724588,3.25);
#1224 = AXIS2_PLACEMENT_2D('',#1225,#1226);
#1225 = CARTESIAN_POINT('',(40.566660008722,-42.));
#1226 = DIRECTION('',(1.,0.));
#1227 = ( GEOMETRIC_REPRESENTATION_CONTEXT(2) 
PARAMETRIC_REPRESENTATION_CONTEXT() REPRESENTATION_CONTEXT('2D SPACE',''
  ) );
#1228 = PCURVE('',#1116,#1229);
#1229 = DEFINITIONAL_REPRESENTATION('',(#1230),#1237);
#1230 = B_SPLINE_CURVE_WITH_KNOTS('',5,(#1231,#1232,#1233,#1234,#1235,
    #1236),.UNSPECIFIED.,.F.,.F.,(6,6),(1.570796326795,2.043849866547),
  .PIECEWISE_BEZIER_KNOTS.);
#1231 = CARTESIAN_POINT('',(0.,4.296995065084));
#1232 = CARTESIAN_POINT('',(9.461070795036E-02,3.404686231278));
#1233 = CARTESIAN_POINT('',(0.189221415901,2.512376729668));
#1234 = CARTESIAN_POINT('',(0.283832123851,1.636710722115));
#1235 = CARTESIAN_POINT('',(0.378442831801,0.794315973017));
#1236 = CARTESIAN_POINT('',(0.473053539752,-5.999999856954E-07));
#1237 = ( GEOMETRIC_REPRESENTATION_CONTEXT(2) 
PARAMETRIC_REPRESENTATION_CONTEXT() REPRESENTATION_CONTEXT('2D SPACE',''
  ) );
#1238 = ORIENTED_EDGE('',*,*,#1239,.T.);
#1239 = EDGE_CURVE('',#1213,#1240,#1242,.T.);
#1240 = VERTEX_POINT('',#1241);
#1241 = CARTESIAN_POINT('',(39.101298454851,140.,30.));
#1242 = SURFACE_CURVE('',#1243,(#1247,#1254),.PCURVE_S1.);
#1243 = LINE('',#1244,#1245);
#1244 = CARTESIAN_POINT('',(-48.5,140.,30.));
#1245 = VECTOR('',#1246,1.);
#1246 = DIRECTION('',(1.,0.,2.930073137155E-16));
#1247 = PCURVE('',#215,#1248);
#1248 = DEFINITIONAL_REPRESENTATION('',(#1249),#1253);
#1249 = LINE('',#1250,#1251);
#1250 = CARTESIAN_POINT('',(36.05551275464,-48.5));
#1251 = VECTOR('',#1252,1.);
#1252 = DIRECTION('',(2.437968216201E-16,1.));
#1253 = ( GEOMETRIC_REPRESENTATION_CONTEXT(2) 
PARAMETRIC_REPRESENTATION_CONTEXT() REPRESENTATION_CONTEXT('2D SPACE',''
  ) );
#1254 = PCURVE('',#1087,#1255);
#1255 = DEFINITIONAL_REPRESENTATION('',(#1256),#1260);
#1256 = LINE('',#1257,#1258);
#1257 = CARTESIAN_POINT('',(-2.863848644639E-14,-48.5));
#1258 = VECTOR('',#1259,1.);
#1259 = DIRECTION('',(-4.14374916931E-17,1.));
#1260 = ( GEOMETRIC_REPRESENTATION_CONTEXT(2) 
PARAMETRIC_REPRESENTATION_CONTEXT() REPRESENTATION_CONTEXT('2D SPACE',''
  ) );
#1261 = ORIENTED_EDGE('',*,*,#1262,.F.);
#1262 = EDGE_CURVE('',#1263,#1240,#1265,.T.);
#1263 = VERTEX_POINT('',#1264);
#1264 = CARTESIAN_POINT('',(39.106910904694,140.01875841889,
    29.971862371659));
#1265 = SURFACE_CURVE('',#1266,(#1271,#1278),.PCURVE_S1.);
#1266 = ELLIPSE('',#1267,9.975634724588,3.25);
#1267 = AXIS2_PLACEMENT_3D('',#1268,#1269,#1270);
#1268 = CARTESIAN_POINT('',(42.,137.49766573296,33.75350140056));
#1269 = DIRECTION('',(-0.,0.832050294338,0.554700196225));
#1270 = DIRECTION('',(0.,-0.554700196225,0.832050294338));
#1271 = PCURVE('',#215,#1272);
#1272 = DEFINITIONAL_REPRESENTATION('',(#1273),#1277);
#1273 = ELLIPSE('',#1274,9.975634724588,3.25);
#1274 = AXIS2_PLACEMENT_2D('',#1275,#1276);
#1275 = CARTESIAN_POINT('',(40.566660008722,42.));
#1276 = DIRECTION('',(1.,0.));
#1277 = ( GEOMETRIC_REPRESENTATION_CONTEXT(2) 
PARAMETRIC_REPRESENTATION_CONTEXT() REPRESENTATION_CONTEXT('2D SPACE',''
  ) );
#1278 = PCURVE('',#1279,#1284);
#1279 = CYLINDRICAL_SURFACE('',#1280,3.25);
#1280 = AXIS2_PLACEMENT_3D('',#1281,#1282,#1283);
#1281 = CARTESIAN_POINT('',(42.,138.58634978937,29.596707730596));
#1282 = DIRECTION('',(0.,-0.253359391838,0.96737222338));
#1283 = DIRECTION('',(1.,0.,0.));
#1284 = DEFINITIONAL_REPRESENTATION('',(#1285),#1293);
#1285 = B_SPLINE_CURVE_WITH_KNOTS('',6,(#1286,#1287,#1288,#1289,#1290,
    #1291,#1292),.UNSPECIFIED.,.F.,.F.,(7,7),(4.239335440633,
    4.805087235838),.PIECEWISE_BEZIER_KNOTS.);
#1286 = CARTESIAN_POINT('',(2.668539113838,-5.999999928008E-07));
#1287 = CARTESIAN_POINT('',(2.762831079706,0.791639932172));
#1288 = CARTESIAN_POINT('',(2.857123045573,1.629125644796));
#1289 = CARTESIAN_POINT('',(2.951415011441,2.499788746061));
#1290 = CARTESIAN_POINT('',(3.045706977308,3.389732044118));
#1291 = CARTESIAN_POINT('',(3.139998943176,4.28453076699));
#1292 = CARTESIAN_POINT('',(3.234290909043,5.170015286731));
#1293 = ( GEOMETRIC_REPRESENTATION_CONTEXT(2) 
PARAMETRIC_REPRESENTATION_CONTEXT() REPRESENTATION_CONTEXT('2D SPACE',''
  ) );
#1294 = ORIENTED_EDGE('',*,*,#1295,.T.);
#1295 = EDGE_CURVE('',#1263,#1296,#1298,.T.);
#1296 = VERTEX_POINT('',#1297);
#1297 = CARTESIAN_POINT('',(41.164856591129,140.01875841889,
    29.971862371659));
#1298 = SURFACE_CURVE('',#1299,(#1303,#1309),.PCURVE_S1.);
#1299 = LINE('',#1300,#1301);
#1300 = CARTESIAN_POINT('',(21.,140.01875841889,29.971862371659));
#1301 = VECTOR('',#1302,1.);
#1302 = DIRECTION('',(1.,0.,0.));
#1303 = PCURVE('',#215,#1304);
#1304 = DEFINITIONAL_REPRESENTATION('',(#1305),#1308);
#1305 = B_SPLINE_CURVE_WITH_KNOTS('',1,(#1306,#1307),.UNSPECIFIED.,.F.,
  .F.,(2,2),(17.75,24.25),.PIECEWISE_BEZIER_KNOTS.);
#1306 = CARTESIAN_POINT('',(36.021695534056,38.75));
#1307 = CARTESIAN_POINT('',(36.021695534056,45.25));
#1308 = ( GEOMETRIC_REPRESENTATION_CONTEXT(2) 
PARAMETRIC_REPRESENTATION_CONTEXT() REPRESENTATION_CONTEXT('2D SPACE',''
  ) );
#1309 = PCURVE('',#1310,#1315);
#1310 = PLANE('',#1311);
#1311 = AXIS2_PLACEMENT_3D('',#1312,#1313,#1314);
#1312 = CARTESIAN_POINT('',(42.,138.58634978937,29.596707730596));
#1313 = DIRECTION('',(0.,-0.253359391838,0.96737222338));
#1314 = DIRECTION('',(1.,0.,0.));
#1315 = DEFINITIONAL_REPRESENTATION('',(#1316),#1319);
#1316 = B_SPLINE_CURVE_WITH_KNOTS('',1,(#1317,#1318),.UNSPECIFIED.,.F.,
  .F.,(2,2),(17.75,24.25),.PIECEWISE_BEZIER_KNOTS.);
#1317 = CARTESIAN_POINT('',(-3.25,1.480721272428));
#1318 = CARTESIAN_POINT('',(3.25,1.480721272428));
#1319 = ( GEOMETRIC_REPRESENTATION_CONTEXT(2) 
PARAMETRIC_REPRESENTATION_CONTEXT() REPRESENTATION_CONTEXT('2D SPACE',''
  ) );
#1320 = ORIENTED_EDGE('',*,*,#1321,.F.);
#1321 = EDGE_CURVE('',#1322,#1296,#1324,.T.);
#1322 = VERTEX_POINT('',#1323);
#1323 = CARTESIAN_POINT('',(42.835143408871,140.01875841889,
    29.971862371659));
#1324 = SURFACE_CURVE('',#1325,(#1330,#1337),.PCURVE_S1.);
#1325 = ELLIPSE('',#1326,5.218024317477,1.7);
#1326 = AXIS2_PLACEMENT_3D('',#1327,#1328,#1329);
#1327 = CARTESIAN_POINT('',(42.,137.49766573296,33.75350140056));
#1328 = DIRECTION('',(-0.,0.832050294338,0.554700196225));
#1329 = DIRECTION('',(0.,-0.554700196225,0.832050294338));
#1330 = PCURVE('',#215,#1331);
#1331 = DEFINITIONAL_REPRESENTATION('',(#1332),#1336);
#1332 = ELLIPSE('',#1333,5.218024317477,1.7);
#1333 = AXIS2_PLACEMENT_2D('',#1334,#1335);
#1334 = CARTESIAN_POINT('',(40.566660008722,42.));
#1335 = DIRECTION('',(1.,0.));
#1336 = ( GEOMETRIC_REPRESENTATION_CONTEXT(2) 
PARAMETRIC_REPRESENTATION_CONTEXT() REPRESENTATION_CONTEXT('2D SPACE',''
  ) );
#1337 = PCURVE('',#1338,#1343);
#1338 = CYLINDRICAL_SURFACE('',#1339,1.7);
#1339 = AXIS2_PLACEMENT_3D('',#1340,#1341,#1342);
#1340 = CARTESIAN_POINT('',(42.,145.20156351026,4.338618978138));
#1341 = DIRECTION('',(0.,-0.253359391838,0.96737222338));
#1342 = DIRECTION('',(1.,0.,0.));
#1343 = DEFINITIONAL_REPRESENTATION('',(#1344),#1352);
#1344 = B_SPLINE_CURVE_WITH_KNOTS('',6,(#1345,#1346,#1347,#1348,#1349,
    #1350,#1351),.UNSPECIFIED.,.F.,.F.,(7,7),(2.628055699227,
    3.655129607953),.PIECEWISE_BEZIER_KNOTS.);
#1345 = CARTESIAN_POINT('',(1.057259372432,26.1100006));
#1346 = CARTESIAN_POINT('',(1.228438357219,25.695139003572));
#1347 = CARTESIAN_POINT('',(1.399617342007,25.431371623887));
#1348 = CARTESIAN_POINT('',(1.570796326795,25.340576694906));
#1349 = CARTESIAN_POINT('',(1.741975311583,25.431371623887));
#1350 = CARTESIAN_POINT('',(1.91315429637,25.695139003572));
#1351 = CARTESIAN_POINT('',(2.084333281158,26.1100006));
#1352 = ( GEOMETRIC_REPRESENTATION_CONTEXT(2) 
PARAMETRIC_REPRESENTATION_CONTEXT() REPRESENTATION_CONTEXT('2D SPACE',''
  ) );
#1353 = ORIENTED_EDGE('',*,*,#1354,.T.);
#1354 = EDGE_CURVE('',#1322,#1355,#1357,.T.);
#1355 = VERTEX_POINT('',#1356);
#1356 = CARTESIAN_POINT('',(44.893089095306,140.01875841889,
    29.971862371659));
#1357 = SURFACE_CURVE('',#1358,(#1362,#1368),.PCURVE_S1.);
#1358 = LINE('',#1359,#1360);
#1359 = CARTESIAN_POINT('',(21.,140.01875841889,29.971862371659));
#1360 = VECTOR('',#1361,1.);
#1361 = DIRECTION('',(1.,0.,0.));
#1362 = PCURVE('',#215,#1363);
#1363 = DEFINITIONAL_REPRESENTATION('',(#1364),#1367);
#1364 = B_SPLINE_CURVE_WITH_KNOTS('',1,(#1365,#1366),.UNSPECIFIED.,.F.,
  .F.,(2,2),(17.75,24.25),.PIECEWISE_BEZIER_KNOTS.);
#1365 = CARTESIAN_POINT('',(36.021695534056,38.75));
#1366 = CARTESIAN_POINT('',(36.021695534056,45.25));
#1367 = ( GEOMETRIC_REPRESENTATION_CONTEXT(2) 
PARAMETRIC_REPRESENTATION_CONTEXT() REPRESENTATION_CONTEXT('2D SPACE',''
  ) );
#1368 = PCURVE('',#1310,#1369);
#1369 = DEFINITIONAL_REPRESENTATION('',(#1370),#1373);
#1370 = B_SPLINE_CURVE_WITH_KNOTS('',1,(#1371,#1372),.UNSPECIFIED.,.F.,
  .F.,(2,2),(17.75,24.25),.PIECEWISE_BEZIER_KNOTS.);
#1371 = CARTESIAN_POINT('',(-3.25,1.480721272428));
#1372 = CARTESIAN_POINT('',(3.25,1.480721272428));
#1373 = ( GEOMETRIC_REPRESENTATION_CONTEXT(2) 
PARAMETRIC_REPRESENTATION_CONTEXT() REPRESENTATION_CONTEXT('2D SPACE',''
  ) );
#1374 = ORIENTED_EDGE('',*,*,#1375,.F.);
#1375 = EDGE_CURVE('',#1376,#1355,#1378,.T.);
#1376 = VERTEX_POINT('',#1377);
#1377 = CARTESIAN_POINT('',(44.89870154515,140.,30.));
#1378 = SURFACE_CURVE('',#1379,(#1384,#1391),.PCURVE_S1.);
#1379 = ELLIPSE('',#1380,9.975634724588,3.25);
#1380 = AXIS2_PLACEMENT_3D('',#1381,#1382,#1383);
#1381 = CARTESIAN_POINT('',(42.,137.49766573296,33.75350140056));
#1382 = DIRECTION('',(-0.,0.832050294338,0.554700196225));
#1383 = DIRECTION('',(0.,-0.554700196225,0.832050294338));
#1384 = PCURVE('',#215,#1385);
#1385 = DEFINITIONAL_REPRESENTATION('',(#1386),#1390);
#1386 = ELLIPSE('',#1387,9.975634724588,3.25);
#1387 = AXIS2_PLACEMENT_2D('',#1388,#1389);
#1388 = CARTESIAN_POINT('',(40.566660008722,42.));
#1389 = DIRECTION('',(1.,0.));
#1390 = ( GEOMETRIC_REPRESENTATION_CONTEXT(2) 
PARAMETRIC_REPRESENTATION_CONTEXT() REPRESENTATION_CONTEXT('2D SPACE',''
  ) );
#1391 = PCURVE('',#1279,#1392);
#1392 = DEFINITIONAL_REPRESENTATION('',(#1393),#1400);
#1393 = B_SPLINE_CURVE_WITH_KNOTS('',5,(#1394,#1395,#1396,#1397,#1398,
    #1399),.UNSPECIFIED.,.F.,.F.,(6,6),(1.570796326795,2.043849866547),
  .PIECEWISE_BEZIER_KNOTS.);
#1394 = CARTESIAN_POINT('',(0.,4.296995065084));
#1395 = CARTESIAN_POINT('',(9.461070795036E-02,3.404686231278));
#1396 = CARTESIAN_POINT('',(0.189221415901,2.512376729668));
#1397 = CARTESIAN_POINT('',(0.283832123851,1.636710722115));
#1398 = CARTESIAN_POINT('',(0.378442831801,0.794315973017));
#1399 = CARTESIAN_POINT('',(0.473053539752,-5.999999856954E-07));
#1400 = ( GEOMETRIC_REPRESENTATION_CONTEXT(2) 
PARAMETRIC_REPRESENTATION_CONTEXT() REPRESENTATION_CONTEXT('2D SPACE',''
  ) );
#1401 = ORIENTED_EDGE('',*,*,#1402,.T.);
#1402 = EDGE_CURVE('',#1376,#1403,#1405,.T.);
#1403 = VERTEX_POINT('',#1404);
#1404 = CARTESIAN_POINT('',(48.5,140.,30.));
#1405 = SURFACE_CURVE('',#1406,(#1410,#1417),.PCURVE_S1.);
#1406 = LINE('',#1407,#1408);
#1407 = CARTESIAN_POINT('',(-48.5,140.,30.));
#1408 = VECTOR('',#1409,1.);
#1409 = DIRECTION('',(1.,0.,2.930073137155E-16));
#1410 = PCURVE('',#215,#1411);
#1411 = DEFINITIONAL_REPRESENTATION('',(#1412),#1416);
#1412 = LINE('',#1413,#1414);
#1413 = CARTESIAN_POINT('',(36.05551275464,-48.5));
#1414 = VECTOR('',#1415,1.);
#1415 = DIRECTION('',(2.437968216201E-16,1.));
#1416 = ( GEOMETRIC_REPRESENTATION_CONTEXT(2) 
PARAMETRIC_REPRESENTATION_CONTEXT() REPRESENTATION_CONTEXT('2D SPACE',''
  ) );
#1417 = PCURVE('',#1087,#1418);
#1418 = DEFINITIONAL_REPRESENTATION('',(#1419),#1423);
#1419 = LINE('',#1420,#1421);
#1420 = CARTESIAN_POINT('',(-2.863848644639E-14,-48.5));
#1421 = VECTOR('',#1422,1.);
#1422 = DIRECTION('',(-4.14374916931E-17,1.));
#1423 = ( GEOMETRIC_REPRESENTATION_CONTEXT(2) 
PARAMETRIC_REPRESENTATION_CONTEXT() REPRESENTATION_CONTEXT('2D SPACE',''
  ) );
#1424 = ORIENTED_EDGE('',*,*,#1425,.F.);
#1425 = EDGE_CURVE('',#746,#1403,#1426,.T.);
#1426 = SURFACE_CURVE('',#1427,(#1431,#1438),.PCURVE_S1.);
#1427 = LINE('',#1428,#1429);
#1428 = CARTESIAN_POINT('',(51.316640186384,138.26811706438,
    32.597824403419));
#1429 = VECTOR('',#1430,1.);
#1430 = DIRECTION('',(-0.669839776773,0.411868042143,-0.617802063215));
#1431 = PCURVE('',#215,#1432);
#1432 = DEFINITIONAL_REPRESENTATION('',(#1433),#1437);
#1433 = LINE('',#1434,#1435);
#1434 = CARTESIAN_POINT('',(39.177709118367,51.316640186384));
#1435 = VECTOR('',#1436,1.);
#1436 = DIRECTION('',(-0.742505672337,-0.669839776773));
#1437 = ( GEOMETRIC_REPRESENTATION_CONTEXT(2) 
PARAMETRIC_REPRESENTATION_CONTEXT() REPRESENTATION_CONTEXT('2D SPACE',''
  ) );
#1438 = PCURVE('',#761,#1439);
#1439 = DEFINITIONAL_REPRESENTATION('',(#1440),#1444);
#1440 = LINE('',#1441,#1442);
#1441 = CARTESIAN_POINT('',(-206.7443353929,-2.92267058013));
#1442 = VECTOR('',#1443,1.);
#1443 = DIRECTION('',(-0.320358154109,0.94729649693));
#1444 = ( GEOMETRIC_REPRESENTATION_CONTEXT(2) 
PARAMETRIC_REPRESENTATION_CONTEXT() REPRESENTATION_CONTEXT('2D SPACE',''
  ) );
#1445 = ORIENTED_EDGE('',*,*,#951,.T.);
#1446 = ORIENTED_EDGE('',*,*,#978,.T.);
#1447 = ADVANCED_FACE('',(#1448,#1651),#403,.T.);
#1448 = FACE_BOUND('',#1449,.T.);
#1449 = EDGE_LOOP('',(#1450,#1451,#1452,#1473,#1499,#1525,#1551,#1577,
    #1606,#1632));
#1450 = ORIENTED_EDGE('',*,*,#537,.F.);
#1451 = ORIENTED_EDGE('',*,*,#388,.F.);
#1452 = ORIENTED_EDGE('',*,*,#1453,.F.);
#1453 = EDGE_CURVE('',#1454,#363,#1456,.T.);
#1454 = VERTEX_POINT('',#1455);
#1455 = CARTESIAN_POINT('',(-48.2,-7.149764027761,26.460776087967));
#1456 = SURFACE_CURVE('',#1457,(#1461,#1467),.PCURVE_S1.);
#1457 = LINE('',#1458,#1459);
#1458 = CARTESIAN_POINT('',(-30.,-7.149764027761,26.460776087967));
#1459 = VECTOR('',#1460,1.);
#1460 = DIRECTION('',(-1.,-0.,0.));
#1461 = PCURVE('',#403,#1462);
#1462 = DEFINITIONAL_REPRESENTATION('',(#1463),#1466);
#1463 = B_SPLINE_CURVE_WITH_KNOTS('',1,(#1464,#1465),.UNSPECIFIED.,.F.,
  .F.,(2,2),(5.,20.),.PIECEWISE_BEZIER_KNOTS.);
#1464 = CARTESIAN_POINT('',(152.11286872966,-35.));
#1465 = CARTESIAN_POINT('',(152.11286872966,-50.));
#1466 = ( GEOMETRIC_REPRESENTATION_CONTEXT(2) 
PARAMETRIC_REPRESENTATION_CONTEXT() REPRESENTATION_CONTEXT('2D SPACE',''
  ) );
#1467 = PCURVE('',#377,#1468);
#1468 = DEFINITIONAL_REPRESENTATION('',(#1469),#1472);
#1469 = B_SPLINE_CURVE_WITH_KNOTS('',1,(#1470,#1471),.UNSPECIFIED.,.F.,
  .F.,(2,2),(5.,20.),.PIECEWISE_BEZIER_KNOTS.);
#1470 = CARTESIAN_POINT('',(25.,-8.206466279136));
#1471 = CARTESIAN_POINT('',(10.,-8.206466279136));
#1472 = ( GEOMETRIC_REPRESENTATION_CONTEXT(2) 
PARAMETRIC_REPRESENTATION_CONTEXT() REPRESENTATION_CONTEXT('2D SPACE',''
  ) );
#1473 = ORIENTED_EDGE('',*,*,#1474,.F.);
#1474 = EDGE_CURVE('',#1475,#1454,#1477,.T.);
#1475 = VERTEX_POINT('',#1476);
#1476 = CARTESIAN_POINT('',(-48.2,117.5,59.107142857143));
#1477 = SURFACE_CURVE('',#1478,(#1482,#1488),.PCURVE_S1.);
#1478 = LINE('',#1479,#1480);
#1479 = CARTESIAN_POINT('',(-48.2,99.011074092521,54.26480511947));
#1480 = VECTOR('',#1481,1.);
#1481 = DIRECTION('',(0.,-0.96737222338,-0.253359391838));
#1482 = PCURVE('',#403,#1483);
#1483 = DEFINITIONAL_REPRESENTATION('',(#1484),#1487);
#1484 = B_SPLINE_CURVE_WITH_KNOTS('',1,(#1485,#1486),.UNSPECIFIED.,.F.,
  .F.,(2,2),(-19.11252510732,141.11535435193),.PIECEWISE_BEZIER_KNOTS.);
#1485 = CARTESIAN_POINT('',(23.258885727956,-48.2));
#1486 = CARTESIAN_POINT('',(183.48676518721,-48.2));
#1487 = ( GEOMETRIC_REPRESENTATION_CONTEXT(2) 
PARAMETRIC_REPRESENTATION_CONTEXT() REPRESENTATION_CONTEXT('2D SPACE',''
  ) );
#1488 = PCURVE('',#1489,#1494);
#1489 = PLANE('',#1490);
#1490 = AXIS2_PLACEMENT_3D('',#1491,#1492,#1493);
#1491 = CARTESIAN_POINT('',(-48.2,60.084596666577,35.654806945809));
#1492 = DIRECTION('',(-1.,-0.,-0.));
#1493 = DIRECTION('',(0.,-1.,0.));
#1494 = DEFINITIONAL_REPRESENTATION('',(#1495),#1498);
#1495 = B_SPLINE_CURVE_WITH_KNOTS('',1,(#1496,#1497),.UNSPECIFIED.,.F.,
  .F.,(2,2),(-19.11252510732,141.11535435193),.PIECEWISE_BEZIER_KNOTS.);
#1496 = CARTESIAN_POINT('',(-57.41540333342,23.452335911334));
#1497 = CARTESIAN_POINT('',(97.584596666577,-17.1429021839));
#1498 = ( GEOMETRIC_REPRESENTATION_CONTEXT(2) 
PARAMETRIC_REPRESENTATION_CONTEXT() REPRESENTATION_CONTEXT('2D SPACE',''
  ) );
#1499 = ORIENTED_EDGE('',*,*,#1500,.T.);
#1500 = EDGE_CURVE('',#1475,#1501,#1503,.T.);
#1501 = VERTEX_POINT('',#1502);
#1502 = CARTESIAN_POINT('',(-46.,117.5,59.107142857143));
#1503 = SURFACE_CURVE('',#1504,(#1508,#1514),.PCURVE_S1.);
#1504 = LINE('',#1505,#1506);
#1505 = CARTESIAN_POINT('',(-27.25,117.5,59.107142857143));
#1506 = VECTOR('',#1507,1.);
#1507 = DIRECTION('',(1.,0.,0.));
#1508 = PCURVE('',#403,#1509);
#1509 = DEFINITIONAL_REPRESENTATION('',(#1510),#1513);
#1510 = B_SPLINE_CURVE_WITH_KNOTS('',1,(#1511,#1512),.UNSPECIFIED.,.F.,
  .F.,(2,2),(-20.95,-2.25),.PIECEWISE_BEZIER_KNOTS.);
#1511 = CARTESIAN_POINT('',(23.258885727956,-48.2));
#1512 = CARTESIAN_POINT('',(23.258885727956,-29.5));
#1513 = ( GEOMETRIC_REPRESENTATION_CONTEXT(2) 
PARAMETRIC_REPRESENTATION_CONTEXT() REPRESENTATION_CONTEXT('2D SPACE',''
  ) );
#1514 = PCURVE('',#1515,#1520);
#1515 = PLANE('',#1516);
#1516 = AXIS2_PLACEMENT_3D('',#1517,#1518,#1519);
#1517 = CARTESIAN_POINT('',(-54.5,117.5,100.));
#1518 = DIRECTION('',(0.,-1.,0.));
#1519 = DIRECTION('',(1.,0.,0.));
#1520 = DEFINITIONAL_REPRESENTATION('',(#1521),#1524);
#1521 = B_SPLINE_CURVE_WITH_KNOTS('',1,(#1522,#1523),.UNSPECIFIED.,.F.,
  .F.,(2,2),(-20.95,-2.25),.PIECEWISE_BEZIER_KNOTS.);
#1522 = CARTESIAN_POINT('',(6.3,-40.89285714285));
#1523 = CARTESIAN_POINT('',(25.,-40.89285714285));
#1524 = ( GEOMETRIC_REPRESENTATION_CONTEXT(2) 
PARAMETRIC_REPRESENTATION_CONTEXT() REPRESENTATION_CONTEXT('2D SPACE',''
  ) );
#1525 = ORIENTED_EDGE('',*,*,#1526,.T.);
#1526 = EDGE_CURVE('',#1501,#1527,#1529,.T.);
#1527 = VERTEX_POINT('',#1528);
#1528 = CARTESIAN_POINT('',(-46.,125.16313888309,61.114155421764));
#1529 = SURFACE_CURVE('',#1530,(#1534,#1540),.PCURVE_S1.);
#1530 = LINE('',#1531,#1532);
#1531 = CARTESIAN_POINT('',(-46.,99.011074092521,54.26480511947));
#1532 = VECTOR('',#1533,1.);
#1533 = DIRECTION('',(-0.,0.96737222338,0.253359391838));
#1534 = PCURVE('',#403,#1535);
#1535 = DEFINITIONAL_REPRESENTATION('',(#1536),#1539);
#1536 = B_SPLINE_CURVE_WITH_KNOTS('',1,(#1537,#1538),.UNSPECIFIED.,.F.,
  .F.,(2,2),(-154.0699638906,34.652768078298),.PIECEWISE_BEZIER_KNOTS.);
#1537 = CARTESIAN_POINT('',(196.44137472589,-46.));
#1538 = CARTESIAN_POINT('',(7.718642756978,-46.));
#1539 = ( GEOMETRIC_REPRESENTATION_CONTEXT(2) 
PARAMETRIC_REPRESENTATION_CONTEXT() REPRESENTATION_CONTEXT('2D SPACE',''
  ) );
#1540 = PCURVE('',#1541,#1546);
#1541 = PLANE('',#1542);
#1542 = AXIS2_PLACEMENT_3D('',#1543,#1544,#1545);
#1543 = CARTESIAN_POINT('',(-46.,60.084596666577,35.654806945809));
#1544 = DIRECTION('',(-1.,-0.,-0.));
#1545 = DIRECTION('',(0.,-1.,0.));
#1546 = DEFINITIONAL_REPRESENTATION('',(#1547),#1550);
#1547 = B_SPLINE_CURVE_WITH_KNOTS('',1,(#1548,#1549),.UNSPECIFIED.,.F.,
  .F.,(2,2),(-154.0699638906,34.652768078298),.PIECEWISE_BEZIER_KNOTS.);
#1548 = CARTESIAN_POINT('',(110.11652609903,-20.42507417812));
#1549 = CARTESIAN_POINT('',(-72.44860272812,27.389602419471));
#1550 = ( GEOMETRIC_REPRESENTATION_CONTEXT(2) 
PARAMETRIC_REPRESENTATION_CONTEXT() REPRESENTATION_CONTEXT('2D SPACE',''
  ) );
#1551 = ORIENTED_EDGE('',*,*,#1552,.T.);
#1552 = EDGE_CURVE('',#1527,#1553,#1555,.T.);
#1553 = VERTEX_POINT('',#1554);
#1554 = CARTESIAN_POINT('',(-42.,125.16313888309,61.114155421764));
#1555 = SURFACE_CURVE('',#1556,(#1560,#1566),.PCURVE_S1.);
#1556 = LINE('',#1557,#1558);
#1557 = CARTESIAN_POINT('',(-23.5,125.16313888309,61.114155421764));
#1558 = VECTOR('',#1559,1.);
#1559 = DIRECTION('',(1.,0.,-0.));
#1560 = PCURVE('',#403,#1561);
#1561 = DEFINITIONAL_REPRESENTATION('',(#1562),#1565);
#1562 = B_SPLINE_CURVE_WITH_KNOTS('',1,(#1563,#1564),.UNSPECIFIED.,.F.,
  .F.,(2,2),(-22.5,-18.5),.PIECEWISE_BEZIER_KNOTS.);
#1563 = CARTESIAN_POINT('',(15.337282545758,-46.));
#1564 = CARTESIAN_POINT('',(15.337282545758,-42.));
#1565 = ( GEOMETRIC_REPRESENTATION_CONTEXT(2) 
PARAMETRIC_REPRESENTATION_CONTEXT() REPRESENTATION_CONTEXT('2D SPACE',''
  ) );
#1566 = PCURVE('',#1567,#1572);
#1567 = PLANE('',#1568);
#1568 = AXIS2_PLACEMENT_3D('',#1569,#1570,#1571);
#1569 = CARTESIAN_POINT('',(-47.,144.16509327092,-11.43876133175));
#1570 = DIRECTION('',(0.,0.96737222338,0.253359391838));
#1571 = DIRECTION('',(0.,-0.253359391838,0.96737222338));
#1572 = DEFINITIONAL_REPRESENTATION('',(#1573),#1576);
#1573 = B_SPLINE_CURVE_WITH_KNOTS('',1,(#1574,#1575),.UNSPECIFIED.,.F.,
  .F.,(2,2),(-22.5,-18.5),.PIECEWISE_BEZIER_KNOTS.);
#1574 = CARTESIAN_POINT('',(75.,1.));
#1575 = CARTESIAN_POINT('',(75.,5.));
#1576 = ( GEOMETRIC_REPRESENTATION_CONTEXT(2) 
PARAMETRIC_REPRESENTATION_CONTEXT() REPRESENTATION_CONTEXT('2D SPACE',''
  ) );
#1577 = ORIENTED_EDGE('',*,*,#1578,.T.);
#1578 = EDGE_CURVE('',#1553,#1579,#1581,.T.);
#1579 = VERTEX_POINT('',#1580);
#1580 = CARTESIAN_POINT('',(-42.,134.8368611169,63.647749340141));
#1581 = SURFACE_CURVE('',#1582,(#1587,#1594),.PCURVE_S1.);
#1582 = CIRCLE('',#1583,5.);
#1583 = AXIS2_PLACEMENT_3D('',#1584,#1585,#1586);
#1584 = CARTESIAN_POINT('',(-42.,130.,62.380952380952));
#1585 = DIRECTION('',(0.,-0.253359391838,0.96737222338));
#1586 = DIRECTION('',(1.,0.,0.));
#1587 = PCURVE('',#403,#1588);
#1588 = DEFINITIONAL_REPRESENTATION('',(#1589),#1593);
#1589 = CIRCLE('',#1590,5.);
#1590 = AXIS2_PLACEMENT_2D('',#1591,#1592);
#1591 = CARTESIAN_POINT('',(10.337282545758,-42.));
#1592 = DIRECTION('',(0.,1.));
#1593 = ( GEOMETRIC_REPRESENTATION_CONTEXT(2) 
PARAMETRIC_REPRESENTATION_CONTEXT() REPRESENTATION_CONTEXT('2D SPACE',''
  ) );
#1594 = PCURVE('',#1595,#1600);
#1595 = CYLINDRICAL_SURFACE('',#1596,5.);
#1596 = AXIS2_PLACEMENT_3D('',#1597,#1598,#1599);
#1597 = CARTESIAN_POINT('',(-42.,149.00195438782,-10.17196437256));
#1598 = DIRECTION('',(0.,-0.253359391838,0.96737222338));
#1599 = DIRECTION('',(1.,0.,0.));
#1600 = DEFINITIONAL_REPRESENTATION('',(#1601),#1605);
#1601 = LINE('',#1602,#1603);
#1602 = CARTESIAN_POINT('',(0.,75.));
#1603 = VECTOR('',#1604,1.);
#1604 = DIRECTION('',(1.,0.));
#1605 = ( GEOMETRIC_REPRESENTATION_CONTEXT(2) 
PARAMETRIC_REPRESENTATION_CONTEXT() REPRESENTATION_CONTEXT('2D SPACE',''
  ) );
#1606 = ORIENTED_EDGE('',*,*,#1607,.F.);
#1607 = EDGE_CURVE('',#1608,#1579,#1610,.T.);
#1608 = VERTEX_POINT('',#1609);
#1609 = CARTESIAN_POINT('',(-46.,134.8368611169,63.647749340141));
#1610 = SURFACE_CURVE('',#1611,(#1615,#1621),.PCURVE_S1.);
#1611 = LINE('',#1612,#1613);
#1612 = CARTESIAN_POINT('',(-23.5,134.8368611169,63.647749340141));
#1613 = VECTOR('',#1614,1.);
#1614 = DIRECTION('',(1.,0.,-0.));
#1615 = PCURVE('',#403,#1616);
#1616 = DEFINITIONAL_REPRESENTATION('',(#1617),#1620);
#1617 = B_SPLINE_CURVE_WITH_KNOTS('',1,(#1618,#1619),.UNSPECIFIED.,.F.,
  .F.,(2,2),(-22.5,-18.5),.PIECEWISE_BEZIER_KNOTS.);
#1618 = CARTESIAN_POINT('',(5.337282545758,-46.));
#1619 = CARTESIAN_POINT('',(5.337282545758,-42.));
#1620 = ( GEOMETRIC_REPRESENTATION_CONTEXT(2) 
PARAMETRIC_REPRESENTATION_CONTEXT() REPRESENTATION_CONTEXT('2D SPACE',''
  ) );
#1621 = PCURVE('',#1622,#1627);
#1622 = PLANE('',#1623);
#1623 = AXIS2_PLACEMENT_3D('',#1624,#1625,#1626);
#1624 = CARTESIAN_POINT('',(-47.,153.83881550472,-8.905167413378));
#1625 = DIRECTION('',(0.,0.96737222338,0.253359391838));
#1626 = DIRECTION('',(0.,-0.253359391838,0.96737222338));
#1627 = DEFINITIONAL_REPRESENTATION('',(#1628),#1631);
#1628 = B_SPLINE_CURVE_WITH_KNOTS('',1,(#1629,#1630),.UNSPECIFIED.,.F.,
  .F.,(2,2),(-22.5,-18.5),.PIECEWISE_BEZIER_KNOTS.);
#1629 = CARTESIAN_POINT('',(75.,1.));
#1630 = CARTESIAN_POINT('',(75.,5.));
#1631 = ( GEOMETRIC_REPRESENTATION_CONTEXT(2) 
PARAMETRIC_REPRESENTATION_CONTEXT() REPRESENTATION_CONTEXT('2D SPACE',''
  ) );
#1632 = ORIENTED_EDGE('',*,*,#1633,.T.);
#1633 = EDGE_CURVE('',#1608,#538,#1634,.T.);
#1634 = SURFACE_CURVE('',#1635,(#1639,#1645),.PCURVE_S1.);
#1635 = LINE('',#1636,#1637);
#1636 = CARTESIAN_POINT('',(-46.,99.011074092521,54.26480511947));
#1637 = VECTOR('',#1638,1.);
#1638 = DIRECTION('',(-0.,0.96737222338,0.253359391838));
#1639 = PCURVE('',#403,#1640);
#1640 = DEFINITIONAL_REPRESENTATION('',(#1641),#1644);
#1641 = B_SPLINE_CURVE_WITH_KNOTS('',1,(#1642,#1643),.UNSPECIFIED.,.F.,
  .F.,(2,2),(32.001121933032,42.371410835276),.PIECEWISE_BEZIER_KNOTS.);
#1642 = CARTESIAN_POINT('',(10.370288902244,-46.));
#1643 = CARTESIAN_POINT('',(0.,-46.));
#1644 = ( GEOMETRIC_REPRESENTATION_CONTEXT(2) 
PARAMETRIC_REPRESENTATION_CONTEXT() REPRESENTATION_CONTEXT('2D SPACE',''
  ) );
#1645 = PCURVE('',#576,#1646);
#1646 = DEFINITIONAL_REPRESENTATION('',(#1647),#1650);
#1647 = B_SPLINE_CURVE_WITH_KNOTS('',1,(#1648,#1649),.UNSPECIFIED.,.F.,
  .F.,(2,2),(32.001121933032,42.371410835276),.PIECEWISE_BEZIER_KNOTS.);
#1648 = CARTESIAN_POINT('',(-69.88347390096,26.717782964737));
#1649 = CARTESIAN_POINT('',(-79.91540333342,29.345193054191));
#1650 = ( GEOMETRIC_REPRESENTATION_CONTEXT(2) 
PARAMETRIC_REPRESENTATION_CONTEXT() REPRESENTATION_CONTEXT('2D SPACE',''
  ) );
#1651 = FACE_BOUND('',#1652,.T.);
#1652 = EDGE_LOOP('',(#1653));
#1653 = ORIENTED_EDGE('',*,*,#1654,.F.);
#1654 = EDGE_CURVE('',#1655,#1655,#1657,.T.);
#1655 = VERTEX_POINT('',#1656);
#1656 = CARTESIAN_POINT('',(-40.3,130.,62.380952380952));
#1657 = SURFACE_CURVE('',#1658,(#1663,#1670),.PCURVE_S1.);
#1658 = CIRCLE('',#1659,1.7);
#1659 = AXIS2_PLACEMENT_3D('',#1660,#1661,#1662);
#1660 = CARTESIAN_POINT('',(-42.,130.,62.380952380952));
#1661 = DIRECTION('',(0.,-0.253359391838,0.96737222338));
#1662 = DIRECTION('',(1.,0.,0.));
#1663 = PCURVE('',#403,#1664);
#1664 = DEFINITIONAL_REPRESENTATION('',(#1665),#1669);
#1665 = CIRCLE('',#1666,1.7);
#1666 = AXIS2_PLACEMENT_2D('',#1667,#1668);
#1667 = CARTESIAN_POINT('',(10.337282545758,-42.));
#1668 = DIRECTION('',(0.,1.));
#1669 = ( GEOMETRIC_REPRESENTATION_CONTEXT(2) 
PARAMETRIC_REPRESENTATION_CONTEXT() REPRESENTATION_CONTEXT('2D SPACE',''
  ) );
#1670 = PCURVE('',#1671,#1676);
#1671 = CYLINDRICAL_SURFACE('',#1672,1.7);
#1672 = AXIS2_PLACEMENT_3D('',#1673,#1674,#1675);
#1673 = CARTESIAN_POINT('',(-42.,145.20156351026,4.338618978138));
#1674 = DIRECTION('',(0.,-0.253359391838,0.96737222338));
#1675 = DIRECTION('',(1.,0.,0.));
#1676 = DEFINITIONAL_REPRESENTATION('',(#1677),#1681);
#1677 = LINE('',#1678,#1679);
#1678 = CARTESIAN_POINT('',(0.,60.));
#1679 = VECTOR('',#1680,1.);
#1680 = DIRECTION('',(1.,0.));
#1681 = ( GEOMETRIC_REPRESENTATION_CONTEXT(2) 
PARAMETRIC_REPRESENTATION_CONTEXT() REPRESENTATION_CONTEXT('2D SPACE',''
  ) );
#1682 = ADVANCED_FACE('',(#1683),#377,.F.);
#1683 = FACE_BOUND('',#1684,.F.);
#1684 = EDGE_LOOP('',(#1685,#1708,#1709,#1710,#1731,#1757));
#1685 = ORIENTED_EDGE('',*,*,#1686,.F.);
#1686 = EDGE_CURVE('',#336,#1687,#1689,.T.);
#1687 = VERTEX_POINT('',#1688);
#1688 = CARTESIAN_POINT('',(-45.,-5.98919443665,18.336788950189));
#1689 = SURFACE_CURVE('',#1690,(#1694,#1701),.PCURVE_S1.);
#1690 = LINE('',#1691,#1692);
#1691 = CARTESIAN_POINT('',(-47.5,-5.98919443665,18.336788950189));
#1692 = VECTOR('',#1693,1.);
#1693 = DIRECTION('',(1.,0.,0.));
#1694 = PCURVE('',#377,#1695);
#1695 = DEFINITIONAL_REPRESENTATION('',(#1696),#1700);
#1696 = LINE('',#1697,#1698);
#1697 = CARTESIAN_POINT('',(12.5,0.));
#1698 = VECTOR('',#1699,1.);
#1699 = DIRECTION('',(1.,0.));
#1700 = ( GEOMETRIC_REPRESENTATION_CONTEXT(2) 
PARAMETRIC_REPRESENTATION_CONTEXT() REPRESENTATION_CONTEXT('2D SPACE',''
  ) );
#1701 = PCURVE('',#350,#1702);
#1702 = DEFINITIONAL_REPRESENTATION('',(#1703),#1707);
#1703 = LINE('',#1704,#1705);
#1704 = CARTESIAN_POINT('',(0.,5.5));
#1705 = VECTOR('',#1706,1.);
#1706 = DIRECTION('',(1.,0.));
#1707 = ( GEOMETRIC_REPRESENTATION_CONTEXT(2) 
PARAMETRIC_REPRESENTATION_CONTEXT() REPRESENTATION_CONTEXT('2D SPACE',''
  ) );
#1708 = ORIENTED_EDGE('',*,*,#362,.F.);
#1709 = ORIENTED_EDGE('',*,*,#1453,.F.);
#1710 = ORIENTED_EDGE('',*,*,#1711,.F.);
#1711 = EDGE_CURVE('',#1712,#1454,#1714,.T.);
#1712 = VERTEX_POINT('',#1713);
#1713 = CARTESIAN_POINT('',(-48.2,-7.425173863827,28.388644940426));
#1714 = SURFACE_CURVE('',#1715,(#1719,#1725),.PCURVE_S1.);
#1715 = LINE('',#1716,#1717);
#1716 = CARTESIAN_POINT('',(-48.2,-6.540717785311,22.197452390817));
#1717 = VECTOR('',#1718,1.);
#1718 = DIRECTION('',(0.,0.141421356237,-0.989949493661));
#1719 = PCURVE('',#377,#1720);
#1720 = DEFINITIONAL_REPRESENTATION('',(#1721),#1724);
#1721 = B_SPLINE_CURVE_WITH_KNOTS('',1,(#1722,#1723),.UNSPECIFIED.,.F.,
  .F.,(2,2),(-8.60014100179,3.722965315414),.PIECEWISE_BEZIER_KNOTS.);
#1722 = CARTESIAN_POINT('',(11.8,-12.5));
#1723 = CARTESIAN_POINT('',(11.8,-0.176893682796));
#1724 = ( GEOMETRIC_REPRESENTATION_CONTEXT(2) 
PARAMETRIC_REPRESENTATION_CONTEXT() REPRESENTATION_CONTEXT('2D SPACE',''
  ) );
#1725 = PCURVE('',#1489,#1726);
#1726 = DEFINITIONAL_REPRESENTATION('',(#1727),#1730);
#1727 = B_SPLINE_CURVE_WITH_KNOTS('',1,(#1728,#1729),.UNSPECIFIED.,.F.,
  .F.,(2,2),(-8.60014100179,3.722965315414),.PIECEWISE_BEZIER_KNOTS.);
#1728 = CARTESIAN_POINT('',(67.841558056193,-4.943649324855));
#1729 = CARTESIAN_POINT('',(66.098807647758,-17.1429021839));
#1730 = ( GEOMETRIC_REPRESENTATION_CONTEXT(2) 
PARAMETRIC_REPRESENTATION_CONTEXT() REPRESENTATION_CONTEXT('2D SPACE',''
  ) );
#1731 = ORIENTED_EDGE('',*,*,#1732,.F.);
#1732 = EDGE_CURVE('',#1733,#1712,#1735,.T.);
#1733 = VERTEX_POINT('',#1734);
#1734 = CARTESIAN_POINT('',(-45.,-7.425173863827,28.388644940426));
#1735 = SURFACE_CURVE('',#1736,(#1740,#1746),.PCURVE_S1.);
#1736 = LINE('',#1737,#1738);
#1737 = CARTESIAN_POINT('',(-30.,-7.425173863827,28.388644940426));
#1738 = VECTOR('',#1739,1.);
#1739 = DIRECTION('',(-1.,-0.,0.));
#1740 = PCURVE('',#377,#1741);
#1741 = DEFINITIONAL_REPRESENTATION('',(#1742),#1745);
#1742 = B_SPLINE_CURVE_WITH_KNOTS('',1,(#1743,#1744),.UNSPECIFIED.,.F.,
  .F.,(2,2),(15.,18.2),.PIECEWISE_BEZIER_KNOTS.);
#1743 = CARTESIAN_POINT('',(15.,-10.15390790601));
#1744 = CARTESIAN_POINT('',(11.8,-10.15390790601));
#1745 = ( GEOMETRIC_REPRESENTATION_CONTEXT(2) 
PARAMETRIC_REPRESENTATION_CONTEXT() REPRESENTATION_CONTEXT('2D SPACE',''
  ) );
#1746 = PCURVE('',#1747,#1752);
#1747 = PLANE('',#1748);
#1748 = AXIS2_PLACEMENT_3D('',#1749,#1750,#1751);
#1749 = CARTESIAN_POINT('',(0.,140.,67.));
#1750 = DIRECTION('',(0.,-0.253359391838,0.96737222338));
#1751 = DIRECTION('',(0.,-0.96737222338,-0.253359391838));
#1752 = DEFINITIONAL_REPRESENTATION('',(#1753),#1756);
#1753 = B_SPLINE_CURVE_WITH_KNOTS('',1,(#1754,#1755),.UNSPECIFIED.,.F.,
  .F.,(2,2),(15.,18.2),.PIECEWISE_BEZIER_KNOTS.);
#1754 = CARTESIAN_POINT('',(152.39756765879,-45.));
#1755 = CARTESIAN_POINT('',(152.39756765879,-48.2));
#1756 = ( GEOMETRIC_REPRESENTATION_CONTEXT(2) 
PARAMETRIC_REPRESENTATION_CONTEXT() REPRESENTATION_CONTEXT('2D SPACE',''
  ) );
#1757 = ORIENTED_EDGE('',*,*,#1758,.T.);
#1758 = EDGE_CURVE('',#1733,#1687,#1759,.T.);
#1759 = SURFACE_CURVE('',#1760,(#1764,#1770),.PCURVE_S1.);
#1760 = LINE('',#1761,#1762);
#1761 = CARTESIAN_POINT('',(-45.,-6.540717785311,22.197452390817));
#1762 = VECTOR('',#1763,1.);
#1763 = DIRECTION('',(0.,0.141421356237,-0.989949493661));
#1764 = PCURVE('',#377,#1765);
#1765 = DEFINITIONAL_REPRESENTATION('',(#1766),#1769);
#1766 = B_SPLINE_CURVE_WITH_KNOTS('',1,(#1767,#1768),.UNSPECIFIED.,.F.,
  .F.,(2,2),(-8.60014100179,3.89985899821),.PIECEWISE_BEZIER_KNOTS.);
#1767 = CARTESIAN_POINT('',(15.,-12.5));
#1768 = CARTESIAN_POINT('',(15.,0.));
#1769 = ( GEOMETRIC_REPRESENTATION_CONTEXT(2) 
PARAMETRIC_REPRESENTATION_CONTEXT() REPRESENTATION_CONTEXT('2D SPACE',''
  ) );
#1770 = PCURVE('',#1771,#1776);
#1771 = PLANE('',#1772);
#1772 = AXIS2_PLACEMENT_3D('',#1773,#1774,#1775);
#1773 = CARTESIAN_POINT('',(-45.,60.084596666577,35.654806945809));
#1774 = DIRECTION('',(-1.,-0.,-0.));
#1775 = DIRECTION('',(0.,-1.,0.));
#1776 = DEFINITIONAL_REPRESENTATION('',(#1777),#1780);
#1777 = B_SPLINE_CURVE_WITH_KNOTS('',1,(#1778,#1779),.UNSPECIFIED.,.F.,
  .F.,(2,2),(-8.60014100179,3.89985899821),.PIECEWISE_BEZIER_KNOTS.);
#1778 = CARTESIAN_POINT('',(67.841558056193,-4.943649324855));
#1779 = CARTESIAN_POINT('',(66.073791103227,-17.31801799562));
#1780 = ( GEOMETRIC_REPRESENTATION_CONTEXT(2) 
PARAMETRIC_REPRESENTATION_CONTEXT() REPRESENTATION_CONTEXT('2D SPACE',''
  ) );
#1781 = ADVANCED_FACE('',(#1782),#350,.T.);
#1782 = FACE_BOUND('',#1783,.T.);
#1783 = EDGE_LOOP('',(#1784,#1785,#1808,#1835,#1862,#1890,#1917,#1945,
    #1973,#2000,#2028,#2048));
#1784 = ORIENTED_EDGE('',*,*,#335,.F.);
#1785 = ORIENTED_EDGE('',*,*,#1786,.T.);
#1786 = EDGE_CURVE('',#310,#1787,#1789,.T.);
#1787 = VERTEX_POINT('',#1788);
#1788 = CARTESIAN_POINT('',(-45.,-16.87863886692,16.781154031579));
#1789 = SURFACE_CURVE('',#1790,(#1794,#1801),.PCURVE_S1.);
#1790 = LINE('',#1791,#1792);
#1791 = CARTESIAN_POINT('',(-47.5,-16.87863886692,16.781154031579));
#1792 = VECTOR('',#1793,1.);
#1793 = DIRECTION('',(1.,0.,0.));
#1794 = PCURVE('',#350,#1795);
#1795 = DEFINITIONAL_REPRESENTATION('',(#1796),#1800);
#1796 = LINE('',#1797,#1798);
#1797 = CARTESIAN_POINT('',(0.,-5.5));
#1798 = VECTOR('',#1799,1.);
#1799 = DIRECTION('',(1.,0.));
#1800 = ( GEOMETRIC_REPRESENTATION_CONTEXT(2) 
PARAMETRIC_REPRESENTATION_CONTEXT() REPRESENTATION_CONTEXT('2D SPACE',''
  ) );
#1801 = PCURVE('',#324,#1802);
#1802 = DEFINITIONAL_REPRESENTATION('',(#1803),#1807);
#1803 = LINE('',#1804,#1805);
#1804 = CARTESIAN_POINT('',(12.5,0.));
#1805 = VECTOR('',#1806,1.);
#1806 = DIRECTION('',(1.,0.));
#1807 = ( GEOMETRIC_REPRESENTATION_CONTEXT(2) 
PARAMETRIC_REPRESENTATION_CONTEXT() REPRESENTATION_CONTEXT('2D SPACE',''
  ) );
#1808 = ORIENTED_EDGE('',*,*,#1809,.F.);
#1809 = EDGE_CURVE('',#1810,#1787,#1812,.T.);
#1810 = VERTEX_POINT('',#1811);
#1811 = CARTESIAN_POINT('',(-45.,-37.5,13.835245298282));
#1812 = SURFACE_CURVE('',#1813,(#1817,#1824),.PCURVE_S1.);
#1813 = LINE('',#1814,#1815);
#1814 = CARTESIAN_POINT('',(-45.,22.278245935196,22.374994717596));
#1815 = VECTOR('',#1816,1.);
#1816 = DIRECTION('',(-0.,0.989949493661,0.141421356237));
#1817 = PCURVE('',#350,#1818);
#1818 = DEFINITIONAL_REPRESENTATION('',(#1819),#1823);
#1819 = LINE('',#1820,#1821);
#1820 = CARTESIAN_POINT('',(2.5,34.054426819598));
#1821 = VECTOR('',#1822,1.);
#1822 = DIRECTION('',(0.,1.));
#1823 = ( GEOMETRIC_REPRESENTATION_CONTEXT(2) 
PARAMETRIC_REPRESENTATION_CONTEXT() REPRESENTATION_CONTEXT('2D SPACE',''
  ) );
#1824 = PCURVE('',#1825,#1830);
#1825 = PLANE('',#1826);
#1826 = AXIS2_PLACEMENT_3D('',#1827,#1828,#1829);
#1827 = CARTESIAN_POINT('',(-45.,60.084596666577,35.654806945809));
#1828 = DIRECTION('',(-1.,-0.,-0.));
#1829 = DIRECTION('',(0.,-1.,0.));
#1830 = DEFINITIONAL_REPRESENTATION('',(#1831),#1834);
#1831 = B_SPLINE_CURVE_WITH_KNOTS('',1,(#1832,#1833),.UNSPECIFIED.,.F.,
  .F.,(2,2),(-60.3851472403,-9.254426819598),.PIECEWISE_BEZIER_KNOTS.);
#1832 = CARTESIAN_POINT('',(97.584596666577,-21.81956164752));
#1833 = CARTESIAN_POINT('',(46.967765875567,-14.58858582024));
#1834 = ( GEOMETRIC_REPRESENTATION_CONTEXT(2) 
PARAMETRIC_REPRESENTATION_CONTEXT() REPRESENTATION_CONTEXT('2D SPACE',''
  ) );
#1835 = ORIENTED_EDGE('',*,*,#1836,.T.);
#1836 = EDGE_CURVE('',#1810,#1837,#1839,.T.);
#1837 = VERTEX_POINT('',#1838);
#1838 = CARTESIAN_POINT('',(-46.,-37.5,13.835245298282));
#1839 = SURFACE_CURVE('',#1840,(#1844,#1851),.PCURVE_S1.);
#1840 = LINE('',#1841,#1842);
#1841 = CARTESIAN_POINT('',(-29.525,-37.5,13.835245298282));
#1842 = VECTOR('',#1843,1.);
#1843 = DIRECTION('',(-1.,0.,0.));
#1844 = PCURVE('',#350,#1845);
#1845 = DEFINITIONAL_REPRESENTATION('',(#1846),#1850);
#1846 = LINE('',#1847,#1848);
#1847 = CARTESIAN_POINT('',(17.975,-26.3307204207));
#1848 = VECTOR('',#1849,1.);
#1849 = DIRECTION('',(-1.,0.));
#1850 = ( GEOMETRIC_REPRESENTATION_CONTEXT(2) 
PARAMETRIC_REPRESENTATION_CONTEXT() REPRESENTATION_CONTEXT('2D SPACE',''
  ) );
#1851 = PCURVE('',#1852,#1857);
#1852 = PLANE('',#1853);
#1853 = AXIS2_PLACEMENT_3D('',#1854,#1855,#1856);
#1854 = CARTESIAN_POINT('',(-54.5,-37.5,100.));
#1855 = DIRECTION('',(0.,-1.,0.));
#1856 = DIRECTION('',(1.,0.,0.));
#1857 = DEFINITIONAL_REPRESENTATION('',(#1858),#1861);
#1858 = B_SPLINE_CURVE_WITH_KNOTS('',1,(#1859,#1860),.UNSPECIFIED.,.F.,
  .F.,(2,2),(15.475,16.475),.PIECEWISE_BEZIER_KNOTS.);
#1859 = CARTESIAN_POINT('',(9.5,-86.16475470171));
#1860 = CARTESIAN_POINT('',(8.5,-86.16475470171));
#1861 = ( GEOMETRIC_REPRESENTATION_CONTEXT(2) 
PARAMETRIC_REPRESENTATION_CONTEXT() REPRESENTATION_CONTEXT('2D SPACE',''
  ) );
#1862 = ORIENTED_EDGE('',*,*,#1863,.F.);
#1863 = EDGE_CURVE('',#1864,#1837,#1866,.T.);
#1864 = VERTEX_POINT('',#1865);
#1865 = CARTESIAN_POINT('',(-46.,-44.21278695215,12.876275733688));
#1866 = SURFACE_CURVE('',#1867,(#1871,#1878),.PCURVE_S1.);
#1867 = LINE('',#1868,#1869);
#1868 = CARTESIAN_POINT('',(-46.,-46.37913377802,12.566797615707));
#1869 = VECTOR('',#1870,1.);
#1870 = DIRECTION('',(0.,0.989949493661,0.141421356237));
#1871 = PCURVE('',#350,#1872);
#1872 = DEFINITIONAL_REPRESENTATION('',(#1873),#1877);
#1873 = LINE('',#1874,#1875);
#1874 = CARTESIAN_POINT('',(1.5,-35.3));
#1875 = VECTOR('',#1876,1.);
#1876 = DIRECTION('',(0.,1.));
#1877 = ( GEOMETRIC_REPRESENTATION_CONTEXT(2) 
PARAMETRIC_REPRESENTATION_CONTEXT() REPRESENTATION_CONTEXT('2D SPACE',''
  ) );
#1878 = PCURVE('',#1879,#1884);
#1879 = PLANE('',#1880);
#1880 = AXIS2_PLACEMENT_3D('',#1881,#1882,#1883);
#1881 = CARTESIAN_POINT('',(-46.,60.084596666577,35.654806945809));
#1882 = DIRECTION('',(-1.,-0.,-0.));
#1883 = DIRECTION('',(0.,-1.,0.));
#1884 = DEFINITIONAL_REPRESENTATION('',(#1885),#1889);
#1885 = LINE('',#1886,#1887);
#1886 = CARTESIAN_POINT('',(106.4637304446,-23.0880093301));
#1887 = VECTOR('',#1888,1.);
#1888 = DIRECTION('',(-0.989949493661,0.141421356237));
#1889 = ( GEOMETRIC_REPRESENTATION_CONTEXT(2) 
PARAMETRIC_REPRESENTATION_CONTEXT() REPRESENTATION_CONTEXT('2D SPACE',''
  ) );
#1890 = ORIENTED_EDGE('',*,*,#1891,.T.);
#1891 = EDGE_CURVE('',#1864,#1892,#1894,.T.);
#1892 = VERTEX_POINT('',#1893);
#1893 = CARTESIAN_POINT('',(-44.5,-44.21278695215,12.876275733688));
#1894 = SURFACE_CURVE('',#1895,(#1899,#1906),.PCURVE_S1.);
#1895 = LINE('',#1896,#1897);
#1896 = CARTESIAN_POINT('',(-25.775,-44.21278695215,12.876275733688));
#1897 = VECTOR('',#1898,1.);
#1898 = DIRECTION('',(1.,0.,-0.));
#1899 = PCURVE('',#350,#1900);
#1900 = DEFINITIONAL_REPRESENTATION('',(#1901),#1905);
#1901 = LINE('',#1902,#1903);
#1902 = CARTESIAN_POINT('',(21.725,-33.11165924146));
#1903 = VECTOR('',#1904,1.);
#1904 = DIRECTION('',(1.,0.));
#1905 = ( GEOMETRIC_REPRESENTATION_CONTEXT(2) 
PARAMETRIC_REPRESENTATION_CONTEXT() REPRESENTATION_CONTEXT('2D SPACE',''
  ) );
#1906 = PCURVE('',#1907,#1912);
#1907 = PLANE('',#1908);
#1908 = AXIS2_PLACEMENT_3D('',#1909,#1910,#1911);
#1909 = CARTESIAN_POINT('',(-47.,-26.16118449527,-56.04802455623));
#1910 = DIRECTION('',(0.,0.96737222338,0.253359391838));
#1911 = DIRECTION('',(0.,-0.253359391838,0.96737222338));
#1912 = DEFINITIONAL_REPRESENTATION('',(#1913),#1916);
#1913 = B_SPLINE_CURVE_WITH_KNOTS('',1,(#1914,#1915),.UNSPECIFIED.,.F.,
  .F.,(2,2),(-20.225,-16.225),.PIECEWISE_BEZIER_KNOTS.);
#1914 = CARTESIAN_POINT('',(71.248996636563,1.));
#1915 = CARTESIAN_POINT('',(71.248996636563,5.));
#1916 = ( GEOMETRIC_REPRESENTATION_CONTEXT(2) 
PARAMETRIC_REPRESENTATION_CONTEXT() REPRESENTATION_CONTEXT('2D SPACE',''
  ) );
#1917 = ORIENTED_EDGE('',*,*,#1918,.T.);
#1918 = EDGE_CURVE('',#1892,#1919,#1921,.T.);
#1919 = VERTEX_POINT('',#1920);
#1920 = CARTESIAN_POINT('',(-44.5,11.631906550519,20.854089091214));
#1921 = SURFACE_CURVE('',#1922,(#1926,#1933),.PCURVE_S1.);
#1922 = LINE('',#1923,#1924);
#1923 = CARTESIAN_POINT('',(-44.5,-44.21278695215,12.876275733688));
#1924 = VECTOR('',#1925,1.);
#1925 = DIRECTION('',(0.,0.989949493661,0.141421356237));
#1926 = PCURVE('',#350,#1927);
#1927 = DEFINITIONAL_REPRESENTATION('',(#1928),#1932);
#1928 = LINE('',#1929,#1930);
#1929 = CARTESIAN_POINT('',(3.,-33.11165924146));
#1930 = VECTOR('',#1931,1.);
#1931 = DIRECTION('',(0.,1.));
#1932 = ( GEOMETRIC_REPRESENTATION_CONTEXT(2) 
PARAMETRIC_REPRESENTATION_CONTEXT() REPRESENTATION_CONTEXT('2D SPACE',''
  ) );
#1933 = PCURVE('',#1934,#1939);
#1934 = PLANE('',#1935);
#1935 = AXIS2_PLACEMENT_3D('',#1936,#1937,#1938);
#1936 = CARTESIAN_POINT('',(-44.5,-44.66793536755,11.195010460205));
#1937 = DIRECTION('',(-1.,0.,0.));
#1938 = DIRECTION('',(0.,0.989949493661,0.141421356237));
#1939 = DEFINITIONAL_REPRESENTATION('',(#1940),#1944);
#1940 = LINE('',#1941,#1942);
#1941 = CARTESIAN_POINT('',(0.688340758534,-1.6));
#1942 = VECTOR('',#1943,1.);
#1943 = DIRECTION('',(1.,-5.551115123126E-17));
#1944 = ( GEOMETRIC_REPRESENTATION_CONTEXT(2) 
PARAMETRIC_REPRESENTATION_CONTEXT() REPRESENTATION_CONTEXT('2D SPACE',''
  ) );
#1945 = ORIENTED_EDGE('',*,*,#1946,.T.);
#1946 = EDGE_CURVE('',#1919,#1947,#1949,.T.);
#1947 = VERTEX_POINT('',#1948);
#1948 = CARTESIAN_POINT('',(3.,11.631906550519,20.854089091214));
#1949 = SURFACE_CURVE('',#1950,(#1954,#1961),.PCURVE_S1.);
#1950 = LINE('',#1951,#1952);
#1951 = CARTESIAN_POINT('',(-4.55,11.631906550519,20.854089091214));
#1952 = VECTOR('',#1953,1.);
#1953 = DIRECTION('',(1.,0.,0.));
#1954 = PCURVE('',#350,#1955);
#1955 = DEFINITIONAL_REPRESENTATION('',(#1956),#1960);
#1956 = LINE('',#1957,#1958);
#1957 = CARTESIAN_POINT('',(42.95,23.3));
#1958 = VECTOR('',#1959,1.);
#1959 = DIRECTION('',(1.,0.));
#1960 = ( GEOMETRIC_REPRESENTATION_CONTEXT(2) 
PARAMETRIC_REPRESENTATION_CONTEXT() REPRESENTATION_CONTEXT('2D SPACE',''
  ) );
#1961 = PCURVE('',#1962,#1967);
#1962 = PLANE('',#1963);
#1963 = AXIS2_PLACEMENT_3D('',#1964,#1965,#1966);
#1964 = CARTESIAN_POINT('',(-44.5,12.353155467329,15.805346673542));
#1965 = DIRECTION('',(-0.,0.989949493661,0.141421356237));
#1966 = DIRECTION('',(1.,0.,0.));
#1967 = DEFINITIONAL_REPRESENTATION('',(#1968),#1972);
#1968 = LINE('',#1969,#1970);
#1969 = CARTESIAN_POINT('',(39.95,-5.1));
#1970 = VECTOR('',#1971,1.);
#1971 = DIRECTION('',(1.,0.));
#1972 = ( GEOMETRIC_REPRESENTATION_CONTEXT(2) 
PARAMETRIC_REPRESENTATION_CONTEXT() REPRESENTATION_CONTEXT('2D SPACE',''
  ) );
#1973 = ORIENTED_EDGE('',*,*,#1974,.F.);
#1974 = EDGE_CURVE('',#1975,#1947,#1977,.T.);
#1975 = VERTEX_POINT('',#1976);
#1976 = CARTESIAN_POINT('',(3.,13.11683079101,21.066221125569));
#1977 = SURFACE_CURVE('',#1978,(#1982,#1989),.PCURVE_S1.);
#1978 = LINE('',#1979,#1980);
#1979 = CARTESIAN_POINT('',(3.,-12.42386614544,17.417550134647));
#1980 = VECTOR('',#1981,1.);
#1981 = DIRECTION('',(-0.,-0.989949493661,-0.141421356237));
#1982 = PCURVE('',#350,#1983);
#1983 = DEFINITIONAL_REPRESENTATION('',(#1984),#1988);
#1984 = LINE('',#1985,#1986);
#1985 = CARTESIAN_POINT('',(50.5,-1.));
#1986 = VECTOR('',#1987,1.);
#1987 = DIRECTION('',(-0.,-1.));
#1988 = ( GEOMETRIC_REPRESENTATION_CONTEXT(2) 
PARAMETRIC_REPRESENTATION_CONTEXT() REPRESENTATION_CONTEXT('2D SPACE',''
  ) );
#1989 = PCURVE('',#1990,#1995);
#1990 = PLANE('',#1991);
#1991 = AXIS2_PLACEMENT_3D('',#1992,#1993,#1994);
#1992 = CARTESIAN_POINT('',(3.,-7.212489168103,10.989949493661));
#1993 = DIRECTION('',(-1.,0.,0.));
#1994 = DIRECTION('',(0.,0.989949493661,0.141421356237));
#1995 = DEFINITIONAL_REPRESENTATION('',(#1996),#1999);
#1996 = B_SPLINE_CURVE_WITH_KNOTS('',1,(#1997,#1998),.UNSPECIFIED.,.F.,
  .F.,(2,2),(-25.8,-4.25),.PIECEWISE_BEZIER_KNOTS.);
#1997 = CARTESIAN_POINT('',(21.55,-7.1));
#1998 = CARTESIAN_POINT('',(0.,-7.1));
#1999 = ( GEOMETRIC_REPRESENTATION_CONTEXT(2) 
PARAMETRIC_REPRESENTATION_CONTEXT() REPRESENTATION_CONTEXT('2D SPACE',''
  ) );
#2000 = ORIENTED_EDGE('',*,*,#2001,.F.);
#2001 = EDGE_CURVE('',#2002,#1975,#2004,.T.);
#2002 = VERTEX_POINT('',#2003);
#2003 = CARTESIAN_POINT('',(-45.,13.11683079101,21.066221125569));
#2004 = SURFACE_CURVE('',#2005,(#2009,#2016),.PCURVE_S1.);
#2005 = LINE('',#2006,#2007);
#2006 = CARTESIAN_POINT('',(-4.55,13.11683079101,21.066221125569));
#2007 = VECTOR('',#2008,1.);
#2008 = DIRECTION('',(1.,0.,0.));
#2009 = PCURVE('',#350,#2010);
#2010 = DEFINITIONAL_REPRESENTATION('',(#2011),#2015);
#2011 = LINE('',#2012,#2013);
#2012 = CARTESIAN_POINT('',(42.95,24.8));
#2013 = VECTOR('',#2014,1.);
#2014 = DIRECTION('',(1.,0.));
#2015 = ( GEOMETRIC_REPRESENTATION_CONTEXT(2) 
PARAMETRIC_REPRESENTATION_CONTEXT() REPRESENTATION_CONTEXT('2D SPACE',''
  ) );
#2016 = PCURVE('',#2017,#2022);
#2017 = PLANE('',#2018);
#2018 = AXIS2_PLACEMENT_3D('',#2019,#2020,#2021);
#2019 = CARTESIAN_POINT('',(-46.,13.838079707821,16.017478707898));
#2020 = DIRECTION('',(-0.,0.989949493661,0.141421356237));
#2021 = DIRECTION('',(1.,0.,0.));
#2022 = DEFINITIONAL_REPRESENTATION('',(#2023),#2027);
#2023 = LINE('',#2024,#2025);
#2024 = CARTESIAN_POINT('',(41.45,-5.1));
#2025 = VECTOR('',#2026,1.);
#2026 = DIRECTION('',(1.,0.));
#2027 = ( GEOMETRIC_REPRESENTATION_CONTEXT(2) 
PARAMETRIC_REPRESENTATION_CONTEXT() REPRESENTATION_CONTEXT('2D SPACE',''
  ) );
#2028 = ORIENTED_EDGE('',*,*,#2029,.F.);
#2029 = EDGE_CURVE('',#1687,#2002,#2030,.T.);
#2030 = SURFACE_CURVE('',#2031,(#2035,#2042),.PCURVE_S1.);
#2031 = LINE('',#2032,#2033);
#2032 = CARTESIAN_POINT('',(-45.,22.278245935196,22.374994717596));
#2033 = VECTOR('',#2034,1.);
#2034 = DIRECTION('',(-0.,0.989949493661,0.141421356237));
#2035 = PCURVE('',#350,#2036);
#2036 = DEFINITIONAL_REPRESENTATION('',(#2037),#2041);
#2037 = LINE('',#2038,#2039);
#2038 = CARTESIAN_POINT('',(2.5,34.054426819598));
#2039 = VECTOR('',#2040,1.);
#2040 = DIRECTION('',(0.,1.));
#2041 = ( GEOMETRIC_REPRESENTATION_CONTEXT(2) 
PARAMETRIC_REPRESENTATION_CONTEXT() REPRESENTATION_CONTEXT('2D SPACE',''
  ) );
#2042 = PCURVE('',#1771,#2043);
#2043 = DEFINITIONAL_REPRESENTATION('',(#2044),#2047);
#2044 = B_SPLINE_CURVE_WITH_KNOTS('',1,(#2045,#2046),.UNSPECIFIED.,.F.,
  .F.,(2,2),(-60.3851472403,-9.254426819598),.PIECEWISE_BEZIER_KNOTS.);
#2045 = CARTESIAN_POINT('',(97.584596666577,-21.81956164752));
#2046 = CARTESIAN_POINT('',(46.967765875567,-14.58858582024));
#2047 = ( GEOMETRIC_REPRESENTATION_CONTEXT(2) 
PARAMETRIC_REPRESENTATION_CONTEXT() REPRESENTATION_CONTEXT('2D SPACE',''
  ) );
#2048 = ORIENTED_EDGE('',*,*,#1686,.F.);
#2049 = ADVANCED_FACE('',(#2050),#324,.T.);
#2050 = FACE_BOUND('',#2051,.T.);
#2051 = EDGE_LOOP('',(#2052,#2053,#2054,#2075,#2101,#2127));
#2052 = ORIENTED_EDGE('',*,*,#1786,.F.);
#2053 = ORIENTED_EDGE('',*,*,#309,.F.);
#2054 = ORIENTED_EDGE('',*,*,#2055,.F.);
#2055 = EDGE_CURVE('',#2056,#284,#2058,.T.);
#2056 = VERTEX_POINT('',#2057);
#2057 = CARTESIAN_POINT('',(-48.2,-17.86069297557,23.655532792112));
#2058 = SURFACE_CURVE('',#2059,(#2063,#2069),.PCURVE_S1.);
#2059 = LINE('',#2060,#2061);
#2060 = CARTESIAN_POINT('',(-30.,-17.86069297557,23.655532792112));
#2061 = VECTOR('',#2062,1.);
#2062 = DIRECTION('',(-1.,-0.,0.));
#2063 = PCURVE('',#324,#2064);
#2064 = DEFINITIONAL_REPRESENTATION('',(#2065),#2068);
#2065 = B_SPLINE_CURVE_WITH_KNOTS('',1,(#2066,#2067),.UNSPECIFIED.,.F.,
  .F.,(2,2),(5.,20.),.PIECEWISE_BEZIER_KNOTS.);
#2066 = CARTESIAN_POINT('',(25.,-6.944171197169));
#2067 = CARTESIAN_POINT('',(10.,-6.944171197169));
#2068 = ( GEOMETRIC_REPRESENTATION_CONTEXT(2) 
PARAMETRIC_REPRESENTATION_CONTEXT() REPRESENTATION_CONTEXT('2D SPACE',''
  ) );
#2069 = PCURVE('',#298,#2070);
#2070 = DEFINITIONAL_REPRESENTATION('',(#2071),#2074);
#2071 = B_SPLINE_CURVE_WITH_KNOTS('',1,(#2072,#2073),.UNSPECIFIED.,.F.,
  .F.,(2,2),(5.,20.),.PIECEWISE_BEZIER_KNOTS.);
#2072 = CARTESIAN_POINT('',(163.18505861576,-35.));
#2073 = CARTESIAN_POINT('',(163.18505861576,-50.));
#2074 = ( GEOMETRIC_REPRESENTATION_CONTEXT(2) 
PARAMETRIC_REPRESENTATION_CONTEXT() REPRESENTATION_CONTEXT('2D SPACE',''
  ) );
#2075 = ORIENTED_EDGE('',*,*,#2076,.F.);
#2076 = EDGE_CURVE('',#2077,#2056,#2079,.T.);
#2077 = VERTEX_POINT('',#2078);
#2078 = CARTESIAN_POINT('',(-48.2,-18.13610281163,25.583401644572));
#2079 = SURFACE_CURVE('',#2080,(#2084,#2090),.PCURVE_S1.);
#2080 = LINE('',#2081,#2082);
#2081 = CARTESIAN_POINT('',(-48.2,-17.43016221558,20.641817472207));
#2082 = VECTOR('',#2083,1.);
#2083 = DIRECTION('',(0.,0.141421356237,-0.989949493661));
#2084 = PCURVE('',#324,#2085);
#2085 = DEFINITIONAL_REPRESENTATION('',(#2086),#2089);
#2086 = B_SPLINE_CURVE_WITH_KNOTS('',1,(#2087,#2088),.UNSPECIFIED.,.F.,
  .F.,(2,2),(-8.60014100179,2.151536743986),.PIECEWISE_BEZIER_KNOTS.);
#2087 = CARTESIAN_POINT('',(11.8,-12.5));
#2088 = CARTESIAN_POINT('',(11.8,-1.748322254224));
#2089 = ( GEOMETRIC_REPRESENTATION_CONTEXT(2) 
PARAMETRIC_REPRESENTATION_CONTEXT() REPRESENTATION_CONTEXT('2D SPACE',''
  ) );
#2090 = PCURVE('',#2091,#2096);
#2091 = PLANE('',#2092);
#2092 = AXIS2_PLACEMENT_3D('',#2093,#2094,#2095);
#2093 = CARTESIAN_POINT('',(-48.2,60.084596666577,35.654806945809));
#2094 = DIRECTION('',(-1.,-0.,-0.));
#2095 = DIRECTION('',(0.,-1.,0.));
#2096 = DEFINITIONAL_REPRESENTATION('',(#2097),#2100);
#2097 = B_SPLINE_CURVE_WITH_KNOTS('',1,(#2098,#2099),.UNSPECIFIED.,.F.,
  .F.,(2,2),(-8.60014100179,2.151536743986),.PIECEWISE_BEZIER_KNOTS.);
#2098 = CARTESIAN_POINT('',(78.731002486466,-6.499284243465));
#2099 = CARTESIAN_POINT('',(77.210485637832,-17.1429021839));
#2100 = ( GEOMETRIC_REPRESENTATION_CONTEXT(2) 
PARAMETRIC_REPRESENTATION_CONTEXT() REPRESENTATION_CONTEXT('2D SPACE',''
  ) );
#2101 = ORIENTED_EDGE('',*,*,#2102,.F.);
#2102 = EDGE_CURVE('',#2103,#2077,#2105,.T.);
#2103 = VERTEX_POINT('',#2104);
#2104 = CARTESIAN_POINT('',(-45.,-18.13610281163,25.583401644572));
#2105 = SURFACE_CURVE('',#2106,(#2110,#2116),.PCURVE_S1.);
#2106 = LINE('',#2107,#2108);
#2107 = CARTESIAN_POINT('',(-30.,-18.13610281163,25.583401644571));
#2108 = VECTOR('',#2109,1.);
#2109 = DIRECTION('',(-1.,-0.,0.));
#2110 = PCURVE('',#324,#2111);
#2111 = DEFINITIONAL_REPRESENTATION('',(#2112),#2115);
#2112 = B_SPLINE_CURVE_WITH_KNOTS('',1,(#2113,#2114),.UNSPECIFIED.,.F.,
  .F.,(2,2),(15.,18.2),.PIECEWISE_BEZIER_KNOTS.);
#2113 = CARTESIAN_POINT('',(15.,-8.891612824043));
#2114 = CARTESIAN_POINT('',(11.8,-8.891612824043));
#2115 = ( GEOMETRIC_REPRESENTATION_CONTEXT(2) 
PARAMETRIC_REPRESENTATION_CONTEXT() REPRESENTATION_CONTEXT('2D SPACE',''
  ) );
#2116 = PCURVE('',#2117,#2122);
#2117 = PLANE('',#2118);
#2118 = AXIS2_PLACEMENT_3D('',#2119,#2120,#2121);
#2119 = CARTESIAN_POINT('',(0.,140.,67.));
#2120 = DIRECTION('',(0.,-0.253359391838,0.96737222338));
#2121 = DIRECTION('',(0.,-0.96737222338,-0.253359391838));
#2122 = DEFINITIONAL_REPRESENTATION('',(#2123),#2126);
#2123 = B_SPLINE_CURVE_WITH_KNOTS('',1,(#2124,#2125),.UNSPECIFIED.,.F.,
  .F.,(2,2),(15.,18.2),.PIECEWISE_BEZIER_KNOTS.);
#2124 = CARTESIAN_POINT('',(163.46975754489,-45.));
#2125 = CARTESIAN_POINT('',(163.46975754489,-48.2));
#2126 = ( GEOMETRIC_REPRESENTATION_CONTEXT(2) 
PARAMETRIC_REPRESENTATION_CONTEXT() REPRESENTATION_CONTEXT('2D SPACE',''
  ) );
#2127 = ORIENTED_EDGE('',*,*,#2128,.T.);
#2128 = EDGE_CURVE('',#2103,#1787,#2129,.T.);
#2129 = SURFACE_CURVE('',#2130,(#2134,#2140),.PCURVE_S1.);
#2130 = LINE('',#2131,#2132);
#2131 = CARTESIAN_POINT('',(-45.,-17.43016221558,20.641817472207));
#2132 = VECTOR('',#2133,1.);
#2133 = DIRECTION('',(0.,0.141421356237,-0.989949493661));
#2134 = PCURVE('',#324,#2135);
#2135 = DEFINITIONAL_REPRESENTATION('',(#2136),#2139);
#2136 = B_SPLINE_CURVE_WITH_KNOTS('',1,(#2137,#2138),.UNSPECIFIED.,.F.,
  .F.,(2,2),(-8.60014100179,3.89985899821),.PIECEWISE_BEZIER_KNOTS.);
#2137 = CARTESIAN_POINT('',(15.,-12.5));
#2138 = CARTESIAN_POINT('',(15.,0.));
#2139 = ( GEOMETRIC_REPRESENTATION_CONTEXT(2) 
PARAMETRIC_REPRESENTATION_CONTEXT() REPRESENTATION_CONTEXT('2D SPACE',''
  ) );
#2140 = PCURVE('',#1825,#2141);
#2141 = DEFINITIONAL_REPRESENTATION('',(#2142),#2145);
#2142 = B_SPLINE_CURVE_WITH_KNOTS('',1,(#2143,#2144),.UNSPECIFIED.,.F.,
  .F.,(2,2),(-8.60014100179,3.89985899821),.PIECEWISE_BEZIER_KNOTS.);
#2143 = CARTESIAN_POINT('',(78.731002486466,-6.499284243465));
#2144 = CARTESIAN_POINT('',(76.9632355335,-18.87365291423));
#2145 = ( GEOMETRIC_REPRESENTATION_CONTEXT(2) 
PARAMETRIC_REPRESENTATION_CONTEXT() REPRESENTATION_CONTEXT('2D SPACE',''
  ) );
#2146 = ADVANCED_FACE('',(#2147,#2956,#2987),#298,.T.);
#2147 = FACE_BOUND('',#2148,.T.);
#2148 = EDGE_LOOP('',(#2149,#2170,#2171,#2172,#2201,#2229,#2256,#2257,
    #2278,#2304,#2330,#2356,#2382,#2408,#2434,#2460,#2486,#2515,#2541,
    #2567,#2593,#2619,#2653,#2679,#2713,#2739,#2765,#2791,#2817,#2846,
    #2873,#2895,#2916,#2937));
#2149 = ORIENTED_EDGE('',*,*,#2150,.F.);
#2150 = EDGE_CURVE('',#2056,#2151,#2153,.T.);
#2151 = VERTEX_POINT('',#2152);
#2152 = CARTESIAN_POINT('',(-48.2,-37.5,18.511904761905));
#2153 = SURFACE_CURVE('',#2154,(#2158,#2164),.PCURVE_S1.);
#2154 = LINE('',#2155,#2156);
#2155 = CARTESIAN_POINT('',(-48.2,99.011074092521,54.26480511947));
#2156 = VECTOR('',#2157,1.);
#2157 = DIRECTION('',(0.,-0.96737222338,-0.253359391838));
#2158 = PCURVE('',#298,#2159);
#2159 = DEFINITIONAL_REPRESENTATION('',(#2160),#2163);
#2160 = B_SPLINE_CURVE_WITH_KNOTS('',1,(#2161,#2162),.UNSPECIFIED.,.F.,
  .F.,(2,2),(-19.11252510732,141.11535435193),.PIECEWISE_BEZIER_KNOTS.);
#2161 = CARTESIAN_POINT('',(23.258885727956,-48.2));
#2162 = CARTESIAN_POINT('',(183.48676518721,-48.2));
#2163 = ( GEOMETRIC_REPRESENTATION_CONTEXT(2) 
PARAMETRIC_REPRESENTATION_CONTEXT() REPRESENTATION_CONTEXT('2D SPACE',''
  ) );
#2164 = PCURVE('',#2091,#2165);
#2165 = DEFINITIONAL_REPRESENTATION('',(#2166),#2169);
#2166 = B_SPLINE_CURVE_WITH_KNOTS('',1,(#2167,#2168),.UNSPECIFIED.,.F.,
  .F.,(2,2),(-19.11252510732,141.11535435193),.PIECEWISE_BEZIER_KNOTS.);
#2167 = CARTESIAN_POINT('',(-57.41540333342,23.452335911334));
#2168 = CARTESIAN_POINT('',(97.584596666577,-17.1429021839));
#2169 = ( GEOMETRIC_REPRESENTATION_CONTEXT(2) 
PARAMETRIC_REPRESENTATION_CONTEXT() REPRESENTATION_CONTEXT('2D SPACE',''
  ) );
#2170 = ORIENTED_EDGE('',*,*,#2055,.T.);
#2171 = ORIENTED_EDGE('',*,*,#283,.F.);
#2172 = ORIENTED_EDGE('',*,*,#2173,.T.);
#2173 = EDGE_CURVE('',#256,#2174,#2176,.T.);
#2174 = VERTEX_POINT('',#2175);
#2175 = CARTESIAN_POINT('',(-46.,-70.,10.));
#2176 = SURFACE_CURVE('',#2177,(#2182,#2189),.PCURVE_S1.);
#2177 = ELLIPSE('',#2178,4.134913018303,4.);
#2178 = AXIS2_PLACEMENT_3D('',#2179,#2180,#2181);
#2179 = CARTESIAN_POINT('',(-46.,-66.,11.047619047619));
#2180 = DIRECTION('',(0.,-0.253359391838,0.96737222338));
#2181 = DIRECTION('',(0.,0.96737222338,0.253359391838));
#2182 = PCURVE('',#298,#2183);
#2183 = DEFINITIONAL_REPRESENTATION('',(#2184),#2188);
#2184 = ELLIPSE('',#2185,4.134913018303,4.);
#2185 = AXIS2_PLACEMENT_2D('',#2186,#2187);
#2186 = CARTESIAN_POINT('',(212.94802044262,-46.));
#2187 = DIRECTION('',(-1.,0.));
#2188 = ( GEOMETRIC_REPRESENTATION_CONTEXT(2) 
PARAMETRIC_REPRESENTATION_CONTEXT() REPRESENTATION_CONTEXT('2D SPACE',''
  ) );
#2189 = PCURVE('',#271,#2190);
#2190 = DEFINITIONAL_REPRESENTATION('',(#2191),#2200);
#2191 = B_SPLINE_CURVE_WITH_KNOTS('',7,(#2192,#2193,#2194,#2195,#2196,
    #2197,#2198,#2199),.UNSPECIFIED.,.F.,.F.,(8,8),(1.570796326795,
    3.14159265359),.PIECEWISE_BEZIER_KNOTS.);
#2192 = CARTESIAN_POINT('',(-1.570796326795,11.047619047619));
#2193 = CARTESIAN_POINT('',(-1.346396851538,10.812533883065));
#2194 = CARTESIAN_POINT('',(-1.121997376282,10.577449673093));
#2195 = CARTESIAN_POINT('',(-0.897597901026,10.361693801572));
#2196 = CARTESIAN_POINT('',(-0.673198425769,10.184629757059));
#2197 = CARTESIAN_POINT('',(-0.448798950513,10.061546228448));
#2198 = CARTESIAN_POINT('',(-0.224399475256,10.));
#2199 = CARTESIAN_POINT('',(0.,10.));
#2200 = ( GEOMETRIC_REPRESENTATION_CONTEXT(2) 
PARAMETRIC_REPRESENTATION_CONTEXT() REPRESENTATION_CONTEXT('2D SPACE',''
  ) );
#2201 = ORIENTED_EDGE('',*,*,#2202,.F.);
#2202 = EDGE_CURVE('',#2203,#2174,#2205,.T.);
#2203 = VERTEX_POINT('',#2204);
#2204 = CARTESIAN_POINT('',(46.,-70.,10.));
#2205 = SURFACE_CURVE('',#2206,(#2210,#2217),.PCURVE_S1.);
#2206 = LINE('',#2207,#2208);
#2207 = CARTESIAN_POINT('',(150.,-70.,10.));
#2208 = VECTOR('',#2209,1.);
#2209 = DIRECTION('',(-1.,0.,0.));
#2210 = PCURVE('',#298,#2211);
#2211 = DEFINITIONAL_REPRESENTATION('',(#2212),#2216);
#2212 = LINE('',#2213,#2214);
#2213 = CARTESIAN_POINT('',(217.08293346092,150.));
#2214 = VECTOR('',#2215,1.);
#2215 = DIRECTION('',(-0.,-1.));
#2216 = ( GEOMETRIC_REPRESENTATION_CONTEXT(2) 
PARAMETRIC_REPRESENTATION_CONTEXT() REPRESENTATION_CONTEXT('2D SPACE',''
  ) );
#2217 = PCURVE('',#2218,#2223);
#2218 = PLANE('',#2219);
#2219 = AXIS2_PLACEMENT_3D('',#2220,#2221,#2222);
#2220 = CARTESIAN_POINT('',(0.,-70.,0.));
#2221 = DIRECTION('',(0.,1.,0.));
#2222 = DIRECTION('',(0.,-0.,1.));
#2223 = DEFINITIONAL_REPRESENTATION('',(#2224),#2228);
#2224 = LINE('',#2225,#2226);
#2225 = CARTESIAN_POINT('',(10.,150.));
#2226 = VECTOR('',#2227,1.);
#2227 = DIRECTION('',(0.,-1.));
#2228 = ( GEOMETRIC_REPRESENTATION_CONTEXT(2) 
PARAMETRIC_REPRESENTATION_CONTEXT() REPRESENTATION_CONTEXT('2D SPACE',''
  ) );
#2229 = ORIENTED_EDGE('',*,*,#2230,.T.);
#2230 = EDGE_CURVE('',#2203,#774,#2231,.T.);
#2231 = SURFACE_CURVE('',#2232,(#2237,#2244),.PCURVE_S1.);
#2232 = ELLIPSE('',#2233,4.134913018303,4.);
#2233 = AXIS2_PLACEMENT_3D('',#2234,#2235,#2236);
#2234 = CARTESIAN_POINT('',(46.,-66.,11.047619047619));
#2235 = DIRECTION('',(0.,-0.253359391838,0.96737222338));
#2236 = DIRECTION('',(0.,0.96737222338,0.253359391838));
#2237 = PCURVE('',#298,#2238);
#2238 = DEFINITIONAL_REPRESENTATION('',(#2239),#2243);
#2239 = ELLIPSE('',#2240,4.134913018303,4.);
#2240 = AXIS2_PLACEMENT_2D('',#2241,#2242);
#2241 = CARTESIAN_POINT('',(212.94802044262,46.));
#2242 = DIRECTION('',(-1.,0.));
#2243 = ( GEOMETRIC_REPRESENTATION_CONTEXT(2) 
PARAMETRIC_REPRESENTATION_CONTEXT() REPRESENTATION_CONTEXT('2D SPACE',''
  ) );
#2244 = PCURVE('',#789,#2245);
#2245 = DEFINITIONAL_REPRESENTATION('',(#2246),#2255);
#2246 = B_SPLINE_CURVE_WITH_KNOTS('',7,(#2247,#2248,#2249,#2250,#2251,
    #2252,#2253,#2254),.UNSPECIFIED.,.F.,.F.,(8,8),(3.14159265359,
    4.712388980385),.PIECEWISE_BEZIER_KNOTS.);
#2247 = CARTESIAN_POINT('',(0.,10.));
#2248 = CARTESIAN_POINT('',(0.224399475256,10.));
#2249 = CARTESIAN_POINT('',(0.448798950513,10.06154622845));
#2250 = CARTESIAN_POINT('',(0.673198425769,10.184629757056));
#2251 = CARTESIAN_POINT('',(0.897597901026,10.361693801571));
#2252 = CARTESIAN_POINT('',(1.121997376282,10.577449673092));
#2253 = CARTESIAN_POINT('',(1.346396851538,10.812533883065));
#2254 = CARTESIAN_POINT('',(1.570796326795,11.047619047619));
#2255 = ( GEOMETRIC_REPRESENTATION_CONTEXT(2) 
PARAMETRIC_REPRESENTATION_CONTEXT() REPRESENTATION_CONTEXT('2D SPACE',''
  ) );
#2256 = ORIENTED_EDGE('',*,*,#801,.T.);
#2257 = ORIENTED_EDGE('',*,*,#2258,.T.);
#2258 = EDGE_CURVE('',#802,#2259,#2261,.T.);
#2259 = VERTEX_POINT('',#2260);
#2260 = CARTESIAN_POINT('',(48.5,28.8,35.87619047619));
#2261 = SURFACE_CURVE('',#2262,(#2266,#2272),.PCURVE_S1.);
#2262 = LINE('',#2263,#2264);
#2263 = CARTESIAN_POINT('',(24.125,28.8,35.87619047619));
#2264 = VECTOR('',#2265,1.);
#2265 = DIRECTION('',(-1.,0.,0.));
#2266 = PCURVE('',#298,#2267);
#2267 = DEFINITIONAL_REPRESENTATION('',(#2268),#2271);
#2268 = B_SPLINE_CURVE_WITH_KNOTS('',1,(#2269,#2270),.UNSPECIFIED.,.F.,
  .F.,(2,2),(-25.875,-24.375),.PIECEWISE_BEZIER_KNOTS.);
#2269 = CARTESIAN_POINT('',(114.95058190883,50.));
#2270 = CARTESIAN_POINT('',(114.95058190883,48.5));
#2271 = ( GEOMETRIC_REPRESENTATION_CONTEXT(2) 
PARAMETRIC_REPRESENTATION_CONTEXT() REPRESENTATION_CONTEXT('2D SPACE',''
  ) );
#2272 = PCURVE('',#837,#2273);
#2273 = DEFINITIONAL_REPRESENTATION('',(#2274),#2277);
#2274 = B_SPLINE_CURVE_WITH_KNOTS('',1,(#2275,#2276),.UNSPECIFIED.,.F.,
  .F.,(2,2),(-25.875,-24.375),.PIECEWISE_BEZIER_KNOTS.);
#2275 = CARTESIAN_POINT('',(7.87619047619,1.75));
#2276 = CARTESIAN_POINT('',(7.87619047619,0.25));
#2277 = ( GEOMETRIC_REPRESENTATION_CONTEXT(2) 
PARAMETRIC_REPRESENTATION_CONTEXT() REPRESENTATION_CONTEXT('2D SPACE',''
  ) );
#2278 = ORIENTED_EDGE('',*,*,#2279,.F.);
#2279 = EDGE_CURVE('',#2280,#2259,#2282,.T.);
#2280 = VERTEX_POINT('',#2281);
#2281 = CARTESIAN_POINT('',(48.5,27.4,35.509523809524));
#2282 = SURFACE_CURVE('',#2283,(#2287,#2293),.PCURVE_S1.);
#2283 = LINE('',#2284,#2285);
#2284 = CARTESIAN_POINT('',(48.5,82.779734748011,50.01374005305));
#2285 = VECTOR('',#2286,1.);
#2286 = DIRECTION('',(-0.,0.96737222338,0.253359391838));
#2287 = PCURVE('',#298,#2288);
#2288 = DEFINITIONAL_REPRESENTATION('',(#2289),#2292);
#2289 = B_SPLINE_CURVE_WITH_KNOTS('',1,(#2290,#2291),.UNSPECIFIED.,.F.,
  .F.,(2,2),(-57.24759653993,-47.73729659783),.PIECEWISE_BEZIER_KNOTS.);
#2290 = CARTESIAN_POINT('',(116.39780146523,48.5));
#2291 = CARTESIAN_POINT('',(106.88750152314,48.5));
#2292 = ( GEOMETRIC_REPRESENTATION_CONTEXT(2) 
PARAMETRIC_REPRESENTATION_CONTEXT() REPRESENTATION_CONTEXT('2D SPACE',''
  ) );
#2293 = PCURVE('',#2294,#2299);
#2294 = PLANE('',#2295);
#2295 = AXIS2_PLACEMENT_3D('',#2296,#2297,#2298);
#2296 = CARTESIAN_POINT('',(48.5,27.4,28.));
#2297 = DIRECTION('',(1.,0.,0.));
#2298 = DIRECTION('',(0.,0.,1.));
#2299 = DEFINITIONAL_REPRESENTATION('',(#2300),#2303);
#2300 = B_SPLINE_CURVE_WITH_KNOTS('',1,(#2301,#2302),.UNSPECIFIED.,.F.,
  .F.,(2,2),(-57.24759653993,-47.73729659783),.PIECEWISE_BEZIER_KNOTS.);
#2301 = CARTESIAN_POINT('',(7.509523809524,-7.105427357601E-15));
#2302 = CARTESIAN_POINT('',(9.919047619048,-9.2));
#2303 = ( GEOMETRIC_REPRESENTATION_CONTEXT(2) 
PARAMETRIC_REPRESENTATION_CONTEXT() REPRESENTATION_CONTEXT('2D SPACE',''
  ) );
#2304 = ORIENTED_EDGE('',*,*,#2305,.T.);
#2305 = EDGE_CURVE('',#2280,#2306,#2308,.T.);
#2306 = VERTEX_POINT('',#2307);
#2307 = CARTESIAN_POINT('',(46.,27.4,35.509523809524));
#2308 = SURFACE_CURVE('',#2309,(#2313,#2319),.PCURVE_S1.);
#2309 = LINE('',#2310,#2311);
#2310 = CARTESIAN_POINT('',(23.,27.4,35.509523809524));
#2311 = VECTOR('',#2312,1.);
#2312 = DIRECTION('',(-1.,0.,0.));
#2313 = PCURVE('',#298,#2314);
#2314 = DEFINITIONAL_REPRESENTATION('',(#2315),#2318);
#2315 = B_SPLINE_CURVE_WITH_KNOTS('',1,(#2316,#2317),.UNSPECIFIED.,.F.,
  .F.,(2,2),(-25.5,-23.),.PIECEWISE_BEZIER_KNOTS.);
#2316 = CARTESIAN_POINT('',(116.39780146523,48.5));
#2317 = CARTESIAN_POINT('',(116.39780146523,46.));
#2318 = ( GEOMETRIC_REPRESENTATION_CONTEXT(2) 
PARAMETRIC_REPRESENTATION_CONTEXT() REPRESENTATION_CONTEXT('2D SPACE',''
  ) );
#2319 = PCURVE('',#2320,#2325);
#2320 = PLANE('',#2321);
#2321 = AXIS2_PLACEMENT_3D('',#2322,#2323,#2324);
#2322 = CARTESIAN_POINT('',(46.,27.4,28.));
#2323 = DIRECTION('',(0.,1.,0.));
#2324 = DIRECTION('',(0.,0.,1.));
#2325 = DEFINITIONAL_REPRESENTATION('',(#2326),#2329);
#2326 = B_SPLINE_CURVE_WITH_KNOTS('',1,(#2327,#2328),.UNSPECIFIED.,.F.,
  .F.,(2,2),(-25.5,-23.),.PIECEWISE_BEZIER_KNOTS.);
#2327 = CARTESIAN_POINT('',(7.509523809524,2.5));
#2328 = CARTESIAN_POINT('',(7.509523809524,0.));
#2329 = ( GEOMETRIC_REPRESENTATION_CONTEXT(2) 
PARAMETRIC_REPRESENTATION_CONTEXT() REPRESENTATION_CONTEXT('2D SPACE',''
  ) );
#2330 = ORIENTED_EDGE('',*,*,#2331,.F.);
#2331 = EDGE_CURVE('',#2332,#2306,#2334,.T.);
#2332 = VERTEX_POINT('',#2333);
#2333 = CARTESIAN_POINT('',(46.,22.,34.095238095238));
#2334 = SURFACE_CURVE('',#2335,(#2339,#2345),.PCURVE_S1.);
#2335 = LINE('',#2336,#2337);
#2336 = CARTESIAN_POINT('',(46.,99.011074092521,54.26480511947));
#2337 = VECTOR('',#2338,1.);
#2338 = DIRECTION('',(-0.,0.96737222338,0.253359391838));
#2339 = PCURVE('',#298,#2340);
#2340 = DEFINITIONAL_REPRESENTATION('',(#2341),#2344);
#2341 = B_SPLINE_CURVE_WITH_KNOTS('',1,(#2342,#2343),.UNSPECIFIED.,.F.,
  .F.,(2,2),(-154.0699638906,34.652768078298),.PIECEWISE_BEZIER_KNOTS.);
#2342 = CARTESIAN_POINT('',(196.44137472589,46.));
#2343 = CARTESIAN_POINT('',(7.718642756978,46.));
#2344 = ( GEOMETRIC_REPRESENTATION_CONTEXT(2) 
PARAMETRIC_REPRESENTATION_CONTEXT() REPRESENTATION_CONTEXT('2D SPACE',''
  ) );
#2345 = PCURVE('',#2346,#2351);
#2346 = PLANE('',#2347);
#2347 = AXIS2_PLACEMENT_3D('',#2348,#2349,#2350);
#2348 = CARTESIAN_POINT('',(46.,60.084596666577,35.654806945809));
#2349 = DIRECTION('',(-1.,-0.,-0.));
#2350 = DIRECTION('',(0.,-1.,0.));
#2351 = DEFINITIONAL_REPRESENTATION('',(#2352),#2355);
#2352 = B_SPLINE_CURVE_WITH_KNOTS('',1,(#2353,#2354),.UNSPECIFIED.,.F.,
  .F.,(2,2),(-154.0699638906,34.652768078298),.PIECEWISE_BEZIER_KNOTS.);
#2353 = CARTESIAN_POINT('',(110.11652609903,-20.42507417812));
#2354 = CARTESIAN_POINT('',(-72.44860272812,27.389602419471));
#2355 = ( GEOMETRIC_REPRESENTATION_CONTEXT(2) 
PARAMETRIC_REPRESENTATION_CONTEXT() REPRESENTATION_CONTEXT('2D SPACE',''
  ) );
#2356 = ORIENTED_EDGE('',*,*,#2357,.T.);
#2357 = EDGE_CURVE('',#2332,#2358,#2360,.T.);
#2358 = VERTEX_POINT('',#2359);
#2359 = CARTESIAN_POINT('',(48.2,22.,34.095238095238));
#2360 = SURFACE_CURVE('',#2361,(#2365,#2371),.PCURVE_S1.);
#2361 = LINE('',#2362,#2363);
#2362 = CARTESIAN_POINT('',(20.25,22.,34.095238095238));
#2363 = VECTOR('',#2364,1.);
#2364 = DIRECTION('',(1.,0.,0.));
#2365 = PCURVE('',#298,#2366);
#2366 = DEFINITIONAL_REPRESENTATION('',(#2367),#2370);
#2367 = B_SPLINE_CURVE_WITH_KNOTS('',1,(#2368,#2369),.UNSPECIFIED.,.F.,
  .F.,(2,2),(20.25,27.95),.PIECEWISE_BEZIER_KNOTS.);
#2368 = CARTESIAN_POINT('',(121.97993403994,40.5));
#2369 = CARTESIAN_POINT('',(121.97993403994,48.2));
#2370 = ( GEOMETRIC_REPRESENTATION_CONTEXT(2) 
PARAMETRIC_REPRESENTATION_CONTEXT() REPRESENTATION_CONTEXT('2D SPACE',''
  ) );
#2371 = PCURVE('',#2372,#2377);
#2372 = PLANE('',#2373);
#2373 = AXIS2_PLACEMENT_3D('',#2374,#2375,#2376);
#2374 = CARTESIAN_POINT('',(40.5,22.,100.));
#2375 = DIRECTION('',(0.,-1.,0.));
#2376 = DIRECTION('',(1.,0.,0.));
#2377 = DEFINITIONAL_REPRESENTATION('',(#2378),#2381);
#2378 = B_SPLINE_CURVE_WITH_KNOTS('',1,(#2379,#2380),.UNSPECIFIED.,.F.,
  .F.,(2,2),(20.25,27.95),.PIECEWISE_BEZIER_KNOTS.);
#2379 = CARTESIAN_POINT('',(0.,-65.90476190476));
#2380 = CARTESIAN_POINT('',(7.7,-65.90476190476));
#2381 = ( GEOMETRIC_REPRESENTATION_CONTEXT(2) 
PARAMETRIC_REPRESENTATION_CONTEXT() REPRESENTATION_CONTEXT('2D SPACE',''
  ) );
#2382 = ORIENTED_EDGE('',*,*,#2383,.T.);
#2383 = EDGE_CURVE('',#2358,#2384,#2386,.T.);
#2384 = VERTEX_POINT('',#2385);
#2385 = CARTESIAN_POINT('',(48.2,-37.5,18.511904761905));
#2386 = SURFACE_CURVE('',#2387,(#2391,#2397),.PCURVE_S1.);
#2387 = LINE('',#2388,#2389);
#2388 = CARTESIAN_POINT('',(48.2,99.011074092521,54.26480511947));
#2389 = VECTOR('',#2390,1.);
#2390 = DIRECTION('',(0.,-0.96737222338,-0.253359391838));
#2391 = PCURVE('',#298,#2392);
#2392 = DEFINITIONAL_REPRESENTATION('',(#2393),#2396);
#2393 = B_SPLINE_CURVE_WITH_KNOTS('',1,(#2394,#2395),.UNSPECIFIED.,.F.,
  .F.,(2,2),(79.608523204672,141.11535435193),.PIECEWISE_BEZIER_KNOTS.);
#2394 = CARTESIAN_POINT('',(121.97993403994,48.2));
#2395 = CARTESIAN_POINT('',(183.48676518721,48.2));
#2396 = ( GEOMETRIC_REPRESENTATION_CONTEXT(2) 
PARAMETRIC_REPRESENTATION_CONTEXT() REPRESENTATION_CONTEXT('2D SPACE',''
  ) );
#2397 = PCURVE('',#2398,#2403);
#2398 = PLANE('',#2399);
#2399 = AXIS2_PLACEMENT_3D('',#2400,#2401,#2402);
#2400 = CARTESIAN_POINT('',(48.2,60.084596666577,35.654806945809));
#2401 = DIRECTION('',(-1.,-0.,-0.));
#2402 = DIRECTION('',(0.,-1.,0.));
#2403 = DEFINITIONAL_REPRESENTATION('',(#2404),#2407);
#2404 = B_SPLINE_CURVE_WITH_KNOTS('',1,(#2405,#2406),.UNSPECIFIED.,.F.,
  .F.,(2,2),(79.608523204672,141.11535435193),.PIECEWISE_BEZIER_KNOTS.);
#2405 = CARTESIAN_POINT('',(38.084596666577,-1.559568850571));
#2406 = CARTESIAN_POINT('',(97.584596666577,-17.1429021839));
#2407 = ( GEOMETRIC_REPRESENTATION_CONTEXT(2) 
PARAMETRIC_REPRESENTATION_CONTEXT() REPRESENTATION_CONTEXT('2D SPACE',''
  ) );
#2408 = ORIENTED_EDGE('',*,*,#2409,.F.);
#2409 = EDGE_CURVE('',#2410,#2384,#2412,.T.);
#2410 = VERTEX_POINT('',#2411);
#2411 = CARTESIAN_POINT('',(46.,-37.5,18.511904761905));
#2412 = SURFACE_CURVE('',#2413,(#2417,#2423),.PCURVE_S1.);
#2413 = LINE('',#2414,#2415);
#2414 = CARTESIAN_POINT('',(14.75,-37.5,18.511904761905));
#2415 = VECTOR('',#2416,1.);
#2416 = DIRECTION('',(1.,0.,0.));
#2417 = PCURVE('',#298,#2418);
#2418 = DEFINITIONAL_REPRESENTATION('',(#2419),#2422);
#2419 = B_SPLINE_CURVE_WITH_KNOTS('',1,(#2420,#2421),.UNSPECIFIED.,.F.,
  .F.,(2,2),(14.75,33.45),.PIECEWISE_BEZIER_KNOTS.);
#2420 = CARTESIAN_POINT('',(183.48676518721,29.5));
#2421 = CARTESIAN_POINT('',(183.48676518721,48.2));
#2422 = ( GEOMETRIC_REPRESENTATION_CONTEXT(2) 
PARAMETRIC_REPRESENTATION_CONTEXT() REPRESENTATION_CONTEXT('2D SPACE',''
  ) );
#2423 = PCURVE('',#2424,#2429);
#2424 = PLANE('',#2425);
#2425 = AXIS2_PLACEMENT_3D('',#2426,#2427,#2428);
#2426 = CARTESIAN_POINT('',(29.5,-37.5,100.));
#2427 = DIRECTION('',(0.,-1.,0.));
#2428 = DIRECTION('',(1.,0.,0.));
#2429 = DEFINITIONAL_REPRESENTATION('',(#2430),#2433);
#2430 = B_SPLINE_CURVE_WITH_KNOTS('',1,(#2431,#2432),.UNSPECIFIED.,.F.,
  .F.,(2,2),(14.75,33.45),.PIECEWISE_BEZIER_KNOTS.);
#2431 = CARTESIAN_POINT('',(0.,-81.48809523809));
#2432 = CARTESIAN_POINT('',(18.7,-81.48809523809));
#2433 = ( GEOMETRIC_REPRESENTATION_CONTEXT(2) 
PARAMETRIC_REPRESENTATION_CONTEXT() REPRESENTATION_CONTEXT('2D SPACE',''
  ) );
#2434 = ORIENTED_EDGE('',*,*,#2435,.F.);
#2435 = EDGE_CURVE('',#2436,#2410,#2438,.T.);
#2436 = VERTEX_POINT('',#2437);
#2437 = CARTESIAN_POINT('',(46.,-45.16313888309,16.504892197284));
#2438 = SURFACE_CURVE('',#2439,(#2443,#2449),.PCURVE_S1.);
#2439 = LINE('',#2440,#2441);
#2440 = CARTESIAN_POINT('',(46.,99.011074092521,54.26480511947));
#2441 = VECTOR('',#2442,1.);
#2442 = DIRECTION('',(-0.,0.96737222338,0.253359391838));
#2443 = PCURVE('',#298,#2444);
#2444 = DEFINITIONAL_REPRESENTATION('',(#2445),#2448);
#2445 = B_SPLINE_CURVE_WITH_KNOTS('',1,(#2446,#2447),.UNSPECIFIED.,.F.,
  .F.,(2,2),(-154.0699638906,34.652768078298),.PIECEWISE_BEZIER_KNOTS.);
#2446 = CARTESIAN_POINT('',(196.44137472589,46.));
#2447 = CARTESIAN_POINT('',(7.718642756978,46.));
#2448 = ( GEOMETRIC_REPRESENTATION_CONTEXT(2) 
PARAMETRIC_REPRESENTATION_CONTEXT() REPRESENTATION_CONTEXT('2D SPACE',''
  ) );
#2449 = PCURVE('',#2450,#2455);
#2450 = PLANE('',#2451);
#2451 = AXIS2_PLACEMENT_3D('',#2452,#2453,#2454);
#2452 = CARTESIAN_POINT('',(46.,60.084596666577,35.654806945809));
#2453 = DIRECTION('',(-1.,-0.,-0.));
#2454 = DIRECTION('',(0.,-1.,0.));
#2455 = DEFINITIONAL_REPRESENTATION('',(#2456),#2459);
#2456 = B_SPLINE_CURVE_WITH_KNOTS('',1,(#2457,#2458),.UNSPECIFIED.,.F.,
  .F.,(2,2),(-154.0699638906,34.652768078298),.PIECEWISE_BEZIER_KNOTS.);
#2457 = CARTESIAN_POINT('',(110.11652609903,-20.42507417812));
#2458 = CARTESIAN_POINT('',(-72.44860272812,27.389602419471));
#2459 = ( GEOMETRIC_REPRESENTATION_CONTEXT(2) 
PARAMETRIC_REPRESENTATION_CONTEXT() REPRESENTATION_CONTEXT('2D SPACE',''
  ) );
#2460 = ORIENTED_EDGE('',*,*,#2461,.F.);
#2461 = EDGE_CURVE('',#2462,#2436,#2464,.T.);
#2462 = VERTEX_POINT('',#2463);
#2463 = CARTESIAN_POINT('',(42.,-45.16313888309,16.504892197284));
#2464 = SURFACE_CURVE('',#2465,(#2469,#2475),.PCURVE_S1.);
#2465 = LINE('',#2466,#2467);
#2466 = CARTESIAN_POINT('',(21.,-45.16313888309,16.504892197284));
#2467 = VECTOR('',#2468,1.);
#2468 = DIRECTION('',(1.,0.,-0.));
#2469 = PCURVE('',#298,#2470);
#2470 = DEFINITIONAL_REPRESENTATION('',(#2471),#2474);
#2471 = B_SPLINE_CURVE_WITH_KNOTS('',1,(#2472,#2473),.UNSPECIFIED.,.F.,
  .F.,(2,2),(21.,25.),.PIECEWISE_BEZIER_KNOTS.);
#2472 = CARTESIAN_POINT('',(191.4083683694,42.));
#2473 = CARTESIAN_POINT('',(191.4083683694,46.));
#2474 = ( GEOMETRIC_REPRESENTATION_CONTEXT(2) 
PARAMETRIC_REPRESENTATION_CONTEXT() REPRESENTATION_CONTEXT('2D SPACE',''
  ) );
#2475 = PCURVE('',#2476,#2481);
#2476 = PLANE('',#2477);
#2477 = AXIS2_PLACEMENT_3D('',#2478,#2479,#2480);
#2478 = CARTESIAN_POINT('',(42.,-26.16118449527,-56.04802455623));
#2479 = DIRECTION('',(0.,0.96737222338,0.253359391838));
#2480 = DIRECTION('',(0.,-0.253359391838,0.96737222338));
#2481 = DEFINITIONAL_REPRESENTATION('',(#2482),#2485);
#2482 = B_SPLINE_CURVE_WITH_KNOTS('',1,(#2483,#2484),.UNSPECIFIED.,.F.,
  .F.,(2,2),(21.,25.),.PIECEWISE_BEZIER_KNOTS.);
#2483 = CARTESIAN_POINT('',(75.,0.));
#2484 = CARTESIAN_POINT('',(75.,4.));
#2485 = ( GEOMETRIC_REPRESENTATION_CONTEXT(2) 
PARAMETRIC_REPRESENTATION_CONTEXT() REPRESENTATION_CONTEXT('2D SPACE',''
  ) );
#2486 = ORIENTED_EDGE('',*,*,#2487,.T.);
#2487 = EDGE_CURVE('',#2462,#2488,#2490,.T.);
#2488 = VERTEX_POINT('',#2489);
#2489 = CARTESIAN_POINT('',(42.,-54.8368611169,13.971298278907));
#2490 = SURFACE_CURVE('',#2491,(#2496,#2503),.PCURVE_S1.);
#2491 = CIRCLE('',#2492,5.);
#2492 = AXIS2_PLACEMENT_3D('',#2493,#2494,#2495);
#2493 = CARTESIAN_POINT('',(42.,-50.,15.238095238095));
#2494 = DIRECTION('',(0.,-0.253359391838,0.96737222338));
#2495 = DIRECTION('',(1.,0.,0.));
#2496 = PCURVE('',#298,#2497);
#2497 = DEFINITIONAL_REPRESENTATION('',(#2498),#2502);
#2498 = CIRCLE('',#2499,5.);
#2499 = AXIS2_PLACEMENT_2D('',#2500,#2501);
#2500 = CARTESIAN_POINT('',(196.4083683694,42.));
#2501 = DIRECTION('',(0.,1.));
#2502 = ( GEOMETRIC_REPRESENTATION_CONTEXT(2) 
PARAMETRIC_REPRESENTATION_CONTEXT() REPRESENTATION_CONTEXT('2D SPACE',''
  ) );
#2503 = PCURVE('',#2504,#2509);
#2504 = CYLINDRICAL_SURFACE('',#2505,5.);
#2505 = AXIS2_PLACEMENT_3D('',#2506,#2507,#2508);
#2506 = CARTESIAN_POINT('',(42.,-30.99804561217,-57.31482151542));
#2507 = DIRECTION('',(0.,-0.253359391838,0.96737222338));
#2508 = DIRECTION('',(1.,0.,0.));
#2509 = DEFINITIONAL_REPRESENTATION('',(#2510),#2514);
#2510 = LINE('',#2511,#2512);
#2511 = CARTESIAN_POINT('',(0.,75.));
#2512 = VECTOR('',#2513,1.);
#2513 = DIRECTION('',(1.,0.));
#2514 = ( GEOMETRIC_REPRESENTATION_CONTEXT(2) 
PARAMETRIC_REPRESENTATION_CONTEXT() REPRESENTATION_CONTEXT('2D SPACE',''
  ) );
#2515 = ORIENTED_EDGE('',*,*,#2516,.T.);
#2516 = EDGE_CURVE('',#2488,#2517,#2519,.T.);
#2517 = VERTEX_POINT('',#2518);
#2518 = CARTESIAN_POINT('',(46.,-54.8368611169,13.971298278907));
#2519 = SURFACE_CURVE('',#2520,(#2524,#2530),.PCURVE_S1.);
#2520 = LINE('',#2521,#2522);
#2521 = CARTESIAN_POINT('',(21.,-54.8368611169,13.971298278907));
#2522 = VECTOR('',#2523,1.);
#2523 = DIRECTION('',(1.,0.,-0.));
#2524 = PCURVE('',#298,#2525);
#2525 = DEFINITIONAL_REPRESENTATION('',(#2526),#2529);
#2526 = B_SPLINE_CURVE_WITH_KNOTS('',1,(#2527,#2528),.UNSPECIFIED.,.F.,
  .F.,(2,2),(21.,25.),.PIECEWISE_BEZIER_KNOTS.);
#2527 = CARTESIAN_POINT('',(201.4083683694,42.));
#2528 = CARTESIAN_POINT('',(201.4083683694,46.));
#2529 = ( GEOMETRIC_REPRESENTATION_CONTEXT(2) 
PARAMETRIC_REPRESENTATION_CONTEXT() REPRESENTATION_CONTEXT('2D SPACE',''
  ) );
#2530 = PCURVE('',#2531,#2536);
#2531 = PLANE('',#2532);
#2532 = AXIS2_PLACEMENT_3D('',#2533,#2534,#2535);
#2533 = CARTESIAN_POINT('',(42.,-35.83490672907,-58.58161847461));
#2534 = DIRECTION('',(0.,0.96737222338,0.253359391838));
#2535 = DIRECTION('',(0.,-0.253359391838,0.96737222338));
#2536 = DEFINITIONAL_REPRESENTATION('',(#2537),#2540);
#2537 = B_SPLINE_CURVE_WITH_KNOTS('',1,(#2538,#2539),.UNSPECIFIED.,.F.,
  .F.,(2,2),(21.,25.),.PIECEWISE_BEZIER_KNOTS.);
#2538 = CARTESIAN_POINT('',(75.,0.));
#2539 = CARTESIAN_POINT('',(75.,4.));
#2540 = ( GEOMETRIC_REPRESENTATION_CONTEXT(2) 
PARAMETRIC_REPRESENTATION_CONTEXT() REPRESENTATION_CONTEXT('2D SPACE',''
  ) );
#2541 = ORIENTED_EDGE('',*,*,#2542,.F.);
#2542 = EDGE_CURVE('',#2543,#2517,#2545,.T.);
#2543 = VERTEX_POINT('',#2544);
#2544 = CARTESIAN_POINT('',(46.,-62.5,11.964285714286));
#2545 = SURFACE_CURVE('',#2546,(#2550,#2556),.PCURVE_S1.);
#2546 = LINE('',#2547,#2548);
#2547 = CARTESIAN_POINT('',(46.,99.011074092521,54.26480511947));
#2548 = VECTOR('',#2549,1.);
#2549 = DIRECTION('',(-0.,0.96737222338,0.253359391838));
#2550 = PCURVE('',#298,#2551);
#2551 = DEFINITIONAL_REPRESENTATION('',(#2552),#2555);
#2552 = B_SPLINE_CURVE_WITH_KNOTS('',1,(#2553,#2554),.UNSPECIFIED.,.F.,
  .F.,(2,2),(-170.5766096073,-157.0106181389),.PIECEWISE_BEZIER_KNOTS.);
#2553 = CARTESIAN_POINT('',(212.94802044262,46.));
#2554 = CARTESIAN_POINT('',(199.38202897423,46.));
#2555 = ( GEOMETRIC_REPRESENTATION_CONTEXT(2) 
PARAMETRIC_REPRESENTATION_CONTEXT() REPRESENTATION_CONTEXT('2D SPACE',''
  ) );
#2556 = PCURVE('',#2557,#2562);
#2557 = PLANE('',#2558);
#2558 = AXIS2_PLACEMENT_3D('',#2559,#2560,#2561);
#2559 = CARTESIAN_POINT('',(46.,60.084596666577,35.654806945809));
#2560 = DIRECTION('',(-1.,-0.,-0.));
#2561 = DIRECTION('',(0.,-1.,0.));
#2562 = DEFINITIONAL_REPRESENTATION('',(#2563),#2566);
#2563 = B_SPLINE_CURVE_WITH_KNOTS('',1,(#2564,#2565),.UNSPECIFIED.,.F.,
  .F.,(2,2),(-170.5766096073,-157.0106181389),.PIECEWISE_BEZIER_KNOTS.);
#2564 = CARTESIAN_POINT('',(126.08459666657,-24.60718789819));
#2565 = CARTESIAN_POINT('',(112.96123333744,-21.17011655008));
#2566 = ( GEOMETRIC_REPRESENTATION_CONTEXT(2) 
PARAMETRIC_REPRESENTATION_CONTEXT() REPRESENTATION_CONTEXT('2D SPACE',''
  ) );
#2567 = ORIENTED_EDGE('',*,*,#2568,.T.);
#2568 = EDGE_CURVE('',#2543,#2569,#2571,.T.);
#2569 = VERTEX_POINT('',#2570);
#2570 = CARTESIAN_POINT('',(48.2,-62.5,11.964285714286));
#2571 = SURFACE_CURVE('',#2572,(#2576,#2582),.PCURVE_S1.);
#2572 = LINE('',#2573,#2574);
#2573 = CARTESIAN_POINT('',(14.75,-62.5,11.964285714286));
#2574 = VECTOR('',#2575,1.);
#2575 = DIRECTION('',(1.,0.,0.));
#2576 = PCURVE('',#298,#2577);
#2577 = DEFINITIONAL_REPRESENTATION('',(#2578),#2581);
#2578 = B_SPLINE_CURVE_WITH_KNOTS('',1,(#2579,#2580),.UNSPECIFIED.,.F.,
  .F.,(2,2),(14.75,33.45),.PIECEWISE_BEZIER_KNOTS.);
#2579 = CARTESIAN_POINT('',(209.3299715516,29.5));
#2580 = CARTESIAN_POINT('',(209.3299715516,48.2));
#2581 = ( GEOMETRIC_REPRESENTATION_CONTEXT(2) 
PARAMETRIC_REPRESENTATION_CONTEXT() REPRESENTATION_CONTEXT('2D SPACE',''
  ) );
#2582 = PCURVE('',#2583,#2588);
#2583 = PLANE('',#2584);
#2584 = AXIS2_PLACEMENT_3D('',#2585,#2586,#2587);
#2585 = CARTESIAN_POINT('',(29.5,-62.5,100.));
#2586 = DIRECTION('',(0.,-1.,0.));
#2587 = DIRECTION('',(1.,0.,0.));
#2588 = DEFINITIONAL_REPRESENTATION('',(#2589),#2592);
#2589 = B_SPLINE_CURVE_WITH_KNOTS('',1,(#2590,#2591),.UNSPECIFIED.,.F.,
  .F.,(2,2),(14.75,33.45),.PIECEWISE_BEZIER_KNOTS.);
#2590 = CARTESIAN_POINT('',(0.,-88.03571428571));
#2591 = CARTESIAN_POINT('',(18.7,-88.03571428571));
#2592 = ( GEOMETRIC_REPRESENTATION_CONTEXT(2) 
PARAMETRIC_REPRESENTATION_CONTEXT() REPRESENTATION_CONTEXT('2D SPACE',''
  ) );
#2593 = ORIENTED_EDGE('',*,*,#2594,.T.);
#2594 = EDGE_CURVE('',#2569,#2595,#2597,.T.);
#2595 = VERTEX_POINT('',#2596);
#2596 = CARTESIAN_POINT('',(48.2,-66.,11.047619047619));
#2597 = SURFACE_CURVE('',#2598,(#2602,#2608),.PCURVE_S1.);
#2598 = LINE('',#2599,#2600);
#2599 = CARTESIAN_POINT('',(48.2,99.011074092521,54.26480511947));
#2600 = VECTOR('',#2601,1.);
#2601 = DIRECTION('',(0.,-0.96737222338,-0.253359391838));
#2602 = PCURVE('',#298,#2603);
#2603 = DEFINITIONAL_REPRESENTATION('',(#2604),#2607);
#2604 = B_SPLINE_CURVE_WITH_KNOTS('',1,(#2605,#2606),.UNSPECIFIED.,.F.,
  .F.,(2,2),(166.95856071633,170.57660960734),.PIECEWISE_BEZIER_KNOTS.);
#2605 = CARTESIAN_POINT('',(209.3299715516,48.2));
#2606 = CARTESIAN_POINT('',(212.94802044262,48.2));
#2607 = ( GEOMETRIC_REPRESENTATION_CONTEXT(2) 
PARAMETRIC_REPRESENTATION_CONTEXT() REPRESENTATION_CONTEXT('2D SPACE',''
  ) );
#2608 = PCURVE('',#2609,#2614);
#2609 = PLANE('',#2610);
#2610 = AXIS2_PLACEMENT_3D('',#2611,#2612,#2613);
#2611 = CARTESIAN_POINT('',(48.2,60.084596666577,35.654806945809));
#2612 = DIRECTION('',(-1.,-0.,-0.));
#2613 = DIRECTION('',(0.,-1.,0.));
#2614 = DEFINITIONAL_REPRESENTATION('',(#2615),#2618);
#2615 = B_SPLINE_CURVE_WITH_KNOTS('',1,(#2616,#2617),.UNSPECIFIED.,.F.,
  .F.,(2,2),(166.95856071633,170.57660960734),.PIECEWISE_BEZIER_KNOTS.);
#2616 = CARTESIAN_POINT('',(122.58459666657,-23.69052123152));
#2617 = CARTESIAN_POINT('',(126.08459666657,-24.60718789819));
#2618 = ( GEOMETRIC_REPRESENTATION_CONTEXT(2) 
PARAMETRIC_REPRESENTATION_CONTEXT() REPRESENTATION_CONTEXT('2D SPACE',''
  ) );
#2619 = ORIENTED_EDGE('',*,*,#2620,.F.);
#2620 = EDGE_CURVE('',#2621,#2595,#2623,.T.);
#2621 = VERTEX_POINT('',#2622);
#2622 = CARTESIAN_POINT('',(46.,-68.2,10.471428571429));
#2623 = SURFACE_CURVE('',#2624,(#2629,#2636),.PCURVE_S1.);
#2624 = ELLIPSE('',#2625,2.274202160067,2.2);
#2625 = AXIS2_PLACEMENT_3D('',#2626,#2627,#2628);
#2626 = CARTESIAN_POINT('',(46.,-66.,11.047619047619));
#2627 = DIRECTION('',(0.,-0.253359391838,0.96737222338));
#2628 = DIRECTION('',(0.,0.96737222338,0.253359391838));
#2629 = PCURVE('',#298,#2630);
#2630 = DEFINITIONAL_REPRESENTATION('',(#2631),#2635);
#2631 = ELLIPSE('',#2632,2.274202160067,2.2);
#2632 = AXIS2_PLACEMENT_2D('',#2633,#2634);
#2633 = CARTESIAN_POINT('',(212.94802044262,46.));
#2634 = DIRECTION('',(-1.,0.));
#2635 = ( GEOMETRIC_REPRESENTATION_CONTEXT(2) 
PARAMETRIC_REPRESENTATION_CONTEXT() REPRESENTATION_CONTEXT('2D SPACE',''
  ) );
#2636 = PCURVE('',#2637,#2642);
#2637 = CYLINDRICAL_SURFACE('',#2638,2.2);
#2638 = AXIS2_PLACEMENT_3D('',#2639,#2640,#2641);
#2639 = CARTESIAN_POINT('',(46.,-66.,2.075417437337));
#2640 = DIRECTION('',(0.,0.,1.));
#2641 = DIRECTION('',(0.,-1.,0.));
#2642 = DEFINITIONAL_REPRESENTATION('',(#2643),#2652);
#2643 = B_SPLINE_CURVE_WITH_KNOTS('',7,(#2644,#2645,#2646,#2647,#2648,
    #2649,#2650,#2651),.UNSPECIFIED.,.F.,.F.,(8,8),(3.14159265359,
    4.712388980385),.PIECEWISE_BEZIER_KNOTS.);
#2644 = CARTESIAN_POINT('',(0.,8.396011134092));
#2645 = CARTESIAN_POINT('',(0.224399475256,8.396011134092));
#2646 = CARTESIAN_POINT('',(0.448798950513,8.429861559739));
#2647 = CARTESIAN_POINT('',(0.67319842577,8.497557500469));
#2648 = CARTESIAN_POINT('',(0.897597901025,8.594942724957));
#2649 = CARTESIAN_POINT('',(1.121997376282,8.713608454293));
#2650 = CARTESIAN_POINT('',(1.346396851538,8.842904769777));
#2651 = CARTESIAN_POINT('',(1.570796326795,8.972201610282));
#2652 = ( GEOMETRIC_REPRESENTATION_CONTEXT(2) 
PARAMETRIC_REPRESENTATION_CONTEXT() REPRESENTATION_CONTEXT('2D SPACE',''
  ) );
#2653 = ORIENTED_EDGE('',*,*,#2654,.T.);
#2654 = EDGE_CURVE('',#2621,#2655,#2657,.T.);
#2655 = VERTEX_POINT('',#2656);
#2656 = CARTESIAN_POINT('',(-46.,-68.2,10.471428571429));
#2657 = SURFACE_CURVE('',#2658,(#2662,#2668),.PCURVE_S1.);
#2658 = LINE('',#2659,#2660);
#2659 = CARTESIAN_POINT('',(0.,-68.2,10.471428571429));
#2660 = VECTOR('',#2661,1.);
#2661 = DIRECTION('',(-1.,0.,0.));
#2662 = PCURVE('',#298,#2663);
#2663 = DEFINITIONAL_REPRESENTATION('',(#2664),#2667);
#2664 = B_SPLINE_CURVE_WITH_KNOTS('',1,(#2665,#2666),.UNSPECIFIED.,.F.,
  .F.,(2,2),(-46.,46.),.PIECEWISE_BEZIER_KNOTS.);
#2665 = CARTESIAN_POINT('',(215.22222260268,46.));
#2666 = CARTESIAN_POINT('',(215.22222260268,-46.));
#2667 = ( GEOMETRIC_REPRESENTATION_CONTEXT(2) 
PARAMETRIC_REPRESENTATION_CONTEXT() REPRESENTATION_CONTEXT('2D SPACE',''
  ) );
#2668 = PCURVE('',#2669,#2674);
#2669 = PLANE('',#2670);
#2670 = AXIS2_PLACEMENT_3D('',#2671,#2672,#2673);
#2671 = CARTESIAN_POINT('',(0.,-68.2,2.075417437337));
#2672 = DIRECTION('',(0.,1.,0.));
#2673 = DIRECTION('',(0.,-0.,1.));
#2674 = DEFINITIONAL_REPRESENTATION('',(#2675),#2678);
#2675 = B_SPLINE_CURVE_WITH_KNOTS('',1,(#2676,#2677),.UNSPECIFIED.,.F.,
  .F.,(2,2),(-46.,46.),.PIECEWISE_BEZIER_KNOTS.);
#2676 = CARTESIAN_POINT('',(8.396011134092,46.));
#2677 = CARTESIAN_POINT('',(8.396011134092,-46.));
#2678 = ( GEOMETRIC_REPRESENTATION_CONTEXT(2) 
PARAMETRIC_REPRESENTATION_CONTEXT() REPRESENTATION_CONTEXT('2D SPACE',''
  ) );
#2679 = ORIENTED_EDGE('',*,*,#2680,.F.);
#2680 = EDGE_CURVE('',#2681,#2655,#2683,.T.);
#2681 = VERTEX_POINT('',#2682);
#2682 = CARTESIAN_POINT('',(-48.2,-66.,11.047619047619));
#2683 = SURFACE_CURVE('',#2684,(#2689,#2696),.PCURVE_S1.);
#2684 = ELLIPSE('',#2685,2.274202160067,2.2);
#2685 = AXIS2_PLACEMENT_3D('',#2686,#2687,#2688);
#2686 = CARTESIAN_POINT('',(-46.,-66.,11.047619047619));
#2687 = DIRECTION('',(0.,-0.253359391838,0.96737222338));
#2688 = DIRECTION('',(0.,0.96737222338,0.253359391838));
#2689 = PCURVE('',#298,#2690);
#2690 = DEFINITIONAL_REPRESENTATION('',(#2691),#2695);
#2691 = ELLIPSE('',#2692,2.274202160067,2.2);
#2692 = AXIS2_PLACEMENT_2D('',#2693,#2694);
#2693 = CARTESIAN_POINT('',(212.94802044262,-46.));
#2694 = DIRECTION('',(-1.,0.));
#2695 = ( GEOMETRIC_REPRESENTATION_CONTEXT(2) 
PARAMETRIC_REPRESENTATION_CONTEXT() REPRESENTATION_CONTEXT('2D SPACE',''
  ) );
#2696 = PCURVE('',#2697,#2702);
#2697 = CYLINDRICAL_SURFACE('',#2698,2.2);
#2698 = AXIS2_PLACEMENT_3D('',#2699,#2700,#2701);
#2699 = CARTESIAN_POINT('',(-46.,-66.,2.075417437337));
#2700 = DIRECTION('',(0.,0.,1.));
#2701 = DIRECTION('',(0.,-1.,0.));
#2702 = DEFINITIONAL_REPRESENTATION('',(#2703),#2712);
#2703 = B_SPLINE_CURVE_WITH_KNOTS('',7,(#2704,#2705,#2706,#2707,#2708,
    #2709,#2710,#2711),.UNSPECIFIED.,.F.,.F.,(8,8),(1.570796326795,
    3.14159265359),.PIECEWISE_BEZIER_KNOTS.);
#2704 = CARTESIAN_POINT('',(-1.570796326795,8.972201610282));
#2705 = CARTESIAN_POINT('',(-1.346396851538,8.842904769777));
#2706 = CARTESIAN_POINT('',(-1.121997376282,8.713608454294));
#2707 = CARTESIAN_POINT('',(-0.897597901026,8.594942724953));
#2708 = CARTESIAN_POINT('',(-0.67319842577,8.497557500473));
#2709 = CARTESIAN_POINT('',(-0.448798950513,8.429861559739));
#2710 = CARTESIAN_POINT('',(-0.224399475256,8.396011134092));
#2711 = CARTESIAN_POINT('',(0.,8.396011134092));
#2712 = ( GEOMETRIC_REPRESENTATION_CONTEXT(2) 
PARAMETRIC_REPRESENTATION_CONTEXT() REPRESENTATION_CONTEXT('2D SPACE',''
  ) );
#2713 = ORIENTED_EDGE('',*,*,#2714,.F.);
#2714 = EDGE_CURVE('',#2715,#2681,#2717,.T.);
#2715 = VERTEX_POINT('',#2716);
#2716 = CARTESIAN_POINT('',(-48.2,-62.5,11.964285714286));
#2717 = SURFACE_CURVE('',#2718,(#2722,#2728),.PCURVE_S1.);
#2718 = LINE('',#2719,#2720);
#2719 = CARTESIAN_POINT('',(-48.2,99.011074092521,54.26480511947));
#2720 = VECTOR('',#2721,1.);
#2721 = DIRECTION('',(0.,-0.96737222338,-0.253359391838));
#2722 = PCURVE('',#298,#2723);
#2723 = DEFINITIONAL_REPRESENTATION('',(#2724),#2727);
#2724 = B_SPLINE_CURVE_WITH_KNOTS('',1,(#2725,#2726),.UNSPECIFIED.,.F.,
  .F.,(2,2),(166.95856071633,170.57660960734),.PIECEWISE_BEZIER_KNOTS.);
#2725 = CARTESIAN_POINT('',(209.3299715516,-48.2));
#2726 = CARTESIAN_POINT('',(212.94802044262,-48.2));
#2727 = ( GEOMETRIC_REPRESENTATION_CONTEXT(2) 
PARAMETRIC_REPRESENTATION_CONTEXT() REPRESENTATION_CONTEXT('2D SPACE',''
  ) );
#2728 = PCURVE('',#2729,#2734);
#2729 = PLANE('',#2730);
#2730 = AXIS2_PLACEMENT_3D('',#2731,#2732,#2733);
#2731 = CARTESIAN_POINT('',(-48.2,60.084596666577,35.654806945809));
#2732 = DIRECTION('',(-1.,-0.,-0.));
#2733 = DIRECTION('',(0.,-1.,0.));
#2734 = DEFINITIONAL_REPRESENTATION('',(#2735),#2738);
#2735 = B_SPLINE_CURVE_WITH_KNOTS('',1,(#2736,#2737),.UNSPECIFIED.,.F.,
  .F.,(2,2),(166.95856071633,170.57660960734),.PIECEWISE_BEZIER_KNOTS.);
#2736 = CARTESIAN_POINT('',(122.58459666657,-23.69052123152));
#2737 = CARTESIAN_POINT('',(126.08459666657,-24.60718789819));
#2738 = ( GEOMETRIC_REPRESENTATION_CONTEXT(2) 
PARAMETRIC_REPRESENTATION_CONTEXT() REPRESENTATION_CONTEXT('2D SPACE',''
  ) );
#2739 = ORIENTED_EDGE('',*,*,#2740,.T.);
#2740 = EDGE_CURVE('',#2715,#2741,#2743,.T.);
#2741 = VERTEX_POINT('',#2742);
#2742 = CARTESIAN_POINT('',(-46.,-62.5,11.964285714286));
#2743 = SURFACE_CURVE('',#2744,(#2748,#2754),.PCURVE_S1.);
#2744 = LINE('',#2745,#2746);
#2745 = CARTESIAN_POINT('',(-27.25,-62.5,11.964285714286));
#2746 = VECTOR('',#2747,1.);
#2747 = DIRECTION('',(1.,0.,0.));
#2748 = PCURVE('',#298,#2749);
#2749 = DEFINITIONAL_REPRESENTATION('',(#2750),#2753);
#2750 = B_SPLINE_CURVE_WITH_KNOTS('',1,(#2751,#2752),.UNSPECIFIED.,.F.,
  .F.,(2,2),(-20.95,-2.25),.PIECEWISE_BEZIER_KNOTS.);
#2751 = CARTESIAN_POINT('',(209.3299715516,-48.2));
#2752 = CARTESIAN_POINT('',(209.3299715516,-29.5));
#2753 = ( GEOMETRIC_REPRESENTATION_CONTEXT(2) 
PARAMETRIC_REPRESENTATION_CONTEXT() REPRESENTATION_CONTEXT('2D SPACE',''
  ) );
#2754 = PCURVE('',#2755,#2760);
#2755 = PLANE('',#2756);
#2756 = AXIS2_PLACEMENT_3D('',#2757,#2758,#2759);
#2757 = CARTESIAN_POINT('',(-54.5,-62.5,100.));
#2758 = DIRECTION('',(0.,-1.,0.));
#2759 = DIRECTION('',(1.,0.,0.));
#2760 = DEFINITIONAL_REPRESENTATION('',(#2761),#2764);
#2761 = B_SPLINE_CURVE_WITH_KNOTS('',1,(#2762,#2763),.UNSPECIFIED.,.F.,
  .F.,(2,2),(-20.95,-2.25),.PIECEWISE_BEZIER_KNOTS.);
#2762 = CARTESIAN_POINT('',(6.3,-88.03571428571));
#2763 = CARTESIAN_POINT('',(25.,-88.03571428571));
#2764 = ( GEOMETRIC_REPRESENTATION_CONTEXT(2) 
PARAMETRIC_REPRESENTATION_CONTEXT() REPRESENTATION_CONTEXT('2D SPACE',''
  ) );
#2765 = ORIENTED_EDGE('',*,*,#2766,.T.);
#2766 = EDGE_CURVE('',#2741,#2767,#2769,.T.);
#2767 = VERTEX_POINT('',#2768);
#2768 = CARTESIAN_POINT('',(-46.,-54.8368611169,13.971298278907));
#2769 = SURFACE_CURVE('',#2770,(#2774,#2780),.PCURVE_S1.);
#2770 = LINE('',#2771,#2772);
#2771 = CARTESIAN_POINT('',(-46.,99.011074092521,54.26480511947));
#2772 = VECTOR('',#2773,1.);
#2773 = DIRECTION('',(-0.,0.96737222338,0.253359391838));
#2774 = PCURVE('',#298,#2775);
#2775 = DEFINITIONAL_REPRESENTATION('',(#2776),#2779);
#2776 = B_SPLINE_CURVE_WITH_KNOTS('',1,(#2777,#2778),.UNSPECIFIED.,.F.,
  .F.,(2,2),(-170.5766096073,-157.0106181389),.PIECEWISE_BEZIER_KNOTS.);
#2777 = CARTESIAN_POINT('',(212.94802044262,-46.));
#2778 = CARTESIAN_POINT('',(199.38202897423,-46.));
#2779 = ( GEOMETRIC_REPRESENTATION_CONTEXT(2) 
PARAMETRIC_REPRESENTATION_CONTEXT() REPRESENTATION_CONTEXT('2D SPACE',''
  ) );
#2780 = PCURVE('',#2781,#2786);
#2781 = PLANE('',#2782);
#2782 = AXIS2_PLACEMENT_3D('',#2783,#2784,#2785);
#2783 = CARTESIAN_POINT('',(-46.,60.084596666577,35.654806945809));
#2784 = DIRECTION('',(-1.,-0.,-0.));
#2785 = DIRECTION('',(0.,-1.,0.));
#2786 = DEFINITIONAL_REPRESENTATION('',(#2787),#2790);
#2787 = B_SPLINE_CURVE_WITH_KNOTS('',1,(#2788,#2789),.UNSPECIFIED.,.F.,
  .F.,(2,2),(-170.5766096073,-157.0106181389),.PIECEWISE_BEZIER_KNOTS.);
#2788 = CARTESIAN_POINT('',(126.08459666657,-24.60718789819));
#2789 = CARTESIAN_POINT('',(112.96123333744,-21.17011655008));
#2790 = ( GEOMETRIC_REPRESENTATION_CONTEXT(2) 
PARAMETRIC_REPRESENTATION_CONTEXT() REPRESENTATION_CONTEXT('2D SPACE',''
  ) );
#2791 = ORIENTED_EDGE('',*,*,#2792,.T.);
#2792 = EDGE_CURVE('',#2767,#2793,#2795,.T.);
#2793 = VERTEX_POINT('',#2794);
#2794 = CARTESIAN_POINT('',(-42.,-54.8368611169,13.971298278907));
#2795 = SURFACE_CURVE('',#2796,(#2800,#2806),.PCURVE_S1.);
#2796 = LINE('',#2797,#2798);
#2797 = CARTESIAN_POINT('',(-23.5,-54.8368611169,13.971298278907));
#2798 = VECTOR('',#2799,1.);
#2799 = DIRECTION('',(1.,0.,-0.));
#2800 = PCURVE('',#298,#2801);
#2801 = DEFINITIONAL_REPRESENTATION('',(#2802),#2805);
#2802 = B_SPLINE_CURVE_WITH_KNOTS('',1,(#2803,#2804),.UNSPECIFIED.,.F.,
  .F.,(2,2),(-22.5,-18.5),.PIECEWISE_BEZIER_KNOTS.);
#2803 = CARTESIAN_POINT('',(201.4083683694,-46.));
#2804 = CARTESIAN_POINT('',(201.4083683694,-42.));
#2805 = ( GEOMETRIC_REPRESENTATION_CONTEXT(2) 
PARAMETRIC_REPRESENTATION_CONTEXT() REPRESENTATION_CONTEXT('2D SPACE',''
  ) );
#2806 = PCURVE('',#2807,#2812);
#2807 = PLANE('',#2808);
#2808 = AXIS2_PLACEMENT_3D('',#2809,#2810,#2811);
#2809 = CARTESIAN_POINT('',(-47.,-35.83490672907,-58.58161847461));
#2810 = DIRECTION('',(0.,0.96737222338,0.253359391838));
#2811 = DIRECTION('',(0.,-0.253359391838,0.96737222338));
#2812 = DEFINITIONAL_REPRESENTATION('',(#2813),#2816);
#2813 = B_SPLINE_CURVE_WITH_KNOTS('',1,(#2814,#2815),.UNSPECIFIED.,.F.,
  .F.,(2,2),(-22.5,-18.5),.PIECEWISE_BEZIER_KNOTS.);
#2814 = CARTESIAN_POINT('',(75.,1.));
#2815 = CARTESIAN_POINT('',(75.,5.));
#2816 = ( GEOMETRIC_REPRESENTATION_CONTEXT(2) 
PARAMETRIC_REPRESENTATION_CONTEXT() REPRESENTATION_CONTEXT('2D SPACE',''
  ) );
#2817 = ORIENTED_EDGE('',*,*,#2818,.T.);
#2818 = EDGE_CURVE('',#2793,#2819,#2821,.T.);
#2819 = VERTEX_POINT('',#2820);
#2820 = CARTESIAN_POINT('',(-40.4014726626,-45.41699199584,
    16.438406858231));
#2821 = SURFACE_CURVE('',#2822,(#2827,#2834),.PCURVE_S1.);
#2822 = CIRCLE('',#2823,5.);
#2823 = AXIS2_PLACEMENT_3D('',#2824,#2825,#2826);
#2824 = CARTESIAN_POINT('',(-42.,-50.,15.238095238095));
#2825 = DIRECTION('',(0.,-0.253359391838,0.96737222338));
#2826 = DIRECTION('',(1.,0.,0.));
#2827 = PCURVE('',#298,#2828);
#2828 = DEFINITIONAL_REPRESENTATION('',(#2829),#2833);
#2829 = CIRCLE('',#2830,5.);
#2830 = AXIS2_PLACEMENT_2D('',#2831,#2832);
#2831 = CARTESIAN_POINT('',(196.4083683694,-42.));
#2832 = DIRECTION('',(0.,1.));
#2833 = ( GEOMETRIC_REPRESENTATION_CONTEXT(2) 
PARAMETRIC_REPRESENTATION_CONTEXT() REPRESENTATION_CONTEXT('2D SPACE',''
  ) );
#2834 = PCURVE('',#2835,#2840);
#2835 = CYLINDRICAL_SURFACE('',#2836,5.);
#2836 = AXIS2_PLACEMENT_3D('',#2837,#2838,#2839);
#2837 = CARTESIAN_POINT('',(-42.,-30.99804561217,-57.31482151542));
#2838 = DIRECTION('',(0.,-0.253359391838,0.96737222338));
#2839 = DIRECTION('',(1.,0.,0.));
#2840 = DEFINITIONAL_REPRESENTATION('',(#2841),#2845);
#2841 = LINE('',#2842,#2843);
#2842 = CARTESIAN_POINT('',(0.,75.));
#2843 = VECTOR('',#2844,1.);
#2844 = DIRECTION('',(1.,0.));
#2845 = ( GEOMETRIC_REPRESENTATION_CONTEXT(2) 
PARAMETRIC_REPRESENTATION_CONTEXT() REPRESENTATION_CONTEXT('2D SPACE',''
  ) );
#2846 = ORIENTED_EDGE('',*,*,#2847,.T.);
#2847 = EDGE_CURVE('',#2819,#2848,#2850,.T.);
#2848 = VERTEX_POINT('',#2849);
#2849 = CARTESIAN_POINT('',(-44.5,-45.41699199584,16.438406858231));
#2850 = SURFACE_CURVE('',#2851,(#2855,#2861),.PCURVE_S1.);
#2851 = LINE('',#2852,#2853);
#2852 = CARTESIAN_POINT('',(-22.25,-45.41699199584,16.438406858231));
#2853 = VECTOR('',#2854,1.);
#2854 = DIRECTION('',(-1.,-0.,0.));
#2855 = PCURVE('',#298,#2856);
#2856 = DEFINITIONAL_REPRESENTATION('',(#2857),#2860);
#2857 = B_SPLINE_CURVE_WITH_KNOTS('',1,(#2858,#2859),.UNSPECIFIED.,.F.,
  .F.,(2,2),(-57.65,22.25),.PIECEWISE_BEZIER_KNOTS.);
#2858 = CARTESIAN_POINT('',(191.67078350456,35.4));
#2859 = CARTESIAN_POINT('',(191.67078350456,-44.5));
#2860 = ( GEOMETRIC_REPRESENTATION_CONTEXT(2) 
PARAMETRIC_REPRESENTATION_CONTEXT() REPRESENTATION_CONTEXT('2D SPACE',''
  ) );
#2861 = PCURVE('',#2862,#2867);
#2862 = PLANE('',#2863);
#2863 = AXIS2_PLACEMENT_3D('',#2864,#2865,#2866);
#2864 = CARTESIAN_POINT('',(-44.5,-44.66793536755,11.195010460205));
#2865 = DIRECTION('',(-0.,0.989949493661,0.141421356237));
#2866 = DIRECTION('',(1.,0.,0.));
#2867 = DEFINITIONAL_REPRESENTATION('',(#2868),#2872);
#2868 = LINE('',#2869,#2870);
#2869 = CARTESIAN_POINT('',(22.25,-5.296630213562));
#2870 = VECTOR('',#2871,1.);
#2871 = DIRECTION('',(-1.,-0.));
#2872 = ( GEOMETRIC_REPRESENTATION_CONTEXT(2) 
PARAMETRIC_REPRESENTATION_CONTEXT() REPRESENTATION_CONTEXT('2D SPACE',''
  ) );
#2873 = ORIENTED_EDGE('',*,*,#2874,.F.);
#2874 = EDGE_CURVE('',#2875,#2848,#2877,.T.);
#2875 = VERTEX_POINT('',#2876);
#2876 = CARTESIAN_POINT('',(-44.5,-45.16313888309,16.504892197284));
#2877 = SURFACE_CURVE('',#2878,(#2882,#2888),.PCURVE_S1.);
#2878 = LINE('',#2879,#2880);
#2879 = CARTESIAN_POINT('',(-44.5,46.999431523674,40.6427082562));
#2880 = VECTOR('',#2881,1.);
#2881 = DIRECTION('',(-0.,-0.96737222338,-0.253359391838));
#2882 = PCURVE('',#298,#2883);
#2883 = DEFINITIONAL_REPRESENTATION('',(#2884),#2887);
#2884 = B_SPLINE_CURVE_WITH_KNOTS('',1,(#2885,#2886),.UNSPECIFIED.,.F.,
  .F.,(2,2),(38.058737042919,95.533468178971),.PIECEWISE_BEZIER_KNOTS.);
#2885 = CARTESIAN_POINT('',(134.19605236851,-44.5));
#2886 = CARTESIAN_POINT('',(191.67078350456,-44.5));
#2887 = ( GEOMETRIC_REPRESENTATION_CONTEXT(2) 
PARAMETRIC_REPRESENTATION_CONTEXT() REPRESENTATION_CONTEXT('2D SPACE',''
  ) );
#2888 = PCURVE('',#1934,#2889);
#2889 = DEFINITIONAL_REPRESENTATION('',(#2890),#2894);
#2890 = LINE('',#2891,#2892);
#2891 = CARTESIAN_POINT('',(94.910596799599,-16.18801017417));
#2892 = VECTOR('',#2893,1.);
#2893 = DIRECTION('',(-0.993480071526,0.114005909847));
#2894 = ( GEOMETRIC_REPRESENTATION_CONTEXT(2) 
PARAMETRIC_REPRESENTATION_CONTEXT() REPRESENTATION_CONTEXT('2D SPACE',''
  ) );
#2895 = ORIENTED_EDGE('',*,*,#2896,.F.);
#2896 = EDGE_CURVE('',#2897,#2875,#2899,.T.);
#2897 = VERTEX_POINT('',#2898);
#2898 = CARTESIAN_POINT('',(-46.,-45.16313888309,16.504892197284));
#2899 = SURFACE_CURVE('',#2900,(#2904,#2910),.PCURVE_S1.);
#2900 = LINE('',#2901,#2902);
#2901 = CARTESIAN_POINT('',(-23.5,-45.16313888309,16.504892197284));
#2902 = VECTOR('',#2903,1.);
#2903 = DIRECTION('',(1.,0.,-0.));
#2904 = PCURVE('',#298,#2905);
#2905 = DEFINITIONAL_REPRESENTATION('',(#2906),#2909);
#2906 = B_SPLINE_CURVE_WITH_KNOTS('',1,(#2907,#2908),.UNSPECIFIED.,.F.,
  .F.,(2,2),(-22.5,-18.5),.PIECEWISE_BEZIER_KNOTS.);
#2907 = CARTESIAN_POINT('',(191.4083683694,-46.));
#2908 = CARTESIAN_POINT('',(191.4083683694,-42.));
#2909 = ( GEOMETRIC_REPRESENTATION_CONTEXT(2) 
PARAMETRIC_REPRESENTATION_CONTEXT() REPRESENTATION_CONTEXT('2D SPACE',''
  ) );
#2910 = PCURVE('',#1907,#2911);
#2911 = DEFINITIONAL_REPRESENTATION('',(#2912),#2915);
#2912 = B_SPLINE_CURVE_WITH_KNOTS('',1,(#2913,#2914),.UNSPECIFIED.,.F.,
  .F.,(2,2),(-22.5,-18.5),.PIECEWISE_BEZIER_KNOTS.);
#2913 = CARTESIAN_POINT('',(75.,1.));
#2914 = CARTESIAN_POINT('',(75.,5.));
#2915 = ( GEOMETRIC_REPRESENTATION_CONTEXT(2) 
PARAMETRIC_REPRESENTATION_CONTEXT() REPRESENTATION_CONTEXT('2D SPACE',''
  ) );
#2916 = ORIENTED_EDGE('',*,*,#2917,.T.);
#2917 = EDGE_CURVE('',#2897,#2918,#2920,.T.);
#2918 = VERTEX_POINT('',#2919);
#2919 = CARTESIAN_POINT('',(-46.,-37.5,18.511904761905));
#2920 = SURFACE_CURVE('',#2921,(#2925,#2931),.PCURVE_S1.);
#2921 = LINE('',#2922,#2923);
#2922 = CARTESIAN_POINT('',(-46.,99.011074092521,54.26480511947));
#2923 = VECTOR('',#2924,1.);
#2924 = DIRECTION('',(-0.,0.96737222338,0.253359391838));
#2925 = PCURVE('',#298,#2926);
#2926 = DEFINITIONAL_REPRESENTATION('',(#2927),#2930);
#2927 = B_SPLINE_CURVE_WITH_KNOTS('',1,(#2928,#2929),.UNSPECIFIED.,.F.,
  .F.,(2,2),(-154.0699638906,34.652768078298),.PIECEWISE_BEZIER_KNOTS.);
#2928 = CARTESIAN_POINT('',(196.44137472589,-46.));
#2929 = CARTESIAN_POINT('',(7.718642756978,-46.));
#2930 = ( GEOMETRIC_REPRESENTATION_CONTEXT(2) 
PARAMETRIC_REPRESENTATION_CONTEXT() REPRESENTATION_CONTEXT('2D SPACE',''
  ) );
#2931 = PCURVE('',#1879,#2932);
#2932 = DEFINITIONAL_REPRESENTATION('',(#2933),#2936);
#2933 = B_SPLINE_CURVE_WITH_KNOTS('',1,(#2934,#2935),.UNSPECIFIED.,.F.,
  .F.,(2,2),(-154.0699638906,34.652768078298),.PIECEWISE_BEZIER_KNOTS.);
#2934 = CARTESIAN_POINT('',(110.11652609903,-20.42507417812));
#2935 = CARTESIAN_POINT('',(-72.44860272812,27.389602419471));
#2936 = ( GEOMETRIC_REPRESENTATION_CONTEXT(2) 
PARAMETRIC_REPRESENTATION_CONTEXT() REPRESENTATION_CONTEXT('2D SPACE',''
  ) );
#2937 = ORIENTED_EDGE('',*,*,#2938,.F.);
#2938 = EDGE_CURVE('',#2151,#2918,#2939,.T.);
#2939 = SURFACE_CURVE('',#2940,(#2944,#2950),.PCURVE_S1.);
#2940 = LINE('',#2941,#2942);
#2941 = CARTESIAN_POINT('',(-27.25,-37.5,18.511904761905));
#2942 = VECTOR('',#2943,1.);
#2943 = DIRECTION('',(1.,0.,0.));
#2944 = PCURVE('',#298,#2945);
#2945 = DEFINITIONAL_REPRESENTATION('',(#2946),#2949);
#2946 = B_SPLINE_CURVE_WITH_KNOTS('',1,(#2947,#2948),.UNSPECIFIED.,.F.,
  .F.,(2,2),(-20.95,-2.25),.PIECEWISE_BEZIER_KNOTS.);
#2947 = CARTESIAN_POINT('',(183.48676518721,-48.2));
#2948 = CARTESIAN_POINT('',(183.48676518721,-29.5));
#2949 = ( GEOMETRIC_REPRESENTATION_CONTEXT(2) 
PARAMETRIC_REPRESENTATION_CONTEXT() REPRESENTATION_CONTEXT('2D SPACE',''
  ) );
#2950 = PCURVE('',#1852,#2951);
#2951 = DEFINITIONAL_REPRESENTATION('',(#2952),#2955);
#2952 = B_SPLINE_CURVE_WITH_KNOTS('',1,(#2953,#2954),.UNSPECIFIED.,.F.,
  .F.,(2,2),(-20.95,-2.25),.PIECEWISE_BEZIER_KNOTS.);
#2953 = CARTESIAN_POINT('',(6.3,-81.48809523809));
#2954 = CARTESIAN_POINT('',(25.,-81.48809523809));
#2955 = ( GEOMETRIC_REPRESENTATION_CONTEXT(2) 
PARAMETRIC_REPRESENTATION_CONTEXT() REPRESENTATION_CONTEXT('2D SPACE',''
  ) );
#2956 = FACE_BOUND('',#2957,.T.);
#2957 = EDGE_LOOP('',(#2958));
#2958 = ORIENTED_EDGE('',*,*,#2959,.F.);
#2959 = EDGE_CURVE('',#2960,#2960,#2962,.T.);
#2960 = VERTEX_POINT('',#2961);
#2961 = CARTESIAN_POINT('',(-40.3,-50.,15.238095238095));
#2962 = SURFACE_CURVE('',#2963,(#2968,#2975),.PCURVE_S1.);
#2963 = CIRCLE('',#2964,1.7);
#2964 = AXIS2_PLACEMENT_3D('',#2965,#2966,#2967);
#2965 = CARTESIAN_POINT('',(-42.,-50.,15.238095238095));
#2966 = DIRECTION('',(0.,-0.253359391838,0.96737222338));
#2967 = DIRECTION('',(1.,0.,0.));
#2968 = PCURVE('',#298,#2969);
#2969 = DEFINITIONAL_REPRESENTATION('',(#2970),#2974);
#2970 = CIRCLE('',#2971,1.7);
#2971 = AXIS2_PLACEMENT_2D('',#2972,#2973);
#2972 = CARTESIAN_POINT('',(196.4083683694,-42.));
#2973 = DIRECTION('',(0.,1.));
#2974 = ( GEOMETRIC_REPRESENTATION_CONTEXT(2) 
PARAMETRIC_REPRESENTATION_CONTEXT() REPRESENTATION_CONTEXT('2D SPACE',''
  ) );
#2975 = PCURVE('',#2976,#2981);
#2976 = CYLINDRICAL_SURFACE('',#2977,1.7);
#2977 = AXIS2_PLACEMENT_3D('',#2978,#2979,#2980);
#2978 = CARTESIAN_POINT('',(-42.,-34.79843648973,-42.80423816471));
#2979 = DIRECTION('',(0.,-0.253359391838,0.96737222338));
#2980 = DIRECTION('',(1.,0.,0.));
#2981 = DEFINITIONAL_REPRESENTATION('',(#2982),#2986);
#2982 = LINE('',#2983,#2984);
#2983 = CARTESIAN_POINT('',(0.,60.));
#2984 = VECTOR('',#2985,1.);
#2985 = DIRECTION('',(1.,0.));
#2986 = ( GEOMETRIC_REPRESENTATION_CONTEXT(2) 
PARAMETRIC_REPRESENTATION_CONTEXT() REPRESENTATION_CONTEXT('2D SPACE',''
  ) );
#2987 = FACE_BOUND('',#2988,.T.);
#2988 = EDGE_LOOP('',(#2989));
#2989 = ORIENTED_EDGE('',*,*,#2990,.F.);
#2990 = EDGE_CURVE('',#2991,#2991,#2993,.T.);
#2991 = VERTEX_POINT('',#2992);
#2992 = CARTESIAN_POINT('',(43.7,-50.,15.238095238095));
#2993 = SURFACE_CURVE('',#2994,(#2999,#3006),.PCURVE_S1.);
#2994 = CIRCLE('',#2995,1.7);
#2995 = AXIS2_PLACEMENT_3D('',#2996,#2997,#2998);
#2996 = CARTESIAN_POINT('',(42.,-50.,15.238095238095));
#2997 = DIRECTION('',(0.,-0.253359391838,0.96737222338));
#2998 = DIRECTION('',(1.,0.,0.));
#2999 = PCURVE('',#298,#3000);
#3000 = DEFINITIONAL_REPRESENTATION('',(#3001),#3005);
#3001 = CIRCLE('',#3002,1.7);
#3002 = AXIS2_PLACEMENT_2D('',#3003,#3004);
#3003 = CARTESIAN_POINT('',(196.4083683694,42.));
#3004 = DIRECTION('',(0.,1.));
#3005 = ( GEOMETRIC_REPRESENTATION_CONTEXT(2) 
PARAMETRIC_REPRESENTATION_CONTEXT() REPRESENTATION_CONTEXT('2D SPACE',''
  ) );
#3006 = PCURVE('',#3007,#3012);
#3007 = CYLINDRICAL_SURFACE('',#3008,1.7);
#3008 = AXIS2_PLACEMENT_3D('',#3009,#3010,#3011);
#3009 = CARTESIAN_POINT('',(42.,-34.79843648973,-42.80423816471));
#3010 = DIRECTION('',(0.,-0.253359391838,0.96737222338));
#3011 = DIRECTION('',(1.,0.,0.));
#3012 = DEFINITIONAL_REPRESENTATION('',(#3013),#3017);
#3013 = LINE('',#3014,#3015);
#3014 = CARTESIAN_POINT('',(0.,60.));
#3015 = VECTOR('',#3016,1.);
#3016 = DIRECTION('',(1.,0.));
#3017 = ( GEOMETRIC_REPRESENTATION_CONTEXT(2) 
PARAMETRIC_REPRESENTATION_CONTEXT() REPRESENTATION_CONTEXT('2D SPACE',''
  ) );
#3018 = ADVANCED_FACE('',(#3019),#271,.T.);
#3019 = FACE_BOUND('',#3020,.F.);
#3020 = EDGE_LOOP('',(#3021,#3044,#3134,#3135));
#3021 = ORIENTED_EDGE('',*,*,#3022,.F.);
#3022 = EDGE_CURVE('',#3023,#2174,#3025,.T.);
#3023 = VERTEX_POINT('',#3024);
#3024 = CARTESIAN_POINT('',(-46.,-70.,1.5));
#3025 = SURFACE_CURVE('',#3026,(#3030,#3037),.PCURVE_S1.);
#3026 = LINE('',#3027,#3028);
#3027 = CARTESIAN_POINT('',(-46.,-70.,0.));
#3028 = VECTOR('',#3029,1.);
#3029 = DIRECTION('',(0.,0.,1.));
#3030 = PCURVE('',#271,#3031);
#3031 = DEFINITIONAL_REPRESENTATION('',(#3032),#3036);
#3032 = LINE('',#3033,#3034);
#3033 = CARTESIAN_POINT('',(-0.,0.));
#3034 = VECTOR('',#3035,1.);
#3035 = DIRECTION('',(-0.,1.));
#3036 = ( GEOMETRIC_REPRESENTATION_CONTEXT(2) 
PARAMETRIC_REPRESENTATION_CONTEXT() REPRESENTATION_CONTEXT('2D SPACE',''
  ) );
#3037 = PCURVE('',#2218,#3038);
#3038 = DEFINITIONAL_REPRESENTATION('',(#3039),#3043);
#3039 = LINE('',#3040,#3041);
#3040 = CARTESIAN_POINT('',(0.,-46.));
#3041 = VECTOR('',#3042,1.);
#3042 = DIRECTION('',(1.,0.));
#3043 = ( GEOMETRIC_REPRESENTATION_CONTEXT(2) 
PARAMETRIC_REPRESENTATION_CONTEXT() REPRESENTATION_CONTEXT('2D SPACE',''
  ) );
#3044 = ORIENTED_EDGE('',*,*,#3045,.F.);
#3045 = EDGE_CURVE('',#228,#3023,#3046,.T.);
#3046 = SURFACE_CURVE('',#3047,(#3064,#3094),.PCURVE_S1.);
#3047 = B_SPLINE_CURVE_WITH_KNOTS('',8,(#3048,#3049,#3050,#3051,#3052,
    #3053,#3054,#3055,#3056,#3057,#3058,#3059,#3060,#3061,#3062,#3063),
  .UNSPECIFIED.,.F.,.F.,(9,7,9),(207.87713846347,208.09038476615,
    214.40654491707),.UNSPECIFIED.);
#3048 = CARTESIAN_POINT('',(-50.,-66.,2.086657388257));
#3049 = CARTESIAN_POINT('',(-50.,-66.02651650429,2.082869316215));
#3050 = CARTESIAN_POINT('',(-49.99979899229,-66.05303428022,
    2.079081028785));
#3051 = CARTESIAN_POINT('',(-49.99939764057,-66.07954581909,
    2.075293792184));
#3052 = CARTESIAN_POINT('',(-49.99879429677,-66.10606979708,
    2.071504327727));
#3053 = CARTESIAN_POINT('',(-49.99799063138,-66.13258342194,
    2.067716085588));
#3054 = CARTESIAN_POINT('',(-49.99698652944,-66.15908941328,
    2.063928265239));
#3055 = CARTESIAN_POINT('',(-49.99577802631,-66.18563656719,
    2.060132220393));
#3056 = CARTESIAN_POINT('',(-49.95272855696,-66.99631631448,
    1.944167518767));
#3057 = CARTESIAN_POINT('',(-49.73540312396,-67.76363514035,
    1.833199517395));
#3058 = CARTESIAN_POINT('',(-49.35211488693,-68.46257410823,
    1.730297741646));
#3059 = CARTESIAN_POINT('',(-48.82781046975,-69.06210432376,
    1.641345600044));
#3060 = CARTESIAN_POINT('',(-48.19319931595,-69.52610015218,
    1.571491915657));
#3061 = CARTESIAN_POINT('',(-47.48671466021,-69.84219611328,
    1.523827811267));
#3062 = CARTESIAN_POINT('',(-46.74331985895,-69.99999999999,1.5));
#3063 = CARTESIAN_POINT('',(-46.,-70.,1.5));
#3064 = PCURVE('',#271,#3065);
#3065 = DEFINITIONAL_REPRESENTATION('',(#3066),#3093);
#3066 = B_SPLINE_CURVE_WITH_KNOTS('',5,(#3067,#3068,#3069,#3070,#3071,
    #3072,#3073,#3074,#3075,#3076,#3077,#3078,#3079,#3080,#3081,#3082,
    #3083,#3084,#3085,#3086,#3087,#3088,#3089,#3090,#3091,#3092),
  .UNSPECIFIED.,.F.,.F.,(6,4,4,4,4,4,6),(207.87713846347,208.08118241514
    ,208.28522636682,208.69331427017,209.50949007687,211.14184169027,
    214.40654491707),.UNSPECIFIED.);
#3067 = CARTESIAN_POINT('',(-1.570796326795,2.086657388257));
#3068 = CARTESIAN_POINT('',(-1.560647438392,2.080858023455));
#3069 = CARTESIAN_POINT('',(-1.550495573866,2.075056799108));
#3070 = CARTESIAN_POINT('',(-1.540354431959,2.069263607323));
#3071 = CARTESIAN_POINT('',(-1.530185472313,2.063454122082));
#3072 = CARTESIAN_POINT('',(-1.509878954375,2.051851411606));
#3073 = CARTESIAN_POINT('',(-1.499744908107,2.046061041264));
#3074 = CARTESIAN_POINT('',(-1.489599505593,2.040265820162));
#3075 = CARTESIAN_POINT('',(-1.479470488309,2.034482315298));
#3076 = CARTESIAN_POINT('',(-1.449094198489,2.017149149684));
#3077 = CARTESIAN_POINT('',(-1.428868193643,2.0056226351));
#3078 = CARTESIAN_POINT('',(-1.408667850995,1.994134955523));
#3079 = CARTESIAN_POINT('',(-1.388493977711,1.982696016798));
#3080 = CARTESIAN_POINT('',(-1.328054187448,1.948555140719));
#3081 = CARTESIAN_POINT('',(-1.287870835775,1.926030606364));
#3082 = CARTESIAN_POINT('',(-1.24779600846,1.903815587113));
#3083 = CARTESIAN_POINT('',(-1.207828388027,1.881983548374));
#3084 = CARTESIAN_POINT('',(-1.088243194945,1.817856769909));
#3085 = CARTESIAN_POINT('',(-1.008938735182,1.776922110593));
#3086 = CARTESIAN_POINT('',(-0.930024016586,1.738364993644));
#3087 = CARTESIAN_POINT('',(-0.851466290146,1.702665790555));
#3088 = CARTESIAN_POINT('',(-0.616755376579,1.605341103718));
#3089 = CARTESIAN_POINT('',(-0.461558940316,1.55348012966));
#3090 = CARTESIAN_POINT('',(-0.307367738485,1.517823887663));
#3091 = CARTESIAN_POINT('',(-0.153683167246,1.5));
#3092 = CARTESIAN_POINT('',(-1.7763568394E-15,1.5));
#3093 = ( GEOMETRIC_REPRESENTATION_CONTEXT(2) 
PARAMETRIC_REPRESENTATION_CONTEXT() REPRESENTATION_CONTEXT('2D SPACE',''
  ) );
#3094 = PCURVE('',#3095,#3128);
#3095 = B_SPLINE_SURFACE_WITH_KNOTS('',1,8,(
    (#3096,#3097,#3098,#3099,#3100,#3101,#3102,#3103,#3104,#3105,#3106
      ,#3107,#3108,#3109,#3110,#3111)
    ,(#3112,#3113,#3114,#3115,#3116,#3117,#3118,#3119,#3120,#3121,#3122
      ,#3123,#3124,#3125,#3126,#3127
    )),.UNSPECIFIED.,.F.,.F.,.F.,(2,2),(9,7,9),(0.,6.529406453607),(
    207.87713846347,208.09038476615,214.40654491707),.UNSPECIFIED.);
#3096 = CARTESIAN_POINT('',(-50.,-66.,2.086657388257));
#3097 = CARTESIAN_POINT('',(-50.,-66.02651650429,2.082869316215));
#3098 = CARTESIAN_POINT('',(-49.99979899229,-66.05303428022,
    2.079081028785));
#3099 = CARTESIAN_POINT('',(-49.99939764057,-66.07954581909,
    2.075293792184));
#3100 = CARTESIAN_POINT('',(-49.99879429677,-66.10606979708,
    2.071504327727));
#3101 = CARTESIAN_POINT('',(-49.99799063138,-66.13258342194,
    2.067716085588));
#3102 = CARTESIAN_POINT('',(-49.99698652944,-66.15908941328,
    2.063928265239));
#3103 = CARTESIAN_POINT('',(-49.99577802631,-66.18563656719,
    2.060132220393));
#3104 = CARTESIAN_POINT('',(-49.95272855696,-66.99631631448,
    1.944167518767));
#3105 = CARTESIAN_POINT('',(-49.73540312396,-67.76363514035,
    1.833199517395));
#3106 = CARTESIAN_POINT('',(-49.35211488693,-68.46257410823,
    1.730297741646));
#3107 = CARTESIAN_POINT('',(-48.82781046975,-69.06210432376,
    1.641345600044));
#3108 = CARTESIAN_POINT('',(-48.19319931595,-69.52610015218,
    1.571491915657));
#3109 = CARTESIAN_POINT('',(-47.48671466021,-69.84219611328,
    1.523827811267));
#3110 = CARTESIAN_POINT('',(-46.74331985895,-69.99999999999,1.5));
#3111 = CARTESIAN_POINT('',(-46.,-70.,1.5));
#3112 = CARTESIAN_POINT('',(-48.5,-65.78786796564,0.601733147765));
#3113 = CARTESIAN_POINT('',(-48.5,-65.81438446993,0.597945075723));
#3114 = CARTESIAN_POINT('',(-48.49999544893,-65.84095919114,
    0.594148686979));
#3115 = CARTESIAN_POINT('',(-48.50000957982,-65.86723114162,
    0.590395551196));
#3116 = CARTESIAN_POINT('',(-48.49999879677,-65.89419495893,
    0.586543577295));
#3117 = CARTESIAN_POINT('',(-48.49998376098,-65.92026391581,
    0.582819440598));
#3118 = CARTESIAN_POINT('',(-48.50001178582,-65.94702546283,
    0.578996362453));
#3119 = CARTESIAN_POINT('',(-48.50006235223,-65.9781966466,
    0.574543336199));
#3120 = CARTESIAN_POINT('',(-48.49838454359,-66.50147986003,
    0.499788591424));
#3121 = CARTESIAN_POINT('',(-48.38685086754,-66.99377920289,
    0.429460113873));
#3122 = CARTESIAN_POINT('',(-48.16654761859,-67.45882147064,
    0.363025504192));
#3123 = CARTESIAN_POINT('',(-47.84087566075,-67.86726540397,
    0.304676370862));
#3124 = CARTESIAN_POINT('',(-47.43611419445,-68.18614861498,
    0.25912162643));
#3125 = CARTESIAN_POINT('',(-46.97576646631,-68.40570197477,
    0.227756860748));
#3126 = CARTESIAN_POINT('',(-46.48788144747,-68.5150757595,
    0.212132034356));
#3127 = CARTESIAN_POINT('',(-45.99999999999,-68.5150757595,
    0.212132034356));
#3128 = DEFINITIONAL_REPRESENTATION('',(#3129),#3133);
#3129 = LINE('',#3130,#3131);
#3130 = CARTESIAN_POINT('',(0.,0.));
#3131 = VECTOR('',#3132,1.);
#3132 = DIRECTION('',(0.,1.));
#3133 = ( GEOMETRIC_REPRESENTATION_CONTEXT(2) 
PARAMETRIC_REPRESENTATION_CONTEXT() REPRESENTATION_CONTEXT('2D SPACE',''
  ) );
#3134 = ORIENTED_EDGE('',*,*,#255,.T.);
#3135 = ORIENTED_EDGE('',*,*,#2173,.T.);
#3136 = ADVANCED_FACE('',(#3137),#243,.F.);
#3137 = FACE_BOUND('',#3138,.F.);
#3138 = EDGE_LOOP('',(#3139,#3140,#3141,#3162));
#3139 = ORIENTED_EDGE('',*,*,#1048,.F.);
#3140 = ORIENTED_EDGE('',*,*,#227,.T.);
#3141 = ORIENTED_EDGE('',*,*,#3142,.T.);
#3142 = EDGE_CURVE('',#228,#3143,#3145,.T.);
#3143 = VERTEX_POINT('',#3144);
#3144 = CARTESIAN_POINT('',(-48.5,-65.78786796564,0.601733147765));
#3145 = SURFACE_CURVE('',#3146,(#3150,#3156),.PCURVE_S1.);
#3146 = LINE('',#3147,#3148);
#3147 = CARTESIAN_POINT('',(-49.25,-65.89393398282,1.344195268011));
#3148 = VECTOR('',#3149,1.);
#3149 = DIRECTION('',(0.707106781187,0.1,-0.7));
#3150 = PCURVE('',#243,#3151);
#3151 = DEFINITIONAL_REPRESENTATION('',(#3152),#3155);
#3152 = B_SPLINE_CURVE_WITH_KNOTS('',1,(#3153,#3154),.UNSPECIFIED.,.F.,
  .F.,(2,2),(-1.06066017178,1.06066017178),.PIECEWISE_BEZIER_KNOTS.);
#3153 = CARTESIAN_POINT('',(207.87713846347,-1.06066017178));
#3154 = CARTESIAN_POINT('',(207.87713846347,1.06066017178));
#3155 = ( GEOMETRIC_REPRESENTATION_CONTEXT(2) 
PARAMETRIC_REPRESENTATION_CONTEXT() REPRESENTATION_CONTEXT('2D SPACE',''
  ) );
#3156 = PCURVE('',#3095,#3157);
#3157 = DEFINITIONAL_REPRESENTATION('',(#3158),#3161);
#3158 = B_SPLINE_CURVE_WITH_KNOTS('',1,(#3159,#3160),.UNSPECIFIED.,.F.,
  .F.,(2,2),(-1.06066017178,1.06066017178),.PIECEWISE_BEZIER_KNOTS.);
#3159 = CARTESIAN_POINT('',(0.,207.87713846347));
#3160 = CARTESIAN_POINT('',(6.529406453607,207.87713846347));
#3161 = ( GEOMETRIC_REPRESENTATION_CONTEXT(2) 
PARAMETRIC_REPRESENTATION_CONTEXT() REPRESENTATION_CONTEXT('2D SPACE',''
  ) );
#3162 = ORIENTED_EDGE('',*,*,#3163,.F.);
#3163 = EDGE_CURVE('',#1049,#3143,#3164,.T.);
#3164 = SURFACE_CURVE('',#3165,(#3169,#3176),.PCURVE_S1.);
#3165 = LINE('',#3166,#3167);
#3166 = CARTESIAN_POINT('',(-48.5,140.,30.));
#3167 = VECTOR('',#3168,1.);
#3168 = DIRECTION('',(0.,-0.989949493661,-0.141421356237));
#3169 = PCURVE('',#243,#3170);
#3170 = DEFINITIONAL_REPRESENTATION('',(#3171),#3175);
#3171 = LINE('',#3172,#3173);
#3172 = CARTESIAN_POINT('',(0.,1.06066017178));
#3173 = VECTOR('',#3174,1.);
#3174 = DIRECTION('',(1.,0.));
#3175 = ( GEOMETRIC_REPRESENTATION_CONTEXT(2) 
PARAMETRIC_REPRESENTATION_CONTEXT() REPRESENTATION_CONTEXT('2D SPACE',''
  ) );
#3176 = PCURVE('',#1087,#3177);
#3177 = DEFINITIONAL_REPRESENTATION('',(#3178),#3182);
#3178 = LINE('',#3179,#3180);
#3179 = CARTESIAN_POINT('',(0.,-48.5));
#3180 = VECTOR('',#3181,1.);
#3181 = DIRECTION('',(1.,0.));
#3182 = ( GEOMETRIC_REPRESENTATION_CONTEXT(2) 
PARAMETRIC_REPRESENTATION_CONTEXT() REPRESENTATION_CONTEXT('2D SPACE',''
  ) );
#3183 = ADVANCED_FACE('',(#3184),#521,.F.);
#3184 = FACE_BOUND('',#3185,.F.);
#3185 = EDGE_LOOP('',(#3186,#3187,#3188,#3189));
#3186 = ORIENTED_EDGE('',*,*,#1025,.T.);
#3187 = ORIENTED_EDGE('',*,*,#1001,.F.);
#3188 = ORIENTED_EDGE('',*,*,#719,.T.);
#3189 = ORIENTED_EDGE('',*,*,#507,.T.);
#3190 = ADVANCED_FACE('',(#3191),#576,.F.);
#3191 = FACE_BOUND('',#3192,.F.);
#3192 = EDGE_LOOP('',(#3193,#3214,#3215,#3216,#3239));
#3193 = ORIENTED_EDGE('',*,*,#3194,.F.);
#3194 = EDGE_CURVE('',#1608,#3195,#3197,.T.);
#3195 = VERTEX_POINT('',#3196);
#3196 = CARTESIAN_POINT('',(-46.,142.5,34.388491786491));
#3197 = SURFACE_CURVE('',#3198,(#3202,#3208),.PCURVE_S1.);
#3198 = LINE('',#3199,#3200);
#3199 = CARTESIAN_POINT('',(-46.,145.36906255158,23.433889316816));
#3200 = VECTOR('',#3201,1.);
#3201 = DIRECTION('',(0.,0.253359391838,-0.96737222338));
#3202 = PCURVE('',#576,#3203);
#3203 = DEFINITIONAL_REPRESENTATION('',(#3204),#3207);
#3204 = B_SPLINE_CURVE_WITH_KNOTS('',1,(#3205,#3206),.UNSPECIFIED.,.F.,
  .F.,(2,2),(-62.89105183419,2.532605524817),.PIECEWISE_BEZIER_KNOTS.);
#3205 = CARTESIAN_POINT('',(-69.35042724026,48.618139014572));
#3206 = CARTESIAN_POINT('',(-85.92612528053,-14.67088986648));
#3207 = ( GEOMETRIC_REPRESENTATION_CONTEXT(2) 
PARAMETRIC_REPRESENTATION_CONTEXT() REPRESENTATION_CONTEXT('2D SPACE',''
  ) );
#3208 = PCURVE('',#1622,#3209);
#3209 = DEFINITIONAL_REPRESENTATION('',(#3210),#3213);
#3210 = B_SPLINE_CURVE_WITH_KNOTS('',1,(#3211,#3212),.UNSPECIFIED.,.F.,
  .F.,(2,2),(-62.89105183419,2.532605524817),.PIECEWISE_BEZIER_KNOTS.);
#3211 = CARTESIAN_POINT('',(96.320848502525,1.));
#3212 = CARTESIAN_POINT('',(30.897191143515,1.));
#3213 = ( GEOMETRIC_REPRESENTATION_CONTEXT(2) 
PARAMETRIC_REPRESENTATION_CONTEXT() REPRESENTATION_CONTEXT('2D SPACE',''
  ) );
#3214 = ORIENTED_EDGE('',*,*,#1633,.T.);
#3215 = ORIENTED_EDGE('',*,*,#560,.T.);
#3216 = ORIENTED_EDGE('',*,*,#3217,.T.);
#3217 = EDGE_CURVE('',#561,#3218,#3220,.T.);
#3218 = VERTEX_POINT('',#3219);
#3219 = CARTESIAN_POINT('',(-46.,142.5,73.679938829298));
#3220 = SURFACE_CURVE('',#3221,(#3225,#3232),.PCURVE_S1.);
#3221 = LINE('',#3222,#3223);
#3222 = CARTESIAN_POINT('',(-46.,136.35154734085,87.360245995891));
#3223 = VECTOR('',#3224,1.);
#3224 = DIRECTION('',(0.,0.409938501027,-0.912113164786));
#3225 = PCURVE('',#576,#3226);
#3226 = DEFINITIONAL_REPRESENTATION('',(#3227),#3231);
#3227 = LINE('',#3228,#3229);
#3228 = CARTESIAN_POINT('',(-76.26695067428,51.705439050082));
#3229 = VECTOR('',#3230,1.);
#3230 = DIRECTION('',(-0.409938501027,-0.912113164786));
#3231 = ( GEOMETRIC_REPRESENTATION_CONTEXT(2) 
PARAMETRIC_REPRESENTATION_CONTEXT() REPRESENTATION_CONTEXT('2D SPACE',''
  ) );
#3232 = PCURVE('',#603,#3233);
#3233 = DEFINITIONAL_REPRESENTATION('',(#3234),#3238);
#3234 = LINE('',#3235,#3236);
#3235 = CARTESIAN_POINT('',(-3.384777409977,-46.));
#3236 = VECTOR('',#3237,1.);
#3237 = DIRECTION('',(1.,0.));
#3238 = ( GEOMETRIC_REPRESENTATION_CONTEXT(2) 
PARAMETRIC_REPRESENTATION_CONTEXT() REPRESENTATION_CONTEXT('2D SPACE',''
  ) );
#3239 = ORIENTED_EDGE('',*,*,#3240,.F.);
#3240 = EDGE_CURVE('',#3195,#3218,#3241,.T.);
#3241 = SURFACE_CURVE('',#3242,(#3246,#3252),.PCURVE_S1.);
#3242 = LINE('',#3243,#3244);
#3243 = CARTESIAN_POINT('',(-46.,142.5,67.827403472904));
#3244 = VECTOR('',#3245,1.);
#3245 = DIRECTION('',(-0.,0.,1.));
#3246 = PCURVE('',#576,#3247);
#3247 = DEFINITIONAL_REPRESENTATION('',(#3248),#3251);
#3248 = B_SPLINE_CURVE_WITH_KNOTS('',1,(#3249,#3250),.UNSPECIFIED.,.F.,
  .F.,(2,2),(-38.33240732498,11.219194000279),.PIECEWISE_BEZIER_KNOTS.);
#3249 = CARTESIAN_POINT('',(-82.41540333342,-6.159810797891));
#3250 = CARTESIAN_POINT('',(-82.41540333342,43.391790527375));
#3251 = ( GEOMETRIC_REPRESENTATION_CONTEXT(2) 
PARAMETRIC_REPRESENTATION_CONTEXT() REPRESENTATION_CONTEXT('2D SPACE',''
  ) );
#3252 = PCURVE('',#3253,#3258);
#3253 = PLANE('',#3254);
#3254 = AXIS2_PLACEMENT_3D('',#3255,#3256,#3257);
#3255 = CARTESIAN_POINT('',(-54.5,142.5,100.));
#3256 = DIRECTION('',(0.,-1.,0.));
#3257 = DIRECTION('',(1.,0.,0.));
#3258 = DEFINITIONAL_REPRESENTATION('',(#3259),#3262);
#3259 = B_SPLINE_CURVE_WITH_KNOTS('',1,(#3260,#3261),.UNSPECIFIED.,.F.,
  .F.,(2,2),(-38.33240732498,11.219194000279),.PIECEWISE_BEZIER_KNOTS.);
#3260 = CARTESIAN_POINT('',(8.5,-70.50500385208));
#3261 = CARTESIAN_POINT('',(8.5,-20.95340252681));
#3262 = ( GEOMETRIC_REPRESENTATION_CONTEXT(2) 
PARAMETRIC_REPRESENTATION_CONTEXT() REPRESENTATION_CONTEXT('2D SPACE',''
  ) );
#3263 = ADVANCED_FACE('',(#3264,#3532,#3638),#603,.T.);
#3264 = FACE_BOUND('',#3265,.T.);
#3265 = EDGE_LOOP('',(#3266,#3289,#3290,#3291,#3313,#3341,#3368,#3396,
    #3424,#3452,#3479,#3507));
#3266 = ORIENTED_EDGE('',*,*,#3267,.F.);
#3267 = EDGE_CURVE('',#588,#3268,#3270,.T.);
#3268 = VERTEX_POINT('',#3269);
#3269 = CARTESIAN_POINT('',(46.,142.5,73.679938829298));
#3270 = SURFACE_CURVE('',#3271,(#3275,#3282),.PCURVE_S1.);
#3271 = LINE('',#3272,#3273);
#3272 = CARTESIAN_POINT('',(46.,136.35154734085,87.360245995891));
#3273 = VECTOR('',#3274,1.);
#3274 = DIRECTION('',(0.,0.409938501027,-0.912113164786));
#3275 = PCURVE('',#603,#3276);
#3276 = DEFINITIONAL_REPRESENTATION('',(#3277),#3281);
#3277 = LINE('',#3278,#3279);
#3278 = CARTESIAN_POINT('',(-3.384777409977,46.));
#3279 = VECTOR('',#3280,1.);
#3280 = DIRECTION('',(1.,0.));
#3281 = ( GEOMETRIC_REPRESENTATION_CONTEXT(2) 
PARAMETRIC_REPRESENTATION_CONTEXT() REPRESENTATION_CONTEXT('2D SPACE',''
  ) );
#3282 = PCURVE('',#631,#3283);
#3283 = DEFINITIONAL_REPRESENTATION('',(#3284),#3288);
#3284 = LINE('',#3285,#3286);
#3285 = CARTESIAN_POINT('',(-76.26695067428,51.705439050082));
#3286 = VECTOR('',#3287,1.);
#3287 = DIRECTION('',(-0.409938501027,-0.912113164786));
#3288 = ( GEOMETRIC_REPRESENTATION_CONTEXT(2) 
PARAMETRIC_REPRESENTATION_CONTEXT() REPRESENTATION_CONTEXT('2D SPACE',''
  ) );
#3289 = ORIENTED_EDGE('',*,*,#587,.F.);
#3290 = ORIENTED_EDGE('',*,*,#3217,.T.);
#3291 = ORIENTED_EDGE('',*,*,#3292,.F.);
#3292 = EDGE_CURVE('',#3293,#3218,#3295,.T.);
#3293 = VERTEX_POINT('',#3294);
#3294 = CARTESIAN_POINT('',(-45.,142.5,73.679938829298));
#3295 = SURFACE_CURVE('',#3296,(#3300,#3307),.PCURVE_S1.);
#3296 = LINE('',#3297,#3298);
#3297 = CARTESIAN_POINT('',(-27.25,142.5,73.679938829298));
#3298 = VECTOR('',#3299,1.);
#3299 = DIRECTION('',(-1.,-0.,0.));
#3300 = PCURVE('',#603,#3301);
#3301 = DEFINITIONAL_REPRESENTATION('',(#3302),#3306);
#3302 = LINE('',#3303,#3304);
#3303 = CARTESIAN_POINT('',(11.613698321712,-27.25));
#3304 = VECTOR('',#3305,1.);
#3305 = DIRECTION('',(0.,-1.));
#3306 = ( GEOMETRIC_REPRESENTATION_CONTEXT(2) 
PARAMETRIC_REPRESENTATION_CONTEXT() REPRESENTATION_CONTEXT('2D SPACE',''
  ) );
#3307 = PCURVE('',#3253,#3308);
#3308 = DEFINITIONAL_REPRESENTATION('',(#3309),#3312);
#3309 = B_SPLINE_CURVE_WITH_KNOTS('',1,(#3310,#3311),.UNSPECIFIED.,.F.,
  .F.,(2,2),(2.25,18.75),.PIECEWISE_BEZIER_KNOTS.);
#3310 = CARTESIAN_POINT('',(25.,-26.3200611707));
#3311 = CARTESIAN_POINT('',(8.5,-26.3200611707));
#3312 = ( GEOMETRIC_REPRESENTATION_CONTEXT(2) 
PARAMETRIC_REPRESENTATION_CONTEXT() REPRESENTATION_CONTEXT('2D SPACE',''
  ) );
#3313 = ORIENTED_EDGE('',*,*,#3314,.T.);
#3314 = EDGE_CURVE('',#3293,#3315,#3317,.T.);
#3315 = VERTEX_POINT('',#3316);
#3316 = CARTESIAN_POINT('',(-45.,145.,68.117438829298));
#3317 = SURFACE_CURVE('',#3318,(#3322,#3329),.PCURVE_S1.);
#3318 = LINE('',#3319,#3320);
#3319 = CARTESIAN_POINT('',(-45.,136.35154734085,87.360245995891));
#3320 = VECTOR('',#3321,1.);
#3321 = DIRECTION('',(0.,0.409938501027,-0.912113164786));
#3322 = PCURVE('',#603,#3323);
#3323 = DEFINITIONAL_REPRESENTATION('',(#3324),#3328);
#3324 = LINE('',#3325,#3326);
#3325 = CARTESIAN_POINT('',(-3.384777409977,-45.));
#3326 = VECTOR('',#3327,1.);
#3327 = DIRECTION('',(1.,0.));
#3328 = ( GEOMETRIC_REPRESENTATION_CONTEXT(2) 
PARAMETRIC_REPRESENTATION_CONTEXT() REPRESENTATION_CONTEXT('2D SPACE',''
  ) );
#3329 = PCURVE('',#3330,#3335);
#3330 = PLANE('',#3331);
#3331 = AXIS2_PLACEMENT_3D('',#3332,#3333,#3334);
#3332 = CARTESIAN_POINT('',(-45.,60.084596666577,35.654806945809));
#3333 = DIRECTION('',(-1.,-0.,-0.));
#3334 = DIRECTION('',(0.,-1.,0.));
#3335 = DEFINITIONAL_REPRESENTATION('',(#3336),#3340);
#3336 = LINE('',#3337,#3338);
#3337 = CARTESIAN_POINT('',(-76.26695067428,51.705439050082));
#3338 = VECTOR('',#3339,1.);
#3339 = DIRECTION('',(-0.409938501027,-0.912113164786));
#3340 = ( GEOMETRIC_REPRESENTATION_CONTEXT(2) 
PARAMETRIC_REPRESENTATION_CONTEXT() REPRESENTATION_CONTEXT('2D SPACE',''
  ) );
#3341 = ORIENTED_EDGE('',*,*,#3342,.T.);
#3342 = EDGE_CURVE('',#3315,#3343,#3345,.T.);
#3343 = VERTEX_POINT('',#3344);
#3344 = CARTESIAN_POINT('',(-46.,145.,68.117438829298));
#3345 = SURFACE_CURVE('',#3346,(#3350,#3357),.PCURVE_S1.);
#3346 = LINE('',#3347,#3348);
#3347 = CARTESIAN_POINT('',(-27.5,145.,68.117438829298));
#3348 = VECTOR('',#3349,1.);
#3349 = DIRECTION('',(-1.,-0.,0.));
#3350 = PCURVE('',#603,#3351);
#3351 = DEFINITIONAL_REPRESENTATION('',(#3352),#3356);
#3352 = LINE('',#3353,#3354);
#3353 = CARTESIAN_POINT('',(17.712174053401,-27.5));
#3354 = VECTOR('',#3355,1.);
#3355 = DIRECTION('',(0.,-1.));
#3356 = ( GEOMETRIC_REPRESENTATION_CONTEXT(2) 
PARAMETRIC_REPRESENTATION_CONTEXT() REPRESENTATION_CONTEXT('2D SPACE',''
  ) );
#3357 = PCURVE('',#3358,#3363);
#3358 = PLANE('',#3359);
#3359 = AXIS2_PLACEMENT_3D('',#3360,#3361,#3362);
#3360 = CARTESIAN_POINT('',(-55.,145.,100.));
#3361 = DIRECTION('',(0.,-1.,0.));
#3362 = DIRECTION('',(1.,0.,0.));
#3363 = DEFINITIONAL_REPRESENTATION('',(#3364),#3367);
#3364 = B_SPLINE_CURVE_WITH_KNOTS('',1,(#3365,#3366),.UNSPECIFIED.,.F.,
  .F.,(2,2),(-73.5,18.5),.PIECEWISE_BEZIER_KNOTS.);
#3365 = CARTESIAN_POINT('',(101.,-31.8825611707));
#3366 = CARTESIAN_POINT('',(9.,-31.8825611707));
#3367 = ( GEOMETRIC_REPRESENTATION_CONTEXT(2) 
PARAMETRIC_REPRESENTATION_CONTEXT() REPRESENTATION_CONTEXT('2D SPACE',''
  ) );
#3368 = ORIENTED_EDGE('',*,*,#3369,.T.);
#3369 = EDGE_CURVE('',#3343,#3370,#3372,.T.);
#3370 = VERTEX_POINT('',#3371);
#3371 = CARTESIAN_POINT('',(-46.,173.81682644013,4.));
#3372 = SURFACE_CURVE('',#3373,(#3377,#3384),.PCURVE_S1.);
#3373 = LINE('',#3374,#3375);
#3374 = CARTESIAN_POINT('',(-46.,136.35154734085,87.360245995891));
#3375 = VECTOR('',#3376,1.);
#3376 = DIRECTION('',(0.,0.409938501027,-0.912113164786));
#3377 = PCURVE('',#603,#3378);
#3378 = DEFINITIONAL_REPRESENTATION('',(#3379),#3383);
#3379 = LINE('',#3380,#3381);
#3380 = CARTESIAN_POINT('',(-3.384777409977,-46.));
#3381 = VECTOR('',#3382,1.);
#3382 = DIRECTION('',(1.,0.));
#3383 = ( GEOMETRIC_REPRESENTATION_CONTEXT(2) 
PARAMETRIC_REPRESENTATION_CONTEXT() REPRESENTATION_CONTEXT('2D SPACE',''
  ) );
#3384 = PCURVE('',#3385,#3390);
#3385 = PLANE('',#3386);
#3386 = AXIS2_PLACEMENT_3D('',#3387,#3388,#3389);
#3387 = CARTESIAN_POINT('',(-46.,60.084596666577,35.654806945809));
#3388 = DIRECTION('',(-1.,-0.,-0.));
#3389 = DIRECTION('',(0.,-1.,0.));
#3390 = DEFINITIONAL_REPRESENTATION('',(#3391),#3395);
#3391 = LINE('',#3392,#3393);
#3392 = CARTESIAN_POINT('',(-76.26695067428,51.705439050082));
#3393 = VECTOR('',#3394,1.);
#3394 = DIRECTION('',(-0.409938501027,-0.912113164786));
#3395 = ( GEOMETRIC_REPRESENTATION_CONTEXT(2) 
PARAMETRIC_REPRESENTATION_CONTEXT() REPRESENTATION_CONTEXT('2D SPACE',''
  ) );
#3396 = ORIENTED_EDGE('',*,*,#3397,.F.);
#3397 = EDGE_CURVE('',#3398,#3370,#3400,.T.);
#3398 = VERTEX_POINT('',#3399);
#3399 = CARTESIAN_POINT('',(46.,173.81682644013,4.));
#3400 = SURFACE_CURVE('',#3401,(#3405,#3412),.PCURVE_S1.);
#3401 = LINE('',#3402,#3403);
#3402 = CARTESIAN_POINT('',(46.,173.81682644013,4.));
#3403 = VECTOR('',#3404,1.);
#3404 = DIRECTION('',(-1.,0.,0.));
#3405 = PCURVE('',#603,#3406);
#3406 = DEFINITIONAL_REPRESENTATION('',(#3407),#3411);
#3407 = LINE('',#3408,#3409);
#3408 = CARTESIAN_POINT('',(88.007660737181,46.));
#3409 = VECTOR('',#3410,1.);
#3410 = DIRECTION('',(0.,-1.));
#3411 = ( GEOMETRIC_REPRESENTATION_CONTEXT(2) 
PARAMETRIC_REPRESENTATION_CONTEXT() REPRESENTATION_CONTEXT('2D SPACE',''
  ) );
#3412 = PCURVE('',#3413,#3418);
#3413 = PLANE('',#3414);
#3414 = AXIS2_PLACEMENT_3D('',#3415,#3416,#3417);
#3415 = CARTESIAN_POINT('',(0.,173.81682644013,4.));
#3416 = DIRECTION('',(-0.,0.,1.));
#3417 = DIRECTION('',(0.,-1.,0.));
#3418 = DEFINITIONAL_REPRESENTATION('',(#3419),#3423);
#3419 = LINE('',#3420,#3421);
#3420 = CARTESIAN_POINT('',(-2.84217094304E-14,46.));
#3421 = VECTOR('',#3422,1.);
#3422 = DIRECTION('',(0.,-1.));
#3423 = ( GEOMETRIC_REPRESENTATION_CONTEXT(2) 
PARAMETRIC_REPRESENTATION_CONTEXT() REPRESENTATION_CONTEXT('2D SPACE',''
  ) );
#3424 = ORIENTED_EDGE('',*,*,#3425,.F.);
#3425 = EDGE_CURVE('',#3426,#3398,#3428,.T.);
#3426 = VERTEX_POINT('',#3427);
#3427 = CARTESIAN_POINT('',(46.,145.,68.117438829298));
#3428 = SURFACE_CURVE('',#3429,(#3433,#3440),.PCURVE_S1.);
#3429 = LINE('',#3430,#3431);
#3430 = CARTESIAN_POINT('',(46.,136.35154734085,87.360245995891));
#3431 = VECTOR('',#3432,1.);
#3432 = DIRECTION('',(0.,0.409938501027,-0.912113164786));
#3433 = PCURVE('',#603,#3434);
#3434 = DEFINITIONAL_REPRESENTATION('',(#3435),#3439);
#3435 = LINE('',#3436,#3437);
#3436 = CARTESIAN_POINT('',(-3.384777409977,46.));
#3437 = VECTOR('',#3438,1.);
#3438 = DIRECTION('',(1.,0.));
#3439 = ( GEOMETRIC_REPRESENTATION_CONTEXT(2) 
PARAMETRIC_REPRESENTATION_CONTEXT() REPRESENTATION_CONTEXT('2D SPACE',''
  ) );
#3440 = PCURVE('',#3441,#3446);
#3441 = PLANE('',#3442);
#3442 = AXIS2_PLACEMENT_3D('',#3443,#3444,#3445);
#3443 = CARTESIAN_POINT('',(46.,60.084596666577,35.654806945809));
#3444 = DIRECTION('',(-1.,-0.,-0.));
#3445 = DIRECTION('',(0.,-1.,0.));
#3446 = DEFINITIONAL_REPRESENTATION('',(#3447),#3451);
#3447 = LINE('',#3448,#3449);
#3448 = CARTESIAN_POINT('',(-76.26695067428,51.705439050082));
#3449 = VECTOR('',#3450,1.);
#3450 = DIRECTION('',(-0.409938501027,-0.912113164786));
#3451 = ( GEOMETRIC_REPRESENTATION_CONTEXT(2) 
PARAMETRIC_REPRESENTATION_CONTEXT() REPRESENTATION_CONTEXT('2D SPACE',''
  ) );
#3452 = ORIENTED_EDGE('',*,*,#3453,.T.);
#3453 = EDGE_CURVE('',#3426,#3454,#3456,.T.);
#3454 = VERTEX_POINT('',#3455);
#3455 = CARTESIAN_POINT('',(45.,145.,68.117438829298));
#3456 = SURFACE_CURVE('',#3457,(#3461,#3468),.PCURVE_S1.);
#3457 = LINE('',#3458,#3459);
#3458 = CARTESIAN_POINT('',(-27.5,145.,68.117438829298));
#3459 = VECTOR('',#3460,1.);
#3460 = DIRECTION('',(-1.,-0.,0.));
#3461 = PCURVE('',#603,#3462);
#3462 = DEFINITIONAL_REPRESENTATION('',(#3463),#3467);
#3463 = LINE('',#3464,#3465);
#3464 = CARTESIAN_POINT('',(17.712174053401,-27.5));
#3465 = VECTOR('',#3466,1.);
#3466 = DIRECTION('',(0.,-1.));
#3467 = ( GEOMETRIC_REPRESENTATION_CONTEXT(2) 
PARAMETRIC_REPRESENTATION_CONTEXT() REPRESENTATION_CONTEXT('2D SPACE',''
  ) );
#3468 = PCURVE('',#3469,#3474);
#3469 = PLANE('',#3470);
#3470 = AXIS2_PLACEMENT_3D('',#3471,#3472,#3473);
#3471 = CARTESIAN_POINT('',(-55.,145.,100.));
#3472 = DIRECTION('',(0.,-1.,0.));
#3473 = DIRECTION('',(1.,0.,0.));
#3474 = DEFINITIONAL_REPRESENTATION('',(#3475),#3478);
#3475 = B_SPLINE_CURVE_WITH_KNOTS('',1,(#3476,#3477),.UNSPECIFIED.,.F.,
  .F.,(2,2),(-73.5,18.5),.PIECEWISE_BEZIER_KNOTS.);
#3476 = CARTESIAN_POINT('',(101.,-31.8825611707));
#3477 = CARTESIAN_POINT('',(9.,-31.8825611707));
#3478 = ( GEOMETRIC_REPRESENTATION_CONTEXT(2) 
PARAMETRIC_REPRESENTATION_CONTEXT() REPRESENTATION_CONTEXT('2D SPACE',''
  ) );
#3479 = ORIENTED_EDGE('',*,*,#3480,.F.);
#3480 = EDGE_CURVE('',#3481,#3454,#3483,.T.);
#3481 = VERTEX_POINT('',#3482);
#3482 = CARTESIAN_POINT('',(45.,142.5,73.679938829298));
#3483 = SURFACE_CURVE('',#3484,(#3488,#3495),.PCURVE_S1.);
#3484 = LINE('',#3485,#3486);
#3485 = CARTESIAN_POINT('',(45.,136.35154734085,87.360245995891));
#3486 = VECTOR('',#3487,1.);
#3487 = DIRECTION('',(0.,0.409938501027,-0.912113164786));
#3488 = PCURVE('',#603,#3489);
#3489 = DEFINITIONAL_REPRESENTATION('',(#3490),#3494);
#3490 = LINE('',#3491,#3492);
#3491 = CARTESIAN_POINT('',(-3.384777409977,45.));
#3492 = VECTOR('',#3493,1.);
#3493 = DIRECTION('',(1.,0.));
#3494 = ( GEOMETRIC_REPRESENTATION_CONTEXT(2) 
PARAMETRIC_REPRESENTATION_CONTEXT() REPRESENTATION_CONTEXT('2D SPACE',''
  ) );
#3495 = PCURVE('',#3496,#3501);
#3496 = PLANE('',#3497);
#3497 = AXIS2_PLACEMENT_3D('',#3498,#3499,#3500);
#3498 = CARTESIAN_POINT('',(45.,60.084596666577,35.654806945809));
#3499 = DIRECTION('',(-1.,-0.,-0.));
#3500 = DIRECTION('',(0.,-1.,0.));
#3501 = DEFINITIONAL_REPRESENTATION('',(#3502),#3506);
#3502 = LINE('',#3503,#3504);
#3503 = CARTESIAN_POINT('',(-76.26695067428,51.705439050082));
#3504 = VECTOR('',#3505,1.);
#3505 = DIRECTION('',(-0.409938501027,-0.912113164786));
#3506 = ( GEOMETRIC_REPRESENTATION_CONTEXT(2) 
PARAMETRIC_REPRESENTATION_CONTEXT() REPRESENTATION_CONTEXT('2D SPACE',''
  ) );
#3507 = ORIENTED_EDGE('',*,*,#3508,.F.);
#3508 = EDGE_CURVE('',#3268,#3481,#3509,.T.);
#3509 = SURFACE_CURVE('',#3510,(#3514,#3521),.PCURVE_S1.);
#3510 = LINE('',#3511,#3512);
#3511 = CARTESIAN_POINT('',(14.75,142.5,73.679938829298));
#3512 = VECTOR('',#3513,1.);
#3513 = DIRECTION('',(-1.,-0.,0.));
#3514 = PCURVE('',#603,#3515);
#3515 = DEFINITIONAL_REPRESENTATION('',(#3516),#3520);
#3516 = LINE('',#3517,#3518);
#3517 = CARTESIAN_POINT('',(11.613698321712,14.75));
#3518 = VECTOR('',#3519,1.);
#3519 = DIRECTION('',(0.,-1.));
#3520 = ( GEOMETRIC_REPRESENTATION_CONTEXT(2) 
PARAMETRIC_REPRESENTATION_CONTEXT() REPRESENTATION_CONTEXT('2D SPACE',''
  ) );
#3521 = PCURVE('',#3522,#3527);
#3522 = PLANE('',#3523);
#3523 = AXIS2_PLACEMENT_3D('',#3524,#3525,#3526);
#3524 = CARTESIAN_POINT('',(29.5,142.5,100.));
#3525 = DIRECTION('',(0.,-1.,0.));
#3526 = DIRECTION('',(1.,0.,0.));
#3527 = DEFINITIONAL_REPRESENTATION('',(#3528),#3531);
#3528 = B_SPLINE_CURVE_WITH_KNOTS('',1,(#3529,#3530),.UNSPECIFIED.,.F.,
  .F.,(2,2),(-31.25,-14.75),.PIECEWISE_BEZIER_KNOTS.);
#3529 = CARTESIAN_POINT('',(16.5,-26.3200611707));
#3530 = CARTESIAN_POINT('',(0.,-26.3200611707));
#3531 = ( GEOMETRIC_REPRESENTATION_CONTEXT(2) 
PARAMETRIC_REPRESENTATION_CONTEXT() REPRESENTATION_CONTEXT('2D SPACE',''
  ) );
#3532 = FACE_BOUND('',#3533,.T.);
#3533 = EDGE_LOOP('',(#3534,#3562,#3588,#3614));
#3534 = ORIENTED_EDGE('',*,*,#3535,.F.);
#3535 = EDGE_CURVE('',#3536,#3538,#3540,.T.);
#3536 = VERTEX_POINT('',#3537);
#3537 = CARTESIAN_POINT('',(-20.75,142.05795658489,74.663485427915));
#3538 = VERTEX_POINT('',#3539);
#3539 = CARTESIAN_POINT('',(-19.25,142.05795658489,74.663485427915));
#3540 = SURFACE_CURVE('',#3541,(#3545,#3551),.PCURVE_S1.);
#3541 = LINE('',#3542,#3543);
#3542 = CARTESIAN_POINT('',(10.,142.05795658489,74.663485427915));
#3543 = VECTOR('',#3544,1.);
#3544 = DIRECTION('',(1.,-1.282352669264E-16,2.853234689113E-16));
#3545 = PCURVE('',#603,#3546);
#3546 = DEFINITIONAL_REPRESENTATION('',(#3547),#3550);
#3547 = B_SPLINE_CURVE_WITH_KNOTS('',1,(#3548,#3549),.UNSPECIFIED.,.F.,
  .F.,(2,2),(-30.75,10.75),.PIECEWISE_BEZIER_KNOTS.);
#3548 = CARTESIAN_POINT('',(10.535381905954,-20.75));
#3549 = CARTESIAN_POINT('',(10.535381905954,20.75));
#3550 = ( GEOMETRIC_REPRESENTATION_CONTEXT(2) 
PARAMETRIC_REPRESENTATION_CONTEXT() REPRESENTATION_CONTEXT('2D SPACE',''
  ) );
#3551 = PCURVE('',#3552,#3557);
#3552 = PLANE('',#3553);
#3553 = AXIS2_PLACEMENT_3D('',#3554,#3555,#3556);
#3554 = CARTESIAN_POINT('',(20.,144.8755728634,54.940171478311));
#3555 = DIRECTION('',(8.659560562355E-17,0.989949493661,0.141421356237)
  );
#3556 = DIRECTION('',(-1.,9.797174393179E-17,-7.347880794884E-17));
#3557 = DEFINITIONAL_REPRESENTATION('',(#3558),#3561);
#3558 = B_SPLINE_CURVE_WITH_KNOTS('',1,(#3559,#3560),.UNSPECIFIED.,.F.,
  .F.,(2,2),(-30.75,10.75),.PIECEWISE_BEZIER_KNOTS.);
#3559 = CARTESIAN_POINT('',(40.75,19.923555773195));
#3560 = CARTESIAN_POINT('',(-0.75,19.923555773195));
#3561 = ( GEOMETRIC_REPRESENTATION_CONTEXT(2) 
PARAMETRIC_REPRESENTATION_CONTEXT() REPRESENTATION_CONTEXT('2D SPACE',''
  ) );
#3562 = ORIENTED_EDGE('',*,*,#3563,.T.);
#3563 = EDGE_CURVE('',#3536,#3564,#3566,.T.);
#3564 = VERTEX_POINT('',#3565);
#3565 = CARTESIAN_POINT('',(-20.75,142.02534468072,74.736046914686));
#3566 = SURFACE_CURVE('',#3567,(#3571,#3577),.PCURVE_S1.);
#3567 = LINE('',#3568,#3569);
#3568 = CARTESIAN_POINT('',(-20.75,147.64835146828,62.224856812367));
#3569 = VECTOR('',#3570,1.);
#3570 = DIRECTION('',(-1.071833779133E-16,-0.409938501027,0.912113164786
    ));
#3571 = PCURVE('',#603,#3572);
#3572 = DEFINITIONAL_REPRESENTATION('',(#3573),#3576);
#3573 = B_SPLINE_CURVE_WITH_KNOTS('',1,(#3574,#3575),.UNSPECIFIED.,.F.,
  .F.,(2,2),(13.637155010771,13.716708173221),.PIECEWISE_BEZIER_KNOTS.);
#3574 = CARTESIAN_POINT('',(10.535381905954,-20.75));
#3575 = CARTESIAN_POINT('',(10.455828743504,-20.75));
#3576 = ( GEOMETRIC_REPRESENTATION_CONTEXT(2) 
PARAMETRIC_REPRESENTATION_CONTEXT() REPRESENTATION_CONTEXT('2D SPACE',''
  ) );
#3577 = PCURVE('',#3578,#3583);
#3578 = PLANE('',#3579);
#3579 = AXIS2_PLACEMENT_3D('',#3580,#3581,#3582);
#3580 = CARTESIAN_POINT('',(-20.75,145.72410100083,34.858338892613));
#3581 = DIRECTION('',(1.,-9.797174393179E-17,7.347880794884E-17));
#3582 = DIRECTION('',(-8.659560562355E-17,-0.141421356237,0.989949493661
    ));
#3583 = DEFINITIONAL_REPRESENTATION('',(#3584),#3587);
#3584 = B_SPLINE_CURVE_WITH_KNOTS('',1,(#3585,#3586),.UNSPECIFIED.,.F.,
  .F.,(2,2),(13.637155010771,13.716708173221),.PIECEWISE_BEZIER_KNOTS.);
#3585 = CARTESIAN_POINT('',(39.923555773195,-2.));
#3586 = CARTESIAN_POINT('',(40.,-1.977977605853));
#3587 = ( GEOMETRIC_REPRESENTATION_CONTEXT(2) 
PARAMETRIC_REPRESENTATION_CONTEXT() REPRESENTATION_CONTEXT('2D SPACE',''
  ) );
#3588 = ORIENTED_EDGE('',*,*,#3589,.F.);
#3589 = EDGE_CURVE('',#3590,#3564,#3592,.T.);
#3590 = VERTEX_POINT('',#3591);
#3591 = CARTESIAN_POINT('',(-19.25,142.02534468072,74.736046914686));
#3592 = SURFACE_CURVE('',#3593,(#3597,#3603),.PCURVE_S1.);
#3593 = LINE('',#3594,#3595);
#3594 = CARTESIAN_POINT('',(-9.625,142.02534468072,74.736046914686));
#3595 = VECTOR('',#3596,1.);
#3596 = DIRECTION('',(-1.,3.694258820957E-17,-8.21972587663E-17));
#3597 = PCURVE('',#603,#3598);
#3598 = DEFINITIONAL_REPRESENTATION('',(#3599),#3602);
#3599 = B_SPLINE_CURVE_WITH_KNOTS('',1,(#3600,#3601),.UNSPECIFIED.,.F.,
  .F.,(2,2),(9.625,11.125),.PIECEWISE_BEZIER_KNOTS.);
#3600 = CARTESIAN_POINT('',(10.455828743504,-19.25));
#3601 = CARTESIAN_POINT('',(10.455828743504,-20.75));
#3602 = ( GEOMETRIC_REPRESENTATION_CONTEXT(2) 
PARAMETRIC_REPRESENTATION_CONTEXT() REPRESENTATION_CONTEXT('2D SPACE',''
  ) );
#3603 = PCURVE('',#3604,#3609);
#3604 = PLANE('',#3605);
#3605 = AXIS2_PLACEMENT_3D('',#3606,#3607,#3608);
#3606 = CARTESIAN_POINT('',(-19.25,140.06724675133,74.45631863906));
#3607 = DIRECTION('',(-8.659560562355E-17,-0.141421356237,0.989949493661
    ));
#3608 = DIRECTION('',(-1.,9.797174393179E-17,-7.347880794884E-17));
#3609 = DEFINITIONAL_REPRESENTATION('',(#3610),#3613);
#3610 = B_SPLINE_CURVE_WITH_KNOTS('',1,(#3611,#3612),.UNSPECIFIED.,.F.,
  .F.,(2,2),(9.625,11.125),.PIECEWISE_BEZIER_KNOTS.);
#3611 = CARTESIAN_POINT('',(0.,-1.977977605853));
#3612 = CARTESIAN_POINT('',(1.5,-1.977977605853));
#3613 = ( GEOMETRIC_REPRESENTATION_CONTEXT(2) 
PARAMETRIC_REPRESENTATION_CONTEXT() REPRESENTATION_CONTEXT('2D SPACE',''
  ) );
#3614 = ORIENTED_EDGE('',*,*,#3615,.F.);
#3615 = EDGE_CURVE('',#3538,#3590,#3616,.T.);
#3616 = SURFACE_CURVE('',#3617,(#3621,#3627),.PCURVE_S1.);
#3617 = LINE('',#3618,#3619);
#3618 = CARTESIAN_POINT('',(-19.25,146.95899476804,63.758675470399));
#3619 = VECTOR('',#3620,1.);
#3620 = DIRECTION('',(-1.071833779133E-16,-0.409938501027,0.912113164786
    ));
#3621 = PCURVE('',#603,#3622);
#3622 = DEFINITIONAL_REPRESENTATION('',(#3623),#3626);
#3623 = B_SPLINE_CURVE_WITH_KNOTS('',1,(#3624,#3625),.UNSPECIFIED.,.F.,
  .F.,(2,2),(11.955544968017,12.035098130467),.PIECEWISE_BEZIER_KNOTS.);
#3624 = CARTESIAN_POINT('',(10.535381905954,-19.25));
#3625 = CARTESIAN_POINT('',(10.455828743504,-19.25));
#3626 = ( GEOMETRIC_REPRESENTATION_CONTEXT(2) 
PARAMETRIC_REPRESENTATION_CONTEXT() REPRESENTATION_CONTEXT('2D SPACE',''
  ) );
#3627 = PCURVE('',#3628,#3633);
#3628 = PLANE('',#3629);
#3629 = AXIS2_PLACEMENT_3D('',#3630,#3631,#3632);
#3630 = CARTESIAN_POINT('',(-19.25,145.22912625399,38.323162120427));
#3631 = DIRECTION('',(1.,-9.797174393179E-17,7.347880794884E-17));
#3632 = DIRECTION('',(-8.659560562355E-17,-0.141421356237,0.989949493661
    ));
#3633 = DEFINITIONAL_REPRESENTATION('',(#3634),#3637);
#3634 = B_SPLINE_CURVE_WITH_KNOTS('',1,(#3635,#3636),.UNSPECIFIED.,.F.,
  .F.,(2,2),(11.955544968017,12.035098130467),.PIECEWISE_BEZIER_KNOTS.);
#3635 = CARTESIAN_POINT('',(36.423555773195,-2.));
#3636 = CARTESIAN_POINT('',(36.5,-1.977977605853));
#3637 = ( GEOMETRIC_REPRESENTATION_CONTEXT(2) 
PARAMETRIC_REPRESENTATION_CONTEXT() REPRESENTATION_CONTEXT('2D SPACE',''
  ) );
#3638 = FACE_BOUND('',#3639,.T.);
#3639 = EDGE_LOOP('',(#3640,#3668,#3694,#3715));
#3640 = ORIENTED_EDGE('',*,*,#3641,.F.);
#3641 = EDGE_CURVE('',#3642,#3644,#3646,.T.);
#3642 = VERTEX_POINT('',#3643);
#3643 = CARTESIAN_POINT('',(20.75,142.02534468072,74.736046914686));
#3644 = VERTEX_POINT('',#3645);
#3645 = CARTESIAN_POINT('',(19.25,142.02534468072,74.736046914686));
#3646 = SURFACE_CURVE('',#3647,(#3651,#3657),.PCURVE_S1.);
#3647 = LINE('',#3648,#3649);
#3648 = CARTESIAN_POINT('',(10.375,142.02534468072,74.736046914686));
#3649 = VECTOR('',#3650,1.);
#3650 = DIRECTION('',(-1.,3.694258820957E-17,-8.21972587663E-17));
#3651 = PCURVE('',#603,#3652);
#3652 = DEFINITIONAL_REPRESENTATION('',(#3653),#3656);
#3653 = B_SPLINE_CURVE_WITH_KNOTS('',1,(#3654,#3655),.UNSPECIFIED.,.F.,
  .F.,(2,2),(-10.375,-8.875),.PIECEWISE_BEZIER_KNOTS.);
#3654 = CARTESIAN_POINT('',(10.455828743504,20.75));
#3655 = CARTESIAN_POINT('',(10.455828743504,19.25));
#3656 = ( GEOMETRIC_REPRESENTATION_CONTEXT(2) 
PARAMETRIC_REPRESENTATION_CONTEXT() REPRESENTATION_CONTEXT('2D SPACE',''
  ) );
#3657 = PCURVE('',#3658,#3663);
#3658 = PLANE('',#3659);
#3659 = AXIS2_PLACEMENT_3D('',#3660,#3661,#3662);
#3660 = CARTESIAN_POINT('',(20.75,140.06724675133,74.45631863906));
#3661 = DIRECTION('',(-8.659560562355E-17,-0.141421356237,0.989949493661
    ));
#3662 = DIRECTION('',(-1.,9.797174393179E-17,-7.347880794884E-17));
#3663 = DEFINITIONAL_REPRESENTATION('',(#3664),#3667);
#3664 = B_SPLINE_CURVE_WITH_KNOTS('',1,(#3665,#3666),.UNSPECIFIED.,.F.,
  .F.,(2,2),(-10.375,-8.875),.PIECEWISE_BEZIER_KNOTS.);
#3665 = CARTESIAN_POINT('',(0.,-1.977977605853));
#3666 = CARTESIAN_POINT('',(1.5,-1.977977605853));
#3667 = ( GEOMETRIC_REPRESENTATION_CONTEXT(2) 
PARAMETRIC_REPRESENTATION_CONTEXT() REPRESENTATION_CONTEXT('2D SPACE',''
  ) );
#3668 = ORIENTED_EDGE('',*,*,#3669,.T.);
#3669 = EDGE_CURVE('',#3642,#3670,#3672,.T.);
#3670 = VERTEX_POINT('',#3671);
#3671 = CARTESIAN_POINT('',(20.75,142.05795658489,74.663485427915));
#3672 = SURFACE_CURVE('',#3673,(#3677,#3683),.PCURVE_S1.);
#3673 = LINE('',#3674,#3675);
#3674 = CARTESIAN_POINT('',(20.75,139.76998917984,79.754212904154));
#3675 = VECTOR('',#3676,1.);
#3676 = DIRECTION('',(1.071833779133E-16,0.409938501027,-0.912113164786)
  );
#3677 = PCURVE('',#603,#3678);
#3678 = DEFINITIONAL_REPRESENTATION('',(#3679),#3682);
#3679 = B_SPLINE_CURVE_WITH_KNOTS('',1,(#3680,#3681),.UNSPECIFIED.,.F.,
  .F.,(2,2),(5.50169231539,5.58124547784),.PIECEWISE_BEZIER_KNOTS.);
#3680 = CARTESIAN_POINT('',(10.455828743504,20.75));
#3681 = CARTESIAN_POINT('',(10.535381905954,20.75));
#3682 = ( GEOMETRIC_REPRESENTATION_CONTEXT(2) 
PARAMETRIC_REPRESENTATION_CONTEXT() REPRESENTATION_CONTEXT('2D SPACE',''
  ) );
#3683 = PCURVE('',#3684,#3689);
#3684 = PLANE('',#3685);
#3685 = AXIS2_PLACEMENT_3D('',#3686,#3687,#3688);
#3686 = CARTESIAN_POINT('',(20.75,140.06724675133,74.45631863906));
#3687 = DIRECTION('',(-1.,9.797174393179E-17,-7.347880794884E-17));
#3688 = DIRECTION('',(8.659560562355E-17,0.141421356237,-0.989949493661)
  );
#3689 = DEFINITIONAL_REPRESENTATION('',(#3690),#3693);
#3690 = B_SPLINE_CURVE_WITH_KNOTS('',1,(#3691,#3692),.UNSPECIFIED.,.F.,
  .F.,(2,2),(5.50169231539,5.58124547784),.PIECEWISE_BEZIER_KNOTS.);
#3691 = CARTESIAN_POINT('',(8.881784197001E-16,-1.977977605853));
#3692 = CARTESIAN_POINT('',(7.644422680505E-02,-2.));
#3693 = ( GEOMETRIC_REPRESENTATION_CONTEXT(2) 
PARAMETRIC_REPRESENTATION_CONTEXT() REPRESENTATION_CONTEXT('2D SPACE',''
  ) );
#3694 = ORIENTED_EDGE('',*,*,#3695,.F.);
#3695 = EDGE_CURVE('',#3696,#3670,#3698,.T.);
#3696 = VERTEX_POINT('',#3697);
#3697 = CARTESIAN_POINT('',(19.25,142.05795658489,74.663485427915));
#3698 = SURFACE_CURVE('',#3699,(#3703,#3709),.PCURVE_S1.);
#3699 = LINE('',#3700,#3701);
#3700 = CARTESIAN_POINT('',(10.,142.05795658489,74.663485427915));
#3701 = VECTOR('',#3702,1.);
#3702 = DIRECTION('',(1.,-1.282352669264E-16,2.853234689113E-16));
#3703 = PCURVE('',#603,#3704);
#3704 = DEFINITIONAL_REPRESENTATION('',(#3705),#3708);
#3705 = B_SPLINE_CURVE_WITH_KNOTS('',1,(#3706,#3707),.UNSPECIFIED.,.F.,
  .F.,(2,2),(-30.75,10.75),.PIECEWISE_BEZIER_KNOTS.);
#3706 = CARTESIAN_POINT('',(10.535381905954,-20.75));
#3707 = CARTESIAN_POINT('',(10.535381905954,20.75));
#3708 = ( GEOMETRIC_REPRESENTATION_CONTEXT(2) 
PARAMETRIC_REPRESENTATION_CONTEXT() REPRESENTATION_CONTEXT('2D SPACE',''
  ) );
#3709 = PCURVE('',#3552,#3710);
#3710 = DEFINITIONAL_REPRESENTATION('',(#3711),#3714);
#3711 = B_SPLINE_CURVE_WITH_KNOTS('',1,(#3712,#3713),.UNSPECIFIED.,.F.,
  .F.,(2,2),(-30.75,10.75),.PIECEWISE_BEZIER_KNOTS.);
#3712 = CARTESIAN_POINT('',(40.75,19.923555773195));
#3713 = CARTESIAN_POINT('',(-0.75,19.923555773195));
#3714 = ( GEOMETRIC_REPRESENTATION_CONTEXT(2) 
PARAMETRIC_REPRESENTATION_CONTEXT() REPRESENTATION_CONTEXT('2D SPACE',''
  ) );
#3715 = ORIENTED_EDGE('',*,*,#3716,.T.);
#3716 = EDGE_CURVE('',#3696,#3644,#3717,.T.);
#3717 = SURFACE_CURVE('',#3718,(#3722,#3728),.PCURVE_S1.);
#3718 = LINE('',#3719,#3720);
#3719 = CARTESIAN_POINT('',(19.25,146.95899476804,63.758675470399));
#3720 = VECTOR('',#3721,1.);
#3721 = DIRECTION('',(-1.071833779133E-16,-0.409938501027,0.912113164786
    ));
#3722 = PCURVE('',#603,#3723);
#3723 = DEFINITIONAL_REPRESENTATION('',(#3724),#3727);
#3724 = B_SPLINE_CURVE_WITH_KNOTS('',1,(#3725,#3726),.UNSPECIFIED.,.F.,
  .F.,(2,2),(11.955544968017,12.035098130467),.PIECEWISE_BEZIER_KNOTS.);
#3725 = CARTESIAN_POINT('',(10.535381905954,19.25));
#3726 = CARTESIAN_POINT('',(10.455828743504,19.25));
#3727 = ( GEOMETRIC_REPRESENTATION_CONTEXT(2) 
PARAMETRIC_REPRESENTATION_CONTEXT() REPRESENTATION_CONTEXT('2D SPACE',''
  ) );
#3728 = PCURVE('',#3729,#3734);
#3729 = PLANE('',#3730);
#3730 = AXIS2_PLACEMENT_3D('',#3731,#3732,#3733);
#3731 = CARTESIAN_POINT('',(19.25,145.22912625399,38.323162120427));
#3732 = DIRECTION('',(1.,-9.797174393179E-17,7.347880794884E-17));
#3733 = DIRECTION('',(-8.659560562355E-17,-0.141421356237,0.989949493661
    ));
#3734 = DEFINITIONAL_REPRESENTATION('',(#3735),#3738);
#3735 = B_SPLINE_CURVE_WITH_KNOTS('',1,(#3736,#3737),.UNSPECIFIED.,.F.,
  .F.,(2,2),(11.955544968017,12.035098130467),.PIECEWISE_BEZIER_KNOTS.);
#3736 = CARTESIAN_POINT('',(36.423555773195,-2.));
#3737 = CARTESIAN_POINT('',(36.5,-1.977977605853));
#3738 = ( GEOMETRIC_REPRESENTATION_CONTEXT(2) 
PARAMETRIC_REPRESENTATION_CONTEXT() REPRESENTATION_CONTEXT('2D SPACE',''
  ) );
#3739 = ADVANCED_FACE('',(#3740),#631,.T.);
#3740 = FACE_BOUND('',#3741,.T.);
#3741 = EDGE_LOOP('',(#3742,#3770,#3789,#3790,#3791));
#3742 = ORIENTED_EDGE('',*,*,#3743,.F.);
#3743 = EDGE_CURVE('',#3744,#3746,#3748,.T.);
#3744 = VERTEX_POINT('',#3745);
#3745 = CARTESIAN_POINT('',(46.,134.8368611169,63.647749340141));
#3746 = VERTEX_POINT('',#3747);
#3747 = CARTESIAN_POINT('',(46.,142.5,34.388491786491));
#3748 = SURFACE_CURVE('',#3749,(#3753,#3759),.PCURVE_S1.);
#3749 = LINE('',#3750,#3751);
#3750 = CARTESIAN_POINT('',(46.,145.36906255158,23.433889316816));
#3751 = VECTOR('',#3752,1.);
#3752 = DIRECTION('',(0.,0.253359391838,-0.96737222338));
#3753 = PCURVE('',#631,#3754);
#3754 = DEFINITIONAL_REPRESENTATION('',(#3755),#3758);
#3755 = B_SPLINE_CURVE_WITH_KNOTS('',1,(#3756,#3757),.UNSPECIFIED.,.F.,
  .F.,(2,2),(-62.89105183419,2.532605524817),.PIECEWISE_BEZIER_KNOTS.);
#3756 = CARTESIAN_POINT('',(-69.35042724026,48.618139014572));
#3757 = CARTESIAN_POINT('',(-85.92612528053,-14.67088986648));
#3758 = ( GEOMETRIC_REPRESENTATION_CONTEXT(2) 
PARAMETRIC_REPRESENTATION_CONTEXT() REPRESENTATION_CONTEXT('2D SPACE',''
  ) );
#3759 = PCURVE('',#3760,#3765);
#3760 = PLANE('',#3761);
#3761 = AXIS2_PLACEMENT_3D('',#3762,#3763,#3764);
#3762 = CARTESIAN_POINT('',(42.,153.83881550472,-8.905167413378));
#3763 = DIRECTION('',(0.,0.96737222338,0.253359391838));
#3764 = DIRECTION('',(0.,-0.253359391838,0.96737222338));
#3765 = DEFINITIONAL_REPRESENTATION('',(#3766),#3769);
#3766 = B_SPLINE_CURVE_WITH_KNOTS('',1,(#3767,#3768),.UNSPECIFIED.,.F.,
  .F.,(2,2),(-62.89105183419,2.532605524817),.PIECEWISE_BEZIER_KNOTS.);
#3767 = CARTESIAN_POINT('',(96.320848502525,4.));
#3768 = CARTESIAN_POINT('',(30.897191143515,4.));
#3769 = ( GEOMETRIC_REPRESENTATION_CONTEXT(2) 
PARAMETRIC_REPRESENTATION_CONTEXT() REPRESENTATION_CONTEXT('2D SPACE',''
  ) );
#3770 = ORIENTED_EDGE('',*,*,#3771,.T.);
#3771 = EDGE_CURVE('',#3744,#616,#3772,.T.);
#3772 = SURFACE_CURVE('',#3773,(#3777,#3783),.PCURVE_S1.);
#3773 = LINE('',#3774,#3775);
#3774 = CARTESIAN_POINT('',(46.,99.011074092521,54.26480511947));
#3775 = VECTOR('',#3776,1.);
#3776 = DIRECTION('',(-0.,0.96737222338,0.253359391838));
#3777 = PCURVE('',#631,#3778);
#3778 = DEFINITIONAL_REPRESENTATION('',(#3779),#3782);
#3779 = B_SPLINE_CURVE_WITH_KNOTS('',1,(#3780,#3781),.UNSPECIFIED.,.F.,
  .F.,(2,2),(32.001121933032,42.371410835276),.PIECEWISE_BEZIER_KNOTS.);
#3780 = CARTESIAN_POINT('',(-69.88347390096,26.717782964737));
#3781 = CARTESIAN_POINT('',(-79.91540333342,29.345193054191));
#3782 = ( GEOMETRIC_REPRESENTATION_CONTEXT(2) 
PARAMETRIC_REPRESENTATION_CONTEXT() REPRESENTATION_CONTEXT('2D SPACE',''
  ) );
#3783 = PCURVE('',#658,#3784);
#3784 = DEFINITIONAL_REPRESENTATION('',(#3785),#3788);
#3785 = B_SPLINE_CURVE_WITH_KNOTS('',1,(#3786,#3787),.UNSPECIFIED.,.F.,
  .F.,(2,2),(32.001121933032,42.371410835276),.PIECEWISE_BEZIER_KNOTS.);
#3786 = CARTESIAN_POINT('',(10.370288902244,46.));
#3787 = CARTESIAN_POINT('',(0.,46.));
#3788 = ( GEOMETRIC_REPRESENTATION_CONTEXT(2) 
PARAMETRIC_REPRESENTATION_CONTEXT() REPRESENTATION_CONTEXT('2D SPACE',''
  ) );
#3789 = ORIENTED_EDGE('',*,*,#615,.T.);
#3790 = ORIENTED_EDGE('',*,*,#3267,.T.);
#3791 = ORIENTED_EDGE('',*,*,#3792,.F.);
#3792 = EDGE_CURVE('',#3746,#3268,#3793,.T.);
#3793 = SURFACE_CURVE('',#3794,(#3798,#3804),.PCURVE_S1.);
#3794 = LINE('',#3795,#3796);
#3795 = CARTESIAN_POINT('',(46.,142.5,67.827403472904));
#3796 = VECTOR('',#3797,1.);
#3797 = DIRECTION('',(-0.,0.,1.));
#3798 = PCURVE('',#631,#3799);
#3799 = DEFINITIONAL_REPRESENTATION('',(#3800),#3803);
#3800 = B_SPLINE_CURVE_WITH_KNOTS('',1,(#3801,#3802),.UNSPECIFIED.,.F.,
  .F.,(2,2),(-38.33240732498,11.219194000279),.PIECEWISE_BEZIER_KNOTS.);
#3801 = CARTESIAN_POINT('',(-82.41540333342,-6.159810797891));
#3802 = CARTESIAN_POINT('',(-82.41540333342,43.391790527375));
#3803 = ( GEOMETRIC_REPRESENTATION_CONTEXT(2) 
PARAMETRIC_REPRESENTATION_CONTEXT() REPRESENTATION_CONTEXT('2D SPACE',''
  ) );
#3804 = PCURVE('',#3522,#3805);
#3805 = DEFINITIONAL_REPRESENTATION('',(#3806),#3809);
#3806 = B_SPLINE_CURVE_WITH_KNOTS('',1,(#3807,#3808),.UNSPECIFIED.,.F.,
  .F.,(2,2),(-38.33240732498,11.219194000279),.PIECEWISE_BEZIER_KNOTS.);
#3807 = CARTESIAN_POINT('',(16.5,-70.50500385208));
#3808 = CARTESIAN_POINT('',(16.5,-20.95340252681));
#3809 = ( GEOMETRIC_REPRESENTATION_CONTEXT(2) 
PARAMETRIC_REPRESENTATION_CONTEXT() REPRESENTATION_CONTEXT('2D SPACE',''
  ) );
#3810 = ADVANCED_FACE('',(#3811,#4083),#658,.T.);
#3811 = FACE_BOUND('',#3812,.T.);
#3812 = EDGE_LOOP('',(#3813,#3834,#3835,#3836,#3837,#3858,#3887,#3913,
    #3939,#3965,#3991,#4017,#4038,#4064));
#3813 = ORIENTED_EDGE('',*,*,#3814,.F.);
#3814 = EDGE_CURVE('',#882,#3815,#3817,.T.);
#3815 = VERTEX_POINT('',#3816);
#3816 = CARTESIAN_POINT('',(48.5,35.2,37.552380952381));
#3817 = SURFACE_CURVE('',#3818,(#3822,#3828),.PCURVE_S1.);
#3818 = LINE('',#3819,#3820);
#3819 = CARTESIAN_POINT('',(24.125,35.2,37.552380952381));
#3820 = VECTOR('',#3821,1.);
#3821 = DIRECTION('',(-1.,0.,0.));
#3822 = PCURVE('',#658,#3823);
#3823 = DEFINITIONAL_REPRESENTATION('',(#3824),#3827);
#3824 = B_SPLINE_CURVE_WITH_KNOTS('',1,(#3825,#3826),.UNSPECIFIED.,.F.,
  .F.,(2,2),(-25.875,-24.375),.PIECEWISE_BEZIER_KNOTS.);
#3825 = CARTESIAN_POINT('',(108.33472107954,50.));
#3826 = CARTESIAN_POINT('',(108.33472107954,48.5));
#3827 = ( GEOMETRIC_REPRESENTATION_CONTEXT(2) 
PARAMETRIC_REPRESENTATION_CONTEXT() REPRESENTATION_CONTEXT('2D SPACE',''
  ) );
#3828 = PCURVE('',#896,#3829);
#3829 = DEFINITIONAL_REPRESENTATION('',(#3830),#3833);
#3830 = B_SPLINE_CURVE_WITH_KNOTS('',1,(#3831,#3832),.UNSPECIFIED.,.F.,
  .F.,(2,2),(-25.875,-24.375),.PIECEWISE_BEZIER_KNOTS.);
#3831 = CARTESIAN_POINT('',(9.552380952381,1.75));
#3832 = CARTESIAN_POINT('',(9.552380952381,0.25));
#3833 = ( GEOMETRIC_REPRESENTATION_CONTEXT(2) 
PARAMETRIC_REPRESENTATION_CONTEXT() REPRESENTATION_CONTEXT('2D SPACE',''
  ) );
#3834 = ORIENTED_EDGE('',*,*,#907,.T.);
#3835 = ORIENTED_EDGE('',*,*,#642,.F.);
#3836 = ORIENTED_EDGE('',*,*,#3771,.F.);
#3837 = ORIENTED_EDGE('',*,*,#3838,.F.);
#3838 = EDGE_CURVE('',#3839,#3744,#3841,.T.);
#3839 = VERTEX_POINT('',#3840);
#3840 = CARTESIAN_POINT('',(42.,134.8368611169,63.647749340141));
#3841 = SURFACE_CURVE('',#3842,(#3846,#3852),.PCURVE_S1.);
#3842 = LINE('',#3843,#3844);
#3843 = CARTESIAN_POINT('',(21.,134.8368611169,63.647749340141));
#3844 = VECTOR('',#3845,1.);
#3845 = DIRECTION('',(1.,0.,-0.));
#3846 = PCURVE('',#658,#3847);
#3847 = DEFINITIONAL_REPRESENTATION('',(#3848),#3851);
#3848 = B_SPLINE_CURVE_WITH_KNOTS('',1,(#3849,#3850),.UNSPECIFIED.,.F.,
  .F.,(2,2),(21.,25.),.PIECEWISE_BEZIER_KNOTS.);
#3849 = CARTESIAN_POINT('',(5.337282545758,42.));
#3850 = CARTESIAN_POINT('',(5.337282545758,46.));
#3851 = ( GEOMETRIC_REPRESENTATION_CONTEXT(2) 
PARAMETRIC_REPRESENTATION_CONTEXT() REPRESENTATION_CONTEXT('2D SPACE',''
  ) );
#3852 = PCURVE('',#3760,#3853);
#3853 = DEFINITIONAL_REPRESENTATION('',(#3854),#3857);
#3854 = B_SPLINE_CURVE_WITH_KNOTS('',1,(#3855,#3856),.UNSPECIFIED.,.F.,
  .F.,(2,2),(21.,25.),.PIECEWISE_BEZIER_KNOTS.);
#3855 = CARTESIAN_POINT('',(75.,0.));
#3856 = CARTESIAN_POINT('',(75.,4.));
#3857 = ( GEOMETRIC_REPRESENTATION_CONTEXT(2) 
PARAMETRIC_REPRESENTATION_CONTEXT() REPRESENTATION_CONTEXT('2D SPACE',''
  ) );
#3858 = ORIENTED_EDGE('',*,*,#3859,.T.);
#3859 = EDGE_CURVE('',#3839,#3860,#3862,.T.);
#3860 = VERTEX_POINT('',#3861);
#3861 = CARTESIAN_POINT('',(42.,125.16313888309,61.114155421764));
#3862 = SURFACE_CURVE('',#3863,(#3868,#3875),.PCURVE_S1.);
#3863 = CIRCLE('',#3864,5.);
#3864 = AXIS2_PLACEMENT_3D('',#3865,#3866,#3867);
#3865 = CARTESIAN_POINT('',(42.,130.,62.380952380952));
#3866 = DIRECTION('',(0.,-0.253359391838,0.96737222338));
#3867 = DIRECTION('',(1.,0.,0.));
#3868 = PCURVE('',#658,#3869);
#3869 = DEFINITIONAL_REPRESENTATION('',(#3870),#3874);
#3870 = CIRCLE('',#3871,5.);
#3871 = AXIS2_PLACEMENT_2D('',#3872,#3873);
#3872 = CARTESIAN_POINT('',(10.337282545758,42.));
#3873 = DIRECTION('',(0.,1.));
#3874 = ( GEOMETRIC_REPRESENTATION_CONTEXT(2) 
PARAMETRIC_REPRESENTATION_CONTEXT() REPRESENTATION_CONTEXT('2D SPACE',''
  ) );
#3875 = PCURVE('',#3876,#3881);
#3876 = CYLINDRICAL_SURFACE('',#3877,5.);
#3877 = AXIS2_PLACEMENT_3D('',#3878,#3879,#3880);
#3878 = CARTESIAN_POINT('',(42.,149.00195438782,-10.17196437256));
#3879 = DIRECTION('',(0.,-0.253359391838,0.96737222338));
#3880 = DIRECTION('',(1.,0.,0.));
#3881 = DEFINITIONAL_REPRESENTATION('',(#3882),#3886);
#3882 = LINE('',#3883,#3884);
#3883 = CARTESIAN_POINT('',(0.,75.));
#3884 = VECTOR('',#3885,1.);
#3885 = DIRECTION('',(1.,0.));
#3886 = ( GEOMETRIC_REPRESENTATION_CONTEXT(2) 
PARAMETRIC_REPRESENTATION_CONTEXT() REPRESENTATION_CONTEXT('2D SPACE',''
  ) );
#3887 = ORIENTED_EDGE('',*,*,#3888,.T.);
#3888 = EDGE_CURVE('',#3860,#3889,#3891,.T.);
#3889 = VERTEX_POINT('',#3890);
#3890 = CARTESIAN_POINT('',(46.,125.16313888309,61.114155421764));
#3891 = SURFACE_CURVE('',#3892,(#3896,#3902),.PCURVE_S1.);
#3892 = LINE('',#3893,#3894);
#3893 = CARTESIAN_POINT('',(21.,125.16313888309,61.114155421764));
#3894 = VECTOR('',#3895,1.);
#3895 = DIRECTION('',(1.,0.,-0.));
#3896 = PCURVE('',#658,#3897);
#3897 = DEFINITIONAL_REPRESENTATION('',(#3898),#3901);
#3898 = B_SPLINE_CURVE_WITH_KNOTS('',1,(#3899,#3900),.UNSPECIFIED.,.F.,
  .F.,(2,2),(21.,25.),.PIECEWISE_BEZIER_KNOTS.);
#3899 = CARTESIAN_POINT('',(15.337282545758,42.));
#3900 = CARTESIAN_POINT('',(15.337282545758,46.));
#3901 = ( GEOMETRIC_REPRESENTATION_CONTEXT(2) 
PARAMETRIC_REPRESENTATION_CONTEXT() REPRESENTATION_CONTEXT('2D SPACE',''
  ) );
#3902 = PCURVE('',#3903,#3908);
#3903 = PLANE('',#3904);
#3904 = AXIS2_PLACEMENT_3D('',#3905,#3906,#3907);
#3905 = CARTESIAN_POINT('',(42.,144.16509327092,-11.43876133175));
#3906 = DIRECTION('',(0.,0.96737222338,0.253359391838));
#3907 = DIRECTION('',(0.,-0.253359391838,0.96737222338));
#3908 = DEFINITIONAL_REPRESENTATION('',(#3909),#3912);
#3909 = B_SPLINE_CURVE_WITH_KNOTS('',1,(#3910,#3911),.UNSPECIFIED.,.F.,
  .F.,(2,2),(21.,25.),.PIECEWISE_BEZIER_KNOTS.);
#3910 = CARTESIAN_POINT('',(75.,0.));
#3911 = CARTESIAN_POINT('',(75.,4.));
#3912 = ( GEOMETRIC_REPRESENTATION_CONTEXT(2) 
PARAMETRIC_REPRESENTATION_CONTEXT() REPRESENTATION_CONTEXT('2D SPACE',''
  ) );
#3913 = ORIENTED_EDGE('',*,*,#3914,.F.);
#3914 = EDGE_CURVE('',#3915,#3889,#3917,.T.);
#3915 = VERTEX_POINT('',#3916);
#3916 = CARTESIAN_POINT('',(46.,117.5,59.107142857143));
#3917 = SURFACE_CURVE('',#3918,(#3922,#3928),.PCURVE_S1.);
#3918 = LINE('',#3919,#3920);
#3919 = CARTESIAN_POINT('',(46.,99.011074092521,54.26480511947));
#3920 = VECTOR('',#3921,1.);
#3921 = DIRECTION('',(-0.,0.96737222338,0.253359391838));
#3922 = PCURVE('',#658,#3923);
#3923 = DEFINITIONAL_REPRESENTATION('',(#3924),#3927);
#3924 = B_SPLINE_CURVE_WITH_KNOTS('',1,(#3925,#3926),.UNSPECIFIED.,.F.,
  .F.,(2,2),(-154.0699638906,34.652768078298),.PIECEWISE_BEZIER_KNOTS.);
#3925 = CARTESIAN_POINT('',(196.44137472589,46.));
#3926 = CARTESIAN_POINT('',(7.718642756978,46.));
#3927 = ( GEOMETRIC_REPRESENTATION_CONTEXT(2) 
PARAMETRIC_REPRESENTATION_CONTEXT() REPRESENTATION_CONTEXT('2D SPACE',''
  ) );
#3928 = PCURVE('',#3929,#3934);
#3929 = PLANE('',#3930);
#3930 = AXIS2_PLACEMENT_3D('',#3931,#3932,#3933);
#3931 = CARTESIAN_POINT('',(46.,60.084596666577,35.654806945809));
#3932 = DIRECTION('',(-1.,-0.,-0.));
#3933 = DIRECTION('',(0.,-1.,0.));
#3934 = DEFINITIONAL_REPRESENTATION('',(#3935),#3938);
#3935 = B_SPLINE_CURVE_WITH_KNOTS('',1,(#3936,#3937),.UNSPECIFIED.,.F.,
  .F.,(2,2),(-154.0699638906,34.652768078298),.PIECEWISE_BEZIER_KNOTS.);
#3936 = CARTESIAN_POINT('',(110.11652609903,-20.42507417812));
#3937 = CARTESIAN_POINT('',(-72.44860272812,27.389602419471));
#3938 = ( GEOMETRIC_REPRESENTATION_CONTEXT(2) 
PARAMETRIC_REPRESENTATION_CONTEXT() REPRESENTATION_CONTEXT('2D SPACE',''
  ) );
#3939 = ORIENTED_EDGE('',*,*,#3940,.T.);
#3940 = EDGE_CURVE('',#3915,#3941,#3943,.T.);
#3941 = VERTEX_POINT('',#3942);
#3942 = CARTESIAN_POINT('',(48.2,117.5,59.107142857143));
#3943 = SURFACE_CURVE('',#3944,(#3948,#3954),.PCURVE_S1.);
#3944 = LINE('',#3945,#3946);
#3945 = CARTESIAN_POINT('',(14.75,117.5,59.107142857143));
#3946 = VECTOR('',#3947,1.);
#3947 = DIRECTION('',(1.,0.,0.));
#3948 = PCURVE('',#658,#3949);
#3949 = DEFINITIONAL_REPRESENTATION('',(#3950),#3953);
#3950 = B_SPLINE_CURVE_WITH_KNOTS('',1,(#3951,#3952),.UNSPECIFIED.,.F.,
  .F.,(2,2),(14.75,33.45),.PIECEWISE_BEZIER_KNOTS.);
#3951 = CARTESIAN_POINT('',(23.258885727956,29.5));
#3952 = CARTESIAN_POINT('',(23.258885727956,48.2));
#3953 = ( GEOMETRIC_REPRESENTATION_CONTEXT(2) 
PARAMETRIC_REPRESENTATION_CONTEXT() REPRESENTATION_CONTEXT('2D SPACE',''
  ) );
#3954 = PCURVE('',#3955,#3960);
#3955 = PLANE('',#3956);
#3956 = AXIS2_PLACEMENT_3D('',#3957,#3958,#3959);
#3957 = CARTESIAN_POINT('',(29.5,117.5,100.));
#3958 = DIRECTION('',(0.,-1.,0.));
#3959 = DIRECTION('',(1.,0.,0.));
#3960 = DEFINITIONAL_REPRESENTATION('',(#3961),#3964);
#3961 = B_SPLINE_CURVE_WITH_KNOTS('',1,(#3962,#3963),.UNSPECIFIED.,.F.,
  .F.,(2,2),(14.75,33.45),.PIECEWISE_BEZIER_KNOTS.);
#3962 = CARTESIAN_POINT('',(0.,-40.89285714285));
#3963 = CARTESIAN_POINT('',(18.7,-40.89285714285));
#3964 = ( GEOMETRIC_REPRESENTATION_CONTEXT(2) 
PARAMETRIC_REPRESENTATION_CONTEXT() REPRESENTATION_CONTEXT('2D SPACE',''
  ) );
#3965 = ORIENTED_EDGE('',*,*,#3966,.T.);
#3966 = EDGE_CURVE('',#3941,#3967,#3969,.T.);
#3967 = VERTEX_POINT('',#3968);
#3968 = CARTESIAN_POINT('',(48.2,42.,39.333333333333));
#3969 = SURFACE_CURVE('',#3970,(#3974,#3980),.PCURVE_S1.);
#3970 = LINE('',#3971,#3972);
#3971 = CARTESIAN_POINT('',(48.2,99.011074092521,54.26480511947));
#3972 = VECTOR('',#3973,1.);
#3973 = DIRECTION('',(0.,-0.96737222338,-0.253359391838));
#3974 = PCURVE('',#658,#3975);
#3975 = DEFINITIONAL_REPRESENTATION('',(#3976),#3979);
#3976 = B_SPLINE_CURVE_WITH_KNOTS('',1,(#3977,#3978),.UNSPECIFIED.,.F.,
  .F.,(2,2),(-19.11252510732,58.933958113155),.PIECEWISE_BEZIER_KNOTS.);
#3977 = CARTESIAN_POINT('',(23.258885727956,48.2));
#3978 = CARTESIAN_POINT('',(101.30536894843,48.2));
#3979 = ( GEOMETRIC_REPRESENTATION_CONTEXT(2) 
PARAMETRIC_REPRESENTATION_CONTEXT() REPRESENTATION_CONTEXT('2D SPACE',''
  ) );
#3980 = PCURVE('',#3981,#3986);
#3981 = PLANE('',#3982);
#3982 = AXIS2_PLACEMENT_3D('',#3983,#3984,#3985);
#3983 = CARTESIAN_POINT('',(48.2,60.084596666577,35.654806945809));
#3984 = DIRECTION('',(-1.,-0.,-0.));
#3985 = DIRECTION('',(0.,-1.,0.));
#3986 = DEFINITIONAL_REPRESENTATION('',(#3987),#3990);
#3987 = B_SPLINE_CURVE_WITH_KNOTS('',1,(#3988,#3989),.UNSPECIFIED.,.F.,
  .F.,(2,2),(-19.11252510732,58.933958113155),.PIECEWISE_BEZIER_KNOTS.);
#3988 = CARTESIAN_POINT('',(-57.41540333342,23.452335911334));
#3989 = CARTESIAN_POINT('',(18.084596666577,3.678526387524));
#3990 = ( GEOMETRIC_REPRESENTATION_CONTEXT(2) 
PARAMETRIC_REPRESENTATION_CONTEXT() REPRESENTATION_CONTEXT('2D SPACE',''
  ) );
#3991 = ORIENTED_EDGE('',*,*,#3992,.F.);
#3992 = EDGE_CURVE('',#3993,#3967,#3995,.T.);
#3993 = VERTEX_POINT('',#3994);
#3994 = CARTESIAN_POINT('',(46.,42.,39.333333333333));
#3995 = SURFACE_CURVE('',#3996,(#4000,#4006),.PCURVE_S1.);
#3996 = LINE('',#3997,#3998);
#3997 = CARTESIAN_POINT('',(20.25,42.,39.333333333333));
#3998 = VECTOR('',#3999,1.);
#3999 = DIRECTION('',(1.,0.,0.));
#4000 = PCURVE('',#658,#4001);
#4001 = DEFINITIONAL_REPRESENTATION('',(#4002),#4005);
#4002 = B_SPLINE_CURVE_WITH_KNOTS('',1,(#4003,#4004),.UNSPECIFIED.,.F.,
  .F.,(2,2),(20.25,27.95),.PIECEWISE_BEZIER_KNOTS.);
#4003 = CARTESIAN_POINT('',(101.30536894843,40.5));
#4004 = CARTESIAN_POINT('',(101.30536894843,48.2));
#4005 = ( GEOMETRIC_REPRESENTATION_CONTEXT(2) 
PARAMETRIC_REPRESENTATION_CONTEXT() REPRESENTATION_CONTEXT('2D SPACE',''
  ) );
#4006 = PCURVE('',#4007,#4012);
#4007 = PLANE('',#4008);
#4008 = AXIS2_PLACEMENT_3D('',#4009,#4010,#4011);
#4009 = CARTESIAN_POINT('',(40.5,42.,100.));
#4010 = DIRECTION('',(0.,-1.,0.));
#4011 = DIRECTION('',(1.,0.,0.));
#4012 = DEFINITIONAL_REPRESENTATION('',(#4013),#4016);
#4013 = B_SPLINE_CURVE_WITH_KNOTS('',1,(#4014,#4015),.UNSPECIFIED.,.F.,
  .F.,(2,2),(20.25,27.95),.PIECEWISE_BEZIER_KNOTS.);
#4014 = CARTESIAN_POINT('',(0.,-60.66666666666));
#4015 = CARTESIAN_POINT('',(7.7,-60.66666666666));
#4016 = ( GEOMETRIC_REPRESENTATION_CONTEXT(2) 
PARAMETRIC_REPRESENTATION_CONTEXT() REPRESENTATION_CONTEXT('2D SPACE',''
  ) );
#4017 = ORIENTED_EDGE('',*,*,#4018,.F.);
#4018 = EDGE_CURVE('',#4019,#3993,#4021,.T.);
#4019 = VERTEX_POINT('',#4020);
#4020 = CARTESIAN_POINT('',(46.,36.6,37.919047619048));
#4021 = SURFACE_CURVE('',#4022,(#4026,#4032),.PCURVE_S1.);
#4022 = LINE('',#4023,#4024);
#4023 = CARTESIAN_POINT('',(46.,99.011074092521,54.26480511947));
#4024 = VECTOR('',#4025,1.);
#4025 = DIRECTION('',(-0.,0.96737222338,0.253359391838));
#4026 = PCURVE('',#658,#4027);
#4027 = DEFINITIONAL_REPRESENTATION('',(#4028),#4031);
#4028 = B_SPLINE_CURVE_WITH_KNOTS('',1,(#4029,#4030),.UNSPECIFIED.,.F.,
  .F.,(2,2),(-154.0699638906,34.652768078298),.PIECEWISE_BEZIER_KNOTS.);
#4029 = CARTESIAN_POINT('',(196.44137472589,46.));
#4030 = CARTESIAN_POINT('',(7.718642756978,46.));
#4031 = ( GEOMETRIC_REPRESENTATION_CONTEXT(2) 
PARAMETRIC_REPRESENTATION_CONTEXT() REPRESENTATION_CONTEXT('2D SPACE',''
  ) );
#4032 = PCURVE('',#2346,#4033);
#4033 = DEFINITIONAL_REPRESENTATION('',(#4034),#4037);
#4034 = B_SPLINE_CURVE_WITH_KNOTS('',1,(#4035,#4036),.UNSPECIFIED.,.F.,
  .F.,(2,2),(-154.0699638906,34.652768078298),.PIECEWISE_BEZIER_KNOTS.);
#4035 = CARTESIAN_POINT('',(110.11652609903,-20.42507417812));
#4036 = CARTESIAN_POINT('',(-72.44860272812,27.389602419471));
#4037 = ( GEOMETRIC_REPRESENTATION_CONTEXT(2) 
PARAMETRIC_REPRESENTATION_CONTEXT() REPRESENTATION_CONTEXT('2D SPACE',''
  ) );
#4038 = ORIENTED_EDGE('',*,*,#4039,.F.);
#4039 = EDGE_CURVE('',#4040,#4019,#4042,.T.);
#4040 = VERTEX_POINT('',#4041);
#4041 = CARTESIAN_POINT('',(48.5,36.6,37.919047619048));
#4042 = SURFACE_CURVE('',#4043,(#4047,#4053),.PCURVE_S1.);
#4043 = LINE('',#4044,#4045);
#4044 = CARTESIAN_POINT('',(23.,36.6,37.919047619048));
#4045 = VECTOR('',#4046,1.);
#4046 = DIRECTION('',(-1.,0.,0.));
#4047 = PCURVE('',#658,#4048);
#4048 = DEFINITIONAL_REPRESENTATION('',(#4049),#4052);
#4049 = B_SPLINE_CURVE_WITH_KNOTS('',1,(#4050,#4051),.UNSPECIFIED.,.F.,
  .F.,(2,2),(-25.5,-23.),.PIECEWISE_BEZIER_KNOTS.);
#4050 = CARTESIAN_POINT('',(106.88750152314,48.5));
#4051 = CARTESIAN_POINT('',(106.88750152314,46.));
#4052 = ( GEOMETRIC_REPRESENTATION_CONTEXT(2) 
PARAMETRIC_REPRESENTATION_CONTEXT() REPRESENTATION_CONTEXT('2D SPACE',''
  ) );
#4053 = PCURVE('',#4054,#4059);
#4054 = PLANE('',#4055);
#4055 = AXIS2_PLACEMENT_3D('',#4056,#4057,#4058);
#4056 = CARTESIAN_POINT('',(46.,36.6,28.));
#4057 = DIRECTION('',(0.,1.,0.));
#4058 = DIRECTION('',(0.,0.,1.));
#4059 = DEFINITIONAL_REPRESENTATION('',(#4060),#4063);
#4060 = B_SPLINE_CURVE_WITH_KNOTS('',1,(#4061,#4062),.UNSPECIFIED.,.F.,
  .F.,(2,2),(-25.5,-23.),.PIECEWISE_BEZIER_KNOTS.);
#4061 = CARTESIAN_POINT('',(9.919047619048,2.5));
#4062 = CARTESIAN_POINT('',(9.919047619048,0.));
#4063 = ( GEOMETRIC_REPRESENTATION_CONTEXT(2) 
PARAMETRIC_REPRESENTATION_CONTEXT() REPRESENTATION_CONTEXT('2D SPACE',''
  ) );
#4064 = ORIENTED_EDGE('',*,*,#4065,.F.);
#4065 = EDGE_CURVE('',#3815,#4040,#4066,.T.);
#4066 = SURFACE_CURVE('',#4067,(#4071,#4077),.PCURVE_S1.);
#4067 = LINE('',#4068,#4069);
#4068 = CARTESIAN_POINT('',(48.5,82.779734748011,50.01374005305));
#4069 = VECTOR('',#4070,1.);
#4070 = DIRECTION('',(-0.,0.96737222338,0.253359391838));
#4071 = PCURVE('',#658,#4072);
#4072 = DEFINITIONAL_REPRESENTATION('',(#4073),#4076);
#4073 = B_SPLINE_CURVE_WITH_KNOTS('',1,(#4074,#4075),.UNSPECIFIED.,.F.,
  .F.,(2,2),(-57.24759653993,-47.73729659783),.PIECEWISE_BEZIER_KNOTS.);
#4074 = CARTESIAN_POINT('',(116.39780146523,48.5));
#4075 = CARTESIAN_POINT('',(106.88750152314,48.5));
#4076 = ( GEOMETRIC_REPRESENTATION_CONTEXT(2) 
PARAMETRIC_REPRESENTATION_CONTEXT() REPRESENTATION_CONTEXT('2D SPACE',''
  ) );
#4077 = PCURVE('',#2294,#4078);
#4078 = DEFINITIONAL_REPRESENTATION('',(#4079),#4082);
#4079 = B_SPLINE_CURVE_WITH_KNOTS('',1,(#4080,#4081),.UNSPECIFIED.,.F.,
  .F.,(2,2),(-57.24759653993,-47.73729659783),.PIECEWISE_BEZIER_KNOTS.);
#4080 = CARTESIAN_POINT('',(7.509523809524,-7.105427357601E-15));
#4081 = CARTESIAN_POINT('',(9.919047619048,-9.2));
#4082 = ( GEOMETRIC_REPRESENTATION_CONTEXT(2) 
PARAMETRIC_REPRESENTATION_CONTEXT() REPRESENTATION_CONTEXT('2D SPACE',''
  ) );
#4083 = FACE_BOUND('',#4084,.T.);
#4084 = EDGE_LOOP('',(#4085));
#4085 = ORIENTED_EDGE('',*,*,#4086,.F.);
#4086 = EDGE_CURVE('',#4087,#4087,#4089,.T.);
#4087 = VERTEX_POINT('',#4088);
#4088 = CARTESIAN_POINT('',(43.7,130.,62.380952380952));
#4089 = SURFACE_CURVE('',#4090,(#4095,#4102),.PCURVE_S1.);
#4090 = CIRCLE('',#4091,1.7);
#4091 = AXIS2_PLACEMENT_3D('',#4092,#4093,#4094);
#4092 = CARTESIAN_POINT('',(42.,130.,62.380952380952));
#4093 = DIRECTION('',(0.,-0.253359391838,0.96737222338));
#4094 = DIRECTION('',(1.,0.,0.));
#4095 = PCURVE('',#658,#4096);
#4096 = DEFINITIONAL_REPRESENTATION('',(#4097),#4101);
#4097 = CIRCLE('',#4098,1.7);
#4098 = AXIS2_PLACEMENT_2D('',#4099,#4100);
#4099 = CARTESIAN_POINT('',(10.337282545758,42.));
#4100 = DIRECTION('',(0.,1.));
#4101 = ( GEOMETRIC_REPRESENTATION_CONTEXT(2) 
PARAMETRIC_REPRESENTATION_CONTEXT() REPRESENTATION_CONTEXT('2D SPACE',''
  ) );
#4102 = PCURVE('',#4103,#4108);
#4103 = CYLINDRICAL_SURFACE('',#4104,1.7);
#4104 = AXIS2_PLACEMENT_3D('',#4105,#4106,#4107);
#4105 = CARTESIAN_POINT('',(42.,145.20156351026,4.338618978138));
#4106 = DIRECTION('',(0.,-0.253359391838,0.96737222338));
#4107 = DIRECTION('',(1.,0.,0.));
#4108 = DEFINITIONAL_REPRESENTATION('',(#4109),#4113);
#4109 = LINE('',#4110,#4111);
#4110 = CARTESIAN_POINT('',(0.,60.));
#4111 = VECTOR('',#4112,1.);
#4112 = DIRECTION('',(1.,0.));
#4113 = ( GEOMETRIC_REPRESENTATION_CONTEXT(2) 
PARAMETRIC_REPRESENTATION_CONTEXT() REPRESENTATION_CONTEXT('2D SPACE',''
  ) );
#4114 = ADVANCED_FACE('',(#4115),#761,.T.);
#4115 = FACE_BOUND('',#4116,.F.);
#4116 = EDGE_LOOP('',(#4117,#4170,#4171,#4172));
#4117 = ORIENTED_EDGE('',*,*,#4118,.F.);
#4118 = EDGE_CURVE('',#744,#4119,#4121,.T.);
#4119 = VERTEX_POINT('',#4120);
#4120 = CARTESIAN_POINT('',(48.5,-65.78786796564,0.601733147765));
#4121 = SURFACE_CURVE('',#4122,(#4125,#4131),.PCURVE_S1.);
#4122 = B_SPLINE_CURVE_WITH_KNOTS('',1,(#4123,#4124),.UNSPECIFIED.,.F.,
  .F.,(2,2),(0.,6.529406453603),.PIECEWISE_BEZIER_KNOTS.);
#4123 = CARTESIAN_POINT('',(50.,-66.,2.086657388257));
#4124 = CARTESIAN_POINT('',(48.5,-65.78786796564,0.601733147765));
#4125 = PCURVE('',#761,#4126);
#4126 = DEFINITIONAL_REPRESENTATION('',(#4127),#4130);
#4127 = B_SPLINE_CURVE_WITH_KNOTS('',1,(#4128,#4129),.UNSPECIFIED.,.F.,
  .F.,(2,2),(0.,6.529406453603),.PIECEWISE_BEZIER_KNOTS.);
#4128 = CARTESIAN_POINT('',(-0.214285714286,-1.06066017178));
#4129 = CARTESIAN_POINT('',(-0.214285714286,1.06066017178));
#4130 = ( GEOMETRIC_REPRESENTATION_CONTEXT(2) 
PARAMETRIC_REPRESENTATION_CONTEXT() REPRESENTATION_CONTEXT('2D SPACE',''
  ) );
#4131 = PCURVE('',#4132,#4165);
#4132 = B_SPLINE_SURFACE_WITH_KNOTS('',1,8,(
    (#4133,#4134,#4135,#4136,#4137,#4138,#4139,#4140,#4141,#4142,#4143
      ,#4144,#4145,#4146,#4147,#4148)
    ,(#4149,#4150,#4151,#4152,#4153,#4154,#4155,#4156,#4157,#4158,#4159
      ,#4160,#4161,#4162,#4163,#4164
    )),.UNSPECIFIED.,.F.,.F.,.F.,(2,2),(9,7,9),(0.,6.529406453603),(
    306.40654491707,312.72270506798,312.93595137067),.UNSPECIFIED.);
#4133 = CARTESIAN_POINT('',(46.,-70.,1.5));
#4134 = CARTESIAN_POINT('',(46.743319858954,-70.,1.5));
#4135 = CARTESIAN_POINT('',(47.48671466021,-69.84219611328,
    1.523827811267));
#4136 = CARTESIAN_POINT('',(48.193199315971,-69.52610015219,
    1.571491915657));
#4137 = CARTESIAN_POINT('',(48.827810469744,-69.06210432375,
    1.641345600043));
#4138 = CARTESIAN_POINT('',(49.352114886948,-68.46257410824,
    1.730297741646));
#4139 = CARTESIAN_POINT('',(49.735403123954,-67.76363514034,
    1.833199517395));
#4140 = CARTESIAN_POINT('',(49.952728556971,-66.99631631448,
    1.944167518767));
#4141 = CARTESIAN_POINT('',(49.995778026317,-66.18563656719,
    2.060132220393));
#4142 = CARTESIAN_POINT('',(49.996986529443,-66.15908941328,
    2.06392826524));
#4143 = CARTESIAN_POINT('',(49.997990631384,-66.13258342194,
    2.067716085588));
#4144 = CARTESIAN_POINT('',(49.99879429678,-66.10606979708,
    2.071504327727));
#4145 = CARTESIAN_POINT('',(49.999397640571,-66.07954581909,
    2.075293792184));
#4146 = CARTESIAN_POINT('',(49.999798992296,-66.05303428022,
    2.079081028785));
#4147 = CARTESIAN_POINT('',(49.999999999999,-66.02651650429,
    2.082869316215));
#4148 = CARTESIAN_POINT('',(50.,-66.,2.086657388257));
#4149 = CARTESIAN_POINT('',(46.,-68.5150757595,0.212132034356));
#4150 = CARTESIAN_POINT('',(46.487881447468,-68.5150757595,
    0.212132034356));
#4151 = CARTESIAN_POINT('',(46.975766466321,-68.40570197476,
    0.227756860748));
#4152 = CARTESIAN_POINT('',(47.436114194455,-68.186148615,0.259121626429
    ));
#4153 = CARTESIAN_POINT('',(47.840875660751,-67.86726540395,
    0.304676370864));
#4154 = CARTESIAN_POINT('',(48.166547618603,-67.45882147067,
    0.363025504189));
#4155 = CARTESIAN_POINT('',(48.38685086754,-66.99377920287,
    0.429460113875));
#4156 = CARTESIAN_POINT('',(48.498384543591,-66.50147986003,
    0.499788591423));
#4157 = CARTESIAN_POINT('',(48.500062352232,-65.9781966466,
    0.574543336199));
#4158 = CARTESIAN_POINT('',(48.50001178582,-65.94702546283,
    0.578996362453));
#4159 = CARTESIAN_POINT('',(48.499983760983,-65.9202639158,
    0.582819440598));
#4160 = CARTESIAN_POINT('',(48.499998796776,-65.89419495893,
    0.586543577295));
#4161 = CARTESIAN_POINT('',(48.500009579825,-65.86723114162,
    0.590395551196));
#4162 = CARTESIAN_POINT('',(48.499995448939,-65.84095919115,
    0.594148686979));
#4163 = CARTESIAN_POINT('',(48.5,-65.81438446993,0.597945075723));
#4164 = CARTESIAN_POINT('',(48.5,-65.78786796564,0.601733147765));
#4165 = DEFINITIONAL_REPRESENTATION('',(#4166),#4169);
#4166 = B_SPLINE_CURVE_WITH_KNOTS('',1,(#4167,#4168),.UNSPECIFIED.,.F.,
  .F.,(2,2),(0.,6.529406453603),.PIECEWISE_BEZIER_KNOTS.);
#4167 = CARTESIAN_POINT('',(0.,312.93595137067));
#4168 = CARTESIAN_POINT('',(6.529406453603,312.93595137067));
#4169 = ( GEOMETRIC_REPRESENTATION_CONTEXT(2) 
PARAMETRIC_REPRESENTATION_CONTEXT() REPRESENTATION_CONTEXT('2D SPACE',''
  ) );
#4170 = ORIENTED_EDGE('',*,*,#743,.T.);
#4171 = ORIENTED_EDGE('',*,*,#1425,.T.);
#4172 = ORIENTED_EDGE('',*,*,#4173,.F.);
#4173 = EDGE_CURVE('',#4119,#1403,#4174,.T.);
#4174 = SURFACE_CURVE('',#4175,(#4179,#4186),.PCURVE_S1.);
#4175 = LINE('',#4176,#4177);
#4176 = CARTESIAN_POINT('',(48.5,-66.,0.571428571429));
#4177 = VECTOR('',#4178,1.);
#4178 = DIRECTION('',(-0.,0.989949493661,0.141421356237));
#4179 = PCURVE('',#761,#4180);
#4180 = DEFINITIONAL_REPRESENTATION('',(#4181),#4185);
#4181 = LINE('',#4182,#4183);
#4182 = CARTESIAN_POINT('',(-0.,1.06066017178));
#4183 = VECTOR('',#4184,1.);
#4184 = DIRECTION('',(-1.,0.));
#4185 = ( GEOMETRIC_REPRESENTATION_CONTEXT(2) 
PARAMETRIC_REPRESENTATION_CONTEXT() REPRESENTATION_CONTEXT('2D SPACE',''
  ) );
#4186 = PCURVE('',#1087,#4187);
#4187 = DEFINITIONAL_REPRESENTATION('',(#4188),#4192);
#4188 = LINE('',#4189,#4190);
#4189 = CARTESIAN_POINT('',(208.09142417775,48.5));
#4190 = VECTOR('',#4191,1.);
#4191 = DIRECTION('',(-1.,0.));
#4192 = ( GEOMETRIC_REPRESENTATION_CONTEXT(2) 
PARAMETRIC_REPRESENTATION_CONTEXT() REPRESENTATION_CONTEXT('2D SPACE',''
  ) );
#4193 = ADVANCED_FACE('',(#4194),#896,.F.);
#4194 = FACE_BOUND('',#4195,.F.);
#4195 = EDGE_LOOP('',(#4196,#4218,#4239,#4240));
#4196 = ORIENTED_EDGE('',*,*,#4197,.F.);
#4197 = EDGE_CURVE('',#4198,#849,#4200,.T.);
#4198 = VERTEX_POINT('',#4199);
#4199 = CARTESIAN_POINT('',(48.5,35.2,28.));
#4200 = SURFACE_CURVE('',#4201,(#4205,#4212),.PCURVE_S1.);
#4201 = LINE('',#4202,#4203);
#4202 = CARTESIAN_POINT('',(48.25,35.2,28.));
#4203 = VECTOR('',#4204,1.);
#4204 = DIRECTION('',(1.,0.,0.));
#4205 = PCURVE('',#896,#4206);
#4206 = DEFINITIONAL_REPRESENTATION('',(#4207),#4211);
#4207 = LINE('',#4208,#4209);
#4208 = CARTESIAN_POINT('',(0.,0.));
#4209 = VECTOR('',#4210,1.);
#4210 = DIRECTION('',(0.,1.));
#4211 = ( GEOMETRIC_REPRESENTATION_CONTEXT(2) 
PARAMETRIC_REPRESENTATION_CONTEXT() REPRESENTATION_CONTEXT('2D SPACE',''
  ) );
#4212 = PCURVE('',#869,#4213);
#4213 = DEFINITIONAL_REPRESENTATION('',(#4214),#4217);
#4214 = B_SPLINE_CURVE_WITH_KNOTS('',1,(#4215,#4216),.UNSPECIFIED.,.F.,
  .F.,(2,2),(0.,4.),.PIECEWISE_BEZIER_KNOTS.);
#4215 = CARTESIAN_POINT('',(7.853981633974,0.));
#4216 = CARTESIAN_POINT('',(7.853981633974,4.));
#4217 = ( GEOMETRIC_REPRESENTATION_CONTEXT(2) 
PARAMETRIC_REPRESENTATION_CONTEXT() REPRESENTATION_CONTEXT('2D SPACE',''
  ) );
#4218 = ORIENTED_EDGE('',*,*,#4219,.F.);
#4219 = EDGE_CURVE('',#3815,#4198,#4220,.T.);
#4220 = SURFACE_CURVE('',#4221,(#4225,#4232),.PCURVE_S1.);
#4221 = LINE('',#4222,#4223);
#4222 = CARTESIAN_POINT('',(48.5,35.2,40.));
#4223 = VECTOR('',#4224,1.);
#4224 = DIRECTION('',(0.,0.,-1.));
#4225 = PCURVE('',#896,#4226);
#4226 = DEFINITIONAL_REPRESENTATION('',(#4227),#4231);
#4227 = LINE('',#4228,#4229);
#4228 = CARTESIAN_POINT('',(12.,0.25));
#4229 = VECTOR('',#4230,1.);
#4230 = DIRECTION('',(-1.,0.));
#4231 = ( GEOMETRIC_REPRESENTATION_CONTEXT(2) 
PARAMETRIC_REPRESENTATION_CONTEXT() REPRESENTATION_CONTEXT('2D SPACE',''
  ) );
#4232 = PCURVE('',#2294,#4233);
#4233 = DEFINITIONAL_REPRESENTATION('',(#4234),#4238);
#4234 = LINE('',#4235,#4236);
#4235 = CARTESIAN_POINT('',(12.,-7.8));
#4236 = VECTOR('',#4237,1.);
#4237 = DIRECTION('',(-1.,0.));
#4238 = ( GEOMETRIC_REPRESENTATION_CONTEXT(2) 
PARAMETRIC_REPRESENTATION_CONTEXT() REPRESENTATION_CONTEXT('2D SPACE',''
  ) );
#4239 = ORIENTED_EDGE('',*,*,#3814,.F.);
#4240 = ORIENTED_EDGE('',*,*,#881,.T.);
#4241 = ADVANCED_FACE('',(#4242),#869,.F.);
#4242 = FACE_BOUND('',#4243,.F.);
#4243 = EDGE_LOOP('',(#4244,#4245,#4267,#4289));
#4244 = ORIENTED_EDGE('',*,*,#848,.F.);
#4245 = ORIENTED_EDGE('',*,*,#4246,.F.);
#4246 = EDGE_CURVE('',#4247,#823,#4249,.T.);
#4247 = VERTEX_POINT('',#4248);
#4248 = CARTESIAN_POINT('',(48.5,28.8,28.));
#4249 = SURFACE_CURVE('',#4250,(#4254,#4260),.PCURVE_S1.);
#4250 = LINE('',#4251,#4252);
#4251 = CARTESIAN_POINT('',(48.25,28.8,28.));
#4252 = VECTOR('',#4253,1.);
#4253 = DIRECTION('',(1.,0.,0.));
#4254 = PCURVE('',#869,#4255);
#4255 = DEFINITIONAL_REPRESENTATION('',(#4256),#4259);
#4256 = B_SPLINE_CURVE_WITH_KNOTS('',1,(#4257,#4258),.UNSPECIFIED.,.F.,
  .F.,(2,2),(0.,4.),.PIECEWISE_BEZIER_KNOTS.);
#4257 = CARTESIAN_POINT('',(4.712388980385,0.));
#4258 = CARTESIAN_POINT('',(4.712388980385,4.));
#4259 = ( GEOMETRIC_REPRESENTATION_CONTEXT(2) 
PARAMETRIC_REPRESENTATION_CONTEXT() REPRESENTATION_CONTEXT('2D SPACE',''
  ) );
#4260 = PCURVE('',#837,#4261);
#4261 = DEFINITIONAL_REPRESENTATION('',(#4262),#4266);
#4262 = LINE('',#4263,#4264);
#4263 = CARTESIAN_POINT('',(0.,0.));
#4264 = VECTOR('',#4265,1.);
#4265 = DIRECTION('',(0.,1.));
#4266 = ( GEOMETRIC_REPRESENTATION_CONTEXT(2) 
PARAMETRIC_REPRESENTATION_CONTEXT() REPRESENTATION_CONTEXT('2D SPACE',''
  ) );
#4267 = ORIENTED_EDGE('',*,*,#4268,.T.);
#4268 = EDGE_CURVE('',#4247,#4198,#4269,.T.);
#4269 = SURFACE_CURVE('',#4270,(#4275,#4282),.PCURVE_S1.);
#4270 = CIRCLE('',#4271,3.2);
#4271 = AXIS2_PLACEMENT_3D('',#4272,#4273,#4274);
#4272 = CARTESIAN_POINT('',(48.5,32.,28.));
#4273 = DIRECTION('',(1.,0.,2.22044604925E-16));
#4274 = DIRECTION('',(2.22044604925E-16,0.,-1.));
#4275 = PCURVE('',#869,#4276);
#4276 = DEFINITIONAL_REPRESENTATION('',(#4277),#4281);
#4277 = LINE('',#4278,#4279);
#4278 = CARTESIAN_POINT('',(0.,0.25));
#4279 = VECTOR('',#4280,1.);
#4280 = DIRECTION('',(1.,0.));
#4281 = ( GEOMETRIC_REPRESENTATION_CONTEXT(2) 
PARAMETRIC_REPRESENTATION_CONTEXT() REPRESENTATION_CONTEXT('2D SPACE',''
  ) );
#4282 = PCURVE('',#2294,#4283);
#4283 = DEFINITIONAL_REPRESENTATION('',(#4284),#4288);
#4284 = CIRCLE('',#4285,3.2);
#4285 = AXIS2_PLACEMENT_2D('',#4286,#4287);
#4286 = CARTESIAN_POINT('',(0.,-4.6));
#4287 = DIRECTION('',(-1.,0.));
#4288 = ( GEOMETRIC_REPRESENTATION_CONTEXT(2) 
PARAMETRIC_REPRESENTATION_CONTEXT() REPRESENTATION_CONTEXT('2D SPACE',''
  ) );
#4289 = ORIENTED_EDGE('',*,*,#4197,.T.);
#4290 = ADVANCED_FACE('',(#4291),#837,.T.);
#4291 = FACE_BOUND('',#4292,.T.);
#4292 = EDGE_LOOP('',(#4293,#4294,#4315,#4316));
#4293 = ORIENTED_EDGE('',*,*,#4246,.F.);
#4294 = ORIENTED_EDGE('',*,*,#4295,.T.);
#4295 = EDGE_CURVE('',#4247,#2259,#4296,.T.);
#4296 = SURFACE_CURVE('',#4297,(#4301,#4308),.PCURVE_S1.);
#4297 = LINE('',#4298,#4299);
#4298 = CARTESIAN_POINT('',(48.5,28.8,28.));
#4299 = VECTOR('',#4300,1.);
#4300 = DIRECTION('',(0.,0.,1.));
#4301 = PCURVE('',#837,#4302);
#4302 = DEFINITIONAL_REPRESENTATION('',(#4303),#4307);
#4303 = LINE('',#4304,#4305);
#4304 = CARTESIAN_POINT('',(0.,0.25));
#4305 = VECTOR('',#4306,1.);
#4306 = DIRECTION('',(1.,0.));
#4307 = ( GEOMETRIC_REPRESENTATION_CONTEXT(2) 
PARAMETRIC_REPRESENTATION_CONTEXT() REPRESENTATION_CONTEXT('2D SPACE',''
  ) );
#4308 = PCURVE('',#2294,#4309);
#4309 = DEFINITIONAL_REPRESENTATION('',(#4310),#4314);
#4310 = LINE('',#4311,#4312);
#4311 = CARTESIAN_POINT('',(0.,-1.4));
#4312 = VECTOR('',#4313,1.);
#4313 = DIRECTION('',(1.,0.));
#4314 = ( GEOMETRIC_REPRESENTATION_CONTEXT(2) 
PARAMETRIC_REPRESENTATION_CONTEXT() REPRESENTATION_CONTEXT('2D SPACE',''
  ) );
#4315 = ORIENTED_EDGE('',*,*,#2258,.F.);
#4316 = ORIENTED_EDGE('',*,*,#822,.T.);
#4317 = ADVANCED_FACE('',(#4318),#789,.T.);
#4318 = FACE_BOUND('',#4319,.T.);
#4319 = EDGE_LOOP('',(#4320,#4343,#4400,#4401));
#4320 = ORIENTED_EDGE('',*,*,#4321,.F.);
#4321 = EDGE_CURVE('',#4322,#2203,#4324,.T.);
#4322 = VERTEX_POINT('',#4323);
#4323 = CARTESIAN_POINT('',(46.,-70.,1.5));
#4324 = SURFACE_CURVE('',#4325,(#4329,#4336),.PCURVE_S1.);
#4325 = LINE('',#4326,#4327);
#4326 = CARTESIAN_POINT('',(46.,-70.,0.));
#4327 = VECTOR('',#4328,1.);
#4328 = DIRECTION('',(0.,0.,1.));
#4329 = PCURVE('',#789,#4330);
#4330 = DEFINITIONAL_REPRESENTATION('',(#4331),#4335);
#4331 = LINE('',#4332,#4333);
#4332 = CARTESIAN_POINT('',(0.,0.));
#4333 = VECTOR('',#4334,1.);
#4334 = DIRECTION('',(0.,1.));
#4335 = ( GEOMETRIC_REPRESENTATION_CONTEXT(2) 
PARAMETRIC_REPRESENTATION_CONTEXT() REPRESENTATION_CONTEXT('2D SPACE',''
  ) );
#4336 = PCURVE('',#2218,#4337);
#4337 = DEFINITIONAL_REPRESENTATION('',(#4338),#4342);
#4338 = LINE('',#4339,#4340);
#4339 = CARTESIAN_POINT('',(0.,46.));
#4340 = VECTOR('',#4341,1.);
#4341 = DIRECTION('',(1.,0.));
#4342 = ( GEOMETRIC_REPRESENTATION_CONTEXT(2) 
PARAMETRIC_REPRESENTATION_CONTEXT() REPRESENTATION_CONTEXT('2D SPACE',''
  ) );
#4343 = ORIENTED_EDGE('',*,*,#4344,.T.);
#4344 = EDGE_CURVE('',#4322,#744,#4345,.T.);
#4345 = SURFACE_CURVE('',#4346,(#4363,#4393),.PCURVE_S1.);
#4346 = B_SPLINE_CURVE_WITH_KNOTS('',8,(#4347,#4348,#4349,#4350,#4351,
    #4352,#4353,#4354,#4355,#4356,#4357,#4358,#4359,#4360,#4361,#4362),
  .UNSPECIFIED.,.F.,.F.,(9,7,9),(306.40654491707,312.72270506798,
    312.93595137067),.UNSPECIFIED.);
#4347 = CARTESIAN_POINT('',(46.,-70.,1.5));
#4348 = CARTESIAN_POINT('',(46.743319858954,-70.,1.5));
#4349 = CARTESIAN_POINT('',(47.48671466021,-69.84219611328,
    1.523827811267));
#4350 = CARTESIAN_POINT('',(48.193199315971,-69.52610015219,
    1.571491915657));
#4351 = CARTESIAN_POINT('',(48.827810469744,-69.06210432375,
    1.641345600043));
#4352 = CARTESIAN_POINT('',(49.352114886948,-68.46257410824,
    1.730297741646));
#4353 = CARTESIAN_POINT('',(49.735403123954,-67.76363514034,
    1.833199517395));
#4354 = CARTESIAN_POINT('',(49.952728556971,-66.99631631448,
    1.944167518767));
#4355 = CARTESIAN_POINT('',(49.995778026317,-66.18563656719,
    2.060132220393));
#4356 = CARTESIAN_POINT('',(49.996986529443,-66.15908941328,
    2.06392826524));
#4357 = CARTESIAN_POINT('',(49.997990631384,-66.13258342194,
    2.067716085588));
#4358 = CARTESIAN_POINT('',(49.99879429678,-66.10606979708,
    2.071504327727));
#4359 = CARTESIAN_POINT('',(49.999397640571,-66.07954581909,
    2.075293792184));
#4360 = CARTESIAN_POINT('',(49.999798992296,-66.05303428022,
    2.079081028785));
#4361 = CARTESIAN_POINT('',(49.999999999999,-66.02651650429,
    2.082869316215));
#4362 = CARTESIAN_POINT('',(50.,-66.,2.086657388257));
#4363 = PCURVE('',#789,#4364);
#4364 = DEFINITIONAL_REPRESENTATION('',(#4365),#4392);
#4365 = B_SPLINE_CURVE_WITH_KNOTS('',5,(#4366,#4367,#4368,#4369,#4370,
    #4371,#4372,#4373,#4374,#4375,#4376,#4377,#4378,#4379,#4380,#4381,
    #4382,#4383,#4384,#4385,#4386,#4387,#4388,#4389,#4390,#4391),
  .UNSPECIFIED.,.F.,.F.,(6,4,4,4,4,4,6),(306.40654491707,309.67124814387
    ,311.30359975727,312.11977556397,312.52786346732,312.731907419,
    312.93595137067),.UNSPECIFIED.);
#4366 = CARTESIAN_POINT('',(1.110223024625E-16,1.5));
#4367 = CARTESIAN_POINT('',(0.153683167247,1.5));
#4368 = CARTESIAN_POINT('',(0.307367738485,1.517823887663));
#4369 = CARTESIAN_POINT('',(0.461558940317,1.55348012966));
#4370 = CARTESIAN_POINT('',(0.616755376579,1.605341103718));
#4371 = CARTESIAN_POINT('',(0.851466290146,1.702665790555));
#4372 = CARTESIAN_POINT('',(0.930024016586,1.738364993644));
#4373 = CARTESIAN_POINT('',(1.008938735182,1.776922110593));
#4374 = CARTESIAN_POINT('',(1.088243194945,1.817856769909));
#4375 = CARTESIAN_POINT('',(1.207828388027,1.881983548374));
#4376 = CARTESIAN_POINT('',(1.24779600846,1.903815587113));
#4377 = CARTESIAN_POINT('',(1.287870835775,1.926030606364));
#4378 = CARTESIAN_POINT('',(1.328054187448,1.948555140719));
#4379 = CARTESIAN_POINT('',(1.388493977711,1.982696016798));
#4380 = CARTESIAN_POINT('',(1.408667850995,1.994134955523));
#4381 = CARTESIAN_POINT('',(1.428868193643,2.0056226351));
#4382 = CARTESIAN_POINT('',(1.449094198489,2.017149149684));
#4383 = CARTESIAN_POINT('',(1.479470488309,2.034482315298));
#4384 = CARTESIAN_POINT('',(1.489599505593,2.040265820162));
#4385 = CARTESIAN_POINT('',(1.499744908107,2.046061041264));
#4386 = CARTESIAN_POINT('',(1.509878954375,2.051851411606));
#4387 = CARTESIAN_POINT('',(1.530185472313,2.063454122082));
#4388 = CARTESIAN_POINT('',(1.540354431959,2.069263607323));
#4389 = CARTESIAN_POINT('',(1.550495573867,2.075056799108));
#4390 = CARTESIAN_POINT('',(1.560647438392,2.080858023455));
#4391 = CARTESIAN_POINT('',(1.570796326795,2.086657388257));
#4392 = ( GEOMETRIC_REPRESENTATION_CONTEXT(2) 
PARAMETRIC_REPRESENTATION_CONTEXT() REPRESENTATION_CONTEXT('2D SPACE',''
  ) );
#4393 = PCURVE('',#4132,#4394);
#4394 = DEFINITIONAL_REPRESENTATION('',(#4395),#4399);
#4395 = LINE('',#4396,#4397);
#4396 = CARTESIAN_POINT('',(0.,0.));
#4397 = VECTOR('',#4398,1.);
#4398 = DIRECTION('',(0.,1.));
#4399 = ( GEOMETRIC_REPRESENTATION_CONTEXT(2) 
PARAMETRIC_REPRESENTATION_CONTEXT() REPRESENTATION_CONTEXT('2D SPACE',''
  ) );
#4400 = ORIENTED_EDGE('',*,*,#773,.T.);
#4401 = ORIENTED_EDGE('',*,*,#2230,.F.);
#4402 = ADVANCED_FACE('',(#4403,#4654,#4689,#4724,#4830,#4936,#5042,
    #5148,#5254,#5351,#5386,#5421),#1087,.F.);
#4403 = FACE_BOUND('',#4404,.F.);
#4404 = EDGE_LOOP('',(#4405,#4406,#4407,#4456,#4484,#4531,#4532,#4533,
    #4560,#4593,#4594,#4621));
#4405 = ORIENTED_EDGE('',*,*,#1071,.F.);
#4406 = ORIENTED_EDGE('',*,*,#3163,.T.);
#4407 = ORIENTED_EDGE('',*,*,#4408,.T.);
#4408 = EDGE_CURVE('',#3143,#4409,#4411,.T.);
#4409 = VERTEX_POINT('',#4410);
#4410 = CARTESIAN_POINT('',(-45.99999999999,-68.5150757595,
    0.212132034356));
#4411 = SURFACE_CURVE('',#4412,(#4429,#4449),.PCURVE_S1.);
#4412 = B_SPLINE_CURVE_WITH_KNOTS('',8,(#4413,#4414,#4415,#4416,#4417,
    #4418,#4419,#4420,#4421,#4422,#4423,#4424,#4425,#4426,#4427,#4428),
  .UNSPECIFIED.,.F.,.F.,(9,7,9),(207.87713846347,208.09038476615,
    214.40654491707),.UNSPECIFIED.);
#4413 = CARTESIAN_POINT('',(-48.5,-65.78786796564,0.601733147765));
#4414 = CARTESIAN_POINT('',(-48.5,-65.81438446993,0.597945075723));
#4415 = CARTESIAN_POINT('',(-48.49999544893,-65.84095919114,
    0.594148686979));
#4416 = CARTESIAN_POINT('',(-48.50000957982,-65.86723114162,
    0.590395551196));
#4417 = CARTESIAN_POINT('',(-48.49999879677,-65.89419495893,
    0.586543577295));
#4418 = CARTESIAN_POINT('',(-48.49998376098,-65.92026391581,
    0.582819440598));
#4419 = CARTESIAN_POINT('',(-48.50001178582,-65.94702546283,
    0.578996362453));
#4420 = CARTESIAN_POINT('',(-48.50006235223,-65.9781966466,
    0.574543336199));
#4421 = CARTESIAN_POINT('',(-48.49838454359,-66.50147986003,
    0.499788591424));
#4422 = CARTESIAN_POINT('',(-48.38685086754,-66.99377920289,
    0.429460113873));
#4423 = CARTESIAN_POINT('',(-48.16654761859,-67.45882147064,
    0.363025504192));
#4424 = CARTESIAN_POINT('',(-47.84087566075,-67.86726540397,
    0.304676370862));
#4425 = CARTESIAN_POINT('',(-47.43611419445,-68.18614861498,
    0.25912162643));
#4426 = CARTESIAN_POINT('',(-46.97576646631,-68.40570197477,
    0.227756860748));
#4427 = CARTESIAN_POINT('',(-46.48788144747,-68.5150757595,
    0.212132034356));
#4428 = CARTESIAN_POINT('',(-45.99999999999,-68.5150757595,
    0.212132034356));
#4429 = PCURVE('',#1087,#4430);
#4430 = DEFINITIONAL_REPRESENTATION('',(#4431),#4448);
#4431 = B_SPLINE_CURVE_WITH_KNOTS('',8,(#4432,#4433,#4434,#4435,#4436,
    #4437,#4438,#4439,#4440,#4441,#4442,#4443,#4444,#4445,#4446,#4447),
  .UNSPECIFIED.,.F.,.F.,(9,7,9),(207.87713846347,208.09038476615,
    214.40654491707),.UNSPECIFIED.);
#4432 = CARTESIAN_POINT('',(207.87713846347,-48.5));
#4433 = CARTESIAN_POINT('',(207.90392417775,-48.5));
#4434 = CARTESIAN_POINT('',(207.93076870001,-48.49999544893));
#4435 = CARTESIAN_POINT('',(207.95730737762,-48.50000957982));
#4436 = CARTESIAN_POINT('',(207.98454494631,-48.49999879677));
#4437 = CARTESIAN_POINT('',(208.0108785694,-48.49998376098));
#4438 = CARTESIAN_POINT('',(208.03791181424,-48.50001178582));
#4439 = CARTESIAN_POINT('',(208.06939946484,-48.50006235223));
#4440 = CARTESIAN_POINT('',(208.5979953344,-48.49838454359));
#4441 = CARTESIAN_POINT('',(209.09529276828,-48.38685086754));
#4442 = CARTESIAN_POINT('',(209.56505639836,-48.16654761859));
#4443 = CARTESIAN_POINT('',(209.97764707695,-47.84087566075));
#4444 = CARTESIAN_POINT('',(210.29976776393,-47.43611419445));
#4445 = CARTESIAN_POINT('',(210.52155014901,-46.97576646631));
#4446 = CARTESIAN_POINT('',(210.63203435596,-46.48788144747));
#4447 = CARTESIAN_POINT('',(210.63203435596,-45.99999999999));
#4448 = ( GEOMETRIC_REPRESENTATION_CONTEXT(2) 
PARAMETRIC_REPRESENTATION_CONTEXT() REPRESENTATION_CONTEXT('2D SPACE',''
  ) );
#4449 = PCURVE('',#3095,#4450);
#4450 = DEFINITIONAL_REPRESENTATION('',(#4451),#4455);
#4451 = LINE('',#4452,#4453);
#4452 = CARTESIAN_POINT('',(6.529406453607,0.));
#4453 = VECTOR('',#4454,1.);
#4454 = DIRECTION('',(0.,1.));
#4455 = ( GEOMETRIC_REPRESENTATION_CONTEXT(2) 
PARAMETRIC_REPRESENTATION_CONTEXT() REPRESENTATION_CONTEXT('2D SPACE',''
  ) );
#4456 = ORIENTED_EDGE('',*,*,#4457,.T.);
#4457 = EDGE_CURVE('',#4409,#4458,#4460,.T.);
#4458 = VERTEX_POINT('',#4459);
#4459 = CARTESIAN_POINT('',(46.,-68.5150757595,0.212132034356));
#4460 = SURFACE_CURVE('',#4461,(#4465,#4472),.PCURVE_S1.);
#4461 = LINE('',#4462,#4463);
#4462 = CARTESIAN_POINT('',(-46.,-68.5150757595,0.212132034356));
#4463 = VECTOR('',#4464,1.);
#4464 = DIRECTION('',(1.,0.,0.));
#4465 = PCURVE('',#1087,#4466);
#4466 = DEFINITIONAL_REPRESENTATION('',(#4467),#4471);
#4467 = LINE('',#4468,#4469);
#4468 = CARTESIAN_POINT('',(210.63203435596,-46.));
#4469 = VECTOR('',#4470,1.);
#4470 = DIRECTION('',(0.,1.));
#4471 = ( GEOMETRIC_REPRESENTATION_CONTEXT(2) 
PARAMETRIC_REPRESENTATION_CONTEXT() REPRESENTATION_CONTEXT('2D SPACE',''
  ) );
#4472 = PCURVE('',#4473,#4478);
#4473 = PLANE('',#4474);
#4474 = AXIS2_PLACEMENT_3D('',#4475,#4476,#4477);
#4475 = CARTESIAN_POINT('',(-46.,-69.25753787975,0.856066017178));
#4476 = DIRECTION('',(-1.414333853364E-17,-0.65520174136,-0.755453954996
    ));
#4477 = DIRECTION('',(-1.,9.266740035885E-18,1.068464103208E-17));
#4478 = DEFINITIONAL_REPRESENTATION('',(#4479),#4483);
#4479 = LINE('',#4480,#4481);
#4480 = CARTESIAN_POINT('',(-0.,0.98280261204));
#4481 = VECTOR('',#4482,1.);
#4482 = DIRECTION('',(-1.,0.));
#4483 = ( GEOMETRIC_REPRESENTATION_CONTEXT(2) 
PARAMETRIC_REPRESENTATION_CONTEXT() REPRESENTATION_CONTEXT('2D SPACE',''
  ) );
#4484 = ORIENTED_EDGE('',*,*,#4485,.T.);
#4485 = EDGE_CURVE('',#4458,#4119,#4486,.T.);
#4486 = SURFACE_CURVE('',#4487,(#4504,#4524),.PCURVE_S1.);
#4487 = B_SPLINE_CURVE_WITH_KNOTS('',8,(#4488,#4489,#4490,#4491,#4492,
    #4493,#4494,#4495,#4496,#4497,#4498,#4499,#4500,#4501,#4502,#4503),
  .UNSPECIFIED.,.F.,.F.,(9,7,9),(306.40654491707,312.72270506798,
    312.93595137067),.UNSPECIFIED.);
#4488 = CARTESIAN_POINT('',(46.,-68.5150757595,0.212132034356));
#4489 = CARTESIAN_POINT('',(46.487881447468,-68.5150757595,
    0.212132034356));
#4490 = CARTESIAN_POINT('',(46.975766466321,-68.40570197476,
    0.227756860748));
#4491 = CARTESIAN_POINT('',(47.436114194455,-68.186148615,0.259121626429
    ));
#4492 = CARTESIAN_POINT('',(47.840875660751,-67.86726540395,
    0.304676370864));
#4493 = CARTESIAN_POINT('',(48.166547618603,-67.45882147067,
    0.363025504189));
#4494 = CARTESIAN_POINT('',(48.38685086754,-66.99377920287,
    0.429460113875));
#4495 = CARTESIAN_POINT('',(48.498384543591,-66.50147986003,
    0.499788591423));
#4496 = CARTESIAN_POINT('',(48.500062352232,-65.9781966466,
    0.574543336199));
#4497 = CARTESIAN_POINT('',(48.50001178582,-65.94702546283,
    0.578996362453));
#4498 = CARTESIAN_POINT('',(48.499983760983,-65.9202639158,
    0.582819440598));
#4499 = CARTESIAN_POINT('',(48.499998796776,-65.89419495893,
    0.586543577295));
#4500 = CARTESIAN_POINT('',(48.500009579825,-65.86723114162,
    0.590395551196));
#4501 = CARTESIAN_POINT('',(48.499995448939,-65.84095919115,
    0.594148686979));
#4502 = CARTESIAN_POINT('',(48.5,-65.81438446993,0.597945075723));
#4503 = CARTESIAN_POINT('',(48.5,-65.78786796564,0.601733147765));
#4504 = PCURVE('',#1087,#4505);
#4505 = DEFINITIONAL_REPRESENTATION('',(#4506),#4523);
#4506 = B_SPLINE_CURVE_WITH_KNOTS('',8,(#4507,#4508,#4509,#4510,#4511,
    #4512,#4513,#4514,#4515,#4516,#4517,#4518,#4519,#4520,#4521,#4522),
  .UNSPECIFIED.,.F.,.F.,(9,7,9),(306.40654491707,312.72270506798,
    312.93595137067),.UNSPECIFIED.);
#4507 = CARTESIAN_POINT('',(210.63203435596,46.));
#4508 = CARTESIAN_POINT('',(210.63203435596,46.487881447468));
#4509 = CARTESIAN_POINT('',(210.52155014899,46.975766466321));
#4510 = CARTESIAN_POINT('',(210.29976776397,47.436114194455));
#4511 = CARTESIAN_POINT('',(209.9776470769,47.840875660751));
#4512 = CARTESIAN_POINT('',(209.56505639841,48.166547618603));
#4513 = CARTESIAN_POINT('',(209.09529276825,48.38685086754));
#4514 = CARTESIAN_POINT('',(208.59799533441,48.498384543591));
#4515 = CARTESIAN_POINT('',(208.06939946484,48.500062352232));
#4516 = CARTESIAN_POINT('',(208.03791181424,48.50001178582));
#4517 = CARTESIAN_POINT('',(208.0108785694,48.499983760983));
#4518 = CARTESIAN_POINT('',(207.98454494631,48.499998796776));
#4519 = CARTESIAN_POINT('',(207.95730737761,48.500009579825));
#4520 = CARTESIAN_POINT('',(207.93076870001,48.499995448939));
#4521 = CARTESIAN_POINT('',(207.90392417775,48.5));
#4522 = CARTESIAN_POINT('',(207.87713846347,48.5));
#4523 = ( GEOMETRIC_REPRESENTATION_CONTEXT(2) 
PARAMETRIC_REPRESENTATION_CONTEXT() REPRESENTATION_CONTEXT('2D SPACE',''
  ) );
#4524 = PCURVE('',#4132,#4525);
#4525 = DEFINITIONAL_REPRESENTATION('',(#4526),#4530);
#4526 = LINE('',#4527,#4528);
#4527 = CARTESIAN_POINT('',(6.529406453603,0.));
#4528 = VECTOR('',#4529,1.);
#4529 = DIRECTION('',(0.,1.));
#4530 = ( GEOMETRIC_REPRESENTATION_CONTEXT(2) 
PARAMETRIC_REPRESENTATION_CONTEXT() REPRESENTATION_CONTEXT('2D SPACE',''
  ) );
#4531 = ORIENTED_EDGE('',*,*,#4173,.T.);
#4532 = ORIENTED_EDGE('',*,*,#1402,.F.);
#4533 = ORIENTED_EDGE('',*,*,#4534,.F.);
#4534 = EDGE_CURVE('',#4535,#1376,#4537,.T.);
#4535 = VERTEX_POINT('',#4536);
#4536 = CARTESIAN_POINT('',(45.25,138.53551912568,29.790788446526));
#4537 = SURFACE_CURVE('',#4538,(#4543,#4550),.PCURVE_S1.);
#4538 = ELLIPSE('',#4539,3.271328829985,3.25);
#4539 = AXIS2_PLACEMENT_3D('',#4540,#4541,#4542);
#4540 = CARTESIAN_POINT('',(42.,138.53551912568,29.790788446526));
#4541 = DIRECTION('',(0.,-0.141421356237,0.989949493661));
#4542 = DIRECTION('',(0.,-0.989949493661,-0.141421356237));
#4543 = PCURVE('',#1087,#4544);
#4544 = DEFINITIONAL_REPRESENTATION('',(#4545),#4549);
#4545 = ELLIPSE('',#4546,3.271328829985,3.25);
#4546 = AXIS2_PLACEMENT_2D('',#4547,#4548);
#4547 = CARTESIAN_POINT('',(1.479349081639,42.));
#4548 = DIRECTION('',(1.,0.));
#4549 = ( GEOMETRIC_REPRESENTATION_CONTEXT(2) 
PARAMETRIC_REPRESENTATION_CONTEXT() REPRESENTATION_CONTEXT('2D SPACE',''
  ) );
#4550 = PCURVE('',#1279,#4551);
#4551 = DEFINITIONAL_REPRESENTATION('',(#4552),#4559);
#4552 = B_SPLINE_CURVE_WITH_KNOTS('',5,(#4553,#4554,#4555,#4556,#4557,
    #4558),.UNSPECIFIED.,.F.,.F.,(6,6),(1.570796326795,2.138794679921),
  .PIECEWISE_BEZIER_KNOTS.);
#4553 = CARTESIAN_POINT('',(8.745141363201E-15,0.200626719725));
#4554 = CARTESIAN_POINT('',(0.113599670625,0.158259629451));
#4555 = CARTESIAN_POINT('',(0.227199341251,0.115892444589));
#4556 = CARTESIAN_POINT('',(0.340799011876,7.466479493192E-02));
#4557 = CARTESIAN_POINT('',(0.454398682501,3.571398606209E-02));
#4558 = CARTESIAN_POINT('',(0.567998353127,-6.000000105644E-07));
#4559 = ( GEOMETRIC_REPRESENTATION_CONTEXT(2) 
PARAMETRIC_REPRESENTATION_CONTEXT() REPRESENTATION_CONTEXT('2D SPACE',''
  ) );
#4560 = ORIENTED_EDGE('',*,*,#4561,.F.);
#4561 = EDGE_CURVE('',#1240,#4535,#4562,.T.);
#4562 = SURFACE_CURVE('',#4563,(#4568,#4575),.PCURVE_S1.);
#4563 = ELLIPSE('',#4564,3.271328829985,3.25);
#4564 = AXIS2_PLACEMENT_3D('',#4565,#4566,#4567);
#4565 = CARTESIAN_POINT('',(42.,138.53551912568,29.790788446526));
#4566 = DIRECTION('',(0.,-0.141421356237,0.989949493661));
#4567 = DIRECTION('',(0.,-0.989949493661,-0.141421356237));
#4568 = PCURVE('',#1087,#4569);
#4569 = DEFINITIONAL_REPRESENTATION('',(#4570),#4574);
#4570 = ELLIPSE('',#4571,3.271328829985,3.25);
#4571 = AXIS2_PLACEMENT_2D('',#4572,#4573);
#4572 = CARTESIAN_POINT('',(1.479349081639,42.));
#4573 = DIRECTION('',(1.,0.));
#4574 = ( GEOMETRIC_REPRESENTATION_CONTEXT(2) 
PARAMETRIC_REPRESENTATION_CONTEXT() REPRESENTATION_CONTEXT('2D SPACE',''
  ) );
#4575 = PCURVE('',#1279,#4576);
#4576 = DEFINITIONAL_REPRESENTATION('',(#4577),#4592);
#4577 = B_SPLINE_CURVE_WITH_KNOTS('',7,(#4578,#4579,#4580,#4581,#4582,
    #4583,#4584,#4585,#4586,#4587,#4588,#4589,#4590,#4591),
  .UNSPECIFIED.,.F.,.F.,(8,6,8),(4.144390627258,5.999186130616,
    7.853981633974),.UNSPECIFIED.);
#4578 = CARTESIAN_POINT('',(2.573594300463,-6.000000105644E-07));
#4579 = CARTESIAN_POINT('',(2.838565086657,8.330353191672E-02));
#4580 = CARTESIAN_POINT('',(3.103535872851,0.183040722762));
#4581 = CARTESIAN_POINT('',(3.368506659045,0.289662109561));
#4582 = CARTESIAN_POINT('',(3.633477445239,0.390774457633));
#4583 = CARTESIAN_POINT('',(3.898448231433,0.473933470563));
#4584 = CARTESIAN_POINT('',(4.163419017627,0.530948730745));
#4585 = CARTESIAN_POINT('',(4.693360590015,0.586327438599));
#4586 = CARTESIAN_POINT('',(4.95833137621,0.584690073653));
#4587 = CARTESIAN_POINT('',(5.223302162403,0.550564037458));
#4588 = CARTESIAN_POINT('',(5.488272948598,0.485764783953));
#4589 = CARTESIAN_POINT('',(5.753243734791,0.398267413442));
#4590 = CARTESIAN_POINT('',(6.018214520986,0.299447791626));
#4591 = CARTESIAN_POINT('',(6.28318530718,0.200626719725));
#4592 = ( GEOMETRIC_REPRESENTATION_CONTEXT(2) 
PARAMETRIC_REPRESENTATION_CONTEXT() REPRESENTATION_CONTEXT('2D SPACE',''
  ) );
#4593 = ORIENTED_EDGE('',*,*,#1239,.F.);
#4594 = ORIENTED_EDGE('',*,*,#4595,.F.);
#4595 = EDGE_CURVE('',#4596,#1213,#4598,.T.);
#4596 = VERTEX_POINT('',#4597);
#4597 = CARTESIAN_POINT('',(-38.75,138.53551912568,29.790788446526));
#4598 = SURFACE_CURVE('',#4599,(#4604,#4611),.PCURVE_S1.);
#4599 = ELLIPSE('',#4600,3.271328829985,3.25);
#4600 = AXIS2_PLACEMENT_3D('',#4601,#4602,#4603);
#4601 = CARTESIAN_POINT('',(-42.,138.53551912568,29.790788446526));
#4602 = DIRECTION('',(0.,-0.141421356237,0.989949493661));
#4603 = DIRECTION('',(0.,-0.989949493661,-0.141421356237));
#4604 = PCURVE('',#1087,#4605);
#4605 = DEFINITIONAL_REPRESENTATION('',(#4606),#4610);
#4606 = ELLIPSE('',#4607,3.271328829985,3.25);
#4607 = AXIS2_PLACEMENT_2D('',#4608,#4609);
#4608 = CARTESIAN_POINT('',(1.479349081639,-42.));
#4609 = DIRECTION('',(1.,0.));
#4610 = ( GEOMETRIC_REPRESENTATION_CONTEXT(2) 
PARAMETRIC_REPRESENTATION_CONTEXT() REPRESENTATION_CONTEXT('2D SPACE',''
  ) );
#4611 = PCURVE('',#1116,#4612);
#4612 = DEFINITIONAL_REPRESENTATION('',(#4613),#4620);
#4613 = B_SPLINE_CURVE_WITH_KNOTS('',5,(#4614,#4615,#4616,#4617,#4618,
    #4619),.UNSPECIFIED.,.F.,.F.,(6,6),(1.570796326795,2.138794679921),
  .PIECEWISE_BEZIER_KNOTS.);
#4614 = CARTESIAN_POINT('',(8.745141363201E-15,0.200626719725));
#4615 = CARTESIAN_POINT('',(0.113599670625,0.158259629451));
#4616 = CARTESIAN_POINT('',(0.227199341251,0.115892444589));
#4617 = CARTESIAN_POINT('',(0.340799011876,7.466479493192E-02));
#4618 = CARTESIAN_POINT('',(0.454398682501,3.571398606209E-02));
#4619 = CARTESIAN_POINT('',(0.567998353127,-6.000000105644E-07));
#4620 = ( GEOMETRIC_REPRESENTATION_CONTEXT(2) 
PARAMETRIC_REPRESENTATION_CONTEXT() REPRESENTATION_CONTEXT('2D SPACE',''
  ) );
#4621 = ORIENTED_EDGE('',*,*,#4622,.F.);
#4622 = EDGE_CURVE('',#1072,#4596,#4623,.T.);
#4623 = SURFACE_CURVE('',#4624,(#4629,#4636),.PCURVE_S1.);
#4624 = ELLIPSE('',#4625,3.271328829985,3.25);
#4625 = AXIS2_PLACEMENT_3D('',#4626,#4627,#4628);
#4626 = CARTESIAN_POINT('',(-42.,138.53551912568,29.790788446526));
#4627 = DIRECTION('',(0.,-0.141421356237,0.989949493661));
#4628 = DIRECTION('',(0.,-0.989949493661,-0.141421356237));
#4629 = PCURVE('',#1087,#4630);
#4630 = DEFINITIONAL_REPRESENTATION('',(#4631),#4635);
#4631 = ELLIPSE('',#4632,3.271328829985,3.25);
#4632 = AXIS2_PLACEMENT_2D('',#4633,#4634);
#4633 = CARTESIAN_POINT('',(1.479349081639,-42.));
#4634 = DIRECTION('',(1.,0.));
#4635 = ( GEOMETRIC_REPRESENTATION_CONTEXT(2) 
PARAMETRIC_REPRESENTATION_CONTEXT() REPRESENTATION_CONTEXT('2D SPACE',''
  ) );
#4636 = PCURVE('',#1116,#4637);
#4637 = DEFINITIONAL_REPRESENTATION('',(#4638),#4653);
#4638 = B_SPLINE_CURVE_WITH_KNOTS('',7,(#4639,#4640,#4641,#4642,#4643,
    #4644,#4645,#4646,#4647,#4648,#4649,#4650,#4651,#4652),
  .UNSPECIFIED.,.F.,.F.,(8,6,8),(4.144390627258,5.999186130616,
    7.853981633974),.UNSPECIFIED.);
#4639 = CARTESIAN_POINT('',(2.573594300463,-6.000000105644E-07));
#4640 = CARTESIAN_POINT('',(2.838565086657,8.330353191672E-02));
#4641 = CARTESIAN_POINT('',(3.103535872851,0.183040722762));
#4642 = CARTESIAN_POINT('',(3.368506659045,0.289662109561));
#4643 = CARTESIAN_POINT('',(3.633477445239,0.390774457633));
#4644 = CARTESIAN_POINT('',(3.898448231433,0.473933470563));
#4645 = CARTESIAN_POINT('',(4.163419017627,0.530948730745));
#4646 = CARTESIAN_POINT('',(4.693360590015,0.586327438599));
#4647 = CARTESIAN_POINT('',(4.95833137621,0.584690073653));
#4648 = CARTESIAN_POINT('',(5.223302162403,0.550564037458));
#4649 = CARTESIAN_POINT('',(5.488272948598,0.485764783953));
#4650 = CARTESIAN_POINT('',(5.753243734791,0.398267413442));
#4651 = CARTESIAN_POINT('',(6.018214520986,0.299447791626));
#4652 = CARTESIAN_POINT('',(6.28318530718,0.200626719725));
#4653 = ( GEOMETRIC_REPRESENTATION_CONTEXT(2) 
PARAMETRIC_REPRESENTATION_CONTEXT() REPRESENTATION_CONTEXT('2D SPACE',''
  ) );
#4654 = FACE_BOUND('',#4655,.F.);
#4655 = EDGE_LOOP('',(#4656));
#4656 = ORIENTED_EDGE('',*,*,#4657,.T.);
#4657 = EDGE_CURVE('',#4658,#4658,#4660,.T.);
#4658 = VERTEX_POINT('',#4659);
#4659 = CARTESIAN_POINT('',(-9.4,59.39696961967,18.485281374239));
#4660 = SURFACE_CURVE('',#4661,(#4666,#4677),.PCURVE_S1.);
#4661 = CIRCLE('',#4662,2.6);
#4662 = AXIS2_PLACEMENT_3D('',#4663,#4664,#4665);
#4663 = CARTESIAN_POINT('',(-12.,59.39696961967,18.485281374239));
#4664 = DIRECTION('',(0.,0.141421356237,-0.989949493661));
#4665 = DIRECTION('',(1.,0.,0.));
#4666 = PCURVE('',#1087,#4667);
#4667 = DEFINITIONAL_REPRESENTATION('',(#4668),#4676);
#4668 = ( BOUNDED_CURVE() B_SPLINE_CURVE(2,(#4669,#4670,#4671,#4672,
#4673,#4674,#4675),.UNSPECIFIED.,.T.,.F.) B_SPLINE_CURVE_WITH_KNOTS((1,2
    ,2,2,2,1),(-2.094395102393,0.,2.094395102393,4.188790204786,
6.28318530718,8.377580409573),.UNSPECIFIED.) CURVE() 
GEOMETRIC_REPRESENTATION_ITEM() RATIONAL_B_SPLINE_CURVE((1.,0.5,1.,0.5,
1.,0.5,1.)) REPRESENTATION_ITEM('') );
#4669 = CARTESIAN_POINT('',(81.42135623731,-9.4));
#4670 = CARTESIAN_POINT('',(85.924688336989,-9.4));
#4671 = CARTESIAN_POINT('',(83.673022287149,-13.3));
#4672 = CARTESIAN_POINT('',(81.42135623731,-17.2));
#4673 = CARTESIAN_POINT('',(79.16969018747,-13.3));
#4674 = CARTESIAN_POINT('',(76.91802413763,-9.4));
#4675 = CARTESIAN_POINT('',(81.42135623731,-9.4));
#4676 = ( GEOMETRIC_REPRESENTATION_CONTEXT(2) 
PARAMETRIC_REPRESENTATION_CONTEXT() REPRESENTATION_CONTEXT('2D SPACE',''
  ) );
#4677 = PCURVE('',#4678,#4683);
#4678 = CYLINDRICAL_SURFACE('',#4679,2.6);
#4679 = AXIS2_PLACEMENT_3D('',#4680,#4681,#4682);
#4680 = CARTESIAN_POINT('',(-12.,59.411111755294,18.386286424872));
#4681 = DIRECTION('',(-0.,0.141421356237,-0.989949493661));
#4682 = DIRECTION('',(1.,0.,0.));
#4683 = DEFINITIONAL_REPRESENTATION('',(#4684),#4688);
#4684 = LINE('',#4685,#4686);
#4685 = CARTESIAN_POINT('',(-6.28318530718,-0.1));
#4686 = VECTOR('',#4687,1.);
#4687 = DIRECTION('',(1.,-0.));
#4688 = ( GEOMETRIC_REPRESENTATION_CONTEXT(2) 
PARAMETRIC_REPRESENTATION_CONTEXT() REPRESENTATION_CONTEXT('2D SPACE',''
  ) );
#4689 = FACE_BOUND('',#4690,.F.);
#4690 = EDGE_LOOP('',(#4691));
#4691 = ORIENTED_EDGE('',*,*,#4692,.T.);
#4692 = EDGE_CURVE('',#4693,#4693,#4695,.T.);
#4693 = VERTEX_POINT('',#4694);
#4694 = CARTESIAN_POINT('',(-9.4,35.638181771802,15.091168824543));
#4695 = SURFACE_CURVE('',#4696,(#4701,#4712),.PCURVE_S1.);
#4696 = CIRCLE('',#4697,2.6);
#4697 = AXIS2_PLACEMENT_3D('',#4698,#4699,#4700);
#4698 = CARTESIAN_POINT('',(-12.,35.638181771802,15.091168824543));
#4699 = DIRECTION('',(0.,0.141421356237,-0.989949493661));
#4700 = DIRECTION('',(1.,0.,0.));
#4701 = PCURVE('',#1087,#4702);
#4702 = DEFINITIONAL_REPRESENTATION('',(#4703),#4711);
#4703 = ( BOUNDED_CURVE() B_SPLINE_CURVE(2,(#4704,#4705,#4706,#4707,
#4708,#4709,#4710),.UNSPECIFIED.,.T.,.F.) B_SPLINE_CURVE_WITH_KNOTS((1,2
    ,2,2,2,1),(-2.094395102393,0.,2.094395102393,4.188790204786,
6.28318530718,8.377580409573),.UNSPECIFIED.) CURVE() 
GEOMETRIC_REPRESENTATION_ITEM() RATIONAL_B_SPLINE_CURVE((1.,0.5,1.,0.5,
1.,0.5,1.)) REPRESENTATION_ITEM('') );
#4704 = CARTESIAN_POINT('',(105.42135623731,-9.4));
#4705 = CARTESIAN_POINT('',(109.92468833698,-9.4));
#4706 = CARTESIAN_POINT('',(107.67302228714,-13.3));
#4707 = CARTESIAN_POINT('',(105.42135623731,-17.2));
#4708 = CARTESIAN_POINT('',(103.16969018747,-13.3));
#4709 = CARTESIAN_POINT('',(100.91802413763,-9.4));
#4710 = CARTESIAN_POINT('',(105.42135623731,-9.4));
#4711 = ( GEOMETRIC_REPRESENTATION_CONTEXT(2) 
PARAMETRIC_REPRESENTATION_CONTEXT() REPRESENTATION_CONTEXT('2D SPACE',''
  ) );
#4712 = PCURVE('',#4713,#4718);
#4713 = CYLINDRICAL_SURFACE('',#4714,2.6);
#4714 = AXIS2_PLACEMENT_3D('',#4715,#4716,#4717);
#4715 = CARTESIAN_POINT('',(-12.,35.652323907426,14.992173875177));
#4716 = DIRECTION('',(-0.,0.141421356237,-0.989949493661));
#4717 = DIRECTION('',(1.,0.,0.));
#4718 = DEFINITIONAL_REPRESENTATION('',(#4719),#4723);
#4719 = LINE('',#4720,#4721);
#4720 = CARTESIAN_POINT('',(-6.28318530718,-1.E-01));
#4721 = VECTOR('',#4722,1.);
#4722 = DIRECTION('',(1.,-0.));
#4723 = ( GEOMETRIC_REPRESENTATION_CONTEXT(2) 
PARAMETRIC_REPRESENTATION_CONTEXT() REPRESENTATION_CONTEXT('2D SPACE',''
  ) );
#4724 = FACE_BOUND('',#4725,.F.);
#4725 = EDGE_LOOP('',(#4726,#4754,#4780,#4806));
#4726 = ORIENTED_EDGE('',*,*,#4727,.F.);
#4727 = EDGE_CURVE('',#4728,#4730,#4732,.T.);
#4728 = VERTEX_POINT('',#4729);
#4729 = CARTESIAN_POINT('',(-7.944271909999,54.348227201998,
    17.764032457428));
#4730 = VERTEX_POINT('',#4731);
#4731 = CARTESIAN_POINT('',(7.944271909999,54.348227201998,
    17.764032457428));
#4732 = SURFACE_CURVE('',#4733,(#4737,#4743),.PCURVE_S1.);
#4733 = LINE('',#4734,#4735);
#4734 = CARTESIAN_POINT('',(-3.972135955,54.348227201998,17.764032457428
    ));
#4735 = VECTOR('',#4736,1.);
#4736 = DIRECTION('',(1.,0.,0.));
#4737 = PCURVE('',#1087,#4738);
#4738 = DEFINITIONAL_REPRESENTATION('',(#4739),#4742);
#4739 = B_SPLINE_CURVE_WITH_KNOTS('',1,(#4740,#4741),.UNSPECIFIED.,.F.,
  .F.,(2,2),(-3.972135955,11.916407864999),.PIECEWISE_BEZIER_KNOTS.);
#4740 = CARTESIAN_POINT('',(86.52135623731,-7.944271909999));
#4741 = CARTESIAN_POINT('',(86.52135623731,7.944271909999));
#4742 = ( GEOMETRIC_REPRESENTATION_CONTEXT(2) 
PARAMETRIC_REPRESENTATION_CONTEXT() REPRESENTATION_CONTEXT('2D SPACE',''
  ) );
#4743 = PCURVE('',#4744,#4749);
#4744 = PLANE('',#4745);
#4745 = AXIS2_PLACEMENT_3D('',#4746,#4747,#4748);
#4746 = CARTESIAN_POINT('',(-7.944271909999,53.782541777049,
    21.723830432073));
#4747 = DIRECTION('',(0.,-0.989949493661,-0.141421356237));
#4748 = DIRECTION('',(1.,0.,0.));
#4749 = DEFINITIONAL_REPRESENTATION('',(#4750),#4753);
#4750 = B_SPLINE_CURVE_WITH_KNOTS('',1,(#4751,#4752),.UNSPECIFIED.,.F.,
  .F.,(2,2),(-3.972135955,11.916407864999),.PIECEWISE_BEZIER_KNOTS.);
#4751 = CARTESIAN_POINT('',(0.,-4.));
#4752 = CARTESIAN_POINT('',(15.888543819998,-4.));
#4753 = ( GEOMETRIC_REPRESENTATION_CONTEXT(2) 
PARAMETRIC_REPRESENTATION_CONTEXT() REPRESENTATION_CONTEXT('2D SPACE',''
  ) );
#4754 = ORIENTED_EDGE('',*,*,#4755,.T.);
#4755 = EDGE_CURVE('',#4728,#4756,#4758,.T.);
#4756 = VERTEX_POINT('',#4757);
#4757 = CARTESIAN_POINT('',(-7.944271909999,56.526116088053,
    18.07515944115));
#4758 = SURFACE_CURVE('',#4759,(#4763,#4769),.PCURVE_S1.);
#4759 = LINE('',#4760,#4761);
#4760 = CARTESIAN_POINT('',(-7.944271909999,97.174113600999,
    23.882016228714));
#4761 = VECTOR('',#4762,1.);
#4762 = DIRECTION('',(0.,0.989949493661,0.141421356237));
#4763 = PCURVE('',#1087,#4764);
#4764 = DEFINITIONAL_REPRESENTATION('',(#4765),#4768);
#4765 = B_SPLINE_CURVE_WITH_KNOTS('',1,(#4766,#4767),.UNSPECIFIED.,.F.,
  .F.,(2,2),(-43.26067811865,-41.06067811865),.PIECEWISE_BEZIER_KNOTS.);
#4766 = CARTESIAN_POINT('',(86.52135623731,-7.944271909999));
#4767 = CARTESIAN_POINT('',(84.32135623731,-7.944271909999));
#4768 = ( GEOMETRIC_REPRESENTATION_CONTEXT(2) 
PARAMETRIC_REPRESENTATION_CONTEXT() REPRESENTATION_CONTEXT('2D SPACE',''
  ) );
#4769 = PCURVE('',#4770,#4775);
#4770 = PLANE('',#4771);
#4771 = AXIS2_PLACEMENT_3D('',#4772,#4773,#4774);
#4772 = CARTESIAN_POINT('',(-7.944271909999,53.782541777049,
    21.723830432073));
#4773 = DIRECTION('',(1.,0.,-0.));
#4774 = DIRECTION('',(0.,0.989949493661,0.141421356237));
#4775 = DEFINITIONAL_REPRESENTATION('',(#4776),#4779);
#4776 = B_SPLINE_CURVE_WITH_KNOTS('',1,(#4777,#4778),.UNSPECIFIED.,.F.,
  .F.,(2,2),(-43.26067811865,-41.06067811865),.PIECEWISE_BEZIER_KNOTS.);
#4777 = CARTESIAN_POINT('',(-7.105427357601E-15,-4.));
#4778 = CARTESIAN_POINT('',(2.2,-4.));
#4779 = ( GEOMETRIC_REPRESENTATION_CONTEXT(2) 
PARAMETRIC_REPRESENTATION_CONTEXT() REPRESENTATION_CONTEXT('2D SPACE',''
  ) );
#4780 = ORIENTED_EDGE('',*,*,#4781,.T.);
#4781 = EDGE_CURVE('',#4756,#4782,#4784,.T.);
#4782 = VERTEX_POINT('',#4783);
#4783 = CARTESIAN_POINT('',(7.944271909999,56.526116088053,
    18.07515944115));
#4784 = SURFACE_CURVE('',#4785,(#4789,#4795),.PCURVE_S1.);
#4785 = LINE('',#4786,#4787);
#4786 = CARTESIAN_POINT('',(-3.972135955,56.526116088053,18.07515944115)
  );
#4787 = VECTOR('',#4788,1.);
#4788 = DIRECTION('',(1.,0.,0.));
#4789 = PCURVE('',#1087,#4790);
#4790 = DEFINITIONAL_REPRESENTATION('',(#4791),#4794);
#4791 = B_SPLINE_CURVE_WITH_KNOTS('',1,(#4792,#4793),.UNSPECIFIED.,.F.,
  .F.,(2,2),(-3.972135955,11.916407864999),.PIECEWISE_BEZIER_KNOTS.);
#4792 = CARTESIAN_POINT('',(84.32135623731,-7.944271909999));
#4793 = CARTESIAN_POINT('',(84.32135623731,7.944271909999));
#4794 = ( GEOMETRIC_REPRESENTATION_CONTEXT(2) 
PARAMETRIC_REPRESENTATION_CONTEXT() REPRESENTATION_CONTEXT('2D SPACE',''
  ) );
#4795 = PCURVE('',#4796,#4801);
#4796 = PLANE('',#4797);
#4797 = AXIS2_PLACEMENT_3D('',#4798,#4799,#4800);
#4798 = CARTESIAN_POINT('',(-7.944271909999,55.960430663103,
    22.034957415795));
#4799 = DIRECTION('',(0.,-0.989949493661,-0.141421356237));
#4800 = DIRECTION('',(1.,0.,0.));
#4801 = DEFINITIONAL_REPRESENTATION('',(#4802),#4805);
#4802 = B_SPLINE_CURVE_WITH_KNOTS('',1,(#4803,#4804),.UNSPECIFIED.,.F.,
  .F.,(2,2),(-3.972135955,11.916407864999),.PIECEWISE_BEZIER_KNOTS.);
#4803 = CARTESIAN_POINT('',(0.,-4.));
#4804 = CARTESIAN_POINT('',(15.888543819998,-4.));
#4805 = ( GEOMETRIC_REPRESENTATION_CONTEXT(2) 
PARAMETRIC_REPRESENTATION_CONTEXT() REPRESENTATION_CONTEXT('2D SPACE',''
  ) );
#4806 = ORIENTED_EDGE('',*,*,#4807,.F.);
#4807 = EDGE_CURVE('',#4730,#4782,#4808,.T.);
#4808 = SURFACE_CURVE('',#4809,(#4813,#4819),.PCURVE_S1.);
#4809 = LINE('',#4810,#4811);
#4810 = CARTESIAN_POINT('',(7.944271909999,97.174113600999,
    23.882016228714));
#4811 = VECTOR('',#4812,1.);
#4812 = DIRECTION('',(0.,0.989949493661,0.141421356237));
#4813 = PCURVE('',#1087,#4814);
#4814 = DEFINITIONAL_REPRESENTATION('',(#4815),#4818);
#4815 = B_SPLINE_CURVE_WITH_KNOTS('',1,(#4816,#4817),.UNSPECIFIED.,.F.,
  .F.,(2,2),(-43.26067811865,-41.06067811865),.PIECEWISE_BEZIER_KNOTS.);
#4816 = CARTESIAN_POINT('',(86.52135623731,7.944271909999));
#4817 = CARTESIAN_POINT('',(84.32135623731,7.944271909999));
#4818 = ( GEOMETRIC_REPRESENTATION_CONTEXT(2) 
PARAMETRIC_REPRESENTATION_CONTEXT() REPRESENTATION_CONTEXT('2D SPACE',''
  ) );
#4819 = PCURVE('',#4820,#4825);
#4820 = PLANE('',#4821);
#4821 = AXIS2_PLACEMENT_3D('',#4822,#4823,#4824);
#4822 = CARTESIAN_POINT('',(7.944271909999,53.782541777049,
    21.723830432073));
#4823 = DIRECTION('',(1.,0.,-0.));
#4824 = DIRECTION('',(0.,0.989949493661,0.141421356237));
#4825 = DEFINITIONAL_REPRESENTATION('',(#4826),#4829);
#4826 = B_SPLINE_CURVE_WITH_KNOTS('',1,(#4827,#4828),.UNSPECIFIED.,.F.,
  .F.,(2,2),(-43.26067811865,-41.06067811865),.PIECEWISE_BEZIER_KNOTS.);
#4827 = CARTESIAN_POINT('',(-7.105427357601E-15,-4.));
#4828 = CARTESIAN_POINT('',(2.2,-4.));
#4829 = ( GEOMETRIC_REPRESENTATION_CONTEXT(2) 
PARAMETRIC_REPRESENTATION_CONTEXT() REPRESENTATION_CONTEXT('2D SPACE',''
  ) );
#4830 = FACE_BOUND('',#4831,.F.);
#4831 = EDGE_LOOP('',(#4832,#4860,#4886,#4912));
#4832 = ORIENTED_EDGE('',*,*,#4833,.F.);
#4833 = EDGE_CURVE('',#4834,#4836,#4838,.T.);
#4834 = VERTEX_POINT('',#4835);
#4835 = CARTESIAN_POINT('',(-10.31370849898,50.388429227353,
    17.198347032479));
#4836 = VERTEX_POINT('',#4837);
#4837 = CARTESIAN_POINT('',(10.313708498985,50.388429227353,
    17.198347032479));
#4838 = SURFACE_CURVE('',#4839,(#4843,#4849),.PCURVE_S1.);
#4839 = LINE('',#4840,#4841);
#4840 = CARTESIAN_POINT('',(-5.156854249492,50.388429227353,
    17.198347032479));
#4841 = VECTOR('',#4842,1.);
#4842 = DIRECTION('',(1.,0.,0.));
#4843 = PCURVE('',#1087,#4844);
#4844 = DEFINITIONAL_REPRESENTATION('',(#4845),#4848);
#4845 = B_SPLINE_CURVE_WITH_KNOTS('',1,(#4846,#4847),.UNSPECIFIED.,.F.,
  .F.,(2,2),(-5.156854249492,15.470562748477),.PIECEWISE_BEZIER_KNOTS.);
#4846 = CARTESIAN_POINT('',(90.521356237309,-10.31370849898));
#4847 = CARTESIAN_POINT('',(90.521356237309,10.313708498985));
#4848 = ( GEOMETRIC_REPRESENTATION_CONTEXT(2) 
PARAMETRIC_REPRESENTATION_CONTEXT() REPRESENTATION_CONTEXT('2D SPACE',''
  ) );
#4849 = PCURVE('',#4850,#4855);
#4850 = PLANE('',#4851);
#4851 = AXIS2_PLACEMENT_3D('',#4852,#4853,#4854);
#4852 = CARTESIAN_POINT('',(-10.31370849898,49.822743802404,
    21.158145007124));
#4853 = DIRECTION('',(0.,-0.989949493661,-0.141421356237));
#4854 = DIRECTION('',(1.,0.,0.));
#4855 = DEFINITIONAL_REPRESENTATION('',(#4856),#4859);
#4856 = B_SPLINE_CURVE_WITH_KNOTS('',1,(#4857,#4858),.UNSPECIFIED.,.F.,
  .F.,(2,2),(-5.156854249492,15.470562748477),.PIECEWISE_BEZIER_KNOTS.);
#4857 = CARTESIAN_POINT('',(0.,-4.));
#4858 = CARTESIAN_POINT('',(20.62741699797,-4.));
#4859 = ( GEOMETRIC_REPRESENTATION_CONTEXT(2) 
PARAMETRIC_REPRESENTATION_CONTEXT() REPRESENTATION_CONTEXT('2D SPACE',''
  ) );
#4860 = ORIENTED_EDGE('',*,*,#4861,.T.);
#4861 = EDGE_CURVE('',#4834,#4862,#4864,.T.);
#4862 = VERTEX_POINT('',#4863);
#4863 = CARTESIAN_POINT('',(-10.31370849898,52.566318113408,
    17.509474016201));
#4864 = SURFACE_CURVE('',#4865,(#4869,#4875),.PCURVE_S1.);
#4865 = LINE('',#4866,#4867);
#4866 = CARTESIAN_POINT('',(-10.31370849898,95.194214613677,
    23.59917351624));
#4867 = VECTOR('',#4868,1.);
#4868 = DIRECTION('',(0.,0.989949493661,0.141421356237));
#4869 = PCURVE('',#1087,#4870);
#4870 = DEFINITIONAL_REPRESENTATION('',(#4871),#4874);
#4871 = B_SPLINE_CURVE_WITH_KNOTS('',1,(#4872,#4873),.UNSPECIFIED.,.F.,
  .F.,(2,2),(-45.26067811865,-43.06067811865),.PIECEWISE_BEZIER_KNOTS.);
#4872 = CARTESIAN_POINT('',(90.52135623731,-10.31370849898));
#4873 = CARTESIAN_POINT('',(88.32135623731,-10.31370849898));
#4874 = ( GEOMETRIC_REPRESENTATION_CONTEXT(2) 
PARAMETRIC_REPRESENTATION_CONTEXT() REPRESENTATION_CONTEXT('2D SPACE',''
  ) );
#4875 = PCURVE('',#4876,#4881);
#4876 = PLANE('',#4877);
#4877 = AXIS2_PLACEMENT_3D('',#4878,#4879,#4880);
#4878 = CARTESIAN_POINT('',(-10.31370849898,49.822743802404,
    21.158145007124));
#4879 = DIRECTION('',(1.,0.,-0.));
#4880 = DIRECTION('',(0.,0.989949493661,0.141421356237));
#4881 = DEFINITIONAL_REPRESENTATION('',(#4882),#4885);
#4882 = B_SPLINE_CURVE_WITH_KNOTS('',1,(#4883,#4884),.UNSPECIFIED.,.F.,
  .F.,(2,2),(-45.26067811865,-43.06067811865),.PIECEWISE_BEZIER_KNOTS.);
#4883 = CARTESIAN_POINT('',(-7.105427357601E-15,-4.));
#4884 = CARTESIAN_POINT('',(2.2,-4.));
#4885 = ( GEOMETRIC_REPRESENTATION_CONTEXT(2) 
PARAMETRIC_REPRESENTATION_CONTEXT() REPRESENTATION_CONTEXT('2D SPACE',''
  ) );
#4886 = ORIENTED_EDGE('',*,*,#4887,.T.);
#4887 = EDGE_CURVE('',#4862,#4888,#4890,.T.);
#4888 = VERTEX_POINT('',#4889);
#4889 = CARTESIAN_POINT('',(10.313708498985,52.566318113408,
    17.509474016201));
#4890 = SURFACE_CURVE('',#4891,(#4895,#4901),.PCURVE_S1.);
#4891 = LINE('',#4892,#4893);
#4892 = CARTESIAN_POINT('',(-5.156854249492,52.566318113408,
    17.509474016201));
#4893 = VECTOR('',#4894,1.);
#4894 = DIRECTION('',(1.,0.,0.));
#4895 = PCURVE('',#1087,#4896);
#4896 = DEFINITIONAL_REPRESENTATION('',(#4897),#4900);
#4897 = B_SPLINE_CURVE_WITH_KNOTS('',1,(#4898,#4899),.UNSPECIFIED.,.F.,
  .F.,(2,2),(-5.156854249492,15.470562748477),.PIECEWISE_BEZIER_KNOTS.);
#4898 = CARTESIAN_POINT('',(88.32135623731,-10.31370849898));
#4899 = CARTESIAN_POINT('',(88.32135623731,10.313708498985));
#4900 = ( GEOMETRIC_REPRESENTATION_CONTEXT(2) 
PARAMETRIC_REPRESENTATION_CONTEXT() REPRESENTATION_CONTEXT('2D SPACE',''
  ) );
#4901 = PCURVE('',#4902,#4907);
#4902 = PLANE('',#4903);
#4903 = AXIS2_PLACEMENT_3D('',#4904,#4905,#4906);
#4904 = CARTESIAN_POINT('',(-10.31370849898,52.000632688459,
    21.469271990846));
#4905 = DIRECTION('',(0.,-0.989949493661,-0.141421356237));
#4906 = DIRECTION('',(1.,0.,0.));
#4907 = DEFINITIONAL_REPRESENTATION('',(#4908),#4911);
#4908 = B_SPLINE_CURVE_WITH_KNOTS('',1,(#4909,#4910),.UNSPECIFIED.,.F.,
  .F.,(2,2),(-5.156854249492,15.470562748477),.PIECEWISE_BEZIER_KNOTS.);
#4909 = CARTESIAN_POINT('',(0.,-4.));
#4910 = CARTESIAN_POINT('',(20.62741699797,-4.));
#4911 = ( GEOMETRIC_REPRESENTATION_CONTEXT(2) 
PARAMETRIC_REPRESENTATION_CONTEXT() REPRESENTATION_CONTEXT('2D SPACE',''
  ) );
#4912 = ORIENTED_EDGE('',*,*,#4913,.F.);
#4913 = EDGE_CURVE('',#4836,#4888,#4914,.T.);
#4914 = SURFACE_CURVE('',#4915,(#4919,#4925),.PCURVE_S1.);
#4915 = LINE('',#4916,#4917);
#4916 = CARTESIAN_POINT('',(10.313708498985,95.194214613677,
    23.59917351624));
#4917 = VECTOR('',#4918,1.);
#4918 = DIRECTION('',(0.,0.989949493661,0.141421356237));
#4919 = PCURVE('',#1087,#4920);
#4920 = DEFINITIONAL_REPRESENTATION('',(#4921),#4924);
#4921 = B_SPLINE_CURVE_WITH_KNOTS('',1,(#4922,#4923),.UNSPECIFIED.,.F.,
  .F.,(2,2),(-45.26067811865,-43.06067811865),.PIECEWISE_BEZIER_KNOTS.);
#4922 = CARTESIAN_POINT('',(90.52135623731,10.313708498985));
#4923 = CARTESIAN_POINT('',(88.32135623731,10.313708498985));
#4924 = ( GEOMETRIC_REPRESENTATION_CONTEXT(2) 
PARAMETRIC_REPRESENTATION_CONTEXT() REPRESENTATION_CONTEXT('2D SPACE',''
  ) );
#4925 = PCURVE('',#4926,#4931);
#4926 = PLANE('',#4927);
#4927 = AXIS2_PLACEMENT_3D('',#4928,#4929,#4930);
#4928 = CARTESIAN_POINT('',(10.313708498985,49.822743802404,
    21.158145007124));
#4929 = DIRECTION('',(1.,0.,-0.));
#4930 = DIRECTION('',(0.,0.989949493661,0.141421356237));
#4931 = DEFINITIONAL_REPRESENTATION('',(#4932),#4935);
#4932 = B_SPLINE_CURVE_WITH_KNOTS('',1,(#4933,#4934),.UNSPECIFIED.,.F.,
  .F.,(2,2),(-45.26067811865,-43.06067811865),.PIECEWISE_BEZIER_KNOTS.);
#4933 = CARTESIAN_POINT('',(-7.105427357601E-15,-4.));
#4934 = CARTESIAN_POINT('',(2.2,-4.));
#4935 = ( GEOMETRIC_REPRESENTATION_CONTEXT(2) 
PARAMETRIC_REPRESENTATION_CONTEXT() REPRESENTATION_CONTEXT('2D SPACE',''
  ) );
#4936 = FACE_BOUND('',#4937,.F.);
#4937 = EDGE_LOOP('',(#4938,#4966,#4992,#5018));
#4938 = ORIENTED_EDGE('',*,*,#4939,.F.);
#4939 = EDGE_CURVE('',#4940,#4942,#4944,.T.);
#4940 = VERTEX_POINT('',#4941);
#4941 = CARTESIAN_POINT('',(-11.,46.428631252709,16.63266160753));
#4942 = VERTEX_POINT('',#4943);
#4943 = CARTESIAN_POINT('',(11.,46.428631252709,16.63266160753));
#4944 = SURFACE_CURVE('',#4945,(#4949,#4955),.PCURVE_S1.);
#4945 = LINE('',#4946,#4947);
#4946 = CARTESIAN_POINT('',(-5.5,46.428631252709,16.63266160753));
#4947 = VECTOR('',#4948,1.);
#4948 = DIRECTION('',(1.,0.,0.));
#4949 = PCURVE('',#1087,#4950);
#4950 = DEFINITIONAL_REPRESENTATION('',(#4951),#4954);
#4951 = B_SPLINE_CURVE_WITH_KNOTS('',1,(#4952,#4953),.UNSPECIFIED.,.F.,
  .F.,(2,2),(-5.5,16.5),.PIECEWISE_BEZIER_KNOTS.);
#4952 = CARTESIAN_POINT('',(94.52135623731,-11.));
#4953 = CARTESIAN_POINT('',(94.52135623731,11.));
#4954 = ( GEOMETRIC_REPRESENTATION_CONTEXT(2) 
PARAMETRIC_REPRESENTATION_CONTEXT() REPRESENTATION_CONTEXT('2D SPACE',''
  ) );
#4955 = PCURVE('',#4956,#4961);
#4956 = PLANE('',#4957);
#4957 = AXIS2_PLACEMENT_3D('',#4958,#4959,#4960);
#4958 = CARTESIAN_POINT('',(-11.,45.862945827759,20.592459582174));
#4959 = DIRECTION('',(0.,-0.989949493661,-0.141421356237));
#4960 = DIRECTION('',(1.,0.,0.));
#4961 = DEFINITIONAL_REPRESENTATION('',(#4962),#4965);
#4962 = B_SPLINE_CURVE_WITH_KNOTS('',1,(#4963,#4964),.UNSPECIFIED.,.F.,
  .F.,(2,2),(-5.5,16.5),.PIECEWISE_BEZIER_KNOTS.);
#4963 = CARTESIAN_POINT('',(0.,-4.));
#4964 = CARTESIAN_POINT('',(22.,-4.));
#4965 = ( GEOMETRIC_REPRESENTATION_CONTEXT(2) 
PARAMETRIC_REPRESENTATION_CONTEXT() REPRESENTATION_CONTEXT('2D SPACE',''
  ) );
#4966 = ORIENTED_EDGE('',*,*,#4967,.T.);
#4967 = EDGE_CURVE('',#4940,#4968,#4970,.T.);
#4968 = VERTEX_POINT('',#4969);
#4969 = CARTESIAN_POINT('',(-11.,48.606520138763,16.943788591252));
#4970 = SURFACE_CURVE('',#4971,(#4975,#4981),.PCURVE_S1.);
#4971 = LINE('',#4972,#4973);
#4972 = CARTESIAN_POINT('',(-11.,93.214315626354,23.316330803765));
#4973 = VECTOR('',#4974,1.);
#4974 = DIRECTION('',(0.,0.989949493661,0.141421356237));
#4975 = PCURVE('',#1087,#4976);
#4976 = DEFINITIONAL_REPRESENTATION('',(#4977),#4980);
#4977 = B_SPLINE_CURVE_WITH_KNOTS('',1,(#4978,#4979),.UNSPECIFIED.,.F.,
  .F.,(2,2),(-47.26067811865,-45.06067811865),.PIECEWISE_BEZIER_KNOTS.);
#4978 = CARTESIAN_POINT('',(94.52135623731,-11.));
#4979 = CARTESIAN_POINT('',(92.32135623731,-11.));
#4980 = ( GEOMETRIC_REPRESENTATION_CONTEXT(2) 
PARAMETRIC_REPRESENTATION_CONTEXT() REPRESENTATION_CONTEXT('2D SPACE',''
  ) );
#4981 = PCURVE('',#4982,#4987);
#4982 = PLANE('',#4983);
#4983 = AXIS2_PLACEMENT_3D('',#4984,#4985,#4986);
#4984 = CARTESIAN_POINT('',(-11.,45.862945827759,20.592459582174));
#4985 = DIRECTION('',(1.,0.,-0.));
#4986 = DIRECTION('',(0.,0.989949493661,0.141421356237));
#4987 = DEFINITIONAL_REPRESENTATION('',(#4988),#4991);
#4988 = B_SPLINE_CURVE_WITH_KNOTS('',1,(#4989,#4990),.UNSPECIFIED.,.F.,
  .F.,(2,2),(-47.26067811865,-45.06067811865),.PIECEWISE_BEZIER_KNOTS.);
#4989 = CARTESIAN_POINT('',(-7.105427357601E-15,-4.));
#4990 = CARTESIAN_POINT('',(2.2,-4.));
#4991 = ( GEOMETRIC_REPRESENTATION_CONTEXT(2) 
PARAMETRIC_REPRESENTATION_CONTEXT() REPRESENTATION_CONTEXT('2D SPACE',''
  ) );
#4992 = ORIENTED_EDGE('',*,*,#4993,.T.);
#4993 = EDGE_CURVE('',#4968,#4994,#4996,.T.);
#4994 = VERTEX_POINT('',#4995);
#4995 = CARTESIAN_POINT('',(11.,48.606520138763,16.943788591252));
#4996 = SURFACE_CURVE('',#4997,(#5001,#5007),.PCURVE_S1.);
#4997 = LINE('',#4998,#4999);
#4998 = CARTESIAN_POINT('',(-5.5,48.606520138763,16.943788591252));
#4999 = VECTOR('',#5000,1.);
#5000 = DIRECTION('',(1.,0.,0.));
#5001 = PCURVE('',#1087,#5002);
#5002 = DEFINITIONAL_REPRESENTATION('',(#5003),#5006);
#5003 = B_SPLINE_CURVE_WITH_KNOTS('',1,(#5004,#5005),.UNSPECIFIED.,.F.,
  .F.,(2,2),(-5.5,16.5),.PIECEWISE_BEZIER_KNOTS.);
#5004 = CARTESIAN_POINT('',(92.32135623731,-11.));
#5005 = CARTESIAN_POINT('',(92.32135623731,11.));
#5006 = ( GEOMETRIC_REPRESENTATION_CONTEXT(2) 
PARAMETRIC_REPRESENTATION_CONTEXT() REPRESENTATION_CONTEXT('2D SPACE',''
  ) );
#5007 = PCURVE('',#5008,#5013);
#5008 = PLANE('',#5009);
#5009 = AXIS2_PLACEMENT_3D('',#5010,#5011,#5012);
#5010 = CARTESIAN_POINT('',(-11.,48.040834713814,20.903586565897));
#5011 = DIRECTION('',(0.,-0.989949493661,-0.141421356237));
#5012 = DIRECTION('',(1.,0.,0.));
#5013 = DEFINITIONAL_REPRESENTATION('',(#5014),#5017);
#5014 = B_SPLINE_CURVE_WITH_KNOTS('',1,(#5015,#5016),.UNSPECIFIED.,.F.,
  .F.,(2,2),(-5.5,16.5),.PIECEWISE_BEZIER_KNOTS.);
#5015 = CARTESIAN_POINT('',(0.,-4.));
#5016 = CARTESIAN_POINT('',(22.,-4.));
#5017 = ( GEOMETRIC_REPRESENTATION_CONTEXT(2) 
PARAMETRIC_REPRESENTATION_CONTEXT() REPRESENTATION_CONTEXT('2D SPACE',''
  ) );
#5018 = ORIENTED_EDGE('',*,*,#5019,.F.);
#5019 = EDGE_CURVE('',#4942,#4994,#5020,.T.);
#5020 = SURFACE_CURVE('',#5021,(#5025,#5031),.PCURVE_S1.);
#5021 = LINE('',#5022,#5023);
#5022 = CARTESIAN_POINT('',(11.,93.214315626354,23.316330803765));
#5023 = VECTOR('',#5024,1.);
#5024 = DIRECTION('',(0.,0.989949493661,0.141421356237));
#5025 = PCURVE('',#1087,#5026);
#5026 = DEFINITIONAL_REPRESENTATION('',(#5027),#5030);
#5027 = B_SPLINE_CURVE_WITH_KNOTS('',1,(#5028,#5029),.UNSPECIFIED.,.F.,
  .F.,(2,2),(-47.26067811865,-45.06067811865),.PIECEWISE_BEZIER_KNOTS.);
#5028 = CARTESIAN_POINT('',(94.52135623731,11.));
#5029 = CARTESIAN_POINT('',(92.32135623731,11.));
#5030 = ( GEOMETRIC_REPRESENTATION_CONTEXT(2) 
PARAMETRIC_REPRESENTATION_CONTEXT() REPRESENTATION_CONTEXT('2D SPACE',''
  ) );
#5031 = PCURVE('',#5032,#5037);
#5032 = PLANE('',#5033);
#5033 = AXIS2_PLACEMENT_3D('',#5034,#5035,#5036);
#5034 = CARTESIAN_POINT('',(11.,45.862945827759,20.592459582174));
#5035 = DIRECTION('',(1.,0.,-0.));
#5036 = DIRECTION('',(0.,0.989949493661,0.141421356237));
#5037 = DEFINITIONAL_REPRESENTATION('',(#5038),#5041);
#5038 = B_SPLINE_CURVE_WITH_KNOTS('',1,(#5039,#5040),.UNSPECIFIED.,.F.,
  .F.,(2,2),(-47.26067811865,-45.06067811865),.PIECEWISE_BEZIER_KNOTS.);
#5039 = CARTESIAN_POINT('',(-7.105427357601E-15,-4.));
#5040 = CARTESIAN_POINT('',(2.2,-4.));
#5041 = ( GEOMETRIC_REPRESENTATION_CONTEXT(2) 
PARAMETRIC_REPRESENTATION_CONTEXT() REPRESENTATION_CONTEXT('2D SPACE',''
  ) );
#5042 = FACE_BOUND('',#5043,.F.);
#5043 = EDGE_LOOP('',(#5044,#5072,#5098,#5124));
#5044 = ORIENTED_EDGE('',*,*,#5045,.F.);
#5045 = EDGE_CURVE('',#5046,#5048,#5050,.T.);
#5046 = VERTEX_POINT('',#5047);
#5047 = CARTESIAN_POINT('',(-10.31370849898,42.468833278064,
    16.066976182581));
#5048 = VERTEX_POINT('',#5049);
#5049 = CARTESIAN_POINT('',(10.313708498985,42.468833278064,
    16.066976182581));
#5050 = SURFACE_CURVE('',#5051,(#5055,#5061),.PCURVE_S1.);
#5051 = LINE('',#5052,#5053);
#5052 = CARTESIAN_POINT('',(-5.156854249492,42.468833278064,
    16.066976182581));
#5053 = VECTOR('',#5054,1.);
#5054 = DIRECTION('',(1.,0.,0.));
#5055 = PCURVE('',#1087,#5056);
#5056 = DEFINITIONAL_REPRESENTATION('',(#5057),#5060);
#5057 = B_SPLINE_CURVE_WITH_KNOTS('',1,(#5058,#5059),.UNSPECIFIED.,.F.,
  .F.,(2,2),(-5.156854249492,15.470562748477),.PIECEWISE_BEZIER_KNOTS.);
#5058 = CARTESIAN_POINT('',(98.52135623731,-10.31370849898));
#5059 = CARTESIAN_POINT('',(98.52135623731,10.313708498985));
#5060 = ( GEOMETRIC_REPRESENTATION_CONTEXT(2) 
PARAMETRIC_REPRESENTATION_CONTEXT() REPRESENTATION_CONTEXT('2D SPACE',''
  ) );
#5061 = PCURVE('',#5062,#5067);
#5062 = PLANE('',#5063);
#5063 = AXIS2_PLACEMENT_3D('',#5064,#5065,#5066);
#5064 = CARTESIAN_POINT('',(-10.31370849898,41.903147853115,
    20.026774157225));
#5065 = DIRECTION('',(0.,-0.989949493661,-0.141421356237));
#5066 = DIRECTION('',(1.,0.,0.));
#5067 = DEFINITIONAL_REPRESENTATION('',(#5068),#5071);
#5068 = B_SPLINE_CURVE_WITH_KNOTS('',1,(#5069,#5070),.UNSPECIFIED.,.F.,
  .F.,(2,2),(-5.156854249492,15.470562748477),.PIECEWISE_BEZIER_KNOTS.);
#5069 = CARTESIAN_POINT('',(0.,-4.));
#5070 = CARTESIAN_POINT('',(20.62741699797,-4.));
#5071 = ( GEOMETRIC_REPRESENTATION_CONTEXT(2) 
PARAMETRIC_REPRESENTATION_CONTEXT() REPRESENTATION_CONTEXT('2D SPACE',''
  ) );
#5072 = ORIENTED_EDGE('',*,*,#5073,.T.);
#5073 = EDGE_CURVE('',#5046,#5074,#5076,.T.);
#5074 = VERTEX_POINT('',#5075);
#5075 = CARTESIAN_POINT('',(-10.31370849898,44.646722164119,
    16.378103166303));
#5076 = SURFACE_CURVE('',#5077,(#5081,#5087),.PCURVE_S1.);
#5077 = LINE('',#5078,#5079);
#5078 = CARTESIAN_POINT('',(-10.31370849898,91.234416639032,
    23.03348809129));
#5079 = VECTOR('',#5080,1.);
#5080 = DIRECTION('',(0.,0.989949493661,0.141421356237));
#5081 = PCURVE('',#1087,#5082);
#5082 = DEFINITIONAL_REPRESENTATION('',(#5083),#5086);
#5083 = B_SPLINE_CURVE_WITH_KNOTS('',1,(#5084,#5085),.UNSPECIFIED.,.F.,
  .F.,(2,2),(-49.26067811865,-47.06067811865),.PIECEWISE_BEZIER_KNOTS.);
#5084 = CARTESIAN_POINT('',(98.52135623731,-10.31370849898));
#5085 = CARTESIAN_POINT('',(96.32135623731,-10.31370849898));
#5086 = ( GEOMETRIC_REPRESENTATION_CONTEXT(2) 
PARAMETRIC_REPRESENTATION_CONTEXT() REPRESENTATION_CONTEXT('2D SPACE',''
  ) );
#5087 = PCURVE('',#5088,#5093);
#5088 = PLANE('',#5089);
#5089 = AXIS2_PLACEMENT_3D('',#5090,#5091,#5092);
#5090 = CARTESIAN_POINT('',(-10.31370849898,41.903147853115,
    20.026774157225));
#5091 = DIRECTION('',(1.,0.,-0.));
#5092 = DIRECTION('',(0.,0.989949493661,0.141421356237));
#5093 = DEFINITIONAL_REPRESENTATION('',(#5094),#5097);
#5094 = B_SPLINE_CURVE_WITH_KNOTS('',1,(#5095,#5096),.UNSPECIFIED.,.F.,
  .F.,(2,2),(-49.26067811865,-47.06067811865),.PIECEWISE_BEZIER_KNOTS.);
#5095 = CARTESIAN_POINT('',(-7.105427357601E-15,-4.));
#5096 = CARTESIAN_POINT('',(2.2,-4.));
#5097 = ( GEOMETRIC_REPRESENTATION_CONTEXT(2) 
PARAMETRIC_REPRESENTATION_CONTEXT() REPRESENTATION_CONTEXT('2D SPACE',''
  ) );
#5098 = ORIENTED_EDGE('',*,*,#5099,.T.);
#5099 = EDGE_CURVE('',#5074,#5100,#5102,.T.);
#5100 = VERTEX_POINT('',#5101);
#5101 = CARTESIAN_POINT('',(10.313708498985,44.646722164119,
    16.378103166303));
#5102 = SURFACE_CURVE('',#5103,(#5107,#5113),.PCURVE_S1.);
#5103 = LINE('',#5104,#5105);
#5104 = CARTESIAN_POINT('',(-5.156854249492,44.646722164119,
    16.378103166303));
#5105 = VECTOR('',#5106,1.);
#5106 = DIRECTION('',(1.,0.,0.));
#5107 = PCURVE('',#1087,#5108);
#5108 = DEFINITIONAL_REPRESENTATION('',(#5109),#5112);
#5109 = B_SPLINE_CURVE_WITH_KNOTS('',1,(#5110,#5111),.UNSPECIFIED.,.F.,
  .F.,(2,2),(-5.156854249492,15.470562748477),.PIECEWISE_BEZIER_KNOTS.);
#5110 = CARTESIAN_POINT('',(96.32135623731,-10.31370849898));
#5111 = CARTESIAN_POINT('',(96.32135623731,10.313708498985));
#5112 = ( GEOMETRIC_REPRESENTATION_CONTEXT(2) 
PARAMETRIC_REPRESENTATION_CONTEXT() REPRESENTATION_CONTEXT('2D SPACE',''
  ) );
#5113 = PCURVE('',#5114,#5119);
#5114 = PLANE('',#5115);
#5115 = AXIS2_PLACEMENT_3D('',#5116,#5117,#5118);
#5116 = CARTESIAN_POINT('',(-10.31370849898,44.081036739169,
    20.337901140947));
#5117 = DIRECTION('',(0.,-0.989949493661,-0.141421356237));
#5118 = DIRECTION('',(1.,0.,0.));
#5119 = DEFINITIONAL_REPRESENTATION('',(#5120),#5123);
#5120 = B_SPLINE_CURVE_WITH_KNOTS('',1,(#5121,#5122),.UNSPECIFIED.,.F.,
  .F.,(2,2),(-5.156854249492,15.470562748477),.PIECEWISE_BEZIER_KNOTS.);
#5121 = CARTESIAN_POINT('',(0.,-4.));
#5122 = CARTESIAN_POINT('',(20.62741699797,-4.));
#5123 = ( GEOMETRIC_REPRESENTATION_CONTEXT(2) 
PARAMETRIC_REPRESENTATION_CONTEXT() REPRESENTATION_CONTEXT('2D SPACE',''
  ) );
#5124 = ORIENTED_EDGE('',*,*,#5125,.F.);
#5125 = EDGE_CURVE('',#5048,#5100,#5126,.T.);
#5126 = SURFACE_CURVE('',#5127,(#5131,#5137),.PCURVE_S1.);
#5127 = LINE('',#5128,#5129);
#5128 = CARTESIAN_POINT('',(10.313708498985,91.234416639032,
    23.03348809129));
#5129 = VECTOR('',#5130,1.);
#5130 = DIRECTION('',(0.,0.989949493661,0.141421356237));
#5131 = PCURVE('',#1087,#5132);
#5132 = DEFINITIONAL_REPRESENTATION('',(#5133),#5136);
#5133 = B_SPLINE_CURVE_WITH_KNOTS('',1,(#5134,#5135),.UNSPECIFIED.,.F.,
  .F.,(2,2),(-49.26067811865,-47.06067811865),.PIECEWISE_BEZIER_KNOTS.);
#5134 = CARTESIAN_POINT('',(98.52135623731,10.313708498985));
#5135 = CARTESIAN_POINT('',(96.32135623731,10.313708498985));
#5136 = ( GEOMETRIC_REPRESENTATION_CONTEXT(2) 
PARAMETRIC_REPRESENTATION_CONTEXT() REPRESENTATION_CONTEXT('2D SPACE',''
  ) );
#5137 = PCURVE('',#5138,#5143);
#5138 = PLANE('',#5139);
#5139 = AXIS2_PLACEMENT_3D('',#5140,#5141,#5142);
#5140 = CARTESIAN_POINT('',(10.313708498985,41.903147853115,
    20.026774157225));
#5141 = DIRECTION('',(1.,0.,-0.));
#5142 = DIRECTION('',(0.,0.989949493661,0.141421356237));
#5143 = DEFINITIONAL_REPRESENTATION('',(#5144),#5147);
#5144 = B_SPLINE_CURVE_WITH_KNOTS('',1,(#5145,#5146),.UNSPECIFIED.,.F.,
  .F.,(2,2),(-49.26067811865,-47.06067811865),.PIECEWISE_BEZIER_KNOTS.);
#5145 = CARTESIAN_POINT('',(-7.105427357601E-15,-4.));
#5146 = CARTESIAN_POINT('',(2.2,-4.));
#5147 = ( GEOMETRIC_REPRESENTATION_CONTEXT(2) 
PARAMETRIC_REPRESENTATION_CONTEXT() REPRESENTATION_CONTEXT('2D SPACE',''
  ) );
#5148 = FACE_BOUND('',#5149,.F.);
#5149 = EDGE_LOOP('',(#5150,#5178,#5204,#5230));
#5150 = ORIENTED_EDGE('',*,*,#5151,.F.);
#5151 = EDGE_CURVE('',#5152,#5154,#5156,.T.);
#5152 = VERTEX_POINT('',#5153);
#5153 = CARTESIAN_POINT('',(-7.944271909999,38.509035303419,
    15.501290757631));
#5154 = VERTEX_POINT('',#5155);
#5155 = CARTESIAN_POINT('',(7.944271909999,38.509035303419,
    15.501290757631));
#5156 = SURFACE_CURVE('',#5157,(#5161,#5167),.PCURVE_S1.);
#5157 = LINE('',#5158,#5159);
#5158 = CARTESIAN_POINT('',(-3.972135955,38.509035303419,15.501290757631
    ));
#5159 = VECTOR('',#5160,1.);
#5160 = DIRECTION('',(1.,0.,0.));
#5161 = PCURVE('',#1087,#5162);
#5162 = DEFINITIONAL_REPRESENTATION('',(#5163),#5166);
#5163 = B_SPLINE_CURVE_WITH_KNOTS('',1,(#5164,#5165),.UNSPECIFIED.,.F.,
  .F.,(2,2),(-3.972135955,11.916407864999),.PIECEWISE_BEZIER_KNOTS.);
#5164 = CARTESIAN_POINT('',(102.52135623731,-7.944271909999));
#5165 = CARTESIAN_POINT('',(102.52135623731,7.944271909999));
#5166 = ( GEOMETRIC_REPRESENTATION_CONTEXT(2) 
PARAMETRIC_REPRESENTATION_CONTEXT() REPRESENTATION_CONTEXT('2D SPACE',''
  ) );
#5167 = PCURVE('',#5168,#5173);
#5168 = PLANE('',#5169);
#5169 = AXIS2_PLACEMENT_3D('',#5170,#5171,#5172);
#5170 = CARTESIAN_POINT('',(-7.944271909999,37.94334987847,
    19.461088732276));
#5171 = DIRECTION('',(0.,-0.989949493661,-0.141421356237));
#5172 = DIRECTION('',(1.,0.,0.));
#5173 = DEFINITIONAL_REPRESENTATION('',(#5174),#5177);
#5174 = B_SPLINE_CURVE_WITH_KNOTS('',1,(#5175,#5176),.UNSPECIFIED.,.F.,
  .F.,(2,2),(-3.972135955,11.916407864999),.PIECEWISE_BEZIER_KNOTS.);
#5175 = CARTESIAN_POINT('',(0.,-4.));
#5176 = CARTESIAN_POINT('',(15.888543819998,-4.));
#5177 = ( GEOMETRIC_REPRESENTATION_CONTEXT(2) 
PARAMETRIC_REPRESENTATION_CONTEXT() REPRESENTATION_CONTEXT('2D SPACE',''
  ) );
#5178 = ORIENTED_EDGE('',*,*,#5179,.T.);
#5179 = EDGE_CURVE('',#5152,#5180,#5182,.T.);
#5180 = VERTEX_POINT('',#5181);
#5181 = CARTESIAN_POINT('',(-7.944271909999,40.686924189474,
    15.812417741353));
#5182 = SURFACE_CURVE('',#5183,(#5187,#5193),.PCURVE_S1.);
#5183 = LINE('',#5184,#5185);
#5184 = CARTESIAN_POINT('',(-7.944271909999,89.25451765171,
    22.750645378816));
#5185 = VECTOR('',#5186,1.);
#5186 = DIRECTION('',(0.,0.989949493661,0.141421356237));
#5187 = PCURVE('',#1087,#5188);
#5188 = DEFINITIONAL_REPRESENTATION('',(#5189),#5192);
#5189 = B_SPLINE_CURVE_WITH_KNOTS('',1,(#5190,#5191),.UNSPECIFIED.,.F.,
  .F.,(2,2),(-51.26067811865,-49.06067811865),.PIECEWISE_BEZIER_KNOTS.);
#5190 = CARTESIAN_POINT('',(102.52135623731,-7.944271909999));
#5191 = CARTESIAN_POINT('',(100.32135623731,-7.944271909999));
#5192 = ( GEOMETRIC_REPRESENTATION_CONTEXT(2) 
PARAMETRIC_REPRESENTATION_CONTEXT() REPRESENTATION_CONTEXT('2D SPACE',''
  ) );
#5193 = PCURVE('',#5194,#5199);
#5194 = PLANE('',#5195);
#5195 = AXIS2_PLACEMENT_3D('',#5196,#5197,#5198);
#5196 = CARTESIAN_POINT('',(-7.944271909999,37.94334987847,
    19.461088732276));
#5197 = DIRECTION('',(1.,0.,-0.));
#5198 = DIRECTION('',(0.,0.989949493661,0.141421356237));
#5199 = DEFINITIONAL_REPRESENTATION('',(#5200),#5203);
#5200 = B_SPLINE_CURVE_WITH_KNOTS('',1,(#5201,#5202),.UNSPECIFIED.,.F.,
  .F.,(2,2),(-51.26067811865,-49.06067811865),.PIECEWISE_BEZIER_KNOTS.);
#5201 = CARTESIAN_POINT('',(-7.105427357601E-15,-4.));
#5202 = CARTESIAN_POINT('',(2.2,-4.));
#5203 = ( GEOMETRIC_REPRESENTATION_CONTEXT(2) 
PARAMETRIC_REPRESENTATION_CONTEXT() REPRESENTATION_CONTEXT('2D SPACE',''
  ) );
#5204 = ORIENTED_EDGE('',*,*,#5205,.T.);
#5205 = EDGE_CURVE('',#5180,#5206,#5208,.T.);
#5206 = VERTEX_POINT('',#5207);
#5207 = CARTESIAN_POINT('',(7.944271909999,40.686924189474,
    15.812417741353));
#5208 = SURFACE_CURVE('',#5209,(#5213,#5219),.PCURVE_S1.);
#5209 = LINE('',#5210,#5211);
#5210 = CARTESIAN_POINT('',(-3.972135955,40.686924189474,15.812417741353
    ));
#5211 = VECTOR('',#5212,1.);
#5212 = DIRECTION('',(1.,0.,0.));
#5213 = PCURVE('',#1087,#5214);
#5214 = DEFINITIONAL_REPRESENTATION('',(#5215),#5218);
#5215 = B_SPLINE_CURVE_WITH_KNOTS('',1,(#5216,#5217),.UNSPECIFIED.,.F.,
  .F.,(2,2),(-3.972135955,11.916407864999),.PIECEWISE_BEZIER_KNOTS.);
#5216 = CARTESIAN_POINT('',(100.32135623731,-7.944271909999));
#5217 = CARTESIAN_POINT('',(100.32135623731,7.944271909999));
#5218 = ( GEOMETRIC_REPRESENTATION_CONTEXT(2) 
PARAMETRIC_REPRESENTATION_CONTEXT() REPRESENTATION_CONTEXT('2D SPACE',''
  ) );
#5219 = PCURVE('',#5220,#5225);
#5220 = PLANE('',#5221);
#5221 = AXIS2_PLACEMENT_3D('',#5222,#5223,#5224);
#5222 = CARTESIAN_POINT('',(-7.944271909999,40.121238764525,
    19.772215715998));
#5223 = DIRECTION('',(0.,-0.989949493661,-0.141421356237));
#5224 = DIRECTION('',(1.,0.,0.));
#5225 = DEFINITIONAL_REPRESENTATION('',(#5226),#5229);
#5226 = B_SPLINE_CURVE_WITH_KNOTS('',1,(#5227,#5228),.UNSPECIFIED.,.F.,
  .F.,(2,2),(-3.972135955,11.916407864999),.PIECEWISE_BEZIER_KNOTS.);
#5227 = CARTESIAN_POINT('',(0.,-4.));
#5228 = CARTESIAN_POINT('',(15.888543819998,-4.));
#5229 = ( GEOMETRIC_REPRESENTATION_CONTEXT(2) 
PARAMETRIC_REPRESENTATION_CONTEXT() REPRESENTATION_CONTEXT('2D SPACE',''
  ) );
#5230 = ORIENTED_EDGE('',*,*,#5231,.F.);
#5231 = EDGE_CURVE('',#5154,#5206,#5232,.T.);
#5232 = SURFACE_CURVE('',#5233,(#5237,#5243),.PCURVE_S1.);
#5233 = LINE('',#5234,#5235);
#5234 = CARTESIAN_POINT('',(7.944271909999,89.25451765171,
    22.750645378816));
#5235 = VECTOR('',#5236,1.);
#5236 = DIRECTION('',(0.,0.989949493661,0.141421356237));
#5237 = PCURVE('',#1087,#5238);
#5238 = DEFINITIONAL_REPRESENTATION('',(#5239),#5242);
#5239 = B_SPLINE_CURVE_WITH_KNOTS('',1,(#5240,#5241),.UNSPECIFIED.,.F.,
  .F.,(2,2),(-51.26067811865,-49.06067811865),.PIECEWISE_BEZIER_KNOTS.);
#5240 = CARTESIAN_POINT('',(102.52135623731,7.944271909999));
#5241 = CARTESIAN_POINT('',(100.32135623731,7.944271909999));
#5242 = ( GEOMETRIC_REPRESENTATION_CONTEXT(2) 
PARAMETRIC_REPRESENTATION_CONTEXT() REPRESENTATION_CONTEXT('2D SPACE',''
  ) );
#5243 = PCURVE('',#5244,#5249);
#5244 = PLANE('',#5245);
#5245 = AXIS2_PLACEMENT_3D('',#5246,#5247,#5248);
#5246 = CARTESIAN_POINT('',(7.944271909999,37.94334987847,
    19.461088732276));
#5247 = DIRECTION('',(1.,0.,-0.));
#5248 = DIRECTION('',(0.,0.989949493661,0.141421356237));
#5249 = DEFINITIONAL_REPRESENTATION('',(#5250),#5253);
#5250 = B_SPLINE_CURVE_WITH_KNOTS('',1,(#5251,#5252),.UNSPECIFIED.,.F.,
  .F.,(2,2),(-51.26067811865,-49.06067811865),.PIECEWISE_BEZIER_KNOTS.);
#5251 = CARTESIAN_POINT('',(-7.105427357601E-15,-4.));
#5252 = CARTESIAN_POINT('',(2.2,-4.));
#5253 = ( GEOMETRIC_REPRESENTATION_CONTEXT(2) 
PARAMETRIC_REPRESENTATION_CONTEXT() REPRESENTATION_CONTEXT('2D SPACE',''
  ) );
#5254 = FACE_BOUND('',#5255,.F.);
#5255 = EDGE_LOOP('',(#5256,#5290,#5327));
#5256 = ORIENTED_EDGE('',*,*,#5257,.F.);
#5257 = EDGE_CURVE('',#5258,#5260,#5262,.T.);
#5258 = VERTEX_POINT('',#5259);
#5259 = CARTESIAN_POINT('',(-38.75,-46.87431693989,3.303669008587));
#5260 = VERTEX_POINT('',#5261);
#5261 = CARTESIAN_POINT('',(-39.27388405683,-45.111200576,3.555542774857
    ));
#5262 = SURFACE_CURVE('',#5263,(#5268,#5275),.PCURVE_S1.);
#5263 = ELLIPSE('',#5264,3.271328829985,3.25);
#5264 = AXIS2_PLACEMENT_3D('',#5265,#5266,#5267);
#5265 = CARTESIAN_POINT('',(-42.,-46.87431693989,3.303669008587));
#5266 = DIRECTION('',(0.,-0.141421356237,0.989949493661));
#5267 = DIRECTION('',(0.,-0.989949493661,-0.141421356237));
#5268 = PCURVE('',#1087,#5269);
#5269 = DEFINITIONAL_REPRESENTATION('',(#5270),#5274);
#5270 = ELLIPSE('',#5271,3.271328829985,3.25);
#5271 = AXIS2_PLACEMENT_2D('',#5272,#5273);
#5272 = CARTESIAN_POINT('',(188.77156676828,-42.));
#5273 = DIRECTION('',(1.,0.));
#5274 = ( GEOMETRIC_REPRESENTATION_CONTEXT(2) 
PARAMETRIC_REPRESENTATION_CONTEXT() REPRESENTATION_CONTEXT('2D SPACE',''
  ) );
#5275 = PCURVE('',#5276,#5281);
#5276 = CYLINDRICAL_SURFACE('',#5277,3.25);
#5277 = AXIS2_PLACEMENT_3D('',#5278,#5279,#5280);
#5278 = CARTESIAN_POINT('',(-42.,-46.82287322635,3.107247556907));
#5279 = DIRECTION('',(0.,-0.253359391838,0.96737222338));
#5280 = DIRECTION('',(1.,0.,0.));
#5281 = DEFINITIONAL_REPRESENTATION('',(#5282),#5289);
#5282 = B_SPLINE_CURVE_WITH_KNOTS('',5,(#5283,#5284,#5285,#5286,#5287,
    #5288),.UNSPECIFIED.,.F.,.F.,(6,6),(1.570796326795,2.146510196593),
  .PIECEWISE_BEZIER_KNOTS.);
#5283 = CARTESIAN_POINT('',(0.,0.203046404406));
#5284 = CARTESIAN_POINT('',(0.11514277396,0.160103812479));
#5285 = CARTESIAN_POINT('',(0.230285547919,0.117161116636));
#5286 = CARTESIAN_POINT('',(0.345428321879,7.540505494961E-02));
#5287 = CARTESIAN_POINT('',(0.460571095839,3.601981192711E-02));
#5288 = CARTESIAN_POINT('',(0.575713869798,-5.999998737849E-07));
#5289 = ( GEOMETRIC_REPRESENTATION_CONTEXT(2) 
PARAMETRIC_REPRESENTATION_CONTEXT() REPRESENTATION_CONTEXT('2D SPACE',''
  ) );
#5290 = ORIENTED_EDGE('',*,*,#5291,.F.);
#5291 = EDGE_CURVE('',#5292,#5258,#5294,.T.);
#5292 = VERTEX_POINT('',#5293);
#5293 = CARTESIAN_POINT('',(-44.72611594316,-45.111200576,3.555542774857
    ));
#5294 = SURFACE_CURVE('',#5295,(#5300,#5307),.PCURVE_S1.);
#5295 = ELLIPSE('',#5296,3.271328829985,3.25);
#5296 = AXIS2_PLACEMENT_3D('',#5297,#5298,#5299);
#5297 = CARTESIAN_POINT('',(-42.,-46.87431693989,3.303669008587));
#5298 = DIRECTION('',(0.,-0.141421356237,0.989949493661));
#5299 = DIRECTION('',(0.,-0.989949493661,-0.141421356237));
#5300 = PCURVE('',#1087,#5301);
#5301 = DEFINITIONAL_REPRESENTATION('',(#5302),#5306);
#5302 = ELLIPSE('',#5303,3.271328829985,3.25);
#5303 = AXIS2_PLACEMENT_2D('',#5304,#5305);
#5304 = CARTESIAN_POINT('',(188.77156676828,-42.));
#5305 = DIRECTION('',(1.,0.));
#5306 = ( GEOMETRIC_REPRESENTATION_CONTEXT(2) 
PARAMETRIC_REPRESENTATION_CONTEXT() REPRESENTATION_CONTEXT('2D SPACE',''
  ) );
#5307 = PCURVE('',#5276,#5308);
#5308 = DEFINITIONAL_REPRESENTATION('',(#5309),#5326);
#5309 = B_SPLINE_CURVE_WITH_KNOTS('',8,(#5310,#5311,#5312,#5313,#5314,
    #5315,#5316,#5317,#5318,#5319,#5320,#5321,#5322,#5323,#5324,#5325),
  .UNSPECIFIED.,.F.,.F.,(9,7,9),(4.136675110586,5.99532837228,
    7.853981633974),.UNSPECIFIED.);
#5310 = CARTESIAN_POINT('',(2.565878783791,-5.999998737849E-07));
#5311 = CARTESIAN_POINT('',(2.798210441503,7.268031367508E-02));
#5312 = CARTESIAN_POINT('',(3.030542099215,0.157886614627));
#5313 = CARTESIAN_POINT('',(3.262873756927,0.249642675962));
#5314 = CARTESIAN_POINT('',(3.495205414638,0.340521785142));
#5315 = CARTESIAN_POINT('',(3.72753707235,0.422698856639));
#5316 = CARTESIAN_POINT('',(3.959868730062,0.489392442264));
#5317 = CARTESIAN_POINT('',(4.192200387774,0.536052698715));
#5318 = CARTESIAN_POINT('',(4.656863703197,0.585251245187));
#5319 = CARTESIAN_POINT('',(4.889195360909,0.587790079868));
#5320 = CARTESIAN_POINT('',(5.121527018622,0.566245641933));
#5321 = CARTESIAN_POINT('',(5.353858676331,0.521132814682));
#5322 = CARTESIAN_POINT('',(5.586190334045,0.455863813584));
#5323 = CARTESIAN_POINT('',(5.818521991757,0.376343037021));
#5324 = CARTESIAN_POINT('',(6.050853649468,0.289694686586));
#5325 = CARTESIAN_POINT('',(6.28318530718,0.203046404406));
#5326 = ( GEOMETRIC_REPRESENTATION_CONTEXT(2) 
PARAMETRIC_REPRESENTATION_CONTEXT() REPRESENTATION_CONTEXT('2D SPACE',''
  ) );
#5327 = ORIENTED_EDGE('',*,*,#5328,.T.);
#5328 = EDGE_CURVE('',#5292,#5260,#5329,.T.);
#5329 = SURFACE_CURVE('',#5330,(#5334,#5340),.PCURVE_S1.);
#5330 = LINE('',#5331,#5332);
#5331 = CARTESIAN_POINT('',(-21.,-45.111200576,3.555542774857));
#5332 = VECTOR('',#5333,1.);
#5333 = DIRECTION('',(1.,0.,0.));
#5334 = PCURVE('',#1087,#5335);
#5335 = DEFINITIONAL_REPRESENTATION('',(#5336),#5339);
#5336 = B_SPLINE_CURVE_WITH_KNOTS('',1,(#5337,#5338),.UNSPECIFIED.,.F.,
  .F.,(2,2),(-24.25,-17.75),.PIECEWISE_BEZIER_KNOTS.);
#5337 = CARTESIAN_POINT('',(186.99055028696,-45.25));
#5338 = CARTESIAN_POINT('',(186.99055028696,-38.75));
#5339 = ( GEOMETRIC_REPRESENTATION_CONTEXT(2) 
PARAMETRIC_REPRESENTATION_CONTEXT() REPRESENTATION_CONTEXT('2D SPACE',''
  ) );
#5340 = PCURVE('',#5341,#5346);
#5341 = PLANE('',#5342);
#5342 = AXIS2_PLACEMENT_3D('',#5343,#5344,#5345);
#5343 = CARTESIAN_POINT('',(-42.,-46.82287322635,3.107247556907));
#5344 = DIRECTION('',(0.,-0.253359391838,0.96737222338));
#5345 = DIRECTION('',(1.,0.,0.));
#5346 = DEFINITIONAL_REPRESENTATION('',(#5347),#5350);
#5347 = B_SPLINE_CURVE_WITH_KNOTS('',1,(#5348,#5349),.UNSPECIFIED.,.F.,
  .F.,(2,2),(-24.25,-17.75),.PIECEWISE_BEZIER_KNOTS.);
#5348 = CARTESIAN_POINT('',(-3.25,1.769404381256));
#5349 = CARTESIAN_POINT('',(3.25,1.769404381256));
#5350 = ( GEOMETRIC_REPRESENTATION_CONTEXT(2) 
PARAMETRIC_REPRESENTATION_CONTEXT() REPRESENTATION_CONTEXT('2D SPACE',''
  ) );
#5351 = FACE_BOUND('',#5352,.F.);
#5352 = EDGE_LOOP('',(#5353));
#5353 = ORIENTED_EDGE('',*,*,#5354,.T.);
#5354 = EDGE_CURVE('',#5355,#5355,#5357,.T.);
#5355 = VERTEX_POINT('',#5356);
#5356 = CARTESIAN_POINT('',(14.6,59.39696961967,18.485281374239));
#5357 = SURFACE_CURVE('',#5358,(#5363,#5374),.PCURVE_S1.);
#5358 = CIRCLE('',#5359,2.6);
#5359 = AXIS2_PLACEMENT_3D('',#5360,#5361,#5362);
#5360 = CARTESIAN_POINT('',(12.,59.39696961967,18.485281374239));
#5361 = DIRECTION('',(0.,0.141421356237,-0.989949493661));
#5362 = DIRECTION('',(1.,0.,0.));
#5363 = PCURVE('',#1087,#5364);
#5364 = DEFINITIONAL_REPRESENTATION('',(#5365),#5373);
#5365 = ( BOUNDED_CURVE() B_SPLINE_CURVE(2,(#5366,#5367,#5368,#5369,
#5370,#5371,#5372),.UNSPECIFIED.,.T.,.F.) B_SPLINE_CURVE_WITH_KNOTS((1,2
    ,2,2,2,1),(-2.094395102393,0.,2.094395102393,4.188790204786,
6.28318530718,8.377580409573),.UNSPECIFIED.) CURVE() 
GEOMETRIC_REPRESENTATION_ITEM() RATIONAL_B_SPLINE_CURVE((1.,0.5,1.,0.5,
1.,0.5,1.)) REPRESENTATION_ITEM('') );
#5366 = CARTESIAN_POINT('',(81.42135623731,14.6));
#5367 = CARTESIAN_POINT('',(85.924688336989,14.6));
#5368 = CARTESIAN_POINT('',(83.673022287149,10.7));
#5369 = CARTESIAN_POINT('',(81.42135623731,6.8));
#5370 = CARTESIAN_POINT('',(79.16969018747,10.7));
#5371 = CARTESIAN_POINT('',(76.91802413763,14.6));
#5372 = CARTESIAN_POINT('',(81.42135623731,14.6));
#5373 = ( GEOMETRIC_REPRESENTATION_CONTEXT(2) 
PARAMETRIC_REPRESENTATION_CONTEXT() REPRESENTATION_CONTEXT('2D SPACE',''
  ) );
#5374 = PCURVE('',#5375,#5380);
#5375 = CYLINDRICAL_SURFACE('',#5376,2.6);
#5376 = AXIS2_PLACEMENT_3D('',#5377,#5378,#5379);
#5377 = CARTESIAN_POINT('',(12.,59.411111755294,18.386286424872));
#5378 = DIRECTION('',(-0.,0.141421356237,-0.989949493661));
#5379 = DIRECTION('',(1.,0.,0.));
#5380 = DEFINITIONAL_REPRESENTATION('',(#5381),#5385);
#5381 = LINE('',#5382,#5383);
#5382 = CARTESIAN_POINT('',(-6.28318530718,-0.1));
#5383 = VECTOR('',#5384,1.);
#5384 = DIRECTION('',(1.,-0.));
#5385 = ( GEOMETRIC_REPRESENTATION_CONTEXT(2) 
PARAMETRIC_REPRESENTATION_CONTEXT() REPRESENTATION_CONTEXT('2D SPACE',''
  ) );
#5386 = FACE_BOUND('',#5387,.F.);
#5387 = EDGE_LOOP('',(#5388));
#5388 = ORIENTED_EDGE('',*,*,#5389,.T.);
#5389 = EDGE_CURVE('',#5390,#5390,#5392,.T.);
#5390 = VERTEX_POINT('',#5391);
#5391 = CARTESIAN_POINT('',(14.6,35.638181771802,15.091168824543));
#5392 = SURFACE_CURVE('',#5393,(#5398,#5409),.PCURVE_S1.);
#5393 = CIRCLE('',#5394,2.6);
#5394 = AXIS2_PLACEMENT_3D('',#5395,#5396,#5397);
#5395 = CARTESIAN_POINT('',(12.,35.638181771802,15.091168824543));
#5396 = DIRECTION('',(0.,0.141421356237,-0.989949493661));
#5397 = DIRECTION('',(1.,0.,0.));
#5398 = PCURVE('',#1087,#5399);
#5399 = DEFINITIONAL_REPRESENTATION('',(#5400),#5408);
#5400 = ( BOUNDED_CURVE() B_SPLINE_CURVE(2,(#5401,#5402,#5403,#5404,
#5405,#5406,#5407),.UNSPECIFIED.,.T.,.F.) B_SPLINE_CURVE_WITH_KNOTS((1,2
    ,2,2,2,1),(-2.094395102393,0.,2.094395102393,4.188790204786,
6.28318530718,8.377580409573),.UNSPECIFIED.) CURVE() 
GEOMETRIC_REPRESENTATION_ITEM() RATIONAL_B_SPLINE_CURVE((1.,0.5,1.,0.5,
1.,0.5,1.)) REPRESENTATION_ITEM('') );
#5401 = CARTESIAN_POINT('',(105.42135623731,14.6));
#5402 = CARTESIAN_POINT('',(109.92468833698,14.6));
#5403 = CARTESIAN_POINT('',(107.67302228714,10.7));
#5404 = CARTESIAN_POINT('',(105.42135623731,6.8));
#5405 = CARTESIAN_POINT('',(103.16969018747,10.7));
#5406 = CARTESIAN_POINT('',(100.91802413763,14.6));
#5407 = CARTESIAN_POINT('',(105.42135623731,14.6));
#5408 = ( GEOMETRIC_REPRESENTATION_CONTEXT(2) 
PARAMETRIC_REPRESENTATION_CONTEXT() REPRESENTATION_CONTEXT('2D SPACE',''
  ) );
#5409 = PCURVE('',#5410,#5415);
#5410 = CYLINDRICAL_SURFACE('',#5411,2.6);
#5411 = AXIS2_PLACEMENT_3D('',#5412,#5413,#5414);
#5412 = CARTESIAN_POINT('',(12.,35.652323907426,14.992173875177));
#5413 = DIRECTION('',(-0.,0.141421356237,-0.989949493661));
#5414 = DIRECTION('',(1.,0.,0.));
#5415 = DEFINITIONAL_REPRESENTATION('',(#5416),#5420);
#5416 = LINE('',#5417,#5418);
#5417 = CARTESIAN_POINT('',(-6.28318530718,-1.E-01));
#5418 = VECTOR('',#5419,1.);
#5419 = DIRECTION('',(1.,-0.));
#5420 = ( GEOMETRIC_REPRESENTATION_CONTEXT(2) 
PARAMETRIC_REPRESENTATION_CONTEXT() REPRESENTATION_CONTEXT('2D SPACE',''
  ) );
#5421 = FACE_BOUND('',#5422,.F.);
#5422 = EDGE_LOOP('',(#5423,#5457,#5494));
#5423 = ORIENTED_EDGE('',*,*,#5424,.F.);
#5424 = EDGE_CURVE('',#5425,#5427,#5429,.T.);
#5425 = VERTEX_POINT('',#5426);
#5426 = CARTESIAN_POINT('',(45.25,-46.87431693989,3.303669008587));
#5427 = VERTEX_POINT('',#5428);
#5428 = CARTESIAN_POINT('',(44.726115943168,-45.111200576,3.555542774857
    ));
#5429 = SURFACE_CURVE('',#5430,(#5435,#5442),.PCURVE_S1.);
#5430 = ELLIPSE('',#5431,3.271328829985,3.25);
#5431 = AXIS2_PLACEMENT_3D('',#5432,#5433,#5434);
#5432 = CARTESIAN_POINT('',(42.,-46.87431693989,3.303669008587));
#5433 = DIRECTION('',(0.,-0.141421356237,0.989949493661));
#5434 = DIRECTION('',(0.,-0.989949493661,-0.141421356237));
#5435 = PCURVE('',#1087,#5436);
#5436 = DEFINITIONAL_REPRESENTATION('',(#5437),#5441);
#5437 = ELLIPSE('',#5438,3.271328829985,3.25);
#5438 = AXIS2_PLACEMENT_2D('',#5439,#5440);
#5439 = CARTESIAN_POINT('',(188.77156676828,42.));
#5440 = DIRECTION('',(1.,0.));
#5441 = ( GEOMETRIC_REPRESENTATION_CONTEXT(2) 
PARAMETRIC_REPRESENTATION_CONTEXT() REPRESENTATION_CONTEXT('2D SPACE',''
  ) );
#5442 = PCURVE('',#5443,#5448);
#5443 = CYLINDRICAL_SURFACE('',#5444,3.25);
#5444 = AXIS2_PLACEMENT_3D('',#5445,#5446,#5447);
#5445 = CARTESIAN_POINT('',(42.,-46.82287322635,3.107247556907));
#5446 = DIRECTION('',(0.,-0.253359391838,0.96737222338));
#5447 = DIRECTION('',(1.,0.,0.));
#5448 = DEFINITIONAL_REPRESENTATION('',(#5449),#5456);
#5449 = B_SPLINE_CURVE_WITH_KNOTS('',5,(#5450,#5451,#5452,#5453,#5454,
    #5455),.UNSPECIFIED.,.F.,.F.,(6,6),(1.570796326795,2.146510196593),
  .PIECEWISE_BEZIER_KNOTS.);
#5450 = CARTESIAN_POINT('',(0.,0.203046404406));
#5451 = CARTESIAN_POINT('',(0.11514277396,0.160103812479));
#5452 = CARTESIAN_POINT('',(0.230285547919,0.117161116636));
#5453 = CARTESIAN_POINT('',(0.345428321879,7.540505494961E-02));
#5454 = CARTESIAN_POINT('',(0.460571095839,3.601981192711E-02));
#5455 = CARTESIAN_POINT('',(0.575713869798,-5.999998737849E-07));
#5456 = ( GEOMETRIC_REPRESENTATION_CONTEXT(2) 
PARAMETRIC_REPRESENTATION_CONTEXT() REPRESENTATION_CONTEXT('2D SPACE',''
  ) );
#5457 = ORIENTED_EDGE('',*,*,#5458,.F.);
#5458 = EDGE_CURVE('',#5459,#5425,#5461,.T.);
#5459 = VERTEX_POINT('',#5460);
#5460 = CARTESIAN_POINT('',(39.273884056832,-45.111200576,3.555542774857
    ));
#5461 = SURFACE_CURVE('',#5462,(#5467,#5474),.PCURVE_S1.);
#5462 = ELLIPSE('',#5463,3.271328829985,3.25);
#5463 = AXIS2_PLACEMENT_3D('',#5464,#5465,#5466);
#5464 = CARTESIAN_POINT('',(42.,-46.87431693989,3.303669008587));
#5465 = DIRECTION('',(0.,-0.141421356237,0.989949493661));
#5466 = DIRECTION('',(0.,-0.989949493661,-0.141421356237));
#5467 = PCURVE('',#1087,#5468);
#5468 = DEFINITIONAL_REPRESENTATION('',(#5469),#5473);
#5469 = ELLIPSE('',#5470,3.271328829985,3.25);
#5470 = AXIS2_PLACEMENT_2D('',#5471,#5472);
#5471 = CARTESIAN_POINT('',(188.77156676828,42.));
#5472 = DIRECTION('',(1.,0.));
#5473 = ( GEOMETRIC_REPRESENTATION_CONTEXT(2) 
PARAMETRIC_REPRESENTATION_CONTEXT() REPRESENTATION_CONTEXT('2D SPACE',''
  ) );
#5474 = PCURVE('',#5443,#5475);
#5475 = DEFINITIONAL_REPRESENTATION('',(#5476),#5493);
#5476 = B_SPLINE_CURVE_WITH_KNOTS('',8,(#5477,#5478,#5479,#5480,#5481,
    #5482,#5483,#5484,#5485,#5486,#5487,#5488,#5489,#5490,#5491,#5492),
  .UNSPECIFIED.,.F.,.F.,(9,7,9),(4.136675110586,5.99532837228,
    7.853981633974),.UNSPECIFIED.);
#5477 = CARTESIAN_POINT('',(2.565878783791,-5.999998737849E-07));
#5478 = CARTESIAN_POINT('',(2.798210441503,7.268031367508E-02));
#5479 = CARTESIAN_POINT('',(3.030542099215,0.157886614627));
#5480 = CARTESIAN_POINT('',(3.262873756927,0.249642675962));
#5481 = CARTESIAN_POINT('',(3.495205414638,0.340521785142));
#5482 = CARTESIAN_POINT('',(3.72753707235,0.422698856639));
#5483 = CARTESIAN_POINT('',(3.959868730062,0.489392442264));
#5484 = CARTESIAN_POINT('',(4.192200387774,0.536052698715));
#5485 = CARTESIAN_POINT('',(4.656863703197,0.585251245187));
#5486 = CARTESIAN_POINT('',(4.889195360909,0.587790079868));
#5487 = CARTESIAN_POINT('',(5.121527018622,0.566245641933));
#5488 = CARTESIAN_POINT('',(5.353858676331,0.521132814682));
#5489 = CARTESIAN_POINT('',(5.586190334045,0.455863813584));
#5490 = CARTESIAN_POINT('',(5.818521991757,0.376343037021));
#5491 = CARTESIAN_POINT('',(6.050853649468,0.289694686586));
#5492 = CARTESIAN_POINT('',(6.28318530718,0.203046404406));
#5493 = ( GEOMETRIC_REPRESENTATION_CONTEXT(2) 
PARAMETRIC_REPRESENTATION_CONTEXT() REPRESENTATION_CONTEXT('2D SPACE',''
  ) );
#5494 = ORIENTED_EDGE('',*,*,#5495,.T.);
#5495 = EDGE_CURVE('',#5459,#5427,#5496,.T.);
#5496 = SURFACE_CURVE('',#5497,(#5501,#5507),.PCURVE_S1.);
#5497 = LINE('',#5498,#5499);
#5498 = CARTESIAN_POINT('',(21.,-45.111200576,3.555542774857));
#5499 = VECTOR('',#5500,1.);
#5500 = DIRECTION('',(1.,0.,0.));
#5501 = PCURVE('',#1087,#5502);
#5502 = DEFINITIONAL_REPRESENTATION('',(#5503),#5506);
#5503 = B_SPLINE_CURVE_WITH_KNOTS('',1,(#5504,#5505),.UNSPECIFIED.,.F.,
  .F.,(2,2),(17.75,24.25),.PIECEWISE_BEZIER_KNOTS.);
#5504 = CARTESIAN_POINT('',(186.99055028696,38.75));
#5505 = CARTESIAN_POINT('',(186.99055028696,45.25));
#5506 = ( GEOMETRIC_REPRESENTATION_CONTEXT(2) 
PARAMETRIC_REPRESENTATION_CONTEXT() REPRESENTATION_CONTEXT('2D SPACE',''
  ) );
#5507 = PCURVE('',#5508,#5513);
#5508 = PLANE('',#5509);
#5509 = AXIS2_PLACEMENT_3D('',#5510,#5511,#5512);
#5510 = CARTESIAN_POINT('',(42.,-46.82287322635,3.107247556907));
#5511 = DIRECTION('',(0.,-0.253359391838,0.96737222338));
#5512 = DIRECTION('',(1.,0.,0.));
#5513 = DEFINITIONAL_REPRESENTATION('',(#5514),#5517);
#5514 = B_SPLINE_CURVE_WITH_KNOTS('',1,(#5515,#5516),.UNSPECIFIED.,.F.,
  .F.,(2,2),(17.75,24.25),.PIECEWISE_BEZIER_KNOTS.);
#5515 = CARTESIAN_POINT('',(-3.25,1.769404381256));
#5516 = CARTESIAN_POINT('',(3.25,1.769404381256));
#5517 = ( GEOMETRIC_REPRESENTATION_CONTEXT(2) 
PARAMETRIC_REPRESENTATION_CONTEXT() REPRESENTATION_CONTEXT('2D SPACE',''
  ) );
#5518 = ADVANCED_FACE('',(#5519),#1279,.F.);
#5519 = FACE_BOUND('',#5520,.F.);
#5520 = EDGE_LOOP('',(#5521,#5544,#5571,#5572,#5573,#5574,#5596,#5597));
#5521 = ORIENTED_EDGE('',*,*,#5522,.T.);
#5522 = EDGE_CURVE('',#4535,#5523,#5525,.T.);
#5523 = VERTEX_POINT('',#5524);
#5524 = CARTESIAN_POINT('',(45.25,133.01244316895,50.878896644961));
#5525 = SEAM_CURVE('',#5526,(#5530,#5537),.PCURVE_S1.);
#5526 = LINE('',#5527,#5528);
#5527 = CARTESIAN_POINT('',(45.25,138.58634978937,29.596707730596));
#5528 = VECTOR('',#5529,1.);
#5529 = DIRECTION('',(0.,-0.253359391838,0.96737222338));
#5530 = PCURVE('',#1279,#5531);
#5531 = DEFINITIONAL_REPRESENTATION('',(#5532),#5536);
#5532 = LINE('',#5533,#5534);
#5533 = CARTESIAN_POINT('',(6.28318530718,-0.));
#5534 = VECTOR('',#5535,1.);
#5535 = DIRECTION('',(0.,1.));
#5536 = ( GEOMETRIC_REPRESENTATION_CONTEXT(2) 
PARAMETRIC_REPRESENTATION_CONTEXT() REPRESENTATION_CONTEXT('2D SPACE',''
  ) );
#5537 = PCURVE('',#1279,#5538);
#5538 = DEFINITIONAL_REPRESENTATION('',(#5539),#5543);
#5539 = LINE('',#5540,#5541);
#5540 = CARTESIAN_POINT('',(0.,-0.));
#5541 = VECTOR('',#5542,1.);
#5542 = DIRECTION('',(0.,1.));
#5543 = ( GEOMETRIC_REPRESENTATION_CONTEXT(2) 
PARAMETRIC_REPRESENTATION_CONTEXT() REPRESENTATION_CONTEXT('2D SPACE',''
  ) );
#5544 = ORIENTED_EDGE('',*,*,#5545,.F.);
#5545 = EDGE_CURVE('',#5523,#5523,#5546,.T.);
#5546 = SURFACE_CURVE('',#5547,(#5552,#5559),.PCURVE_S1.);
#5547 = CIRCLE('',#5548,3.25);
#5548 = AXIS2_PLACEMENT_3D('',#5549,#5550,#5551);
#5549 = CARTESIAN_POINT('',(42.,133.01244316895,50.878896644961));
#5550 = DIRECTION('',(0.,-0.253359391838,0.96737222338));
#5551 = DIRECTION('',(1.,0.,0.));
#5552 = PCURVE('',#1279,#5553);
#5553 = DEFINITIONAL_REPRESENTATION('',(#5554),#5558);
#5554 = LINE('',#5555,#5556);
#5555 = CARTESIAN_POINT('',(0.,22.));
#5556 = VECTOR('',#5557,1.);
#5557 = DIRECTION('',(1.,0.));
#5558 = ( GEOMETRIC_REPRESENTATION_CONTEXT(2) 
PARAMETRIC_REPRESENTATION_CONTEXT() REPRESENTATION_CONTEXT('2D SPACE',''
  ) );
#5559 = PCURVE('',#5560,#5565);
#5560 = PLANE('',#5561);
#5561 = AXIS2_PLACEMENT_3D('',#5562,#5563,#5564);
#5562 = CARTESIAN_POINT('',(42.,133.01244316895,50.878896644961));
#5563 = DIRECTION('',(0.,-0.253359391838,0.96737222338));
#5564 = DIRECTION('',(1.,0.,0.));
#5565 = DEFINITIONAL_REPRESENTATION('',(#5566),#5570);
#5566 = CIRCLE('',#5567,3.25);
#5567 = AXIS2_PLACEMENT_2D('',#5568,#5569);
#5568 = CARTESIAN_POINT('',(0.,0.));
#5569 = DIRECTION('',(1.,0.));
#5570 = ( GEOMETRIC_REPRESENTATION_CONTEXT(2) 
PARAMETRIC_REPRESENTATION_CONTEXT() REPRESENTATION_CONTEXT('2D SPACE',''
  ) );
#5571 = ORIENTED_EDGE('',*,*,#5522,.F.);
#5572 = ORIENTED_EDGE('',*,*,#4534,.T.);
#5573 = ORIENTED_EDGE('',*,*,#1375,.T.);
#5574 = ORIENTED_EDGE('',*,*,#5575,.T.);
#5575 = EDGE_CURVE('',#1355,#1263,#5576,.T.);
#5576 = SURFACE_CURVE('',#5577,(#5582,#5589),.PCURVE_S1.);
#5577 = CIRCLE('',#5578,3.25);
#5578 = AXIS2_PLACEMENT_3D('',#5579,#5580,#5581);
#5579 = CARTESIAN_POINT('',(42.,138.58634978937,29.596707730596));
#5580 = DIRECTION('',(0.,-0.253359391838,0.96737222338));
#5581 = DIRECTION('',(1.,0.,0.));
#5582 = PCURVE('',#1279,#5583);
#5583 = DEFINITIONAL_REPRESENTATION('',(#5584),#5588);
#5584 = LINE('',#5585,#5586);
#5585 = CARTESIAN_POINT('',(0.,0.));
#5586 = VECTOR('',#5587,1.);
#5587 = DIRECTION('',(1.,0.));
#5588 = ( GEOMETRIC_REPRESENTATION_CONTEXT(2) 
PARAMETRIC_REPRESENTATION_CONTEXT() REPRESENTATION_CONTEXT('2D SPACE',''
  ) );
#5589 = PCURVE('',#1310,#5590);
#5590 = DEFINITIONAL_REPRESENTATION('',(#5591),#5595);
#5591 = CIRCLE('',#5592,3.25);
#5592 = AXIS2_PLACEMENT_2D('',#5593,#5594);
#5593 = CARTESIAN_POINT('',(0.,0.));
#5594 = DIRECTION('',(1.,0.));
#5595 = ( GEOMETRIC_REPRESENTATION_CONTEXT(2) 
PARAMETRIC_REPRESENTATION_CONTEXT() REPRESENTATION_CONTEXT('2D SPACE',''
  ) );
#5596 = ORIENTED_EDGE('',*,*,#1262,.T.);
#5597 = ORIENTED_EDGE('',*,*,#4561,.T.);
#5598 = ADVANCED_FACE('',(#5599),#1310,.T.);
#5599 = FACE_BOUND('',#5600,.T.);
#5600 = EDGE_LOOP('',(#5601,#5602,#5603,#5604));
#5601 = ORIENTED_EDGE('',*,*,#1354,.T.);
#5602 = ORIENTED_EDGE('',*,*,#5575,.T.);
#5603 = ORIENTED_EDGE('',*,*,#1295,.T.);
#5604 = ORIENTED_EDGE('',*,*,#5605,.F.);
#5605 = EDGE_CURVE('',#1322,#1296,#5606,.T.);
#5606 = SURFACE_CURVE('',#5607,(#5612,#5619),.PCURVE_S1.);
#5607 = CIRCLE('',#5608,1.7);
#5608 = AXIS2_PLACEMENT_3D('',#5609,#5610,#5611);
#5609 = CARTESIAN_POINT('',(42.,138.58634978937,29.596707730596));
#5610 = DIRECTION('',(0.,-0.253359391838,0.96737222338));
#5611 = DIRECTION('',(1.,0.,0.));
#5612 = PCURVE('',#1310,#5613);
#5613 = DEFINITIONAL_REPRESENTATION('',(#5614),#5618);
#5614 = CIRCLE('',#5615,1.7);
#5615 = AXIS2_PLACEMENT_2D('',#5616,#5617);
#5616 = CARTESIAN_POINT('',(0.,9.001133770343E-16));
#5617 = DIRECTION('',(1.,0.));
#5618 = ( GEOMETRIC_REPRESENTATION_CONTEXT(2) 
PARAMETRIC_REPRESENTATION_CONTEXT() REPRESENTATION_CONTEXT('2D SPACE',''
  ) );
#5619 = PCURVE('',#1338,#5620);
#5620 = DEFINITIONAL_REPRESENTATION('',(#5621),#5625);
#5621 = LINE('',#5622,#5623);
#5622 = CARTESIAN_POINT('',(0.,26.11));
#5623 = VECTOR('',#5624,1.);
#5624 = DIRECTION('',(1.,0.));
#5625 = ( GEOMETRIC_REPRESENTATION_CONTEXT(2) 
PARAMETRIC_REPRESENTATION_CONTEXT() REPRESENTATION_CONTEXT('2D SPACE',''
  ) );
#5626 = ADVANCED_FACE('',(#5627),#1338,.F.);
#5627 = FACE_BOUND('',#5628,.F.);
#5628 = EDGE_LOOP('',(#5629,#5630));
#5629 = ORIENTED_EDGE('',*,*,#5605,.F.);
#5630 = ORIENTED_EDGE('',*,*,#1321,.T.);
#5631 = ADVANCED_FACE('',(#5632),#1116,.F.);
#5632 = FACE_BOUND('',#5633,.F.);
#5633 = EDGE_LOOP('',(#5634,#5657,#5684,#5685,#5686,#5687,#5709,#5710));
#5634 = ORIENTED_EDGE('',*,*,#5635,.T.);
#5635 = EDGE_CURVE('',#4596,#5636,#5638,.T.);
#5636 = VERTEX_POINT('',#5637);
#5637 = CARTESIAN_POINT('',(-38.75,133.01244316895,50.878896644961));
#5638 = SEAM_CURVE('',#5639,(#5643,#5650),.PCURVE_S1.);
#5639 = LINE('',#5640,#5641);
#5640 = CARTESIAN_POINT('',(-38.75,138.58634978937,29.596707730596));
#5641 = VECTOR('',#5642,1.);
#5642 = DIRECTION('',(0.,-0.253359391838,0.96737222338));
#5643 = PCURVE('',#1116,#5644);
#5644 = DEFINITIONAL_REPRESENTATION('',(#5645),#5649);
#5645 = LINE('',#5646,#5647);
#5646 = CARTESIAN_POINT('',(6.28318530718,-0.));
#5647 = VECTOR('',#5648,1.);
#5648 = DIRECTION('',(0.,1.));
#5649 = ( GEOMETRIC_REPRESENTATION_CONTEXT(2) 
PARAMETRIC_REPRESENTATION_CONTEXT() REPRESENTATION_CONTEXT('2D SPACE',''
  ) );
#5650 = PCURVE('',#1116,#5651);
#5651 = DEFINITIONAL_REPRESENTATION('',(#5652),#5656);
#5652 = LINE('',#5653,#5654);
#5653 = CARTESIAN_POINT('',(0.,-0.));
#5654 = VECTOR('',#5655,1.);
#5655 = DIRECTION('',(0.,1.));
#5656 = ( GEOMETRIC_REPRESENTATION_CONTEXT(2) 
PARAMETRIC_REPRESENTATION_CONTEXT() REPRESENTATION_CONTEXT('2D SPACE',''
  ) );
#5657 = ORIENTED_EDGE('',*,*,#5658,.F.);
#5658 = EDGE_CURVE('',#5636,#5636,#5659,.T.);
#5659 = SURFACE_CURVE('',#5660,(#5665,#5672),.PCURVE_S1.);
#5660 = CIRCLE('',#5661,3.25);
#5661 = AXIS2_PLACEMENT_3D('',#5662,#5663,#5664);
#5662 = CARTESIAN_POINT('',(-42.,133.01244316895,50.878896644961));
#5663 = DIRECTION('',(0.,-0.253359391838,0.96737222338));
#5664 = DIRECTION('',(1.,0.,0.));
#5665 = PCURVE('',#1116,#5666);
#5666 = DEFINITIONAL_REPRESENTATION('',(#5667),#5671);
#5667 = LINE('',#5668,#5669);
#5668 = CARTESIAN_POINT('',(0.,22.));
#5669 = VECTOR('',#5670,1.);
#5670 = DIRECTION('',(1.,0.));
#5671 = ( GEOMETRIC_REPRESENTATION_CONTEXT(2) 
PARAMETRIC_REPRESENTATION_CONTEXT() REPRESENTATION_CONTEXT('2D SPACE',''
  ) );
#5672 = PCURVE('',#5673,#5678);
#5673 = PLANE('',#5674);
#5674 = AXIS2_PLACEMENT_3D('',#5675,#5676,#5677);
#5675 = CARTESIAN_POINT('',(-42.,133.01244316895,50.878896644961));
#5676 = DIRECTION('',(0.,-0.253359391838,0.96737222338));
#5677 = DIRECTION('',(1.,0.,0.));
#5678 = DEFINITIONAL_REPRESENTATION('',(#5679),#5683);
#5679 = CIRCLE('',#5680,3.25);
#5680 = AXIS2_PLACEMENT_2D('',#5681,#5682);
#5681 = CARTESIAN_POINT('',(0.,0.));
#5682 = DIRECTION('',(1.,0.));
#5683 = ( GEOMETRIC_REPRESENTATION_CONTEXT(2) 
PARAMETRIC_REPRESENTATION_CONTEXT() REPRESENTATION_CONTEXT('2D SPACE',''
  ) );
#5684 = ORIENTED_EDGE('',*,*,#5635,.F.);
#5685 = ORIENTED_EDGE('',*,*,#4595,.T.);
#5686 = ORIENTED_EDGE('',*,*,#1212,.T.);
#5687 = ORIENTED_EDGE('',*,*,#5688,.T.);
#5688 = EDGE_CURVE('',#1192,#1100,#5689,.T.);
#5689 = SURFACE_CURVE('',#5690,(#5695,#5702),.PCURVE_S1.);
#5690 = CIRCLE('',#5691,3.25);
#5691 = AXIS2_PLACEMENT_3D('',#5692,#5693,#5694);
#5692 = CARTESIAN_POINT('',(-42.,138.58634978937,29.596707730596));
#5693 = DIRECTION('',(0.,-0.253359391838,0.96737222338));
#5694 = DIRECTION('',(1.,0.,0.));
#5695 = PCURVE('',#1116,#5696);
#5696 = DEFINITIONAL_REPRESENTATION('',(#5697),#5701);
#5697 = LINE('',#5698,#5699);
#5698 = CARTESIAN_POINT('',(0.,0.));
#5699 = VECTOR('',#5700,1.);
#5700 = DIRECTION('',(1.,0.));
#5701 = ( GEOMETRIC_REPRESENTATION_CONTEXT(2) 
PARAMETRIC_REPRESENTATION_CONTEXT() REPRESENTATION_CONTEXT('2D SPACE',''
  ) );
#5702 = PCURVE('',#1147,#5703);
#5703 = DEFINITIONAL_REPRESENTATION('',(#5704),#5708);
#5704 = CIRCLE('',#5705,3.25);
#5705 = AXIS2_PLACEMENT_2D('',#5706,#5707);
#5706 = CARTESIAN_POINT('',(0.,0.));
#5707 = DIRECTION('',(1.,0.));
#5708 = ( GEOMETRIC_REPRESENTATION_CONTEXT(2) 
PARAMETRIC_REPRESENTATION_CONTEXT() REPRESENTATION_CONTEXT('2D SPACE',''
  ) );
#5709 = ORIENTED_EDGE('',*,*,#1099,.T.);
#5710 = ORIENTED_EDGE('',*,*,#4622,.T.);
#5711 = ADVANCED_FACE('',(#5712),#1147,.T.);
#5712 = FACE_BOUND('',#5713,.T.);
#5713 = EDGE_LOOP('',(#5714,#5715,#5716,#5717));
#5714 = ORIENTED_EDGE('',*,*,#1191,.T.);
#5715 = ORIENTED_EDGE('',*,*,#5688,.T.);
#5716 = ORIENTED_EDGE('',*,*,#1132,.T.);
#5717 = ORIENTED_EDGE('',*,*,#5718,.F.);
#5718 = EDGE_CURVE('',#1159,#1133,#5719,.T.);
#5719 = SURFACE_CURVE('',#5720,(#5725,#5732),.PCURVE_S1.);
#5720 = CIRCLE('',#5721,1.7);
#5721 = AXIS2_PLACEMENT_3D('',#5722,#5723,#5724);
#5722 = CARTESIAN_POINT('',(-42.,138.58634978937,29.596707730596));
#5723 = DIRECTION('',(0.,-0.253359391838,0.96737222338));
#5724 = DIRECTION('',(1.,0.,0.));
#5725 = PCURVE('',#1147,#5726);
#5726 = DEFINITIONAL_REPRESENTATION('',(#5727),#5731);
#5727 = CIRCLE('',#5728,1.7);
#5728 = AXIS2_PLACEMENT_2D('',#5729,#5730);
#5729 = CARTESIAN_POINT('',(0.,9.001133770343E-16));
#5730 = DIRECTION('',(1.,0.));
#5731 = ( GEOMETRIC_REPRESENTATION_CONTEXT(2) 
PARAMETRIC_REPRESENTATION_CONTEXT() REPRESENTATION_CONTEXT('2D SPACE',''
  ) );
#5732 = PCURVE('',#1175,#5733);
#5733 = DEFINITIONAL_REPRESENTATION('',(#5734),#5738);
#5734 = LINE('',#5735,#5736);
#5735 = CARTESIAN_POINT('',(0.,26.11));
#5736 = VECTOR('',#5737,1.);
#5737 = DIRECTION('',(1.,0.));
#5738 = ( GEOMETRIC_REPRESENTATION_CONTEXT(2) 
PARAMETRIC_REPRESENTATION_CONTEXT() REPRESENTATION_CONTEXT('2D SPACE',''
  ) );
#5739 = ADVANCED_FACE('',(#5740),#1175,.F.);
#5740 = FACE_BOUND('',#5741,.F.);
#5741 = EDGE_LOOP('',(#5742,#5743));
#5742 = ORIENTED_EDGE('',*,*,#5718,.F.);
#5743 = ORIENTED_EDGE('',*,*,#1158,.T.);
#5744 = ADVANCED_FACE('',(#5745),#1622,.T.);
#5745 = FACE_BOUND('',#5746,.T.);
#5746 = EDGE_LOOP('',(#5747,#5769,#5796,#5817,#5836,#5837));
#5747 = ORIENTED_EDGE('',*,*,#5748,.F.);
#5748 = EDGE_CURVE('',#5749,#1579,#5751,.T.);
#5749 = VERTEX_POINT('',#5750);
#5750 = CARTESIAN_POINT('',(-42.,142.90005025847,32.861027163211));
#5751 = SURFACE_CURVE('',#5752,(#5756,#5763),.PCURVE_S1.);
#5752 = LINE('',#5753,#5754);
#5753 = CARTESIAN_POINT('',(-42.,153.83881550472,-8.905167413378));
#5754 = VECTOR('',#5755,1.);
#5755 = DIRECTION('',(0.,-0.253359391838,0.96737222338));
#5756 = PCURVE('',#1622,#5757);
#5757 = DEFINITIONAL_REPRESENTATION('',(#5758),#5762);
#5758 = LINE('',#5759,#5760);
#5759 = CARTESIAN_POINT('',(0.,5.));
#5760 = VECTOR('',#5761,1.);
#5761 = DIRECTION('',(1.,0.));
#5762 = ( GEOMETRIC_REPRESENTATION_CONTEXT(2) 
PARAMETRIC_REPRESENTATION_CONTEXT() REPRESENTATION_CONTEXT('2D SPACE',''
  ) );
#5763 = PCURVE('',#1595,#5764);
#5764 = DEFINITIONAL_REPRESENTATION('',(#5765),#5768);
#5765 = B_SPLINE_CURVE_WITH_KNOTS('',1,(#5766,#5767),.UNSPECIFIED.,.F.,
  .F.,(2,2),(0.,150.),.PIECEWISE_BEZIER_KNOTS.);
#5766 = CARTESIAN_POINT('',(7.853981633974,0.));
#5767 = CARTESIAN_POINT('',(7.853981633974,150.));
#5768 = ( GEOMETRIC_REPRESENTATION_CONTEXT(2) 
PARAMETRIC_REPRESENTATION_CONTEXT() REPRESENTATION_CONTEXT('2D SPACE',''
  ) );
#5769 = ORIENTED_EDGE('',*,*,#5770,.T.);
#5770 = EDGE_CURVE('',#5749,#5771,#5773,.T.);
#5771 = VERTEX_POINT('',#5772);
#5772 = CARTESIAN_POINT('',(-45.,142.90005025847,32.861027163211));
#5773 = SURFACE_CURVE('',#5774,(#5778,#5784),.PCURVE_S1.);
#5774 = LINE('',#5775,#5776);
#5775 = CARTESIAN_POINT('',(-23.5,142.90005025847,32.861027163211));
#5776 = VECTOR('',#5777,1.);
#5777 = DIRECTION('',(-1.,0.,-0.));
#5778 = PCURVE('',#1622,#5779);
#5779 = DEFINITIONAL_REPRESENTATION('',(#5780),#5783);
#5780 = B_SPLINE_CURVE_WITH_KNOTS('',1,(#5781,#5782),.UNSPECIFIED.,.F.,
  .F.,(2,2),(18.5,22.5),.PIECEWISE_BEZIER_KNOTS.);
#5781 = CARTESIAN_POINT('',(43.174895419931,5.));
#5782 = CARTESIAN_POINT('',(43.174895419931,1.));
#5783 = ( GEOMETRIC_REPRESENTATION_CONTEXT(2) 
PARAMETRIC_REPRESENTATION_CONTEXT() REPRESENTATION_CONTEXT('2D SPACE',''
  ) );
#5784 = PCURVE('',#5785,#5790);
#5785 = PLANE('',#5786);
#5786 = AXIS2_PLACEMENT_3D('',#5787,#5788,#5789);
#5787 = CARTESIAN_POINT('',(0.,162.14073503395,4.));
#5788 = DIRECTION('',(-0.,0.832050294338,0.554700196225));
#5789 = DIRECTION('',(0.,-0.554700196225,0.832050294338));
#5790 = DEFINITIONAL_REPRESENTATION('',(#5791),#5795);
#5791 = LINE('',#5792,#5793);
#5792 = CARTESIAN_POINT('',(34.686637766505,-23.5));
#5793 = VECTOR('',#5794,1.);
#5794 = DIRECTION('',(-0.,-1.));
#5795 = ( GEOMETRIC_REPRESENTATION_CONTEXT(2) 
PARAMETRIC_REPRESENTATION_CONTEXT() REPRESENTATION_CONTEXT('2D SPACE',''
  ) );
#5796 = ORIENTED_EDGE('',*,*,#5797,.T.);
#5797 = EDGE_CURVE('',#5771,#5798,#5800,.T.);
#5798 = VERTEX_POINT('',#5799);
#5799 = CARTESIAN_POINT('',(-45.,142.5,34.388491786491));
#5800 = SURFACE_CURVE('',#5801,(#5805,#5811),.PCURVE_S1.);
#5801 = LINE('',#5802,#5803);
#5802 = CARTESIAN_POINT('',(-45.,145.36906255158,23.433889316816));
#5803 = VECTOR('',#5804,1.);
#5804 = DIRECTION('',(0.,-0.253359391838,0.96737222338));
#5805 = PCURVE('',#1622,#5806);
#5806 = DEFINITIONAL_REPRESENTATION('',(#5807),#5810);
#5807 = B_SPLINE_CURVE_WITH_KNOTS('',1,(#5808,#5809),.UNSPECIFIED.,.F.,
  .F.,(2,2),(9.745098751599,11.324082090549),.PIECEWISE_BEZIER_KNOTS.);
#5808 = CARTESIAN_POINT('',(43.174895419931,2.));
#5809 = CARTESIAN_POINT('',(44.753878758881,2.));
#5810 = ( GEOMETRIC_REPRESENTATION_CONTEXT(2) 
PARAMETRIC_REPRESENTATION_CONTEXT() REPRESENTATION_CONTEXT('2D SPACE',''
  ) );
#5811 = PCURVE('',#3330,#5812);
#5812 = DEFINITIONAL_REPRESENTATION('',(#5813),#5816);
#5813 = B_SPLINE_CURVE_WITH_KNOTS('',1,(#5814,#5815),.UNSPECIFIED.,.F.,
  .F.,(2,2),(9.745098751599,11.324082090549),.PIECEWISE_BEZIER_KNOTS.);
#5814 = CARTESIAN_POINT('',(-82.8154535919,-2.793779782598));
#5815 = CARTESIAN_POINT('',(-82.41540333342,-1.266315159318));
#5816 = ( GEOMETRIC_REPRESENTATION_CONTEXT(2) 
PARAMETRIC_REPRESENTATION_CONTEXT() REPRESENTATION_CONTEXT('2D SPACE',''
  ) );
#5817 = ORIENTED_EDGE('',*,*,#5818,.F.);
#5818 = EDGE_CURVE('',#3195,#5798,#5819,.T.);
#5819 = SURFACE_CURVE('',#5820,(#5824,#5830),.PCURVE_S1.);
#5820 = LINE('',#5821,#5822);
#5821 = CARTESIAN_POINT('',(-50.75,142.5,34.388491786491));
#5822 = VECTOR('',#5823,1.);
#5823 = DIRECTION('',(1.,0.,-0.));
#5824 = PCURVE('',#1622,#5825);
#5825 = DEFINITIONAL_REPRESENTATION('',(#5826),#5829);
#5826 = B_SPLINE_CURVE_WITH_KNOTS('',1,(#5827,#5828),.UNSPECIFIED.,.F.,
  .F.,(2,2),(4.75,8.75),.PIECEWISE_BEZIER_KNOTS.);
#5827 = CARTESIAN_POINT('',(44.753878758881,1.));
#5828 = CARTESIAN_POINT('',(44.753878758881,5.));
#5829 = ( GEOMETRIC_REPRESENTATION_CONTEXT(2) 
PARAMETRIC_REPRESENTATION_CONTEXT() REPRESENTATION_CONTEXT('2D SPACE',''
  ) );
#5830 = PCURVE('',#3253,#5831);
#5831 = DEFINITIONAL_REPRESENTATION('',(#5832),#5835);
#5832 = B_SPLINE_CURVE_WITH_KNOTS('',1,(#5833,#5834),.UNSPECIFIED.,.F.,
  .F.,(2,2),(4.75,8.75),.PIECEWISE_BEZIER_KNOTS.);
#5833 = CARTESIAN_POINT('',(8.5,-65.6115082135));
#5834 = CARTESIAN_POINT('',(12.5,-65.6115082135));
#5835 = ( GEOMETRIC_REPRESENTATION_CONTEXT(2) 
PARAMETRIC_REPRESENTATION_CONTEXT() REPRESENTATION_CONTEXT('2D SPACE',''
  ) );
#5836 = ORIENTED_EDGE('',*,*,#3194,.F.);
#5837 = ORIENTED_EDGE('',*,*,#1607,.T.);
#5838 = ADVANCED_FACE('',(#5839),#1595,.T.);
#5839 = FACE_BOUND('',#5840,.T.);
#5840 = EDGE_LOOP('',(#5841,#5863,#5903,#5930,#5931));
#5841 = ORIENTED_EDGE('',*,*,#5842,.F.);
#5842 = EDGE_CURVE('',#5843,#1553,#5845,.T.);
#5843 = VERTEX_POINT('',#5844);
#5844 = CARTESIAN_POINT('',(-42.,132.5331993947,32.973924377452));
#5845 = SURFACE_CURVE('',#5846,(#5850,#5856),.PCURVE_S1.);
#5846 = LINE('',#5847,#5848);
#5847 = CARTESIAN_POINT('',(-42.,144.16509327092,-11.43876133175));
#5848 = VECTOR('',#5849,1.);
#5849 = DIRECTION('',(0.,-0.253359391838,0.96737222338));
#5850 = PCURVE('',#1595,#5851);
#5851 = DEFINITIONAL_REPRESENTATION('',(#5852),#5855);
#5852 = B_SPLINE_CURVE_WITH_KNOTS('',1,(#5853,#5854),.UNSPECIFIED.,.F.,
  .F.,(2,2),(0.,150.),.PIECEWISE_BEZIER_KNOTS.);
#5853 = CARTESIAN_POINT('',(4.712388980385,0.));
#5854 = CARTESIAN_POINT('',(4.712388980385,150.));
#5855 = ( GEOMETRIC_REPRESENTATION_CONTEXT(2) 
PARAMETRIC_REPRESENTATION_CONTEXT() REPRESENTATION_CONTEXT('2D SPACE',''
  ) );
#5856 = PCURVE('',#1567,#5857);
#5857 = DEFINITIONAL_REPRESENTATION('',(#5858),#5862);
#5858 = LINE('',#5859,#5860);
#5859 = CARTESIAN_POINT('',(0.,5.));
#5860 = VECTOR('',#5861,1.);
#5861 = DIRECTION('',(1.,0.));
#5862 = ( GEOMETRIC_REPRESENTATION_CONTEXT(2) 
PARAMETRIC_REPRESENTATION_CONTEXT() REPRESENTATION_CONTEXT('2D SPACE',''
  ) );
#5863 = ORIENTED_EDGE('',*,*,#5864,.T.);
#5864 = EDGE_CURVE('',#5843,#5865,#5867,.T.);
#5865 = VERTEX_POINT('',#5866);
#5866 = CARTESIAN_POINT('',(-39.6819139687,141.92986492252,
    34.316305167141));
#5867 = SURFACE_CURVE('',#5868,(#5873,#5891),.PCURVE_S1.);
#5868 = ELLIPSE('',#5869,5.032813584593,5.);
#5869 = AXIS2_PLACEMENT_3D('',#5870,#5871,#5872);
#5870 = CARTESIAN_POINT('',(-42.,137.51543065446,33.685671700275));
#5871 = DIRECTION('',(0.,-0.141421356237,0.989949493661));
#5872 = DIRECTION('',(0.,-0.989949493661,-0.141421356237));
#5873 = PCURVE('',#1595,#5874);
#5874 = DEFINITIONAL_REPRESENTATION('',(#5875),#5890);
#5875 = B_SPLINE_CURVE_WITH_KNOTS('',7,(#5876,#5877,#5878,#5879,#5880,
    #5881,#5882,#5883,#5884,#5885,#5886,#5887,#5888,#5889),
  .UNSPECIFIED.,.F.,.F.,(8,6,8),(0.,1.570796326795,3.14159265359),
  .UNSPECIFIED.);
#5876 = CARTESIAN_POINT('',(4.712388980385,45.910648079203));
#5877 = CARTESIAN_POINT('',(4.936788455641,45.910648079203));
#5878 = CARTESIAN_POINT('',(5.161187930898,45.876939824431));
#5879 = CARTESIAN_POINT('',(5.385587406154,45.809528204802));
#5880 = CARTESIAN_POINT('',(5.60998688141,45.712551995639));
#5881 = CARTESIAN_POINT('',(5.834386356667,45.594384659144));
#5882 = CARTESIAN_POINT('',(6.058785831923,45.465631384678));
#5883 = CARTESIAN_POINT('',(6.507584782436,45.208123790122));
#5884 = CARTESIAN_POINT('',(6.731984257692,45.079370515663));
#5885 = CARTESIAN_POINT('',(6.956383732949,44.961203179188));
#5886 = CARTESIAN_POINT('',(7.180783208205,44.864226970007));
#5887 = CARTESIAN_POINT('',(7.405182683462,44.796815350379));
#5888 = CARTESIAN_POINT('',(7.629582158718,44.763107095597));
#5889 = CARTESIAN_POINT('',(7.853981633974,44.763107095597));
#5890 = ( GEOMETRIC_REPRESENTATION_CONTEXT(2) 
PARAMETRIC_REPRESENTATION_CONTEXT() REPRESENTATION_CONTEXT('2D SPACE',''
  ) );
#5891 = PCURVE('',#5892,#5897);
#5892 = PLANE('',#5893);
#5893 = AXIS2_PLACEMENT_3D('',#5894,#5895,#5896);
#5894 = CARTESIAN_POINT('',(0.,141.92986492252,34.316305167141));
#5895 = DIRECTION('',(0.,-0.141421356237,0.989949493661));
#5896 = DIRECTION('',(0.,-0.989949493661,-0.141421356237));
#5897 = DEFINITIONAL_REPRESENTATION('',(#5898),#5902);
#5898 = ELLIPSE('',#5899,5.032813584593,5.);
#5899 = AXIS2_PLACEMENT_2D('',#5900,#5901);
#5900 = CARTESIAN_POINT('',(4.459252008641,-42.));
#5901 = DIRECTION('',(1.,0.));
#5902 = ( GEOMETRIC_REPRESENTATION_CONTEXT(2) 
PARAMETRIC_REPRESENTATION_CONTEXT() REPRESENTATION_CONTEXT('2D SPACE',''
  ) );
#5903 = ORIENTED_EDGE('',*,*,#5904,.T.);
#5904 = EDGE_CURVE('',#5865,#5749,#5905,.T.);
#5905 = SURFACE_CURVE('',#5906,(#5911,#5923),.PCURVE_S1.);
#5906 = ELLIPSE('',#5907,15.34713034552,5.);
#5907 = AXIS2_PLACEMENT_3D('',#5908,#5909,#5910);
#5908 = CARTESIAN_POINT('',(-42.,134.38699404432,45.630611484442));
#5909 = DIRECTION('',(-0.,0.832050294338,0.554700196225));
#5910 = DIRECTION('',(0.,-0.554700196225,0.832050294338));
#5911 = PCURVE('',#1595,#5912);
#5912 = DEFINITIONAL_REPRESENTATION('',(#5913),#5922);
#5913 = B_SPLINE_CURVE_WITH_KNOTS('',7,(#5914,#5915,#5916,#5917,#5918,
    #5919,#5920,#5921),.UNSPECIFIED.,.F.,.F.,(8,8),(2.276573222397,
    3.14159265359),.PIECEWISE_BEZIER_KNOTS.);
#5914 = CARTESIAN_POINT('',(6.988962202781,48.273273034332));
#5915 = CARTESIAN_POINT('',(7.112536407238,46.908578104593));
#5916 = CARTESIAN_POINT('',(7.236110611694,45.711554299816));
#5917 = CARTESIAN_POINT('',(7.35968481615,44.716238538535));
#5918 = CARTESIAN_POINT('',(7.483259020606,43.950400730624));
#5919 = CARTESIAN_POINT('',(7.606833225062,43.433397620543));
#5920 = CARTESIAN_POINT('',(7.730407429518,43.174895419931));
#5921 = CARTESIAN_POINT('',(7.853981633974,43.174895419931));
#5922 = ( GEOMETRIC_REPRESENTATION_CONTEXT(2) 
PARAMETRIC_REPRESENTATION_CONTEXT() REPRESENTATION_CONTEXT('2D SPACE',''
  ) );
#5923 = PCURVE('',#5785,#5924);
#5924 = DEFINITIONAL_REPRESENTATION('',(#5925),#5929);
#5925 = ELLIPSE('',#5926,15.34713034552,5.);
#5926 = AXIS2_PLACEMENT_2D('',#5927,#5928);
#5927 = CARTESIAN_POINT('',(50.033768112025,-42.));
#5928 = DIRECTION('',(1.,0.));
#5929 = ( GEOMETRIC_REPRESENTATION_CONTEXT(2) 
PARAMETRIC_REPRESENTATION_CONTEXT() REPRESENTATION_CONTEXT('2D SPACE',''
  ) );
#5930 = ORIENTED_EDGE('',*,*,#5748,.T.);
#5931 = ORIENTED_EDGE('',*,*,#1578,.F.);
#5932 = ADVANCED_FACE('',(#5933),#1567,.F.);
#5933 = FACE_BOUND('',#5934,.F.);
#5934 = EDGE_LOOP('',(#5935,#5936,#5958,#5977));
#5935 = ORIENTED_EDGE('',*,*,#5842,.F.);
#5936 = ORIENTED_EDGE('',*,*,#5937,.T.);
#5937 = EDGE_CURVE('',#5843,#5938,#5940,.T.);
#5938 = VERTEX_POINT('',#5939);
#5939 = CARTESIAN_POINT('',(-46.,132.5331993947,32.973924377452));
#5940 = SURFACE_CURVE('',#5941,(#5945,#5951),.PCURVE_S1.);
#5941 = LINE('',#5942,#5943);
#5942 = CARTESIAN_POINT('',(-23.5,132.5331993947,32.973924377452));
#5943 = VECTOR('',#5944,1.);
#5944 = DIRECTION('',(-1.,0.,0.));
#5945 = PCURVE('',#1567,#5946);
#5946 = DEFINITIONAL_REPRESENTATION('',(#5947),#5950);
#5947 = B_SPLINE_CURVE_WITH_KNOTS('',1,(#5948,#5949),.UNSPECIFIED.,.F.,
  .F.,(2,2),(18.5,22.5),.PIECEWISE_BEZIER_KNOTS.);
#5948 = CARTESIAN_POINT('',(45.910648079203,5.));
#5949 = CARTESIAN_POINT('',(45.910648079203,1.));
#5950 = ( GEOMETRIC_REPRESENTATION_CONTEXT(2) 
PARAMETRIC_REPRESENTATION_CONTEXT() REPRESENTATION_CONTEXT('2D SPACE',''
  ) );
#5951 = PCURVE('',#5892,#5952);
#5952 = DEFINITIONAL_REPRESENTATION('',(#5953),#5957);
#5953 = LINE('',#5954,#5955);
#5954 = CARTESIAN_POINT('',(9.492065593234,-23.5));
#5955 = VECTOR('',#5956,1.);
#5956 = DIRECTION('',(-0.,-1.));
#5957 = ( GEOMETRIC_REPRESENTATION_CONTEXT(2) 
PARAMETRIC_REPRESENTATION_CONTEXT() REPRESENTATION_CONTEXT('2D SPACE',''
  ) );
#5958 = ORIENTED_EDGE('',*,*,#5959,.F.);
#5959 = EDGE_CURVE('',#1527,#5938,#5960,.T.);
#5960 = SURFACE_CURVE('',#5961,(#5965,#5971),.PCURVE_S1.);
#5961 = LINE('',#5962,#5963);
#5962 = CARTESIAN_POINT('',(-46.,135.69534031777,20.900295398439));
#5963 = VECTOR('',#5964,1.);
#5964 = DIRECTION('',(0.,0.253359391838,-0.96737222338));
#5965 = PCURVE('',#1567,#5966);
#5966 = DEFINITIONAL_REPRESENTATION('',(#5967),#5970);
#5967 = B_SPLINE_CURVE_WITH_KNOTS('',1,(#5968,#5969),.UNSPECIFIED.,.F.,
  .F.,(2,2),(-64.78713669279,-8.454600543197),.PIECEWISE_BEZIER_KNOTS.);
#5968 = CARTESIAN_POINT('',(98.216933361126,1.));
#5969 = CARTESIAN_POINT('',(41.884397211529,1.));
#5970 = ( GEOMETRIC_REPRESENTATION_CONTEXT(2) 
PARAMETRIC_REPRESENTATION_CONTEXT() REPRESENTATION_CONTEXT('2D SPACE',''
  ) );
#5971 = PCURVE('',#1541,#5972);
#5972 = DEFINITIONAL_REPRESENTATION('',(#5973),#5976);
#5973 = B_SPLINE_CURVE_WITH_KNOTS('',1,(#5974,#5975),.UNSPECIFIED.,.F.,
  .F.,(2,2),(-64.78713669279,-8.454600543197),.PIECEWISE_BEZIER_KNOTS.);
#5974 = CARTESIAN_POINT('',(-59.19631409981,47.918764921578));
#5975 = CARTESIAN_POINT('',(-73.46869119934,-6.575765822106));
#5976 = ( GEOMETRIC_REPRESENTATION_CONTEXT(2) 
PARAMETRIC_REPRESENTATION_CONTEXT() REPRESENTATION_CONTEXT('2D SPACE',''
  ) );
#5977 = ORIENTED_EDGE('',*,*,#1552,.T.);
#5978 = ADVANCED_FACE('',(#5979),#1541,.F.);
#5979 = FACE_BOUND('',#5980,.F.);
#5980 = EDGE_LOOP('',(#5981,#5982,#5983,#6006));
#5981 = ORIENTED_EDGE('',*,*,#1526,.T.);
#5982 = ORIENTED_EDGE('',*,*,#5959,.T.);
#5983 = ORIENTED_EDGE('',*,*,#5984,.T.);
#5984 = EDGE_CURVE('',#5938,#5985,#5987,.T.);
#5985 = VERTEX_POINT('',#5986);
#5986 = CARTESIAN_POINT('',(-46.,117.5,30.826324463923));
#5987 = SURFACE_CURVE('',#5988,(#5992,#5999),.PCURVE_S1.);
#5988 = LINE('',#5989,#5990);
#5989 = CARTESIAN_POINT('',(-46.,139.43431457505,33.959797974645));
#5990 = VECTOR('',#5991,1.);
#5991 = DIRECTION('',(0.,-0.989949493661,-0.141421356237));
#5992 = PCURVE('',#1541,#5993);
#5993 = DEFINITIONAL_REPRESENTATION('',(#5994),#5998);
#5994 = LINE('',#5995,#5996);
#5995 = CARTESIAN_POINT('',(-79.34971790847,-1.695008971164));
#5996 = VECTOR('',#5997,1.);
#5997 = DIRECTION('',(0.989949493661,-0.141421356237));
#5998 = ( GEOMETRIC_REPRESENTATION_CONTEXT(2) 
PARAMETRIC_REPRESENTATION_CONTEXT() REPRESENTATION_CONTEXT('2D SPACE',''
  ) );
#5999 = PCURVE('',#5892,#6000);
#6000 = DEFINITIONAL_REPRESENTATION('',(#6001),#6005);
#6001 = LINE('',#6002,#6003);
#6002 = CARTESIAN_POINT('',(2.520886533559,-46.));
#6003 = VECTOR('',#6004,1.);
#6004 = DIRECTION('',(1.,0.));
#6005 = ( GEOMETRIC_REPRESENTATION_CONTEXT(2) 
PARAMETRIC_REPRESENTATION_CONTEXT() REPRESENTATION_CONTEXT('2D SPACE',''
  ) );
#6006 = ORIENTED_EDGE('',*,*,#6007,.T.);
#6007 = EDGE_CURVE('',#5985,#1501,#6008,.T.);
#6008 = SURFACE_CURVE('',#6009,(#6013,#6019),.PCURVE_S1.);
#6009 = LINE('',#6010,#6011);
#6010 = CARTESIAN_POINT('',(-46.,117.5,67.827403472904));
#6011 = VECTOR('',#6012,1.);
#6012 = DIRECTION('',(-0.,0.,1.));
#6013 = PCURVE('',#1541,#6014);
#6014 = DEFINITIONAL_REPRESENTATION('',(#6015),#6018);
#6015 = B_SPLINE_CURVE_WITH_KNOTS('',1,(#6016,#6017),.UNSPECIFIED.,.F.,
  .F.,(2,2),(-39.22341460699,-6.720260615762),.PIECEWISE_BEZIER_KNOTS.);
#6016 = CARTESIAN_POINT('',(-57.41540333342,-7.050818079901));
#6017 = CARTESIAN_POINT('',(-57.41540333342,25.452335911334));
#6018 = ( GEOMETRIC_REPRESENTATION_CONTEXT(2) 
PARAMETRIC_REPRESENTATION_CONTEXT() REPRESENTATION_CONTEXT('2D SPACE',''
  ) );
#6019 = PCURVE('',#1515,#6020);
#6020 = DEFINITIONAL_REPRESENTATION('',(#6021),#6024);
#6021 = B_SPLINE_CURVE_WITH_KNOTS('',1,(#6022,#6023),.UNSPECIFIED.,.F.,
  .F.,(2,2),(-39.22341460699,-6.720260615762),.PIECEWISE_BEZIER_KNOTS.);
#6022 = CARTESIAN_POINT('',(8.5,-71.39601113409));
#6023 = CARTESIAN_POINT('',(8.5,-38.89285714285));
#6024 = ( GEOMETRIC_REPRESENTATION_CONTEXT(2) 
PARAMETRIC_REPRESENTATION_CONTEXT() REPRESENTATION_CONTEXT('2D SPACE',''
  ) );
#6025 = ADVANCED_FACE('',(#6026),#1515,.F.);
#6026 = FACE_BOUND('',#6027,.F.);
#6027 = EDGE_LOOP('',(#6028,#6050,#6071,#6092,#6111,#6112));
#6028 = ORIENTED_EDGE('',*,*,#6029,.T.);
#6029 = EDGE_CURVE('',#5985,#6030,#6032,.T.);
#6030 = VERTEX_POINT('',#6031);
#6031 = CARTESIAN_POINT('',(-45.,117.5,30.826324463923));
#6032 = SURFACE_CURVE('',#6033,(#6037,#6043),.PCURVE_S1.);
#6033 = LINE('',#6034,#6035);
#6034 = CARTESIAN_POINT('',(-27.25,117.5,30.826324463923));
#6035 = VECTOR('',#6036,1.);
#6036 = DIRECTION('',(1.,0.,0.));
#6037 = PCURVE('',#1515,#6038);
#6038 = DEFINITIONAL_REPRESENTATION('',(#6039),#6042);
#6039 = B_SPLINE_CURVE_WITH_KNOTS('',1,(#6040,#6041),.UNSPECIFIED.,.F.,
  .F.,(2,2),(-18.75,-2.25),.PIECEWISE_BEZIER_KNOTS.);
#6040 = CARTESIAN_POINT('',(8.5,-69.17367553607));
#6041 = CARTESIAN_POINT('',(25.,-69.17367553607));
#6042 = ( GEOMETRIC_REPRESENTATION_CONTEXT(2) 
PARAMETRIC_REPRESENTATION_CONTEXT() REPRESENTATION_CONTEXT('2D SPACE',''
  ) );
#6043 = PCURVE('',#5892,#6044);
#6044 = DEFINITIONAL_REPRESENTATION('',(#6045),#6049);
#6045 = LINE('',#6046,#6047);
#6046 = CARTESIAN_POINT('',(24.677890214555,-27.25));
#6047 = VECTOR('',#6048,1.);
#6048 = DIRECTION('',(0.,1.));
#6049 = ( GEOMETRIC_REPRESENTATION_CONTEXT(2) 
PARAMETRIC_REPRESENTATION_CONTEXT() REPRESENTATION_CONTEXT('2D SPACE',''
  ) );
#6050 = ORIENTED_EDGE('',*,*,#6051,.T.);
#6051 = EDGE_CURVE('',#6030,#6052,#6054,.T.);
#6052 = VERTEX_POINT('',#6053);
#6053 = CARTESIAN_POINT('',(-45.,117.5,61.107142857143));
#6054 = SURFACE_CURVE('',#6055,(#6059,#6065),.PCURVE_S1.);
#6055 = LINE('',#6056,#6057);
#6056 = CARTESIAN_POINT('',(-45.,117.5,67.827403472904));
#6057 = VECTOR('',#6058,1.);
#6058 = DIRECTION('',(-0.,0.,1.));
#6059 = PCURVE('',#1515,#6060);
#6060 = DEFINITIONAL_REPRESENTATION('',(#6061),#6064);
#6061 = B_SPLINE_CURVE_WITH_KNOTS('',1,(#6062,#6063),.UNSPECIFIED.,.F.,
  .F.,(2,2),(-63.8274034729,11.415035356393),.PIECEWISE_BEZIER_KNOTS.);
#6062 = CARTESIAN_POINT('',(9.5,-96.));
#6063 = CARTESIAN_POINT('',(9.5,-20.7575611707));
#6064 = ( GEOMETRIC_REPRESENTATION_CONTEXT(2) 
PARAMETRIC_REPRESENTATION_CONTEXT() REPRESENTATION_CONTEXT('2D SPACE',''
  ) );
#6065 = PCURVE('',#1771,#6066);
#6066 = DEFINITIONAL_REPRESENTATION('',(#6067),#6070);
#6067 = B_SPLINE_CURVE_WITH_KNOTS('',1,(#6068,#6069),.UNSPECIFIED.,.F.,
  .F.,(2,2),(-63.8274034729,11.415035356393),.PIECEWISE_BEZIER_KNOTS.);
#6068 = CARTESIAN_POINT('',(-57.41540333342,-31.6548069458));
#6069 = CARTESIAN_POINT('',(-57.41540333342,43.587631883489));
#6070 = ( GEOMETRIC_REPRESENTATION_CONTEXT(2) 
PARAMETRIC_REPRESENTATION_CONTEXT() REPRESENTATION_CONTEXT('2D SPACE',''
  ) );
#6071 = ORIENTED_EDGE('',*,*,#6072,.F.);
#6072 = EDGE_CURVE('',#6073,#6052,#6075,.T.);
#6073 = VERTEX_POINT('',#6074);
#6074 = CARTESIAN_POINT('',(-48.2,117.5,61.107142857143));
#6075 = SURFACE_CURVE('',#6076,(#6080,#6086),.PCURVE_S1.);
#6076 = LINE('',#6077,#6078);
#6077 = CARTESIAN_POINT('',(-27.25,117.5,61.107142857143));
#6078 = VECTOR('',#6079,1.);
#6079 = DIRECTION('',(1.,0.,0.));
#6080 = PCURVE('',#1515,#6081);
#6081 = DEFINITIONAL_REPRESENTATION('',(#6082),#6085);
#6082 = B_SPLINE_CURVE_WITH_KNOTS('',1,(#6083,#6084),.UNSPECIFIED.,.F.,
  .F.,(2,2),(-20.95,-2.25),.PIECEWISE_BEZIER_KNOTS.);
#6083 = CARTESIAN_POINT('',(6.3,-38.89285714285));
#6084 = CARTESIAN_POINT('',(25.,-38.89285714285));
#6085 = ( GEOMETRIC_REPRESENTATION_CONTEXT(2) 
PARAMETRIC_REPRESENTATION_CONTEXT() REPRESENTATION_CONTEXT('2D SPACE',''
  ) );
#6086 = PCURVE('',#1747,#6087);
#6087 = DEFINITIONAL_REPRESENTATION('',(#6088),#6091);
#6088 = B_SPLINE_CURVE_WITH_KNOTS('',1,(#6089,#6090),.UNSPECIFIED.,.F.,
  .F.,(2,2),(-20.95,-2.25),.PIECEWISE_BEZIER_KNOTS.);
#6089 = CARTESIAN_POINT('',(23.258885727956,-48.2));
#6090 = CARTESIAN_POINT('',(23.258885727956,-29.5));
#6091 = ( GEOMETRIC_REPRESENTATION_CONTEXT(2) 
PARAMETRIC_REPRESENTATION_CONTEXT() REPRESENTATION_CONTEXT('2D SPACE',''
  ) );
#6092 = ORIENTED_EDGE('',*,*,#6093,.F.);
#6093 = EDGE_CURVE('',#1475,#6073,#6094,.T.);
#6094 = SURFACE_CURVE('',#6095,(#6099,#6105),.PCURVE_S1.);
#6095 = LINE('',#6096,#6097);
#6096 = CARTESIAN_POINT('',(-48.2,117.5,67.827403472904));
#6097 = VECTOR('',#6098,1.);
#6098 = DIRECTION('',(-0.,0.,1.));
#6099 = PCURVE('',#1515,#6100);
#6100 = DEFINITIONAL_REPRESENTATION('',(#6101),#6104);
#6101 = B_SPLINE_CURVE_WITH_KNOTS('',1,(#6102,#6103),.UNSPECIFIED.,.F.,
  .F.,(2,2),(-66.0274034729,16.781694000279),.PIECEWISE_BEZIER_KNOTS.);
#6102 = CARTESIAN_POINT('',(6.3,-98.2));
#6103 = CARTESIAN_POINT('',(6.3,-15.39090252681));
#6104 = ( GEOMETRIC_REPRESENTATION_CONTEXT(2) 
PARAMETRIC_REPRESENTATION_CONTEXT() REPRESENTATION_CONTEXT('2D SPACE',''
  ) );
#6105 = PCURVE('',#1489,#6106);
#6106 = DEFINITIONAL_REPRESENTATION('',(#6107),#6110);
#6107 = B_SPLINE_CURVE_WITH_KNOTS('',1,(#6108,#6109),.UNSPECIFIED.,.F.,
  .F.,(2,2),(-66.0274034729,16.781694000279),.PIECEWISE_BEZIER_KNOTS.);
#6108 = CARTESIAN_POINT('',(-57.41540333342,-33.8548069458));
#6109 = CARTESIAN_POINT('',(-57.41540333342,48.954290527375));
#6110 = ( GEOMETRIC_REPRESENTATION_CONTEXT(2) 
PARAMETRIC_REPRESENTATION_CONTEXT() REPRESENTATION_CONTEXT('2D SPACE',''
  ) );
#6111 = ORIENTED_EDGE('',*,*,#1500,.T.);
#6112 = ORIENTED_EDGE('',*,*,#6007,.F.);
#6113 = ADVANCED_FACE('',(#6114),#1489,.T.);
#6114 = FACE_BOUND('',#6115,.T.);
#6115 = EDGE_LOOP('',(#6116,#6117,#6118,#6119));
#6116 = ORIENTED_EDGE('',*,*,#6093,.F.);
#6117 = ORIENTED_EDGE('',*,*,#1474,.T.);
#6118 = ORIENTED_EDGE('',*,*,#1711,.F.);
#6119 = ORIENTED_EDGE('',*,*,#6120,.T.);
#6120 = EDGE_CURVE('',#1712,#6073,#6121,.T.);
#6121 = SURFACE_CURVE('',#6122,(#6126,#6132),.PCURVE_S1.);
#6122 = LINE('',#6123,#6124);
#6123 = CARTESIAN_POINT('',(-48.2,98.765981254325,56.200614138038));
#6124 = VECTOR('',#6125,1.);
#6125 = DIRECTION('',(-0.,0.96737222338,0.253359391838));
#6126 = PCURVE('',#1489,#6127);
#6127 = DEFINITIONAL_REPRESENTATION('',(#6128),#6131);
#6128 = B_SPLINE_CURVE_WITH_KNOTS('',1,(#6129,#6130),.UNSPECIFIED.,.F.,
  .F.,(2,2),(-170.3232502155,42.624770227114),.PIECEWISE_BEZIER_KNOTS.);
#6129 = CARTESIAN_POINT('',(126.08459666657,-22.60718789819));
#6130 = CARTESIAN_POINT('',(-79.91540333342,31.345193054191));
#6131 = ( GEOMETRIC_REPRESENTATION_CONTEXT(2) 
PARAMETRIC_REPRESENTATION_CONTEXT() REPRESENTATION_CONTEXT('2D SPACE',''
  ) );
#6132 = PCURVE('',#1747,#6133);
#6133 = DEFINITIONAL_REPRESENTATION('',(#6134),#6137);
#6134 = B_SPLINE_CURVE_WITH_KNOTS('',1,(#6135,#6136),.UNSPECIFIED.,.F.,
  .F.,(2,2),(-170.3232502155,42.624770227114),.PIECEWISE_BEZIER_KNOTS.);
#6135 = CARTESIAN_POINT('',(212.94802044262,-48.2));
#6136 = CARTESIAN_POINT('',(0.,-48.2));
#6137 = ( GEOMETRIC_REPRESENTATION_CONTEXT(2) 
PARAMETRIC_REPRESENTATION_CONTEXT() REPRESENTATION_CONTEXT('2D SPACE',''
  ) );
#6138 = ADVANCED_FACE('',(#6139),#1671,.F.);
#6139 = FACE_BOUND('',#6140,.F.);
#6140 = EDGE_LOOP('',(#6141,#6164,#6165,#6166));
#6141 = ORIENTED_EDGE('',*,*,#6142,.T.);
#6142 = EDGE_CURVE('',#6143,#1655,#6145,.T.);
#6143 = VERTEX_POINT('',#6144);
#6144 = CARTESIAN_POINT('',(-40.3,133.01244316895,50.878896644961));
#6145 = SEAM_CURVE('',#6146,(#6150,#6157),.PCURVE_S1.);
#6146 = LINE('',#6147,#6148);
#6147 = CARTESIAN_POINT('',(-40.3,145.20156351026,4.338618978138));
#6148 = VECTOR('',#6149,1.);
#6149 = DIRECTION('',(0.,-0.253359391838,0.96737222338));
#6150 = PCURVE('',#1671,#6151);
#6151 = DEFINITIONAL_REPRESENTATION('',(#6152),#6156);
#6152 = LINE('',#6153,#6154);
#6153 = CARTESIAN_POINT('',(6.28318530718,-0.));
#6154 = VECTOR('',#6155,1.);
#6155 = DIRECTION('',(0.,1.));
#6156 = ( GEOMETRIC_REPRESENTATION_CONTEXT(2) 
PARAMETRIC_REPRESENTATION_CONTEXT() REPRESENTATION_CONTEXT('2D SPACE',''
  ) );
#6157 = PCURVE('',#1671,#6158);
#6158 = DEFINITIONAL_REPRESENTATION('',(#6159),#6163);
#6159 = LINE('',#6160,#6161);
#6160 = CARTESIAN_POINT('',(0.,-0.));
#6161 = VECTOR('',#6162,1.);
#6162 = DIRECTION('',(0.,1.));
#6163 = ( GEOMETRIC_REPRESENTATION_CONTEXT(2) 
PARAMETRIC_REPRESENTATION_CONTEXT() REPRESENTATION_CONTEXT('2D SPACE',''
  ) );
#6164 = ORIENTED_EDGE('',*,*,#1654,.F.);
#6165 = ORIENTED_EDGE('',*,*,#6142,.F.);
#6166 = ORIENTED_EDGE('',*,*,#6167,.T.);
#6167 = EDGE_CURVE('',#6143,#6143,#6168,.T.);
#6168 = SURFACE_CURVE('',#6169,(#6174,#6181),.PCURVE_S1.);
#6169 = CIRCLE('',#6170,1.7);
#6170 = AXIS2_PLACEMENT_3D('',#6171,#6172,#6173);
#6171 = CARTESIAN_POINT('',(-42.,133.01244316895,50.878896644961));
#6172 = DIRECTION('',(0.,-0.253359391838,0.96737222338));
#6173 = DIRECTION('',(1.,0.,0.));
#6174 = PCURVE('',#1671,#6175);
#6175 = DEFINITIONAL_REPRESENTATION('',(#6176),#6180);
#6176 = LINE('',#6177,#6178);
#6177 = CARTESIAN_POINT('',(0.,48.11));
#6178 = VECTOR('',#6179,1.);
#6179 = DIRECTION('',(1.,0.));
#6180 = ( GEOMETRIC_REPRESENTATION_CONTEXT(2) 
PARAMETRIC_REPRESENTATION_CONTEXT() REPRESENTATION_CONTEXT('2D SPACE',''
  ) );
#6181 = PCURVE('',#5673,#6182);
#6182 = DEFINITIONAL_REPRESENTATION('',(#6183),#6187);
#6183 = CIRCLE('',#6184,1.7);
#6184 = AXIS2_PLACEMENT_2D('',#6185,#6186);
#6185 = CARTESIAN_POINT('',(0.,0.));
#6186 = DIRECTION('',(1.,0.));
#6187 = ( GEOMETRIC_REPRESENTATION_CONTEXT(2) 
PARAMETRIC_REPRESENTATION_CONTEXT() REPRESENTATION_CONTEXT('2D SPACE',''
  ) );
#6188 = ADVANCED_FACE('',(#6189),#1771,.F.);
#6189 = FACE_BOUND('',#6190,.F.);
#6190 = EDGE_LOOP('',(#6191,#6192,#6215,#6234,#6235,#6236));
#6191 = ORIENTED_EDGE('',*,*,#6051,.F.);
#6192 = ORIENTED_EDGE('',*,*,#6193,.T.);
#6193 = EDGE_CURVE('',#6030,#6194,#6196,.T.);
#6194 = VERTEX_POINT('',#6195);
#6195 = CARTESIAN_POINT('',(-45.,13.838079707821,16.017478707898));
#6196 = SURFACE_CURVE('',#6197,(#6201,#6208),.PCURVE_S1.);
#6197 = LINE('',#6198,#6199);
#6198 = CARTESIAN_POINT('',(-45.,139.43431457505,33.959797974645));
#6199 = VECTOR('',#6200,1.);
#6200 = DIRECTION('',(0.,-0.989949493661,-0.141421356237));
#6201 = PCURVE('',#1771,#6202);
#6202 = DEFINITIONAL_REPRESENTATION('',(#6203),#6207);
#6203 = LINE('',#6204,#6205);
#6204 = CARTESIAN_POINT('',(-79.34971790847,-1.695008971164));
#6205 = VECTOR('',#6206,1.);
#6206 = DIRECTION('',(0.989949493661,-0.141421356237));
#6207 = ( GEOMETRIC_REPRESENTATION_CONTEXT(2) 
PARAMETRIC_REPRESENTATION_CONTEXT() REPRESENTATION_CONTEXT('2D SPACE',''
  ) );
#6208 = PCURVE('',#5892,#6209);
#6209 = DEFINITIONAL_REPRESENTATION('',(#6210),#6214);
#6210 = LINE('',#6211,#6212);
#6211 = CARTESIAN_POINT('',(2.520886533559,-45.));
#6212 = VECTOR('',#6213,1.);
#6213 = DIRECTION('',(1.,0.));
#6214 = ( GEOMETRIC_REPRESENTATION_CONTEXT(2) 
PARAMETRIC_REPRESENTATION_CONTEXT() REPRESENTATION_CONTEXT('2D SPACE',''
  ) );
#6215 = ORIENTED_EDGE('',*,*,#6216,.F.);
#6216 = EDGE_CURVE('',#2002,#6194,#6217,.T.);
#6217 = SURFACE_CURVE('',#6218,(#6222,#6228),.PCURVE_S1.);
#6218 = LINE('',#6219,#6220);
#6219 = CARTESIAN_POINT('',(-45.,12.925931900754,22.402513357361));
#6220 = VECTOR('',#6221,1.);
#6221 = DIRECTION('',(0.,0.141421356237,-0.989949493661));
#6222 = PCURVE('',#1771,#6223);
#6223 = DEFINITIONAL_REPRESENTATION('',(#6224),#6227);
#6224 = B_SPLINE_CURVE_WITH_KNOTS('',1,(#6225,#6226),.UNSPECIFIED.,.F.,
  .F.,(2,2),(1.34985899821,6.44985899821),.PIECEWISE_BEZIER_KNOTS.);
#6225 = CARTESIAN_POINT('',(46.967765875567,-14.58858582024));
#6226 = CARTESIAN_POINT('',(46.246516958756,-19.63732823791));
#6227 = ( GEOMETRIC_REPRESENTATION_CONTEXT(2) 
PARAMETRIC_REPRESENTATION_CONTEXT() REPRESENTATION_CONTEXT('2D SPACE',''
  ) );
#6228 = PCURVE('',#2017,#6229);
#6229 = DEFINITIONAL_REPRESENTATION('',(#6230),#6233);
#6230 = B_SPLINE_CURVE_WITH_KNOTS('',1,(#6231,#6232),.UNSPECIFIED.,.F.,
  .F.,(2,2),(1.34985899821,6.44985899821),.PIECEWISE_BEZIER_KNOTS.);
#6231 = CARTESIAN_POINT('',(1.,-5.1));
#6232 = CARTESIAN_POINT('',(1.,0.));
#6233 = ( GEOMETRIC_REPRESENTATION_CONTEXT(2) 
PARAMETRIC_REPRESENTATION_CONTEXT() REPRESENTATION_CONTEXT('2D SPACE',''
  ) );
#6234 = ORIENTED_EDGE('',*,*,#2029,.F.);
#6235 = ORIENTED_EDGE('',*,*,#1758,.F.);
#6236 = ORIENTED_EDGE('',*,*,#6237,.T.);
#6237 = EDGE_CURVE('',#1733,#6052,#6238,.T.);
#6238 = SURFACE_CURVE('',#6239,(#6243,#6249),.PCURVE_S1.);
#6239 = LINE('',#6240,#6241);
#6240 = CARTESIAN_POINT('',(-45.,98.765981254325,56.200614138038));
#6241 = VECTOR('',#6242,1.);
#6242 = DIRECTION('',(-0.,0.96737222338,0.253359391838));
#6243 = PCURVE('',#1771,#6244);
#6244 = DEFINITIONAL_REPRESENTATION('',(#6245),#6248);
#6245 = B_SPLINE_CURVE_WITH_KNOTS('',1,(#6246,#6247),.UNSPECIFIED.,.F.,
  .F.,(2,2),(-170.3232502155,42.624770227114),.PIECEWISE_BEZIER_KNOTS.);
#6246 = CARTESIAN_POINT('',(126.08459666657,-22.60718789819));
#6247 = CARTESIAN_POINT('',(-79.91540333342,31.345193054191));
#6248 = ( GEOMETRIC_REPRESENTATION_CONTEXT(2) 
PARAMETRIC_REPRESENTATION_CONTEXT() REPRESENTATION_CONTEXT('2D SPACE',''
  ) );
#6249 = PCURVE('',#1747,#6250);
#6250 = DEFINITIONAL_REPRESENTATION('',(#6251),#6254);
#6251 = B_SPLINE_CURVE_WITH_KNOTS('',1,(#6252,#6253),.UNSPECIFIED.,.F.,
  .F.,(2,2),(-170.3232502155,42.624770227114),.PIECEWISE_BEZIER_KNOTS.);
#6252 = CARTESIAN_POINT('',(212.94802044262,-45.));
#6253 = CARTESIAN_POINT('',(0.,-45.));
#6254 = ( GEOMETRIC_REPRESENTATION_CONTEXT(2) 
PARAMETRIC_REPRESENTATION_CONTEXT() REPRESENTATION_CONTEXT('2D SPACE',''
  ) );
#6255 = ADVANCED_FACE('',(#6256),#1747,.T.);
#6256 = FACE_BOUND('',#6257,.T.);
#6257 = EDGE_LOOP('',(#6258,#6259,#6260,#6261));
#6258 = ORIENTED_EDGE('',*,*,#6072,.F.);
#6259 = ORIENTED_EDGE('',*,*,#6120,.F.);
#6260 = ORIENTED_EDGE('',*,*,#1732,.F.);
#6261 = ORIENTED_EDGE('',*,*,#6237,.T.);
#6262 = ADVANCED_FACE('',(#6263),#1825,.F.);
#6263 = FACE_BOUND('',#6264,.F.);
#6264 = EDGE_LOOP('',(#6265,#6286,#6287,#6288));
#6265 = ORIENTED_EDGE('',*,*,#6266,.T.);
#6266 = EDGE_CURVE('',#6267,#2103,#6269,.T.);
#6267 = VERTEX_POINT('',#6268);
#6268 = CARTESIAN_POINT('',(-45.,-37.5,20.511904761905));
#6269 = SURFACE_CURVE('',#6270,(#6274,#6280),.PCURVE_S1.);
#6270 = LINE('',#6271,#6272);
#6271 = CARTESIAN_POINT('',(-45.,98.765981254325,56.200614138038));
#6272 = VECTOR('',#6273,1.);
#6273 = DIRECTION('',(-0.,0.96737222338,0.253359391838));
#6274 = PCURVE('',#1825,#6275);
#6275 = DEFINITIONAL_REPRESENTATION('',(#6276),#6279);
#6276 = B_SPLINE_CURVE_WITH_KNOTS('',1,(#6277,#6278),.UNSPECIFIED.,.F.,
  .F.,(2,2),(-170.3232502155,42.624770227114),.PIECEWISE_BEZIER_KNOTS.);
#6277 = CARTESIAN_POINT('',(126.08459666657,-22.60718789819));
#6278 = CARTESIAN_POINT('',(-79.91540333342,31.345193054191));
#6279 = ( GEOMETRIC_REPRESENTATION_CONTEXT(2) 
PARAMETRIC_REPRESENTATION_CONTEXT() REPRESENTATION_CONTEXT('2D SPACE',''
  ) );
#6280 = PCURVE('',#2117,#6281);
#6281 = DEFINITIONAL_REPRESENTATION('',(#6282),#6285);
#6282 = B_SPLINE_CURVE_WITH_KNOTS('',1,(#6283,#6284),.UNSPECIFIED.,.F.,
  .F.,(2,2),(-170.3232502155,42.624770227114),.PIECEWISE_BEZIER_KNOTS.);
#6283 = CARTESIAN_POINT('',(212.94802044262,-45.));
#6284 = CARTESIAN_POINT('',(0.,-45.));
#6285 = ( GEOMETRIC_REPRESENTATION_CONTEXT(2) 
PARAMETRIC_REPRESENTATION_CONTEXT() REPRESENTATION_CONTEXT('2D SPACE',''
  ) );
#6286 = ORIENTED_EDGE('',*,*,#2128,.T.);
#6287 = ORIENTED_EDGE('',*,*,#1809,.F.);
#6288 = ORIENTED_EDGE('',*,*,#6289,.T.);
#6289 = EDGE_CURVE('',#1810,#6267,#6290,.T.);
#6290 = SURFACE_CURVE('',#6291,(#6295,#6301),.PCURVE_S1.);
#6291 = LINE('',#6292,#6293);
#6292 = CARTESIAN_POINT('',(-45.,-37.5,67.827403472904));
#6293 = VECTOR('',#6294,1.);
#6294 = DIRECTION('',(-0.,0.,1.));
#6295 = PCURVE('',#1825,#6296);
#6296 = DEFINITIONAL_REPRESENTATION('',(#6297),#6300);
#6297 = B_SPLINE_CURVE_WITH_KNOTS('',1,(#6298,#6299),.UNSPECIFIED.,.F.,
  .F.,(2,2),(-63.8274034729,11.415035356393),.PIECEWISE_BEZIER_KNOTS.);
#6298 = CARTESIAN_POINT('',(97.584596666577,-31.6548069458));
#6299 = CARTESIAN_POINT('',(97.584596666577,43.587631883489));
#6300 = ( GEOMETRIC_REPRESENTATION_CONTEXT(2) 
PARAMETRIC_REPRESENTATION_CONTEXT() REPRESENTATION_CONTEXT('2D SPACE',''
  ) );
#6301 = PCURVE('',#1852,#6302);
#6302 = DEFINITIONAL_REPRESENTATION('',(#6303),#6306);
#6303 = B_SPLINE_CURVE_WITH_KNOTS('',1,(#6304,#6305),.UNSPECIFIED.,.F.,
  .F.,(2,2),(-63.8274034729,11.415035356393),.PIECEWISE_BEZIER_KNOTS.);
#6304 = CARTESIAN_POINT('',(9.5,-96.));
#6305 = CARTESIAN_POINT('',(9.5,-20.7575611707));
#6306 = ( GEOMETRIC_REPRESENTATION_CONTEXT(2) 
PARAMETRIC_REPRESENTATION_CONTEXT() REPRESENTATION_CONTEXT('2D SPACE',''
  ) );
#6307 = ADVANCED_FACE('',(#6308),#1852,.T.);
#6308 = FACE_BOUND('',#6309,.T.);
#6309 = EDGE_LOOP('',(#6310,#6329,#6330,#6331,#6352,#6371));
#6310 = ORIENTED_EDGE('',*,*,#6311,.F.);
#6311 = EDGE_CURVE('',#1837,#2918,#6312,.T.);
#6312 = SURFACE_CURVE('',#6313,(#6317,#6323),.PCURVE_S1.);
#6313 = LINE('',#6314,#6315);
#6314 = CARTESIAN_POINT('',(-46.,-37.5,67.827403472904));
#6315 = VECTOR('',#6316,1.);
#6316 = DIRECTION('',(-0.,0.,1.));
#6317 = PCURVE('',#1852,#6318);
#6318 = DEFINITIONAL_REPRESENTATION('',(#6319),#6322);
#6319 = B_SPLINE_CURVE_WITH_KNOTS('',1,(#6320,#6321),.UNSPECIFIED.,.F.,
  .F.,(2,2),(-59.91710388774,-47.315498711),.PIECEWISE_BEZIER_KNOTS.);
#6320 = CARTESIAN_POINT('',(8.5,-92.08970041484));
#6321 = CARTESIAN_POINT('',(8.5,-79.48809523809));
#6322 = ( GEOMETRIC_REPRESENTATION_CONTEXT(2) 
PARAMETRIC_REPRESENTATION_CONTEXT() REPRESENTATION_CONTEXT('2D SPACE',''
  ) );
#6323 = PCURVE('',#1879,#6324);
#6324 = DEFINITIONAL_REPRESENTATION('',(#6325),#6328);
#6325 = B_SPLINE_CURVE_WITH_KNOTS('',1,(#6326,#6327),.UNSPECIFIED.,.F.,
  .F.,(2,2),(-59.91710388774,-47.315498711),.PIECEWISE_BEZIER_KNOTS.);
#6326 = CARTESIAN_POINT('',(97.584596666577,-27.74450736065));
#6327 = CARTESIAN_POINT('',(97.584596666577,-15.1429021839));
#6328 = ( GEOMETRIC_REPRESENTATION_CONTEXT(2) 
PARAMETRIC_REPRESENTATION_CONTEXT() REPRESENTATION_CONTEXT('2D SPACE',''
  ) );
#6329 = ORIENTED_EDGE('',*,*,#1836,.F.);
#6330 = ORIENTED_EDGE('',*,*,#6289,.T.);
#6331 = ORIENTED_EDGE('',*,*,#6332,.F.);
#6332 = EDGE_CURVE('',#6333,#6267,#6335,.T.);
#6333 = VERTEX_POINT('',#6334);
#6334 = CARTESIAN_POINT('',(-48.2,-37.5,20.511904761905));
#6335 = SURFACE_CURVE('',#6336,(#6340,#6346),.PCURVE_S1.);
#6336 = LINE('',#6337,#6338);
#6337 = CARTESIAN_POINT('',(-27.25,-37.5,20.511904761905));
#6338 = VECTOR('',#6339,1.);
#6339 = DIRECTION('',(1.,0.,0.));
#6340 = PCURVE('',#1852,#6341);
#6341 = DEFINITIONAL_REPRESENTATION('',(#6342),#6345);
#6342 = B_SPLINE_CURVE_WITH_KNOTS('',1,(#6343,#6344),.UNSPECIFIED.,.F.,
  .F.,(2,2),(-20.95,-2.25),.PIECEWISE_BEZIER_KNOTS.);
#6343 = CARTESIAN_POINT('',(6.3,-79.48809523809));
#6344 = CARTESIAN_POINT('',(25.,-79.48809523809));
#6345 = ( GEOMETRIC_REPRESENTATION_CONTEXT(2) 
PARAMETRIC_REPRESENTATION_CONTEXT() REPRESENTATION_CONTEXT('2D SPACE',''
  ) );
#6346 = PCURVE('',#2117,#6347);
#6347 = DEFINITIONAL_REPRESENTATION('',(#6348),#6351);
#6348 = B_SPLINE_CURVE_WITH_KNOTS('',1,(#6349,#6350),.UNSPECIFIED.,.F.,
  .F.,(2,2),(-20.95,-2.25),.PIECEWISE_BEZIER_KNOTS.);
#6349 = CARTESIAN_POINT('',(183.48676518721,-48.2));
#6350 = CARTESIAN_POINT('',(183.48676518721,-29.5));
#6351 = ( GEOMETRIC_REPRESENTATION_CONTEXT(2) 
PARAMETRIC_REPRESENTATION_CONTEXT() REPRESENTATION_CONTEXT('2D SPACE',''
  ) );
#6352 = ORIENTED_EDGE('',*,*,#6353,.F.);
#6353 = EDGE_CURVE('',#2151,#6333,#6354,.T.);
#6354 = SURFACE_CURVE('',#6355,(#6359,#6365),.PCURVE_S1.);
#6355 = LINE('',#6356,#6357);
#6356 = CARTESIAN_POINT('',(-48.2,-37.5,67.827403472904));
#6357 = VECTOR('',#6358,1.);
#6358 = DIRECTION('',(-0.,0.,1.));
#6359 = PCURVE('',#1852,#6360);
#6360 = DEFINITIONAL_REPRESENTATION('',(#6361),#6364);
#6361 = B_SPLINE_CURVE_WITH_KNOTS('',1,(#6362,#6363),.UNSPECIFIED.,.F.,
  .F.,(2,2),(-66.0274034729,16.781694000279),.PIECEWISE_BEZIER_KNOTS.);
#6362 = CARTESIAN_POINT('',(6.3,-98.2));
#6363 = CARTESIAN_POINT('',(6.3,-15.39090252681));
#6364 = ( GEOMETRIC_REPRESENTATION_CONTEXT(2) 
PARAMETRIC_REPRESENTATION_CONTEXT() REPRESENTATION_CONTEXT('2D SPACE',''
  ) );
#6365 = PCURVE('',#2091,#6366);
#6366 = DEFINITIONAL_REPRESENTATION('',(#6367),#6370);
#6367 = B_SPLINE_CURVE_WITH_KNOTS('',1,(#6368,#6369),.UNSPECIFIED.,.F.,
  .F.,(2,2),(-66.0274034729,16.781694000279),.PIECEWISE_BEZIER_KNOTS.);
#6368 = CARTESIAN_POINT('',(97.584596666577,-33.8548069458));
#6369 = CARTESIAN_POINT('',(97.584596666577,48.954290527375));
#6370 = ( GEOMETRIC_REPRESENTATION_CONTEXT(2) 
PARAMETRIC_REPRESENTATION_CONTEXT() REPRESENTATION_CONTEXT('2D SPACE',''
  ) );
#6371 = ORIENTED_EDGE('',*,*,#2938,.T.);
#6372 = ADVANCED_FACE('',(#6373),#1879,.F.);
#6373 = FACE_BOUND('',#6374,.F.);
#6374 = EDGE_LOOP('',(#6375,#6394,#6395,#6396));
#6375 = ORIENTED_EDGE('',*,*,#6376,.F.);
#6376 = EDGE_CURVE('',#2897,#1864,#6377,.T.);
#6377 = SURFACE_CURVE('',#6378,(#6382,#6388),.PCURVE_S1.);
#6378 = LINE('',#6379,#6380);
#6379 = CARTESIAN_POINT('',(-46.,-34.63093744841,-23.70896782604));
#6380 = VECTOR('',#6381,1.);
#6381 = DIRECTION('',(0.,0.253359391838,-0.96737222338));
#6382 = PCURVE('',#1879,#6383);
#6383 = DEFINITIONAL_REPRESENTATION('',(#6384),#6387);
#6384 = B_SPLINE_CURVE_WITH_KNOTS('',1,(#6385,#6386),.UNSPECIFIED.,.F.,
  .F.,(2,2),(-64.78713669279,-28.65947924427),.PIECEWISE_BEZIER_KNOTS.);
#6385 = CARTESIAN_POINT('',(111.12996366638,3.309501697098));
#6386 = CARTESIAN_POINT('',(101.9766823467,-31.63939061439));
#6387 = ( GEOMETRIC_REPRESENTATION_CONTEXT(2) 
PARAMETRIC_REPRESENTATION_CONTEXT() REPRESENTATION_CONTEXT('2D SPACE',''
  ) );
#6388 = PCURVE('',#1907,#6389);
#6389 = DEFINITIONAL_REPRESENTATION('',(#6390),#6393);
#6390 = B_SPLINE_CURVE_WITH_KNOTS('',1,(#6391,#6392),.UNSPECIFIED.,.F.,
  .F.,(2,2),(-64.78713669279,-28.65947924427),.PIECEWISE_BEZIER_KNOTS.);
#6391 = CARTESIAN_POINT('',(98.216933361126,1.));
#6392 = CARTESIAN_POINT('',(62.089275912603,1.));
#6393 = ( GEOMETRIC_REPRESENTATION_CONTEXT(2) 
PARAMETRIC_REPRESENTATION_CONTEXT() REPRESENTATION_CONTEXT('2D SPACE',''
  ) );
#6394 = ORIENTED_EDGE('',*,*,#2917,.T.);
#6395 = ORIENTED_EDGE('',*,*,#6311,.F.);
#6396 = ORIENTED_EDGE('',*,*,#1863,.F.);
#6397 = ADVANCED_FACE('',(#6398),#1907,.T.);
#6398 = FACE_BOUND('',#6399,.T.);
#6399 = EDGE_LOOP('',(#6400,#6401,#6421,#6422));
#6400 = ORIENTED_EDGE('',*,*,#2896,.T.);
#6401 = ORIENTED_EDGE('',*,*,#6402,.F.);
#6402 = EDGE_CURVE('',#1892,#2875,#6403,.T.);
#6403 = SURFACE_CURVE('',#6404,(#6408,#6414),.PCURVE_S1.);
#6404 = LINE('',#6405,#6406);
#6405 = CARTESIAN_POINT('',(-44.5,-34.99556089663,-22.31676920557));
#6406 = VECTOR('',#6407,1.);
#6407 = DIRECTION('',(0.,-0.253359391838,0.96737222338));
#6408 = PCURVE('',#1907,#6409);
#6409 = DEFINITIONAL_REPRESENTATION('',(#6410),#6413);
#6410 = B_SPLINE_CURVE_WITH_KNOTS('',1,(#6411,#6412),.UNSPECIFIED.,.F.,
  .F.,(2,2),(34.769544571202,40.131048281709),.PIECEWISE_BEZIER_KNOTS.);
#6411 = CARTESIAN_POINT('',(69.638496289493,2.5));
#6412 = CARTESIAN_POINT('',(75.,2.5));
#6413 = ( GEOMETRIC_REPRESENTATION_CONTEXT(2) 
PARAMETRIC_REPRESENTATION_CONTEXT() REPRESENTATION_CONTEXT('2D SPACE',''
  ) );
#6414 = PCURVE('',#1934,#6415);
#6415 = DEFINITIONAL_REPRESENTATION('',(#6416),#6420);
#6416 = LINE('',#6417,#6418);
#6417 = CARTESIAN_POINT('',(4.835880879726,34.542849627534));
#6418 = VECTOR('',#6419,1.);
#6419 = DIRECTION('',(-0.114005909847,-0.993480071526));
#6420 = ( GEOMETRIC_REPRESENTATION_CONTEXT(2) 
PARAMETRIC_REPRESENTATION_CONTEXT() REPRESENTATION_CONTEXT('2D SPACE',''
  ) );
#6421 = ORIENTED_EDGE('',*,*,#1891,.F.);
#6422 = ORIENTED_EDGE('',*,*,#6376,.F.);
#6423 = ADVANCED_FACE('',(#6424),#1934,.F.);
#6424 = FACE_BOUND('',#6425,.F.);
#6425 = EDGE_LOOP('',(#6426,#6456,#6477,#6478,#6479,#6480,#6503,#6531,
    #6559,#6582));
#6426 = ORIENTED_EDGE('',*,*,#6427,.F.);
#6427 = EDGE_CURVE('',#6428,#6430,#6432,.T.);
#6428 = VERTEX_POINT('',#6429);
#6429 = CARTESIAN_POINT('',(-44.5,-44.66793536755,11.195010460205));
#6430 = VERTEX_POINT('',#6431);
#6431 = CARTESIAN_POINT('',(-44.5,-39.71818789924,11.902117241392));
#6432 = SURFACE_CURVE('',#6433,(#6437,#6444),.PCURVE_S1.);
#6433 = LINE('',#6434,#6435);
#6434 = CARTESIAN_POINT('',(-44.5,-44.66793536755,11.195010460205));
#6435 = VECTOR('',#6436,1.);
#6436 = DIRECTION('',(0.,0.989949493661,0.141421356237));
#6437 = PCURVE('',#1934,#6438);
#6438 = DEFINITIONAL_REPRESENTATION('',(#6439),#6443);
#6439 = LINE('',#6440,#6441);
#6440 = CARTESIAN_POINT('',(0.,0.));
#6441 = VECTOR('',#6442,1.);
#6442 = DIRECTION('',(1.,2.22044604925E-16));
#6443 = ( GEOMETRIC_REPRESENTATION_CONTEXT(2) 
PARAMETRIC_REPRESENTATION_CONTEXT() REPRESENTATION_CONTEXT('2D SPACE',''
  ) );
#6444 = PCURVE('',#6445,#6450);
#6445 = PLANE('',#6446);
#6446 = AXIS2_PLACEMENT_3D('',#6447,#6448,#6449);
#6447 = CARTESIAN_POINT('',(-4.55,-16.40487732352,15.23259018078));
#6448 = DIRECTION('',(0.,-0.141421356237,0.989949493661));
#6449 = DIRECTION('',(1.,0.,0.));
#6450 = DEFINITIONAL_REPRESENTATION('',(#6451),#6455);
#6451 = LINE('',#6452,#6453);
#6452 = CARTESIAN_POINT('',(-39.95,-28.55));
#6453 = VECTOR('',#6454,1.);
#6454 = DIRECTION('',(0.,1.));
#6455 = ( GEOMETRIC_REPRESENTATION_CONTEXT(2) 
PARAMETRIC_REPRESENTATION_CONTEXT() REPRESENTATION_CONTEXT('2D SPACE',''
  ) );
#6456 = ORIENTED_EDGE('',*,*,#6457,.T.);
#6457 = EDGE_CURVE('',#6428,#2848,#6458,.T.);
#6458 = SURFACE_CURVE('',#6459,(#6463,#6470),.PCURVE_S1.);
#6459 = LINE('',#6460,#6461);
#6460 = CARTESIAN_POINT('',(-44.5,-44.66793536755,11.195010460205));
#6461 = VECTOR('',#6462,1.);
#6462 = DIRECTION('',(0.,-0.141421356237,0.989949493661));
#6463 = PCURVE('',#1934,#6464);
#6464 = DEFINITIONAL_REPRESENTATION('',(#6465),#6469);
#6465 = LINE('',#6466,#6467);
#6466 = CARTESIAN_POINT('',(0.,0.));
#6467 = VECTOR('',#6468,1.);
#6468 = DIRECTION('',(0.,-1.));
#6469 = ( GEOMETRIC_REPRESENTATION_CONTEXT(2) 
PARAMETRIC_REPRESENTATION_CONTEXT() REPRESENTATION_CONTEXT('2D SPACE',''
  ) );
#6470 = PCURVE('',#2862,#6471);
#6471 = DEFINITIONAL_REPRESENTATION('',(#6472),#6476);
#6472 = LINE('',#6473,#6474);
#6473 = CARTESIAN_POINT('',(0.,0.));
#6474 = VECTOR('',#6475,1.);
#6475 = DIRECTION('',(0.,-1.));
#6476 = ( GEOMETRIC_REPRESENTATION_CONTEXT(2) 
PARAMETRIC_REPRESENTATION_CONTEXT() REPRESENTATION_CONTEXT('2D SPACE',''
  ) );
#6477 = ORIENTED_EDGE('',*,*,#2874,.F.);
#6478 = ORIENTED_EDGE('',*,*,#6402,.F.);
#6479 = ORIENTED_EDGE('',*,*,#1918,.T.);
#6480 = ORIENTED_EDGE('',*,*,#6481,.F.);
#6481 = EDGE_CURVE('',#6482,#1919,#6484,.T.);
#6482 = VERTEX_POINT('',#6483);
#6483 = CARTESIAN_POINT('',(-44.5,11.858180720498,19.270169901356));
#6484 = SURFACE_CURVE('',#6485,(#6489,#6496),.PCURVE_S1.);
#6485 = LINE('',#6486,#6487);
#6486 = CARTESIAN_POINT('',(-44.5,12.353155467329,15.805346673542));
#6487 = VECTOR('',#6488,1.);
#6488 = DIRECTION('',(0.,-0.141421356237,0.989949493661));
#6489 = PCURVE('',#1934,#6490);
#6490 = DEFINITIONAL_REPRESENTATION('',(#6491),#6495);
#6491 = LINE('',#6492,#6493);
#6492 = CARTESIAN_POINT('',(57.1,3.5));
#6493 = VECTOR('',#6494,1.);
#6494 = DIRECTION('',(0.,-1.));
#6495 = ( GEOMETRIC_REPRESENTATION_CONTEXT(2) 
PARAMETRIC_REPRESENTATION_CONTEXT() REPRESENTATION_CONTEXT('2D SPACE',''
  ) );
#6496 = PCURVE('',#1962,#6497);
#6497 = DEFINITIONAL_REPRESENTATION('',(#6498),#6502);
#6498 = LINE('',#6499,#6500);
#6499 = CARTESIAN_POINT('',(0.,0.));
#6500 = VECTOR('',#6501,1.);
#6501 = DIRECTION('',(0.,-1.));
#6502 = ( GEOMETRIC_REPRESENTATION_CONTEXT(2) 
PARAMETRIC_REPRESENTATION_CONTEXT() REPRESENTATION_CONTEXT('2D SPACE',''
  ) );
#6503 = ORIENTED_EDGE('',*,*,#6504,.F.);
#6504 = EDGE_CURVE('',#6505,#6482,#6507,.T.);
#6505 = VERTEX_POINT('',#6506);
#6506 = CARTESIAN_POINT('',(-44.5,6.908433252193,18.563063120169));
#6507 = SURFACE_CURVE('',#6508,(#6512,#6519),.PCURVE_S1.);
#6508 = LINE('',#6509,#6510);
#6509 = CARTESIAN_POINT('',(-44.5,9.383306986345,18.916616510762));
#6510 = VECTOR('',#6511,1.);
#6511 = DIRECTION('',(0.,0.989949493661,0.141421356237));
#6512 = PCURVE('',#1934,#6513);
#6513 = DEFINITIONAL_REPRESENTATION('',(#6514),#6518);
#6514 = LINE('',#6515,#6516);
#6515 = CARTESIAN_POINT('',(54.6,8.881784197001E-16));
#6516 = VECTOR('',#6517,1.);
#6517 = DIRECTION('',(1.,0.));
#6518 = ( GEOMETRIC_REPRESENTATION_CONTEXT(2) 
PARAMETRIC_REPRESENTATION_CONTEXT() REPRESENTATION_CONTEXT('2D SPACE',''
  ) );
#6519 = PCURVE('',#6520,#6525);
#6520 = PLANE('',#6521);
#6521 = AXIS2_PLACEMENT_3D('',#6522,#6523,#6524);
#6522 = CARTESIAN_POINT('',(-42.,9.383306986345,18.916616510762));
#6523 = DIRECTION('',(0.,-0.141421356237,0.989949493661));
#6524 = DIRECTION('',(1.,0.,0.));
#6525 = DEFINITIONAL_REPRESENTATION('',(#6526),#6530);
#6526 = LINE('',#6527,#6528);
#6527 = CARTESIAN_POINT('',(-2.5,0.));
#6528 = VECTOR('',#6529,1.);
#6529 = DIRECTION('',(0.,1.));
#6530 = ( GEOMETRIC_REPRESENTATION_CONTEXT(2) 
PARAMETRIC_REPRESENTATION_CONTEXT() REPRESENTATION_CONTEXT('2D SPACE',''
  ) );
#6531 = ORIENTED_EDGE('',*,*,#6532,.F.);
#6532 = EDGE_CURVE('',#6533,#6505,#6535,.T.);
#6533 = VERTEX_POINT('',#6534);
#6534 = CARTESIAN_POINT('',(-44.5,7.403407999023,15.098239892355));
#6535 = SURFACE_CURVE('',#6536,(#6540,#6547),.PCURVE_S1.);
#6536 = LINE('',#6537,#6538);
#6537 = CARTESIAN_POINT('',(-44.5,7.403407999023,15.098239892355));
#6538 = VECTOR('',#6539,1.);
#6539 = DIRECTION('',(0.,-0.141421356237,0.989949493661));
#6540 = PCURVE('',#1934,#6541);
#6541 = DEFINITIONAL_REPRESENTATION('',(#6542),#6546);
#6542 = LINE('',#6543,#6544);
#6543 = CARTESIAN_POINT('',(52.1,3.5));
#6544 = VECTOR('',#6545,1.);
#6545 = DIRECTION('',(0.,-1.));
#6546 = ( GEOMETRIC_REPRESENTATION_CONTEXT(2) 
PARAMETRIC_REPRESENTATION_CONTEXT() REPRESENTATION_CONTEXT('2D SPACE',''
  ) );
#6547 = PCURVE('',#6548,#6553);
#6548 = PLANE('',#6549);
#6549 = AXIS2_PLACEMENT_3D('',#6550,#6551,#6552);
#6550 = CARTESIAN_POINT('',(-44.5,7.403407999023,15.098239892355));
#6551 = DIRECTION('',(-0.,0.989949493661,0.141421356237));
#6552 = DIRECTION('',(1.,0.,0.));
#6553 = DEFINITIONAL_REPRESENTATION('',(#6554),#6558);
#6554 = LINE('',#6555,#6556);
#6555 = CARTESIAN_POINT('',(0.,0.));
#6556 = VECTOR('',#6557,1.);
#6557 = DIRECTION('',(0.,-1.));
#6558 = ( GEOMETRIC_REPRESENTATION_CONTEXT(2) 
PARAMETRIC_REPRESENTATION_CONTEXT() REPRESENTATION_CONTEXT('2D SPACE',''
  ) );
#6559 = ORIENTED_EDGE('',*,*,#6560,.F.);
#6560 = EDGE_CURVE('',#6561,#6533,#6563,.T.);
#6561 = VERTEX_POINT('',#6562);
#6562 = CARTESIAN_POINT('',(-44.5,-39.22321315241,8.437294013578));
#6563 = SURFACE_CURVE('',#6564,(#6568,#6575),.PCURVE_S1.);
#6564 = LINE('',#6565,#6566);
#6565 = CARTESIAN_POINT('',(-44.5,-15.90990257669,11.767766952966));
#6566 = VECTOR('',#6567,1.);
#6567 = DIRECTION('',(0.,0.989949493661,0.141421356237));
#6568 = PCURVE('',#1934,#6569);
#6569 = DEFINITIONAL_REPRESENTATION('',(#6570),#6574);
#6570 = LINE('',#6571,#6572);
#6571 = CARTESIAN_POINT('',(28.55,3.5));
#6572 = VECTOR('',#6573,1.);
#6573 = DIRECTION('',(1.,0.));
#6574 = ( GEOMETRIC_REPRESENTATION_CONTEXT(2) 
PARAMETRIC_REPRESENTATION_CONTEXT() REPRESENTATION_CONTEXT('2D SPACE',''
  ) );
#6575 = PCURVE('',#5892,#6576);
#6576 = DEFINITIONAL_REPRESENTATION('',(#6577),#6581);
#6577 = LINE('',#6578,#6579);
#6578 = CARTESIAN_POINT('',(159.44224277086,-44.5));
#6579 = VECTOR('',#6580,1.);
#6580 = DIRECTION('',(-1.,0.));
#6581 = ( GEOMETRIC_REPRESENTATION_CONTEXT(2) 
PARAMETRIC_REPRESENTATION_CONTEXT() REPRESENTATION_CONTEXT('2D SPACE',''
  ) );
#6582 = ORIENTED_EDGE('',*,*,#6583,.T.);
#6583 = EDGE_CURVE('',#6561,#6430,#6584,.T.);
#6584 = SURFACE_CURVE('',#6585,(#6589,#6596),.PCURVE_S1.);
#6585 = LINE('',#6586,#6587);
#6586 = CARTESIAN_POINT('',(-44.5,-39.22321315241,8.437294013578));
#6587 = VECTOR('',#6588,1.);
#6588 = DIRECTION('',(0.,-0.141421356237,0.989949493661));
#6589 = PCURVE('',#1934,#6590);
#6590 = DEFINITIONAL_REPRESENTATION('',(#6591),#6595);
#6591 = LINE('',#6592,#6593);
#6592 = CARTESIAN_POINT('',(5.,3.5));
#6593 = VECTOR('',#6594,1.);
#6594 = DIRECTION('',(0.,-1.));
#6595 = ( GEOMETRIC_REPRESENTATION_CONTEXT(2) 
PARAMETRIC_REPRESENTATION_CONTEXT() REPRESENTATION_CONTEXT('2D SPACE',''
  ) );
#6596 = PCURVE('',#6597,#6602);
#6597 = PLANE('',#6598);
#6598 = AXIS2_PLACEMENT_3D('',#6599,#6600,#6601);
#6599 = CARTESIAN_POINT('',(-44.5,-39.22321315241,8.437294013578));
#6600 = DIRECTION('',(-0.,0.989949493661,0.141421356237));
#6601 = DIRECTION('',(1.,0.,0.));
#6602 = DEFINITIONAL_REPRESENTATION('',(#6603),#6607);
#6603 = LINE('',#6604,#6605);
#6604 = CARTESIAN_POINT('',(0.,0.));
#6605 = VECTOR('',#6606,1.);
#6606 = DIRECTION('',(0.,-1.));
#6607 = ( GEOMETRIC_REPRESENTATION_CONTEXT(2) 
PARAMETRIC_REPRESENTATION_CONTEXT() REPRESENTATION_CONTEXT('2D SPACE',''
  ) );
#6608 = ADVANCED_FACE('',(#6609),#1962,.F.);
#6609 = FACE_BOUND('',#6610,.F.);
#6610 = EDGE_LOOP('',(#6611,#6636,#6664,#6685,#6686,#6687));
#6611 = ORIENTED_EDGE('',*,*,#6612,.F.);
#6612 = EDGE_CURVE('',#6613,#6615,#6617,.T.);
#6613 = VERTEX_POINT('',#6614);
#6614 = CARTESIAN_POINT('',(-39.5,12.353155467329,15.805346673542));
#6615 = VERTEX_POINT('',#6616);
#6616 = CARTESIAN_POINT('',(3.,12.353155467329,15.805346673542));
#6617 = SURFACE_CURVE('',#6618,(#6622,#6629),.PCURVE_S1.);
#6618 = LINE('',#6619,#6620);
#6619 = CARTESIAN_POINT('',(-4.55,12.353155467329,15.805346673542));
#6620 = VECTOR('',#6621,1.);
#6621 = DIRECTION('',(1.,0.,0.));
#6622 = PCURVE('',#1962,#6623);
#6623 = DEFINITIONAL_REPRESENTATION('',(#6624),#6628);
#6624 = LINE('',#6625,#6626);
#6625 = CARTESIAN_POINT('',(39.95,0.));
#6626 = VECTOR('',#6627,1.);
#6627 = DIRECTION('',(1.,0.));
#6628 = ( GEOMETRIC_REPRESENTATION_CONTEXT(2) 
PARAMETRIC_REPRESENTATION_CONTEXT() REPRESENTATION_CONTEXT('2D SPACE',''
  ) );
#6629 = PCURVE('',#5892,#6630);
#6630 = DEFINITIONAL_REPRESENTATION('',(#6631),#6635);
#6631 = LINE('',#6632,#6633);
#6632 = CARTESIAN_POINT('',(130.89224277086,-4.55));
#6633 = VECTOR('',#6634,1.);
#6634 = DIRECTION('',(0.,1.));
#6635 = ( GEOMETRIC_REPRESENTATION_CONTEXT(2) 
PARAMETRIC_REPRESENTATION_CONTEXT() REPRESENTATION_CONTEXT('2D SPACE',''
  ) );
#6636 = ORIENTED_EDGE('',*,*,#6637,.T.);
#6637 = EDGE_CURVE('',#6613,#6638,#6640,.T.);
#6638 = VERTEX_POINT('',#6639);
#6639 = CARTESIAN_POINT('',(-39.5,11.858180720498,19.270169901356));
#6640 = SURFACE_CURVE('',#6641,(#6645,#6652),.PCURVE_S1.);
#6641 = LINE('',#6642,#6643);
#6642 = CARTESIAN_POINT('',(-39.5,12.353155467329,15.805346673542));
#6643 = VECTOR('',#6644,1.);
#6644 = DIRECTION('',(0.,-0.141421356237,0.989949493661));
#6645 = PCURVE('',#1962,#6646);
#6646 = DEFINITIONAL_REPRESENTATION('',(#6647),#6651);
#6647 = LINE('',#6648,#6649);
#6648 = CARTESIAN_POINT('',(5.,0.));
#6649 = VECTOR('',#6650,1.);
#6650 = DIRECTION('',(0.,-1.));
#6651 = ( GEOMETRIC_REPRESENTATION_CONTEXT(2) 
PARAMETRIC_REPRESENTATION_CONTEXT() REPRESENTATION_CONTEXT('2D SPACE',''
  ) );
#6652 = PCURVE('',#6653,#6658);
#6653 = PLANE('',#6654);
#6654 = AXIS2_PLACEMENT_3D('',#6655,#6656,#6657);
#6655 = CARTESIAN_POINT('',(-39.5,7.403407999023,15.098239892355));
#6656 = DIRECTION('',(-1.,0.,0.));
#6657 = DIRECTION('',(0.,0.989949493661,0.141421356237));
#6658 = DEFINITIONAL_REPRESENTATION('',(#6659),#6663);
#6659 = LINE('',#6660,#6661);
#6660 = CARTESIAN_POINT('',(5.,1.665334536938E-15));
#6661 = VECTOR('',#6662,1.);
#6662 = DIRECTION('',(0.,-1.));
#6663 = ( GEOMETRIC_REPRESENTATION_CONTEXT(2) 
PARAMETRIC_REPRESENTATION_CONTEXT() REPRESENTATION_CONTEXT('2D SPACE',''
  ) );
#6664 = ORIENTED_EDGE('',*,*,#6665,.F.);
#6665 = EDGE_CURVE('',#6482,#6638,#6666,.T.);
#6666 = SURFACE_CURVE('',#6667,(#6671,#6678),.PCURVE_S1.);
#6667 = LINE('',#6668,#6669);
#6668 = CARTESIAN_POINT('',(-42.,11.858180720498,19.270169901356));
#6669 = VECTOR('',#6670,1.);
#6670 = DIRECTION('',(1.,0.,0.));
#6671 = PCURVE('',#1962,#6672);
#6672 = DEFINITIONAL_REPRESENTATION('',(#6673),#6677);
#6673 = LINE('',#6674,#6675);
#6674 = CARTESIAN_POINT('',(2.5,-3.5));
#6675 = VECTOR('',#6676,1.);
#6676 = DIRECTION('',(1.,0.));
#6677 = ( GEOMETRIC_REPRESENTATION_CONTEXT(2) 
PARAMETRIC_REPRESENTATION_CONTEXT() REPRESENTATION_CONTEXT('2D SPACE',''
  ) );
#6678 = PCURVE('',#6520,#6679);
#6679 = DEFINITIONAL_REPRESENTATION('',(#6680),#6684);
#6680 = LINE('',#6681,#6682);
#6681 = CARTESIAN_POINT('',(0.,2.5));
#6682 = VECTOR('',#6683,1.);
#6683 = DIRECTION('',(1.,0.));
#6684 = ( GEOMETRIC_REPRESENTATION_CONTEXT(2) 
PARAMETRIC_REPRESENTATION_CONTEXT() REPRESENTATION_CONTEXT('2D SPACE',''
  ) );
#6685 = ORIENTED_EDGE('',*,*,#6481,.T.);
#6686 = ORIENTED_EDGE('',*,*,#1946,.T.);
#6687 = ORIENTED_EDGE('',*,*,#6688,.F.);
#6688 = EDGE_CURVE('',#6615,#1947,#6689,.T.);
#6689 = SURFACE_CURVE('',#6690,(#6694,#6701),.PCURVE_S1.);
#6690 = LINE('',#6691,#6692);
#6691 = CARTESIAN_POINT('',(3.,12.353155467329,15.805346673542));
#6692 = VECTOR('',#6693,1.);
#6693 = DIRECTION('',(0.,-0.141421356237,0.989949493661));
#6694 = PCURVE('',#1962,#6695);
#6695 = DEFINITIONAL_REPRESENTATION('',(#6696),#6700);
#6696 = LINE('',#6697,#6698);
#6697 = CARTESIAN_POINT('',(47.5,0.));
#6698 = VECTOR('',#6699,1.);
#6699 = DIRECTION('',(0.,-1.));
#6700 = ( GEOMETRIC_REPRESENTATION_CONTEXT(2) 
PARAMETRIC_REPRESENTATION_CONTEXT() REPRESENTATION_CONTEXT('2D SPACE',''
  ) );
#6701 = PCURVE('',#1990,#6702);
#6702 = DEFINITIONAL_REPRESENTATION('',(#6703),#6707);
#6703 = LINE('',#6704,#6705);
#6704 = CARTESIAN_POINT('',(20.05,-2.));
#6705 = VECTOR('',#6706,1.);
#6706 = DIRECTION('',(1.110223024625E-16,-1.));
#6707 = ( GEOMETRIC_REPRESENTATION_CONTEXT(2) 
PARAMETRIC_REPRESENTATION_CONTEXT() REPRESENTATION_CONTEXT('2D SPACE',''
  ) );
#6708 = ADVANCED_FACE('',(#6709),#1990,.F.);
#6709 = FACE_BOUND('',#6710,.F.);
#6710 = EDGE_LOOP('',(#6711,#6732,#6752,#6753));
#6711 = ORIENTED_EDGE('',*,*,#6712,.F.);
#6712 = EDGE_CURVE('',#6713,#1975,#6715,.T.);
#6713 = VERTEX_POINT('',#6714);
#6714 = CARTESIAN_POINT('',(3.,13.838079707821,16.017478707898));
#6715 = SURFACE_CURVE('',#6716,(#6720,#6726),.PCURVE_S1.);
#6716 = LINE('',#6717,#6718);
#6717 = CARTESIAN_POINT('',(3.,13.979501064058,15.027529214236));
#6718 = VECTOR('',#6719,1.);
#6719 = DIRECTION('',(0.,-0.141421356237,0.989949493661));
#6720 = PCURVE('',#1990,#6721);
#6721 = DEFINITIONAL_REPRESENTATION('',(#6722),#6725);
#6722 = B_SPLINE_CURVE_WITH_KNOTS('',1,(#6723,#6724),.UNSPECIFIED.,.F.,
  .F.,(2,2),(1.,6.1),.PIECEWISE_BEZIER_KNOTS.);
#6723 = CARTESIAN_POINT('',(21.55,-2.));
#6724 = CARTESIAN_POINT('',(21.55,-7.1));
#6725 = ( GEOMETRIC_REPRESENTATION_CONTEXT(2) 
PARAMETRIC_REPRESENTATION_CONTEXT() REPRESENTATION_CONTEXT('2D SPACE',''
  ) );
#6726 = PCURVE('',#2017,#6727);
#6727 = DEFINITIONAL_REPRESENTATION('',(#6728),#6731);
#6728 = B_SPLINE_CURVE_WITH_KNOTS('',1,(#6729,#6730),.UNSPECIFIED.,.F.,
  .F.,(2,2),(1.,6.1),.PIECEWISE_BEZIER_KNOTS.);
#6729 = CARTESIAN_POINT('',(49.,0.));
#6730 = CARTESIAN_POINT('',(49.,-5.1));
#6731 = ( GEOMETRIC_REPRESENTATION_CONTEXT(2) 
PARAMETRIC_REPRESENTATION_CONTEXT() REPRESENTATION_CONTEXT('2D SPACE',''
  ) );
#6732 = ORIENTED_EDGE('',*,*,#6733,.T.);
#6733 = EDGE_CURVE('',#6713,#6615,#6734,.T.);
#6734 = SURFACE_CURVE('',#6735,(#6739,#6745),.PCURVE_S1.);
#6735 = LINE('',#6736,#6737);
#6736 = CARTESIAN_POINT('',(3.,-11.70261722863,12.368807716975));
#6737 = VECTOR('',#6738,1.);
#6738 = DIRECTION('',(-0.,-0.989949493661,-0.141421356237));
#6739 = PCURVE('',#1990,#6740);
#6740 = DEFINITIONAL_REPRESENTATION('',(#6741),#6744);
#6741 = B_SPLINE_CURVE_WITH_KNOTS('',1,(#6742,#6743),.UNSPECIFIED.,.F.,
  .F.,(2,2),(-25.8,-4.25),.PIECEWISE_BEZIER_KNOTS.);
#6742 = CARTESIAN_POINT('',(21.55,-2.));
#6743 = CARTESIAN_POINT('',(0.,-2.));
#6744 = ( GEOMETRIC_REPRESENTATION_CONTEXT(2) 
PARAMETRIC_REPRESENTATION_CONTEXT() REPRESENTATION_CONTEXT('2D SPACE',''
  ) );
#6745 = PCURVE('',#5892,#6746);
#6746 = DEFINITIONAL_REPRESENTATION('',(#6747),#6751);
#6747 = LINE('',#6748,#6749);
#6748 = CARTESIAN_POINT('',(155.19224277086,3.));
#6749 = VECTOR('',#6750,1.);
#6750 = DIRECTION('',(1.,-0.));
#6751 = ( GEOMETRIC_REPRESENTATION_CONTEXT(2) 
PARAMETRIC_REPRESENTATION_CONTEXT() REPRESENTATION_CONTEXT('2D SPACE',''
  ) );
#6752 = ORIENTED_EDGE('',*,*,#6688,.T.);
#6753 = ORIENTED_EDGE('',*,*,#1974,.F.);
#6754 = ADVANCED_FACE('',(#6755),#2017,.T.);
#6755 = FACE_BOUND('',#6756,.T.);
#6756 = EDGE_LOOP('',(#6757,#6778,#6779,#6780));
#6757 = ORIENTED_EDGE('',*,*,#6758,.F.);
#6758 = EDGE_CURVE('',#6194,#6713,#6759,.T.);
#6759 = SURFACE_CURVE('',#6760,(#6764,#6771),.PCURVE_S1.);
#6760 = LINE('',#6761,#6762);
#6761 = CARTESIAN_POINT('',(-4.55,13.838079707821,16.017478707898));
#6762 = VECTOR('',#6763,1.);
#6763 = DIRECTION('',(1.,0.,0.));
#6764 = PCURVE('',#2017,#6765);
#6765 = DEFINITIONAL_REPRESENTATION('',(#6766),#6770);
#6766 = LINE('',#6767,#6768);
#6767 = CARTESIAN_POINT('',(41.45,0.));
#6768 = VECTOR('',#6769,1.);
#6769 = DIRECTION('',(1.,0.));
#6770 = ( GEOMETRIC_REPRESENTATION_CONTEXT(2) 
PARAMETRIC_REPRESENTATION_CONTEXT() REPRESENTATION_CONTEXT('2D SPACE',''
  ) );
#6771 = PCURVE('',#5892,#6772);
#6772 = DEFINITIONAL_REPRESENTATION('',(#6773),#6777);
#6773 = LINE('',#6774,#6775);
#6774 = CARTESIAN_POINT('',(129.39224277086,-4.55));
#6775 = VECTOR('',#6776,1.);
#6776 = DIRECTION('',(0.,1.));
#6777 = ( GEOMETRIC_REPRESENTATION_CONTEXT(2) 
PARAMETRIC_REPRESENTATION_CONTEXT() REPRESENTATION_CONTEXT('2D SPACE',''
  ) );
#6778 = ORIENTED_EDGE('',*,*,#6216,.F.);
#6779 = ORIENTED_EDGE('',*,*,#2001,.T.);
#6780 = ORIENTED_EDGE('',*,*,#6712,.F.);
#6781 = ADVANCED_FACE('',(#6782),#2117,.T.);
#6782 = FACE_BOUND('',#6783,.T.);
#6783 = EDGE_LOOP('',(#6784,#6785,#6804,#6805));
#6784 = ORIENTED_EDGE('',*,*,#2102,.T.);
#6785 = ORIENTED_EDGE('',*,*,#6786,.F.);
#6786 = EDGE_CURVE('',#6333,#2077,#6787,.T.);
#6787 = SURFACE_CURVE('',#6788,(#6792,#6798),.PCURVE_S1.);
#6788 = LINE('',#6789,#6790);
#6789 = CARTESIAN_POINT('',(-48.2,98.765981254325,56.200614138038));
#6790 = VECTOR('',#6791,1.);
#6791 = DIRECTION('',(-0.,0.96737222338,0.253359391838));
#6792 = PCURVE('',#2117,#6793);
#6793 = DEFINITIONAL_REPRESENTATION('',(#6794),#6797);
#6794 = B_SPLINE_CURVE_WITH_KNOTS('',1,(#6795,#6796),.UNSPECIFIED.,.F.,
  .F.,(2,2),(-170.3232502155,42.624770227114),.PIECEWISE_BEZIER_KNOTS.);
#6795 = CARTESIAN_POINT('',(212.94802044262,-48.2));
#6796 = CARTESIAN_POINT('',(0.,-48.2));
#6797 = ( GEOMETRIC_REPRESENTATION_CONTEXT(2) 
PARAMETRIC_REPRESENTATION_CONTEXT() REPRESENTATION_CONTEXT('2D SPACE',''
  ) );
#6798 = PCURVE('',#2091,#6799);
#6799 = DEFINITIONAL_REPRESENTATION('',(#6800),#6803);
#6800 = B_SPLINE_CURVE_WITH_KNOTS('',1,(#6801,#6802),.UNSPECIFIED.,.F.,
  .F.,(2,2),(-170.3232502155,42.624770227114),.PIECEWISE_BEZIER_KNOTS.);
#6801 = CARTESIAN_POINT('',(126.08459666657,-22.60718789819));
#6802 = CARTESIAN_POINT('',(-79.91540333342,31.345193054191));
#6803 = ( GEOMETRIC_REPRESENTATION_CONTEXT(2) 
PARAMETRIC_REPRESENTATION_CONTEXT() REPRESENTATION_CONTEXT('2D SPACE',''
  ) );
#6804 = ORIENTED_EDGE('',*,*,#6332,.T.);
#6805 = ORIENTED_EDGE('',*,*,#6266,.T.);
#6806 = ADVANCED_FACE('',(#6807),#2091,.T.);
#6807 = FACE_BOUND('',#6808,.T.);
#6808 = EDGE_LOOP('',(#6809,#6810,#6811,#6812));
#6809 = ORIENTED_EDGE('',*,*,#2076,.T.);
#6810 = ORIENTED_EDGE('',*,*,#2150,.T.);
#6811 = ORIENTED_EDGE('',*,*,#6353,.T.);
#6812 = ORIENTED_EDGE('',*,*,#6786,.T.);
#6813 = ADVANCED_FACE('',(#6814),#2862,.T.);
#6814 = FACE_BOUND('',#6815,.T.);
#6815 = EDGE_LOOP('',(#6816,#6839,#6840,#6841,#6869,#6897,#6925,#6953,
    #6981,#7004));
#6816 = ORIENTED_EDGE('',*,*,#6817,.F.);
#6817 = EDGE_CURVE('',#6428,#6818,#6820,.T.);
#6818 = VERTEX_POINT('',#6819);
#6819 = CARTESIAN_POINT('',(-39.18713447229,-44.66793536755,
    11.195010460205));
#6820 = SURFACE_CURVE('',#6821,(#6825,#6832),.PCURVE_S1.);
#6821 = LINE('',#6822,#6823);
#6822 = CARTESIAN_POINT('',(-4.55,-44.66793536755,11.195010460205));
#6823 = VECTOR('',#6824,1.);
#6824 = DIRECTION('',(1.,0.,0.));
#6825 = PCURVE('',#2862,#6826);
#6826 = DEFINITIONAL_REPRESENTATION('',(#6827),#6831);
#6827 = LINE('',#6828,#6829);
#6828 = CARTESIAN_POINT('',(39.95,0.));
#6829 = VECTOR('',#6830,1.);
#6830 = DIRECTION('',(1.,0.));
#6831 = ( GEOMETRIC_REPRESENTATION_CONTEXT(2) 
PARAMETRIC_REPRESENTATION_CONTEXT() REPRESENTATION_CONTEXT('2D SPACE',''
  ) );
#6832 = PCURVE('',#6445,#6833);
#6833 = DEFINITIONAL_REPRESENTATION('',(#6834),#6838);
#6834 = LINE('',#6835,#6836);
#6835 = CARTESIAN_POINT('',(0.,-28.55));
#6836 = VECTOR('',#6837,1.);
#6837 = DIRECTION('',(1.,0.));
#6838 = ( GEOMETRIC_REPRESENTATION_CONTEXT(2) 
PARAMETRIC_REPRESENTATION_CONTEXT() REPRESENTATION_CONTEXT('2D SPACE',''
  ) );
#6839 = ORIENTED_EDGE('',*,*,#6457,.T.);
#6840 = ORIENTED_EDGE('',*,*,#2847,.F.);
#6841 = ORIENTED_EDGE('',*,*,#6842,.T.);
#6842 = EDGE_CURVE('',#2819,#6843,#6845,.T.);
#6843 = VERTEX_POINT('',#6844);
#6844 = CARTESIAN_POINT('',(-39.47594105208,-44.89420953753,
    12.778929650063));
#6845 = SURFACE_CURVE('',#6846,(#6851,#6858),.PCURVE_S1.);
#6846 = ELLIPSE('',#6847,43.857375522882,5.);
#6847 = AXIS2_PLACEMENT_3D('',#6848,#6849,#6850);
#6848 = CARTESIAN_POINT('',(-42.,-39.54014159595,-24.69954594098));
#6849 = DIRECTION('',(-0.,0.989949493661,0.141421356237));
#6850 = DIRECTION('',(0.,-0.141421356237,0.989949493661));
#6851 = PCURVE('',#2862,#6852);
#6852 = DEFINITIONAL_REPRESENTATION('',(#6853),#6857);
#6853 = ELLIPSE('',#6854,43.857375522882,5.);
#6854 = AXIS2_PLACEMENT_2D('',#6855,#6856);
#6855 = CARTESIAN_POINT('',(2.5,36.258977484232));
#6856 = DIRECTION('',(0.,-1.));
#6857 = ( GEOMETRIC_REPRESENTATION_CONTEXT(2) 
PARAMETRIC_REPRESENTATION_CONTEXT() REPRESENTATION_CONTEXT('2D SPACE',''
  ) );
#6858 = PCURVE('',#2835,#6859);
#6859 = DEFINITIONAL_REPRESENTATION('',(#6860),#6868);
#6860 = B_SPLINE_CURVE_WITH_KNOTS('',6,(#6861,#6862,#6863,#6864,#6865,
    #6866,#6867),.UNSPECIFIED.,.F.,.F.,(7,7),(0.325418581218,
    0.656197717328),.PIECEWISE_BEZIER_KNOTS.);
#6861 = CARTESIAN_POINT('',(7.528563052757,75.0000006));
#6862 = CARTESIAN_POINT('',(7.473433196738,74.232040483879));
#6863 = CARTESIAN_POINT('',(7.41830334072,73.313508534608));
#6864 = CARTESIAN_POINT('',(7.363173484701,72.248605991937));
#6865 = CARTESIAN_POINT('',(7.308043628683,71.042907320476));
#6866 = CARTESIAN_POINT('',(7.252913772665,69.703282339532));
#6867 = CARTESIAN_POINT('',(7.197783916646,68.237748528577));
#6868 = ( GEOMETRIC_REPRESENTATION_CONTEXT(2) 
PARAMETRIC_REPRESENTATION_CONTEXT() REPRESENTATION_CONTEXT('2D SPACE',''
  ) );
#6869 = ORIENTED_EDGE('',*,*,#6870,.T.);
#6870 = EDGE_CURVE('',#6843,#6871,#6873,.T.);
#6871 = VERTEX_POINT('',#6872);
#6872 = CARTESIAN_POINT('',(35.4,-44.89420953753,12.778929650063));
#6873 = SURFACE_CURVE('',#6874,(#6878,#6885),.PCURVE_S1.);
#6874 = LINE('',#6875,#6876);
#6875 = CARTESIAN_POINT('',(-4.55,-44.89420953753,12.778929650063));
#6876 = VECTOR('',#6877,1.);
#6877 = DIRECTION('',(1.,0.,0.));
#6878 = PCURVE('',#2862,#6879);
#6879 = DEFINITIONAL_REPRESENTATION('',(#6880),#6884);
#6880 = LINE('',#6881,#6882);
#6881 = CARTESIAN_POINT('',(39.95,-1.6));
#6882 = VECTOR('',#6883,1.);
#6883 = DIRECTION('',(1.,0.));
#6884 = ( GEOMETRIC_REPRESENTATION_CONTEXT(2) 
PARAMETRIC_REPRESENTATION_CONTEXT() REPRESENTATION_CONTEXT('2D SPACE',''
  ) );
#6885 = PCURVE('',#6886,#6891);
#6886 = PLANE('',#6887);
#6887 = AXIS2_PLACEMENT_3D('',#6888,#6889,#6890);
#6888 = CARTESIAN_POINT('',(-4.55,-16.6311514935,16.816509370638));
#6889 = DIRECTION('',(0.,-0.141421356237,0.989949493661));
#6890 = DIRECTION('',(1.,0.,0.));
#6891 = DEFINITIONAL_REPRESENTATION('',(#6892),#6896);
#6892 = LINE('',#6893,#6894);
#6893 = CARTESIAN_POINT('',(0.,-28.55));
#6894 = VECTOR('',#6895,1.);
#6895 = DIRECTION('',(1.,0.));
#6896 = ( GEOMETRIC_REPRESENTATION_CONTEXT(2) 
PARAMETRIC_REPRESENTATION_CONTEXT() REPRESENTATION_CONTEXT('2D SPACE',''
  ) );
#6897 = ORIENTED_EDGE('',*,*,#6898,.F.);
#6898 = EDGE_CURVE('',#6899,#6871,#6901,.T.);
#6899 = VERTEX_POINT('',#6900);
#6900 = CARTESIAN_POINT('',(35.4,-44.66793536755,11.195010460205));
#6901 = SURFACE_CURVE('',#6902,(#6906,#6913),.PCURVE_S1.);
#6902 = LINE('',#6903,#6904);
#6903 = CARTESIAN_POINT('',(35.4,-44.17296062072,7.730187232391));
#6904 = VECTOR('',#6905,1.);
#6905 = DIRECTION('',(0.,-0.141421356237,0.989949493661));
#6906 = PCURVE('',#2862,#6907);
#6907 = DEFINITIONAL_REPRESENTATION('',(#6908),#6912);
#6908 = LINE('',#6909,#6910);
#6909 = CARTESIAN_POINT('',(79.9,3.5));
#6910 = VECTOR('',#6911,1.);
#6911 = DIRECTION('',(0.,-1.));
#6912 = ( GEOMETRIC_REPRESENTATION_CONTEXT(2) 
PARAMETRIC_REPRESENTATION_CONTEXT() REPRESENTATION_CONTEXT('2D SPACE',''
  ) );
#6913 = PCURVE('',#6914,#6919);
#6914 = PLANE('',#6915);
#6915 = AXIS2_PLACEMENT_3D('',#6916,#6917,#6918);
#6916 = CARTESIAN_POINT('',(35.4,-44.17296062072,7.730187232391));
#6917 = DIRECTION('',(-1.,0.,0.));
#6918 = DIRECTION('',(0.,0.989949493661,0.141421356237));
#6919 = DEFINITIONAL_REPRESENTATION('',(#6920),#6924);
#6920 = LINE('',#6921,#6922);
#6921 = CARTESIAN_POINT('',(0.,0.));
#6922 = VECTOR('',#6923,1.);
#6923 = DIRECTION('',(0.,-1.));
#6924 = ( GEOMETRIC_REPRESENTATION_CONTEXT(2) 
PARAMETRIC_REPRESENTATION_CONTEXT() REPRESENTATION_CONTEXT('2D SPACE',''
  ) );
#6925 = ORIENTED_EDGE('',*,*,#6926,.F.);
#6926 = EDGE_CURVE('',#6927,#6899,#6929,.T.);
#6927 = VERTEX_POINT('',#6928);
#6928 = CARTESIAN_POINT('',(30.4,-44.66793536755,11.195010460205));
#6929 = SURFACE_CURVE('',#6930,(#6934,#6941),.PCURVE_S1.);
#6930 = LINE('',#6931,#6932);
#6931 = CARTESIAN_POINT('',(32.9,-44.66793536755,11.195010460205));
#6932 = VECTOR('',#6933,1.);
#6933 = DIRECTION('',(1.,0.,0.));
#6934 = PCURVE('',#2862,#6935);
#6935 = DEFINITIONAL_REPRESENTATION('',(#6936),#6940);
#6936 = LINE('',#6937,#6938);
#6937 = CARTESIAN_POINT('',(77.4,0.));
#6938 = VECTOR('',#6939,1.);
#6939 = DIRECTION('',(1.,0.));
#6940 = ( GEOMETRIC_REPRESENTATION_CONTEXT(2) 
PARAMETRIC_REPRESENTATION_CONTEXT() REPRESENTATION_CONTEXT('2D SPACE',''
  ) );
#6941 = PCURVE('',#6942,#6947);
#6942 = PLANE('',#6943);
#6943 = AXIS2_PLACEMENT_3D('',#6944,#6945,#6946);
#6944 = CARTESIAN_POINT('',(32.9,-42.1930616334,11.548563850799));
#6945 = DIRECTION('',(0.,-0.141421356237,0.989949493661));
#6946 = DIRECTION('',(1.,0.,0.));
#6947 = DEFINITIONAL_REPRESENTATION('',(#6948),#6952);
#6948 = LINE('',#6949,#6950);
#6949 = CARTESIAN_POINT('',(0.,-2.5));
#6950 = VECTOR('',#6951,1.);
#6951 = DIRECTION('',(1.,0.));
#6952 = ( GEOMETRIC_REPRESENTATION_CONTEXT(2) 
PARAMETRIC_REPRESENTATION_CONTEXT() REPRESENTATION_CONTEXT('2D SPACE',''
  ) );
#6953 = ORIENTED_EDGE('',*,*,#6954,.F.);
#6954 = EDGE_CURVE('',#6955,#6927,#6957,.T.);
#6955 = VERTEX_POINT('',#6956);
#6956 = CARTESIAN_POINT('',(30.4,-44.17296062072,7.730187232391));
#6957 = SURFACE_CURVE('',#6958,(#6962,#6969),.PCURVE_S1.);
#6958 = LINE('',#6959,#6960);
#6959 = CARTESIAN_POINT('',(30.4,-44.17296062072,7.730187232391));
#6960 = VECTOR('',#6961,1.);
#6961 = DIRECTION('',(0.,-0.141421356237,0.989949493661));
#6962 = PCURVE('',#2862,#6963);
#6963 = DEFINITIONAL_REPRESENTATION('',(#6964),#6968);
#6964 = LINE('',#6965,#6966);
#6965 = CARTESIAN_POINT('',(74.9,3.5));
#6966 = VECTOR('',#6967,1.);
#6967 = DIRECTION('',(0.,-1.));
#6968 = ( GEOMETRIC_REPRESENTATION_CONTEXT(2) 
PARAMETRIC_REPRESENTATION_CONTEXT() REPRESENTATION_CONTEXT('2D SPACE',''
  ) );
#6969 = PCURVE('',#6970,#6975);
#6970 = PLANE('',#6971);
#6971 = AXIS2_PLACEMENT_3D('',#6972,#6973,#6974);
#6972 = CARTESIAN_POINT('',(30.4,-44.17296062072,7.730187232391));
#6973 = DIRECTION('',(-1.,0.,0.));
#6974 = DIRECTION('',(0.,0.989949493661,0.141421356237));
#6975 = DEFINITIONAL_REPRESENTATION('',(#6976),#6980);
#6976 = LINE('',#6977,#6978);
#6977 = CARTESIAN_POINT('',(0.,0.));
#6978 = VECTOR('',#6979,1.);
#6979 = DIRECTION('',(0.,-1.));
#6980 = ( GEOMETRIC_REPRESENTATION_CONTEXT(2) 
PARAMETRIC_REPRESENTATION_CONTEXT() REPRESENTATION_CONTEXT('2D SPACE',''
  ) );
#6981 = ORIENTED_EDGE('',*,*,#6982,.F.);
#6982 = EDGE_CURVE('',#6983,#6955,#6985,.T.);
#6983 = VERTEX_POINT('',#6984);
#6984 = CARTESIAN_POINT('',(-38.67556190044,-44.17296062072,
    7.730187232391));
#6985 = SURFACE_CURVE('',#6986,(#6990,#6997),.PCURVE_S1.);
#6986 = LINE('',#6987,#6988);
#6987 = CARTESIAN_POINT('',(-4.55,-44.17296062072,7.730187232391));
#6988 = VECTOR('',#6989,1.);
#6989 = DIRECTION('',(1.,0.,0.));
#6990 = PCURVE('',#2862,#6991);
#6991 = DEFINITIONAL_REPRESENTATION('',(#6992),#6996);
#6992 = LINE('',#6993,#6994);
#6993 = CARTESIAN_POINT('',(39.95,3.5));
#6994 = VECTOR('',#6995,1.);
#6995 = DIRECTION('',(1.,0.));
#6996 = ( GEOMETRIC_REPRESENTATION_CONTEXT(2) 
PARAMETRIC_REPRESENTATION_CONTEXT() REPRESENTATION_CONTEXT('2D SPACE',''
  ) );
#6997 = PCURVE('',#5892,#6998);
#6998 = DEFINITIONAL_REPRESENTATION('',(#6999),#7003);
#6999 = LINE('',#7000,#7001);
#7000 = CARTESIAN_POINT('',(187.99224277086,-4.55));
#7001 = VECTOR('',#7002,1.);
#7002 = DIRECTION('',(0.,1.));
#7003 = ( GEOMETRIC_REPRESENTATION_CONTEXT(2) 
PARAMETRIC_REPRESENTATION_CONTEXT() REPRESENTATION_CONTEXT('2D SPACE',''
  ) );
#7004 = ORIENTED_EDGE('',*,*,#7005,.F.);
#7005 = EDGE_CURVE('',#6818,#6983,#7006,.T.);
#7006 = SURFACE_CURVE('',#7007,(#7012,#7019),.PCURVE_S1.);
#7007 = ELLIPSE('',#7008,43.857375522882,5.);
#7008 = AXIS2_PLACEMENT_3D('',#7009,#7010,#7011);
#7009 = CARTESIAN_POINT('',(-42.,-39.54014159595,-24.69954594098));
#7010 = DIRECTION('',(-0.,0.989949493661,0.141421356237));
#7011 = DIRECTION('',(0.,-0.141421356237,0.989949493661));
#7012 = PCURVE('',#2862,#7013);
#7013 = DEFINITIONAL_REPRESENTATION('',(#7014),#7018);
#7014 = ELLIPSE('',#7015,43.857375522882,5.);
#7015 = AXIS2_PLACEMENT_2D('',#7016,#7017);
#7016 = CARTESIAN_POINT('',(2.5,36.258977484232));
#7017 = DIRECTION('',(0.,-1.));
#7018 = ( GEOMETRIC_REPRESENTATION_CONTEXT(2) 
PARAMETRIC_REPRESENTATION_CONTEXT() REPRESENTATION_CONTEXT('2D SPACE',''
  ) );
#7019 = PCURVE('',#7020,#7025);
#7020 = CYLINDRICAL_SURFACE('',#7021,5.);
#7021 = AXIS2_PLACEMENT_3D('',#7022,#7023,#7024);
#7022 = CARTESIAN_POINT('',(-42.,-30.99804561217,-57.31482151542));
#7023 = DIRECTION('',(0.,-0.253359391838,0.96737222338));
#7024 = DIRECTION('',(1.,0.,0.));
#7025 = DEFINITIONAL_REPRESENTATION('',(#7026),#7033);
#7026 = B_SPLINE_CURVE_WITH_KNOTS('',5,(#7027,#7028,#7029,#7030,#7031,
    #7032),.UNSPECIFIED.,.F.,.F.,(6,6),(0.505653668896,0.732341366333),
  .PIECEWISE_BEZIER_KNOTS.);
#7027 = CARTESIAN_POINT('',(7.348327965079,71.834146387503));
#7028 = CARTESIAN_POINT('',(7.302990425591,70.87729295053));
#7029 = CARTESIAN_POINT('',(7.257652886104,69.822498490192));
#7030 = CARTESIAN_POINT('',(7.212315346617,68.673859543172));
#7031 = CARTESIAN_POINT('',(7.166977807129,67.436315859379));
#7032 = CARTESIAN_POINT('',(7.121640267642,66.115524380278));
#7033 = ( GEOMETRIC_REPRESENTATION_CONTEXT(2) 
PARAMETRIC_REPRESENTATION_CONTEXT() REPRESENTATION_CONTEXT('2D SPACE',''
  ) );
#7034 = ADVANCED_FACE('',(#7035),#2835,.T.);
#7035 = FACE_BOUND('',#7036,.T.);
#7036 = EDGE_LOOP('',(#7037,#7059,#7094,#7126,#7154,#7155));
#7037 = ORIENTED_EDGE('',*,*,#7038,.F.);
#7038 = EDGE_CURVE('',#7039,#2793,#7041,.T.);
#7039 = VERTEX_POINT('',#7040);
#7040 = CARTESIAN_POINT('',(-42.,-52.87663667087,6.486804939513));
#7041 = SURFACE_CURVE('',#7042,(#7046,#7052),.PCURVE_S1.);
#7042 = LINE('',#7043,#7044);
#7043 = CARTESIAN_POINT('',(-42.,-35.83490672907,-58.58161847461));
#7044 = VECTOR('',#7045,1.);
#7045 = DIRECTION('',(0.,-0.253359391838,0.96737222338));
#7046 = PCURVE('',#2835,#7047);
#7047 = DEFINITIONAL_REPRESENTATION('',(#7048),#7051);
#7048 = B_SPLINE_CURVE_WITH_KNOTS('',1,(#7049,#7050),.UNSPECIFIED.,.F.,
  .F.,(2,2),(0.,150.),.PIECEWISE_BEZIER_KNOTS.);
#7049 = CARTESIAN_POINT('',(4.712388980385,0.));
#7050 = CARTESIAN_POINT('',(4.712388980385,150.));
#7051 = ( GEOMETRIC_REPRESENTATION_CONTEXT(2) 
PARAMETRIC_REPRESENTATION_CONTEXT() REPRESENTATION_CONTEXT('2D SPACE',''
  ) );
#7052 = PCURVE('',#2807,#7053);
#7053 = DEFINITIONAL_REPRESENTATION('',(#7054),#7058);
#7054 = LINE('',#7055,#7056);
#7055 = CARTESIAN_POINT('',(0.,5.));
#7056 = VECTOR('',#7057,1.);
#7057 = DIRECTION('',(1.,0.));
#7058 = ( GEOMETRIC_REPRESENTATION_CONTEXT(2) 
PARAMETRIC_REPRESENTATION_CONTEXT() REPRESENTATION_CONTEXT('2D SPACE',''
  ) );
#7059 = ORIENTED_EDGE('',*,*,#7060,.T.);
#7060 = EDGE_CURVE('',#7039,#7061,#7063,.T.);
#7061 = VERTEX_POINT('',#7062);
#7062 = CARTESIAN_POINT('',(-37.532088458,-45.65788486121,7.518055198035
    ));
#7063 = SURFACE_CURVE('',#7064,(#7069,#7087),.PCURVE_S1.);
#7064 = ELLIPSE('',#7065,5.032813584593,5.);
#7065 = AXIS2_PLACEMENT_3D('',#7066,#7067,#7068);
#7066 = CARTESIAN_POINT('',(-42.,-47.89440541111,7.198552262336));
#7067 = DIRECTION('',(0.,-0.141421356237,0.989949493661));
#7068 = DIRECTION('',(0.,-0.989949493661,-0.141421356237));
#7069 = PCURVE('',#2835,#7070);
#7070 = DEFINITIONAL_REPRESENTATION('',(#7071),#7086);
#7071 = B_SPLINE_CURVE_WITH_KNOTS('',7,(#7072,#7073,#7074,#7075,#7076,
    #7077,#7078,#7079,#7080,#7081,#7082,#7083,#7084,#7085),
  .UNSPECIFIED.,.F.,.F.,(8,6,8),(0.,1.570796326795,3.14159265359),
  .UNSPECIFIED.);
#7072 = CARTESIAN_POINT('',(4.712388980385,67.263067763884));
#7073 = CARTESIAN_POINT('',(4.936788455641,67.263067763884));
#7074 = CARTESIAN_POINT('',(5.161187930898,67.229359509105));
#7075 = CARTESIAN_POINT('',(5.385587406154,67.161947889494));
#7076 = CARTESIAN_POINT('',(5.60998688141,67.064971680324));
#7077 = CARTESIAN_POINT('',(5.834386356667,66.946804343825));
#7078 = CARTESIAN_POINT('',(6.058785831923,66.818051069359));
#7079 = CARTESIAN_POINT('',(6.507584782436,66.560543474803));
#7080 = CARTESIAN_POINT('',(6.731984257693,66.431790200348));
#7081 = CARTESIAN_POINT('',(6.956383732949,66.313622863803));
#7082 = CARTESIAN_POINT('',(7.180783208205,66.216646654706));
#7083 = CARTESIAN_POINT('',(7.405182683462,66.149235035049));
#7084 = CARTESIAN_POINT('',(7.629582158718,66.115526780278));
#7085 = CARTESIAN_POINT('',(7.853981633974,66.115526780278));
#7086 = ( GEOMETRIC_REPRESENTATION_CONTEXT(2) 
PARAMETRIC_REPRESENTATION_CONTEXT() REPRESENTATION_CONTEXT('2D SPACE',''
  ) );
#7087 = PCURVE('',#5892,#7088);
#7088 = DEFINITIONAL_REPRESENTATION('',(#7089),#7093);
#7089 = ELLIPSE('',#7090,5.032813584593,5.);
#7090 = AXIS2_PLACEMENT_2D('',#7091,#7092);
#7091 = CARTESIAN_POINT('',(191.75146969528,-42.));
#7092 = DIRECTION('',(1.,0.));
#7093 = ( GEOMETRIC_REPRESENTATION_CONTEXT(2) 
PARAMETRIC_REPRESENTATION_CONTEXT() REPRESENTATION_CONTEXT('2D SPACE',''
  ) );
#7094 = ORIENTED_EDGE('',*,*,#7095,.F.);
#7095 = EDGE_CURVE('',#7096,#7061,#7098,.T.);
#7096 = VERTEX_POINT('',#7097);
#7097 = CARTESIAN_POINT('',(-37.87518046288,-46.37913377802,
    12.566797615707));
#7098 = SURFACE_CURVE('',#7099,(#7104,#7114),.PCURVE_S1.);
#7099 = ELLIPSE('',#7100,43.857375522882,5.);
#7100 = AXIS2_PLACEMENT_3D('',#7101,#7102,#7103);
#7101 = CARTESIAN_POINT('',(-42.,-42.87364499297,-11.97162387962));
#7102 = DIRECTION('',(-0.,0.989949493661,0.141421356237));
#7103 = DIRECTION('',(0.,-0.141421356237,0.989949493661));
#7104 = PCURVE('',#2835,#7105);
#7105 = DEFINITIONAL_REPRESENTATION('',(#7106),#7113);
#7106 = B_SPLINE_CURVE_WITH_KNOTS('',5,(#7107,#7108,#7109,#7110,#7111,
    #7112),.UNSPECIFIED.,.F.,.F.,(6,6),(0.955973238907,1.113368141796),
  .PIECEWISE_BEZIER_KNOTS.);
#7107 = CARTESIAN_POINT('',(6.898008395068,72.005155252273));
#7108 = CARTESIAN_POINT('',(6.86652941449,70.884741753931));
#7109 = CARTESIAN_POINT('',(6.835050433912,69.733197562428));
#7110 = CARTESIAN_POINT('',(6.803571453334,68.552835623532));
#7111 = CARTESIAN_POINT('',(6.772092472756,67.346097730109));
#7112 = CARTESIAN_POINT('',(6.740613492178,66.115524380278));
#7113 = ( GEOMETRIC_REPRESENTATION_CONTEXT(2) 
PARAMETRIC_REPRESENTATION_CONTEXT() REPRESENTATION_CONTEXT('2D SPACE',''
  ) );
#7114 = PCURVE('',#7115,#7120);
#7115 = PLANE('',#7116);
#7116 = AXIS2_PLACEMENT_3D('',#7117,#7118,#7119);
#7117 = CARTESIAN_POINT('',(-46.,-45.65788486121,7.518055198035));
#7118 = DIRECTION('',(-0.,0.989949493661,0.141421356237));
#7119 = DIRECTION('',(1.,0.,0.));
#7120 = DEFINITIONAL_REPRESENTATION('',(#7121),#7125);
#7121 = ELLIPSE('',#7122,43.857375522882,5.);
#7122 = AXIS2_PLACEMENT_2D('',#7123,#7124);
#7123 = CARTESIAN_POINT('',(4.,19.687548912803));
#7124 = DIRECTION('',(0.,-1.));
#7125 = ( GEOMETRIC_REPRESENTATION_CONTEXT(2) 
PARAMETRIC_REPRESENTATION_CONTEXT() REPRESENTATION_CONTEXT('2D SPACE',''
  ) );
#7126 = ORIENTED_EDGE('',*,*,#7127,.T.);
#7127 = EDGE_CURVE('',#7096,#6843,#7128,.T.);
#7128 = SURFACE_CURVE('',#7129,(#7134,#7147),.PCURVE_S1.);
#7129 = ELLIPSE('',#7130,5.032813584593,5.);
#7130 = AXIS2_PLACEMENT_3D('',#7131,#7132,#7133);
#7131 = CARTESIAN_POINT('',(-42.,-49.19501821191,12.164528410866));
#7132 = DIRECTION('',(0.,-0.141421356237,0.989949493661));
#7133 = DIRECTION('',(0.,-0.989949493661,-0.141421356237));
#7134 = PCURVE('',#2835,#7135);
#7135 = DEFINITIONAL_REPRESENTATION('',(#7136),#7146);
#7136 = B_SPLINE_CURVE_WITH_KNOTS('',8,(#7137,#7138,#7139,#7140,#7141,
    #7142,#7143,#7144,#7145),.UNSPECIFIED.,.F.,.F.,(9,9),(0.890558887465
    ,3.14159265359),.PIECEWISE_BEZIER_KNOTS.);
#7137 = CARTESIAN_POINT('',(5.60294786785,72.183655933977));
#7138 = CARTESIAN_POINT('',(5.884327088615,72.058143185874));
#7139 = CARTESIAN_POINT('',(6.165706309381,71.899974620617));
#7140 = CARTESIAN_POINT('',(6.447085530147,71.724300564965));
#7141 = CARTESIAN_POINT('',(6.728464750909,71.551745934645));
#7142 = CARTESIAN_POINT('',(7.009843971679,71.404744654079));
#7143 = CARTESIAN_POINT('',(7.291223192443,71.300914969237));
#7144 = CARTESIAN_POINT('',(7.572602413209,71.248996636563));
#7145 = CARTESIAN_POINT('',(7.853981633974,71.248996636563));
#7146 = ( GEOMETRIC_REPRESENTATION_CONTEXT(2) 
PARAMETRIC_REPRESENTATION_CONTEXT() REPRESENTATION_CONTEXT('2D SPACE',''
  ) );
#7147 = PCURVE('',#6886,#7148);
#7148 = DEFINITIONAL_REPRESENTATION('',(#7149),#7153);
#7149 = ELLIPSE('',#7150,5.032813584593,5.);
#7150 = AXIS2_PLACEMENT_2D('',#7151,#7152);
#7151 = CARTESIAN_POINT('',(-37.45,-32.89447282605));
#7152 = DIRECTION('',(0.,-1.));
#7153 = ( GEOMETRIC_REPRESENTATION_CONTEXT(2) 
PARAMETRIC_REPRESENTATION_CONTEXT() REPRESENTATION_CONTEXT('2D SPACE',''
  ) );
#7154 = ORIENTED_EDGE('',*,*,#6842,.F.);
#7155 = ORIENTED_EDGE('',*,*,#2818,.F.);
#7156 = ADVANCED_FACE('',(#7157),#2807,.F.);
#7157 = FACE_BOUND('',#7158,.F.);
#7158 = EDGE_LOOP('',(#7159,#7160,#7182,#7201));
#7159 = ORIENTED_EDGE('',*,*,#7038,.F.);
#7160 = ORIENTED_EDGE('',*,*,#7161,.T.);
#7161 = EDGE_CURVE('',#7039,#7162,#7164,.T.);
#7162 = VERTEX_POINT('',#7163);
#7163 = CARTESIAN_POINT('',(-46.,-52.87663667087,6.486804939513));
#7164 = SURFACE_CURVE('',#7165,(#7169,#7175),.PCURVE_S1.);
#7165 = LINE('',#7166,#7167);
#7166 = CARTESIAN_POINT('',(-23.5,-52.87663667087,6.486804939513));
#7167 = VECTOR('',#7168,1.);
#7168 = DIRECTION('',(-1.,0.,0.));
#7169 = PCURVE('',#2807,#7170);
#7170 = DEFINITIONAL_REPRESENTATION('',(#7171),#7174);
#7171 = B_SPLINE_CURVE_WITH_KNOTS('',1,(#7172,#7173),.UNSPECIFIED.,.F.,
  .F.,(2,2),(18.5,22.5),.PIECEWISE_BEZIER_KNOTS.);
#7172 = CARTESIAN_POINT('',(67.263067763884,5.));
#7173 = CARTESIAN_POINT('',(67.263067763884,1.));
#7174 = ( GEOMETRIC_REPRESENTATION_CONTEXT(2) 
PARAMETRIC_REPRESENTATION_CONTEXT() REPRESENTATION_CONTEXT('2D SPACE',''
  ) );
#7175 = PCURVE('',#5892,#7176);
#7176 = DEFINITIONAL_REPRESENTATION('',(#7177),#7181);
#7177 = LINE('',#7178,#7179);
#7178 = CARTESIAN_POINT('',(196.78428327988,-23.5));
#7179 = VECTOR('',#7180,1.);
#7180 = DIRECTION('',(-0.,-1.));
#7181 = ( GEOMETRIC_REPRESENTATION_CONTEXT(2) 
PARAMETRIC_REPRESENTATION_CONTEXT() REPRESENTATION_CONTEXT('2D SPACE',''
  ) );
#7182 = ORIENTED_EDGE('',*,*,#7183,.F.);
#7183 = EDGE_CURVE('',#2767,#7162,#7184,.T.);
#7184 = SURFACE_CURVE('',#7185,(#7189,#7195),.PCURVE_S1.);
#7185 = LINE('',#7186,#7187);
#7186 = CARTESIAN_POINT('',(-46.,-44.30465968222,-26.24256174441));
#7187 = VECTOR('',#7188,1.);
#7188 = DIRECTION('',(0.,0.253359391838,-0.96737222338));
#7189 = PCURVE('',#2807,#7190);
#7190 = DEFINITIONAL_REPRESENTATION('',(#7191),#7194);
#7191 = B_SPLINE_CURVE_WITH_KNOTS('',1,(#7192,#7193),.UNSPECIFIED.,.F.,
  .F.,(2,2),(-64.78713669279,-31.26259056595),.PIECEWISE_BEZIER_KNOTS.);
#7192 = CARTESIAN_POINT('',(98.216933361126,1.));
#7193 = CARTESIAN_POINT('',(64.692387234291,1.));
#7194 = ( GEOMETRIC_REPRESENTATION_CONTEXT(2) 
PARAMETRIC_REPRESENTATION_CONTEXT() REPRESENTATION_CONTEXT('2D SPACE',''
  ) );
#7195 = PCURVE('',#2781,#7196);
#7196 = DEFINITIONAL_REPRESENTATION('',(#7197),#7200);
#7197 = B_SPLINE_CURVE_WITH_KNOTS('',1,(#7198,#7199),.UNSPECIFIED.,.F.,
  .F.,(2,2),(-64.78713669279,-31.26259056595),.PIECEWISE_BEZIER_KNOTS.);
#7198 = CARTESIAN_POINT('',(120.80368590018,0.775907778721));
#7199 = CARTESIAN_POINT('',(112.30992728186,-31.6548069458));
#7200 = ( GEOMETRIC_REPRESENTATION_CONTEXT(2) 
PARAMETRIC_REPRESENTATION_CONTEXT() REPRESENTATION_CONTEXT('2D SPACE',''
  ) );
#7201 = ORIENTED_EDGE('',*,*,#2792,.T.);
#7202 = ADVANCED_FACE('',(#7203),#2781,.F.);
#7203 = FACE_BOUND('',#7204,.F.);
#7204 = EDGE_LOOP('',(#7205,#7206,#7207,#7230));
#7205 = ORIENTED_EDGE('',*,*,#2766,.T.);
#7206 = ORIENTED_EDGE('',*,*,#7183,.T.);
#7207 = ORIENTED_EDGE('',*,*,#7208,.T.);
#7208 = EDGE_CURVE('',#7162,#7209,#7211,.T.);
#7209 = VERTEX_POINT('',#7210);
#7210 = CARTESIAN_POINT('',(-46.,-62.5,5.112038749637));
#7211 = SURFACE_CURVE('',#7212,(#7216,#7223),.PCURVE_S1.);
#7212 = LINE('',#7213,#7214);
#7213 = CARTESIAN_POINT('',(-46.,139.43431457505,33.959797974645));
#7214 = VECTOR('',#7215,1.);
#7215 = DIRECTION('',(0.,-0.989949493661,-0.141421356237));
#7216 = PCURVE('',#2781,#7217);
#7217 = DEFINITIONAL_REPRESENTATION('',(#7218),#7222);
#7218 = LINE('',#7219,#7220);
#7219 = CARTESIAN_POINT('',(-79.34971790847,-1.695008971164));
#7220 = VECTOR('',#7221,1.);
#7221 = DIRECTION('',(0.989949493661,-0.141421356237));
#7222 = ( GEOMETRIC_REPRESENTATION_CONTEXT(2) 
PARAMETRIC_REPRESENTATION_CONTEXT() REPRESENTATION_CONTEXT('2D SPACE',''
  ) );
#7223 = PCURVE('',#5892,#7224);
#7224 = DEFINITIONAL_REPRESENTATION('',(#7225),#7229);
#7225 = LINE('',#7226,#7227);
#7226 = CARTESIAN_POINT('',(2.520886533559,-46.));
#7227 = VECTOR('',#7228,1.);
#7228 = DIRECTION('',(1.,0.));
#7229 = ( GEOMETRIC_REPRESENTATION_CONTEXT(2) 
PARAMETRIC_REPRESENTATION_CONTEXT() REPRESENTATION_CONTEXT('2D SPACE',''
  ) );
#7230 = ORIENTED_EDGE('',*,*,#7231,.T.);
#7231 = EDGE_CURVE('',#7209,#2741,#7232,.T.);
#7232 = SURFACE_CURVE('',#7233,(#7237,#7243),.PCURVE_S1.);
#7233 = LINE('',#7234,#7235);
#7234 = CARTESIAN_POINT('',(-46.,-62.5,67.827403472904));
#7235 = VECTOR('',#7236,1.);
#7236 = DIRECTION('',(-0.,0.,1.));
#7237 = PCURVE('',#2781,#7238);
#7238 = DEFINITIONAL_REPRESENTATION('',(#7239),#7242);
#7239 = B_SPLINE_CURVE_WITH_KNOTS('',1,(#7240,#7241),.UNSPECIFIED.,.F.,
  .F.,(2,2),(-63.21536472326,-53.86311775861),.PIECEWISE_BEZIER_KNOTS.);
#7240 = CARTESIAN_POINT('',(122.58459666657,-31.04276819617));
#7241 = CARTESIAN_POINT('',(122.58459666657,-21.69052123152));
#7242 = ( GEOMETRIC_REPRESENTATION_CONTEXT(2) 
PARAMETRIC_REPRESENTATION_CONTEXT() REPRESENTATION_CONTEXT('2D SPACE',''
  ) );
#7243 = PCURVE('',#2755,#7244);
#7244 = DEFINITIONAL_REPRESENTATION('',(#7245),#7248);
#7245 = B_SPLINE_CURVE_WITH_KNOTS('',1,(#7246,#7247),.UNSPECIFIED.,.F.,
  .F.,(2,2),(-63.21536472326,-53.86311775861),.PIECEWISE_BEZIER_KNOTS.);
#7246 = CARTESIAN_POINT('',(8.5,-95.38796125036));
#7247 = CARTESIAN_POINT('',(8.5,-86.03571428571));
#7248 = ( GEOMETRIC_REPRESENTATION_CONTEXT(2) 
PARAMETRIC_REPRESENTATION_CONTEXT() REPRESENTATION_CONTEXT('2D SPACE',''
  ) );
#7249 = ADVANCED_FACE('',(#7250),#2755,.F.);
#7250 = FACE_BOUND('',#7251,.F.);
#7251 = EDGE_LOOP('',(#7252,#7274,#7300,#7326,#7345,#7346));
#7252 = ORIENTED_EDGE('',*,*,#7253,.T.);
#7253 = EDGE_CURVE('',#7209,#7254,#7256,.T.);
#7254 = VERTEX_POINT('',#7255);
#7255 = CARTESIAN_POINT('',(-45.,-62.5,5.112038749637));
#7256 = SURFACE_CURVE('',#7257,(#7261,#7267),.PCURVE_S1.);
#7257 = LINE('',#7258,#7259);
#7258 = CARTESIAN_POINT('',(-27.25,-62.5,5.112038749637));
#7259 = VECTOR('',#7260,1.);
#7260 = DIRECTION('',(1.,0.,0.));
#7261 = PCURVE('',#2755,#7262);
#7262 = DEFINITIONAL_REPRESENTATION('',(#7263),#7266);
#7263 = B_SPLINE_CURVE_WITH_KNOTS('',1,(#7264,#7265),.UNSPECIFIED.,.F.,
  .F.,(2,2),(-18.75,-2.25),.PIECEWISE_BEZIER_KNOTS.);
#7264 = CARTESIAN_POINT('',(8.5,-94.88796125036));
#7265 = CARTESIAN_POINT('',(25.,-94.88796125036));
#7266 = ( GEOMETRIC_REPRESENTATION_CONTEXT(2) 
PARAMETRIC_REPRESENTATION_CONTEXT() REPRESENTATION_CONTEXT('2D SPACE',''
  ) );
#7267 = PCURVE('',#5892,#7268);
#7268 = DEFINITIONAL_REPRESENTATION('',(#7269),#7273);
#7269 = LINE('',#7270,#7271);
#7270 = CARTESIAN_POINT('',(206.50534823395,-27.25));
#7271 = VECTOR('',#7272,1.);
#7272 = DIRECTION('',(0.,1.));
#7273 = ( GEOMETRIC_REPRESENTATION_CONTEXT(2) 
PARAMETRIC_REPRESENTATION_CONTEXT() REPRESENTATION_CONTEXT('2D SPACE',''
  ) );
#7274 = ORIENTED_EDGE('',*,*,#7275,.T.);
#7275 = EDGE_CURVE('',#7254,#7276,#7278,.T.);
#7276 = VERTEX_POINT('',#7277);
#7277 = CARTESIAN_POINT('',(-45.,-62.5,13.964285714286));
#7278 = SURFACE_CURVE('',#7279,(#7283,#7289),.PCURVE_S1.);
#7279 = LINE('',#7280,#7281);
#7280 = CARTESIAN_POINT('',(-45.,-62.5,67.827403472904));
#7281 = VECTOR('',#7282,1.);
#7282 = DIRECTION('',(-0.,0.,1.));
#7283 = PCURVE('',#2755,#7284);
#7284 = DEFINITIONAL_REPRESENTATION('',(#7285),#7288);
#7285 = B_SPLINE_CURVE_WITH_KNOTS('',1,(#7286,#7287),.UNSPECIFIED.,.F.,
  .F.,(2,2),(-63.8274034729,11.415035356393),.PIECEWISE_BEZIER_KNOTS.);
#7286 = CARTESIAN_POINT('',(9.5,-96.));
#7287 = CARTESIAN_POINT('',(9.5,-20.7575611707));
#7288 = ( GEOMETRIC_REPRESENTATION_CONTEXT(2) 
PARAMETRIC_REPRESENTATION_CONTEXT() REPRESENTATION_CONTEXT('2D SPACE',''
  ) );
#7289 = PCURVE('',#7290,#7295);
#7290 = PLANE('',#7291);
#7291 = AXIS2_PLACEMENT_3D('',#7292,#7293,#7294);
#7292 = CARTESIAN_POINT('',(-45.,60.084596666577,35.654806945809));
#7293 = DIRECTION('',(-1.,-0.,-0.));
#7294 = DIRECTION('',(0.,-1.,0.));
#7295 = DEFINITIONAL_REPRESENTATION('',(#7296),#7299);
#7296 = B_SPLINE_CURVE_WITH_KNOTS('',1,(#7297,#7298),.UNSPECIFIED.,.F.,
  .F.,(2,2),(-63.8274034729,11.415035356393),.PIECEWISE_BEZIER_KNOTS.);
#7297 = CARTESIAN_POINT('',(122.58459666657,-31.6548069458));
#7298 = CARTESIAN_POINT('',(122.58459666657,43.587631883489));
#7299 = ( GEOMETRIC_REPRESENTATION_CONTEXT(2) 
PARAMETRIC_REPRESENTATION_CONTEXT() REPRESENTATION_CONTEXT('2D SPACE',''
  ) );
#7300 = ORIENTED_EDGE('',*,*,#7301,.F.);
#7301 = EDGE_CURVE('',#7302,#7276,#7304,.T.);
#7302 = VERTEX_POINT('',#7303);
#7303 = CARTESIAN_POINT('',(-48.2,-62.5,13.964285714286));
#7304 = SURFACE_CURVE('',#7305,(#7309,#7315),.PCURVE_S1.);
#7305 = LINE('',#7306,#7307);
#7306 = CARTESIAN_POINT('',(-27.25,-62.5,13.964285714286));
#7307 = VECTOR('',#7308,1.);
#7308 = DIRECTION('',(1.,0.,0.));
#7309 = PCURVE('',#2755,#7310);
#7310 = DEFINITIONAL_REPRESENTATION('',(#7311),#7314);
#7311 = B_SPLINE_CURVE_WITH_KNOTS('',1,(#7312,#7313),.UNSPECIFIED.,.F.,
  .F.,(2,2),(-20.95,-2.25),.PIECEWISE_BEZIER_KNOTS.);
#7312 = CARTESIAN_POINT('',(6.3,-86.03571428571));
#7313 = CARTESIAN_POINT('',(25.,-86.03571428571));
#7314 = ( GEOMETRIC_REPRESENTATION_CONTEXT(2) 
PARAMETRIC_REPRESENTATION_CONTEXT() REPRESENTATION_CONTEXT('2D SPACE',''
  ) );
#7315 = PCURVE('',#7316,#7321);
#7316 = PLANE('',#7317);
#7317 = AXIS2_PLACEMENT_3D('',#7318,#7319,#7320);
#7318 = CARTESIAN_POINT('',(0.,140.,67.));
#7319 = DIRECTION('',(0.,-0.253359391838,0.96737222338));
#7320 = DIRECTION('',(0.,-0.96737222338,-0.253359391838));
#7321 = DEFINITIONAL_REPRESENTATION('',(#7322),#7325);
#7322 = B_SPLINE_CURVE_WITH_KNOTS('',1,(#7323,#7324),.UNSPECIFIED.,.F.,
  .F.,(2,2),(-20.95,-2.25),.PIECEWISE_BEZIER_KNOTS.);
#7323 = CARTESIAN_POINT('',(209.3299715516,-48.2));
#7324 = CARTESIAN_POINT('',(209.3299715516,-29.5));
#7325 = ( GEOMETRIC_REPRESENTATION_CONTEXT(2) 
PARAMETRIC_REPRESENTATION_CONTEXT() REPRESENTATION_CONTEXT('2D SPACE',''
  ) );
#7326 = ORIENTED_EDGE('',*,*,#7327,.F.);
#7327 = EDGE_CURVE('',#2715,#7302,#7328,.T.);
#7328 = SURFACE_CURVE('',#7329,(#7333,#7339),.PCURVE_S1.);
#7329 = LINE('',#7330,#7331);
#7330 = CARTESIAN_POINT('',(-48.2,-62.5,67.827403472904));
#7331 = VECTOR('',#7332,1.);
#7332 = DIRECTION('',(-0.,0.,1.));
#7333 = PCURVE('',#2755,#7334);
#7334 = DEFINITIONAL_REPRESENTATION('',(#7335),#7338);
#7335 = B_SPLINE_CURVE_WITH_KNOTS('',1,(#7336,#7337),.UNSPECIFIED.,.F.,
  .F.,(2,2),(-66.0274034729,16.781694000279),.PIECEWISE_BEZIER_KNOTS.);
#7336 = CARTESIAN_POINT('',(6.3,-98.2));
#7337 = CARTESIAN_POINT('',(6.3,-15.39090252681));
#7338 = ( GEOMETRIC_REPRESENTATION_CONTEXT(2) 
PARAMETRIC_REPRESENTATION_CONTEXT() REPRESENTATION_CONTEXT('2D SPACE',''
  ) );
#7339 = PCURVE('',#2729,#7340);
#7340 = DEFINITIONAL_REPRESENTATION('',(#7341),#7344);
#7341 = B_SPLINE_CURVE_WITH_KNOTS('',1,(#7342,#7343),.UNSPECIFIED.,.F.,
  .F.,(2,2),(-66.0274034729,16.781694000279),.PIECEWISE_BEZIER_KNOTS.);
#7342 = CARTESIAN_POINT('',(122.58459666657,-33.8548069458));
#7343 = CARTESIAN_POINT('',(122.58459666657,48.954290527375));
#7344 = ( GEOMETRIC_REPRESENTATION_CONTEXT(2) 
PARAMETRIC_REPRESENTATION_CONTEXT() REPRESENTATION_CONTEXT('2D SPACE',''
  ) );
#7345 = ORIENTED_EDGE('',*,*,#2740,.T.);
#7346 = ORIENTED_EDGE('',*,*,#7231,.F.);
#7347 = ADVANCED_FACE('',(#7348),#2729,.T.);
#7348 = FACE_BOUND('',#7349,.T.);
#7349 = EDGE_LOOP('',(#7350,#7351,#7352,#7375));
#7350 = ORIENTED_EDGE('',*,*,#7327,.F.);
#7351 = ORIENTED_EDGE('',*,*,#2714,.T.);
#7352 = ORIENTED_EDGE('',*,*,#7353,.T.);
#7353 = EDGE_CURVE('',#2681,#7354,#7356,.T.);
#7354 = VERTEX_POINT('',#7355);
#7355 = CARTESIAN_POINT('',(-48.2,-66.,13.047619047619));
#7356 = SURFACE_CURVE('',#7357,(#7361,#7368),.PCURVE_S1.);
#7357 = LINE('',#7358,#7359);
#7358 = CARTESIAN_POINT('',(-48.2,-66.,2.075417437337));
#7359 = VECTOR('',#7360,1.);
#7360 = DIRECTION('',(0.,0.,1.));
#7361 = PCURVE('',#2729,#7362);
#7362 = DEFINITIONAL_REPRESENTATION('',(#7363),#7367);
#7363 = LINE('',#7364,#7365);
#7364 = CARTESIAN_POINT('',(126.08459666657,-33.57938950847));
#7365 = VECTOR('',#7366,1.);
#7366 = DIRECTION('',(0.,1.));
#7367 = ( GEOMETRIC_REPRESENTATION_CONTEXT(2) 
PARAMETRIC_REPRESENTATION_CONTEXT() REPRESENTATION_CONTEXT('2D SPACE',''
  ) );
#7368 = PCURVE('',#2697,#7369);
#7369 = DEFINITIONAL_REPRESENTATION('',(#7370),#7374);
#7370 = LINE('',#7371,#7372);
#7371 = CARTESIAN_POINT('',(-1.570796326795,0.));
#7372 = VECTOR('',#7373,1.);
#7373 = DIRECTION('',(-0.,1.));
#7374 = ( GEOMETRIC_REPRESENTATION_CONTEXT(2) 
PARAMETRIC_REPRESENTATION_CONTEXT() REPRESENTATION_CONTEXT('2D SPACE',''
  ) );
#7375 = ORIENTED_EDGE('',*,*,#7376,.T.);
#7376 = EDGE_CURVE('',#7354,#7302,#7377,.T.);
#7377 = SURFACE_CURVE('',#7378,(#7382,#7388),.PCURVE_S1.);
#7378 = LINE('',#7379,#7380);
#7379 = CARTESIAN_POINT('',(-48.2,98.765981254325,56.200614138038));
#7380 = VECTOR('',#7381,1.);
#7381 = DIRECTION('',(-0.,0.96737222338,0.253359391838));
#7382 = PCURVE('',#2729,#7383);
#7383 = DEFINITIONAL_REPRESENTATION('',(#7384),#7387);
#7384 = B_SPLINE_CURVE_WITH_KNOTS('',1,(#7385,#7386),.UNSPECIFIED.,.F.,
  .F.,(2,2),(-170.3232502155,42.624770227114),.PIECEWISE_BEZIER_KNOTS.);
#7385 = CARTESIAN_POINT('',(126.08459666657,-22.60718789819));
#7386 = CARTESIAN_POINT('',(-79.91540333342,31.345193054191));
#7387 = ( GEOMETRIC_REPRESENTATION_CONTEXT(2) 
PARAMETRIC_REPRESENTATION_CONTEXT() REPRESENTATION_CONTEXT('2D SPACE',''
  ) );
#7388 = PCURVE('',#7316,#7389);
#7389 = DEFINITIONAL_REPRESENTATION('',(#7390),#7393);
#7390 = B_SPLINE_CURVE_WITH_KNOTS('',1,(#7391,#7392),.UNSPECIFIED.,.F.,
  .F.,(2,2),(-170.3232502155,42.624770227114),.PIECEWISE_BEZIER_KNOTS.);
#7391 = CARTESIAN_POINT('',(212.94802044262,-48.2));
#7392 = CARTESIAN_POINT('',(0.,-48.2));
#7393 = ( GEOMETRIC_REPRESENTATION_CONTEXT(2) 
PARAMETRIC_REPRESENTATION_CONTEXT() REPRESENTATION_CONTEXT('2D SPACE',''
  ) );
#7394 = ADVANCED_FACE('',(#7395),#2697,.T.);
#7395 = FACE_BOUND('',#7396,.F.);
#7396 = EDGE_LOOP('',(#7397,#7420,#7421,#7422));
#7397 = ORIENTED_EDGE('',*,*,#7398,.F.);
#7398 = EDGE_CURVE('',#2655,#7399,#7401,.T.);
#7399 = VERTEX_POINT('',#7400);
#7400 = CARTESIAN_POINT('',(-46.,-68.2,12.471428571429));
#7401 = SURFACE_CURVE('',#7402,(#7406,#7413),.PCURVE_S1.);
#7402 = LINE('',#7403,#7404);
#7403 = CARTESIAN_POINT('',(-46.,-68.2,2.075417437337));
#7404 = VECTOR('',#7405,1.);
#7405 = DIRECTION('',(0.,0.,1.));
#7406 = PCURVE('',#2697,#7407);
#7407 = DEFINITIONAL_REPRESENTATION('',(#7408),#7412);
#7408 = LINE('',#7409,#7410);
#7409 = CARTESIAN_POINT('',(-0.,0.));
#7410 = VECTOR('',#7411,1.);
#7411 = DIRECTION('',(-0.,1.));
#7412 = ( GEOMETRIC_REPRESENTATION_CONTEXT(2) 
PARAMETRIC_REPRESENTATION_CONTEXT() REPRESENTATION_CONTEXT('2D SPACE',''
  ) );
#7413 = PCURVE('',#2669,#7414);
#7414 = DEFINITIONAL_REPRESENTATION('',(#7415),#7419);
#7415 = LINE('',#7416,#7417);
#7416 = CARTESIAN_POINT('',(0.,-46.));
#7417 = VECTOR('',#7418,1.);
#7418 = DIRECTION('',(1.,0.));
#7419 = ( GEOMETRIC_REPRESENTATION_CONTEXT(2) 
PARAMETRIC_REPRESENTATION_CONTEXT() REPRESENTATION_CONTEXT('2D SPACE',''
  ) );
#7420 = ORIENTED_EDGE('',*,*,#2680,.F.);
#7421 = ORIENTED_EDGE('',*,*,#7353,.T.);
#7422 = ORIENTED_EDGE('',*,*,#7423,.T.);
#7423 = EDGE_CURVE('',#7354,#7399,#7424,.T.);
#7424 = SURFACE_CURVE('',#7425,(#7430,#7442),.PCURVE_S1.);
#7425 = ELLIPSE('',#7426,2.274202160067,2.2);
#7426 = AXIS2_PLACEMENT_3D('',#7427,#7428,#7429);
#7427 = CARTESIAN_POINT('',(-46.,-66.,13.047619047619));
#7428 = DIRECTION('',(0.,-0.253359391838,0.96737222338));
#7429 = DIRECTION('',(0.,0.96737222338,0.253359391838));
#7430 = PCURVE('',#2697,#7431);
#7431 = DEFINITIONAL_REPRESENTATION('',(#7432),#7441);
#7432 = B_SPLINE_CURVE_WITH_KNOTS('',7,(#7433,#7434,#7435,#7436,#7437,
    #7438,#7439,#7440),.UNSPECIFIED.,.F.,.F.,(8,8),(1.570796326795,
    3.14159265359),.PIECEWISE_BEZIER_KNOTS.);
#7433 = CARTESIAN_POINT('',(-1.570796326795,10.972201610282));
#7434 = CARTESIAN_POINT('',(-1.346396851538,10.842904769777));
#7435 = CARTESIAN_POINT('',(-1.121997376282,10.713608454292));
#7436 = CARTESIAN_POINT('',(-0.897597901026,10.594942724957));
#7437 = CARTESIAN_POINT('',(-0.67319842577,10.497557500475));
#7438 = CARTESIAN_POINT('',(-0.448798950513,10.429861559739));
#7439 = CARTESIAN_POINT('',(-0.224399475256,10.396011134092));
#7440 = CARTESIAN_POINT('',(0.,10.396011134092));
#7441 = ( GEOMETRIC_REPRESENTATION_CONTEXT(2) 
PARAMETRIC_REPRESENTATION_CONTEXT() REPRESENTATION_CONTEXT('2D SPACE',''
  ) );
#7442 = PCURVE('',#7316,#7443);
#7443 = DEFINITIONAL_REPRESENTATION('',(#7444),#7448);
#7444 = ELLIPSE('',#7445,2.274202160067,2.2);
#7445 = AXIS2_PLACEMENT_2D('',#7446,#7447);
#7446 = CARTESIAN_POINT('',(212.94802044262,-46.));
#7447 = DIRECTION('',(-1.,0.));
#7448 = ( GEOMETRIC_REPRESENTATION_CONTEXT(2) 
PARAMETRIC_REPRESENTATION_CONTEXT() REPRESENTATION_CONTEXT('2D SPACE',''
  ) );
#7449 = ADVANCED_FACE('',(#7450),#2669,.F.);
#7450 = FACE_BOUND('',#7451,.F.);
#7451 = EDGE_LOOP('',(#7452,#7453,#7454,#7475));
#7452 = ORIENTED_EDGE('',*,*,#2654,.T.);
#7453 = ORIENTED_EDGE('',*,*,#7398,.T.);
#7454 = ORIENTED_EDGE('',*,*,#7455,.T.);
#7455 = EDGE_CURVE('',#7399,#7456,#7458,.T.);
#7456 = VERTEX_POINT('',#7457);
#7457 = CARTESIAN_POINT('',(46.,-68.2,12.471428571429));
#7458 = SURFACE_CURVE('',#7459,(#7463,#7469),.PCURVE_S1.);
#7459 = LINE('',#7460,#7461);
#7460 = CARTESIAN_POINT('',(0.,-68.2,12.471428571429));
#7461 = VECTOR('',#7462,1.);
#7462 = DIRECTION('',(1.,0.,-0.));
#7463 = PCURVE('',#2669,#7464);
#7464 = DEFINITIONAL_REPRESENTATION('',(#7465),#7468);
#7465 = B_SPLINE_CURVE_WITH_KNOTS('',1,(#7466,#7467),.UNSPECIFIED.,.F.,
  .F.,(2,2),(-46.,46.),.PIECEWISE_BEZIER_KNOTS.);
#7466 = CARTESIAN_POINT('',(10.396011134092,-46.));
#7467 = CARTESIAN_POINT('',(10.396011134092,46.));
#7468 = ( GEOMETRIC_REPRESENTATION_CONTEXT(2) 
PARAMETRIC_REPRESENTATION_CONTEXT() REPRESENTATION_CONTEXT('2D SPACE',''
  ) );
#7469 = PCURVE('',#7316,#7470);
#7470 = DEFINITIONAL_REPRESENTATION('',(#7471),#7474);
#7471 = B_SPLINE_CURVE_WITH_KNOTS('',1,(#7472,#7473),.UNSPECIFIED.,.F.,
  .F.,(2,2),(-46.,46.),.PIECEWISE_BEZIER_KNOTS.);
#7472 = CARTESIAN_POINT('',(215.22222260268,-46.));
#7473 = CARTESIAN_POINT('',(215.22222260268,46.));
#7474 = ( GEOMETRIC_REPRESENTATION_CONTEXT(2) 
PARAMETRIC_REPRESENTATION_CONTEXT() REPRESENTATION_CONTEXT('2D SPACE',''
  ) );
#7475 = ORIENTED_EDGE('',*,*,#7476,.F.);
#7476 = EDGE_CURVE('',#2621,#7456,#7477,.T.);
#7477 = SURFACE_CURVE('',#7478,(#7482,#7489),.PCURVE_S1.);
#7478 = LINE('',#7479,#7480);
#7479 = CARTESIAN_POINT('',(46.,-68.2,2.075417437337));
#7480 = VECTOR('',#7481,1.);
#7481 = DIRECTION('',(0.,0.,1.));
#7482 = PCURVE('',#2669,#7483);
#7483 = DEFINITIONAL_REPRESENTATION('',(#7484),#7488);
#7484 = LINE('',#7485,#7486);
#7485 = CARTESIAN_POINT('',(0.,46.));
#7486 = VECTOR('',#7487,1.);
#7487 = DIRECTION('',(1.,0.));
#7488 = ( GEOMETRIC_REPRESENTATION_CONTEXT(2) 
PARAMETRIC_REPRESENTATION_CONTEXT() REPRESENTATION_CONTEXT('2D SPACE',''
  ) );
#7489 = PCURVE('',#2637,#7490);
#7490 = DEFINITIONAL_REPRESENTATION('',(#7491),#7495);
#7491 = LINE('',#7492,#7493);
#7492 = CARTESIAN_POINT('',(0.,0.));
#7493 = VECTOR('',#7494,1.);
#7494 = DIRECTION('',(0.,1.));
#7495 = ( GEOMETRIC_REPRESENTATION_CONTEXT(2) 
PARAMETRIC_REPRESENTATION_CONTEXT() REPRESENTATION_CONTEXT('2D SPACE',''
  ) );
#7496 = ADVANCED_FACE('',(#7497),#2637,.T.);
#7497 = FACE_BOUND('',#7498,.T.);
#7498 = EDGE_LOOP('',(#7499,#7500,#7501,#7524));
#7499 = ORIENTED_EDGE('',*,*,#7476,.F.);
#7500 = ORIENTED_EDGE('',*,*,#2620,.T.);
#7501 = ORIENTED_EDGE('',*,*,#7502,.T.);
#7502 = EDGE_CURVE('',#2595,#7503,#7505,.T.);
#7503 = VERTEX_POINT('',#7504);
#7504 = CARTESIAN_POINT('',(48.2,-66.,13.047619047619));
#7505 = SURFACE_CURVE('',#7506,(#7510,#7517),.PCURVE_S1.);
#7506 = LINE('',#7507,#7508);
#7507 = CARTESIAN_POINT('',(48.2,-66.,2.075417437337));
#7508 = VECTOR('',#7509,1.);
#7509 = DIRECTION('',(0.,0.,1.));
#7510 = PCURVE('',#2637,#7511);
#7511 = DEFINITIONAL_REPRESENTATION('',(#7512),#7516);
#7512 = LINE('',#7513,#7514);
#7513 = CARTESIAN_POINT('',(1.570796326795,0.));
#7514 = VECTOR('',#7515,1.);
#7515 = DIRECTION('',(0.,1.));
#7516 = ( GEOMETRIC_REPRESENTATION_CONTEXT(2) 
PARAMETRIC_REPRESENTATION_CONTEXT() REPRESENTATION_CONTEXT('2D SPACE',''
  ) );
#7517 = PCURVE('',#2609,#7518);
#7518 = DEFINITIONAL_REPRESENTATION('',(#7519),#7523);
#7519 = LINE('',#7520,#7521);
#7520 = CARTESIAN_POINT('',(126.08459666657,-33.57938950847));
#7521 = VECTOR('',#7522,1.);
#7522 = DIRECTION('',(0.,1.));
#7523 = ( GEOMETRIC_REPRESENTATION_CONTEXT(2) 
PARAMETRIC_REPRESENTATION_CONTEXT() REPRESENTATION_CONTEXT('2D SPACE',''
  ) );
#7524 = ORIENTED_EDGE('',*,*,#7525,.F.);
#7525 = EDGE_CURVE('',#7456,#7503,#7526,.T.);
#7526 = SURFACE_CURVE('',#7527,(#7532,#7544),.PCURVE_S1.);
#7527 = ELLIPSE('',#7528,2.274202160067,2.2);
#7528 = AXIS2_PLACEMENT_3D('',#7529,#7530,#7531);
#7529 = CARTESIAN_POINT('',(46.,-66.,13.047619047619));
#7530 = DIRECTION('',(0.,-0.253359391838,0.96737222338));
#7531 = DIRECTION('',(0.,0.96737222338,0.253359391838));
#7532 = PCURVE('',#2637,#7533);
#7533 = DEFINITIONAL_REPRESENTATION('',(#7534),#7543);
#7534 = B_SPLINE_CURVE_WITH_KNOTS('',7,(#7535,#7536,#7537,#7538,#7539,
    #7540,#7541,#7542),.UNSPECIFIED.,.F.,.F.,(8,8),(3.14159265359,
    4.712388980385),.PIECEWISE_BEZIER_KNOTS.);
#7535 = CARTESIAN_POINT('',(0.,10.396011134092));
#7536 = CARTESIAN_POINT('',(0.224399475256,10.396011134092));
#7537 = CARTESIAN_POINT('',(0.448798950513,10.429861559736));
#7538 = CARTESIAN_POINT('',(0.67319842577,10.497557500478));
#7539 = CARTESIAN_POINT('',(0.897597901025,10.594942724952));
#7540 = CARTESIAN_POINT('',(1.121997376282,10.713608454295));
#7541 = CARTESIAN_POINT('',(1.346396851538,10.842904769777));
#7542 = CARTESIAN_POINT('',(1.570796326795,10.972201610282));
#7543 = ( GEOMETRIC_REPRESENTATION_CONTEXT(2) 
PARAMETRIC_REPRESENTATION_CONTEXT() REPRESENTATION_CONTEXT('2D SPACE',''
  ) );
#7544 = PCURVE('',#7316,#7545);
#7545 = DEFINITIONAL_REPRESENTATION('',(#7546),#7550);
#7546 = ELLIPSE('',#7547,2.274202160067,2.2);
#7547 = AXIS2_PLACEMENT_2D('',#7548,#7549);
#7548 = CARTESIAN_POINT('',(212.94802044262,46.));
#7549 = DIRECTION('',(-1.,0.));
#7550 = ( GEOMETRIC_REPRESENTATION_CONTEXT(2) 
PARAMETRIC_REPRESENTATION_CONTEXT() REPRESENTATION_CONTEXT('2D SPACE',''
  ) );
#7551 = ADVANCED_FACE('',(#7552),#2609,.F.);
#7552 = FACE_BOUND('',#7553,.F.);
#7553 = EDGE_LOOP('',(#7554,#7575,#7576,#7577));
#7554 = ORIENTED_EDGE('',*,*,#7555,.F.);
#7555 = EDGE_CURVE('',#2569,#7556,#7558,.T.);
#7556 = VERTEX_POINT('',#7557);
#7557 = CARTESIAN_POINT('',(48.2,-62.5,13.964285714286));
#7558 = SURFACE_CURVE('',#7559,(#7563,#7569),.PCURVE_S1.);
#7559 = LINE('',#7560,#7561);
#7560 = CARTESIAN_POINT('',(48.2,-62.5,67.827403472904));
#7561 = VECTOR('',#7562,1.);
#7562 = DIRECTION('',(-0.,0.,1.));
#7563 = PCURVE('',#2609,#7564);
#7564 = DEFINITIONAL_REPRESENTATION('',(#7565),#7568);
#7565 = B_SPLINE_CURVE_WITH_KNOTS('',1,(#7566,#7567),.UNSPECIFIED.,.F.,
  .F.,(2,2),(-66.0274034729,16.781694000279),.PIECEWISE_BEZIER_KNOTS.);
#7566 = CARTESIAN_POINT('',(122.58459666657,-33.8548069458));
#7567 = CARTESIAN_POINT('',(122.58459666657,48.954290527375));
#7568 = ( GEOMETRIC_REPRESENTATION_CONTEXT(2) 
PARAMETRIC_REPRESENTATION_CONTEXT() REPRESENTATION_CONTEXT('2D SPACE',''
  ) );
#7569 = PCURVE('',#2583,#7570);
#7570 = DEFINITIONAL_REPRESENTATION('',(#7571),#7574);
#7571 = B_SPLINE_CURVE_WITH_KNOTS('',1,(#7572,#7573),.UNSPECIFIED.,.F.,
  .F.,(2,2),(-66.0274034729,16.781694000279),.PIECEWISE_BEZIER_KNOTS.);
#7572 = CARTESIAN_POINT('',(18.7,-98.2));
#7573 = CARTESIAN_POINT('',(18.7,-15.39090252681));
#7574 = ( GEOMETRIC_REPRESENTATION_CONTEXT(2) 
PARAMETRIC_REPRESENTATION_CONTEXT() REPRESENTATION_CONTEXT('2D SPACE',''
  ) );
#7575 = ORIENTED_EDGE('',*,*,#2594,.T.);
#7576 = ORIENTED_EDGE('',*,*,#7502,.T.);
#7577 = ORIENTED_EDGE('',*,*,#7578,.T.);
#7578 = EDGE_CURVE('',#7503,#7556,#7579,.T.);
#7579 = SURFACE_CURVE('',#7580,(#7584,#7590),.PCURVE_S1.);
#7580 = LINE('',#7581,#7582);
#7581 = CARTESIAN_POINT('',(48.2,98.765981254325,56.200614138038));
#7582 = VECTOR('',#7583,1.);
#7583 = DIRECTION('',(-0.,0.96737222338,0.253359391838));
#7584 = PCURVE('',#2609,#7585);
#7585 = DEFINITIONAL_REPRESENTATION('',(#7586),#7589);
#7586 = B_SPLINE_CURVE_WITH_KNOTS('',1,(#7587,#7588),.UNSPECIFIED.,.F.,
  .F.,(2,2),(-170.3232502155,42.624770227114),.PIECEWISE_BEZIER_KNOTS.);
#7587 = CARTESIAN_POINT('',(126.08459666657,-22.60718789819));
#7588 = CARTESIAN_POINT('',(-79.91540333342,31.345193054191));
#7589 = ( GEOMETRIC_REPRESENTATION_CONTEXT(2) 
PARAMETRIC_REPRESENTATION_CONTEXT() REPRESENTATION_CONTEXT('2D SPACE',''
  ) );
#7590 = PCURVE('',#7316,#7591);
#7591 = DEFINITIONAL_REPRESENTATION('',(#7592),#7595);
#7592 = B_SPLINE_CURVE_WITH_KNOTS('',1,(#7593,#7594),.UNSPECIFIED.,.F.,
  .F.,(2,2),(-170.3232502155,42.624770227114),.PIECEWISE_BEZIER_KNOTS.);
#7593 = CARTESIAN_POINT('',(212.94802044262,48.2));
#7594 = CARTESIAN_POINT('',(0.,48.2));
#7595 = ( GEOMETRIC_REPRESENTATION_CONTEXT(2) 
PARAMETRIC_REPRESENTATION_CONTEXT() REPRESENTATION_CONTEXT('2D SPACE',''
  ) );
#7596 = ADVANCED_FACE('',(#7597),#2583,.F.);
#7597 = FACE_BOUND('',#7598,.F.);
#7598 = EDGE_LOOP('',(#7599,#7627,#7649,#7668,#7669,#7670));
#7599 = ORIENTED_EDGE('',*,*,#7600,.F.);
#7600 = EDGE_CURVE('',#7601,#7603,#7605,.T.);
#7601 = VERTEX_POINT('',#7602);
#7602 = CARTESIAN_POINT('',(45.,-62.5,5.112038749637));
#7603 = VERTEX_POINT('',#7604);
#7604 = CARTESIAN_POINT('',(45.,-62.5,13.964285714286));
#7605 = SURFACE_CURVE('',#7606,(#7610,#7616),.PCURVE_S1.);
#7606 = LINE('',#7607,#7608);
#7607 = CARTESIAN_POINT('',(45.,-62.5,67.827403472904));
#7608 = VECTOR('',#7609,1.);
#7609 = DIRECTION('',(-0.,0.,1.));
#7610 = PCURVE('',#2583,#7611);
#7611 = DEFINITIONAL_REPRESENTATION('',(#7612),#7615);
#7612 = B_SPLINE_CURVE_WITH_KNOTS('',1,(#7613,#7614),.UNSPECIFIED.,.F.,
  .F.,(2,2),(-63.8274034729,11.415035356393),.PIECEWISE_BEZIER_KNOTS.);
#7613 = CARTESIAN_POINT('',(15.5,-96.));
#7614 = CARTESIAN_POINT('',(15.5,-20.7575611707));
#7615 = ( GEOMETRIC_REPRESENTATION_CONTEXT(2) 
PARAMETRIC_REPRESENTATION_CONTEXT() REPRESENTATION_CONTEXT('2D SPACE',''
  ) );
#7616 = PCURVE('',#7617,#7622);
#7617 = PLANE('',#7618);
#7618 = AXIS2_PLACEMENT_3D('',#7619,#7620,#7621);
#7619 = CARTESIAN_POINT('',(45.,60.084596666577,35.654806945809));
#7620 = DIRECTION('',(-1.,-0.,-0.));
#7621 = DIRECTION('',(0.,-1.,0.));
#7622 = DEFINITIONAL_REPRESENTATION('',(#7623),#7626);
#7623 = B_SPLINE_CURVE_WITH_KNOTS('',1,(#7624,#7625),.UNSPECIFIED.,.F.,
  .F.,(2,2),(-63.8274034729,11.415035356393),.PIECEWISE_BEZIER_KNOTS.);
#7624 = CARTESIAN_POINT('',(122.58459666657,-31.6548069458));
#7625 = CARTESIAN_POINT('',(122.58459666657,43.587631883489));
#7626 = ( GEOMETRIC_REPRESENTATION_CONTEXT(2) 
PARAMETRIC_REPRESENTATION_CONTEXT() REPRESENTATION_CONTEXT('2D SPACE',''
  ) );
#7627 = ORIENTED_EDGE('',*,*,#7628,.T.);
#7628 = EDGE_CURVE('',#7601,#7629,#7631,.T.);
#7629 = VERTEX_POINT('',#7630);
#7630 = CARTESIAN_POINT('',(46.,-62.5,5.112038749637));
#7631 = SURFACE_CURVE('',#7632,(#7636,#7642),.PCURVE_S1.);
#7632 = LINE('',#7633,#7634);
#7633 = CARTESIAN_POINT('',(14.75,-62.5,5.112038749637));
#7634 = VECTOR('',#7635,1.);
#7635 = DIRECTION('',(1.,0.,0.));
#7636 = PCURVE('',#2583,#7637);
#7637 = DEFINITIONAL_REPRESENTATION('',(#7638),#7641);
#7638 = B_SPLINE_CURVE_WITH_KNOTS('',1,(#7639,#7640),.UNSPECIFIED.,.F.,
  .F.,(2,2),(14.75,31.25),.PIECEWISE_BEZIER_KNOTS.);
#7639 = CARTESIAN_POINT('',(0.,-94.88796125036));
#7640 = CARTESIAN_POINT('',(16.5,-94.88796125036));
#7641 = ( GEOMETRIC_REPRESENTATION_CONTEXT(2) 
PARAMETRIC_REPRESENTATION_CONTEXT() REPRESENTATION_CONTEXT('2D SPACE',''
  ) );
#7642 = PCURVE('',#5892,#7643);
#7643 = DEFINITIONAL_REPRESENTATION('',(#7644),#7648);
#7644 = LINE('',#7645,#7646);
#7645 = CARTESIAN_POINT('',(206.50534823395,14.75));
#7646 = VECTOR('',#7647,1.);
#7647 = DIRECTION('',(0.,1.));
#7648 = ( GEOMETRIC_REPRESENTATION_CONTEXT(2) 
PARAMETRIC_REPRESENTATION_CONTEXT() REPRESENTATION_CONTEXT('2D SPACE',''
  ) );
#7649 = ORIENTED_EDGE('',*,*,#7650,.T.);
#7650 = EDGE_CURVE('',#7629,#2543,#7651,.T.);
#7651 = SURFACE_CURVE('',#7652,(#7656,#7662),.PCURVE_S1.);
#7652 = LINE('',#7653,#7654);
#7653 = CARTESIAN_POINT('',(46.,-62.5,67.827403472904));
#7654 = VECTOR('',#7655,1.);
#7655 = DIRECTION('',(-0.,0.,1.));
#7656 = PCURVE('',#2583,#7657);
#7657 = DEFINITIONAL_REPRESENTATION('',(#7658),#7661);
#7658 = B_SPLINE_CURVE_WITH_KNOTS('',1,(#7659,#7660),.UNSPECIFIED.,.F.,
  .F.,(2,2),(-63.21536472326,-53.86311775861),.PIECEWISE_BEZIER_KNOTS.);
#7659 = CARTESIAN_POINT('',(16.5,-95.38796125036));
#7660 = CARTESIAN_POINT('',(16.5,-86.03571428571));
#7661 = ( GEOMETRIC_REPRESENTATION_CONTEXT(2) 
PARAMETRIC_REPRESENTATION_CONTEXT() REPRESENTATION_CONTEXT('2D SPACE',''
  ) );
#7662 = PCURVE('',#2557,#7663);
#7663 = DEFINITIONAL_REPRESENTATION('',(#7664),#7667);
#7664 = B_SPLINE_CURVE_WITH_KNOTS('',1,(#7665,#7666),.UNSPECIFIED.,.F.,
  .F.,(2,2),(-63.21536472326,-53.86311775861),.PIECEWISE_BEZIER_KNOTS.);
#7665 = CARTESIAN_POINT('',(122.58459666657,-31.04276819617));
#7666 = CARTESIAN_POINT('',(122.58459666657,-21.69052123152));
#7667 = ( GEOMETRIC_REPRESENTATION_CONTEXT(2) 
PARAMETRIC_REPRESENTATION_CONTEXT() REPRESENTATION_CONTEXT('2D SPACE',''
  ) );
#7668 = ORIENTED_EDGE('',*,*,#2568,.T.);
#7669 = ORIENTED_EDGE('',*,*,#7555,.T.);
#7670 = ORIENTED_EDGE('',*,*,#7671,.F.);
#7671 = EDGE_CURVE('',#7603,#7556,#7672,.T.);
#7672 = SURFACE_CURVE('',#7673,(#7677,#7683),.PCURVE_S1.);
#7673 = LINE('',#7674,#7675);
#7674 = CARTESIAN_POINT('',(14.75,-62.5,13.964285714286));
#7675 = VECTOR('',#7676,1.);
#7676 = DIRECTION('',(1.,0.,0.));
#7677 = PCURVE('',#2583,#7678);
#7678 = DEFINITIONAL_REPRESENTATION('',(#7679),#7682);
#7679 = B_SPLINE_CURVE_WITH_KNOTS('',1,(#7680,#7681),.UNSPECIFIED.,.F.,
  .F.,(2,2),(14.75,33.45),.PIECEWISE_BEZIER_KNOTS.);
#7680 = CARTESIAN_POINT('',(0.,-86.03571428571));
#7681 = CARTESIAN_POINT('',(18.7,-86.03571428571));
#7682 = ( GEOMETRIC_REPRESENTATION_CONTEXT(2) 
PARAMETRIC_REPRESENTATION_CONTEXT() REPRESENTATION_CONTEXT('2D SPACE',''
  ) );
#7683 = PCURVE('',#7316,#7684);
#7684 = DEFINITIONAL_REPRESENTATION('',(#7685),#7688);
#7685 = B_SPLINE_CURVE_WITH_KNOTS('',1,(#7686,#7687),.UNSPECIFIED.,.F.,
  .F.,(2,2),(14.75,33.45),.PIECEWISE_BEZIER_KNOTS.);
#7686 = CARTESIAN_POINT('',(209.3299715516,29.5));
#7687 = CARTESIAN_POINT('',(209.3299715516,48.2));
#7688 = ( GEOMETRIC_REPRESENTATION_CONTEXT(2) 
PARAMETRIC_REPRESENTATION_CONTEXT() REPRESENTATION_CONTEXT('2D SPACE',''
  ) );
#7689 = ADVANCED_FACE('',(#7690),#2557,.T.);
#7690 = FACE_BOUND('',#7691,.T.);
#7691 = EDGE_LOOP('',(#7692,#7693,#7714,#7735));
#7692 = ORIENTED_EDGE('',*,*,#2542,.T.);
#7693 = ORIENTED_EDGE('',*,*,#7694,.T.);
#7694 = EDGE_CURVE('',#2517,#7695,#7697,.T.);
#7695 = VERTEX_POINT('',#7696);
#7696 = CARTESIAN_POINT('',(46.,-52.87663667087,6.486804939513));
#7697 = SURFACE_CURVE('',#7698,(#7702,#7708),.PCURVE_S1.);
#7698 = LINE('',#7699,#7700);
#7699 = CARTESIAN_POINT('',(46.,-44.30465968222,-26.24256174441));
#7700 = VECTOR('',#7701,1.);
#7701 = DIRECTION('',(0.,0.253359391838,-0.96737222338));
#7702 = PCURVE('',#2557,#7703);
#7703 = DEFINITIONAL_REPRESENTATION('',(#7704),#7707);
#7704 = B_SPLINE_CURVE_WITH_KNOTS('',1,(#7705,#7706),.UNSPECIFIED.,.F.,
  .F.,(2,2),(-64.78713669279,-31.26259056595),.PIECEWISE_BEZIER_KNOTS.);
#7705 = CARTESIAN_POINT('',(120.80368590018,0.775907778721));
#7706 = CARTESIAN_POINT('',(112.30992728186,-31.6548069458));
#7707 = ( GEOMETRIC_REPRESENTATION_CONTEXT(2) 
PARAMETRIC_REPRESENTATION_CONTEXT() REPRESENTATION_CONTEXT('2D SPACE',''
  ) );
#7708 = PCURVE('',#2531,#7709);
#7709 = DEFINITIONAL_REPRESENTATION('',(#7710),#7713);
#7710 = B_SPLINE_CURVE_WITH_KNOTS('',1,(#7711,#7712),.UNSPECIFIED.,.F.,
  .F.,(2,2),(-64.78713669279,-31.26259056595),.PIECEWISE_BEZIER_KNOTS.);
#7711 = CARTESIAN_POINT('',(98.216933361126,4.));
#7712 = CARTESIAN_POINT('',(64.692387234291,4.));
#7713 = ( GEOMETRIC_REPRESENTATION_CONTEXT(2) 
PARAMETRIC_REPRESENTATION_CONTEXT() REPRESENTATION_CONTEXT('2D SPACE',''
  ) );
#7714 = ORIENTED_EDGE('',*,*,#7715,.T.);
#7715 = EDGE_CURVE('',#7695,#7629,#7716,.T.);
#7716 = SURFACE_CURVE('',#7717,(#7721,#7728),.PCURVE_S1.);
#7717 = LINE('',#7718,#7719);
#7718 = CARTESIAN_POINT('',(46.,139.43431457505,33.959797974645));
#7719 = VECTOR('',#7720,1.);
#7720 = DIRECTION('',(0.,-0.989949493661,-0.141421356237));
#7721 = PCURVE('',#2557,#7722);
#7722 = DEFINITIONAL_REPRESENTATION('',(#7723),#7727);
#7723 = LINE('',#7724,#7725);
#7724 = CARTESIAN_POINT('',(-79.34971790847,-1.695008971164));
#7725 = VECTOR('',#7726,1.);
#7726 = DIRECTION('',(0.989949493661,-0.141421356237));
#7727 = ( GEOMETRIC_REPRESENTATION_CONTEXT(2) 
PARAMETRIC_REPRESENTATION_CONTEXT() REPRESENTATION_CONTEXT('2D SPACE',''
  ) );
#7728 = PCURVE('',#5892,#7729);
#7729 = DEFINITIONAL_REPRESENTATION('',(#7730),#7734);
#7730 = LINE('',#7731,#7732);
#7731 = CARTESIAN_POINT('',(2.520886533559,46.));
#7732 = VECTOR('',#7733,1.);
#7733 = DIRECTION('',(1.,0.));
#7734 = ( GEOMETRIC_REPRESENTATION_CONTEXT(2) 
PARAMETRIC_REPRESENTATION_CONTEXT() REPRESENTATION_CONTEXT('2D SPACE',''
  ) );
#7735 = ORIENTED_EDGE('',*,*,#7650,.T.);
#7736 = ADVANCED_FACE('',(#7737),#2531,.F.);
#7737 = FACE_BOUND('',#7738,.F.);
#7738 = EDGE_LOOP('',(#7739,#7740,#7762,#7783));
#7739 = ORIENTED_EDGE('',*,*,#7694,.T.);
#7740 = ORIENTED_EDGE('',*,*,#7741,.T.);
#7741 = EDGE_CURVE('',#7695,#7742,#7744,.T.);
#7742 = VERTEX_POINT('',#7743);
#7743 = CARTESIAN_POINT('',(42.,-52.87663667087,6.486804939513));
#7744 = SURFACE_CURVE('',#7745,(#7749,#7755),.PCURVE_S1.);
#7745 = LINE('',#7746,#7747);
#7746 = CARTESIAN_POINT('',(21.,-52.87663667087,6.486804939513));
#7747 = VECTOR('',#7748,1.);
#7748 = DIRECTION('',(-1.,0.,0.));
#7749 = PCURVE('',#2531,#7750);
#7750 = DEFINITIONAL_REPRESENTATION('',(#7751),#7754);
#7751 = B_SPLINE_CURVE_WITH_KNOTS('',1,(#7752,#7753),.UNSPECIFIED.,.F.,
  .F.,(2,2),(-25.,-21.),.PIECEWISE_BEZIER_KNOTS.);
#7752 = CARTESIAN_POINT('',(67.263067763884,4.));
#7753 = CARTESIAN_POINT('',(67.263067763884,0.));
#7754 = ( GEOMETRIC_REPRESENTATION_CONTEXT(2) 
PARAMETRIC_REPRESENTATION_CONTEXT() REPRESENTATION_CONTEXT('2D SPACE',''
  ) );
#7755 = PCURVE('',#5892,#7756);
#7756 = DEFINITIONAL_REPRESENTATION('',(#7757),#7761);
#7757 = LINE('',#7758,#7759);
#7758 = CARTESIAN_POINT('',(196.78428327988,21.));
#7759 = VECTOR('',#7760,1.);
#7760 = DIRECTION('',(-0.,-1.));
#7761 = ( GEOMETRIC_REPRESENTATION_CONTEXT(2) 
PARAMETRIC_REPRESENTATION_CONTEXT() REPRESENTATION_CONTEXT('2D SPACE',''
  ) );
#7762 = ORIENTED_EDGE('',*,*,#7763,.T.);
#7763 = EDGE_CURVE('',#7742,#2488,#7764,.T.);
#7764 = SURFACE_CURVE('',#7765,(#7769,#7776),.PCURVE_S1.);
#7765 = LINE('',#7766,#7767);
#7766 = CARTESIAN_POINT('',(42.,-35.83490672907,-58.58161847461));
#7767 = VECTOR('',#7768,1.);
#7768 = DIRECTION('',(0.,-0.253359391838,0.96737222338));
#7769 = PCURVE('',#2531,#7770);
#7770 = DEFINITIONAL_REPRESENTATION('',(#7771),#7775);
#7771 = LINE('',#7772,#7773);
#7772 = CARTESIAN_POINT('',(0.,0.));
#7773 = VECTOR('',#7774,1.);
#7774 = DIRECTION('',(1.,0.));
#7775 = ( GEOMETRIC_REPRESENTATION_CONTEXT(2) 
PARAMETRIC_REPRESENTATION_CONTEXT() REPRESENTATION_CONTEXT('2D SPACE',''
  ) );
#7776 = PCURVE('',#2504,#7777);
#7777 = DEFINITIONAL_REPRESENTATION('',(#7778),#7782);
#7778 = LINE('',#7779,#7780);
#7779 = CARTESIAN_POINT('',(4.712388980385,0.));
#7780 = VECTOR('',#7781,1.);
#7781 = DIRECTION('',(0.,1.));
#7782 = ( GEOMETRIC_REPRESENTATION_CONTEXT(2) 
PARAMETRIC_REPRESENTATION_CONTEXT() REPRESENTATION_CONTEXT('2D SPACE',''
  ) );
#7783 = ORIENTED_EDGE('',*,*,#2516,.T.);
#7784 = ADVANCED_FACE('',(#7785),#2504,.T.);
#7785 = FACE_BOUND('',#7786,.T.);
#7786 = EDGE_LOOP('',(#7787,#7788,#7811,#7844));
#7787 = ORIENTED_EDGE('',*,*,#2487,.F.);
#7788 = ORIENTED_EDGE('',*,*,#7789,.F.);
#7789 = EDGE_CURVE('',#7790,#2462,#7792,.T.);
#7790 = VERTEX_POINT('',#7791);
#7791 = CARTESIAN_POINT('',(42.,-42.91217415135,7.910299585159));
#7792 = SURFACE_CURVE('',#7793,(#7797,#7804),.PCURVE_S1.);
#7793 = LINE('',#7794,#7795);
#7794 = CARTESIAN_POINT('',(42.,-26.16118449527,-56.04802455623));
#7795 = VECTOR('',#7796,1.);
#7796 = DIRECTION('',(0.,-0.253359391838,0.96737222338));
#7797 = PCURVE('',#2504,#7798);
#7798 = DEFINITIONAL_REPRESENTATION('',(#7799),#7803);
#7799 = LINE('',#7800,#7801);
#7800 = CARTESIAN_POINT('',(1.570796326795,0.));
#7801 = VECTOR('',#7802,1.);
#7802 = DIRECTION('',(0.,1.));
#7803 = ( GEOMETRIC_REPRESENTATION_CONTEXT(2) 
PARAMETRIC_REPRESENTATION_CONTEXT() REPRESENTATION_CONTEXT('2D SPACE',''
  ) );
#7804 = PCURVE('',#2476,#7805);
#7805 = DEFINITIONAL_REPRESENTATION('',(#7806),#7810);
#7806 = LINE('',#7807,#7808);
#7807 = CARTESIAN_POINT('',(0.,0.));
#7808 = VECTOR('',#7809,1.);
#7809 = DIRECTION('',(1.,0.));
#7810 = ( GEOMETRIC_REPRESENTATION_CONTEXT(2) 
PARAMETRIC_REPRESENTATION_CONTEXT() REPRESENTATION_CONTEXT('2D SPACE',''
  ) );
#7811 = ORIENTED_EDGE('',*,*,#7812,.T.);
#7812 = EDGE_CURVE('',#7790,#7742,#7813,.T.);
#7813 = SURFACE_CURVE('',#7814,(#7819,#7837),.PCURVE_S1.);
#7814 = ELLIPSE('',#7815,5.032813584593,5.);
#7815 = AXIS2_PLACEMENT_3D('',#7816,#7817,#7818);
#7816 = CARTESIAN_POINT('',(42.,-47.89440541111,7.198552262336));
#7817 = DIRECTION('',(0.,-0.141421356237,0.989949493661));
#7818 = DIRECTION('',(0.,-0.989949493661,-0.141421356237));
#7819 = PCURVE('',#2504,#7820);
#7820 = DEFINITIONAL_REPRESENTATION('',(#7821),#7836);
#7821 = B_SPLINE_CURVE_WITH_KNOTS('',7,(#7822,#7823,#7824,#7825,#7826,
    #7827,#7828,#7829,#7830,#7831,#7832,#7833,#7834,#7835),
  .UNSPECIFIED.,.F.,.F.,(8,6,8),(3.14159265359,4.712388980385,
    6.28318530718),.UNSPECIFIED.);
#7822 = CARTESIAN_POINT('',(1.570796326795,66.115526780278));
#7823 = CARTESIAN_POINT('',(1.795195802051,66.115526780278));
#7824 = CARTESIAN_POINT('',(2.019595277307,66.149235035064));
#7825 = CARTESIAN_POINT('',(2.243994752565,66.21664665464));
#7826 = CARTESIAN_POINT('',(2.468394227819,66.313622863876));
#7827 = CARTESIAN_POINT('',(2.692793703077,66.431790200331));
#7828 = CARTESIAN_POINT('',(2.917193178333,66.560543474803));
#7829 = CARTESIAN_POINT('',(3.365992128846,66.818051069359));
#7830 = CARTESIAN_POINT('',(3.590391604103,66.946804343828));
#7831 = CARTESIAN_POINT('',(3.814791079359,67.064971680324));
#7832 = CARTESIAN_POINT('',(4.039190554616,67.161947889523));
#7833 = CARTESIAN_POINT('',(4.263590029872,67.229359509107));
#7834 = CARTESIAN_POINT('',(4.487989505128,67.263067763884));
#7835 = CARTESIAN_POINT('',(4.712388980385,67.263067763884));
#7836 = ( GEOMETRIC_REPRESENTATION_CONTEXT(2) 
PARAMETRIC_REPRESENTATION_CONTEXT() REPRESENTATION_CONTEXT('2D SPACE',''
  ) );
#7837 = PCURVE('',#5892,#7838);
#7838 = DEFINITIONAL_REPRESENTATION('',(#7839),#7843);
#7839 = ELLIPSE('',#7840,5.032813584593,5.);
#7840 = AXIS2_PLACEMENT_2D('',#7841,#7842);
#7841 = CARTESIAN_POINT('',(191.75146969528,42.));
#7842 = DIRECTION('',(1.,0.));
#7843 = ( GEOMETRIC_REPRESENTATION_CONTEXT(2) 
PARAMETRIC_REPRESENTATION_CONTEXT() REPRESENTATION_CONTEXT('2D SPACE',''
  ) );
#7844 = ORIENTED_EDGE('',*,*,#7763,.T.);
#7845 = ADVANCED_FACE('',(#7846),#2476,.T.);
#7846 = FACE_BOUND('',#7847,.T.);
#7847 = EDGE_LOOP('',(#7848,#7869,#7889,#7890));
#7848 = ORIENTED_EDGE('',*,*,#7849,.T.);
#7849 = EDGE_CURVE('',#2436,#7850,#7852,.T.);
#7850 = VERTEX_POINT('',#7851);
#7851 = CARTESIAN_POINT('',(46.,-42.91217415135,7.910299585159));
#7852 = SURFACE_CURVE('',#7853,(#7857,#7863),.PCURVE_S1.);
#7853 = LINE('',#7854,#7855);
#7854 = CARTESIAN_POINT('',(46.,-34.63093744841,-23.70896782604));
#7855 = VECTOR('',#7856,1.);
#7856 = DIRECTION('',(0.,0.253359391838,-0.96737222338));
#7857 = PCURVE('',#2476,#7858);
#7858 = DEFINITIONAL_REPRESENTATION('',(#7859),#7862);
#7859 = B_SPLINE_CURVE_WITH_KNOTS('',1,(#7860,#7861),.UNSPECIFIED.,.F.,
  .F.,(2,2),(-64.78713669279,-28.65947924427),.PIECEWISE_BEZIER_KNOTS.);
#7860 = CARTESIAN_POINT('',(98.216933361126,4.));
#7861 = CARTESIAN_POINT('',(62.089275912603,4.));
#7862 = ( GEOMETRIC_REPRESENTATION_CONTEXT(2) 
PARAMETRIC_REPRESENTATION_CONTEXT() REPRESENTATION_CONTEXT('2D SPACE',''
  ) );
#7863 = PCURVE('',#2450,#7864);
#7864 = DEFINITIONAL_REPRESENTATION('',(#7865),#7868);
#7865 = B_SPLINE_CURVE_WITH_KNOTS('',1,(#7866,#7867),.UNSPECIFIED.,.F.,
  .F.,(2,2),(-64.78713669279,-28.65947924427),.PIECEWISE_BEZIER_KNOTS.);
#7866 = CARTESIAN_POINT('',(111.12996366638,3.309501697098));
#7867 = CARTESIAN_POINT('',(101.9766823467,-31.63939061439));
#7868 = ( GEOMETRIC_REPRESENTATION_CONTEXT(2) 
PARAMETRIC_REPRESENTATION_CONTEXT() REPRESENTATION_CONTEXT('2D SPACE',''
  ) );
#7869 = ORIENTED_EDGE('',*,*,#7870,.T.);
#7870 = EDGE_CURVE('',#7850,#7790,#7871,.T.);
#7871 = SURFACE_CURVE('',#7872,(#7876,#7882),.PCURVE_S1.);
#7872 = LINE('',#7873,#7874);
#7873 = CARTESIAN_POINT('',(21.,-42.91217415135,7.910299585159));
#7874 = VECTOR('',#7875,1.);
#7875 = DIRECTION('',(-1.,0.,0.));
#7876 = PCURVE('',#2476,#7877);
#7877 = DEFINITIONAL_REPRESENTATION('',(#7878),#7881);
#7878 = B_SPLINE_CURVE_WITH_KNOTS('',1,(#7879,#7880),.UNSPECIFIED.,.F.,
  .F.,(2,2),(-25.,-21.),.PIECEWISE_BEZIER_KNOTS.);
#7879 = CARTESIAN_POINT('',(66.115526780278,4.));
#7880 = CARTESIAN_POINT('',(66.115526780278,0.));
#7881 = ( GEOMETRIC_REPRESENTATION_CONTEXT(2) 
PARAMETRIC_REPRESENTATION_CONTEXT() REPRESENTATION_CONTEXT('2D SPACE',''
  ) );
#7882 = PCURVE('',#5892,#7883);
#7883 = DEFINITIONAL_REPRESENTATION('',(#7884),#7888);
#7884 = LINE('',#7885,#7886);
#7885 = CARTESIAN_POINT('',(186.71865611069,21.));
#7886 = VECTOR('',#7887,1.);
#7887 = DIRECTION('',(-0.,-1.));
#7888 = ( GEOMETRIC_REPRESENTATION_CONTEXT(2) 
PARAMETRIC_REPRESENTATION_CONTEXT() REPRESENTATION_CONTEXT('2D SPACE',''
  ) );
#7889 = ORIENTED_EDGE('',*,*,#7789,.T.);
#7890 = ORIENTED_EDGE('',*,*,#2461,.T.);
#7891 = ADVANCED_FACE('',(#7892),#2450,.T.);
#7892 = FACE_BOUND('',#7893,.T.);
#7893 = EDGE_LOOP('',(#7894,#7895,#7916,#7937));
#7894 = ORIENTED_EDGE('',*,*,#2435,.T.);
#7895 = ORIENTED_EDGE('',*,*,#7896,.F.);
#7896 = EDGE_CURVE('',#7897,#2410,#7899,.T.);
#7897 = VERTEX_POINT('',#7898);
#7898 = CARTESIAN_POINT('',(46.,-37.5,8.683467321066));
#7899 = SURFACE_CURVE('',#7900,(#7904,#7910),.PCURVE_S1.);
#7900 = LINE('',#7901,#7902);
#7901 = CARTESIAN_POINT('',(46.,-37.5,67.827403472904));
#7902 = VECTOR('',#7903,1.);
#7903 = DIRECTION('',(-0.,0.,1.));
#7904 = PCURVE('',#2450,#7905);
#7905 = DEFINITIONAL_REPRESENTATION('',(#7906),#7909);
#7906 = B_SPLINE_CURVE_WITH_KNOTS('',1,(#7907,#7908),.UNSPECIFIED.,.F.,
  .F.,(2,2),(-59.91710388774,-47.315498711),.PIECEWISE_BEZIER_KNOTS.);
#7907 = CARTESIAN_POINT('',(97.584596666577,-27.74450736065));
#7908 = CARTESIAN_POINT('',(97.584596666577,-15.1429021839));
#7909 = ( GEOMETRIC_REPRESENTATION_CONTEXT(2) 
PARAMETRIC_REPRESENTATION_CONTEXT() REPRESENTATION_CONTEXT('2D SPACE',''
  ) );
#7910 = PCURVE('',#2424,#7911);
#7911 = DEFINITIONAL_REPRESENTATION('',(#7912),#7915);
#7912 = B_SPLINE_CURVE_WITH_KNOTS('',1,(#7913,#7914),.UNSPECIFIED.,.F.,
  .F.,(2,2),(-59.91710388774,-47.315498711),.PIECEWISE_BEZIER_KNOTS.);
#7913 = CARTESIAN_POINT('',(16.5,-92.08970041484));
#7914 = CARTESIAN_POINT('',(16.5,-79.48809523809));
#7915 = ( GEOMETRIC_REPRESENTATION_CONTEXT(2) 
PARAMETRIC_REPRESENTATION_CONTEXT() REPRESENTATION_CONTEXT('2D SPACE',''
  ) );
#7916 = ORIENTED_EDGE('',*,*,#7917,.T.);
#7917 = EDGE_CURVE('',#7897,#7850,#7918,.T.);
#7918 = SURFACE_CURVE('',#7919,(#7923,#7930),.PCURVE_S1.);
#7919 = LINE('',#7920,#7921);
#7920 = CARTESIAN_POINT('',(46.,139.43431457505,33.959797974645));
#7921 = VECTOR('',#7922,1.);
#7922 = DIRECTION('',(0.,-0.989949493661,-0.141421356237));
#7923 = PCURVE('',#2450,#7924);
#7924 = DEFINITIONAL_REPRESENTATION('',(#7925),#7929);
#7925 = LINE('',#7926,#7927);
#7926 = CARTESIAN_POINT('',(-79.34971790847,-1.695008971164));
#7927 = VECTOR('',#7928,1.);
#7928 = DIRECTION('',(0.989949493661,-0.141421356237));
#7929 = ( GEOMETRIC_REPRESENTATION_CONTEXT(2) 
PARAMETRIC_REPRESENTATION_CONTEXT() REPRESENTATION_CONTEXT('2D SPACE',''
  ) );
#7930 = PCURVE('',#5892,#7931);
#7931 = DEFINITIONAL_REPRESENTATION('',(#7932),#7936);
#7932 = LINE('',#7933,#7934);
#7933 = CARTESIAN_POINT('',(2.520886533559,46.));
#7934 = VECTOR('',#7935,1.);
#7935 = DIRECTION('',(1.,0.));
#7936 = ( GEOMETRIC_REPRESENTATION_CONTEXT(2) 
PARAMETRIC_REPRESENTATION_CONTEXT() REPRESENTATION_CONTEXT('2D SPACE',''
  ) );
#7937 = ORIENTED_EDGE('',*,*,#7849,.F.);
#7938 = ADVANCED_FACE('',(#7939),#2424,.T.);
#7939 = FACE_BOUND('',#7940,.T.);
#7940 = EDGE_LOOP('',(#7941,#7969,#7989,#7990,#7991,#8012));
#7941 = ORIENTED_EDGE('',*,*,#7942,.F.);
#7942 = EDGE_CURVE('',#7943,#7945,#7947,.T.);
#7943 = VERTEX_POINT('',#7944);
#7944 = CARTESIAN_POINT('',(45.,-37.5,8.683467321066));
#7945 = VERTEX_POINT('',#7946);
#7946 = CARTESIAN_POINT('',(45.,-37.5,20.511904761905));
#7947 = SURFACE_CURVE('',#7948,(#7952,#7958),.PCURVE_S1.);
#7948 = LINE('',#7949,#7950);
#7949 = CARTESIAN_POINT('',(45.,-37.5,67.827403472904));
#7950 = VECTOR('',#7951,1.);
#7951 = DIRECTION('',(-0.,0.,1.));
#7952 = PCURVE('',#2424,#7953);
#7953 = DEFINITIONAL_REPRESENTATION('',(#7954),#7957);
#7954 = B_SPLINE_CURVE_WITH_KNOTS('',1,(#7955,#7956),.UNSPECIFIED.,.F.,
  .F.,(2,2),(-63.8274034729,11.415035356393),.PIECEWISE_BEZIER_KNOTS.);
#7955 = CARTESIAN_POINT('',(15.5,-96.));
#7956 = CARTESIAN_POINT('',(15.5,-20.7575611707));
#7957 = ( GEOMETRIC_REPRESENTATION_CONTEXT(2) 
PARAMETRIC_REPRESENTATION_CONTEXT() REPRESENTATION_CONTEXT('2D SPACE',''
  ) );
#7958 = PCURVE('',#7959,#7964);
#7959 = PLANE('',#7960);
#7960 = AXIS2_PLACEMENT_3D('',#7961,#7962,#7963);
#7961 = CARTESIAN_POINT('',(45.,60.084596666577,35.654806945809));
#7962 = DIRECTION('',(-1.,-0.,-0.));
#7963 = DIRECTION('',(0.,-1.,0.));
#7964 = DEFINITIONAL_REPRESENTATION('',(#7965),#7968);
#7965 = B_SPLINE_CURVE_WITH_KNOTS('',1,(#7966,#7967),.UNSPECIFIED.,.F.,
  .F.,(2,2),(-63.8274034729,11.415035356393),.PIECEWISE_BEZIER_KNOTS.);
#7966 = CARTESIAN_POINT('',(97.584596666577,-31.6548069458));
#7967 = CARTESIAN_POINT('',(97.584596666577,43.587631883489));
#7968 = ( GEOMETRIC_REPRESENTATION_CONTEXT(2) 
PARAMETRIC_REPRESENTATION_CONTEXT() REPRESENTATION_CONTEXT('2D SPACE',''
  ) );
#7969 = ORIENTED_EDGE('',*,*,#7970,.T.);
#7970 = EDGE_CURVE('',#7943,#7897,#7971,.T.);
#7971 = SURFACE_CURVE('',#7972,(#7976,#7982),.PCURVE_S1.);
#7972 = LINE('',#7973,#7974);
#7973 = CARTESIAN_POINT('',(14.75,-37.5,8.683467321066));
#7974 = VECTOR('',#7975,1.);
#7975 = DIRECTION('',(1.,0.,0.));
#7976 = PCURVE('',#2424,#7977);
#7977 = DEFINITIONAL_REPRESENTATION('',(#7978),#7981);
#7978 = B_SPLINE_CURVE_WITH_KNOTS('',1,(#7979,#7980),.UNSPECIFIED.,.F.,
  .F.,(2,2),(14.75,31.25),.PIECEWISE_BEZIER_KNOTS.);
#7979 = CARTESIAN_POINT('',(0.,-91.31653267893));
#7980 = CARTESIAN_POINT('',(16.5,-91.31653267893));
#7981 = ( GEOMETRIC_REPRESENTATION_CONTEXT(2) 
PARAMETRIC_REPRESENTATION_CONTEXT() REPRESENTATION_CONTEXT('2D SPACE',''
  ) );
#7982 = PCURVE('',#5892,#7983);
#7983 = DEFINITIONAL_REPRESENTATION('',(#7984),#7988);
#7984 = LINE('',#7985,#7986);
#7985 = CARTESIAN_POINT('',(181.25153462014,14.75));
#7986 = VECTOR('',#7987,1.);
#7987 = DIRECTION('',(0.,1.));
#7988 = ( GEOMETRIC_REPRESENTATION_CONTEXT(2) 
PARAMETRIC_REPRESENTATION_CONTEXT() REPRESENTATION_CONTEXT('2D SPACE',''
  ) );
#7989 = ORIENTED_EDGE('',*,*,#7896,.T.);
#7990 = ORIENTED_EDGE('',*,*,#2409,.T.);
#7991 = ORIENTED_EDGE('',*,*,#7992,.T.);
#7992 = EDGE_CURVE('',#2384,#7993,#7995,.T.);
#7993 = VERTEX_POINT('',#7994);
#7994 = CARTESIAN_POINT('',(48.2,-37.5,20.511904761905));
#7995 = SURFACE_CURVE('',#7996,(#8000,#8006),.PCURVE_S1.);
#7996 = LINE('',#7997,#7998);
#7997 = CARTESIAN_POINT('',(48.2,-37.5,67.827403472904));
#7998 = VECTOR('',#7999,1.);
#7999 = DIRECTION('',(-0.,0.,1.));
#8000 = PCURVE('',#2424,#8001);
#8001 = DEFINITIONAL_REPRESENTATION('',(#8002),#8005);
#8002 = B_SPLINE_CURVE_WITH_KNOTS('',1,(#8003,#8004),.UNSPECIFIED.,.F.,
  .F.,(2,2),(-66.0274034729,16.781694000279),.PIECEWISE_BEZIER_KNOTS.);
#8003 = CARTESIAN_POINT('',(18.7,-98.2));
#8004 = CARTESIAN_POINT('',(18.7,-15.39090252681));
#8005 = ( GEOMETRIC_REPRESENTATION_CONTEXT(2) 
PARAMETRIC_REPRESENTATION_CONTEXT() REPRESENTATION_CONTEXT('2D SPACE',''
  ) );
#8006 = PCURVE('',#2398,#8007);
#8007 = DEFINITIONAL_REPRESENTATION('',(#8008),#8011);
#8008 = B_SPLINE_CURVE_WITH_KNOTS('',1,(#8009,#8010),.UNSPECIFIED.,.F.,
  .F.,(2,2),(-66.0274034729,16.781694000279),.PIECEWISE_BEZIER_KNOTS.);
#8009 = CARTESIAN_POINT('',(97.584596666577,-33.8548069458));
#8010 = CARTESIAN_POINT('',(97.584596666577,48.954290527375));
#8011 = ( GEOMETRIC_REPRESENTATION_CONTEXT(2) 
PARAMETRIC_REPRESENTATION_CONTEXT() REPRESENTATION_CONTEXT('2D SPACE',''
  ) );
#8012 = ORIENTED_EDGE('',*,*,#8013,.F.);
#8013 = EDGE_CURVE('',#7945,#7993,#8014,.T.);
#8014 = SURFACE_CURVE('',#8015,(#8019,#8025),.PCURVE_S1.);
#8015 = LINE('',#8016,#8017);
#8016 = CARTESIAN_POINT('',(14.75,-37.5,20.511904761905));
#8017 = VECTOR('',#8018,1.);
#8018 = DIRECTION('',(1.,0.,0.));
#8019 = PCURVE('',#2424,#8020);
#8020 = DEFINITIONAL_REPRESENTATION('',(#8021),#8024);
#8021 = B_SPLINE_CURVE_WITH_KNOTS('',1,(#8022,#8023),.UNSPECIFIED.,.F.,
  .F.,(2,2),(14.75,33.45),.PIECEWISE_BEZIER_KNOTS.);
#8022 = CARTESIAN_POINT('',(0.,-79.48809523809));
#8023 = CARTESIAN_POINT('',(18.7,-79.48809523809));
#8024 = ( GEOMETRIC_REPRESENTATION_CONTEXT(2) 
PARAMETRIC_REPRESENTATION_CONTEXT() REPRESENTATION_CONTEXT('2D SPACE',''
  ) );
#8025 = PCURVE('',#8026,#8031);
#8026 = PLANE('',#8027);
#8027 = AXIS2_PLACEMENT_3D('',#8028,#8029,#8030);
#8028 = CARTESIAN_POINT('',(0.,140.,67.));
#8029 = DIRECTION('',(0.,-0.253359391838,0.96737222338));
#8030 = DIRECTION('',(0.,-0.96737222338,-0.253359391838));
#8031 = DEFINITIONAL_REPRESENTATION('',(#8032),#8035);
#8032 = B_SPLINE_CURVE_WITH_KNOTS('',1,(#8033,#8034),.UNSPECIFIED.,.F.,
  .F.,(2,2),(14.75,33.45),.PIECEWISE_BEZIER_KNOTS.);
#8033 = CARTESIAN_POINT('',(183.48676518721,29.5));
#8034 = CARTESIAN_POINT('',(183.48676518721,48.2));
#8035 = ( GEOMETRIC_REPRESENTATION_CONTEXT(2) 
PARAMETRIC_REPRESENTATION_CONTEXT() REPRESENTATION_CONTEXT('2D SPACE',''
  ) );
#8036 = ADVANCED_FACE('',(#8037),#2398,.F.);
#8037 = FACE_BOUND('',#8038,.F.);
#8038 = EDGE_LOOP('',(#8039,#8060,#8061,#8062));
#8039 = ORIENTED_EDGE('',*,*,#8040,.F.);
#8040 = EDGE_CURVE('',#2358,#8041,#8043,.T.);
#8041 = VERTEX_POINT('',#8042);
#8042 = CARTESIAN_POINT('',(48.2,22.,36.095238095238));
#8043 = SURFACE_CURVE('',#8044,(#8048,#8054),.PCURVE_S1.);
#8044 = LINE('',#8045,#8046);
#8045 = CARTESIAN_POINT('',(48.2,22.,67.827403472904));
#8046 = VECTOR('',#8047,1.);
#8047 = DIRECTION('',(-0.,0.,1.));
#8048 = PCURVE('',#2398,#8049);
#8049 = DEFINITIONAL_REPRESENTATION('',(#8050),#8053);
#8050 = B_SPLINE_CURVE_WITH_KNOTS('',1,(#8051,#8052),.UNSPECIFIED.,.F.,
  .F.,(2,2),(-66.0274034729,16.781694000279),.PIECEWISE_BEZIER_KNOTS.);
#8051 = CARTESIAN_POINT('',(38.084596666577,-33.8548069458));
#8052 = CARTESIAN_POINT('',(38.084596666577,48.954290527375));
#8053 = ( GEOMETRIC_REPRESENTATION_CONTEXT(2) 
PARAMETRIC_REPRESENTATION_CONTEXT() REPRESENTATION_CONTEXT('2D SPACE',''
  ) );
#8054 = PCURVE('',#2372,#8055);
#8055 = DEFINITIONAL_REPRESENTATION('',(#8056),#8059);
#8056 = B_SPLINE_CURVE_WITH_KNOTS('',1,(#8057,#8058),.UNSPECIFIED.,.F.,
  .F.,(2,2),(-66.0274034729,16.781694000279),.PIECEWISE_BEZIER_KNOTS.);
#8057 = CARTESIAN_POINT('',(7.7,-98.2));
#8058 = CARTESIAN_POINT('',(7.7,-15.39090252681));
#8059 = ( GEOMETRIC_REPRESENTATION_CONTEXT(2) 
PARAMETRIC_REPRESENTATION_CONTEXT() REPRESENTATION_CONTEXT('2D SPACE',''
  ) );
#8060 = ORIENTED_EDGE('',*,*,#2383,.T.);
#8061 = ORIENTED_EDGE('',*,*,#7992,.T.);
#8062 = ORIENTED_EDGE('',*,*,#8063,.T.);
#8063 = EDGE_CURVE('',#7993,#8041,#8064,.T.);
#8064 = SURFACE_CURVE('',#8065,(#8069,#8075),.PCURVE_S1.);
#8065 = LINE('',#8066,#8067);
#8066 = CARTESIAN_POINT('',(48.2,98.765981254325,56.200614138038));
#8067 = VECTOR('',#8068,1.);
#8068 = DIRECTION('',(-0.,0.96737222338,0.253359391838));
#8069 = PCURVE('',#2398,#8070);
#8070 = DEFINITIONAL_REPRESENTATION('',(#8071),#8074);
#8071 = B_SPLINE_CURVE_WITH_KNOTS('',1,(#8072,#8073),.UNSPECIFIED.,.F.,
  .F.,(2,2),(-170.3232502155,42.624770227114),.PIECEWISE_BEZIER_KNOTS.);
#8072 = CARTESIAN_POINT('',(126.08459666657,-22.60718789819));
#8073 = CARTESIAN_POINT('',(-79.91540333342,31.345193054191));
#8074 = ( GEOMETRIC_REPRESENTATION_CONTEXT(2) 
PARAMETRIC_REPRESENTATION_CONTEXT() REPRESENTATION_CONTEXT('2D SPACE',''
  ) );
#8075 = PCURVE('',#8026,#8076);
#8076 = DEFINITIONAL_REPRESENTATION('',(#8077),#8080);
#8077 = B_SPLINE_CURVE_WITH_KNOTS('',1,(#8078,#8079),.UNSPECIFIED.,.F.,
  .F.,(2,2),(-170.3232502155,42.624770227114),.PIECEWISE_BEZIER_KNOTS.);
#8078 = CARTESIAN_POINT('',(212.94802044262,48.2));
#8079 = CARTESIAN_POINT('',(0.,48.2));
#8080 = ( GEOMETRIC_REPRESENTATION_CONTEXT(2) 
PARAMETRIC_REPRESENTATION_CONTEXT() REPRESENTATION_CONTEXT('2D SPACE',''
  ) );
#8081 = ADVANCED_FACE('',(#8082),#2372,.F.);
#8082 = FACE_BOUND('',#8083,.F.);
#8083 = EDGE_LOOP('',(#8084,#8107,#8129,#8148,#8149,#8150));
#8084 = ORIENTED_EDGE('',*,*,#8085,.F.);
#8085 = EDGE_CURVE('',#8086,#8088,#8090,.T.);
#8086 = VERTEX_POINT('',#8087);
#8087 = CARTESIAN_POINT('',(45.,22.,17.183467321066));
#8088 = VERTEX_POINT('',#8089);
#8089 = CARTESIAN_POINT('',(45.,22.,36.095238095238));
#8090 = SURFACE_CURVE('',#8091,(#8095,#8101),.PCURVE_S1.);
#8091 = LINE('',#8092,#8093);
#8092 = CARTESIAN_POINT('',(45.,22.,67.827403472904));
#8093 = VECTOR('',#8094,1.);
#8094 = DIRECTION('',(-0.,0.,1.));
#8095 = PCURVE('',#2372,#8096);
#8096 = DEFINITIONAL_REPRESENTATION('',(#8097),#8100);
#8097 = B_SPLINE_CURVE_WITH_KNOTS('',1,(#8098,#8099),.UNSPECIFIED.,.F.,
  .F.,(2,2),(-63.8274034729,11.415035356393),.PIECEWISE_BEZIER_KNOTS.);
#8098 = CARTESIAN_POINT('',(4.5,-96.));
#8099 = CARTESIAN_POINT('',(4.5,-20.7575611707));
#8100 = ( GEOMETRIC_REPRESENTATION_CONTEXT(2) 
PARAMETRIC_REPRESENTATION_CONTEXT() REPRESENTATION_CONTEXT('2D SPACE',''
  ) );
#8101 = PCURVE('',#7959,#8102);
#8102 = DEFINITIONAL_REPRESENTATION('',(#8103),#8106);
#8103 = B_SPLINE_CURVE_WITH_KNOTS('',1,(#8104,#8105),.UNSPECIFIED.,.F.,
  .F.,(2,2),(-63.8274034729,11.415035356393),.PIECEWISE_BEZIER_KNOTS.);
#8104 = CARTESIAN_POINT('',(38.084596666577,-31.6548069458));
#8105 = CARTESIAN_POINT('',(38.084596666577,43.587631883489));
#8106 = ( GEOMETRIC_REPRESENTATION_CONTEXT(2) 
PARAMETRIC_REPRESENTATION_CONTEXT() REPRESENTATION_CONTEXT('2D SPACE',''
  ) );
#8107 = ORIENTED_EDGE('',*,*,#8108,.T.);
#8108 = EDGE_CURVE('',#8086,#8109,#8111,.T.);
#8109 = VERTEX_POINT('',#8110);
#8110 = CARTESIAN_POINT('',(46.,22.,17.183467321066));
#8111 = SURFACE_CURVE('',#8112,(#8116,#8122),.PCURVE_S1.);
#8112 = LINE('',#8113,#8114);
#8113 = CARTESIAN_POINT('',(20.25,22.,17.183467321066));
#8114 = VECTOR('',#8115,1.);
#8115 = DIRECTION('',(1.,0.,0.));
#8116 = PCURVE('',#2372,#8117);
#8117 = DEFINITIONAL_REPRESENTATION('',(#8118),#8121);
#8118 = B_SPLINE_CURVE_WITH_KNOTS('',1,(#8119,#8120),.UNSPECIFIED.,.F.,
  .F.,(2,2),(20.25,25.75),.PIECEWISE_BEZIER_KNOTS.);
#8119 = CARTESIAN_POINT('',(0.,-82.81653267893));
#8120 = CARTESIAN_POINT('',(5.5,-82.81653267893));
#8121 = ( GEOMETRIC_REPRESENTATION_CONTEXT(2) 
PARAMETRIC_REPRESENTATION_CONTEXT() REPRESENTATION_CONTEXT('2D SPACE',''
  ) );
#8122 = PCURVE('',#5892,#8123);
#8123 = DEFINITIONAL_REPRESENTATION('',(#8124),#8128);
#8124 = LINE('',#8125,#8126);
#8125 = CARTESIAN_POINT('',(121.14745821929,20.25));
#8126 = VECTOR('',#8127,1.);
#8127 = DIRECTION('',(0.,1.));
#8128 = ( GEOMETRIC_REPRESENTATION_CONTEXT(2) 
PARAMETRIC_REPRESENTATION_CONTEXT() REPRESENTATION_CONTEXT('2D SPACE',''
  ) );
#8129 = ORIENTED_EDGE('',*,*,#8130,.T.);
#8130 = EDGE_CURVE('',#8109,#2332,#8131,.T.);
#8131 = SURFACE_CURVE('',#8132,(#8136,#8142),.PCURVE_S1.);
#8132 = LINE('',#8133,#8134);
#8133 = CARTESIAN_POINT('',(46.,22.,67.827403472904));
#8134 = VECTOR('',#8135,1.);
#8135 = DIRECTION('',(-0.,0.,1.));
#8136 = PCURVE('',#2372,#8137);
#8137 = DEFINITIONAL_REPRESENTATION('',(#8138),#8141);
#8138 = B_SPLINE_CURVE_WITH_KNOTS('',1,(#8139,#8140),.UNSPECIFIED.,.F.,
  .F.,(2,2),(-52.86627174985,-31.73216537766),.PIECEWISE_BEZIER_KNOTS.);
#8139 = CARTESIAN_POINT('',(5.5,-85.03886827694));
#8140 = CARTESIAN_POINT('',(5.5,-63.90476190476));
#8141 = ( GEOMETRIC_REPRESENTATION_CONTEXT(2) 
PARAMETRIC_REPRESENTATION_CONTEXT() REPRESENTATION_CONTEXT('2D SPACE',''
  ) );
#8142 = PCURVE('',#2346,#8143);
#8143 = DEFINITIONAL_REPRESENTATION('',(#8144),#8147);
#8144 = B_SPLINE_CURVE_WITH_KNOTS('',1,(#8145,#8146),.UNSPECIFIED.,.F.,
  .F.,(2,2),(-52.86627174985,-31.73216537766),.PIECEWISE_BEZIER_KNOTS.);
#8145 = CARTESIAN_POINT('',(38.084596666577,-20.69367522275));
#8146 = CARTESIAN_POINT('',(38.084596666577,0.440431149429));
#8147 = ( GEOMETRIC_REPRESENTATION_CONTEXT(2) 
PARAMETRIC_REPRESENTATION_CONTEXT() REPRESENTATION_CONTEXT('2D SPACE',''
  ) );
#8148 = ORIENTED_EDGE('',*,*,#2357,.T.);
#8149 = ORIENTED_EDGE('',*,*,#8040,.T.);
#8150 = ORIENTED_EDGE('',*,*,#8151,.F.);
#8151 = EDGE_CURVE('',#8088,#8041,#8152,.T.);
#8152 = SURFACE_CURVE('',#8153,(#8157,#8163),.PCURVE_S1.);
#8153 = LINE('',#8154,#8155);
#8154 = CARTESIAN_POINT('',(20.25,22.,36.095238095238));
#8155 = VECTOR('',#8156,1.);
#8156 = DIRECTION('',(1.,0.,0.));
#8157 = PCURVE('',#2372,#8158);
#8158 = DEFINITIONAL_REPRESENTATION('',(#8159),#8162);
#8159 = B_SPLINE_CURVE_WITH_KNOTS('',1,(#8160,#8161),.UNSPECIFIED.,.F.,
  .F.,(2,2),(20.25,27.95),.PIECEWISE_BEZIER_KNOTS.);
#8160 = CARTESIAN_POINT('',(0.,-63.90476190476));
#8161 = CARTESIAN_POINT('',(7.7,-63.90476190476));
#8162 = ( GEOMETRIC_REPRESENTATION_CONTEXT(2) 
PARAMETRIC_REPRESENTATION_CONTEXT() REPRESENTATION_CONTEXT('2D SPACE',''
  ) );
#8163 = PCURVE('',#8026,#8164);
#8164 = DEFINITIONAL_REPRESENTATION('',(#8165),#8168);
#8165 = B_SPLINE_CURVE_WITH_KNOTS('',1,(#8166,#8167),.UNSPECIFIED.,.F.,
  .F.,(2,2),(20.25,27.95),.PIECEWISE_BEZIER_KNOTS.);
#8166 = CARTESIAN_POINT('',(121.97993403994,40.5));
#8167 = CARTESIAN_POINT('',(121.97993403994,48.2));
#8168 = ( GEOMETRIC_REPRESENTATION_CONTEXT(2) 
PARAMETRIC_REPRESENTATION_CONTEXT() REPRESENTATION_CONTEXT('2D SPACE',''
  ) );
#8169 = ADVANCED_FACE('',(#8170),#2346,.T.);
#8170 = FACE_BOUND('',#8171,.T.);
#8171 = EDGE_LOOP('',(#8172,#8173,#8174,#8197,#8226,#8247,#8248,#8269));
#8172 = ORIENTED_EDGE('',*,*,#8130,.T.);
#8173 = ORIENTED_EDGE('',*,*,#2331,.T.);
#8174 = ORIENTED_EDGE('',*,*,#8175,.F.);
#8175 = EDGE_CURVE('',#8176,#2306,#8178,.T.);
#8176 = VERTEX_POINT('',#8177);
#8177 = CARTESIAN_POINT('',(46.,27.4,28.));
#8178 = SURFACE_CURVE('',#8179,(#8183,#8190),.PCURVE_S1.);
#8179 = LINE('',#8180,#8181);
#8180 = CARTESIAN_POINT('',(46.,27.4,28.));
#8181 = VECTOR('',#8182,1.);
#8182 = DIRECTION('',(0.,0.,1.));
#8183 = PCURVE('',#2346,#8184);
#8184 = DEFINITIONAL_REPRESENTATION('',(#8185),#8189);
#8185 = LINE('',#8186,#8187);
#8186 = CARTESIAN_POINT('',(32.684596666577,-7.654806945809));
#8187 = VECTOR('',#8188,1.);
#8188 = DIRECTION('',(0.,1.));
#8189 = ( GEOMETRIC_REPRESENTATION_CONTEXT(2) 
PARAMETRIC_REPRESENTATION_CONTEXT() REPRESENTATION_CONTEXT('2D SPACE',''
  ) );
#8190 = PCURVE('',#2320,#8191);
#8191 = DEFINITIONAL_REPRESENTATION('',(#8192),#8196);
#8192 = LINE('',#8193,#8194);
#8193 = CARTESIAN_POINT('',(0.,0.));
#8194 = VECTOR('',#8195,1.);
#8195 = DIRECTION('',(1.,0.));
#8196 = ( GEOMETRIC_REPRESENTATION_CONTEXT(2) 
PARAMETRIC_REPRESENTATION_CONTEXT() REPRESENTATION_CONTEXT('2D SPACE',''
  ) );
#8197 = ORIENTED_EDGE('',*,*,#8198,.F.);
#8198 = EDGE_CURVE('',#8199,#8176,#8201,.T.);
#8199 = VERTEX_POINT('',#8200);
#8200 = CARTESIAN_POINT('',(46.,36.6,28.));
#8201 = SURFACE_CURVE('',#8202,(#8207,#8214),.PCURVE_S1.);
#8202 = CIRCLE('',#8203,4.6);
#8203 = AXIS2_PLACEMENT_3D('',#8204,#8205,#8206);
#8204 = CARTESIAN_POINT('',(46.,32.,28.));
#8205 = DIRECTION('',(-1.,0.,0.));
#8206 = DIRECTION('',(0.,1.,0.));
#8207 = PCURVE('',#2346,#8208);
#8208 = DEFINITIONAL_REPRESENTATION('',(#8209),#8213);
#8209 = CIRCLE('',#8210,4.6);
#8210 = AXIS2_PLACEMENT_2D('',#8211,#8212);
#8211 = CARTESIAN_POINT('',(28.084596666577,-7.654806945809));
#8212 = DIRECTION('',(-1.,0.));
#8213 = ( GEOMETRIC_REPRESENTATION_CONTEXT(2) 
PARAMETRIC_REPRESENTATION_CONTEXT() REPRESENTATION_CONTEXT('2D SPACE',''
  ) );
#8214 = PCURVE('',#8215,#8220);
#8215 = CYLINDRICAL_SURFACE('',#8216,4.6);
#8216 = AXIS2_PLACEMENT_3D('',#8217,#8218,#8219);
#8217 = CARTESIAN_POINT('',(46.,32.,28.));
#8218 = DIRECTION('',(1.,0.,2.22044604925E-16));
#8219 = DIRECTION('',(2.22044604925E-16,0.,-1.));
#8220 = DEFINITIONAL_REPRESENTATION('',(#8221),#8225);
#8221 = LINE('',#8222,#8223);
#8222 = CARTESIAN_POINT('',(7.853981633974,0.));
#8223 = VECTOR('',#8224,1.);
#8224 = DIRECTION('',(-1.,-0.));
#8225 = ( GEOMETRIC_REPRESENTATION_CONTEXT(2) 
PARAMETRIC_REPRESENTATION_CONTEXT() REPRESENTATION_CONTEXT('2D SPACE',''
  ) );
#8226 = ORIENTED_EDGE('',*,*,#8227,.T.);
#8227 = EDGE_CURVE('',#8199,#4019,#8228,.T.);
#8228 = SURFACE_CURVE('',#8229,(#8233,#8240),.PCURVE_S1.);
#8229 = LINE('',#8230,#8231);
#8230 = CARTESIAN_POINT('',(46.,36.6,28.));
#8231 = VECTOR('',#8232,1.);
#8232 = DIRECTION('',(0.,0.,1.));
#8233 = PCURVE('',#2346,#8234);
#8234 = DEFINITIONAL_REPRESENTATION('',(#8235),#8239);
#8235 = LINE('',#8236,#8237);
#8236 = CARTESIAN_POINT('',(23.484596666577,-7.654806945809));
#8237 = VECTOR('',#8238,1.);
#8238 = DIRECTION('',(0.,1.));
#8239 = ( GEOMETRIC_REPRESENTATION_CONTEXT(2) 
PARAMETRIC_REPRESENTATION_CONTEXT() REPRESENTATION_CONTEXT('2D SPACE',''
  ) );
#8240 = PCURVE('',#4054,#8241);
#8241 = DEFINITIONAL_REPRESENTATION('',(#8242),#8246);
#8242 = LINE('',#8243,#8244);
#8243 = CARTESIAN_POINT('',(0.,0.));
#8244 = VECTOR('',#8245,1.);
#8245 = DIRECTION('',(1.,0.));
#8246 = ( GEOMETRIC_REPRESENTATION_CONTEXT(2) 
PARAMETRIC_REPRESENTATION_CONTEXT() REPRESENTATION_CONTEXT('2D SPACE',''
  ) );
#8247 = ORIENTED_EDGE('',*,*,#4018,.T.);
#8248 = ORIENTED_EDGE('',*,*,#8249,.F.);
#8249 = EDGE_CURVE('',#8250,#3993,#8252,.T.);
#8250 = VERTEX_POINT('',#8251);
#8251 = CARTESIAN_POINT('',(46.,42.,20.040610178209));
#8252 = SURFACE_CURVE('',#8253,(#8257,#8263),.PCURVE_S1.);
#8253 = LINE('',#8254,#8255);
#8254 = CARTESIAN_POINT('',(46.,42.,67.827403472904));
#8255 = VECTOR('',#8256,1.);
#8256 = DIRECTION('',(-0.,0.,1.));
#8257 = PCURVE('',#2346,#8258);
#8258 = DEFINITIONAL_REPRESENTATION('',(#8259),#8262);
#8259 = B_SPLINE_CURVE_WITH_KNOTS('',1,(#8260,#8261),.UNSPECIFIED.,.F.,
  .F.,(2,2),(-50.00912889271,-26.49407013957),.PIECEWISE_BEZIER_KNOTS.);
#8260 = CARTESIAN_POINT('',(18.084596666577,-17.83653236561));
#8261 = CARTESIAN_POINT('',(18.084596666577,5.678526387524));
#8262 = ( GEOMETRIC_REPRESENTATION_CONTEXT(2) 
PARAMETRIC_REPRESENTATION_CONTEXT() REPRESENTATION_CONTEXT('2D SPACE',''
  ) );
#8263 = PCURVE('',#4007,#8264);
#8264 = DEFINITIONAL_REPRESENTATION('',(#8265),#8268);
#8265 = B_SPLINE_CURVE_WITH_KNOTS('',1,(#8266,#8267),.UNSPECIFIED.,.F.,
  .F.,(2,2),(-50.00912889271,-26.49407013957),.PIECEWISE_BEZIER_KNOTS.);
#8266 = CARTESIAN_POINT('',(5.5,-82.1817254198));
#8267 = CARTESIAN_POINT('',(5.5,-58.66666666666));
#8268 = ( GEOMETRIC_REPRESENTATION_CONTEXT(2) 
PARAMETRIC_REPRESENTATION_CONTEXT() REPRESENTATION_CONTEXT('2D SPACE',''
  ) );
#8269 = ORIENTED_EDGE('',*,*,#8270,.T.);
#8270 = EDGE_CURVE('',#8250,#8109,#8271,.T.);
#8271 = SURFACE_CURVE('',#8272,(#8276,#8283),.PCURVE_S1.);
#8272 = LINE('',#8273,#8274);
#8273 = CARTESIAN_POINT('',(46.,139.43431457505,33.959797974645));
#8274 = VECTOR('',#8275,1.);
#8275 = DIRECTION('',(0.,-0.989949493661,-0.141421356237));
#8276 = PCURVE('',#2346,#8277);
#8277 = DEFINITIONAL_REPRESENTATION('',(#8278),#8282);
#8278 = LINE('',#8279,#8280);
#8279 = CARTESIAN_POINT('',(-79.34971790847,-1.695008971164));
#8280 = VECTOR('',#8281,1.);
#8281 = DIRECTION('',(0.989949493661,-0.141421356237));
#8282 = ( GEOMETRIC_REPRESENTATION_CONTEXT(2) 
PARAMETRIC_REPRESENTATION_CONTEXT() REPRESENTATION_CONTEXT('2D SPACE',''
  ) );
#8283 = PCURVE('',#5892,#8284);
#8284 = DEFINITIONAL_REPRESENTATION('',(#8285),#8289);
#8285 = LINE('',#8286,#8287);
#8286 = CARTESIAN_POINT('',(2.520886533559,46.));
#8287 = VECTOR('',#8288,1.);
#8288 = DIRECTION('',(1.,0.));
#8289 = ( GEOMETRIC_REPRESENTATION_CONTEXT(2) 
PARAMETRIC_REPRESENTATION_CONTEXT() REPRESENTATION_CONTEXT('2D SPACE',''
  ) );
#8290 = ADVANCED_FACE('',(#8291),#2320,.T.);
#8291 = FACE_BOUND('',#8292,.T.);
#8292 = EDGE_LOOP('',(#8293,#8316,#8336,#8337));
#8293 = ORIENTED_EDGE('',*,*,#8294,.F.);
#8294 = EDGE_CURVE('',#8295,#2280,#8297,.T.);
#8295 = VERTEX_POINT('',#8296);
#8296 = CARTESIAN_POINT('',(48.5,27.4,28.));
#8297 = SURFACE_CURVE('',#8298,(#8302,#8309),.PCURVE_S1.);
#8298 = LINE('',#8299,#8300);
#8299 = CARTESIAN_POINT('',(48.5,27.4,28.));
#8300 = VECTOR('',#8301,1.);
#8301 = DIRECTION('',(0.,0.,1.));
#8302 = PCURVE('',#2320,#8303);
#8303 = DEFINITIONAL_REPRESENTATION('',(#8304),#8308);
#8304 = LINE('',#8305,#8306);
#8305 = CARTESIAN_POINT('',(0.,2.5));
#8306 = VECTOR('',#8307,1.);
#8307 = DIRECTION('',(1.,0.));
#8308 = ( GEOMETRIC_REPRESENTATION_CONTEXT(2) 
PARAMETRIC_REPRESENTATION_CONTEXT() REPRESENTATION_CONTEXT('2D SPACE',''
  ) );
#8309 = PCURVE('',#2294,#8310);
#8310 = DEFINITIONAL_REPRESENTATION('',(#8311),#8315);
#8311 = LINE('',#8312,#8313);
#8312 = CARTESIAN_POINT('',(0.,0.));
#8313 = VECTOR('',#8314,1.);
#8314 = DIRECTION('',(1.,0.));
#8315 = ( GEOMETRIC_REPRESENTATION_CONTEXT(2) 
PARAMETRIC_REPRESENTATION_CONTEXT() REPRESENTATION_CONTEXT('2D SPACE',''
  ) );
#8316 = ORIENTED_EDGE('',*,*,#8317,.F.);
#8317 = EDGE_CURVE('',#8176,#8295,#8318,.T.);
#8318 = SURFACE_CURVE('',#8319,(#8323,#8330),.PCURVE_S1.);
#8319 = LINE('',#8320,#8321);
#8320 = CARTESIAN_POINT('',(46.,27.4,28.));
#8321 = VECTOR('',#8322,1.);
#8322 = DIRECTION('',(1.,0.,0.));
#8323 = PCURVE('',#2320,#8324);
#8324 = DEFINITIONAL_REPRESENTATION('',(#8325),#8329);
#8325 = LINE('',#8326,#8327);
#8326 = CARTESIAN_POINT('',(0.,0.));
#8327 = VECTOR('',#8328,1.);
#8328 = DIRECTION('',(0.,1.));
#8329 = ( GEOMETRIC_REPRESENTATION_CONTEXT(2) 
PARAMETRIC_REPRESENTATION_CONTEXT() REPRESENTATION_CONTEXT('2D SPACE',''
  ) );
#8330 = PCURVE('',#8215,#8331);
#8331 = DEFINITIONAL_REPRESENTATION('',(#8332),#8335);
#8332 = B_SPLINE_CURVE_WITH_KNOTS('',1,(#8333,#8334),.UNSPECIFIED.,.F.,
  .F.,(2,2),(0.,2.5),.PIECEWISE_BEZIER_KNOTS.);
#8333 = CARTESIAN_POINT('',(4.712388980385,0.));
#8334 = CARTESIAN_POINT('',(4.712388980385,2.5));
#8335 = ( GEOMETRIC_REPRESENTATION_CONTEXT(2) 
PARAMETRIC_REPRESENTATION_CONTEXT() REPRESENTATION_CONTEXT('2D SPACE',''
  ) );
#8336 = ORIENTED_EDGE('',*,*,#8175,.T.);
#8337 = ORIENTED_EDGE('',*,*,#2305,.F.);
#8338 = ADVANCED_FACE('',(#8339),#2294,.F.);
#8339 = FACE_BOUND('',#8340,.F.);
#8340 = EDGE_LOOP('',(#8341,#8342,#8343,#8344,#8345,#8346,#8347,#8371));
#8341 = ORIENTED_EDGE('',*,*,#4065,.F.);
#8342 = ORIENTED_EDGE('',*,*,#4219,.T.);
#8343 = ORIENTED_EDGE('',*,*,#4268,.F.);
#8344 = ORIENTED_EDGE('',*,*,#4295,.T.);
#8345 = ORIENTED_EDGE('',*,*,#2279,.F.);
#8346 = ORIENTED_EDGE('',*,*,#8294,.F.);
#8347 = ORIENTED_EDGE('',*,*,#8348,.T.);
#8348 = EDGE_CURVE('',#8295,#8349,#8351,.T.);
#8349 = VERTEX_POINT('',#8350);
#8350 = CARTESIAN_POINT('',(48.5,36.6,28.));
#8351 = SURFACE_CURVE('',#8352,(#8357,#8364),.PCURVE_S1.);
#8352 = CIRCLE('',#8353,4.6);
#8353 = AXIS2_PLACEMENT_3D('',#8354,#8355,#8356);
#8354 = CARTESIAN_POINT('',(48.5,32.,28.));
#8355 = DIRECTION('',(1.,0.,0.));
#8356 = DIRECTION('',(0.,-1.,0.));
#8357 = PCURVE('',#2294,#8358);
#8358 = DEFINITIONAL_REPRESENTATION('',(#8359),#8363);
#8359 = CIRCLE('',#8360,4.6);
#8360 = AXIS2_PLACEMENT_2D('',#8361,#8362);
#8361 = CARTESIAN_POINT('',(0.,-4.6));
#8362 = DIRECTION('',(0.,1.));
#8363 = ( GEOMETRIC_REPRESENTATION_CONTEXT(2) 
PARAMETRIC_REPRESENTATION_CONTEXT() REPRESENTATION_CONTEXT('2D SPACE',''
  ) );
#8364 = PCURVE('',#8215,#8365);
#8365 = DEFINITIONAL_REPRESENTATION('',(#8366),#8370);
#8366 = LINE('',#8367,#8368);
#8367 = CARTESIAN_POINT('',(4.712388980385,2.5));
#8368 = VECTOR('',#8369,1.);
#8369 = DIRECTION('',(1.,0.));
#8370 = ( GEOMETRIC_REPRESENTATION_CONTEXT(2) 
PARAMETRIC_REPRESENTATION_CONTEXT() REPRESENTATION_CONTEXT('2D SPACE',''
  ) );
#8371 = ORIENTED_EDGE('',*,*,#8372,.T.);
#8372 = EDGE_CURVE('',#8349,#4040,#8373,.T.);
#8373 = SURFACE_CURVE('',#8374,(#8378,#8385),.PCURVE_S1.);
#8374 = LINE('',#8375,#8376);
#8375 = CARTESIAN_POINT('',(48.5,36.6,28.));
#8376 = VECTOR('',#8377,1.);
#8377 = DIRECTION('',(0.,0.,1.));
#8378 = PCURVE('',#2294,#8379);
#8379 = DEFINITIONAL_REPRESENTATION('',(#8380),#8384);
#8380 = LINE('',#8381,#8382);
#8381 = CARTESIAN_POINT('',(0.,-9.2));
#8382 = VECTOR('',#8383,1.);
#8383 = DIRECTION('',(1.,0.));
#8384 = ( GEOMETRIC_REPRESENTATION_CONTEXT(2) 
PARAMETRIC_REPRESENTATION_CONTEXT() REPRESENTATION_CONTEXT('2D SPACE',''
  ) );
#8385 = PCURVE('',#4054,#8386);
#8386 = DEFINITIONAL_REPRESENTATION('',(#8387),#8391);
#8387 = LINE('',#8388,#8389);
#8388 = CARTESIAN_POINT('',(0.,2.5));
#8389 = VECTOR('',#8390,1.);
#8390 = DIRECTION('',(1.,0.));
#8391 = ( GEOMETRIC_REPRESENTATION_CONTEXT(2) 
PARAMETRIC_REPRESENTATION_CONTEXT() REPRESENTATION_CONTEXT('2D SPACE',''
  ) );
#8392 = ADVANCED_FACE('',(#8393),#2218,.F.);
#8393 = FACE_BOUND('',#8394,.F.);
#8394 = EDGE_LOOP('',(#8395,#8416,#8417,#8418));
#8395 = ORIENTED_EDGE('',*,*,#8396,.F.);
#8396 = EDGE_CURVE('',#3023,#4322,#8397,.T.);
#8397 = SURFACE_CURVE('',#8398,(#8402,#8409),.PCURVE_S1.);
#8398 = LINE('',#8399,#8400);
#8399 = CARTESIAN_POINT('',(-46.,-70.,1.5));
#8400 = VECTOR('',#8401,1.);
#8401 = DIRECTION('',(1.,0.,0.));
#8402 = PCURVE('',#2218,#8403);
#8403 = DEFINITIONAL_REPRESENTATION('',(#8404),#8408);
#8404 = LINE('',#8405,#8406);
#8405 = CARTESIAN_POINT('',(1.5,-46.));
#8406 = VECTOR('',#8407,1.);
#8407 = DIRECTION('',(0.,1.));
#8408 = ( GEOMETRIC_REPRESENTATION_CONTEXT(2) 
PARAMETRIC_REPRESENTATION_CONTEXT() REPRESENTATION_CONTEXT('2D SPACE',''
  ) );
#8409 = PCURVE('',#4473,#8410);
#8410 = DEFINITIONAL_REPRESENTATION('',(#8411),#8415);
#8411 = LINE('',#8412,#8413);
#8412 = CARTESIAN_POINT('',(-0.,-0.98280261204));
#8413 = VECTOR('',#8414,1.);
#8414 = DIRECTION('',(-1.,0.));
#8415 = ( GEOMETRIC_REPRESENTATION_CONTEXT(2) 
PARAMETRIC_REPRESENTATION_CONTEXT() REPRESENTATION_CONTEXT('2D SPACE',''
  ) );
#8416 = ORIENTED_EDGE('',*,*,#3022,.T.);
#8417 = ORIENTED_EDGE('',*,*,#2202,.F.);
#8418 = ORIENTED_EDGE('',*,*,#4321,.F.);
#8419 = ADVANCED_FACE('',(#8420),#2976,.F.);
#8420 = FACE_BOUND('',#8421,.F.);
#8421 = EDGE_LOOP('',(#8422,#8445,#8446,#8447));
#8422 = ORIENTED_EDGE('',*,*,#8423,.T.);
#8423 = EDGE_CURVE('',#8424,#2960,#8426,.T.);
#8424 = VERTEX_POINT('',#8425);
#8425 = CARTESIAN_POINT('',(-40.3,-47.25358419248,4.751780336653));
#8426 = SEAM_CURVE('',#8427,(#8431,#8438),.PCURVE_S1.);
#8427 = LINE('',#8428,#8429);
#8428 = CARTESIAN_POINT('',(-40.3,-34.79843648973,-42.80423816471));
#8429 = VECTOR('',#8430,1.);
#8430 = DIRECTION('',(0.,-0.253359391838,0.96737222338));
#8431 = PCURVE('',#2976,#8432);
#8432 = DEFINITIONAL_REPRESENTATION('',(#8433),#8437);
#8433 = LINE('',#8434,#8435);
#8434 = CARTESIAN_POINT('',(6.28318530718,-0.));
#8435 = VECTOR('',#8436,1.);
#8436 = DIRECTION('',(0.,1.));
#8437 = ( GEOMETRIC_REPRESENTATION_CONTEXT(2) 
PARAMETRIC_REPRESENTATION_CONTEXT() REPRESENTATION_CONTEXT('2D SPACE',''
  ) );
#8438 = PCURVE('',#2976,#8439);
#8439 = DEFINITIONAL_REPRESENTATION('',(#8440),#8444);
#8440 = LINE('',#8441,#8442);
#8441 = CARTESIAN_POINT('',(0.,-0.));
#8442 = VECTOR('',#8443,1.);
#8443 = DIRECTION('',(0.,1.));
#8444 = ( GEOMETRIC_REPRESENTATION_CONTEXT(2) 
PARAMETRIC_REPRESENTATION_CONTEXT() REPRESENTATION_CONTEXT('2D SPACE',''
  ) );
#8445 = ORIENTED_EDGE('',*,*,#2959,.F.);
#8446 = ORIENTED_EDGE('',*,*,#8423,.F.);
#8447 = ORIENTED_EDGE('',*,*,#8448,.T.);
#8448 = EDGE_CURVE('',#8424,#8424,#8449,.T.);
#8449 = SURFACE_CURVE('',#8450,(#8455,#8462),.PCURVE_S1.);
#8450 = CIRCLE('',#8451,1.7);
#8451 = AXIS2_PLACEMENT_3D('',#8452,#8453,#8454);
#8452 = CARTESIAN_POINT('',(-42.,-47.25358419248,4.751780336653));
#8453 = DIRECTION('',(0.,-0.253359391838,0.96737222338));
#8454 = DIRECTION('',(1.,0.,0.));
#8455 = PCURVE('',#2976,#8456);
#8456 = DEFINITIONAL_REPRESENTATION('',(#8457),#8461);
#8457 = LINE('',#8458,#8459);
#8458 = CARTESIAN_POINT('',(0.,49.16));
#8459 = VECTOR('',#8460,1.);
#8460 = DIRECTION('',(1.,0.));
#8461 = ( GEOMETRIC_REPRESENTATION_CONTEXT(2) 
PARAMETRIC_REPRESENTATION_CONTEXT() REPRESENTATION_CONTEXT('2D SPACE',''
  ) );
#8462 = PCURVE('',#8463,#8468);
#8463 = PLANE('',#8464);
#8464 = AXIS2_PLACEMENT_3D('',#8465,#8466,#8467);
#8465 = CARTESIAN_POINT('',(-42.,-47.25358419248,4.751780336653));
#8466 = DIRECTION('',(0.,-0.253359391838,0.96737222338));
#8467 = DIRECTION('',(1.,0.,0.));
#8468 = DEFINITIONAL_REPRESENTATION('',(#8469),#8473);
#8469 = CIRCLE('',#8470,1.7);
#8470 = AXIS2_PLACEMENT_2D('',#8471,#8472);
#8471 = CARTESIAN_POINT('',(0.,-7.773706438024E-15));
#8472 = DIRECTION('',(1.,0.));
#8473 = ( GEOMETRIC_REPRESENTATION_CONTEXT(2) 
PARAMETRIC_REPRESENTATION_CONTEXT() REPRESENTATION_CONTEXT('2D SPACE',''
  ) );
#8474 = ADVANCED_FACE('',(#8475),#3007,.F.);
#8475 = FACE_BOUND('',#8476,.F.);
#8476 = EDGE_LOOP('',(#8477,#8500,#8501,#8502));
#8477 = ORIENTED_EDGE('',*,*,#8478,.T.);
#8478 = EDGE_CURVE('',#8479,#2991,#8481,.T.);
#8479 = VERTEX_POINT('',#8480);
#8480 = CARTESIAN_POINT('',(43.7,-47.25358419248,4.751780336653));
#8481 = SEAM_CURVE('',#8482,(#8486,#8493),.PCURVE_S1.);
#8482 = LINE('',#8483,#8484);
#8483 = CARTESIAN_POINT('',(43.7,-34.79843648973,-42.80423816471));
#8484 = VECTOR('',#8485,1.);
#8485 = DIRECTION('',(0.,-0.253359391838,0.96737222338));
#8486 = PCURVE('',#3007,#8487);
#8487 = DEFINITIONAL_REPRESENTATION('',(#8488),#8492);
#8488 = LINE('',#8489,#8490);
#8489 = CARTESIAN_POINT('',(6.28318530718,-0.));
#8490 = VECTOR('',#8491,1.);
#8491 = DIRECTION('',(0.,1.));
#8492 = ( GEOMETRIC_REPRESENTATION_CONTEXT(2) 
PARAMETRIC_REPRESENTATION_CONTEXT() REPRESENTATION_CONTEXT('2D SPACE',''
  ) );
#8493 = PCURVE('',#3007,#8494);
#8494 = DEFINITIONAL_REPRESENTATION('',(#8495),#8499);
#8495 = LINE('',#8496,#8497);
#8496 = CARTESIAN_POINT('',(0.,-0.));
#8497 = VECTOR('',#8498,1.);
#8498 = DIRECTION('',(0.,1.));
#8499 = ( GEOMETRIC_REPRESENTATION_CONTEXT(2) 
PARAMETRIC_REPRESENTATION_CONTEXT() REPRESENTATION_CONTEXT('2D SPACE',''
  ) );
#8500 = ORIENTED_EDGE('',*,*,#2990,.F.);
#8501 = ORIENTED_EDGE('',*,*,#8478,.F.);
#8502 = ORIENTED_EDGE('',*,*,#8503,.T.);
#8503 = EDGE_CURVE('',#8479,#8479,#8504,.T.);
#8504 = SURFACE_CURVE('',#8505,(#8510,#8517),.PCURVE_S1.);
#8505 = CIRCLE('',#8506,1.7);
#8506 = AXIS2_PLACEMENT_3D('',#8507,#8508,#8509);
#8507 = CARTESIAN_POINT('',(42.,-47.25358419248,4.751780336653));
#8508 = DIRECTION('',(0.,-0.253359391838,0.96737222338));
#8509 = DIRECTION('',(1.,0.,0.));
#8510 = PCURVE('',#3007,#8511);
#8511 = DEFINITIONAL_REPRESENTATION('',(#8512),#8516);
#8512 = LINE('',#8513,#8514);
#8513 = CARTESIAN_POINT('',(0.,49.16));
#8514 = VECTOR('',#8515,1.);
#8515 = DIRECTION('',(1.,0.));
#8516 = ( GEOMETRIC_REPRESENTATION_CONTEXT(2) 
PARAMETRIC_REPRESENTATION_CONTEXT() REPRESENTATION_CONTEXT('2D SPACE',''
  ) );
#8517 = PCURVE('',#8518,#8523);
#8518 = PLANE('',#8519);
#8519 = AXIS2_PLACEMENT_3D('',#8520,#8521,#8522);
#8520 = CARTESIAN_POINT('',(42.,-47.25358419248,4.751780336653));
#8521 = DIRECTION('',(0.,-0.253359391838,0.96737222338));
#8522 = DIRECTION('',(1.,0.,0.));
#8523 = DEFINITIONAL_REPRESENTATION('',(#8524),#8528);
#8524 = CIRCLE('',#8525,1.7);
#8525 = AXIS2_PLACEMENT_2D('',#8526,#8527);
#8526 = CARTESIAN_POINT('',(0.,-7.773706438024E-15));
#8527 = DIRECTION('',(1.,0.));
#8528 = ( GEOMETRIC_REPRESENTATION_CONTEXT(2) 
PARAMETRIC_REPRESENTATION_CONTEXT() REPRESENTATION_CONTEXT('2D SPACE',''
  ) );
#8529 = ADVANCED_FACE('',(#8530),#3095,.T.);
#8530 = FACE_BOUND('',#8531,.T.);
#8531 = EDGE_LOOP('',(#8532,#8533,#8534,#8552));
#8532 = ORIENTED_EDGE('',*,*,#3142,.T.);
#8533 = ORIENTED_EDGE('',*,*,#4408,.T.);
#8534 = ORIENTED_EDGE('',*,*,#8535,.F.);
#8535 = EDGE_CURVE('',#3023,#4409,#8536,.T.);
#8536 = SURFACE_CURVE('',#8537,(#8540,#8546),.PCURVE_S1.);
#8537 = B_SPLINE_CURVE_WITH_KNOTS('',1,(#8538,#8539),.UNSPECIFIED.,.F.,
  .F.,(2,2),(0.,6.529406453607),.PIECEWISE_BEZIER_KNOTS.);
#8538 = CARTESIAN_POINT('',(-46.,-70.,1.5));
#8539 = CARTESIAN_POINT('',(-45.99999999999,-68.5150757595,
    0.212132034356));
#8540 = PCURVE('',#3095,#8541);
#8541 = DEFINITIONAL_REPRESENTATION('',(#8542),#8545);
#8542 = B_SPLINE_CURVE_WITH_KNOTS('',1,(#8543,#8544),.UNSPECIFIED.,.F.,
  .F.,(2,2),(0.,6.529406453607),.PIECEWISE_BEZIER_KNOTS.);
#8543 = CARTESIAN_POINT('',(0.,214.40654491707));
#8544 = CARTESIAN_POINT('',(6.529406453607,214.40654491707));
#8545 = ( GEOMETRIC_REPRESENTATION_CONTEXT(2) 
PARAMETRIC_REPRESENTATION_CONTEXT() REPRESENTATION_CONTEXT('2D SPACE',''
  ) );
#8546 = PCURVE('',#4473,#8547);
#8547 = DEFINITIONAL_REPRESENTATION('',(#8548),#8551);
#8548 = B_SPLINE_CURVE_WITH_KNOTS('',1,(#8549,#8550),.UNSPECIFIED.,.F.,
  .F.,(2,2),(0.,6.529406453607),.PIECEWISE_BEZIER_KNOTS.);
#8549 = CARTESIAN_POINT('',(0.,-0.98280261204));
#8550 = CARTESIAN_POINT('',(0.,0.98280261204));
#8551 = ( GEOMETRIC_REPRESENTATION_CONTEXT(2) 
PARAMETRIC_REPRESENTATION_CONTEXT() REPRESENTATION_CONTEXT('2D SPACE',''
  ) );
#8552 = ORIENTED_EDGE('',*,*,#3045,.F.);
#8553 = ADVANCED_FACE('',(#8554),#3253,.T.);
#8554 = FACE_BOUND('',#8555,.T.);
#8555 = EDGE_LOOP('',(#8556,#8575,#8576,#8577));
#8556 = ORIENTED_EDGE('',*,*,#8557,.T.);
#8557 = EDGE_CURVE('',#5798,#3293,#8558,.T.);
#8558 = SURFACE_CURVE('',#8559,(#8563,#8569),.PCURVE_S1.);
#8559 = LINE('',#8560,#8561);
#8560 = CARTESIAN_POINT('',(-45.,142.5,67.827403472904));
#8561 = VECTOR('',#8562,1.);
#8562 = DIRECTION('',(-0.,0.,1.));
#8563 = PCURVE('',#3253,#8564);
#8564 = DEFINITIONAL_REPRESENTATION('',(#8565),#8568);
#8565 = B_SPLINE_CURVE_WITH_KNOTS('',1,(#8566,#8567),.UNSPECIFIED.,.F.,
  .F.,(2,2),(-63.8274034729,11.415035356393),.PIECEWISE_BEZIER_KNOTS.);
#8566 = CARTESIAN_POINT('',(9.5,-96.));
#8567 = CARTESIAN_POINT('',(9.5,-20.7575611707));
#8568 = ( GEOMETRIC_REPRESENTATION_CONTEXT(2) 
PARAMETRIC_REPRESENTATION_CONTEXT() REPRESENTATION_CONTEXT('2D SPACE',''
  ) );
#8569 = PCURVE('',#3330,#8570);
#8570 = DEFINITIONAL_REPRESENTATION('',(#8571),#8574);
#8571 = B_SPLINE_CURVE_WITH_KNOTS('',1,(#8572,#8573),.UNSPECIFIED.,.F.,
  .F.,(2,2),(-63.8274034729,11.415035356393),.PIECEWISE_BEZIER_KNOTS.);
#8572 = CARTESIAN_POINT('',(-82.41540333342,-31.6548069458));
#8573 = CARTESIAN_POINT('',(-82.41540333342,43.587631883489));
#8574 = ( GEOMETRIC_REPRESENTATION_CONTEXT(2) 
PARAMETRIC_REPRESENTATION_CONTEXT() REPRESENTATION_CONTEXT('2D SPACE',''
  ) );
#8575 = ORIENTED_EDGE('',*,*,#3292,.T.);
#8576 = ORIENTED_EDGE('',*,*,#3240,.F.);
#8577 = ORIENTED_EDGE('',*,*,#5818,.T.);
#8578 = ADVANCED_FACE('',(#8579),#3522,.T.);
#8579 = FACE_BOUND('',#8580,.T.);
#8580 = EDGE_LOOP('',(#8581,#8582,#8603,#8622));
#8581 = ORIENTED_EDGE('',*,*,#3508,.T.);
#8582 = ORIENTED_EDGE('',*,*,#8583,.F.);
#8583 = EDGE_CURVE('',#8584,#3481,#8586,.T.);
#8584 = VERTEX_POINT('',#8585);
#8585 = CARTESIAN_POINT('',(45.,142.5,34.388491786491));
#8586 = SURFACE_CURVE('',#8587,(#8591,#8597),.PCURVE_S1.);
#8587 = LINE('',#8588,#8589);
#8588 = CARTESIAN_POINT('',(45.,142.5,67.827403472904));
#8589 = VECTOR('',#8590,1.);
#8590 = DIRECTION('',(-0.,0.,1.));
#8591 = PCURVE('',#3522,#8592);
#8592 = DEFINITIONAL_REPRESENTATION('',(#8593),#8596);
#8593 = B_SPLINE_CURVE_WITH_KNOTS('',1,(#8594,#8595),.UNSPECIFIED.,.F.,
  .F.,(2,2),(-63.8274034729,11.415035356393),.PIECEWISE_BEZIER_KNOTS.);
#8594 = CARTESIAN_POINT('',(15.5,-96.));
#8595 = CARTESIAN_POINT('',(15.5,-20.7575611707));
#8596 = ( GEOMETRIC_REPRESENTATION_CONTEXT(2) 
PARAMETRIC_REPRESENTATION_CONTEXT() REPRESENTATION_CONTEXT('2D SPACE',''
  ) );
#8597 = PCURVE('',#3496,#8598);
#8598 = DEFINITIONAL_REPRESENTATION('',(#8599),#8602);
#8599 = B_SPLINE_CURVE_WITH_KNOTS('',1,(#8600,#8601),.UNSPECIFIED.,.F.,
  .F.,(2,2),(-63.8274034729,11.415035356393),.PIECEWISE_BEZIER_KNOTS.);
#8600 = CARTESIAN_POINT('',(-82.41540333342,-31.6548069458));
#8601 = CARTESIAN_POINT('',(-82.41540333342,43.587631883489));
#8602 = ( GEOMETRIC_REPRESENTATION_CONTEXT(2) 
PARAMETRIC_REPRESENTATION_CONTEXT() REPRESENTATION_CONTEXT('2D SPACE',''
  ) );
#8603 = ORIENTED_EDGE('',*,*,#8604,.T.);
#8604 = EDGE_CURVE('',#8584,#3746,#8605,.T.);
#8605 = SURFACE_CURVE('',#8606,(#8610,#8616),.PCURVE_S1.);
#8606 = LINE('',#8607,#8608);
#8607 = CARTESIAN_POINT('',(35.75,142.5,34.388491786491));
#8608 = VECTOR('',#8609,1.);
#8609 = DIRECTION('',(1.,0.,-0.));
#8610 = PCURVE('',#3522,#8611);
#8611 = DEFINITIONAL_REPRESENTATION('',(#8612),#8615);
#8612 = B_SPLINE_CURVE_WITH_KNOTS('',1,(#8613,#8614),.UNSPECIFIED.,.F.,
  .F.,(2,2),(6.25,10.25),.PIECEWISE_BEZIER_KNOTS.);
#8613 = CARTESIAN_POINT('',(12.5,-65.6115082135));
#8614 = CARTESIAN_POINT('',(16.5,-65.6115082135));
#8615 = ( GEOMETRIC_REPRESENTATION_CONTEXT(2) 
PARAMETRIC_REPRESENTATION_CONTEXT() REPRESENTATION_CONTEXT('2D SPACE',''
  ) );
#8616 = PCURVE('',#3760,#8617);
#8617 = DEFINITIONAL_REPRESENTATION('',(#8618),#8621);
#8618 = B_SPLINE_CURVE_WITH_KNOTS('',1,(#8619,#8620),.UNSPECIFIED.,.F.,
  .F.,(2,2),(6.25,10.25),.PIECEWISE_BEZIER_KNOTS.);
#8619 = CARTESIAN_POINT('',(44.753878758881,0.));
#8620 = CARTESIAN_POINT('',(44.753878758881,4.));
#8621 = ( GEOMETRIC_REPRESENTATION_CONTEXT(2) 
PARAMETRIC_REPRESENTATION_CONTEXT() REPRESENTATION_CONTEXT('2D SPACE',''
  ) );
#8622 = ORIENTED_EDGE('',*,*,#3792,.T.);
#8623 = ADVANCED_FACE('',(#8624),#3496,.T.);
#8624 = FACE_BOUND('',#8625,.T.);
#8625 = EDGE_LOOP('',(#8626,#8647,#8670,#8689,#8690));
#8626 = ORIENTED_EDGE('',*,*,#8627,.F.);
#8627 = EDGE_CURVE('',#8628,#3454,#8630,.T.);
#8628 = VERTEX_POINT('',#8629);
#8629 = CARTESIAN_POINT('',(45.,145.,29.711102550928));
#8630 = SURFACE_CURVE('',#8631,(#8635,#8641),.PCURVE_S1.);
#8631 = LINE('',#8632,#8633);
#8632 = CARTESIAN_POINT('',(45.,145.,67.827403472904));
#8633 = VECTOR('',#8634,1.);
#8634 = DIRECTION('',(-0.,0.,1.));
#8635 = PCURVE('',#3496,#8636);
#8636 = DEFINITIONAL_REPRESENTATION('',(#8637),#8640);
#8637 = B_SPLINE_CURVE_WITH_KNOTS('',1,(#8638,#8639),.UNSPECIFIED.,.F.,
  .F.,(2,2),(-63.8274034729,11.415035356393),.PIECEWISE_BEZIER_KNOTS.);
#8638 = CARTESIAN_POINT('',(-84.91540333342,-31.6548069458));
#8639 = CARTESIAN_POINT('',(-84.91540333342,43.587631883489));
#8640 = ( GEOMETRIC_REPRESENTATION_CONTEXT(2) 
PARAMETRIC_REPRESENTATION_CONTEXT() REPRESENTATION_CONTEXT('2D SPACE',''
  ) );
#8641 = PCURVE('',#3469,#8642);
#8642 = DEFINITIONAL_REPRESENTATION('',(#8643),#8646);
#8643 = B_SPLINE_CURVE_WITH_KNOTS('',1,(#8644,#8645),.UNSPECIFIED.,.F.,
  .F.,(2,2),(-63.8274034729,11.415035356393),.PIECEWISE_BEZIER_KNOTS.);
#8644 = CARTESIAN_POINT('',(100.,-96.));
#8645 = CARTESIAN_POINT('',(100.,-20.7575611707));
#8646 = ( GEOMETRIC_REPRESENTATION_CONTEXT(2) 
PARAMETRIC_REPRESENTATION_CONTEXT() REPRESENTATION_CONTEXT('2D SPACE',''
  ) );
#8647 = ORIENTED_EDGE('',*,*,#8648,.F.);
#8648 = EDGE_CURVE('',#8649,#8628,#8651,.T.);
#8649 = VERTEX_POINT('',#8650);
#8650 = CARTESIAN_POINT('',(45.,142.90005025847,32.861027163211));
#8651 = SURFACE_CURVE('',#8652,(#8656,#8663),.PCURVE_S1.);
#8652 = LINE('',#8653,#8654);
#8653 = CARTESIAN_POINT('',(45.,142.90005025847,32.861027163211));
#8654 = VECTOR('',#8655,1.);
#8655 = DIRECTION('',(0.,0.554700196225,-0.832050294338));
#8656 = PCURVE('',#3496,#8657);
#8657 = DEFINITIONAL_REPRESENTATION('',(#8658),#8662);
#8658 = LINE('',#8659,#8660);
#8659 = CARTESIAN_POINT('',(-82.8154535919,-2.793779782598));
#8660 = VECTOR('',#8661,1.);
#8661 = DIRECTION('',(-0.554700196225,-0.832050294338));
#8662 = ( GEOMETRIC_REPRESENTATION_CONTEXT(2) 
PARAMETRIC_REPRESENTATION_CONTEXT() REPRESENTATION_CONTEXT('2D SPACE',''
  ) );
#8663 = PCURVE('',#5785,#8664);
#8664 = DEFINITIONAL_REPRESENTATION('',(#8665),#8669);
#8665 = LINE('',#8666,#8667);
#8666 = CARTESIAN_POINT('',(34.686637766505,45.));
#8667 = VECTOR('',#8668,1.);
#8668 = DIRECTION('',(-1.,0.));
#8669 = ( GEOMETRIC_REPRESENTATION_CONTEXT(2) 
PARAMETRIC_REPRESENTATION_CONTEXT() REPRESENTATION_CONTEXT('2D SPACE',''
  ) );
#8670 = ORIENTED_EDGE('',*,*,#8671,.T.);
#8671 = EDGE_CURVE('',#8649,#8584,#8672,.T.);
#8672 = SURFACE_CURVE('',#8673,(#8677,#8683),.PCURVE_S1.);
#8673 = LINE('',#8674,#8675);
#8674 = CARTESIAN_POINT('',(45.,145.36906255158,23.433889316816));
#8675 = VECTOR('',#8676,1.);
#8676 = DIRECTION('',(0.,-0.253359391838,0.96737222338));
#8677 = PCURVE('',#3496,#8678);
#8678 = DEFINITIONAL_REPRESENTATION('',(#8679),#8682);
#8679 = B_SPLINE_CURVE_WITH_KNOTS('',1,(#8680,#8681),.UNSPECIFIED.,.F.,
  .F.,(2,2),(9.745098751599,11.324082090549),.PIECEWISE_BEZIER_KNOTS.);
#8680 = CARTESIAN_POINT('',(-82.8154535919,-2.793779782598));
#8681 = CARTESIAN_POINT('',(-82.41540333342,-1.266315159318));
#8682 = ( GEOMETRIC_REPRESENTATION_CONTEXT(2) 
PARAMETRIC_REPRESENTATION_CONTEXT() REPRESENTATION_CONTEXT('2D SPACE',''
  ) );
#8683 = PCURVE('',#3760,#8684);
#8684 = DEFINITIONAL_REPRESENTATION('',(#8685),#8688);
#8685 = B_SPLINE_CURVE_WITH_KNOTS('',1,(#8686,#8687),.UNSPECIFIED.,.F.,
  .F.,(2,2),(9.745098751599,11.324082090549),.PIECEWISE_BEZIER_KNOTS.);
#8686 = CARTESIAN_POINT('',(43.174895419931,3.));
#8687 = CARTESIAN_POINT('',(44.753878758881,3.));
#8688 = ( GEOMETRIC_REPRESENTATION_CONTEXT(2) 
PARAMETRIC_REPRESENTATION_CONTEXT() REPRESENTATION_CONTEXT('2D SPACE',''
  ) );
#8689 = ORIENTED_EDGE('',*,*,#8583,.T.);
#8690 = ORIENTED_EDGE('',*,*,#3480,.T.);
#8691 = ADVANCED_FACE('',(#8692),#3469,.F.);
#8692 = FACE_BOUND('',#8693,.F.);
#8693 = EDGE_LOOP('',(#8694,#8695,#8717,#8736));
#8694 = ORIENTED_EDGE('',*,*,#8627,.F.);
#8695 = ORIENTED_EDGE('',*,*,#8696,.T.);
#8696 = EDGE_CURVE('',#8628,#8697,#8699,.T.);
#8697 = VERTEX_POINT('',#8698);
#8698 = CARTESIAN_POINT('',(46.,145.,29.711102550928));
#8699 = SURFACE_CURVE('',#8700,(#8704,#8710),.PCURVE_S1.);
#8700 = LINE('',#8701,#8702);
#8701 = CARTESIAN_POINT('',(-27.5,145.,29.711102550928));
#8702 = VECTOR('',#8703,1.);
#8703 = DIRECTION('',(1.,0.,0.));
#8704 = PCURVE('',#3469,#8705);
#8705 = DEFINITIONAL_REPRESENTATION('',(#8706),#8709);
#8706 = B_SPLINE_CURVE_WITH_KNOTS('',1,(#8707,#8708),.UNSPECIFIED.,.F.,
  .F.,(2,2),(-18.5,73.5),.PIECEWISE_BEZIER_KNOTS.);
#8707 = CARTESIAN_POINT('',(9.,-70.28889744907));
#8708 = CARTESIAN_POINT('',(101.,-70.28889744907));
#8709 = ( GEOMETRIC_REPRESENTATION_CONTEXT(2) 
PARAMETRIC_REPRESENTATION_CONTEXT() REPRESENTATION_CONTEXT('2D SPACE',''
  ) );
#8710 = PCURVE('',#5785,#8711);
#8711 = DEFINITIONAL_REPRESENTATION('',(#8712),#8716);
#8712 = LINE('',#8713,#8714);
#8713 = CARTESIAN_POINT('',(30.900899532028,-27.5));
#8714 = VECTOR('',#8715,1.);
#8715 = DIRECTION('',(0.,1.));
#8716 = ( GEOMETRIC_REPRESENTATION_CONTEXT(2) 
PARAMETRIC_REPRESENTATION_CONTEXT() REPRESENTATION_CONTEXT('2D SPACE',''
  ) );
#8717 = ORIENTED_EDGE('',*,*,#8718,.T.);
#8718 = EDGE_CURVE('',#8697,#3426,#8719,.T.);
#8719 = SURFACE_CURVE('',#8720,(#8724,#8730),.PCURVE_S1.);
#8720 = LINE('',#8721,#8722);
#8721 = CARTESIAN_POINT('',(46.,145.,67.827403472904));
#8722 = VECTOR('',#8723,1.);
#8723 = DIRECTION('',(-0.,0.,1.));
#8724 = PCURVE('',#3469,#8725);
#8725 = DEFINITIONAL_REPRESENTATION('',(#8726),#8729);
#8726 = B_SPLINE_CURVE_WITH_KNOTS('',1,(#8727,#8728),.UNSPECIFIED.,.F.,
  .F.,(2,2),(-42.08240732498,5.656694000279),.PIECEWISE_BEZIER_KNOTS.);
#8727 = CARTESIAN_POINT('',(101.,-74.25500385208));
#8728 = CARTESIAN_POINT('',(101.,-26.51590252681));
#8729 = ( GEOMETRIC_REPRESENTATION_CONTEXT(2) 
PARAMETRIC_REPRESENTATION_CONTEXT() REPRESENTATION_CONTEXT('2D SPACE',''
  ) );
#8730 = PCURVE('',#3441,#8731);
#8731 = DEFINITIONAL_REPRESENTATION('',(#8732),#8735);
#8732 = B_SPLINE_CURVE_WITH_KNOTS('',1,(#8733,#8734),.UNSPECIFIED.,.F.,
  .F.,(2,2),(-42.08240732498,5.656694000279),.PIECEWISE_BEZIER_KNOTS.);
#8733 = CARTESIAN_POINT('',(-84.91540333342,-9.909810797891));
#8734 = CARTESIAN_POINT('',(-84.91540333342,37.829290527375));
#8735 = ( GEOMETRIC_REPRESENTATION_CONTEXT(2) 
PARAMETRIC_REPRESENTATION_CONTEXT() REPRESENTATION_CONTEXT('2D SPACE',''
  ) );
#8736 = ORIENTED_EDGE('',*,*,#3453,.T.);
#8737 = ADVANCED_FACE('',(#8738),#3330,.F.);
#8738 = FACE_BOUND('',#8739,.F.);
#8739 = EDGE_LOOP('',(#8740,#8761,#8782,#8783,#8784));
#8740 = ORIENTED_EDGE('',*,*,#8741,.F.);
#8741 = EDGE_CURVE('',#8742,#3315,#8744,.T.);
#8742 = VERTEX_POINT('',#8743);
#8743 = CARTESIAN_POINT('',(-45.,145.,29.711102550928));
#8744 = SURFACE_CURVE('',#8745,(#8749,#8755),.PCURVE_S1.);
#8745 = LINE('',#8746,#8747);
#8746 = CARTESIAN_POINT('',(-45.,145.,67.827403472904));
#8747 = VECTOR('',#8748,1.);
#8748 = DIRECTION('',(-0.,0.,1.));
#8749 = PCURVE('',#3330,#8750);
#8750 = DEFINITIONAL_REPRESENTATION('',(#8751),#8754);
#8751 = B_SPLINE_CURVE_WITH_KNOTS('',1,(#8752,#8753),.UNSPECIFIED.,.F.,
  .F.,(2,2),(-63.8274034729,11.415035356393),.PIECEWISE_BEZIER_KNOTS.);
#8752 = CARTESIAN_POINT('',(-84.91540333342,-31.6548069458));
#8753 = CARTESIAN_POINT('',(-84.91540333342,43.587631883489));
#8754 = ( GEOMETRIC_REPRESENTATION_CONTEXT(2) 
PARAMETRIC_REPRESENTATION_CONTEXT() REPRESENTATION_CONTEXT('2D SPACE',''
  ) );
#8755 = PCURVE('',#3358,#8756);
#8756 = DEFINITIONAL_REPRESENTATION('',(#8757),#8760);
#8757 = B_SPLINE_CURVE_WITH_KNOTS('',1,(#8758,#8759),.UNSPECIFIED.,.F.,
  .F.,(2,2),(-63.8274034729,11.415035356393),.PIECEWISE_BEZIER_KNOTS.);
#8758 = CARTESIAN_POINT('',(10.,-96.));
#8759 = CARTESIAN_POINT('',(10.,-20.7575611707));
#8760 = ( GEOMETRIC_REPRESENTATION_CONTEXT(2) 
PARAMETRIC_REPRESENTATION_CONTEXT() REPRESENTATION_CONTEXT('2D SPACE',''
  ) );
#8761 = ORIENTED_EDGE('',*,*,#8762,.F.);
#8762 = EDGE_CURVE('',#5771,#8742,#8763,.T.);
#8763 = SURFACE_CURVE('',#8764,(#8768,#8775),.PCURVE_S1.);
#8764 = LINE('',#8765,#8766);
#8765 = CARTESIAN_POINT('',(-45.,142.90005025847,32.861027163211));
#8766 = VECTOR('',#8767,1.);
#8767 = DIRECTION('',(0.,0.554700196225,-0.832050294338));
#8768 = PCURVE('',#3330,#8769);
#8769 = DEFINITIONAL_REPRESENTATION('',(#8770),#8774);
#8770 = LINE('',#8771,#8772);
#8771 = CARTESIAN_POINT('',(-82.8154535919,-2.793779782598));
#8772 = VECTOR('',#8773,1.);
#8773 = DIRECTION('',(-0.554700196225,-0.832050294338));
#8774 = ( GEOMETRIC_REPRESENTATION_CONTEXT(2) 
PARAMETRIC_REPRESENTATION_CONTEXT() REPRESENTATION_CONTEXT('2D SPACE',''
  ) );
#8775 = PCURVE('',#5785,#8776);
#8776 = DEFINITIONAL_REPRESENTATION('',(#8777),#8781);
#8777 = LINE('',#8778,#8779);
#8778 = CARTESIAN_POINT('',(34.686637766505,-45.));
#8779 = VECTOR('',#8780,1.);
#8780 = DIRECTION('',(-1.,0.));
#8781 = ( GEOMETRIC_REPRESENTATION_CONTEXT(2) 
PARAMETRIC_REPRESENTATION_CONTEXT() REPRESENTATION_CONTEXT('2D SPACE',''
  ) );
#8782 = ORIENTED_EDGE('',*,*,#5797,.T.);
#8783 = ORIENTED_EDGE('',*,*,#8557,.T.);
#8784 = ORIENTED_EDGE('',*,*,#3314,.T.);
#8785 = ADVANCED_FACE('',(#8786),#3441,.T.);
#8786 = FACE_BOUND('',#8787,.T.);
#8787 = EDGE_LOOP('',(#8788,#8811,#8812,#8813));
#8788 = ORIENTED_EDGE('',*,*,#8789,.T.);
#8789 = EDGE_CURVE('',#8790,#8697,#8792,.T.);
#8790 = VERTEX_POINT('',#8791);
#8791 = CARTESIAN_POINT('',(46.,162.14073503395,4.));
#8792 = SURFACE_CURVE('',#8793,(#8797,#8804),.PCURVE_S1.);
#8793 = LINE('',#8794,#8795);
#8794 = CARTESIAN_POINT('',(46.,163.32820117735,2.218800784901));
#8795 = VECTOR('',#8796,1.);
#8796 = DIRECTION('',(0.,-0.554700196225,0.832050294338));
#8797 = PCURVE('',#3441,#8798);
#8798 = DEFINITIONAL_REPRESENTATION('',(#8799),#8803);
#8799 = LINE('',#8800,#8801);
#8800 = CARTESIAN_POINT('',(-103.2436045107,-33.4360061609));
#8801 = VECTOR('',#8802,1.);
#8802 = DIRECTION('',(0.554700196225,0.832050294338));
#8803 = ( GEOMETRIC_REPRESENTATION_CONTEXT(2) 
PARAMETRIC_REPRESENTATION_CONTEXT() REPRESENTATION_CONTEXT('2D SPACE',''
  ) );
#8804 = PCURVE('',#5785,#8805);
#8805 = DEFINITIONAL_REPRESENTATION('',(#8806),#8810);
#8806 = LINE('',#8807,#8808);
#8807 = CARTESIAN_POINT('',(-2.140735033952,46.));
#8808 = VECTOR('',#8809,1.);
#8809 = DIRECTION('',(1.,0.));
#8810 = ( GEOMETRIC_REPRESENTATION_CONTEXT(2) 
PARAMETRIC_REPRESENTATION_CONTEXT() REPRESENTATION_CONTEXT('2D SPACE',''
  ) );
#8811 = ORIENTED_EDGE('',*,*,#8718,.T.);
#8812 = ORIENTED_EDGE('',*,*,#3425,.T.);
#8813 = ORIENTED_EDGE('',*,*,#8814,.T.);
#8814 = EDGE_CURVE('',#3398,#8790,#8815,.T.);
#8815 = SURFACE_CURVE('',#8816,(#8820,#8827),.PCURVE_S1.);
#8816 = LINE('',#8817,#8818);
#8817 = CARTESIAN_POINT('',(46.,180.,4.));
#8818 = VECTOR('',#8819,1.);
#8819 = DIRECTION('',(0.,-1.,0.));
#8820 = PCURVE('',#3441,#8821);
#8821 = DEFINITIONAL_REPRESENTATION('',(#8822),#8826);
#8822 = LINE('',#8823,#8824);
#8823 = CARTESIAN_POINT('',(-119.9154033334,-31.6548069458));
#8824 = VECTOR('',#8825,1.);
#8825 = DIRECTION('',(1.,0.));
#8826 = ( GEOMETRIC_REPRESENTATION_CONTEXT(2) 
PARAMETRIC_REPRESENTATION_CONTEXT() REPRESENTATION_CONTEXT('2D SPACE',''
  ) );
#8827 = PCURVE('',#3413,#8828);
#8828 = DEFINITIONAL_REPRESENTATION('',(#8829),#8833);
#8829 = LINE('',#8830,#8831);
#8830 = CARTESIAN_POINT('',(-6.183173559866,46.));
#8831 = VECTOR('',#8832,1.);
#8832 = DIRECTION('',(1.,0.));
#8833 = ( GEOMETRIC_REPRESENTATION_CONTEXT(2) 
PARAMETRIC_REPRESENTATION_CONTEXT() REPRESENTATION_CONTEXT('2D SPACE',''
  ) );
#8834 = ADVANCED_FACE('',(#8835),#3358,.F.);
#8835 = FACE_BOUND('',#8836,.F.);
#8836 = EDGE_LOOP('',(#8837,#8859,#8860,#8861));
#8837 = ORIENTED_EDGE('',*,*,#8838,.T.);
#8838 = EDGE_CURVE('',#8839,#8742,#8841,.T.);
#8839 = VERTEX_POINT('',#8840);
#8840 = CARTESIAN_POINT('',(-46.,145.,29.711102550928));
#8841 = SURFACE_CURVE('',#8842,(#8846,#8852),.PCURVE_S1.);
#8842 = LINE('',#8843,#8844);
#8843 = CARTESIAN_POINT('',(-27.5,145.,29.711102550928));
#8844 = VECTOR('',#8845,1.);
#8845 = DIRECTION('',(1.,0.,0.));
#8846 = PCURVE('',#3358,#8847);
#8847 = DEFINITIONAL_REPRESENTATION('',(#8848),#8851);
#8848 = B_SPLINE_CURVE_WITH_KNOTS('',1,(#8849,#8850),.UNSPECIFIED.,.F.,
  .F.,(2,2),(-18.5,73.5),.PIECEWISE_BEZIER_KNOTS.);
#8849 = CARTESIAN_POINT('',(9.,-70.28889744907));
#8850 = CARTESIAN_POINT('',(101.,-70.28889744907));
#8851 = ( GEOMETRIC_REPRESENTATION_CONTEXT(2) 
PARAMETRIC_REPRESENTATION_CONTEXT() REPRESENTATION_CONTEXT('2D SPACE',''
  ) );
#8852 = PCURVE('',#5785,#8853);
#8853 = DEFINITIONAL_REPRESENTATION('',(#8854),#8858);
#8854 = LINE('',#8855,#8856);
#8855 = CARTESIAN_POINT('',(30.900899532028,-27.5));
#8856 = VECTOR('',#8857,1.);
#8857 = DIRECTION('',(0.,1.));
#8858 = ( GEOMETRIC_REPRESENTATION_CONTEXT(2) 
PARAMETRIC_REPRESENTATION_CONTEXT() REPRESENTATION_CONTEXT('2D SPACE',''
  ) );
#8859 = ORIENTED_EDGE('',*,*,#8741,.T.);
#8860 = ORIENTED_EDGE('',*,*,#3342,.T.);
#8861 = ORIENTED_EDGE('',*,*,#8862,.F.);
#8862 = EDGE_CURVE('',#8839,#3343,#8863,.T.);
#8863 = SURFACE_CURVE('',#8864,(#8868,#8874),.PCURVE_S1.);
#8864 = LINE('',#8865,#8866);
#8865 = CARTESIAN_POINT('',(-46.,145.,67.827403472904));
#8866 = VECTOR('',#8867,1.);
#8867 = DIRECTION('',(-0.,0.,1.));
#8868 = PCURVE('',#3358,#8869);
#8869 = DEFINITIONAL_REPRESENTATION('',(#8870),#8873);
#8870 = B_SPLINE_CURVE_WITH_KNOTS('',1,(#8871,#8872),.UNSPECIFIED.,.F.,
  .F.,(2,2),(-42.08240732498,5.656694000279),.PIECEWISE_BEZIER_KNOTS.);
#8871 = CARTESIAN_POINT('',(9.,-74.25500385208));
#8872 = CARTESIAN_POINT('',(9.,-26.51590252681));
#8873 = ( GEOMETRIC_REPRESENTATION_CONTEXT(2) 
PARAMETRIC_REPRESENTATION_CONTEXT() REPRESENTATION_CONTEXT('2D SPACE',''
  ) );
#8874 = PCURVE('',#3385,#8875);
#8875 = DEFINITIONAL_REPRESENTATION('',(#8876),#8879);
#8876 = B_SPLINE_CURVE_WITH_KNOTS('',1,(#8877,#8878),.UNSPECIFIED.,.F.,
  .F.,(2,2),(-42.08240732498,5.656694000279),.PIECEWISE_BEZIER_KNOTS.);
#8877 = CARTESIAN_POINT('',(-84.91540333342,-9.909810797891));
#8878 = CARTESIAN_POINT('',(-84.91540333342,37.829290527375));
#8879 = ( GEOMETRIC_REPRESENTATION_CONTEXT(2) 
PARAMETRIC_REPRESENTATION_CONTEXT() REPRESENTATION_CONTEXT('2D SPACE',''
  ) );
#8880 = ADVANCED_FACE('',(#8881),#3413,.T.);
#8881 = FACE_BOUND('',#8882,.T.);
#8882 = EDGE_LOOP('',(#8883,#8906,#8927,#8928));
#8883 = ORIENTED_EDGE('',*,*,#8884,.T.);
#8884 = EDGE_CURVE('',#3370,#8885,#8887,.T.);
#8885 = VERTEX_POINT('',#8886);
#8886 = CARTESIAN_POINT('',(-46.,162.14073503395,4.));
#8887 = SURFACE_CURVE('',#8888,(#8892,#8899),.PCURVE_S1.);
#8888 = LINE('',#8889,#8890);
#8889 = CARTESIAN_POINT('',(-46.,180.,4.));
#8890 = VECTOR('',#8891,1.);
#8891 = DIRECTION('',(0.,-1.,0.));
#8892 = PCURVE('',#3413,#8893);
#8893 = DEFINITIONAL_REPRESENTATION('',(#8894),#8898);
#8894 = LINE('',#8895,#8896);
#8895 = CARTESIAN_POINT('',(-6.183173559866,-46.));
#8896 = VECTOR('',#8897,1.);
#8897 = DIRECTION('',(1.,0.));
#8898 = ( GEOMETRIC_REPRESENTATION_CONTEXT(2) 
PARAMETRIC_REPRESENTATION_CONTEXT() REPRESENTATION_CONTEXT('2D SPACE',''
  ) );
#8899 = PCURVE('',#3385,#8900);
#8900 = DEFINITIONAL_REPRESENTATION('',(#8901),#8905);
#8901 = LINE('',#8902,#8903);
#8902 = CARTESIAN_POINT('',(-119.9154033334,-31.6548069458));
#8903 = VECTOR('',#8904,1.);
#8904 = DIRECTION('',(1.,0.));
#8905 = ( GEOMETRIC_REPRESENTATION_CONTEXT(2) 
PARAMETRIC_REPRESENTATION_CONTEXT() REPRESENTATION_CONTEXT('2D SPACE',''
  ) );
#8906 = ORIENTED_EDGE('',*,*,#8907,.T.);
#8907 = EDGE_CURVE('',#8885,#8790,#8908,.T.);
#8908 = SURFACE_CURVE('',#8909,(#8913,#8920),.PCURVE_S1.);
#8909 = LINE('',#8910,#8911);
#8910 = CARTESIAN_POINT('',(-46.,162.14073503395,4.));
#8911 = VECTOR('',#8912,1.);
#8912 = DIRECTION('',(1.,0.,0.));
#8913 = PCURVE('',#3413,#8914);
#8914 = DEFINITIONAL_REPRESENTATION('',(#8915),#8919);
#8915 = LINE('',#8916,#8917);
#8916 = CARTESIAN_POINT('',(11.676091406182,-46.));
#8917 = VECTOR('',#8918,1.);
#8918 = DIRECTION('',(0.,1.));
#8919 = ( GEOMETRIC_REPRESENTATION_CONTEXT(2) 
PARAMETRIC_REPRESENTATION_CONTEXT() REPRESENTATION_CONTEXT('2D SPACE',''
  ) );
#8920 = PCURVE('',#5785,#8921);
#8921 = DEFINITIONAL_REPRESENTATION('',(#8922),#8926);
#8922 = LINE('',#8923,#8924);
#8923 = CARTESIAN_POINT('',(1.108513673304E-14,-46.));
#8924 = VECTOR('',#8925,1.);
#8925 = DIRECTION('',(0.,1.));
#8926 = ( GEOMETRIC_REPRESENTATION_CONTEXT(2) 
PARAMETRIC_REPRESENTATION_CONTEXT() REPRESENTATION_CONTEXT('2D SPACE',''
  ) );
#8927 = ORIENTED_EDGE('',*,*,#8814,.F.);
#8928 = ORIENTED_EDGE('',*,*,#3397,.T.);
#8929 = ADVANCED_FACE('',(#8930),#3385,.F.);
#8930 = FACE_BOUND('',#8931,.F.);
#8931 = EDGE_LOOP('',(#8932,#8953,#8954,#8955));
#8932 = ORIENTED_EDGE('',*,*,#8933,.T.);
#8933 = EDGE_CURVE('',#8885,#8839,#8934,.T.);
#8934 = SURFACE_CURVE('',#8935,(#8939,#8946),.PCURVE_S1.);
#8935 = LINE('',#8936,#8937);
#8936 = CARTESIAN_POINT('',(-46.,163.32820117735,2.218800784901));
#8937 = VECTOR('',#8938,1.);
#8938 = DIRECTION('',(0.,-0.554700196225,0.832050294338));
#8939 = PCURVE('',#3385,#8940);
#8940 = DEFINITIONAL_REPRESENTATION('',(#8941),#8945);
#8941 = LINE('',#8942,#8943);
#8942 = CARTESIAN_POINT('',(-103.2436045107,-33.4360061609));
#8943 = VECTOR('',#8944,1.);
#8944 = DIRECTION('',(0.554700196225,0.832050294338));
#8945 = ( GEOMETRIC_REPRESENTATION_CONTEXT(2) 
PARAMETRIC_REPRESENTATION_CONTEXT() REPRESENTATION_CONTEXT('2D SPACE',''
  ) );
#8946 = PCURVE('',#5785,#8947);
#8947 = DEFINITIONAL_REPRESENTATION('',(#8948),#8952);
#8948 = LINE('',#8949,#8950);
#8949 = CARTESIAN_POINT('',(-2.140735033952,-46.));
#8950 = VECTOR('',#8951,1.);
#8951 = DIRECTION('',(1.,0.));
#8952 = ( GEOMETRIC_REPRESENTATION_CONTEXT(2) 
PARAMETRIC_REPRESENTATION_CONTEXT() REPRESENTATION_CONTEXT('2D SPACE',''
  ) );
#8953 = ORIENTED_EDGE('',*,*,#8862,.T.);
#8954 = ORIENTED_EDGE('',*,*,#3369,.T.);
#8955 = ORIENTED_EDGE('',*,*,#8884,.T.);
#8956 = ADVANCED_FACE('',(#8957),#3552,.T.);
#8957 = FACE_BOUND('',#8958,.T.);
#8958 = EDGE_LOOP('',(#8959,#8982,#9010,#9038,#9066,#9094,#9117,#9138,
    #9139,#9162,#9190,#9211));
#8959 = ORIENTED_EDGE('',*,*,#8960,.T.);
#8960 = EDGE_CURVE('',#3670,#8961,#8963,.T.);
#8961 = VERTEX_POINT('',#8962);
#8962 = CARTESIAN_POINT('',(20.75,147.70399998815,35.141181605088));
#8963 = SURFACE_CURVE('',#8964,(#8968,#8975),.PCURVE_S1.);
#8964 = LINE('',#8965,#8966);
#8965 = CARTESIAN_POINT('',(20.75,142.04714573866,74.739161351534));
#8966 = VECTOR('',#8967,1.);
#8967 = DIRECTION('',(8.659560562355E-17,0.141421356237,-0.989949493661)
  );
#8968 = PCURVE('',#3552,#8969);
#8969 = DEFINITIONAL_REPRESENTATION('',(#8970),#8974);
#8970 = LINE('',#8971,#8972);
#8971 = CARTESIAN_POINT('',(-0.75,20.));
#8972 = VECTOR('',#8973,1.);
#8973 = DIRECTION('',(0.,-1.));
#8974 = ( GEOMETRIC_REPRESENTATION_CONTEXT(2) 
PARAMETRIC_REPRESENTATION_CONTEXT() REPRESENTATION_CONTEXT('2D SPACE',''
  ) );
#8975 = PCURVE('',#3684,#8976);
#8976 = DEFINITIONAL_REPRESENTATION('',(#8977),#8981);
#8977 = LINE('',#8978,#8979);
#8978 = CARTESIAN_POINT('',(0.,-2.));
#8979 = VECTOR('',#8980,1.);
#8980 = DIRECTION('',(1.,0.));
#8981 = ( GEOMETRIC_REPRESENTATION_CONTEXT(2) 
PARAMETRIC_REPRESENTATION_CONTEXT() REPRESENTATION_CONTEXT('2D SPACE',''
  ) );
#8982 = ORIENTED_EDGE('',*,*,#8983,.T.);
#8983 = EDGE_CURVE('',#8961,#8984,#8986,.T.);
#8984 = VERTEX_POINT('',#8985);
#8985 = CARTESIAN_POINT('',(19.25,147.70399998815,35.141181605088));
#8986 = SURFACE_CURVE('',#8987,(#8991,#8998),.PCURVE_S1.);
#8987 = LINE('',#8988,#8989);
#8988 = CARTESIAN_POINT('',(20.,147.70399998815,35.141181605088));
#8989 = VECTOR('',#8990,1.);
#8990 = DIRECTION('',(-1.,9.797174393179E-17,-7.347880794884E-17));
#8991 = PCURVE('',#3552,#8992);
#8992 = DEFINITIONAL_REPRESENTATION('',(#8993),#8997);
#8993 = LINE('',#8994,#8995);
#8994 = CARTESIAN_POINT('',(0.,-20.));
#8995 = VECTOR('',#8996,1.);
#8996 = DIRECTION('',(1.,0.));
#8997 = ( GEOMETRIC_REPRESENTATION_CONTEXT(2) 
PARAMETRIC_REPRESENTATION_CONTEXT() REPRESENTATION_CONTEXT('2D SPACE',''
  ) );
#8998 = PCURVE('',#8999,#9004);
#8999 = PLANE('',#9000);
#9000 = AXIS2_PLACEMENT_3D('',#9001,#9002,#9003);
#9001 = CARTESIAN_POINT('',(20.75,145.72410100083,34.858338892613));
#9002 = DIRECTION('',(-8.659560562355E-17,-0.141421356237,0.989949493661
    ));
#9003 = DIRECTION('',(-1.,9.797174393179E-17,-7.347880794884E-17));
#9004 = DEFINITIONAL_REPRESENTATION('',(#9005),#9009);
#9005 = LINE('',#9006,#9007);
#9006 = CARTESIAN_POINT('',(0.75,-2.));
#9007 = VECTOR('',#9008,1.);
#9008 = DIRECTION('',(1.,-1.232595164408E-32));
#9009 = ( GEOMETRIC_REPRESENTATION_CONTEXT(2) 
PARAMETRIC_REPRESENTATION_CONTEXT() REPRESENTATION_CONTEXT('2D SPACE',''
  ) );
#9010 = ORIENTED_EDGE('',*,*,#9011,.T.);
#9011 = EDGE_CURVE('',#8984,#9012,#9014,.T.);
#9012 = VERTEX_POINT('',#9013);
#9013 = CARTESIAN_POINT('',(19.25,147.42115727567,37.12108059241));
#9014 = SURFACE_CURVE('',#9015,(#9019,#9026),.PCURVE_S1.);
#9015 = LINE('',#9016,#9017);
#9016 = CARTESIAN_POINT('',(19.25,144.8755728634,54.940171478311));
#9017 = VECTOR('',#9018,1.);
#9018 = DIRECTION('',(-8.659560562355E-17,-0.141421356237,0.989949493661
    ));
#9019 = PCURVE('',#3552,#9020);
#9020 = DEFINITIONAL_REPRESENTATION('',(#9021),#9025);
#9021 = LINE('',#9022,#9023);
#9022 = CARTESIAN_POINT('',(0.75,0.));
#9023 = VECTOR('',#9024,1.);
#9024 = DIRECTION('',(0.,1.));
#9025 = ( GEOMETRIC_REPRESENTATION_CONTEXT(2) 
PARAMETRIC_REPRESENTATION_CONTEXT() REPRESENTATION_CONTEXT('2D SPACE',''
  ) );
#9026 = PCURVE('',#9027,#9032);
#9027 = PLANE('',#9028);
#9028 = AXIS2_PLACEMENT_3D('',#9029,#9030,#9031);
#9029 = CARTESIAN_POINT('',(19.25,145.72410100083,34.858338892613));
#9030 = DIRECTION('',(1.,-9.797174393179E-17,7.347880794884E-17));
#9031 = DIRECTION('',(-8.659560562355E-17,-0.141421356237,0.989949493661
    ));
#9032 = DEFINITIONAL_REPRESENTATION('',(#9033),#9037);
#9033 = LINE('',#9034,#9035);
#9034 = CARTESIAN_POINT('',(20.,-2.));
#9035 = VECTOR('',#9036,1.);
#9036 = DIRECTION('',(1.,0.));
#9037 = ( GEOMETRIC_REPRESENTATION_CONTEXT(2) 
PARAMETRIC_REPRESENTATION_CONTEXT() REPRESENTATION_CONTEXT('2D SPACE',''
  ) );
#9038 = ORIENTED_EDGE('',*,*,#9039,.T.);
#9039 = EDGE_CURVE('',#9012,#9040,#9042,.T.);
#9040 = VERTEX_POINT('',#9041);
#9041 = CARTESIAN_POINT('',(-19.25,147.42115727567,37.12108059241));
#9042 = SURFACE_CURVE('',#9043,(#9047,#9054),.PCURVE_S1.);
#9043 = LINE('',#9044,#9045);
#9044 = CARTESIAN_POINT('',(2.234166625088E-15,147.42115727567,
    37.12108059241));
#9045 = VECTOR('',#9046,1.);
#9046 = DIRECTION('',(-1.,9.797174393179E-17,-7.347880794884E-17));
#9047 = PCURVE('',#3552,#9048);
#9048 = DEFINITIONAL_REPRESENTATION('',(#9049),#9053);
#9049 = LINE('',#9050,#9051);
#9050 = CARTESIAN_POINT('',(20.,-18.));
#9051 = VECTOR('',#9052,1.);
#9052 = DIRECTION('',(1.,0.));
#9053 = ( GEOMETRIC_REPRESENTATION_CONTEXT(2) 
PARAMETRIC_REPRESENTATION_CONTEXT() REPRESENTATION_CONTEXT('2D SPACE',''
  ) );
#9054 = PCURVE('',#9055,#9060);
#9055 = PLANE('',#9056);
#9056 = AXIS2_PLACEMENT_3D('',#9057,#9058,#9059);
#9057 = CARTESIAN_POINT('',(19.25,145.44125828835,36.838237879935));
#9058 = DIRECTION('',(-8.659560562355E-17,-0.141421356237,0.989949493661
    ));
#9059 = DIRECTION('',(-1.,9.797174393179E-17,-7.347880794884E-17));
#9060 = DEFINITIONAL_REPRESENTATION('',(#9061),#9065);
#9061 = LINE('',#9062,#9063);
#9062 = CARTESIAN_POINT('',(19.25,-2.));
#9063 = VECTOR('',#9064,1.);
#9064 = DIRECTION('',(1.,0.));
#9065 = ( GEOMETRIC_REPRESENTATION_CONTEXT(2) 
PARAMETRIC_REPRESENTATION_CONTEXT() REPRESENTATION_CONTEXT('2D SPACE',''
  ) );
#9066 = ORIENTED_EDGE('',*,*,#9067,.F.);
#9067 = EDGE_CURVE('',#9068,#9040,#9070,.T.);
#9068 = VERTEX_POINT('',#9069);
#9069 = CARTESIAN_POINT('',(-19.25,147.70399998815,35.141181605088));
#9070 = SURFACE_CURVE('',#9071,(#9075,#9082),.PCURVE_S1.);
#9071 = LINE('',#9072,#9073);
#9072 = CARTESIAN_POINT('',(-19.25,144.8755728634,54.940171478311));
#9073 = VECTOR('',#9074,1.);
#9074 = DIRECTION('',(-8.659560562355E-17,-0.141421356237,0.989949493661
    ));
#9075 = PCURVE('',#3552,#9076);
#9076 = DEFINITIONAL_REPRESENTATION('',(#9077),#9081);
#9077 = LINE('',#9078,#9079);
#9078 = CARTESIAN_POINT('',(39.25,0.));
#9079 = VECTOR('',#9080,1.);
#9080 = DIRECTION('',(0.,1.));
#9081 = ( GEOMETRIC_REPRESENTATION_CONTEXT(2) 
PARAMETRIC_REPRESENTATION_CONTEXT() REPRESENTATION_CONTEXT('2D SPACE',''
  ) );
#9082 = PCURVE('',#9083,#9088);
#9083 = PLANE('',#9084);
#9084 = AXIS2_PLACEMENT_3D('',#9085,#9086,#9087);
#9085 = CARTESIAN_POINT('',(-19.25,145.72410100083,34.858338892613));
#9086 = DIRECTION('',(1.,-9.797174393179E-17,7.347880794884E-17));
#9087 = DIRECTION('',(-8.659560562355E-17,-0.141421356237,0.989949493661
    ));
#9088 = DEFINITIONAL_REPRESENTATION('',(#9089),#9093);
#9089 = LINE('',#9090,#9091);
#9090 = CARTESIAN_POINT('',(20.,-2.));
#9091 = VECTOR('',#9092,1.);
#9092 = DIRECTION('',(1.,0.));
#9093 = ( GEOMETRIC_REPRESENTATION_CONTEXT(2) 
PARAMETRIC_REPRESENTATION_CONTEXT() REPRESENTATION_CONTEXT('2D SPACE',''
  ) );
#9094 = ORIENTED_EDGE('',*,*,#9095,.T.);
#9095 = EDGE_CURVE('',#9068,#9096,#9098,.T.);
#9096 = VERTEX_POINT('',#9097);
#9097 = CARTESIAN_POINT('',(-20.75,147.70399998815,35.141181605088));
#9098 = SURFACE_CURVE('',#9099,(#9103,#9110),.PCURVE_S1.);
#9099 = LINE('',#9100,#9101);
#9100 = CARTESIAN_POINT('',(-20.,147.70399998815,35.141181605088));
#9101 = VECTOR('',#9102,1.);
#9102 = DIRECTION('',(-1.,9.797174393179E-17,-7.347880794884E-17));
#9103 = PCURVE('',#3552,#9104);
#9104 = DEFINITIONAL_REPRESENTATION('',(#9105),#9109);
#9105 = LINE('',#9106,#9107);
#9106 = CARTESIAN_POINT('',(40.,-20.));
#9107 = VECTOR('',#9108,1.);
#9108 = DIRECTION('',(1.,0.));
#9109 = ( GEOMETRIC_REPRESENTATION_CONTEXT(2) 
PARAMETRIC_REPRESENTATION_CONTEXT() REPRESENTATION_CONTEXT('2D SPACE',''
  ) );
#9110 = PCURVE('',#8999,#9111);
#9111 = DEFINITIONAL_REPRESENTATION('',(#9112),#9116);
#9112 = LINE('',#9113,#9114);
#9113 = CARTESIAN_POINT('',(40.75,-2.));
#9114 = VECTOR('',#9115,1.);
#9115 = DIRECTION('',(1.,-1.232595164408E-32));
#9116 = ( GEOMETRIC_REPRESENTATION_CONTEXT(2) 
PARAMETRIC_REPRESENTATION_CONTEXT() REPRESENTATION_CONTEXT('2D SPACE',''
  ) );
#9117 = ORIENTED_EDGE('',*,*,#9118,.T.);
#9118 = EDGE_CURVE('',#9096,#3536,#9119,.T.);
#9119 = SURFACE_CURVE('',#9120,(#9124,#9131),.PCURVE_S1.);
#9120 = LINE('',#9121,#9122);
#9121 = CARTESIAN_POINT('',(-20.75,147.70399998815,35.141181605088));
#9122 = VECTOR('',#9123,1.);
#9123 = DIRECTION('',(-8.659560562355E-17,-0.141421356237,0.989949493661
    ));
#9124 = PCURVE('',#3552,#9125);
#9125 = DEFINITIONAL_REPRESENTATION('',(#9126),#9130);
#9126 = LINE('',#9127,#9128);
#9127 = CARTESIAN_POINT('',(40.75,-20.));
#9128 = VECTOR('',#9129,1.);
#9129 = DIRECTION('',(0.,1.));
#9130 = ( GEOMETRIC_REPRESENTATION_CONTEXT(2) 
PARAMETRIC_REPRESENTATION_CONTEXT() REPRESENTATION_CONTEXT('2D SPACE',''
  ) );
#9131 = PCURVE('',#3578,#9132);
#9132 = DEFINITIONAL_REPRESENTATION('',(#9133),#9137);
#9133 = LINE('',#9134,#9135);
#9134 = CARTESIAN_POINT('',(0.,-2.));
#9135 = VECTOR('',#9136,1.);
#9136 = DIRECTION('',(1.,0.));
#9137 = ( GEOMETRIC_REPRESENTATION_CONTEXT(2) 
PARAMETRIC_REPRESENTATION_CONTEXT() REPRESENTATION_CONTEXT('2D SPACE',''
  ) );
#9138 = ORIENTED_EDGE('',*,*,#3535,.T.);
#9139 = ORIENTED_EDGE('',*,*,#9140,.F.);
#9140 = EDGE_CURVE('',#9141,#3538,#9143,.T.);
#9141 = VERTEX_POINT('',#9142);
#9142 = CARTESIAN_POINT('',(-19.25,147.20902524132,38.606004832902));
#9143 = SURFACE_CURVE('',#9144,(#9148,#9155),.PCURVE_S1.);
#9144 = LINE('',#9145,#9146);
#9145 = CARTESIAN_POINT('',(-19.25,144.8755728634,54.940171478311));
#9146 = VECTOR('',#9147,1.);
#9147 = DIRECTION('',(-8.659560562355E-17,-0.141421356237,0.989949493661
    ));
#9148 = PCURVE('',#3552,#9149);
#9149 = DEFINITIONAL_REPRESENTATION('',(#9150),#9154);
#9150 = LINE('',#9151,#9152);
#9151 = CARTESIAN_POINT('',(39.25,0.));
#9152 = VECTOR('',#9153,1.);
#9153 = DIRECTION('',(0.,1.));
#9154 = ( GEOMETRIC_REPRESENTATION_CONTEXT(2) 
PARAMETRIC_REPRESENTATION_CONTEXT() REPRESENTATION_CONTEXT('2D SPACE',''
  ) );
#9155 = PCURVE('',#3628,#9156);
#9156 = DEFINITIONAL_REPRESENTATION('',(#9157),#9161);
#9157 = LINE('',#9158,#9159);
#9158 = CARTESIAN_POINT('',(16.5,-2.));
#9159 = VECTOR('',#9160,1.);
#9160 = DIRECTION('',(1.,0.));
#9161 = ( GEOMETRIC_REPRESENTATION_CONTEXT(2) 
PARAMETRIC_REPRESENTATION_CONTEXT() REPRESENTATION_CONTEXT('2D SPACE',''
  ) );
#9162 = ORIENTED_EDGE('',*,*,#9163,.F.);
#9163 = EDGE_CURVE('',#9164,#9141,#9166,.T.);
#9164 = VERTEX_POINT('',#9165);
#9165 = CARTESIAN_POINT('',(19.25,147.20902524132,38.606004832902));
#9166 = SURFACE_CURVE('',#9167,(#9171,#9178),.PCURVE_S1.);
#9167 = LINE('',#9168,#9169);
#9168 = CARTESIAN_POINT('',(2.104273216652E-15,147.20902524132,
    38.606004832902));
#9169 = VECTOR('',#9170,1.);
#9170 = DIRECTION('',(-1.,9.797174393179E-17,-7.347880794884E-17));
#9171 = PCURVE('',#3552,#9172);
#9172 = DEFINITIONAL_REPRESENTATION('',(#9173),#9177);
#9173 = LINE('',#9174,#9175);
#9174 = CARTESIAN_POINT('',(20.,-16.5));
#9175 = VECTOR('',#9176,1.);
#9176 = DIRECTION('',(1.,0.));
#9177 = ( GEOMETRIC_REPRESENTATION_CONTEXT(2) 
PARAMETRIC_REPRESENTATION_CONTEXT() REPRESENTATION_CONTEXT('2D SPACE',''
  ) );
#9178 = PCURVE('',#9179,#9184);
#9179 = PLANE('',#9180);
#9180 = AXIS2_PLACEMENT_3D('',#9181,#9182,#9183);
#9181 = CARTESIAN_POINT('',(19.25,145.22912625399,38.323162120427));
#9182 = DIRECTION('',(-8.659560562355E-17,-0.141421356237,0.989949493661
    ));
#9183 = DIRECTION('',(-1.,9.797174393179E-17,-7.347880794884E-17));
#9184 = DEFINITIONAL_REPRESENTATION('',(#9185),#9189);
#9185 = LINE('',#9186,#9187);
#9186 = CARTESIAN_POINT('',(19.25,-2.));
#9187 = VECTOR('',#9188,1.);
#9188 = DIRECTION('',(1.,0.));
#9189 = ( GEOMETRIC_REPRESENTATION_CONTEXT(2) 
PARAMETRIC_REPRESENTATION_CONTEXT() REPRESENTATION_CONTEXT('2D SPACE',''
  ) );
#9190 = ORIENTED_EDGE('',*,*,#9191,.T.);
#9191 = EDGE_CURVE('',#9164,#3696,#9192,.T.);
#9192 = SURFACE_CURVE('',#9193,(#9197,#9204),.PCURVE_S1.);
#9193 = LINE('',#9194,#9195);
#9194 = CARTESIAN_POINT('',(19.25,144.8755728634,54.940171478311));
#9195 = VECTOR('',#9196,1.);
#9196 = DIRECTION('',(-8.659560562355E-17,-0.141421356237,0.989949493661
    ));
#9197 = PCURVE('',#3552,#9198);
#9198 = DEFINITIONAL_REPRESENTATION('',(#9199),#9203);
#9199 = LINE('',#9200,#9201);
#9200 = CARTESIAN_POINT('',(0.75,0.));
#9201 = VECTOR('',#9202,1.);
#9202 = DIRECTION('',(0.,1.));
#9203 = ( GEOMETRIC_REPRESENTATION_CONTEXT(2) 
PARAMETRIC_REPRESENTATION_CONTEXT() REPRESENTATION_CONTEXT('2D SPACE',''
  ) );
#9204 = PCURVE('',#3729,#9205);
#9205 = DEFINITIONAL_REPRESENTATION('',(#9206),#9210);
#9206 = LINE('',#9207,#9208);
#9207 = CARTESIAN_POINT('',(16.5,-2.));
#9208 = VECTOR('',#9209,1.);
#9209 = DIRECTION('',(1.,0.));
#9210 = ( GEOMETRIC_REPRESENTATION_CONTEXT(2) 
PARAMETRIC_REPRESENTATION_CONTEXT() REPRESENTATION_CONTEXT('2D SPACE',''
  ) );
#9211 = ORIENTED_EDGE('',*,*,#3695,.T.);
#9212 = ADVANCED_FACE('',(#9213),#3628,.T.);
#9213 = FACE_BOUND('',#9214,.T.);
#9214 = EDGE_LOOP('',(#9215,#9245,#9266,#9267,#9268));
#9215 = ORIENTED_EDGE('',*,*,#9216,.F.);
#9216 = EDGE_CURVE('',#9217,#9219,#9221,.T.);
#9217 = VERTEX_POINT('',#9218);
#9218 = CARTESIAN_POINT('',(-19.25,145.22912625399,38.323162120427));
#9219 = VERTEX_POINT('',#9220);
#9220 = CARTESIAN_POINT('',(-19.25,140.06724675133,74.45631863906));
#9221 = SURFACE_CURVE('',#9222,(#9226,#9233),.PCURVE_S1.);
#9222 = LINE('',#9223,#9224);
#9223 = CARTESIAN_POINT('',(-19.25,142.89567387608,54.657328765836));
#9224 = VECTOR('',#9225,1.);
#9225 = DIRECTION('',(-8.659560562355E-17,-0.141421356237,0.989949493661
    ));
#9226 = PCURVE('',#3628,#9227);
#9227 = DEFINITIONAL_REPRESENTATION('',(#9228),#9232);
#9228 = LINE('',#9229,#9230);
#9229 = CARTESIAN_POINT('',(16.5,0.));
#9230 = VECTOR('',#9231,1.);
#9231 = DIRECTION('',(1.,0.));
#9232 = ( GEOMETRIC_REPRESENTATION_CONTEXT(2) 
PARAMETRIC_REPRESENTATION_CONTEXT() REPRESENTATION_CONTEXT('2D SPACE',''
  ) );
#9233 = PCURVE('',#9234,#9239);
#9234 = PLANE('',#9235);
#9235 = AXIS2_PLACEMENT_3D('',#9236,#9237,#9238);
#9236 = CARTESIAN_POINT('',(20.,142.89567387608,54.657328765836));
#9237 = DIRECTION('',(8.659560562355E-17,0.989949493661,0.141421356237)
  );
#9238 = DIRECTION('',(-1.,9.797174393179E-17,-7.347880794884E-17));
#9239 = DEFINITIONAL_REPRESENTATION('',(#9240),#9244);
#9240 = LINE('',#9241,#9242);
#9241 = CARTESIAN_POINT('',(39.25,0.));
#9242 = VECTOR('',#9243,1.);
#9243 = DIRECTION('',(0.,1.));
#9244 = ( GEOMETRIC_REPRESENTATION_CONTEXT(2) 
PARAMETRIC_REPRESENTATION_CONTEXT() REPRESENTATION_CONTEXT('2D SPACE',''
  ) );
#9245 = ORIENTED_EDGE('',*,*,#9246,.T.);
#9246 = EDGE_CURVE('',#9217,#9141,#9247,.T.);
#9247 = SURFACE_CURVE('',#9248,(#9252,#9259),.PCURVE_S1.);
#9248 = LINE('',#9249,#9250);
#9249 = CARTESIAN_POINT('',(-19.25,145.22912625399,38.323162120427));
#9250 = VECTOR('',#9251,1.);
#9251 = DIRECTION('',(8.659560562355E-17,0.989949493661,0.141421356237)
  );
#9252 = PCURVE('',#3628,#9253);
#9253 = DEFINITIONAL_REPRESENTATION('',(#9254),#9258);
#9254 = LINE('',#9255,#9256);
#9255 = CARTESIAN_POINT('',(0.,0.));
#9256 = VECTOR('',#9257,1.);
#9257 = DIRECTION('',(0.,-1.));
#9258 = ( GEOMETRIC_REPRESENTATION_CONTEXT(2) 
PARAMETRIC_REPRESENTATION_CONTEXT() REPRESENTATION_CONTEXT('2D SPACE',''
  ) );
#9259 = PCURVE('',#9179,#9260);
#9260 = DEFINITIONAL_REPRESENTATION('',(#9261),#9265);
#9261 = LINE('',#9262,#9263);
#9262 = CARTESIAN_POINT('',(38.5,0.));
#9263 = VECTOR('',#9264,1.);
#9264 = DIRECTION('',(0.,-1.));
#9265 = ( GEOMETRIC_REPRESENTATION_CONTEXT(2) 
PARAMETRIC_REPRESENTATION_CONTEXT() REPRESENTATION_CONTEXT('2D SPACE',''
  ) );
#9266 = ORIENTED_EDGE('',*,*,#9140,.T.);
#9267 = ORIENTED_EDGE('',*,*,#3615,.T.);
#9268 = ORIENTED_EDGE('',*,*,#9269,.F.);
#9269 = EDGE_CURVE('',#9219,#3590,#9270,.T.);
#9270 = SURFACE_CURVE('',#9271,(#9275,#9282),.PCURVE_S1.);
#9271 = LINE('',#9272,#9273);
#9272 = CARTESIAN_POINT('',(-19.25,140.06724675133,74.45631863906));
#9273 = VECTOR('',#9274,1.);
#9274 = DIRECTION('',(8.659560562355E-17,0.989949493661,0.141421356237)
  );
#9275 = PCURVE('',#3628,#9276);
#9276 = DEFINITIONAL_REPRESENTATION('',(#9277),#9281);
#9277 = LINE('',#9278,#9279);
#9278 = CARTESIAN_POINT('',(36.5,0.));
#9279 = VECTOR('',#9280,1.);
#9280 = DIRECTION('',(0.,-1.));
#9281 = ( GEOMETRIC_REPRESENTATION_CONTEXT(2) 
PARAMETRIC_REPRESENTATION_CONTEXT() REPRESENTATION_CONTEXT('2D SPACE',''
  ) );
#9282 = PCURVE('',#3604,#9283);
#9283 = DEFINITIONAL_REPRESENTATION('',(#9284),#9288);
#9284 = LINE('',#9285,#9286);
#9285 = CARTESIAN_POINT('',(0.,0.));
#9286 = VECTOR('',#9287,1.);
#9287 = DIRECTION('',(0.,-1.));
#9288 = ( GEOMETRIC_REPRESENTATION_CONTEXT(2) 
PARAMETRIC_REPRESENTATION_CONTEXT() REPRESENTATION_CONTEXT('2D SPACE',''
  ) );
#9289 = ADVANCED_FACE('',(#9290),#3604,.T.);
#9290 = FACE_BOUND('',#9291,.T.);
#9291 = EDGE_LOOP('',(#9292,#9315,#9316,#9317));
#9292 = ORIENTED_EDGE('',*,*,#9293,.F.);
#9293 = EDGE_CURVE('',#9219,#9294,#9296,.T.);
#9294 = VERTEX_POINT('',#9295);
#9295 = CARTESIAN_POINT('',(-20.75,140.06724675133,74.45631863906));
#9296 = SURFACE_CURVE('',#9297,(#9301,#9308),.PCURVE_S1.);
#9297 = LINE('',#9298,#9299);
#9298 = CARTESIAN_POINT('',(-20.,140.06724675133,74.45631863906));
#9299 = VECTOR('',#9300,1.);
#9300 = DIRECTION('',(-1.,9.797174393179E-17,-7.347880794884E-17));
#9301 = PCURVE('',#3604,#9302);
#9302 = DEFINITIONAL_REPRESENTATION('',(#9303),#9307);
#9303 = LINE('',#9304,#9305);
#9304 = CARTESIAN_POINT('',(0.75,0.));
#9305 = VECTOR('',#9306,1.);
#9306 = DIRECTION('',(1.,0.));
#9307 = ( GEOMETRIC_REPRESENTATION_CONTEXT(2) 
PARAMETRIC_REPRESENTATION_CONTEXT() REPRESENTATION_CONTEXT('2D SPACE',''
  ) );
#9308 = PCURVE('',#9234,#9309);
#9309 = DEFINITIONAL_REPRESENTATION('',(#9310),#9314);
#9310 = LINE('',#9311,#9312);
#9311 = CARTESIAN_POINT('',(40.,20.));
#9312 = VECTOR('',#9313,1.);
#9313 = DIRECTION('',(1.,0.));
#9314 = ( GEOMETRIC_REPRESENTATION_CONTEXT(2) 
PARAMETRIC_REPRESENTATION_CONTEXT() REPRESENTATION_CONTEXT('2D SPACE',''
  ) );
#9315 = ORIENTED_EDGE('',*,*,#9269,.T.);
#9316 = ORIENTED_EDGE('',*,*,#3589,.T.);
#9317 = ORIENTED_EDGE('',*,*,#9318,.F.);
#9318 = EDGE_CURVE('',#9294,#3564,#9319,.T.);
#9319 = SURFACE_CURVE('',#9320,(#9324,#9331),.PCURVE_S1.);
#9320 = LINE('',#9321,#9322);
#9321 = CARTESIAN_POINT('',(-20.75,140.06724675133,74.45631863906));
#9322 = VECTOR('',#9323,1.);
#9323 = DIRECTION('',(8.659560562355E-17,0.989949493661,0.141421356237)
  );
#9324 = PCURVE('',#3604,#9325);
#9325 = DEFINITIONAL_REPRESENTATION('',(#9326),#9330);
#9326 = LINE('',#9327,#9328);
#9327 = CARTESIAN_POINT('',(1.5,0.));
#9328 = VECTOR('',#9329,1.);
#9329 = DIRECTION('',(0.,-1.));
#9330 = ( GEOMETRIC_REPRESENTATION_CONTEXT(2) 
PARAMETRIC_REPRESENTATION_CONTEXT() REPRESENTATION_CONTEXT('2D SPACE',''
  ) );
#9331 = PCURVE('',#3578,#9332);
#9332 = DEFINITIONAL_REPRESENTATION('',(#9333),#9337);
#9333 = LINE('',#9334,#9335);
#9334 = CARTESIAN_POINT('',(40.,0.));
#9335 = VECTOR('',#9336,1.);
#9336 = DIRECTION('',(0.,-1.));
#9337 = ( GEOMETRIC_REPRESENTATION_CONTEXT(2) 
PARAMETRIC_REPRESENTATION_CONTEXT() REPRESENTATION_CONTEXT('2D SPACE',''
  ) );
#9338 = ADVANCED_FACE('',(#9339),#3578,.F.);
#9339 = FACE_BOUND('',#9340,.F.);
#9340 = EDGE_LOOP('',(#9341,#9371,#9392,#9393,#9394,#9395));
#9341 = ORIENTED_EDGE('',*,*,#9342,.F.);
#9342 = EDGE_CURVE('',#9343,#9345,#9347,.T.);
#9343 = VERTEX_POINT('',#9344);
#9344 = CARTESIAN_POINT('',(-20.75,145.72410100083,34.858338892613));
#9345 = VERTEX_POINT('',#9346);
#9346 = CARTESIAN_POINT('',(-20.75,145.44125828835,36.838237879935));
#9347 = SURFACE_CURVE('',#9348,(#9352,#9359),.PCURVE_S1.);
#9348 = LINE('',#9349,#9350);
#9349 = CARTESIAN_POINT('',(-20.75,145.72410100083,34.858338892613));
#9350 = VECTOR('',#9351,1.);
#9351 = DIRECTION('',(-8.659560562355E-17,-0.141421356237,0.989949493661
    ));
#9352 = PCURVE('',#3578,#9353);
#9353 = DEFINITIONAL_REPRESENTATION('',(#9354),#9358);
#9354 = LINE('',#9355,#9356);
#9355 = CARTESIAN_POINT('',(0.,0.));
#9356 = VECTOR('',#9357,1.);
#9357 = DIRECTION('',(1.,0.));
#9358 = ( GEOMETRIC_REPRESENTATION_CONTEXT(2) 
PARAMETRIC_REPRESENTATION_CONTEXT() REPRESENTATION_CONTEXT('2D SPACE',''
  ) );
#9359 = PCURVE('',#9360,#9365);
#9360 = PLANE('',#9361);
#9361 = AXIS2_PLACEMENT_3D('',#9362,#9363,#9364);
#9362 = CARTESIAN_POINT('',(21.75,142.89567387608,54.657328765836));
#9363 = DIRECTION('',(8.659560562355E-17,0.989949493661,0.141421356237)
  );
#9364 = DIRECTION('',(-1.,9.797174393179E-17,-7.347880794884E-17));
#9365 = DEFINITIONAL_REPRESENTATION('',(#9366),#9370);
#9366 = LINE('',#9367,#9368);
#9367 = CARTESIAN_POINT('',(42.5,-20.));
#9368 = VECTOR('',#9369,1.);
#9369 = DIRECTION('',(0.,1.));
#9370 = ( GEOMETRIC_REPRESENTATION_CONTEXT(2) 
PARAMETRIC_REPRESENTATION_CONTEXT() REPRESENTATION_CONTEXT('2D SPACE',''
  ) );
#9371 = ORIENTED_EDGE('',*,*,#9372,.T.);
#9372 = EDGE_CURVE('',#9343,#9096,#9373,.T.);
#9373 = SURFACE_CURVE('',#9374,(#9378,#9385),.PCURVE_S1.);
#9374 = LINE('',#9375,#9376);
#9375 = CARTESIAN_POINT('',(-20.75,145.72410100083,34.858338892613));
#9376 = VECTOR('',#9377,1.);
#9377 = DIRECTION('',(8.659560562355E-17,0.989949493661,0.141421356237)
  );
#9378 = PCURVE('',#3578,#9379);
#9379 = DEFINITIONAL_REPRESENTATION('',(#9380),#9384);
#9380 = LINE('',#9381,#9382);
#9381 = CARTESIAN_POINT('',(0.,0.));
#9382 = VECTOR('',#9383,1.);
#9383 = DIRECTION('',(0.,-1.));
#9384 = ( GEOMETRIC_REPRESENTATION_CONTEXT(2) 
PARAMETRIC_REPRESENTATION_CONTEXT() REPRESENTATION_CONTEXT('2D SPACE',''
  ) );
#9385 = PCURVE('',#8999,#9386);
#9386 = DEFINITIONAL_REPRESENTATION('',(#9387),#9391);
#9387 = LINE('',#9388,#9389);
#9388 = CARTESIAN_POINT('',(41.5,4.598576806935E-15));
#9389 = VECTOR('',#9390,1.);
#9390 = DIRECTION('',(1.54074395551E-33,-1.));
#9391 = ( GEOMETRIC_REPRESENTATION_CONTEXT(2) 
PARAMETRIC_REPRESENTATION_CONTEXT() REPRESENTATION_CONTEXT('2D SPACE',''
  ) );
#9392 = ORIENTED_EDGE('',*,*,#9118,.T.);
#9393 = ORIENTED_EDGE('',*,*,#3563,.T.);
#9394 = ORIENTED_EDGE('',*,*,#9318,.F.);
#9395 = ORIENTED_EDGE('',*,*,#9396,.F.);
#9396 = EDGE_CURVE('',#9345,#9294,#9397,.T.);
#9397 = SURFACE_CURVE('',#9398,(#9402,#9409),.PCURVE_S1.);
#9398 = LINE('',#9399,#9400);
#9399 = CARTESIAN_POINT('',(-20.75,142.89567387608,54.657328765836));
#9400 = VECTOR('',#9401,1.);
#9401 = DIRECTION('',(-8.659560562355E-17,-0.141421356237,0.989949493661
    ));
#9402 = PCURVE('',#3578,#9403);
#9403 = DEFINITIONAL_REPRESENTATION('',(#9404),#9408);
#9404 = LINE('',#9405,#9406);
#9405 = CARTESIAN_POINT('',(20.,0.));
#9406 = VECTOR('',#9407,1.);
#9407 = DIRECTION('',(1.,0.));
#9408 = ( GEOMETRIC_REPRESENTATION_CONTEXT(2) 
PARAMETRIC_REPRESENTATION_CONTEXT() REPRESENTATION_CONTEXT('2D SPACE',''
  ) );
#9409 = PCURVE('',#9234,#9410);
#9410 = DEFINITIONAL_REPRESENTATION('',(#9411),#9415);
#9411 = LINE('',#9412,#9413);
#9412 = CARTESIAN_POINT('',(40.75,0.));
#9413 = VECTOR('',#9414,1.);
#9414 = DIRECTION('',(0.,1.));
#9415 = ( GEOMETRIC_REPRESENTATION_CONTEXT(2) 
PARAMETRIC_REPRESENTATION_CONTEXT() REPRESENTATION_CONTEXT('2D SPACE',''
  ) );
#9416 = ADVANCED_FACE('',(#9417),#3658,.T.);
#9417 = FACE_BOUND('',#9418,.T.);
#9418 = EDGE_LOOP('',(#9419,#9444,#9465,#9466));
#9419 = ORIENTED_EDGE('',*,*,#9420,.F.);
#9420 = EDGE_CURVE('',#9421,#9423,#9425,.T.);
#9421 = VERTEX_POINT('',#9422);
#9422 = CARTESIAN_POINT('',(20.75,140.06724675133,74.45631863906));
#9423 = VERTEX_POINT('',#9424);
#9424 = CARTESIAN_POINT('',(19.25,140.06724675133,74.45631863906));
#9425 = SURFACE_CURVE('',#9426,(#9430,#9437),.PCURVE_S1.);
#9426 = LINE('',#9427,#9428);
#9427 = CARTESIAN_POINT('',(20.,140.06724675133,74.45631863906));
#9428 = VECTOR('',#9429,1.);
#9429 = DIRECTION('',(-1.,9.797174393179E-17,-7.347880794884E-17));
#9430 = PCURVE('',#3658,#9431);
#9431 = DEFINITIONAL_REPRESENTATION('',(#9432),#9436);
#9432 = LINE('',#9433,#9434);
#9433 = CARTESIAN_POINT('',(0.75,0.));
#9434 = VECTOR('',#9435,1.);
#9435 = DIRECTION('',(1.,0.));
#9436 = ( GEOMETRIC_REPRESENTATION_CONTEXT(2) 
PARAMETRIC_REPRESENTATION_CONTEXT() REPRESENTATION_CONTEXT('2D SPACE',''
  ) );
#9437 = PCURVE('',#9234,#9438);
#9438 = DEFINITIONAL_REPRESENTATION('',(#9439),#9443);
#9439 = LINE('',#9440,#9441);
#9440 = CARTESIAN_POINT('',(0.,20.));
#9441 = VECTOR('',#9442,1.);
#9442 = DIRECTION('',(1.,0.));
#9443 = ( GEOMETRIC_REPRESENTATION_CONTEXT(2) 
PARAMETRIC_REPRESENTATION_CONTEXT() REPRESENTATION_CONTEXT('2D SPACE',''
  ) );
#9444 = ORIENTED_EDGE('',*,*,#9445,.T.);
#9445 = EDGE_CURVE('',#9421,#3642,#9446,.T.);
#9446 = SURFACE_CURVE('',#9447,(#9451,#9458),.PCURVE_S1.);
#9447 = LINE('',#9448,#9449);
#9448 = CARTESIAN_POINT('',(20.75,140.06724675133,74.45631863906));
#9449 = VECTOR('',#9450,1.);
#9450 = DIRECTION('',(8.659560562355E-17,0.989949493661,0.141421356237)
  );
#9451 = PCURVE('',#3658,#9452);
#9452 = DEFINITIONAL_REPRESENTATION('',(#9453),#9457);
#9453 = LINE('',#9454,#9455);
#9454 = CARTESIAN_POINT('',(0.,0.));
#9455 = VECTOR('',#9456,1.);
#9456 = DIRECTION('',(0.,-1.));
#9457 = ( GEOMETRIC_REPRESENTATION_CONTEXT(2) 
PARAMETRIC_REPRESENTATION_CONTEXT() REPRESENTATION_CONTEXT('2D SPACE',''
  ) );
#9458 = PCURVE('',#3684,#9459);
#9459 = DEFINITIONAL_REPRESENTATION('',(#9460),#9464);
#9460 = LINE('',#9461,#9462);
#9461 = CARTESIAN_POINT('',(0.,0.));
#9462 = VECTOR('',#9463,1.);
#9463 = DIRECTION('',(0.,-1.));
#9464 = ( GEOMETRIC_REPRESENTATION_CONTEXT(2) 
PARAMETRIC_REPRESENTATION_CONTEXT() REPRESENTATION_CONTEXT('2D SPACE',''
  ) );
#9465 = ORIENTED_EDGE('',*,*,#3641,.T.);
#9466 = ORIENTED_EDGE('',*,*,#9467,.F.);
#9467 = EDGE_CURVE('',#9423,#3644,#9468,.T.);
#9468 = SURFACE_CURVE('',#9469,(#9473,#9480),.PCURVE_S1.);
#9469 = LINE('',#9470,#9471);
#9470 = CARTESIAN_POINT('',(19.25,140.06724675133,74.45631863906));
#9471 = VECTOR('',#9472,1.);
#9472 = DIRECTION('',(8.659560562355E-17,0.989949493661,0.141421356237)
  );
#9473 = PCURVE('',#3658,#9474);
#9474 = DEFINITIONAL_REPRESENTATION('',(#9475),#9479);
#9475 = LINE('',#9476,#9477);
#9476 = CARTESIAN_POINT('',(1.5,0.));
#9477 = VECTOR('',#9478,1.);
#9478 = DIRECTION('',(0.,-1.));
#9479 = ( GEOMETRIC_REPRESENTATION_CONTEXT(2) 
PARAMETRIC_REPRESENTATION_CONTEXT() REPRESENTATION_CONTEXT('2D SPACE',''
  ) );
#9480 = PCURVE('',#3729,#9481);
#9481 = DEFINITIONAL_REPRESENTATION('',(#9482),#9486);
#9482 = LINE('',#9483,#9484);
#9483 = CARTESIAN_POINT('',(36.5,0.));
#9484 = VECTOR('',#9485,1.);
#9485 = DIRECTION('',(0.,-1.));
#9486 = ( GEOMETRIC_REPRESENTATION_CONTEXT(2) 
PARAMETRIC_REPRESENTATION_CONTEXT() REPRESENTATION_CONTEXT('2D SPACE',''
  ) );
#9487 = ADVANCED_FACE('',(#9488),#3729,.F.);
#9488 = FACE_BOUND('',#9489,.F.);
#9489 = EDGE_LOOP('',(#9490,#9513,#9534,#9535,#9536));
#9490 = ORIENTED_EDGE('',*,*,#9491,.F.);
#9491 = EDGE_CURVE('',#9492,#9423,#9494,.T.);
#9492 = VERTEX_POINT('',#9493);
#9493 = CARTESIAN_POINT('',(19.25,145.22912625399,38.323162120427));
#9494 = SURFACE_CURVE('',#9495,(#9499,#9506),.PCURVE_S1.);
#9495 = LINE('',#9496,#9497);
#9496 = CARTESIAN_POINT('',(19.25,142.89567387608,54.657328765836));
#9497 = VECTOR('',#9498,1.);
#9498 = DIRECTION('',(-8.659560562355E-17,-0.141421356237,0.989949493661
    ));
#9499 = PCURVE('',#3729,#9500);
#9500 = DEFINITIONAL_REPRESENTATION('',(#9501),#9505);
#9501 = LINE('',#9502,#9503);
#9502 = CARTESIAN_POINT('',(16.5,0.));
#9503 = VECTOR('',#9504,1.);
#9504 = DIRECTION('',(1.,0.));
#9505 = ( GEOMETRIC_REPRESENTATION_CONTEXT(2) 
PARAMETRIC_REPRESENTATION_CONTEXT() REPRESENTATION_CONTEXT('2D SPACE',''
  ) );
#9506 = PCURVE('',#9234,#9507);
#9507 = DEFINITIONAL_REPRESENTATION('',(#9508),#9512);
#9508 = LINE('',#9509,#9510);
#9509 = CARTESIAN_POINT('',(0.75,0.));
#9510 = VECTOR('',#9511,1.);
#9511 = DIRECTION('',(0.,1.));
#9512 = ( GEOMETRIC_REPRESENTATION_CONTEXT(2) 
PARAMETRIC_REPRESENTATION_CONTEXT() REPRESENTATION_CONTEXT('2D SPACE',''
  ) );
#9513 = ORIENTED_EDGE('',*,*,#9514,.T.);
#9514 = EDGE_CURVE('',#9492,#9164,#9515,.T.);
#9515 = SURFACE_CURVE('',#9516,(#9520,#9527),.PCURVE_S1.);
#9516 = LINE('',#9517,#9518);
#9517 = CARTESIAN_POINT('',(19.25,145.22912625399,38.323162120427));
#9518 = VECTOR('',#9519,1.);
#9519 = DIRECTION('',(8.659560562355E-17,0.989949493661,0.141421356237)
  );
#9520 = PCURVE('',#3729,#9521);
#9521 = DEFINITIONAL_REPRESENTATION('',(#9522),#9526);
#9522 = LINE('',#9523,#9524);
#9523 = CARTESIAN_POINT('',(0.,0.));
#9524 = VECTOR('',#9525,1.);
#9525 = DIRECTION('',(0.,-1.));
#9526 = ( GEOMETRIC_REPRESENTATION_CONTEXT(2) 
PARAMETRIC_REPRESENTATION_CONTEXT() REPRESENTATION_CONTEXT('2D SPACE',''
  ) );
#9527 = PCURVE('',#9179,#9528);
#9528 = DEFINITIONAL_REPRESENTATION('',(#9529),#9533);
#9529 = LINE('',#9530,#9531);
#9530 = CARTESIAN_POINT('',(0.,0.));
#9531 = VECTOR('',#9532,1.);
#9532 = DIRECTION('',(0.,-1.));
#9533 = ( GEOMETRIC_REPRESENTATION_CONTEXT(2) 
PARAMETRIC_REPRESENTATION_CONTEXT() REPRESENTATION_CONTEXT('2D SPACE',''
  ) );
#9534 = ORIENTED_EDGE('',*,*,#9191,.T.);
#9535 = ORIENTED_EDGE('',*,*,#3716,.T.);
#9536 = ORIENTED_EDGE('',*,*,#9467,.F.);
#9537 = ADVANCED_FACE('',(#9538),#3684,.F.);
#9538 = FACE_BOUND('',#9539,.F.);
#9539 = EDGE_LOOP('',(#9540,#9563,#9564,#9565,#9566,#9589));
#9540 = ORIENTED_EDGE('',*,*,#9541,.T.);
#9541 = EDGE_CURVE('',#9542,#9421,#9544,.T.);
#9542 = VERTEX_POINT('',#9543);
#9543 = CARTESIAN_POINT('',(20.75,145.44125828835,36.838237879935));
#9544 = SURFACE_CURVE('',#9545,(#9549,#9556),.PCURVE_S1.);
#9545 = LINE('',#9546,#9547);
#9546 = CARTESIAN_POINT('',(20.75,142.89567387608,54.657328765836));
#9547 = VECTOR('',#9548,1.);
#9548 = DIRECTION('',(-8.659560562355E-17,-0.141421356237,0.989949493661
    ));
#9549 = PCURVE('',#3684,#9550);
#9550 = DEFINITIONAL_REPRESENTATION('',(#9551),#9555);
#9551 = LINE('',#9552,#9553);
#9552 = CARTESIAN_POINT('',(20.,0.));
#9553 = VECTOR('',#9554,1.);
#9554 = DIRECTION('',(-1.,0.));
#9555 = ( GEOMETRIC_REPRESENTATION_CONTEXT(2) 
PARAMETRIC_REPRESENTATION_CONTEXT() REPRESENTATION_CONTEXT('2D SPACE',''
  ) );
#9556 = PCURVE('',#9234,#9557);
#9557 = DEFINITIONAL_REPRESENTATION('',(#9558),#9562);
#9558 = LINE('',#9559,#9560);
#9559 = CARTESIAN_POINT('',(-0.75,0.));
#9560 = VECTOR('',#9561,1.);
#9561 = DIRECTION('',(0.,1.));
#9562 = ( GEOMETRIC_REPRESENTATION_CONTEXT(2) 
PARAMETRIC_REPRESENTATION_CONTEXT() REPRESENTATION_CONTEXT('2D SPACE',''
  ) );
#9563 = ORIENTED_EDGE('',*,*,#9445,.T.);
#9564 = ORIENTED_EDGE('',*,*,#3669,.T.);
#9565 = ORIENTED_EDGE('',*,*,#8960,.T.);
#9566 = ORIENTED_EDGE('',*,*,#9567,.F.);
#9567 = EDGE_CURVE('',#9568,#8961,#9570,.T.);
#9568 = VERTEX_POINT('',#9569);
#9569 = CARTESIAN_POINT('',(20.75,145.72410100083,34.858338892613));
#9570 = SURFACE_CURVE('',#9571,(#9575,#9582),.PCURVE_S1.);
#9571 = LINE('',#9572,#9573);
#9572 = CARTESIAN_POINT('',(20.75,145.72410100083,34.858338892613));
#9573 = VECTOR('',#9574,1.);
#9574 = DIRECTION('',(8.659560562355E-17,0.989949493661,0.141421356237)
  );
#9575 = PCURVE('',#3684,#9576);
#9576 = DEFINITIONAL_REPRESENTATION('',(#9577),#9581);
#9577 = LINE('',#9578,#9579);
#9578 = CARTESIAN_POINT('',(40.,0.));
#9579 = VECTOR('',#9580,1.);
#9580 = DIRECTION('',(0.,-1.));
#9581 = ( GEOMETRIC_REPRESENTATION_CONTEXT(2) 
PARAMETRIC_REPRESENTATION_CONTEXT() REPRESENTATION_CONTEXT('2D SPACE',''
  ) );
#9582 = PCURVE('',#8999,#9583);
#9583 = DEFINITIONAL_REPRESENTATION('',(#9584),#9588);
#9584 = LINE('',#9585,#9586);
#9585 = CARTESIAN_POINT('',(0.,-0.));
#9586 = VECTOR('',#9587,1.);
#9587 = DIRECTION('',(1.54074395551E-33,-1.));
#9588 = ( GEOMETRIC_REPRESENTATION_CONTEXT(2) 
PARAMETRIC_REPRESENTATION_CONTEXT() REPRESENTATION_CONTEXT('2D SPACE',''
  ) );
#9589 = ORIENTED_EDGE('',*,*,#9590,.F.);
#9590 = EDGE_CURVE('',#9542,#9568,#9591,.T.);
#9591 = SURFACE_CURVE('',#9592,(#9596,#9603),.PCURVE_S1.);
#9592 = LINE('',#9593,#9594);
#9593 = CARTESIAN_POINT('',(20.75,140.06724675133,74.45631863906));
#9594 = VECTOR('',#9595,1.);
#9595 = DIRECTION('',(8.659560562355E-17,0.141421356237,-0.989949493661)
  );
#9596 = PCURVE('',#3684,#9597);
#9597 = DEFINITIONAL_REPRESENTATION('',(#9598),#9602);
#9598 = LINE('',#9599,#9600);
#9599 = CARTESIAN_POINT('',(0.,0.));
#9600 = VECTOR('',#9601,1.);
#9601 = DIRECTION('',(1.,0.));
#9602 = ( GEOMETRIC_REPRESENTATION_CONTEXT(2) 
PARAMETRIC_REPRESENTATION_CONTEXT() REPRESENTATION_CONTEXT('2D SPACE',''
  ) );
#9603 = PCURVE('',#9604,#9609);
#9604 = PLANE('',#9605);
#9605 = AXIS2_PLACEMENT_3D('',#9606,#9607,#9608);
#9606 = CARTESIAN_POINT('',(21.75,142.89567387608,54.657328765836));
#9607 = DIRECTION('',(8.659560562355E-17,0.989949493661,0.141421356237)
  );
#9608 = DIRECTION('',(-1.,9.797174393179E-17,-7.347880794884E-17));
#9609 = DEFINITIONAL_REPRESENTATION('',(#9610),#9614);
#9610 = LINE('',#9611,#9612);
#9611 = CARTESIAN_POINT('',(1.,20.));
#9612 = VECTOR('',#9613,1.);
#9613 = DIRECTION('',(0.,-1.));
#9614 = ( GEOMETRIC_REPRESENTATION_CONTEXT(2) 
PARAMETRIC_REPRESENTATION_CONTEXT() REPRESENTATION_CONTEXT('2D SPACE',''
  ) );
#9615 = ADVANCED_FACE('',(#9616),#3760,.T.);
#9616 = FACE_BOUND('',#9617,.T.);
#9617 = EDGE_LOOP('',(#9618,#9619,#9620,#9621,#9622,#9644));
#9618 = ORIENTED_EDGE('',*,*,#3838,.T.);
#9619 = ORIENTED_EDGE('',*,*,#3743,.T.);
#9620 = ORIENTED_EDGE('',*,*,#8604,.F.);
#9621 = ORIENTED_EDGE('',*,*,#8671,.F.);
#9622 = ORIENTED_EDGE('',*,*,#9623,.T.);
#9623 = EDGE_CURVE('',#8649,#9624,#9626,.T.);
#9624 = VERTEX_POINT('',#9625);
#9625 = CARTESIAN_POINT('',(42.,142.90005025847,32.861027163211));
#9626 = SURFACE_CURVE('',#9627,(#9631,#9637),.PCURVE_S1.);
#9627 = LINE('',#9628,#9629);
#9628 = CARTESIAN_POINT('',(21.,142.90005025847,32.861027163211));
#9629 = VECTOR('',#9630,1.);
#9630 = DIRECTION('',(-1.,0.,-0.));
#9631 = PCURVE('',#3760,#9632);
#9632 = DEFINITIONAL_REPRESENTATION('',(#9633),#9636);
#9633 = B_SPLINE_CURVE_WITH_KNOTS('',1,(#9634,#9635),.UNSPECIFIED.,.F.,
  .F.,(2,2),(-25.,-21.),.PIECEWISE_BEZIER_KNOTS.);
#9634 = CARTESIAN_POINT('',(43.174895419931,4.));
#9635 = CARTESIAN_POINT('',(43.174895419931,0.));
#9636 = ( GEOMETRIC_REPRESENTATION_CONTEXT(2) 
PARAMETRIC_REPRESENTATION_CONTEXT() REPRESENTATION_CONTEXT('2D SPACE',''
  ) );
#9637 = PCURVE('',#5785,#9638);
#9638 = DEFINITIONAL_REPRESENTATION('',(#9639),#9643);
#9639 = LINE('',#9640,#9641);
#9640 = CARTESIAN_POINT('',(34.686637766505,21.));
#9641 = VECTOR('',#9642,1.);
#9642 = DIRECTION('',(-0.,-1.));
#9643 = ( GEOMETRIC_REPRESENTATION_CONTEXT(2) 
PARAMETRIC_REPRESENTATION_CONTEXT() REPRESENTATION_CONTEXT('2D SPACE',''
  ) );
#9644 = ORIENTED_EDGE('',*,*,#9645,.T.);
#9645 = EDGE_CURVE('',#9624,#3839,#9646,.T.);
#9646 = SURFACE_CURVE('',#9647,(#9651,#9658),.PCURVE_S1.);
#9647 = LINE('',#9648,#9649);
#9648 = CARTESIAN_POINT('',(42.,153.83881550472,-8.905167413378));
#9649 = VECTOR('',#9650,1.);
#9650 = DIRECTION('',(0.,-0.253359391838,0.96737222338));
#9651 = PCURVE('',#3760,#9652);
#9652 = DEFINITIONAL_REPRESENTATION('',(#9653),#9657);
#9653 = LINE('',#9654,#9655);
#9654 = CARTESIAN_POINT('',(0.,0.));
#9655 = VECTOR('',#9656,1.);
#9656 = DIRECTION('',(1.,0.));
#9657 = ( GEOMETRIC_REPRESENTATION_CONTEXT(2) 
PARAMETRIC_REPRESENTATION_CONTEXT() REPRESENTATION_CONTEXT('2D SPACE',''
  ) );
#9658 = PCURVE('',#3876,#9659);
#9659 = DEFINITIONAL_REPRESENTATION('',(#9660),#9664);
#9660 = LINE('',#9661,#9662);
#9661 = CARTESIAN_POINT('',(1.570796326795,0.));
#9662 = VECTOR('',#9663,1.);
#9663 = DIRECTION('',(0.,1.));
#9664 = ( GEOMETRIC_REPRESENTATION_CONTEXT(2) 
PARAMETRIC_REPRESENTATION_CONTEXT() REPRESENTATION_CONTEXT('2D SPACE',''
  ) );
#9665 = ADVANCED_FACE('',(#9666),#4054,.F.);
#9666 = FACE_BOUND('',#9667,.F.);
#9667 = EDGE_LOOP('',(#9668,#9669,#9689,#9690));
#9668 = ORIENTED_EDGE('',*,*,#8372,.F.);
#9669 = ORIENTED_EDGE('',*,*,#9670,.F.);
#9670 = EDGE_CURVE('',#8199,#8349,#9671,.T.);
#9671 = SURFACE_CURVE('',#9672,(#9676,#9683),.PCURVE_S1.);
#9672 = LINE('',#9673,#9674);
#9673 = CARTESIAN_POINT('',(46.,36.6,28.));
#9674 = VECTOR('',#9675,1.);
#9675 = DIRECTION('',(1.,0.,0.));
#9676 = PCURVE('',#4054,#9677);
#9677 = DEFINITIONAL_REPRESENTATION('',(#9678),#9682);
#9678 = LINE('',#9679,#9680);
#9679 = CARTESIAN_POINT('',(0.,0.));
#9680 = VECTOR('',#9681,1.);
#9681 = DIRECTION('',(0.,1.));
#9682 = ( GEOMETRIC_REPRESENTATION_CONTEXT(2) 
PARAMETRIC_REPRESENTATION_CONTEXT() REPRESENTATION_CONTEXT('2D SPACE',''
  ) );
#9683 = PCURVE('',#8215,#9684);
#9684 = DEFINITIONAL_REPRESENTATION('',(#9685),#9688);
#9685 = B_SPLINE_CURVE_WITH_KNOTS('',1,(#9686,#9687),.UNSPECIFIED.,.F.,
  .F.,(2,2),(0.,2.5),.PIECEWISE_BEZIER_KNOTS.);
#9686 = CARTESIAN_POINT('',(7.853981633974,0.));
#9687 = CARTESIAN_POINT('',(7.853981633974,2.5));
#9688 = ( GEOMETRIC_REPRESENTATION_CONTEXT(2) 
PARAMETRIC_REPRESENTATION_CONTEXT() REPRESENTATION_CONTEXT('2D SPACE',''
  ) );
#9689 = ORIENTED_EDGE('',*,*,#8227,.T.);
#9690 = ORIENTED_EDGE('',*,*,#4039,.F.);
#9691 = ADVANCED_FACE('',(#9692),#4007,.T.);
#9692 = FACE_BOUND('',#9693,.T.);
#9693 = EDGE_LOOP('',(#9694,#9722,#9742,#9743,#9744,#9765));
#9694 = ORIENTED_EDGE('',*,*,#9695,.F.);
#9695 = EDGE_CURVE('',#9696,#9698,#9700,.T.);
#9696 = VERTEX_POINT('',#9697);
#9697 = CARTESIAN_POINT('',(45.,42.,20.040610178209));
#9698 = VERTEX_POINT('',#9699);
#9699 = CARTESIAN_POINT('',(45.,42.,41.333333333333));
#9700 = SURFACE_CURVE('',#9701,(#9705,#9711),.PCURVE_S1.);
#9701 = LINE('',#9702,#9703);
#9702 = CARTESIAN_POINT('',(45.,42.,67.827403472904));
#9703 = VECTOR('',#9704,1.);
#9704 = DIRECTION('',(-0.,0.,1.));
#9705 = PCURVE('',#4007,#9706);
#9706 = DEFINITIONAL_REPRESENTATION('',(#9707),#9710);
#9707 = B_SPLINE_CURVE_WITH_KNOTS('',1,(#9708,#9709),.UNSPECIFIED.,.F.,
  .F.,(2,2),(-63.8274034729,11.415035356393),.PIECEWISE_BEZIER_KNOTS.);
#9708 = CARTESIAN_POINT('',(4.5,-96.));
#9709 = CARTESIAN_POINT('',(4.5,-20.7575611707));
#9710 = ( GEOMETRIC_REPRESENTATION_CONTEXT(2) 
PARAMETRIC_REPRESENTATION_CONTEXT() REPRESENTATION_CONTEXT('2D SPACE',''
  ) );
#9711 = PCURVE('',#9712,#9717);
#9712 = PLANE('',#9713);
#9713 = AXIS2_PLACEMENT_3D('',#9714,#9715,#9716);
#9714 = CARTESIAN_POINT('',(45.,60.084596666577,35.654806945809));
#9715 = DIRECTION('',(-1.,-0.,-0.));
#9716 = DIRECTION('',(0.,-1.,0.));
#9717 = DEFINITIONAL_REPRESENTATION('',(#9718),#9721);
#9718 = B_SPLINE_CURVE_WITH_KNOTS('',1,(#9719,#9720),.UNSPECIFIED.,.F.,
  .F.,(2,2),(-63.8274034729,11.415035356393),.PIECEWISE_BEZIER_KNOTS.);
#9719 = CARTESIAN_POINT('',(18.084596666577,-31.6548069458));
#9720 = CARTESIAN_POINT('',(18.084596666577,43.587631883489));
#9721 = ( GEOMETRIC_REPRESENTATION_CONTEXT(2) 
PARAMETRIC_REPRESENTATION_CONTEXT() REPRESENTATION_CONTEXT('2D SPACE',''
  ) );
#9722 = ORIENTED_EDGE('',*,*,#9723,.T.);
#9723 = EDGE_CURVE('',#9696,#8250,#9724,.T.);
#9724 = SURFACE_CURVE('',#9725,(#9729,#9735),.PCURVE_S1.);
#9725 = LINE('',#9726,#9727);
#9726 = CARTESIAN_POINT('',(20.25,42.,20.040610178209));
#9727 = VECTOR('',#9728,1.);
#9728 = DIRECTION('',(1.,0.,0.));
#9729 = PCURVE('',#4007,#9730);
#9730 = DEFINITIONAL_REPRESENTATION('',(#9731),#9734);
#9731 = B_SPLINE_CURVE_WITH_KNOTS('',1,(#9732,#9733),.UNSPECIFIED.,.F.,
  .F.,(2,2),(20.25,25.75),.PIECEWISE_BEZIER_KNOTS.);
#9732 = CARTESIAN_POINT('',(0.,-79.95938982179));
#9733 = CARTESIAN_POINT('',(5.5,-79.95938982179));
#9734 = ( GEOMETRIC_REPRESENTATION_CONTEXT(2) 
PARAMETRIC_REPRESENTATION_CONTEXT() REPRESENTATION_CONTEXT('2D SPACE',''
  ) );
#9735 = PCURVE('',#5892,#9736);
#9736 = DEFINITIONAL_REPRESENTATION('',(#9737),#9741);
#9737 = LINE('',#9738,#9739);
#9738 = CARTESIAN_POINT('',(100.94440732824,20.25));
#9739 = VECTOR('',#9740,1.);
#9740 = DIRECTION('',(0.,1.));
#9741 = ( GEOMETRIC_REPRESENTATION_CONTEXT(2) 
PARAMETRIC_REPRESENTATION_CONTEXT() REPRESENTATION_CONTEXT('2D SPACE',''
  ) );
#9742 = ORIENTED_EDGE('',*,*,#8249,.T.);
#9743 = ORIENTED_EDGE('',*,*,#3992,.T.);
#9744 = ORIENTED_EDGE('',*,*,#9745,.T.);
#9745 = EDGE_CURVE('',#3967,#9746,#9748,.T.);
#9746 = VERTEX_POINT('',#9747);
#9747 = CARTESIAN_POINT('',(48.2,42.,41.333333333333));
#9748 = SURFACE_CURVE('',#9749,(#9753,#9759),.PCURVE_S1.);
#9749 = LINE('',#9750,#9751);
#9750 = CARTESIAN_POINT('',(48.2,42.,67.827403472904));
#9751 = VECTOR('',#9752,1.);
#9752 = DIRECTION('',(-0.,0.,1.));
#9753 = PCURVE('',#4007,#9754);
#9754 = DEFINITIONAL_REPRESENTATION('',(#9755),#9758);
#9755 = B_SPLINE_CURVE_WITH_KNOTS('',1,(#9756,#9757),.UNSPECIFIED.,.F.,
  .F.,(2,2),(-66.0274034729,16.781694000279),.PIECEWISE_BEZIER_KNOTS.);
#9756 = CARTESIAN_POINT('',(7.7,-98.2));
#9757 = CARTESIAN_POINT('',(7.7,-15.39090252681));
#9758 = ( GEOMETRIC_REPRESENTATION_CONTEXT(2) 
PARAMETRIC_REPRESENTATION_CONTEXT() REPRESENTATION_CONTEXT('2D SPACE',''
  ) );
#9759 = PCURVE('',#3981,#9760);
#9760 = DEFINITIONAL_REPRESENTATION('',(#9761),#9764);
#9761 = B_SPLINE_CURVE_WITH_KNOTS('',1,(#9762,#9763),.UNSPECIFIED.,.F.,
  .F.,(2,2),(-66.0274034729,16.781694000279),.PIECEWISE_BEZIER_KNOTS.);
#9762 = CARTESIAN_POINT('',(18.084596666577,-33.8548069458));
#9763 = CARTESIAN_POINT('',(18.084596666577,48.954290527375));
#9764 = ( GEOMETRIC_REPRESENTATION_CONTEXT(2) 
PARAMETRIC_REPRESENTATION_CONTEXT() REPRESENTATION_CONTEXT('2D SPACE',''
  ) );
#9765 = ORIENTED_EDGE('',*,*,#9766,.F.);
#9766 = EDGE_CURVE('',#9698,#9746,#9767,.T.);
#9767 = SURFACE_CURVE('',#9768,(#9772,#9778),.PCURVE_S1.);
#9768 = LINE('',#9769,#9770);
#9769 = CARTESIAN_POINT('',(20.25,42.,41.333333333333));
#9770 = VECTOR('',#9771,1.);
#9771 = DIRECTION('',(1.,0.,0.));
#9772 = PCURVE('',#4007,#9773);
#9773 = DEFINITIONAL_REPRESENTATION('',(#9774),#9777);
#9774 = B_SPLINE_CURVE_WITH_KNOTS('',1,(#9775,#9776),.UNSPECIFIED.,.F.,
  .F.,(2,2),(20.25,27.95),.PIECEWISE_BEZIER_KNOTS.);
#9775 = CARTESIAN_POINT('',(0.,-58.66666666666));
#9776 = CARTESIAN_POINT('',(7.7,-58.66666666666));
#9777 = ( GEOMETRIC_REPRESENTATION_CONTEXT(2) 
PARAMETRIC_REPRESENTATION_CONTEXT() REPRESENTATION_CONTEXT('2D SPACE',''
  ) );
#9778 = PCURVE('',#9779,#9784);
#9779 = PLANE('',#9780);
#9780 = AXIS2_PLACEMENT_3D('',#9781,#9782,#9783);
#9781 = CARTESIAN_POINT('',(0.,140.,67.));
#9782 = DIRECTION('',(0.,-0.253359391838,0.96737222338));
#9783 = DIRECTION('',(0.,-0.96737222338,-0.253359391838));
#9784 = DEFINITIONAL_REPRESENTATION('',(#9785),#9788);
#9785 = B_SPLINE_CURVE_WITH_KNOTS('',1,(#9786,#9787),.UNSPECIFIED.,.F.,
  .F.,(2,2),(20.25,27.95),.PIECEWISE_BEZIER_KNOTS.);
#9786 = CARTESIAN_POINT('',(101.30536894843,40.5));
#9787 = CARTESIAN_POINT('',(101.30536894843,48.2));
#9788 = ( GEOMETRIC_REPRESENTATION_CONTEXT(2) 
PARAMETRIC_REPRESENTATION_CONTEXT() REPRESENTATION_CONTEXT('2D SPACE',''
  ) );
#9789 = ADVANCED_FACE('',(#9790),#3981,.F.);
#9790 = FACE_BOUND('',#9791,.F.);
#9791 = EDGE_LOOP('',(#9792,#9813,#9814,#9815));
#9792 = ORIENTED_EDGE('',*,*,#9793,.F.);
#9793 = EDGE_CURVE('',#3941,#9794,#9796,.T.);
#9794 = VERTEX_POINT('',#9795);
#9795 = CARTESIAN_POINT('',(48.2,117.5,61.107142857143));
#9796 = SURFACE_CURVE('',#9797,(#9801,#9807),.PCURVE_S1.);
#9797 = LINE('',#9798,#9799);
#9798 = CARTESIAN_POINT('',(48.2,117.5,67.827403472904));
#9799 = VECTOR('',#9800,1.);
#9800 = DIRECTION('',(-0.,0.,1.));
#9801 = PCURVE('',#3981,#9802);
#9802 = DEFINITIONAL_REPRESENTATION('',(#9803),#9806);
#9803 = B_SPLINE_CURVE_WITH_KNOTS('',1,(#9804,#9805),.UNSPECIFIED.,.F.,
  .F.,(2,2),(-66.0274034729,16.781694000279),.PIECEWISE_BEZIER_KNOTS.);
#9804 = CARTESIAN_POINT('',(-57.41540333342,-33.8548069458));
#9805 = CARTESIAN_POINT('',(-57.41540333342,48.954290527375));
#9806 = ( GEOMETRIC_REPRESENTATION_CONTEXT(2) 
PARAMETRIC_REPRESENTATION_CONTEXT() REPRESENTATION_CONTEXT('2D SPACE',''
  ) );
#9807 = PCURVE('',#3955,#9808);
#9808 = DEFINITIONAL_REPRESENTATION('',(#9809),#9812);
#9809 = B_SPLINE_CURVE_WITH_KNOTS('',1,(#9810,#9811),.UNSPECIFIED.,.F.,
  .F.,(2,2),(-66.0274034729,16.781694000279),.PIECEWISE_BEZIER_KNOTS.);
#9810 = CARTESIAN_POINT('',(18.7,-98.2));
#9811 = CARTESIAN_POINT('',(18.7,-15.39090252681));
#9812 = ( GEOMETRIC_REPRESENTATION_CONTEXT(2) 
PARAMETRIC_REPRESENTATION_CONTEXT() REPRESENTATION_CONTEXT('2D SPACE',''
  ) );
#9813 = ORIENTED_EDGE('',*,*,#3966,.T.);
#9814 = ORIENTED_EDGE('',*,*,#9745,.T.);
#9815 = ORIENTED_EDGE('',*,*,#9816,.T.);
#9816 = EDGE_CURVE('',#9746,#9794,#9817,.T.);
#9817 = SURFACE_CURVE('',#9818,(#9822,#9828),.PCURVE_S1.);
#9818 = LINE('',#9819,#9820);
#9819 = CARTESIAN_POINT('',(48.2,98.765981254325,56.200614138038));
#9820 = VECTOR('',#9821,1.);
#9821 = DIRECTION('',(-0.,0.96737222338,0.253359391838));
#9822 = PCURVE('',#3981,#9823);
#9823 = DEFINITIONAL_REPRESENTATION('',(#9824),#9827);
#9824 = B_SPLINE_CURVE_WITH_KNOTS('',1,(#9825,#9826),.UNSPECIFIED.,.F.,
  .F.,(2,2),(-170.3232502155,42.624770227114),.PIECEWISE_BEZIER_KNOTS.);
#9825 = CARTESIAN_POINT('',(126.08459666657,-22.60718789819));
#9826 = CARTESIAN_POINT('',(-79.91540333342,31.345193054191));
#9827 = ( GEOMETRIC_REPRESENTATION_CONTEXT(2) 
PARAMETRIC_REPRESENTATION_CONTEXT() REPRESENTATION_CONTEXT('2D SPACE',''
  ) );
#9828 = PCURVE('',#9779,#9829);
#9829 = DEFINITIONAL_REPRESENTATION('',(#9830),#9833);
#9830 = B_SPLINE_CURVE_WITH_KNOTS('',1,(#9831,#9832),.UNSPECIFIED.,.F.,
  .F.,(2,2),(-170.3232502155,42.624770227114),.PIECEWISE_BEZIER_KNOTS.);
#9831 = CARTESIAN_POINT('',(212.94802044262,48.2));
#9832 = CARTESIAN_POINT('',(0.,48.2));
#9833 = ( GEOMETRIC_REPRESENTATION_CONTEXT(2) 
PARAMETRIC_REPRESENTATION_CONTEXT() REPRESENTATION_CONTEXT('2D SPACE',''
  ) );
#9834 = ADVANCED_FACE('',(#9835),#3955,.F.);
#9835 = FACE_BOUND('',#9836,.F.);
#9836 = EDGE_LOOP('',(#9837,#9860,#9882,#9901,#9902,#9903));
#9837 = ORIENTED_EDGE('',*,*,#9838,.F.);
#9838 = EDGE_CURVE('',#9839,#9841,#9843,.T.);
#9839 = VERTEX_POINT('',#9840);
#9840 = CARTESIAN_POINT('',(45.,117.5,30.826324463923));
#9841 = VERTEX_POINT('',#9842);
#9842 = CARTESIAN_POINT('',(45.,117.5,61.107142857143));
#9843 = SURFACE_CURVE('',#9844,(#9848,#9854),.PCURVE_S1.);
#9844 = LINE('',#9845,#9846);
#9845 = CARTESIAN_POINT('',(45.,117.5,67.827403472904));
#9846 = VECTOR('',#9847,1.);
#9847 = DIRECTION('',(-0.,0.,1.));
#9848 = PCURVE('',#3955,#9849);
#9849 = DEFINITIONAL_REPRESENTATION('',(#9850),#9853);
#9850 = B_SPLINE_CURVE_WITH_KNOTS('',1,(#9851,#9852),.UNSPECIFIED.,.F.,
  .F.,(2,2),(-63.8274034729,11.415035356393),.PIECEWISE_BEZIER_KNOTS.);
#9851 = CARTESIAN_POINT('',(15.5,-96.));
#9852 = CARTESIAN_POINT('',(15.5,-20.7575611707));
#9853 = ( GEOMETRIC_REPRESENTATION_CONTEXT(2) 
PARAMETRIC_REPRESENTATION_CONTEXT() REPRESENTATION_CONTEXT('2D SPACE',''
  ) );
#9854 = PCURVE('',#9712,#9855);
#9855 = DEFINITIONAL_REPRESENTATION('',(#9856),#9859);
#9856 = B_SPLINE_CURVE_WITH_KNOTS('',1,(#9857,#9858),.UNSPECIFIED.,.F.,
  .F.,(2,2),(-63.8274034729,11.415035356393),.PIECEWISE_BEZIER_KNOTS.);
#9857 = CARTESIAN_POINT('',(-57.41540333342,-31.6548069458));
#9858 = CARTESIAN_POINT('',(-57.41540333342,43.587631883489));
#9859 = ( GEOMETRIC_REPRESENTATION_CONTEXT(2) 
PARAMETRIC_REPRESENTATION_CONTEXT() REPRESENTATION_CONTEXT('2D SPACE',''
  ) );
#9860 = ORIENTED_EDGE('',*,*,#9861,.T.);
#9861 = EDGE_CURVE('',#9839,#9862,#9864,.T.);
#9862 = VERTEX_POINT('',#9863);
#9863 = CARTESIAN_POINT('',(46.,117.5,30.826324463923));
#9864 = SURFACE_CURVE('',#9865,(#9869,#9875),.PCURVE_S1.);
#9865 = LINE('',#9866,#9867);
#9866 = CARTESIAN_POINT('',(14.75,117.5,30.826324463923));
#9867 = VECTOR('',#9868,1.);
#9868 = DIRECTION('',(1.,0.,0.));
#9869 = PCURVE('',#3955,#9870);
#9870 = DEFINITIONAL_REPRESENTATION('',(#9871),#9874);
#9871 = B_SPLINE_CURVE_WITH_KNOTS('',1,(#9872,#9873),.UNSPECIFIED.,.F.,
  .F.,(2,2),(14.75,31.25),.PIECEWISE_BEZIER_KNOTS.);
#9872 = CARTESIAN_POINT('',(0.,-69.17367553607));
#9873 = CARTESIAN_POINT('',(16.5,-69.17367553607));
#9874 = ( GEOMETRIC_REPRESENTATION_CONTEXT(2) 
PARAMETRIC_REPRESENTATION_CONTEXT() REPRESENTATION_CONTEXT('2D SPACE',''
  ) );
#9875 = PCURVE('',#5892,#9876);
#9876 = DEFINITIONAL_REPRESENTATION('',(#9877),#9881);
#9877 = LINE('',#9878,#9879);
#9878 = CARTESIAN_POINT('',(24.677890214555,14.75));
#9879 = VECTOR('',#9880,1.);
#9880 = DIRECTION('',(0.,1.));
#9881 = ( GEOMETRIC_REPRESENTATION_CONTEXT(2) 
PARAMETRIC_REPRESENTATION_CONTEXT() REPRESENTATION_CONTEXT('2D SPACE',''
  ) );
#9882 = ORIENTED_EDGE('',*,*,#9883,.T.);
#9883 = EDGE_CURVE('',#9862,#3915,#9884,.T.);
#9884 = SURFACE_CURVE('',#9885,(#9889,#9895),.PCURVE_S1.);
#9885 = LINE('',#9886,#9887);
#9886 = CARTESIAN_POINT('',(46.,117.5,67.827403472904));
#9887 = VECTOR('',#9888,1.);
#9888 = DIRECTION('',(-0.,0.,1.));
#9889 = PCURVE('',#3955,#9890);
#9890 = DEFINITIONAL_REPRESENTATION('',(#9891),#9894);
#9891 = B_SPLINE_CURVE_WITH_KNOTS('',1,(#9892,#9893),.UNSPECIFIED.,.F.,
  .F.,(2,2),(-39.22341460699,-6.720260615762),.PIECEWISE_BEZIER_KNOTS.);
#9892 = CARTESIAN_POINT('',(16.5,-71.39601113409));
#9893 = CARTESIAN_POINT('',(16.5,-38.89285714285));
#9894 = ( GEOMETRIC_REPRESENTATION_CONTEXT(2) 
PARAMETRIC_REPRESENTATION_CONTEXT() REPRESENTATION_CONTEXT('2D SPACE',''
  ) );
#9895 = PCURVE('',#3929,#9896);
#9896 = DEFINITIONAL_REPRESENTATION('',(#9897),#9900);
#9897 = B_SPLINE_CURVE_WITH_KNOTS('',1,(#9898,#9899),.UNSPECIFIED.,.F.,
  .F.,(2,2),(-39.22341460699,-6.720260615762),.PIECEWISE_BEZIER_KNOTS.);
#9898 = CARTESIAN_POINT('',(-57.41540333342,-7.050818079901));
#9899 = CARTESIAN_POINT('',(-57.41540333342,25.452335911334));
#9900 = ( GEOMETRIC_REPRESENTATION_CONTEXT(2) 
PARAMETRIC_REPRESENTATION_CONTEXT() REPRESENTATION_CONTEXT('2D SPACE',''
  ) );
#9901 = ORIENTED_EDGE('',*,*,#3940,.T.);
#9902 = ORIENTED_EDGE('',*,*,#9793,.T.);
#9903 = ORIENTED_EDGE('',*,*,#9904,.F.);
#9904 = EDGE_CURVE('',#9841,#9794,#9905,.T.);
#9905 = SURFACE_CURVE('',#9906,(#9910,#9916),.PCURVE_S1.);
#9906 = LINE('',#9907,#9908);
#9907 = CARTESIAN_POINT('',(14.75,117.5,61.107142857143));
#9908 = VECTOR('',#9909,1.);
#9909 = DIRECTION('',(1.,0.,0.));
#9910 = PCURVE('',#3955,#9911);
#9911 = DEFINITIONAL_REPRESENTATION('',(#9912),#9915);
#9912 = B_SPLINE_CURVE_WITH_KNOTS('',1,(#9913,#9914),.UNSPECIFIED.,.F.,
  .F.,(2,2),(14.75,33.45),.PIECEWISE_BEZIER_KNOTS.);
#9913 = CARTESIAN_POINT('',(0.,-38.89285714285));
#9914 = CARTESIAN_POINT('',(18.7,-38.89285714285));
#9915 = ( GEOMETRIC_REPRESENTATION_CONTEXT(2) 
PARAMETRIC_REPRESENTATION_CONTEXT() REPRESENTATION_CONTEXT('2D SPACE',''
  ) );
#9916 = PCURVE('',#9779,#9917);
#9917 = DEFINITIONAL_REPRESENTATION('',(#9918),#9921);
#9918 = B_SPLINE_CURVE_WITH_KNOTS('',1,(#9919,#9920),.UNSPECIFIED.,.F.,
  .F.,(2,2),(14.75,33.45),.PIECEWISE_BEZIER_KNOTS.);
#9919 = CARTESIAN_POINT('',(23.258885727956,29.5));
#9920 = CARTESIAN_POINT('',(23.258885727956,48.2));
#9921 = ( GEOMETRIC_REPRESENTATION_CONTEXT(2) 
PARAMETRIC_REPRESENTATION_CONTEXT() REPRESENTATION_CONTEXT('2D SPACE',''
  ) );
#9922 = ADVANCED_FACE('',(#9923),#3929,.T.);
#9923 = FACE_BOUND('',#9924,.T.);
#9924 = EDGE_LOOP('',(#9925,#9926,#9947,#9968));
#9925 = ORIENTED_EDGE('',*,*,#3914,.T.);
#9926 = ORIENTED_EDGE('',*,*,#9927,.T.);
#9927 = EDGE_CURVE('',#3889,#9928,#9930,.T.);
#9928 = VERTEX_POINT('',#9929);
#9929 = CARTESIAN_POINT('',(46.,132.5331993947,32.973924377452));
#9930 = SURFACE_CURVE('',#9931,(#9935,#9941),.PCURVE_S1.);
#9931 = LINE('',#9932,#9933);
#9932 = CARTESIAN_POINT('',(46.,135.69534031777,20.900295398439));
#9933 = VECTOR('',#9934,1.);
#9934 = DIRECTION('',(0.,0.253359391838,-0.96737222338));
#9935 = PCURVE('',#3929,#9936);
#9936 = DEFINITIONAL_REPRESENTATION('',(#9937),#9940);
#9937 = B_SPLINE_CURVE_WITH_KNOTS('',1,(#9938,#9939),.UNSPECIFIED.,.F.,
  .F.,(2,2),(-64.78713669279,-8.454600543197),.PIECEWISE_BEZIER_KNOTS.);
#9938 = CARTESIAN_POINT('',(-59.19631409981,47.918764921578));
#9939 = CARTESIAN_POINT('',(-73.46869119934,-6.575765822106));
#9940 = ( GEOMETRIC_REPRESENTATION_CONTEXT(2) 
PARAMETRIC_REPRESENTATION_CONTEXT() REPRESENTATION_CONTEXT('2D SPACE',''
  ) );
#9941 = PCURVE('',#3903,#9942);
#9942 = DEFINITIONAL_REPRESENTATION('',(#9943),#9946);
#9943 = B_SPLINE_CURVE_WITH_KNOTS('',1,(#9944,#9945),.UNSPECIFIED.,.F.,
  .F.,(2,2),(-64.78713669279,-8.454600543197),.PIECEWISE_BEZIER_KNOTS.);
#9944 = CARTESIAN_POINT('',(98.216933361126,4.));
#9945 = CARTESIAN_POINT('',(41.884397211529,4.));
#9946 = ( GEOMETRIC_REPRESENTATION_CONTEXT(2) 
PARAMETRIC_REPRESENTATION_CONTEXT() REPRESENTATION_CONTEXT('2D SPACE',''
  ) );
#9947 = ORIENTED_EDGE('',*,*,#9948,.T.);
#9948 = EDGE_CURVE('',#9928,#9862,#9949,.T.);
#9949 = SURFACE_CURVE('',#9950,(#9954,#9961),.PCURVE_S1.);
#9950 = LINE('',#9951,#9952);
#9951 = CARTESIAN_POINT('',(46.,139.43431457505,33.959797974645));
#9952 = VECTOR('',#9953,1.);
#9953 = DIRECTION('',(0.,-0.989949493661,-0.141421356237));
#9954 = PCURVE('',#3929,#9955);
#9955 = DEFINITIONAL_REPRESENTATION('',(#9956),#9960);
#9956 = LINE('',#9957,#9958);
#9957 = CARTESIAN_POINT('',(-79.34971790847,-1.695008971164));
#9958 = VECTOR('',#9959,1.);
#9959 = DIRECTION('',(0.989949493661,-0.141421356237));
#9960 = ( GEOMETRIC_REPRESENTATION_CONTEXT(2) 
PARAMETRIC_REPRESENTATION_CONTEXT() REPRESENTATION_CONTEXT('2D SPACE',''
  ) );
#9961 = PCURVE('',#5892,#9962);
#9962 = DEFINITIONAL_REPRESENTATION('',(#9963),#9967);
#9963 = LINE('',#9964,#9965);
#9964 = CARTESIAN_POINT('',(2.520886533559,46.));
#9965 = VECTOR('',#9966,1.);
#9966 = DIRECTION('',(1.,0.));
#9967 = ( GEOMETRIC_REPRESENTATION_CONTEXT(2) 
PARAMETRIC_REPRESENTATION_CONTEXT() REPRESENTATION_CONTEXT('2D SPACE',''
  ) );
#9968 = ORIENTED_EDGE('',*,*,#9883,.T.);
#9969 = ADVANCED_FACE('',(#9970),#3903,.F.);
#9970 = FACE_BOUND('',#9971,.F.);
#9971 = EDGE_LOOP('',(#9972,#9973,#9974,#9996));
#9972 = ORIENTED_EDGE('',*,*,#3888,.T.);
#9973 = ORIENTED_EDGE('',*,*,#9927,.T.);
#9974 = ORIENTED_EDGE('',*,*,#9975,.T.);
#9975 = EDGE_CURVE('',#9928,#9976,#9978,.T.);
#9976 = VERTEX_POINT('',#9977);
#9977 = CARTESIAN_POINT('',(42.,132.5331993947,32.973924377452));
#9978 = SURFACE_CURVE('',#9979,(#9983,#9989),.PCURVE_S1.);
#9979 = LINE('',#9980,#9981);
#9980 = CARTESIAN_POINT('',(21.,132.5331993947,32.973924377452));
#9981 = VECTOR('',#9982,1.);
#9982 = DIRECTION('',(-1.,0.,0.));
#9983 = PCURVE('',#3903,#9984);
#9984 = DEFINITIONAL_REPRESENTATION('',(#9985),#9988);
#9985 = B_SPLINE_CURVE_WITH_KNOTS('',1,(#9986,#9987),.UNSPECIFIED.,.F.,
  .F.,(2,2),(-25.,-21.),.PIECEWISE_BEZIER_KNOTS.);
#9986 = CARTESIAN_POINT('',(45.910648079203,4.));
#9987 = CARTESIAN_POINT('',(45.910648079203,0.));
#9988 = ( GEOMETRIC_REPRESENTATION_CONTEXT(2) 
PARAMETRIC_REPRESENTATION_CONTEXT() REPRESENTATION_CONTEXT('2D SPACE',''
  ) );
#9989 = PCURVE('',#5892,#9990);
#9990 = DEFINITIONAL_REPRESENTATION('',(#9991),#9995);
#9991 = LINE('',#9992,#9993);
#9992 = CARTESIAN_POINT('',(9.492065593234,21.));
#9993 = VECTOR('',#9994,1.);
#9994 = DIRECTION('',(-0.,-1.));
#9995 = ( GEOMETRIC_REPRESENTATION_CONTEXT(2) 
PARAMETRIC_REPRESENTATION_CONTEXT() REPRESENTATION_CONTEXT('2D SPACE',''
  ) );
#9996 = ORIENTED_EDGE('',*,*,#9997,.T.);
#9997 = EDGE_CURVE('',#9976,#3860,#9998,.T.);
#9998 = SURFACE_CURVE('',#9999,(#10003,#10010),.PCURVE_S1.);
#9999 = LINE('',#10000,#10001);
#10000 = CARTESIAN_POINT('',(42.,144.16509327092,-11.43876133175));
#10001 = VECTOR('',#10002,1.);
#10002 = DIRECTION('',(0.,-0.253359391838,0.96737222338));
#10003 = PCURVE('',#3903,#10004);
#10004 = DEFINITIONAL_REPRESENTATION('',(#10005),#10009);
#10005 = LINE('',#10006,#10007);
#10006 = CARTESIAN_POINT('',(0.,0.));
#10007 = VECTOR('',#10008,1.);
#10008 = DIRECTION('',(1.,0.));
#10009 = ( GEOMETRIC_REPRESENTATION_CONTEXT(2) 
PARAMETRIC_REPRESENTATION_CONTEXT() REPRESENTATION_CONTEXT('2D SPACE',''
  ) );
#10010 = PCURVE('',#3876,#10011);
#10011 = DEFINITIONAL_REPRESENTATION('',(#10012),#10016);
#10012 = LINE('',#10013,#10014);
#10013 = CARTESIAN_POINT('',(4.712388980385,0.));
#10014 = VECTOR('',#10015,1.);
#10015 = DIRECTION('',(0.,1.));
#10016 = ( GEOMETRIC_REPRESENTATION_CONTEXT(2) 
PARAMETRIC_REPRESENTATION_CONTEXT() REPRESENTATION_CONTEXT('2D SPACE',''
  ) );
#10017 = ADVANCED_FACE('',(#10018),#3876,.T.);
#10018 = FACE_BOUND('',#10019,.T.);
#10019 = EDGE_LOOP('',(#10020,#10021,#10022,#10051,#10084));
#10020 = ORIENTED_EDGE('',*,*,#3859,.F.);
#10021 = ORIENTED_EDGE('',*,*,#9645,.F.);
#10022 = ORIENTED_EDGE('',*,*,#10023,.T.);
#10023 = EDGE_CURVE('',#9624,#10024,#10026,.T.);
#10024 = VERTEX_POINT('',#10025);
#10025 = CARTESIAN_POINT('',(39.681913968709,141.92986492252,
    34.316305167141));
#10026 = SURFACE_CURVE('',#10027,(#10032,#10044),.PCURVE_S1.);
#10027 = ELLIPSE('',#10028,15.34713034552,5.);
#10028 = AXIS2_PLACEMENT_3D('',#10029,#10030,#10031);
#10029 = CARTESIAN_POINT('',(42.,134.38699404432,45.630611484442));
#10030 = DIRECTION('',(-0.,0.832050294338,0.554700196225));
#10031 = DIRECTION('',(0.,-0.554700196225,0.832050294338));
#10032 = PCURVE('',#3876,#10033);
#10033 = DEFINITIONAL_REPRESENTATION('',(#10034),#10043);
#10034 = B_SPLINE_CURVE_WITH_KNOTS('',7,(#10035,#10036,#10037,#10038,
    #10039,#10040,#10041,#10042),.UNSPECIFIED.,.F.,.F.,(8,8),(
    3.14159265359,4.006612084783),.PIECEWISE_BEZIER_KNOTS.);
#10035 = CARTESIAN_POINT('',(1.570796326795,43.174895419931));
#10036 = CARTESIAN_POINT('',(1.694370531251,43.174895419931));
#10037 = CARTESIAN_POINT('',(1.817944735707,43.433397620553));
#10038 = CARTESIAN_POINT('',(1.941518940164,43.950400730602));
#10039 = CARTESIAN_POINT('',(2.06509314462,44.716238538545));
#10040 = CARTESIAN_POINT('',(2.188667349076,45.711554299805));
#10041 = CARTESIAN_POINT('',(2.312241553532,46.908578104593));
#10042 = CARTESIAN_POINT('',(2.435815757988,48.273273034332));
#10043 = ( GEOMETRIC_REPRESENTATION_CONTEXT(2) 
PARAMETRIC_REPRESENTATION_CONTEXT() REPRESENTATION_CONTEXT('2D SPACE',''
  ) );
#10044 = PCURVE('',#5785,#10045);
#10045 = DEFINITIONAL_REPRESENTATION('',(#10046),#10050);
#10046 = ELLIPSE('',#10047,15.34713034552,5.);
#10047 = AXIS2_PLACEMENT_2D('',#10048,#10049);
#10048 = CARTESIAN_POINT('',(50.033768112025,42.));
#10049 = DIRECTION('',(1.,0.));
#10050 = ( GEOMETRIC_REPRESENTATION_CONTEXT(2) 
PARAMETRIC_REPRESENTATION_CONTEXT() REPRESENTATION_CONTEXT('2D SPACE',''
  ) );
#10051 = ORIENTED_EDGE('',*,*,#10052,.T.);
#10052 = EDGE_CURVE('',#10024,#9976,#10053,.T.);
#10053 = SURFACE_CURVE('',#10054,(#10059,#10077),.PCURVE_S1.);
#10054 = ELLIPSE('',#10055,5.032813584593,5.);
#10055 = AXIS2_PLACEMENT_3D('',#10056,#10057,#10058);
#10056 = CARTESIAN_POINT('',(42.,137.51543065446,33.685671700275));
#10057 = DIRECTION('',(0.,-0.141421356237,0.989949493661));
#10058 = DIRECTION('',(0.,-0.989949493661,-0.141421356237));
#10059 = PCURVE('',#3876,#10060);
#10060 = DEFINITIONAL_REPRESENTATION('',(#10061),#10076);
#10061 = B_SPLINE_CURVE_WITH_KNOTS('',7,(#10062,#10063,#10064,#10065,
    #10066,#10067,#10068,#10069,#10070,#10071,#10072,#10073,#10074,
    #10075),.UNSPECIFIED.,.F.,.F.,(8,6,8),(3.14159265359,4.712388980385,
    6.28318530718),.UNSPECIFIED.);
#10062 = CARTESIAN_POINT('',(1.570796326795,44.763107095597));
#10063 = CARTESIAN_POINT('',(1.795195802051,44.763107095597));
#10064 = CARTESIAN_POINT('',(2.019595277308,44.796815350372));
#10065 = CARTESIAN_POINT('',(2.243994752562,44.864226969992));
#10066 = CARTESIAN_POINT('',(2.468394227822,44.961203179169));
#10067 = CARTESIAN_POINT('',(2.692793703076,45.079370515658));
#10068 = CARTESIAN_POINT('',(2.917193178333,45.208123790122));
#10069 = CARTESIAN_POINT('',(3.365992128846,45.465631384678));
#10070 = CARTESIAN_POINT('',(3.590391604102,45.594384659133));
#10071 = CARTESIAN_POINT('',(3.814791079361,45.712551995661));
#10072 = CARTESIAN_POINT('',(4.039190554613,45.809528204787));
#10073 = CARTESIAN_POINT('',(4.263590029873,45.876939824435));
#10074 = CARTESIAN_POINT('',(4.487989505128,45.910648079203));
#10075 = CARTESIAN_POINT('',(4.712388980385,45.910648079203));
#10076 = ( GEOMETRIC_REPRESENTATION_CONTEXT(2) 
PARAMETRIC_REPRESENTATION_CONTEXT() REPRESENTATION_CONTEXT('2D SPACE',''
  ) );
#10077 = PCURVE('',#5892,#10078);
#10078 = DEFINITIONAL_REPRESENTATION('',(#10079),#10083);
#10079 = ELLIPSE('',#10080,5.032813584593,5.);
#10080 = AXIS2_PLACEMENT_2D('',#10081,#10082);
#10081 = CARTESIAN_POINT('',(4.459252008641,42.));
#10082 = DIRECTION('',(1.,0.));
#10083 = ( GEOMETRIC_REPRESENTATION_CONTEXT(2) 
PARAMETRIC_REPRESENTATION_CONTEXT() REPRESENTATION_CONTEXT('2D SPACE',''
  ) );
#10084 = ORIENTED_EDGE('',*,*,#9997,.T.);
#10085 = ADVANCED_FACE('',(#10086),#4103,.F.);
#10086 = FACE_BOUND('',#10087,.F.);
#10087 = EDGE_LOOP('',(#10088,#10111,#10112,#10113));
#10088 = ORIENTED_EDGE('',*,*,#10089,.T.);
#10089 = EDGE_CURVE('',#10090,#4087,#10092,.T.);
#10090 = VERTEX_POINT('',#10091);
#10091 = CARTESIAN_POINT('',(43.7,133.01244316895,50.878896644961));
#10092 = SEAM_CURVE('',#10093,(#10097,#10104),.PCURVE_S1.);
#10093 = LINE('',#10094,#10095);
#10094 = CARTESIAN_POINT('',(43.7,145.20156351026,4.338618978138));
#10095 = VECTOR('',#10096,1.);
#10096 = DIRECTION('',(0.,-0.253359391838,0.96737222338));
#10097 = PCURVE('',#4103,#10098);
#10098 = DEFINITIONAL_REPRESENTATION('',(#10099),#10103);
#10099 = LINE('',#10100,#10101);
#10100 = CARTESIAN_POINT('',(6.28318530718,-0.));
#10101 = VECTOR('',#10102,1.);
#10102 = DIRECTION('',(0.,1.));
#10103 = ( GEOMETRIC_REPRESENTATION_CONTEXT(2) 
PARAMETRIC_REPRESENTATION_CONTEXT() REPRESENTATION_CONTEXT('2D SPACE',''
  ) );
#10104 = PCURVE('',#4103,#10105);
#10105 = DEFINITIONAL_REPRESENTATION('',(#10106),#10110);
#10106 = LINE('',#10107,#10108);
#10107 = CARTESIAN_POINT('',(0.,-0.));
#10108 = VECTOR('',#10109,1.);
#10109 = DIRECTION('',(0.,1.));
#10110 = ( GEOMETRIC_REPRESENTATION_CONTEXT(2) 
PARAMETRIC_REPRESENTATION_CONTEXT() REPRESENTATION_CONTEXT('2D SPACE',''
  ) );
#10111 = ORIENTED_EDGE('',*,*,#4086,.F.);
#10112 = ORIENTED_EDGE('',*,*,#10089,.F.);
#10113 = ORIENTED_EDGE('',*,*,#10114,.T.);
#10114 = EDGE_CURVE('',#10090,#10090,#10115,.T.);
#10115 = SURFACE_CURVE('',#10116,(#10121,#10128),.PCURVE_S1.);
#10116 = CIRCLE('',#10117,1.7);
#10117 = AXIS2_PLACEMENT_3D('',#10118,#10119,#10120);
#10118 = CARTESIAN_POINT('',(42.,133.01244316895,50.878896644961));
#10119 = DIRECTION('',(0.,-0.253359391838,0.96737222338));
#10120 = DIRECTION('',(1.,0.,0.));
#10121 = PCURVE('',#4103,#10122);
#10122 = DEFINITIONAL_REPRESENTATION('',(#10123),#10127);
#10123 = LINE('',#10124,#10125);
#10124 = CARTESIAN_POINT('',(0.,48.11));
#10125 = VECTOR('',#10126,1.);
#10126 = DIRECTION('',(1.,0.));
#10127 = ( GEOMETRIC_REPRESENTATION_CONTEXT(2) 
PARAMETRIC_REPRESENTATION_CONTEXT() REPRESENTATION_CONTEXT('2D SPACE',''
  ) );
#10128 = PCURVE('',#5560,#10129);
#10129 = DEFINITIONAL_REPRESENTATION('',(#10130),#10134);
#10130 = CIRCLE('',#10131,1.7);
#10131 = AXIS2_PLACEMENT_2D('',#10132,#10133);
#10132 = CARTESIAN_POINT('',(0.,0.));
#10133 = DIRECTION('',(1.,0.));
#10134 = ( GEOMETRIC_REPRESENTATION_CONTEXT(2) 
PARAMETRIC_REPRESENTATION_CONTEXT() REPRESENTATION_CONTEXT('2D SPACE',''
  ) );
#10135 = ADVANCED_FACE('',(#10136),#4132,.T.);
#10136 = FACE_BOUND('',#10137,.T.);
#10137 = EDGE_LOOP('',(#10138,#10157,#10158,#10159));
#10138 = ORIENTED_EDGE('',*,*,#10139,.T.);
#10139 = EDGE_CURVE('',#4322,#4458,#10140,.T.);
#10140 = SURFACE_CURVE('',#10141,(#10145,#10151),.PCURVE_S1.);
#10141 = LINE('',#10142,#10143);
#10142 = CARTESIAN_POINT('',(46.,-69.25753787975,0.856066017178));
#10143 = VECTOR('',#10144,1.);
#10144 = DIRECTION('',(-0.,0.755453954996,-0.65520174136));
#10145 = PCURVE('',#4132,#10146);
#10146 = DEFINITIONAL_REPRESENTATION('',(#10147),#10150);
#10147 = B_SPLINE_CURVE_WITH_KNOTS('',1,(#10148,#10149),.UNSPECIFIED.,
  .F.,.F.,(2,2),(-0.98280261204,0.98280261204),
  .PIECEWISE_BEZIER_KNOTS.);
#10148 = CARTESIAN_POINT('',(0.,306.40654491707));
#10149 = CARTESIAN_POINT('',(6.529406453603,306.40654491707));
#10150 = ( GEOMETRIC_REPRESENTATION_CONTEXT(2) 
PARAMETRIC_REPRESENTATION_CONTEXT() REPRESENTATION_CONTEXT('2D SPACE',''
  ) );
#10151 = PCURVE('',#4473,#10152);
#10152 = DEFINITIONAL_REPRESENTATION('',(#10153),#10156);
#10153 = B_SPLINE_CURVE_WITH_KNOTS('',1,(#10154,#10155),.UNSPECIFIED.,
  .F.,.F.,(2,2),(-0.98280261204,0.98280261204),
  .PIECEWISE_BEZIER_KNOTS.);
#10154 = CARTESIAN_POINT('',(-92.,-0.98280261204));
#10155 = CARTESIAN_POINT('',(-92.,0.98280261204));
#10156 = ( GEOMETRIC_REPRESENTATION_CONTEXT(2) 
PARAMETRIC_REPRESENTATION_CONTEXT() REPRESENTATION_CONTEXT('2D SPACE',''
  ) );
#10157 = ORIENTED_EDGE('',*,*,#4485,.T.);
#10158 = ORIENTED_EDGE('',*,*,#4118,.F.);
#10159 = ORIENTED_EDGE('',*,*,#4344,.F.);
#10160 = ADVANCED_FACE('',(#10161),#4473,.T.);
#10161 = FACE_BOUND('',#10162,.F.);
#10162 = EDGE_LOOP('',(#10163,#10164,#10165,#10166));
#10163 = ORIENTED_EDGE('',*,*,#8535,.F.);
#10164 = ORIENTED_EDGE('',*,*,#8396,.T.);
#10165 = ORIENTED_EDGE('',*,*,#10139,.T.);
#10166 = ORIENTED_EDGE('',*,*,#4457,.F.);
#10167 = ADVANCED_FACE('',(#10168),#4678,.F.);
#10168 = FACE_BOUND('',#10169,.T.);
#10169 = EDGE_LOOP('',(#10170,#10171,#10194,#10221));
#10170 = ORIENTED_EDGE('',*,*,#4657,.T.);
#10171 = ORIENTED_EDGE('',*,*,#10172,.T.);
#10172 = EDGE_CURVE('',#4658,#10173,#10175,.T.);
#10173 = VERTEX_POINT('',#10174);
#10174 = CARTESIAN_POINT('',(-9.4,59.184837585314,19.97020561473));
#10175 = SEAM_CURVE('',#10176,(#10180,#10187),.PCURVE_S1.);
#10176 = LINE('',#10177,#10178);
#10177 = CARTESIAN_POINT('',(-9.4,59.411111755294,18.386286424872));
#10178 = VECTOR('',#10179,1.);
#10179 = DIRECTION('',(0.,-0.141421356237,0.989949493661));
#10180 = PCURVE('',#4678,#10181);
#10181 = DEFINITIONAL_REPRESENTATION('',(#10182),#10186);
#10182 = LINE('',#10183,#10184);
#10183 = CARTESIAN_POINT('',(-6.28318530718,0.));
#10184 = VECTOR('',#10185,1.);
#10185 = DIRECTION('',(-0.,-1.));
#10186 = ( GEOMETRIC_REPRESENTATION_CONTEXT(2) 
PARAMETRIC_REPRESENTATION_CONTEXT() REPRESENTATION_CONTEXT('2D SPACE',''
  ) );
#10187 = PCURVE('',#4678,#10188);
#10188 = DEFINITIONAL_REPRESENTATION('',(#10189),#10193);
#10189 = LINE('',#10190,#10191);
#10190 = CARTESIAN_POINT('',(-0.,0.));
#10191 = VECTOR('',#10192,1.);
#10192 = DIRECTION('',(-0.,-1.));
#10193 = ( GEOMETRIC_REPRESENTATION_CONTEXT(2) 
PARAMETRIC_REPRESENTATION_CONTEXT() REPRESENTATION_CONTEXT('2D SPACE',''
  ) );
#10194 = ORIENTED_EDGE('',*,*,#10195,.T.);
#10195 = EDGE_CURVE('',#10173,#10173,#10196,.T.);
#10196 = SURFACE_CURVE('',#10197,(#10202,#10209),.PCURVE_S1.);
#10197 = CIRCLE('',#10198,2.6);
#10198 = AXIS2_PLACEMENT_3D('',#10199,#10200,#10201);
#10199 = CARTESIAN_POINT('',(-12.,59.184837585314,19.97020561473));
#10200 = DIRECTION('',(0.,-0.141421356237,0.989949493661));
#10201 = DIRECTION('',(1.,0.,0.));
#10202 = PCURVE('',#4678,#10203);
#10203 = DEFINITIONAL_REPRESENTATION('',(#10204),#10208);
#10204 = LINE('',#10205,#10206);
#10205 = CARTESIAN_POINT('',(-0.,-1.6));
#10206 = VECTOR('',#10207,1.);
#10207 = DIRECTION('',(-1.,0.));
#10208 = ( GEOMETRIC_REPRESENTATION_CONTEXT(2) 
PARAMETRIC_REPRESENTATION_CONTEXT() REPRESENTATION_CONTEXT('2D SPACE',''
  ) );
#10209 = PCURVE('',#10210,#10215);
#10210 = PLANE('',#10211);
#10211 = AXIS2_PLACEMENT_3D('',#10212,#10213,#10214);
#10212 = CARTESIAN_POINT('',(-12.,59.184837585314,19.97020561473));
#10213 = DIRECTION('',(0.,-0.141421356237,0.989949493661));
#10214 = DIRECTION('',(1.,0.,0.));
#10215 = DEFINITIONAL_REPRESENTATION('',(#10216),#10220);
#10216 = CIRCLE('',#10217,2.6);
#10217 = AXIS2_PLACEMENT_2D('',#10218,#10219);
#10218 = CARTESIAN_POINT('',(1.314846281288E-16,-2.534857220269E-17));
#10219 = DIRECTION('',(1.,0.));
#10220 = ( GEOMETRIC_REPRESENTATION_CONTEXT(2) 
PARAMETRIC_REPRESENTATION_CONTEXT() REPRESENTATION_CONTEXT('2D SPACE',''
  ) );
#10221 = ORIENTED_EDGE('',*,*,#10172,.F.);
#10222 = ADVANCED_FACE('',(#10223),#4713,.F.);
#10223 = FACE_BOUND('',#10224,.T.);
#10224 = EDGE_LOOP('',(#10225,#10226,#10249,#10276));
#10225 = ORIENTED_EDGE('',*,*,#4692,.T.);
#10226 = ORIENTED_EDGE('',*,*,#10227,.T.);
#10227 = EDGE_CURVE('',#4693,#10228,#10230,.T.);
#10228 = VERTEX_POINT('',#10229);
#10229 = CARTESIAN_POINT('',(-9.4,35.426049737446,16.576093065035));
#10230 = SEAM_CURVE('',#10231,(#10235,#10242),.PCURVE_S1.);
#10231 = LINE('',#10232,#10233);
#10232 = CARTESIAN_POINT('',(-9.4,35.652323907426,14.992173875177));
#10233 = VECTOR('',#10234,1.);
#10234 = DIRECTION('',(0.,-0.141421356237,0.989949493661));
#10235 = PCURVE('',#4713,#10236);
#10236 = DEFINITIONAL_REPRESENTATION('',(#10237),#10241);
#10237 = LINE('',#10238,#10239);
#10238 = CARTESIAN_POINT('',(-6.28318530718,0.));
#10239 = VECTOR('',#10240,1.);
#10240 = DIRECTION('',(-0.,-1.));
#10241 = ( GEOMETRIC_REPRESENTATION_CONTEXT(2) 
PARAMETRIC_REPRESENTATION_CONTEXT() REPRESENTATION_CONTEXT('2D SPACE',''
  ) );
#10242 = PCURVE('',#4713,#10243);
#10243 = DEFINITIONAL_REPRESENTATION('',(#10244),#10248);
#10244 = LINE('',#10245,#10246);
#10245 = CARTESIAN_POINT('',(-0.,0.));
#10246 = VECTOR('',#10247,1.);
#10247 = DIRECTION('',(-0.,-1.));
#10248 = ( GEOMETRIC_REPRESENTATION_CONTEXT(2) 
PARAMETRIC_REPRESENTATION_CONTEXT() REPRESENTATION_CONTEXT('2D SPACE',''
  ) );
#10249 = ORIENTED_EDGE('',*,*,#10250,.T.);
#10250 = EDGE_CURVE('',#10228,#10228,#10251,.T.);
#10251 = SURFACE_CURVE('',#10252,(#10257,#10264),.PCURVE_S1.);
#10252 = CIRCLE('',#10253,2.6);
#10253 = AXIS2_PLACEMENT_3D('',#10254,#10255,#10256);
#10254 = CARTESIAN_POINT('',(-12.,35.426049737446,16.576093065035));
#10255 = DIRECTION('',(0.,-0.141421356237,0.989949493661));
#10256 = DIRECTION('',(1.,0.,0.));
#10257 = PCURVE('',#4713,#10258);
#10258 = DEFINITIONAL_REPRESENTATION('',(#10259),#10263);
#10259 = LINE('',#10260,#10261);
#10260 = CARTESIAN_POINT('',(-0.,-1.6));
#10261 = VECTOR('',#10262,1.);
#10262 = DIRECTION('',(-1.,0.));
#10263 = ( GEOMETRIC_REPRESENTATION_CONTEXT(2) 
PARAMETRIC_REPRESENTATION_CONTEXT() REPRESENTATION_CONTEXT('2D SPACE',''
  ) );
#10264 = PCURVE('',#10265,#10270);
#10265 = PLANE('',#10266);
#10266 = AXIS2_PLACEMENT_3D('',#10267,#10268,#10269);
#10267 = CARTESIAN_POINT('',(-12.,35.426049737446,16.576093065035));
#10268 = DIRECTION('',(0.,-0.141421356237,0.989949493661));
#10269 = DIRECTION('',(1.,0.,0.));
#10270 = DEFINITIONAL_REPRESENTATION('',(#10271),#10275);
#10271 = CIRCLE('',#10272,2.6);
#10272 = AXIS2_PLACEMENT_2D('',#10273,#10274);
#10273 = CARTESIAN_POINT('',(1.314846281288E-16,-2.534857220269E-17));
#10274 = DIRECTION('',(1.,0.));
#10275 = ( GEOMETRIC_REPRESENTATION_CONTEXT(2) 
PARAMETRIC_REPRESENTATION_CONTEXT() REPRESENTATION_CONTEXT('2D SPACE',''
  ) );
#10276 = ORIENTED_EDGE('',*,*,#10227,.F.);
#10277 = ADVANCED_FACE('',(#10278),#4744,.F.);
#10278 = FACE_BOUND('',#10279,.F.);
#10279 = EDGE_LOOP('',(#10280,#10305,#10326,#10327));
#10280 = ORIENTED_EDGE('',*,*,#10281,.F.);
#10281 = EDGE_CURVE('',#10282,#10284,#10286,.T.);
#10282 = VERTEX_POINT('',#10283);
#10283 = CARTESIAN_POINT('',(-7.944271909999,53.782541777049,
    21.723830432073));
#10284 = VERTEX_POINT('',#10285);
#10285 = CARTESIAN_POINT('',(7.944271909999,53.782541777049,
    21.723830432073));
#10286 = SURFACE_CURVE('',#10287,(#10291,#10298),.PCURVE_S1.);
#10287 = LINE('',#10288,#10289);
#10288 = CARTESIAN_POINT('',(0.,53.782541777049,21.723830432073));
#10289 = VECTOR('',#10290,1.);
#10290 = DIRECTION('',(1.,0.,0.));
#10291 = PCURVE('',#4744,#10292);
#10292 = DEFINITIONAL_REPRESENTATION('',(#10293),#10297);
#10293 = LINE('',#10294,#10295);
#10294 = CARTESIAN_POINT('',(7.944271909999,0.));
#10295 = VECTOR('',#10296,1.);
#10296 = DIRECTION('',(1.,0.));
#10297 = ( GEOMETRIC_REPRESENTATION_CONTEXT(2) 
PARAMETRIC_REPRESENTATION_CONTEXT() REPRESENTATION_CONTEXT('2D SPACE',''
  ) );
#10298 = PCURVE('',#5892,#10299);
#10299 = DEFINITIONAL_REPRESENTATION('',(#10300),#10304);
#10300 = LINE('',#10301,#10302);
#10301 = CARTESIAN_POINT('',(89.042242770868,0.));
#10302 = VECTOR('',#10303,1.);
#10303 = DIRECTION('',(0.,1.));
#10304 = ( GEOMETRIC_REPRESENTATION_CONTEXT(2) 
PARAMETRIC_REPRESENTATION_CONTEXT() REPRESENTATION_CONTEXT('2D SPACE',''
  ) );
#10305 = ORIENTED_EDGE('',*,*,#10306,.T.);
#10306 = EDGE_CURVE('',#10282,#4728,#10307,.T.);
#10307 = SURFACE_CURVE('',#10308,(#10312,#10319),.PCURVE_S1.);
#10308 = LINE('',#10309,#10310);
#10309 = CARTESIAN_POINT('',(-7.944271909999,53.782541777049,
    21.723830432073));
#10310 = VECTOR('',#10311,1.);
#10311 = DIRECTION('',(-0.,0.141421356237,-0.989949493661));
#10312 = PCURVE('',#4744,#10313);
#10313 = DEFINITIONAL_REPRESENTATION('',(#10314),#10318);
#10314 = LINE('',#10315,#10316);
#10315 = CARTESIAN_POINT('',(0.,0.));
#10316 = VECTOR('',#10317,1.);
#10317 = DIRECTION('',(0.,-1.));
#10318 = ( GEOMETRIC_REPRESENTATION_CONTEXT(2) 
PARAMETRIC_REPRESENTATION_CONTEXT() REPRESENTATION_CONTEXT('2D SPACE',''
  ) );
#10319 = PCURVE('',#4770,#10320);
#10320 = DEFINITIONAL_REPRESENTATION('',(#10321),#10325);
#10321 = LINE('',#10322,#10323);
#10322 = CARTESIAN_POINT('',(0.,0.));
#10323 = VECTOR('',#10324,1.);
#10324 = DIRECTION('',(0.,-1.));
#10325 = ( GEOMETRIC_REPRESENTATION_CONTEXT(2) 
PARAMETRIC_REPRESENTATION_CONTEXT() REPRESENTATION_CONTEXT('2D SPACE',''
  ) );
#10326 = ORIENTED_EDGE('',*,*,#4727,.T.);
#10327 = ORIENTED_EDGE('',*,*,#10328,.F.);
#10328 = EDGE_CURVE('',#10284,#4730,#10329,.T.);
#10329 = SURFACE_CURVE('',#10330,(#10334,#10341),.PCURVE_S1.);
#10330 = LINE('',#10331,#10332);
#10331 = CARTESIAN_POINT('',(7.944271909999,53.782541777049,
    21.723830432073));
#10332 = VECTOR('',#10333,1.);
#10333 = DIRECTION('',(-0.,0.141421356237,-0.989949493661));
#10334 = PCURVE('',#4744,#10335);
#10335 = DEFINITIONAL_REPRESENTATION('',(#10336),#10340);
#10336 = LINE('',#10337,#10338);
#10337 = CARTESIAN_POINT('',(15.888543819998,0.));
#10338 = VECTOR('',#10339,1.);
#10339 = DIRECTION('',(0.,-1.));
#10340 = ( GEOMETRIC_REPRESENTATION_CONTEXT(2) 
PARAMETRIC_REPRESENTATION_CONTEXT() REPRESENTATION_CONTEXT('2D SPACE',''
  ) );
#10341 = PCURVE('',#4820,#10342);
#10342 = DEFINITIONAL_REPRESENTATION('',(#10343),#10347);
#10343 = LINE('',#10344,#10345);
#10344 = CARTESIAN_POINT('',(0.,0.));
#10345 = VECTOR('',#10346,1.);
#10346 = DIRECTION('',(0.,-1.));
#10347 = ( GEOMETRIC_REPRESENTATION_CONTEXT(2) 
PARAMETRIC_REPRESENTATION_CONTEXT() REPRESENTATION_CONTEXT('2D SPACE',''
  ) );
#10348 = ADVANCED_FACE('',(#10349),#4770,.T.);
#10349 = FACE_BOUND('',#10350,.T.);
#10350 = EDGE_LOOP('',(#10351,#10374,#10375,#10376));
#10351 = ORIENTED_EDGE('',*,*,#10352,.F.);
#10352 = EDGE_CURVE('',#10282,#10353,#10355,.T.);
#10353 = VERTEX_POINT('',#10354);
#10354 = CARTESIAN_POINT('',(-7.944271909999,55.960430663103,
    22.034957415795));
#10355 = SURFACE_CURVE('',#10356,(#10360,#10367),.PCURVE_S1.);
#10356 = LINE('',#10357,#10358);
#10357 = CARTESIAN_POINT('',(-7.944271909999,54.871486220076,
    21.879393923934));
#10358 = VECTOR('',#10359,1.);
#10359 = DIRECTION('',(0.,0.989949493661,0.141421356237));
#10360 = PCURVE('',#4770,#10361);
#10361 = DEFINITIONAL_REPRESENTATION('',(#10362),#10366);
#10362 = LINE('',#10363,#10364);
#10363 = CARTESIAN_POINT('',(1.1,1.471045507628E-15));
#10364 = VECTOR('',#10365,1.);
#10365 = DIRECTION('',(1.,0.));
#10366 = ( GEOMETRIC_REPRESENTATION_CONTEXT(2) 
PARAMETRIC_REPRESENTATION_CONTEXT() REPRESENTATION_CONTEXT('2D SPACE',''
  ) );
#10367 = PCURVE('',#5892,#10368);
#10368 = DEFINITIONAL_REPRESENTATION('',(#10369),#10373);
#10369 = LINE('',#10370,#10371);
#10370 = CARTESIAN_POINT('',(87.942242770868,-7.944271909999));
#10371 = VECTOR('',#10372,1.);
#10372 = DIRECTION('',(-1.,0.));
#10373 = ( GEOMETRIC_REPRESENTATION_CONTEXT(2) 
PARAMETRIC_REPRESENTATION_CONTEXT() REPRESENTATION_CONTEXT('2D SPACE',''
  ) );
#10374 = ORIENTED_EDGE('',*,*,#10306,.T.);
#10375 = ORIENTED_EDGE('',*,*,#4755,.T.);
#10376 = ORIENTED_EDGE('',*,*,#10377,.F.);
#10377 = EDGE_CURVE('',#10353,#4756,#10378,.T.);
#10378 = SURFACE_CURVE('',#10379,(#10383,#10390),.PCURVE_S1.);
#10379 = LINE('',#10380,#10381);
#10380 = CARTESIAN_POINT('',(-7.944271909999,55.960430663103,
    22.034957415795));
#10381 = VECTOR('',#10382,1.);
#10382 = DIRECTION('',(-0.,0.141421356237,-0.989949493661));
#10383 = PCURVE('',#4770,#10384);
#10384 = DEFINITIONAL_REPRESENTATION('',(#10385),#10389);
#10385 = LINE('',#10386,#10387);
#10386 = CARTESIAN_POINT('',(2.2,2.942091015257E-15));
#10387 = VECTOR('',#10388,1.);
#10388 = DIRECTION('',(0.,-1.));
#10389 = ( GEOMETRIC_REPRESENTATION_CONTEXT(2) 
PARAMETRIC_REPRESENTATION_CONTEXT() REPRESENTATION_CONTEXT('2D SPACE',''
  ) );
#10390 = PCURVE('',#4796,#10391);
#10391 = DEFINITIONAL_REPRESENTATION('',(#10392),#10396);
#10392 = LINE('',#10393,#10394);
#10393 = CARTESIAN_POINT('',(0.,0.));
#10394 = VECTOR('',#10395,1.);
#10395 = DIRECTION('',(0.,-1.));
#10396 = ( GEOMETRIC_REPRESENTATION_CONTEXT(2) 
PARAMETRIC_REPRESENTATION_CONTEXT() REPRESENTATION_CONTEXT('2D SPACE',''
  ) );
#10397 = ADVANCED_FACE('',(#10398),#4796,.T.);
#10398 = FACE_BOUND('',#10399,.T.);
#10399 = EDGE_LOOP('',(#10400,#10423,#10424,#10425));
#10400 = ORIENTED_EDGE('',*,*,#10401,.F.);
#10401 = EDGE_CURVE('',#10353,#10402,#10404,.T.);
#10402 = VERTEX_POINT('',#10403);
#10403 = CARTESIAN_POINT('',(7.944271909999,55.960430663103,
    22.034957415795));
#10404 = SURFACE_CURVE('',#10405,(#10409,#10416),.PCURVE_S1.);
#10405 = LINE('',#10406,#10407);
#10406 = CARTESIAN_POINT('',(0.,55.960430663103,22.034957415795));
#10407 = VECTOR('',#10408,1.);
#10408 = DIRECTION('',(1.,0.,0.));
#10409 = PCURVE('',#4796,#10410);
#10410 = DEFINITIONAL_REPRESENTATION('',(#10411),#10415);
#10411 = LINE('',#10412,#10413);
#10412 = CARTESIAN_POINT('',(7.944271909999,0.));
#10413 = VECTOR('',#10414,1.);
#10414 = DIRECTION('',(1.,0.));
#10415 = ( GEOMETRIC_REPRESENTATION_CONTEXT(2) 
PARAMETRIC_REPRESENTATION_CONTEXT() REPRESENTATION_CONTEXT('2D SPACE',''
  ) );
#10416 = PCURVE('',#5892,#10417);
#10417 = DEFINITIONAL_REPRESENTATION('',(#10418),#10422);
#10418 = LINE('',#10419,#10420);
#10419 = CARTESIAN_POINT('',(86.842242770868,0.));
#10420 = VECTOR('',#10421,1.);
#10421 = DIRECTION('',(0.,1.));
#10422 = ( GEOMETRIC_REPRESENTATION_CONTEXT(2) 
PARAMETRIC_REPRESENTATION_CONTEXT() REPRESENTATION_CONTEXT('2D SPACE',''
  ) );
#10423 = ORIENTED_EDGE('',*,*,#10377,.T.);
#10424 = ORIENTED_EDGE('',*,*,#4781,.T.);
#10425 = ORIENTED_EDGE('',*,*,#10426,.F.);
#10426 = EDGE_CURVE('',#10402,#4782,#10427,.T.);
#10427 = SURFACE_CURVE('',#10428,(#10432,#10439),.PCURVE_S1.);
#10428 = LINE('',#10429,#10430);
#10429 = CARTESIAN_POINT('',(7.944271909999,55.960430663103,
    22.034957415795));
#10430 = VECTOR('',#10431,1.);
#10431 = DIRECTION('',(-0.,0.141421356237,-0.989949493661));
#10432 = PCURVE('',#4796,#10433);
#10433 = DEFINITIONAL_REPRESENTATION('',(#10434),#10438);
#10434 = LINE('',#10435,#10436);
#10435 = CARTESIAN_POINT('',(15.888543819998,0.));
#10436 = VECTOR('',#10437,1.);
#10437 = DIRECTION('',(0.,-1.));
#10438 = ( GEOMETRIC_REPRESENTATION_CONTEXT(2) 
PARAMETRIC_REPRESENTATION_CONTEXT() REPRESENTATION_CONTEXT('2D SPACE',''
  ) );
#10439 = PCURVE('',#4820,#10440);
#10440 = DEFINITIONAL_REPRESENTATION('',(#10441),#10445);
#10441 = LINE('',#10442,#10443);
#10442 = CARTESIAN_POINT('',(2.2,2.942091015257E-15));
#10443 = VECTOR('',#10444,1.);
#10444 = DIRECTION('',(0.,-1.));
#10445 = ( GEOMETRIC_REPRESENTATION_CONTEXT(2) 
PARAMETRIC_REPRESENTATION_CONTEXT() REPRESENTATION_CONTEXT('2D SPACE',''
  ) );
#10446 = ADVANCED_FACE('',(#10447),#4820,.F.);
#10447 = FACE_BOUND('',#10448,.F.);
#10448 = EDGE_LOOP('',(#10449,#10470,#10471,#10472));
#10449 = ORIENTED_EDGE('',*,*,#10450,.F.);
#10450 = EDGE_CURVE('',#10284,#10402,#10451,.T.);
#10451 = SURFACE_CURVE('',#10452,(#10456,#10463),.PCURVE_S1.);
#10452 = LINE('',#10453,#10454);
#10453 = CARTESIAN_POINT('',(7.944271909999,54.871486220076,
    21.879393923934));
#10454 = VECTOR('',#10455,1.);
#10455 = DIRECTION('',(0.,0.989949493661,0.141421356237));
#10456 = PCURVE('',#4820,#10457);
#10457 = DEFINITIONAL_REPRESENTATION('',(#10458),#10462);
#10458 = LINE('',#10459,#10460);
#10459 = CARTESIAN_POINT('',(1.1,1.471045507628E-15));
#10460 = VECTOR('',#10461,1.);
#10461 = DIRECTION('',(1.,0.));
#10462 = ( GEOMETRIC_REPRESENTATION_CONTEXT(2) 
PARAMETRIC_REPRESENTATION_CONTEXT() REPRESENTATION_CONTEXT('2D SPACE',''
  ) );
#10463 = PCURVE('',#5892,#10464);
#10464 = DEFINITIONAL_REPRESENTATION('',(#10465),#10469);
#10465 = LINE('',#10466,#10467);
#10466 = CARTESIAN_POINT('',(87.942242770868,7.944271909999));
#10467 = VECTOR('',#10468,1.);
#10468 = DIRECTION('',(-1.,0.));
#10469 = ( GEOMETRIC_REPRESENTATION_CONTEXT(2) 
PARAMETRIC_REPRESENTATION_CONTEXT() REPRESENTATION_CONTEXT('2D SPACE',''
  ) );
#10470 = ORIENTED_EDGE('',*,*,#10328,.T.);
#10471 = ORIENTED_EDGE('',*,*,#4807,.T.);
#10472 = ORIENTED_EDGE('',*,*,#10426,.F.);
#10473 = ADVANCED_FACE('',(#10474),#4850,.F.);
#10474 = FACE_BOUND('',#10475,.F.);
#10475 = EDGE_LOOP('',(#10476,#10501,#10522,#10523));
#10476 = ORIENTED_EDGE('',*,*,#10477,.F.);
#10477 = EDGE_CURVE('',#10478,#10480,#10482,.T.);
#10478 = VERTEX_POINT('',#10479);
#10479 = CARTESIAN_POINT('',(-10.31370849898,49.822743802404,
    21.158145007124));
#10480 = VERTEX_POINT('',#10481);
#10481 = CARTESIAN_POINT('',(10.313708498985,49.822743802404,
    21.158145007124));
#10482 = SURFACE_CURVE('',#10483,(#10487,#10494),.PCURVE_S1.);
#10483 = LINE('',#10484,#10485);
#10484 = CARTESIAN_POINT('',(0.,49.822743802404,21.158145007124));
#10485 = VECTOR('',#10486,1.);
#10486 = DIRECTION('',(1.,0.,0.));
#10487 = PCURVE('',#4850,#10488);
#10488 = DEFINITIONAL_REPRESENTATION('',(#10489),#10493);
#10489 = LINE('',#10490,#10491);
#10490 = CARTESIAN_POINT('',(10.313708498985,0.));
#10491 = VECTOR('',#10492,1.);
#10492 = DIRECTION('',(1.,0.));
#10493 = ( GEOMETRIC_REPRESENTATION_CONTEXT(2) 
PARAMETRIC_REPRESENTATION_CONTEXT() REPRESENTATION_CONTEXT('2D SPACE',''
  ) );
#10494 = PCURVE('',#5892,#10495);
#10495 = DEFINITIONAL_REPRESENTATION('',(#10496),#10500);
#10496 = LINE('',#10497,#10498);
#10497 = CARTESIAN_POINT('',(93.042242770868,0.));
#10498 = VECTOR('',#10499,1.);
#10499 = DIRECTION('',(0.,1.));
#10500 = ( GEOMETRIC_REPRESENTATION_CONTEXT(2) 
PARAMETRIC_REPRESENTATION_CONTEXT() REPRESENTATION_CONTEXT('2D SPACE',''
  ) );
#10501 = ORIENTED_EDGE('',*,*,#10502,.T.);
#10502 = EDGE_CURVE('',#10478,#4834,#10503,.T.);
#10503 = SURFACE_CURVE('',#10504,(#10508,#10515),.PCURVE_S1.);
#10504 = LINE('',#10505,#10506);
#10505 = CARTESIAN_POINT('',(-10.31370849898,49.822743802404,
    21.158145007124));
#10506 = VECTOR('',#10507,1.);
#10507 = DIRECTION('',(-0.,0.141421356237,-0.989949493661));
#10508 = PCURVE('',#4850,#10509);
#10509 = DEFINITIONAL_REPRESENTATION('',(#10510),#10514);
#10510 = LINE('',#10511,#10512);
#10511 = CARTESIAN_POINT('',(0.,0.));
#10512 = VECTOR('',#10513,1.);
#10513 = DIRECTION('',(0.,-1.));
#10514 = ( GEOMETRIC_REPRESENTATION_CONTEXT(2) 
PARAMETRIC_REPRESENTATION_CONTEXT() REPRESENTATION_CONTEXT('2D SPACE',''
  ) );
#10515 = PCURVE('',#4876,#10516);
#10516 = DEFINITIONAL_REPRESENTATION('',(#10517),#10521);
#10517 = LINE('',#10518,#10519);
#10518 = CARTESIAN_POINT('',(0.,0.));
#10519 = VECTOR('',#10520,1.);
#10520 = DIRECTION('',(0.,-1.));
#10521 = ( GEOMETRIC_REPRESENTATION_CONTEXT(2) 
PARAMETRIC_REPRESENTATION_CONTEXT() REPRESENTATION_CONTEXT('2D SPACE',''
  ) );
#10522 = ORIENTED_EDGE('',*,*,#4833,.T.);
#10523 = ORIENTED_EDGE('',*,*,#10524,.F.);
#10524 = EDGE_CURVE('',#10480,#4836,#10525,.T.);
#10525 = SURFACE_CURVE('',#10526,(#10530,#10537),.PCURVE_S1.);
#10526 = LINE('',#10527,#10528);
#10527 = CARTESIAN_POINT('',(10.313708498985,49.822743802404,
    21.158145007124));
#10528 = VECTOR('',#10529,1.);
#10529 = DIRECTION('',(-0.,0.141421356237,-0.989949493661));
#10530 = PCURVE('',#4850,#10531);
#10531 = DEFINITIONAL_REPRESENTATION('',(#10532),#10536);
#10532 = LINE('',#10533,#10534);
#10533 = CARTESIAN_POINT('',(20.62741699797,0.));
#10534 = VECTOR('',#10535,1.);
#10535 = DIRECTION('',(0.,-1.));
#10536 = ( GEOMETRIC_REPRESENTATION_CONTEXT(2) 
PARAMETRIC_REPRESENTATION_CONTEXT() REPRESENTATION_CONTEXT('2D SPACE',''
  ) );
#10537 = PCURVE('',#4926,#10538);
#10538 = DEFINITIONAL_REPRESENTATION('',(#10539),#10543);
#10539 = LINE('',#10540,#10541);
#10540 = CARTESIAN_POINT('',(0.,0.));
#10541 = VECTOR('',#10542,1.);
#10542 = DIRECTION('',(0.,-1.));
#10543 = ( GEOMETRIC_REPRESENTATION_CONTEXT(2) 
PARAMETRIC_REPRESENTATION_CONTEXT() REPRESENTATION_CONTEXT('2D SPACE',''
  ) );
#10544 = ADVANCED_FACE('',(#10545),#4876,.T.);
#10545 = FACE_BOUND('',#10546,.T.);
#10546 = EDGE_LOOP('',(#10547,#10570,#10571,#10572));
#10547 = ORIENTED_EDGE('',*,*,#10548,.F.);
#10548 = EDGE_CURVE('',#10478,#10549,#10551,.T.);
#10549 = VERTEX_POINT('',#10550);
#10550 = CARTESIAN_POINT('',(-10.31370849898,52.000632688459,
    21.469271990846));
#10551 = SURFACE_CURVE('',#10552,(#10556,#10563),.PCURVE_S1.);
#10552 = LINE('',#10553,#10554);
#10553 = CARTESIAN_POINT('',(-10.31370849898,50.911688245431,
    21.313708498985));
#10554 = VECTOR('',#10555,1.);
#10555 = DIRECTION('',(0.,0.989949493661,0.141421356237));
#10556 = PCURVE('',#4876,#10557);
#10557 = DEFINITIONAL_REPRESENTATION('',(#10558),#10562);
#10558 = LINE('',#10559,#10560);
#10559 = CARTESIAN_POINT('',(1.1,1.471045507628E-15));
#10560 = VECTOR('',#10561,1.);
#10561 = DIRECTION('',(1.,0.));
#10562 = ( GEOMETRIC_REPRESENTATION_CONTEXT(2) 
PARAMETRIC_REPRESENTATION_CONTEXT() REPRESENTATION_CONTEXT('2D SPACE',''
  ) );
#10563 = PCURVE('',#5892,#10564);
#10564 = DEFINITIONAL_REPRESENTATION('',(#10565),#10569);
#10565 = LINE('',#10566,#10567);
#10566 = CARTESIAN_POINT('',(91.942242770868,-10.31370849898));
#10567 = VECTOR('',#10568,1.);
#10568 = DIRECTION('',(-1.,0.));
#10569 = ( GEOMETRIC_REPRESENTATION_CONTEXT(2) 
PARAMETRIC_REPRESENTATION_CONTEXT() REPRESENTATION_CONTEXT('2D SPACE',''
  ) );
#10570 = ORIENTED_EDGE('',*,*,#10502,.T.);
#10571 = ORIENTED_EDGE('',*,*,#4861,.T.);
#10572 = ORIENTED_EDGE('',*,*,#10573,.F.);
#10573 = EDGE_CURVE('',#10549,#4862,#10574,.T.);
#10574 = SURFACE_CURVE('',#10575,(#10579,#10586),.PCURVE_S1.);
#10575 = LINE('',#10576,#10577);
#10576 = CARTESIAN_POINT('',(-10.31370849898,52.000632688459,
    21.469271990846));
#10577 = VECTOR('',#10578,1.);
#10578 = DIRECTION('',(-0.,0.141421356237,-0.989949493661));
#10579 = PCURVE('',#4876,#10580);
#10580 = DEFINITIONAL_REPRESENTATION('',(#10581),#10585);
#10581 = LINE('',#10582,#10583);
#10582 = CARTESIAN_POINT('',(2.2,2.942091015257E-15));
#10583 = VECTOR('',#10584,1.);
#10584 = DIRECTION('',(0.,-1.));
#10585 = ( GEOMETRIC_REPRESENTATION_CONTEXT(2) 
PARAMETRIC_REPRESENTATION_CONTEXT() REPRESENTATION_CONTEXT('2D SPACE',''
  ) );
#10586 = PCURVE('',#4902,#10587);
#10587 = DEFINITIONAL_REPRESENTATION('',(#10588),#10592);
#10588 = LINE('',#10589,#10590);
#10589 = CARTESIAN_POINT('',(0.,0.));
#10590 = VECTOR('',#10591,1.);
#10591 = DIRECTION('',(0.,-1.));
#10592 = ( GEOMETRIC_REPRESENTATION_CONTEXT(2) 
PARAMETRIC_REPRESENTATION_CONTEXT() REPRESENTATION_CONTEXT('2D SPACE',''
  ) );
#10593 = ADVANCED_FACE('',(#10594),#4902,.T.);
#10594 = FACE_BOUND('',#10595,.T.);
#10595 = EDGE_LOOP('',(#10596,#10619,#10620,#10621));
#10596 = ORIENTED_EDGE('',*,*,#10597,.F.);
#10597 = EDGE_CURVE('',#10549,#10598,#10600,.T.);
#10598 = VERTEX_POINT('',#10599);
#10599 = CARTESIAN_POINT('',(10.313708498985,52.000632688459,
    21.469271990846));
#10600 = SURFACE_CURVE('',#10601,(#10605,#10612),.PCURVE_S1.);
#10601 = LINE('',#10602,#10603);
#10602 = CARTESIAN_POINT('',(0.,52.000632688459,21.469271990846));
#10603 = VECTOR('',#10604,1.);
#10604 = DIRECTION('',(1.,0.,0.));
#10605 = PCURVE('',#4902,#10606);
#10606 = DEFINITIONAL_REPRESENTATION('',(#10607),#10611);
#10607 = LINE('',#10608,#10609);
#10608 = CARTESIAN_POINT('',(10.313708498985,0.));
#10609 = VECTOR('',#10610,1.);
#10610 = DIRECTION('',(1.,0.));
#10611 = ( GEOMETRIC_REPRESENTATION_CONTEXT(2) 
PARAMETRIC_REPRESENTATION_CONTEXT() REPRESENTATION_CONTEXT('2D SPACE',''
  ) );
#10612 = PCURVE('',#5892,#10613);
#10613 = DEFINITIONAL_REPRESENTATION('',(#10614),#10618);
#10614 = LINE('',#10615,#10616);
#10615 = CARTESIAN_POINT('',(90.842242770868,0.));
#10616 = VECTOR('',#10617,1.);
#10617 = DIRECTION('',(0.,1.));
#10618 = ( GEOMETRIC_REPRESENTATION_CONTEXT(2) 
PARAMETRIC_REPRESENTATION_CONTEXT() REPRESENTATION_CONTEXT('2D SPACE',''
  ) );
#10619 = ORIENTED_EDGE('',*,*,#10573,.T.);
#10620 = ORIENTED_EDGE('',*,*,#4887,.T.);
#10621 = ORIENTED_EDGE('',*,*,#10622,.F.);
#10622 = EDGE_CURVE('',#10598,#4888,#10623,.T.);
#10623 = SURFACE_CURVE('',#10624,(#10628,#10635),.PCURVE_S1.);
#10624 = LINE('',#10625,#10626);
#10625 = CARTESIAN_POINT('',(10.313708498985,52.000632688459,
    21.469271990846));
#10626 = VECTOR('',#10627,1.);
#10627 = DIRECTION('',(-0.,0.141421356237,-0.989949493661));
#10628 = PCURVE('',#4902,#10629);
#10629 = DEFINITIONAL_REPRESENTATION('',(#10630),#10634);
#10630 = LINE('',#10631,#10632);
#10631 = CARTESIAN_POINT('',(20.62741699797,0.));
#10632 = VECTOR('',#10633,1.);
#10633 = DIRECTION('',(0.,-1.));
#10634 = ( GEOMETRIC_REPRESENTATION_CONTEXT(2) 
PARAMETRIC_REPRESENTATION_CONTEXT() REPRESENTATION_CONTEXT('2D SPACE',''
  ) );
#10635 = PCURVE('',#4926,#10636);
#10636 = DEFINITIONAL_REPRESENTATION('',(#10637),#10641);
#10637 = LINE('',#10638,#10639);
#10638 = CARTESIAN_POINT('',(2.2,2.942091015257E-15));
#10639 = VECTOR('',#10640,1.);
#10640 = DIRECTION('',(0.,-1.));
#10641 = ( GEOMETRIC_REPRESENTATION_CONTEXT(2) 
PARAMETRIC_REPRESENTATION_CONTEXT() REPRESENTATION_CONTEXT('2D SPACE',''
  ) );
#10642 = ADVANCED_FACE('',(#10643),#4926,.F.);
#10643 = FACE_BOUND('',#10644,.F.);
#10644 = EDGE_LOOP('',(#10645,#10666,#10667,#10668));
#10645 = ORIENTED_EDGE('',*,*,#10646,.F.);
#10646 = EDGE_CURVE('',#10480,#10598,#10647,.T.);
#10647 = SURFACE_CURVE('',#10648,(#10652,#10659),.PCURVE_S1.);
#10648 = LINE('',#10649,#10650);
#10649 = CARTESIAN_POINT('',(10.313708498985,50.911688245431,
    21.313708498985));
#10650 = VECTOR('',#10651,1.);
#10651 = DIRECTION('',(0.,0.989949493661,0.141421356237));
#10652 = PCURVE('',#4926,#10653);
#10653 = DEFINITIONAL_REPRESENTATION('',(#10654),#10658);
#10654 = LINE('',#10655,#10656);
#10655 = CARTESIAN_POINT('',(1.1,1.471045507628E-15));
#10656 = VECTOR('',#10657,1.);
#10657 = DIRECTION('',(1.,0.));
#10658 = ( GEOMETRIC_REPRESENTATION_CONTEXT(2) 
PARAMETRIC_REPRESENTATION_CONTEXT() REPRESENTATION_CONTEXT('2D SPACE',''
  ) );
#10659 = PCURVE('',#5892,#10660);
#10660 = DEFINITIONAL_REPRESENTATION('',(#10661),#10665);
#10661 = LINE('',#10662,#10663);
#10662 = CARTESIAN_POINT('',(91.942242770868,10.313708498985));
#10663 = VECTOR('',#10664,1.);
#10664 = DIRECTION('',(-1.,0.));
#10665 = ( GEOMETRIC_REPRESENTATION_CONTEXT(2) 
PARAMETRIC_REPRESENTATION_CONTEXT() REPRESENTATION_CONTEXT('2D SPACE',''
  ) );
#10666 = ORIENTED_EDGE('',*,*,#10524,.T.);
#10667 = ORIENTED_EDGE('',*,*,#4913,.T.);
#10668 = ORIENTED_EDGE('',*,*,#10622,.F.);
#10669 = ADVANCED_FACE('',(#10670),#4956,.F.);
#10670 = FACE_BOUND('',#10671,.F.);
#10671 = EDGE_LOOP('',(#10672,#10697,#10718,#10719));
#10672 = ORIENTED_EDGE('',*,*,#10673,.F.);
#10673 = EDGE_CURVE('',#10674,#10676,#10678,.T.);
#10674 = VERTEX_POINT('',#10675);
#10675 = CARTESIAN_POINT('',(-11.,45.862945827759,20.592459582174));
#10676 = VERTEX_POINT('',#10677);
#10677 = CARTESIAN_POINT('',(11.,45.862945827759,20.592459582174));
#10678 = SURFACE_CURVE('',#10679,(#10683,#10690),.PCURVE_S1.);
#10679 = LINE('',#10680,#10681);
#10680 = CARTESIAN_POINT('',(0.,45.862945827759,20.592459582174));
#10681 = VECTOR('',#10682,1.);
#10682 = DIRECTION('',(1.,0.,0.));
#10683 = PCURVE('',#4956,#10684);
#10684 = DEFINITIONAL_REPRESENTATION('',(#10685),#10689);
#10685 = LINE('',#10686,#10687);
#10686 = CARTESIAN_POINT('',(11.,0.));
#10687 = VECTOR('',#10688,1.);
#10688 = DIRECTION('',(1.,0.));
#10689 = ( GEOMETRIC_REPRESENTATION_CONTEXT(2) 
PARAMETRIC_REPRESENTATION_CONTEXT() REPRESENTATION_CONTEXT('2D SPACE',''
  ) );
#10690 = PCURVE('',#5892,#10691);
#10691 = DEFINITIONAL_REPRESENTATION('',(#10692),#10696);
#10692 = LINE('',#10693,#10694);
#10693 = CARTESIAN_POINT('',(97.042242770868,0.));
#10694 = VECTOR('',#10695,1.);
#10695 = DIRECTION('',(0.,1.));
#10696 = ( GEOMETRIC_REPRESENTATION_CONTEXT(2) 
PARAMETRIC_REPRESENTATION_CONTEXT() REPRESENTATION_CONTEXT('2D SPACE',''
  ) );
#10697 = ORIENTED_EDGE('',*,*,#10698,.T.);
#10698 = EDGE_CURVE('',#10674,#4940,#10699,.T.);
#10699 = SURFACE_CURVE('',#10700,(#10704,#10711),.PCURVE_S1.);
#10700 = LINE('',#10701,#10702);
#10701 = CARTESIAN_POINT('',(-11.,45.862945827759,20.592459582174));
#10702 = VECTOR('',#10703,1.);
#10703 = DIRECTION('',(-0.,0.141421356237,-0.989949493661));
#10704 = PCURVE('',#4956,#10705);
#10705 = DEFINITIONAL_REPRESENTATION('',(#10706),#10710);
#10706 = LINE('',#10707,#10708);
#10707 = CARTESIAN_POINT('',(0.,0.));
#10708 = VECTOR('',#10709,1.);
#10709 = DIRECTION('',(0.,-1.));
#10710 = ( GEOMETRIC_REPRESENTATION_CONTEXT(2) 
PARAMETRIC_REPRESENTATION_CONTEXT() REPRESENTATION_CONTEXT('2D SPACE',''
  ) );
#10711 = PCURVE('',#4982,#10712);
#10712 = DEFINITIONAL_REPRESENTATION('',(#10713),#10717);
#10713 = LINE('',#10714,#10715);
#10714 = CARTESIAN_POINT('',(0.,0.));
#10715 = VECTOR('',#10716,1.);
#10716 = DIRECTION('',(0.,-1.));
#10717 = ( GEOMETRIC_REPRESENTATION_CONTEXT(2) 
PARAMETRIC_REPRESENTATION_CONTEXT() REPRESENTATION_CONTEXT('2D SPACE',''
  ) );
#10718 = ORIENTED_EDGE('',*,*,#4939,.T.);
#10719 = ORIENTED_EDGE('',*,*,#10720,.F.);
#10720 = EDGE_CURVE('',#10676,#4942,#10721,.T.);
#10721 = SURFACE_CURVE('',#10722,(#10726,#10733),.PCURVE_S1.);
#10722 = LINE('',#10723,#10724);
#10723 = CARTESIAN_POINT('',(11.,45.862945827759,20.592459582174));
#10724 = VECTOR('',#10725,1.);
#10725 = DIRECTION('',(-0.,0.141421356237,-0.989949493661));
#10726 = PCURVE('',#4956,#10727);
#10727 = DEFINITIONAL_REPRESENTATION('',(#10728),#10732);
#10728 = LINE('',#10729,#10730);
#10729 = CARTESIAN_POINT('',(22.,0.));
#10730 = VECTOR('',#10731,1.);
#10731 = DIRECTION('',(0.,-1.));
#10732 = ( GEOMETRIC_REPRESENTATION_CONTEXT(2) 
PARAMETRIC_REPRESENTATION_CONTEXT() REPRESENTATION_CONTEXT('2D SPACE',''
  ) );
#10733 = PCURVE('',#5032,#10734);
#10734 = DEFINITIONAL_REPRESENTATION('',(#10735),#10739);
#10735 = LINE('',#10736,#10737);
#10736 = CARTESIAN_POINT('',(0.,0.));
#10737 = VECTOR('',#10738,1.);
#10738 = DIRECTION('',(0.,-1.));
#10739 = ( GEOMETRIC_REPRESENTATION_CONTEXT(2) 
PARAMETRIC_REPRESENTATION_CONTEXT() REPRESENTATION_CONTEXT('2D SPACE',''
  ) );
#10740 = ADVANCED_FACE('',(#10741),#4982,.T.);
#10741 = FACE_BOUND('',#10742,.T.);
#10742 = EDGE_LOOP('',(#10743,#10766,#10767,#10768));
#10743 = ORIENTED_EDGE('',*,*,#10744,.F.);
#10744 = EDGE_CURVE('',#10674,#10745,#10747,.T.);
#10745 = VERTEX_POINT('',#10746);
#10746 = CARTESIAN_POINT('',(-11.,48.040834713814,20.903586565897));
#10747 = SURFACE_CURVE('',#10748,(#10752,#10759),.PCURVE_S1.);
#10748 = LINE('',#10749,#10750);
#10749 = CARTESIAN_POINT('',(-11.,46.951890270787,20.748023074036));
#10750 = VECTOR('',#10751,1.);
#10751 = DIRECTION('',(0.,0.989949493661,0.141421356237));
#10752 = PCURVE('',#4982,#10753);
#10753 = DEFINITIONAL_REPRESENTATION('',(#10754),#10758);
#10754 = LINE('',#10755,#10756);
#10755 = CARTESIAN_POINT('',(1.1,1.471045507628E-15));
#10756 = VECTOR('',#10757,1.);
#10757 = DIRECTION('',(1.,0.));
#10758 = ( GEOMETRIC_REPRESENTATION_CONTEXT(2) 
PARAMETRIC_REPRESENTATION_CONTEXT() REPRESENTATION_CONTEXT('2D SPACE',''
  ) );
#10759 = PCURVE('',#5892,#10760);
#10760 = DEFINITIONAL_REPRESENTATION('',(#10761),#10765);
#10761 = LINE('',#10762,#10763);
#10762 = CARTESIAN_POINT('',(95.942242770868,-11.));
#10763 = VECTOR('',#10764,1.);
#10764 = DIRECTION('',(-1.,0.));
#10765 = ( GEOMETRIC_REPRESENTATION_CONTEXT(2) 
PARAMETRIC_REPRESENTATION_CONTEXT() REPRESENTATION_CONTEXT('2D SPACE',''
  ) );
#10766 = ORIENTED_EDGE('',*,*,#10698,.T.);
#10767 = ORIENTED_EDGE('',*,*,#4967,.T.);
#10768 = ORIENTED_EDGE('',*,*,#10769,.F.);
#10769 = EDGE_CURVE('',#10745,#4968,#10770,.T.);
#10770 = SURFACE_CURVE('',#10771,(#10775,#10782),.PCURVE_S1.);
#10771 = LINE('',#10772,#10773);
#10772 = CARTESIAN_POINT('',(-11.,48.040834713814,20.903586565897));
#10773 = VECTOR('',#10774,1.);
#10774 = DIRECTION('',(-0.,0.141421356237,-0.989949493661));
#10775 = PCURVE('',#4982,#10776);
#10776 = DEFINITIONAL_REPRESENTATION('',(#10777),#10781);
#10777 = LINE('',#10778,#10779);
#10778 = CARTESIAN_POINT('',(2.2,2.942091015257E-15));
#10779 = VECTOR('',#10780,1.);
#10780 = DIRECTION('',(0.,-1.));
#10781 = ( GEOMETRIC_REPRESENTATION_CONTEXT(2) 
PARAMETRIC_REPRESENTATION_CONTEXT() REPRESENTATION_CONTEXT('2D SPACE',''
  ) );
#10782 = PCURVE('',#5008,#10783);
#10783 = DEFINITIONAL_REPRESENTATION('',(#10784),#10788);
#10784 = LINE('',#10785,#10786);
#10785 = CARTESIAN_POINT('',(0.,0.));
#10786 = VECTOR('',#10787,1.);
#10787 = DIRECTION('',(0.,-1.));
#10788 = ( GEOMETRIC_REPRESENTATION_CONTEXT(2) 
PARAMETRIC_REPRESENTATION_CONTEXT() REPRESENTATION_CONTEXT('2D SPACE',''
  ) );
#10789 = ADVANCED_FACE('',(#10790),#5008,.T.);
#10790 = FACE_BOUND('',#10791,.T.);
#10791 = EDGE_LOOP('',(#10792,#10815,#10816,#10817));
#10792 = ORIENTED_EDGE('',*,*,#10793,.F.);
#10793 = EDGE_CURVE('',#10745,#10794,#10796,.T.);
#10794 = VERTEX_POINT('',#10795);
#10795 = CARTESIAN_POINT('',(11.,48.040834713814,20.903586565897));
#10796 = SURFACE_CURVE('',#10797,(#10801,#10808),.PCURVE_S1.);
#10797 = LINE('',#10798,#10799);
#10798 = CARTESIAN_POINT('',(0.,48.040834713814,20.903586565897));
#10799 = VECTOR('',#10800,1.);
#10800 = DIRECTION('',(1.,0.,0.));
#10801 = PCURVE('',#5008,#10802);
#10802 = DEFINITIONAL_REPRESENTATION('',(#10803),#10807);
#10803 = LINE('',#10804,#10805);
#10804 = CARTESIAN_POINT('',(11.,0.));
#10805 = VECTOR('',#10806,1.);
#10806 = DIRECTION('',(1.,0.));
#10807 = ( GEOMETRIC_REPRESENTATION_CONTEXT(2) 
PARAMETRIC_REPRESENTATION_CONTEXT() REPRESENTATION_CONTEXT('2D SPACE',''
  ) );
#10808 = PCURVE('',#5892,#10809);
#10809 = DEFINITIONAL_REPRESENTATION('',(#10810),#10814);
#10810 = LINE('',#10811,#10812);
#10811 = CARTESIAN_POINT('',(94.842242770868,0.));
#10812 = VECTOR('',#10813,1.);
#10813 = DIRECTION('',(0.,1.));
#10814 = ( GEOMETRIC_REPRESENTATION_CONTEXT(2) 
PARAMETRIC_REPRESENTATION_CONTEXT() REPRESENTATION_CONTEXT('2D SPACE',''
  ) );
#10815 = ORIENTED_EDGE('',*,*,#10769,.T.);
#10816 = ORIENTED_EDGE('',*,*,#4993,.T.);
#10817 = ORIENTED_EDGE('',*,*,#10818,.F.);
#10818 = EDGE_CURVE('',#10794,#4994,#10819,.T.);
#10819 = SURFACE_CURVE('',#10820,(#10824,#10831),.PCURVE_S1.);
#10820 = LINE('',#10821,#10822);
#10821 = CARTESIAN_POINT('',(11.,48.040834713814,20.903586565897));
#10822 = VECTOR('',#10823,1.);
#10823 = DIRECTION('',(-0.,0.141421356237,-0.989949493661));
#10824 = PCURVE('',#5008,#10825);
#10825 = DEFINITIONAL_REPRESENTATION('',(#10826),#10830);
#10826 = LINE('',#10827,#10828);
#10827 = CARTESIAN_POINT('',(22.,0.));
#10828 = VECTOR('',#10829,1.);
#10829 = DIRECTION('',(0.,-1.));
#10830 = ( GEOMETRIC_REPRESENTATION_CONTEXT(2) 
PARAMETRIC_REPRESENTATION_CONTEXT() REPRESENTATION_CONTEXT('2D SPACE',''
  ) );
#10831 = PCURVE('',#5032,#10832);
#10832 = DEFINITIONAL_REPRESENTATION('',(#10833),#10837);
#10833 = LINE('',#10834,#10835);
#10834 = CARTESIAN_POINT('',(2.2,2.942091015257E-15));
#10835 = VECTOR('',#10836,1.);
#10836 = DIRECTION('',(0.,-1.));
#10837 = ( GEOMETRIC_REPRESENTATION_CONTEXT(2) 
PARAMETRIC_REPRESENTATION_CONTEXT() REPRESENTATION_CONTEXT('2D SPACE',''
  ) );
#10838 = ADVANCED_FACE('',(#10839),#5032,.F.);
#10839 = FACE_BOUND('',#10840,.F.);
#10840 = EDGE_LOOP('',(#10841,#10862,#10863,#10864));
#10841 = ORIENTED_EDGE('',*,*,#10842,.F.);
#10842 = EDGE_CURVE('',#10676,#10794,#10843,.T.);
#10843 = SURFACE_CURVE('',#10844,(#10848,#10855),.PCURVE_S1.);
#10844 = LINE('',#10845,#10846);
#10845 = CARTESIAN_POINT('',(11.,46.951890270787,20.748023074036));
#10846 = VECTOR('',#10847,1.);
#10847 = DIRECTION('',(0.,0.989949493661,0.141421356237));
#10848 = PCURVE('',#5032,#10849);
#10849 = DEFINITIONAL_REPRESENTATION('',(#10850),#10854);
#10850 = LINE('',#10851,#10852);
#10851 = CARTESIAN_POINT('',(1.1,1.471045507628E-15));
#10852 = VECTOR('',#10853,1.);
#10853 = DIRECTION('',(1.,0.));
#10854 = ( GEOMETRIC_REPRESENTATION_CONTEXT(2) 
PARAMETRIC_REPRESENTATION_CONTEXT() REPRESENTATION_CONTEXT('2D SPACE',''
  ) );
#10855 = PCURVE('',#5892,#10856);
#10856 = DEFINITIONAL_REPRESENTATION('',(#10857),#10861);
#10857 = LINE('',#10858,#10859);
#10858 = CARTESIAN_POINT('',(95.942242770868,11.));
#10859 = VECTOR('',#10860,1.);
#10860 = DIRECTION('',(-1.,0.));
#10861 = ( GEOMETRIC_REPRESENTATION_CONTEXT(2) 
PARAMETRIC_REPRESENTATION_CONTEXT() REPRESENTATION_CONTEXT('2D SPACE',''
  ) );
#10862 = ORIENTED_EDGE('',*,*,#10720,.T.);
#10863 = ORIENTED_EDGE('',*,*,#5019,.T.);
#10864 = ORIENTED_EDGE('',*,*,#10818,.F.);
#10865 = ADVANCED_FACE('',(#10866),#5062,.F.);
#10866 = FACE_BOUND('',#10867,.F.);
#10867 = EDGE_LOOP('',(#10868,#10893,#10914,#10915));
#10868 = ORIENTED_EDGE('',*,*,#10869,.F.);
#10869 = EDGE_CURVE('',#10870,#10872,#10874,.T.);
#10870 = VERTEX_POINT('',#10871);
#10871 = CARTESIAN_POINT('',(-10.31370849898,41.903147853115,
    20.026774157225));
#10872 = VERTEX_POINT('',#10873);
#10873 = CARTESIAN_POINT('',(10.313708498985,41.903147853115,
    20.026774157225));
#10874 = SURFACE_CURVE('',#10875,(#10879,#10886),.PCURVE_S1.);
#10875 = LINE('',#10876,#10877);
#10876 = CARTESIAN_POINT('',(0.,41.903147853115,20.026774157225));
#10877 = VECTOR('',#10878,1.);
#10878 = DIRECTION('',(1.,0.,0.));
#10879 = PCURVE('',#5062,#10880);
#10880 = DEFINITIONAL_REPRESENTATION('',(#10881),#10885);
#10881 = LINE('',#10882,#10883);
#10882 = CARTESIAN_POINT('',(10.313708498985,0.));
#10883 = VECTOR('',#10884,1.);
#10884 = DIRECTION('',(1.,0.));
#10885 = ( GEOMETRIC_REPRESENTATION_CONTEXT(2) 
PARAMETRIC_REPRESENTATION_CONTEXT() REPRESENTATION_CONTEXT('2D SPACE',''
  ) );
#10886 = PCURVE('',#5892,#10887);
#10887 = DEFINITIONAL_REPRESENTATION('',(#10888),#10892);
#10888 = LINE('',#10889,#10890);
#10889 = CARTESIAN_POINT('',(101.04224277086,0.));
#10890 = VECTOR('',#10891,1.);
#10891 = DIRECTION('',(0.,1.));
#10892 = ( GEOMETRIC_REPRESENTATION_CONTEXT(2) 
PARAMETRIC_REPRESENTATION_CONTEXT() REPRESENTATION_CONTEXT('2D SPACE',''
  ) );
#10893 = ORIENTED_EDGE('',*,*,#10894,.T.);
#10894 = EDGE_CURVE('',#10870,#5046,#10895,.T.);
#10895 = SURFACE_CURVE('',#10896,(#10900,#10907),.PCURVE_S1.);
#10896 = LINE('',#10897,#10898);
#10897 = CARTESIAN_POINT('',(-10.31370849898,41.903147853115,
    20.026774157225));
#10898 = VECTOR('',#10899,1.);
#10899 = DIRECTION('',(-0.,0.141421356237,-0.989949493661));
#10900 = PCURVE('',#5062,#10901);
#10901 = DEFINITIONAL_REPRESENTATION('',(#10902),#10906);
#10902 = LINE('',#10903,#10904);
#10903 = CARTESIAN_POINT('',(0.,0.));
#10904 = VECTOR('',#10905,1.);
#10905 = DIRECTION('',(0.,-1.));
#10906 = ( GEOMETRIC_REPRESENTATION_CONTEXT(2) 
PARAMETRIC_REPRESENTATION_CONTEXT() REPRESENTATION_CONTEXT('2D SPACE',''
  ) );
#10907 = PCURVE('',#5088,#10908);
#10908 = DEFINITIONAL_REPRESENTATION('',(#10909),#10913);
#10909 = LINE('',#10910,#10911);
#10910 = CARTESIAN_POINT('',(0.,0.));
#10911 = VECTOR('',#10912,1.);
#10912 = DIRECTION('',(0.,-1.));
#10913 = ( GEOMETRIC_REPRESENTATION_CONTEXT(2) 
PARAMETRIC_REPRESENTATION_CONTEXT() REPRESENTATION_CONTEXT('2D SPACE',''
  ) );
#10914 = ORIENTED_EDGE('',*,*,#5045,.T.);
#10915 = ORIENTED_EDGE('',*,*,#10916,.F.);
#10916 = EDGE_CURVE('',#10872,#5048,#10917,.T.);
#10917 = SURFACE_CURVE('',#10918,(#10922,#10929),.PCURVE_S1.);
#10918 = LINE('',#10919,#10920);
#10919 = CARTESIAN_POINT('',(10.313708498985,41.903147853115,
    20.026774157225));
#10920 = VECTOR('',#10921,1.);
#10921 = DIRECTION('',(-0.,0.141421356237,-0.989949493661));
#10922 = PCURVE('',#5062,#10923);
#10923 = DEFINITIONAL_REPRESENTATION('',(#10924),#10928);
#10924 = LINE('',#10925,#10926);
#10925 = CARTESIAN_POINT('',(20.62741699797,0.));
#10926 = VECTOR('',#10927,1.);
#10927 = DIRECTION('',(0.,-1.));
#10928 = ( GEOMETRIC_REPRESENTATION_CONTEXT(2) 
PARAMETRIC_REPRESENTATION_CONTEXT() REPRESENTATION_CONTEXT('2D SPACE',''
  ) );
#10929 = PCURVE('',#5138,#10930);
#10930 = DEFINITIONAL_REPRESENTATION('',(#10931),#10935);
#10931 = LINE('',#10932,#10933);
#10932 = CARTESIAN_POINT('',(0.,0.));
#10933 = VECTOR('',#10934,1.);
#10934 = DIRECTION('',(0.,-1.));
#10935 = ( GEOMETRIC_REPRESENTATION_CONTEXT(2) 
PARAMETRIC_REPRESENTATION_CONTEXT() REPRESENTATION_CONTEXT('2D SPACE',''
  ) );
#10936 = ADVANCED_FACE('',(#10937),#5088,.T.);
#10937 = FACE_BOUND('',#10938,.T.);
#10938 = EDGE_LOOP('',(#10939,#10962,#10963,#10964));
#10939 = ORIENTED_EDGE('',*,*,#10940,.F.);
#10940 = EDGE_CURVE('',#10870,#10941,#10943,.T.);
#10941 = VERTEX_POINT('',#10942);
#10942 = CARTESIAN_POINT('',(-10.31370849898,44.081036739169,
    20.337901140947));
#10943 = SURFACE_CURVE('',#10944,(#10948,#10955),.PCURVE_S1.);
#10944 = LINE('',#10945,#10946);
#10945 = CARTESIAN_POINT('',(-10.31370849898,42.992092296142,
    20.182337649086));
#10946 = VECTOR('',#10947,1.);
#10947 = DIRECTION('',(0.,0.989949493661,0.141421356237));
#10948 = PCURVE('',#5088,#10949);
#10949 = DEFINITIONAL_REPRESENTATION('',(#10950),#10954);
#10950 = LINE('',#10951,#10952);
#10951 = CARTESIAN_POINT('',(1.1,1.471045507628E-15));
#10952 = VECTOR('',#10953,1.);
#10953 = DIRECTION('',(1.,0.));
#10954 = ( GEOMETRIC_REPRESENTATION_CONTEXT(2) 
PARAMETRIC_REPRESENTATION_CONTEXT() REPRESENTATION_CONTEXT('2D SPACE',''
  ) );
#10955 = PCURVE('',#5892,#10956);
#10956 = DEFINITIONAL_REPRESENTATION('',(#10957),#10961);
#10957 = LINE('',#10958,#10959);
#10958 = CARTESIAN_POINT('',(99.942242770868,-10.31370849898));
#10959 = VECTOR('',#10960,1.);
#10960 = DIRECTION('',(-1.,0.));
#10961 = ( GEOMETRIC_REPRESENTATION_CONTEXT(2) 
PARAMETRIC_REPRESENTATION_CONTEXT() REPRESENTATION_CONTEXT('2D SPACE',''
  ) );
#10962 = ORIENTED_EDGE('',*,*,#10894,.T.);
#10963 = ORIENTED_EDGE('',*,*,#5073,.T.);
#10964 = ORIENTED_EDGE('',*,*,#10965,.F.);
#10965 = EDGE_CURVE('',#10941,#5074,#10966,.T.);
#10966 = SURFACE_CURVE('',#10967,(#10971,#10978),.PCURVE_S1.);
#10967 = LINE('',#10968,#10969);
#10968 = CARTESIAN_POINT('',(-10.31370849898,44.081036739169,
    20.337901140947));
#10969 = VECTOR('',#10970,1.);
#10970 = DIRECTION('',(-0.,0.141421356237,-0.989949493661));
#10971 = PCURVE('',#5088,#10972);
#10972 = DEFINITIONAL_REPRESENTATION('',(#10973),#10977);
#10973 = LINE('',#10974,#10975);
#10974 = CARTESIAN_POINT('',(2.2,2.942091015257E-15));
#10975 = VECTOR('',#10976,1.);
#10976 = DIRECTION('',(0.,-1.));
#10977 = ( GEOMETRIC_REPRESENTATION_CONTEXT(2) 
PARAMETRIC_REPRESENTATION_CONTEXT() REPRESENTATION_CONTEXT('2D SPACE',''
  ) );
#10978 = PCURVE('',#5114,#10979);
#10979 = DEFINITIONAL_REPRESENTATION('',(#10980),#10984);
#10980 = LINE('',#10981,#10982);
#10981 = CARTESIAN_POINT('',(0.,0.));
#10982 = VECTOR('',#10983,1.);
#10983 = DIRECTION('',(0.,-1.));
#10984 = ( GEOMETRIC_REPRESENTATION_CONTEXT(2) 
PARAMETRIC_REPRESENTATION_CONTEXT() REPRESENTATION_CONTEXT('2D SPACE',''
  ) );
#10985 = ADVANCED_FACE('',(#10986),#5114,.T.);
#10986 = FACE_BOUND('',#10987,.T.);
#10987 = EDGE_LOOP('',(#10988,#11011,#11012,#11013));
#10988 = ORIENTED_EDGE('',*,*,#10989,.F.);
#10989 = EDGE_CURVE('',#10941,#10990,#10992,.T.);
#10990 = VERTEX_POINT('',#10991);
#10991 = CARTESIAN_POINT('',(10.313708498985,44.081036739169,
    20.337901140947));
#10992 = SURFACE_CURVE('',#10993,(#10997,#11004),.PCURVE_S1.);
#10993 = LINE('',#10994,#10995);
#10994 = CARTESIAN_POINT('',(0.,44.081036739169,20.337901140947));
#10995 = VECTOR('',#10996,1.);
#10996 = DIRECTION('',(1.,0.,0.));
#10997 = PCURVE('',#5114,#10998);
#10998 = DEFINITIONAL_REPRESENTATION('',(#10999),#11003);
#10999 = LINE('',#11000,#11001);
#11000 = CARTESIAN_POINT('',(10.313708498985,0.));
#11001 = VECTOR('',#11002,1.);
#11002 = DIRECTION('',(1.,0.));
#11003 = ( GEOMETRIC_REPRESENTATION_CONTEXT(2) 
PARAMETRIC_REPRESENTATION_CONTEXT() REPRESENTATION_CONTEXT('2D SPACE',''
  ) );
#11004 = PCURVE('',#5892,#11005);
#11005 = DEFINITIONAL_REPRESENTATION('',(#11006),#11010);
#11006 = LINE('',#11007,#11008);
#11007 = CARTESIAN_POINT('',(98.842242770868,0.));
#11008 = VECTOR('',#11009,1.);
#11009 = DIRECTION('',(0.,1.));
#11010 = ( GEOMETRIC_REPRESENTATION_CONTEXT(2) 
PARAMETRIC_REPRESENTATION_CONTEXT() REPRESENTATION_CONTEXT('2D SPACE',''
  ) );
#11011 = ORIENTED_EDGE('',*,*,#10965,.T.);
#11012 = ORIENTED_EDGE('',*,*,#5099,.T.);
#11013 = ORIENTED_EDGE('',*,*,#11014,.F.);
#11014 = EDGE_CURVE('',#10990,#5100,#11015,.T.);
#11015 = SURFACE_CURVE('',#11016,(#11020,#11027),.PCURVE_S1.);
#11016 = LINE('',#11017,#11018);
#11017 = CARTESIAN_POINT('',(10.313708498985,44.081036739169,
    20.337901140947));
#11018 = VECTOR('',#11019,1.);
#11019 = DIRECTION('',(-0.,0.141421356237,-0.989949493661));
#11020 = PCURVE('',#5114,#11021);
#11021 = DEFINITIONAL_REPRESENTATION('',(#11022),#11026);
#11022 = LINE('',#11023,#11024);
#11023 = CARTESIAN_POINT('',(20.62741699797,0.));
#11024 = VECTOR('',#11025,1.);
#11025 = DIRECTION('',(0.,-1.));
#11026 = ( GEOMETRIC_REPRESENTATION_CONTEXT(2) 
PARAMETRIC_REPRESENTATION_CONTEXT() REPRESENTATION_CONTEXT('2D SPACE',''
  ) );
#11027 = PCURVE('',#5138,#11028);
#11028 = DEFINITIONAL_REPRESENTATION('',(#11029),#11033);
#11029 = LINE('',#11030,#11031);
#11030 = CARTESIAN_POINT('',(2.2,2.942091015257E-15));
#11031 = VECTOR('',#11032,1.);
#11032 = DIRECTION('',(0.,-1.));
#11033 = ( GEOMETRIC_REPRESENTATION_CONTEXT(2) 
PARAMETRIC_REPRESENTATION_CONTEXT() REPRESENTATION_CONTEXT('2D SPACE',''
  ) );
#11034 = ADVANCED_FACE('',(#11035),#5138,.F.);
#11035 = FACE_BOUND('',#11036,.F.);
#11036 = EDGE_LOOP('',(#11037,#11058,#11059,#11060));
#11037 = ORIENTED_EDGE('',*,*,#11038,.F.);
#11038 = EDGE_CURVE('',#10872,#10990,#11039,.T.);
#11039 = SURFACE_CURVE('',#11040,(#11044,#11051),.PCURVE_S1.);
#11040 = LINE('',#11041,#11042);
#11041 = CARTESIAN_POINT('',(10.313708498985,42.992092296142,
    20.182337649086));
#11042 = VECTOR('',#11043,1.);
#11043 = DIRECTION('',(0.,0.989949493661,0.141421356237));
#11044 = PCURVE('',#5138,#11045);
#11045 = DEFINITIONAL_REPRESENTATION('',(#11046),#11050);
#11046 = LINE('',#11047,#11048);
#11047 = CARTESIAN_POINT('',(1.1,1.471045507628E-15));
#11048 = VECTOR('',#11049,1.);
#11049 = DIRECTION('',(1.,0.));
#11050 = ( GEOMETRIC_REPRESENTATION_CONTEXT(2) 
PARAMETRIC_REPRESENTATION_CONTEXT() REPRESENTATION_CONTEXT('2D SPACE',''
  ) );
#11051 = PCURVE('',#5892,#11052);
#11052 = DEFINITIONAL_REPRESENTATION('',(#11053),#11057);
#11053 = LINE('',#11054,#11055);
#11054 = CARTESIAN_POINT('',(99.942242770868,10.313708498985));
#11055 = VECTOR('',#11056,1.);
#11056 = DIRECTION('',(-1.,0.));
#11057 = ( GEOMETRIC_REPRESENTATION_CONTEXT(2) 
PARAMETRIC_REPRESENTATION_CONTEXT() REPRESENTATION_CONTEXT('2D SPACE',''
  ) );
#11058 = ORIENTED_EDGE('',*,*,#10916,.T.);
#11059 = ORIENTED_EDGE('',*,*,#5125,.T.);
#11060 = ORIENTED_EDGE('',*,*,#11014,.F.);
#11061 = ADVANCED_FACE('',(#11062),#5168,.F.);
#11062 = FACE_BOUND('',#11063,.F.);
#11063 = EDGE_LOOP('',(#11064,#11089,#11110,#11111));
#11064 = ORIENTED_EDGE('',*,*,#11065,.F.);
#11065 = EDGE_CURVE('',#11066,#11068,#11070,.T.);
#11066 = VERTEX_POINT('',#11067);
#11067 = CARTESIAN_POINT('',(-7.944271909999,37.94334987847,
    19.461088732276));
#11068 = VERTEX_POINT('',#11069);
#11069 = CARTESIAN_POINT('',(7.944271909999,37.94334987847,
    19.461088732276));
#11070 = SURFACE_CURVE('',#11071,(#11075,#11082),.PCURVE_S1.);
#11071 = LINE('',#11072,#11073);
#11072 = CARTESIAN_POINT('',(0.,37.94334987847,19.461088732276));
#11073 = VECTOR('',#11074,1.);
#11074 = DIRECTION('',(1.,0.,0.));
#11075 = PCURVE('',#5168,#11076);
#11076 = DEFINITIONAL_REPRESENTATION('',(#11077),#11081);
#11077 = LINE('',#11078,#11079);
#11078 = CARTESIAN_POINT('',(7.944271909999,0.));
#11079 = VECTOR('',#11080,1.);
#11080 = DIRECTION('',(1.,0.));
#11081 = ( GEOMETRIC_REPRESENTATION_CONTEXT(2) 
PARAMETRIC_REPRESENTATION_CONTEXT() REPRESENTATION_CONTEXT('2D SPACE',''
  ) );
#11082 = PCURVE('',#5892,#11083);
#11083 = DEFINITIONAL_REPRESENTATION('',(#11084),#11088);
#11084 = LINE('',#11085,#11086);
#11085 = CARTESIAN_POINT('',(105.04224277086,0.));
#11086 = VECTOR('',#11087,1.);
#11087 = DIRECTION('',(0.,1.));
#11088 = ( GEOMETRIC_REPRESENTATION_CONTEXT(2) 
PARAMETRIC_REPRESENTATION_CONTEXT() REPRESENTATION_CONTEXT('2D SPACE',''
  ) );
#11089 = ORIENTED_EDGE('',*,*,#11090,.T.);
#11090 = EDGE_CURVE('',#11066,#5152,#11091,.T.);
#11091 = SURFACE_CURVE('',#11092,(#11096,#11103),.PCURVE_S1.);
#11092 = LINE('',#11093,#11094);
#11093 = CARTESIAN_POINT('',(-7.944271909999,37.94334987847,
    19.461088732276));
#11094 = VECTOR('',#11095,1.);
#11095 = DIRECTION('',(-0.,0.141421356237,-0.989949493661));
#11096 = PCURVE('',#5168,#11097);
#11097 = DEFINITIONAL_REPRESENTATION('',(#11098),#11102);
#11098 = LINE('',#11099,#11100);
#11099 = CARTESIAN_POINT('',(0.,0.));
#11100 = VECTOR('',#11101,1.);
#11101 = DIRECTION('',(0.,-1.));
#11102 = ( GEOMETRIC_REPRESENTATION_CONTEXT(2) 
PARAMETRIC_REPRESENTATION_CONTEXT() REPRESENTATION_CONTEXT('2D SPACE',''
  ) );
#11103 = PCURVE('',#5194,#11104);
#11104 = DEFINITIONAL_REPRESENTATION('',(#11105),#11109);
#11105 = LINE('',#11106,#11107);
#11106 = CARTESIAN_POINT('',(0.,0.));
#11107 = VECTOR('',#11108,1.);
#11108 = DIRECTION('',(0.,-1.));
#11109 = ( GEOMETRIC_REPRESENTATION_CONTEXT(2) 
PARAMETRIC_REPRESENTATION_CONTEXT() REPRESENTATION_CONTEXT('2D SPACE',''
  ) );
#11110 = ORIENTED_EDGE('',*,*,#5151,.T.);
#11111 = ORIENTED_EDGE('',*,*,#11112,.F.);
#11112 = EDGE_CURVE('',#11068,#5154,#11113,.T.);
#11113 = SURFACE_CURVE('',#11114,(#11118,#11125),.PCURVE_S1.);
#11114 = LINE('',#11115,#11116);
#11115 = CARTESIAN_POINT('',(7.944271909999,37.94334987847,
    19.461088732276));
#11116 = VECTOR('',#11117,1.);
#11117 = DIRECTION('',(-0.,0.141421356237,-0.989949493661));
#11118 = PCURVE('',#5168,#11119);
#11119 = DEFINITIONAL_REPRESENTATION('',(#11120),#11124);
#11120 = LINE('',#11121,#11122);
#11121 = CARTESIAN_POINT('',(15.888543819998,0.));
#11122 = VECTOR('',#11123,1.);
#11123 = DIRECTION('',(0.,-1.));
#11124 = ( GEOMETRIC_REPRESENTATION_CONTEXT(2) 
PARAMETRIC_REPRESENTATION_CONTEXT() REPRESENTATION_CONTEXT('2D SPACE',''
  ) );
#11125 = PCURVE('',#5244,#11126);
#11126 = DEFINITIONAL_REPRESENTATION('',(#11127),#11131);
#11127 = LINE('',#11128,#11129);
#11128 = CARTESIAN_POINT('',(0.,0.));
#11129 = VECTOR('',#11130,1.);
#11130 = DIRECTION('',(0.,-1.));
#11131 = ( GEOMETRIC_REPRESENTATION_CONTEXT(2) 
PARAMETRIC_REPRESENTATION_CONTEXT() REPRESENTATION_CONTEXT('2D SPACE',''
  ) );
#11132 = ADVANCED_FACE('',(#11133),#5194,.T.);
#11133 = FACE_BOUND('',#11134,.T.);
#11134 = EDGE_LOOP('',(#11135,#11158,#11159,#11160));
#11135 = ORIENTED_EDGE('',*,*,#11136,.F.);
#11136 = EDGE_CURVE('',#11066,#11137,#11139,.T.);
#11137 = VERTEX_POINT('',#11138);
#11138 = CARTESIAN_POINT('',(-7.944271909999,40.121238764525,
    19.772215715998));
#11139 = SURFACE_CURVE('',#11140,(#11144,#11151),.PCURVE_S1.);
#11140 = LINE('',#11141,#11142);
#11141 = CARTESIAN_POINT('',(-7.944271909999,39.032294321497,
    19.616652224137));
#11142 = VECTOR('',#11143,1.);
#11143 = DIRECTION('',(0.,0.989949493661,0.141421356237));
#11144 = PCURVE('',#5194,#11145);
#11145 = DEFINITIONAL_REPRESENTATION('',(#11146),#11150);
#11146 = LINE('',#11147,#11148);
#11147 = CARTESIAN_POINT('',(1.1,1.471045507628E-15));
#11148 = VECTOR('',#11149,1.);
#11149 = DIRECTION('',(1.,0.));
#11150 = ( GEOMETRIC_REPRESENTATION_CONTEXT(2) 
PARAMETRIC_REPRESENTATION_CONTEXT() REPRESENTATION_CONTEXT('2D SPACE',''
  ) );
#11151 = PCURVE('',#5892,#11152);
#11152 = DEFINITIONAL_REPRESENTATION('',(#11153),#11157);
#11153 = LINE('',#11154,#11155);
#11154 = CARTESIAN_POINT('',(103.94224277086,-7.944271909999));
#11155 = VECTOR('',#11156,1.);
#11156 = DIRECTION('',(-1.,0.));
#11157 = ( GEOMETRIC_REPRESENTATION_CONTEXT(2) 
PARAMETRIC_REPRESENTATION_CONTEXT() REPRESENTATION_CONTEXT('2D SPACE',''
  ) );
#11158 = ORIENTED_EDGE('',*,*,#11090,.T.);
#11159 = ORIENTED_EDGE('',*,*,#5179,.T.);
#11160 = ORIENTED_EDGE('',*,*,#11161,.F.);
#11161 = EDGE_CURVE('',#11137,#5180,#11162,.T.);
#11162 = SURFACE_CURVE('',#11163,(#11167,#11174),.PCURVE_S1.);
#11163 = LINE('',#11164,#11165);
#11164 = CARTESIAN_POINT('',(-7.944271909999,40.121238764525,
    19.772215715998));
#11165 = VECTOR('',#11166,1.);
#11166 = DIRECTION('',(-0.,0.141421356237,-0.989949493661));
#11167 = PCURVE('',#5194,#11168);
#11168 = DEFINITIONAL_REPRESENTATION('',(#11169),#11173);
#11169 = LINE('',#11170,#11171);
#11170 = CARTESIAN_POINT('',(2.2,2.942091015257E-15));
#11171 = VECTOR('',#11172,1.);
#11172 = DIRECTION('',(0.,-1.));
#11173 = ( GEOMETRIC_REPRESENTATION_CONTEXT(2) 
PARAMETRIC_REPRESENTATION_CONTEXT() REPRESENTATION_CONTEXT('2D SPACE',''
  ) );
#11174 = PCURVE('',#5220,#11175);
#11175 = DEFINITIONAL_REPRESENTATION('',(#11176),#11180);
#11176 = LINE('',#11177,#11178);
#11177 = CARTESIAN_POINT('',(0.,0.));
#11178 = VECTOR('',#11179,1.);
#11179 = DIRECTION('',(0.,-1.));
#11180 = ( GEOMETRIC_REPRESENTATION_CONTEXT(2) 
PARAMETRIC_REPRESENTATION_CONTEXT() REPRESENTATION_CONTEXT('2D SPACE',''
  ) );
#11181 = ADVANCED_FACE('',(#11182),#5220,.T.);
#11182 = FACE_BOUND('',#11183,.T.);
#11183 = EDGE_LOOP('',(#11184,#11207,#11208,#11209));
#11184 = ORIENTED_EDGE('',*,*,#11185,.F.);
#11185 = EDGE_CURVE('',#11137,#11186,#11188,.T.);
#11186 = VERTEX_POINT('',#11187);
#11187 = CARTESIAN_POINT('',(7.944271909999,40.121238764525,
    19.772215715998));
#11188 = SURFACE_CURVE('',#11189,(#11193,#11200),.PCURVE_S1.);
#11189 = LINE('',#11190,#11191);
#11190 = CARTESIAN_POINT('',(0.,40.121238764525,19.772215715998));
#11191 = VECTOR('',#11192,1.);
#11192 = DIRECTION('',(1.,0.,0.));
#11193 = PCURVE('',#5220,#11194);
#11194 = DEFINITIONAL_REPRESENTATION('',(#11195),#11199);
#11195 = LINE('',#11196,#11197);
#11196 = CARTESIAN_POINT('',(7.944271909999,0.));
#11197 = VECTOR('',#11198,1.);
#11198 = DIRECTION('',(1.,0.));
#11199 = ( GEOMETRIC_REPRESENTATION_CONTEXT(2) 
PARAMETRIC_REPRESENTATION_CONTEXT() REPRESENTATION_CONTEXT('2D SPACE',''
  ) );
#11200 = PCURVE('',#5892,#11201);
#11201 = DEFINITIONAL_REPRESENTATION('',(#11202),#11206);
#11202 = LINE('',#11203,#11204);
#11203 = CARTESIAN_POINT('',(102.84224277086,0.));
#11204 = VECTOR('',#11205,1.);
#11205 = DIRECTION('',(0.,1.));
#11206 = ( GEOMETRIC_REPRESENTATION_CONTEXT(2) 
PARAMETRIC_REPRESENTATION_CONTEXT() REPRESENTATION_CONTEXT('2D SPACE',''
  ) );
#11207 = ORIENTED_EDGE('',*,*,#11161,.T.);
#11208 = ORIENTED_EDGE('',*,*,#5205,.T.);
#11209 = ORIENTED_EDGE('',*,*,#11210,.F.);
#11210 = EDGE_CURVE('',#11186,#5206,#11211,.T.);
#11211 = SURFACE_CURVE('',#11212,(#11216,#11223),.PCURVE_S1.);
#11212 = LINE('',#11213,#11214);
#11213 = CARTESIAN_POINT('',(7.944271909999,40.121238764525,
    19.772215715998));
#11214 = VECTOR('',#11215,1.);
#11215 = DIRECTION('',(-0.,0.141421356237,-0.989949493661));
#11216 = PCURVE('',#5220,#11217);
#11217 = DEFINITIONAL_REPRESENTATION('',(#11218),#11222);
#11218 = LINE('',#11219,#11220);
#11219 = CARTESIAN_POINT('',(15.888543819998,0.));
#11220 = VECTOR('',#11221,1.);
#11221 = DIRECTION('',(0.,-1.));
#11222 = ( GEOMETRIC_REPRESENTATION_CONTEXT(2) 
PARAMETRIC_REPRESENTATION_CONTEXT() REPRESENTATION_CONTEXT('2D SPACE',''
  ) );
#11223 = PCURVE('',#5244,#11224);
#11224 = DEFINITIONAL_REPRESENTATION('',(#11225),#11229);
#11225 = LINE('',#11226,#11227);
#11226 = CARTESIAN_POINT('',(2.2,2.942091015257E-15));
#11227 = VECTOR('',#11228,1.);
#11228 = DIRECTION('',(0.,-1.));
#11229 = ( GEOMETRIC_REPRESENTATION_CONTEXT(2) 
PARAMETRIC_REPRESENTATION_CONTEXT() REPRESENTATION_CONTEXT('2D SPACE',''
  ) );
#11230 = ADVANCED_FACE('',(#11231),#5244,.F.);
#11231 = FACE_BOUND('',#11232,.F.);
#11232 = EDGE_LOOP('',(#11233,#11254,#11255,#11256));
#11233 = ORIENTED_EDGE('',*,*,#11234,.F.);
#11234 = EDGE_CURVE('',#11068,#11186,#11235,.T.);
#11235 = SURFACE_CURVE('',#11236,(#11240,#11247),.PCURVE_S1.);
#11236 = LINE('',#11237,#11238);
#11237 = CARTESIAN_POINT('',(7.944271909999,39.032294321497,
    19.616652224137));
#11238 = VECTOR('',#11239,1.);
#11239 = DIRECTION('',(0.,0.989949493661,0.141421356237));
#11240 = PCURVE('',#5244,#11241);
#11241 = DEFINITIONAL_REPRESENTATION('',(#11242),#11246);
#11242 = LINE('',#11243,#11244);
#11243 = CARTESIAN_POINT('',(1.1,1.471045507628E-15));
#11244 = VECTOR('',#11245,1.);
#11245 = DIRECTION('',(1.,0.));
#11246 = ( GEOMETRIC_REPRESENTATION_CONTEXT(2) 
PARAMETRIC_REPRESENTATION_CONTEXT() REPRESENTATION_CONTEXT('2D SPACE',''
  ) );
#11247 = PCURVE('',#5892,#11248);
#11248 = DEFINITIONAL_REPRESENTATION('',(#11249),#11253);
#11249 = LINE('',#11250,#11251);
#11250 = CARTESIAN_POINT('',(103.94224277086,7.944271909999));
#11251 = VECTOR('',#11252,1.);
#11252 = DIRECTION('',(-1.,0.));
#11253 = ( GEOMETRIC_REPRESENTATION_CONTEXT(2) 
PARAMETRIC_REPRESENTATION_CONTEXT() REPRESENTATION_CONTEXT('2D SPACE',''
  ) );
#11254 = ORIENTED_EDGE('',*,*,#11112,.T.);
#11255 = ORIENTED_EDGE('',*,*,#5231,.T.);
#11256 = ORIENTED_EDGE('',*,*,#11210,.F.);
#11257 = ADVANCED_FACE('',(#11258),#5276,.F.);
#11258 = FACE_BOUND('',#11259,.F.);
#11259 = EDGE_LOOP('',(#11260,#11283,#11305,#11306,#11307,#11329));
#11260 = ORIENTED_EDGE('',*,*,#11261,.T.);
#11261 = EDGE_CURVE('',#5258,#11262,#11264,.T.);
#11262 = VERTEX_POINT('',#11263);
#11263 = CARTESIAN_POINT('',(-38.75,-47.25358419248,4.751780336653));
#11264 = SEAM_CURVE('',#11265,(#11269,#11276),.PCURVE_S1.);
#11265 = LINE('',#11266,#11267);
#11266 = CARTESIAN_POINT('',(-38.75,-46.82287322635,3.107247556907));
#11267 = VECTOR('',#11268,1.);
#11268 = DIRECTION('',(0.,-0.253359391838,0.96737222338));
#11269 = PCURVE('',#5276,#11270);
#11270 = DEFINITIONAL_REPRESENTATION('',(#11271),#11275);
#11271 = LINE('',#11272,#11273);
#11272 = CARTESIAN_POINT('',(6.28318530718,-0.));
#11273 = VECTOR('',#11274,1.);
#11274 = DIRECTION('',(0.,1.));
#11275 = ( GEOMETRIC_REPRESENTATION_CONTEXT(2) 
PARAMETRIC_REPRESENTATION_CONTEXT() REPRESENTATION_CONTEXT('2D SPACE',''
  ) );
#11276 = PCURVE('',#5276,#11277);
#11277 = DEFINITIONAL_REPRESENTATION('',(#11278),#11282);
#11278 = LINE('',#11279,#11280);
#11279 = CARTESIAN_POINT('',(0.,-0.));
#11280 = VECTOR('',#11281,1.);
#11281 = DIRECTION('',(0.,1.));
#11282 = ( GEOMETRIC_REPRESENTATION_CONTEXT(2) 
PARAMETRIC_REPRESENTATION_CONTEXT() REPRESENTATION_CONTEXT('2D SPACE',''
  ) );
#11283 = ORIENTED_EDGE('',*,*,#11284,.F.);
#11284 = EDGE_CURVE('',#11262,#11262,#11285,.T.);
#11285 = SURFACE_CURVE('',#11286,(#11291,#11298),.PCURVE_S1.);
#11286 = CIRCLE('',#11287,3.25);
#11287 = AXIS2_PLACEMENT_3D('',#11288,#11289,#11290);
#11288 = CARTESIAN_POINT('',(-42.,-47.25358419248,4.751780336653));
#11289 = DIRECTION('',(0.,-0.253359391838,0.96737222338));
#11290 = DIRECTION('',(1.,0.,0.));
#11291 = PCURVE('',#5276,#11292);
#11292 = DEFINITIONAL_REPRESENTATION('',(#11293),#11297);
#11293 = LINE('',#11294,#11295);
#11294 = CARTESIAN_POINT('',(0.,1.7));
#11295 = VECTOR('',#11296,1.);
#11296 = DIRECTION('',(1.,0.));
#11297 = ( GEOMETRIC_REPRESENTATION_CONTEXT(2) 
PARAMETRIC_REPRESENTATION_CONTEXT() REPRESENTATION_CONTEXT('2D SPACE',''
  ) );
#11298 = PCURVE('',#8463,#11299);
#11299 = DEFINITIONAL_REPRESENTATION('',(#11300),#11304);
#11300 = CIRCLE('',#11301,3.25);
#11301 = AXIS2_PLACEMENT_2D('',#11302,#11303);
#11302 = CARTESIAN_POINT('',(0.,0.));
#11303 = DIRECTION('',(1.,0.));
#11304 = ( GEOMETRIC_REPRESENTATION_CONTEXT(2) 
PARAMETRIC_REPRESENTATION_CONTEXT() REPRESENTATION_CONTEXT('2D SPACE',''
  ) );
#11305 = ORIENTED_EDGE('',*,*,#11261,.F.);
#11306 = ORIENTED_EDGE('',*,*,#5257,.T.);
#11307 = ORIENTED_EDGE('',*,*,#11308,.T.);
#11308 = EDGE_CURVE('',#5260,#5292,#11309,.T.);
#11309 = SURFACE_CURVE('',#11310,(#11315,#11322),.PCURVE_S1.);
#11310 = CIRCLE('',#11311,3.25);
#11311 = AXIS2_PLACEMENT_3D('',#11312,#11313,#11314);
#11312 = CARTESIAN_POINT('',(-42.,-46.82287322635,3.107247556907));
#11313 = DIRECTION('',(0.,-0.253359391838,0.96737222338));
#11314 = DIRECTION('',(1.,0.,0.));
#11315 = PCURVE('',#5276,#11316);
#11316 = DEFINITIONAL_REPRESENTATION('',(#11317),#11321);
#11317 = LINE('',#11318,#11319);
#11318 = CARTESIAN_POINT('',(0.,0.));
#11319 = VECTOR('',#11320,1.);
#11320 = DIRECTION('',(1.,0.));
#11321 = ( GEOMETRIC_REPRESENTATION_CONTEXT(2) 
PARAMETRIC_REPRESENTATION_CONTEXT() REPRESENTATION_CONTEXT('2D SPACE',''
  ) );
#11322 = PCURVE('',#5341,#11323);
#11323 = DEFINITIONAL_REPRESENTATION('',(#11324),#11328);
#11324 = CIRCLE('',#11325,3.25);
#11325 = AXIS2_PLACEMENT_2D('',#11326,#11327);
#11326 = CARTESIAN_POINT('',(0.,0.));
#11327 = DIRECTION('',(1.,0.));
#11328 = ( GEOMETRIC_REPRESENTATION_CONTEXT(2) 
PARAMETRIC_REPRESENTATION_CONTEXT() REPRESENTATION_CONTEXT('2D SPACE',''
  ) );
#11329 = ORIENTED_EDGE('',*,*,#5291,.T.);
#11330 = ADVANCED_FACE('',(#11331),#5341,.T.);
#11331 = FACE_BOUND('',#11332,.T.);
#11332 = EDGE_LOOP('',(#11333,#11334));
#11333 = ORIENTED_EDGE('',*,*,#5328,.T.);
#11334 = ORIENTED_EDGE('',*,*,#11308,.T.);
#11335 = ADVANCED_FACE('',(#11336),#5375,.F.);
#11336 = FACE_BOUND('',#11337,.T.);
#11337 = EDGE_LOOP('',(#11338,#11339,#11362,#11389));
#11338 = ORIENTED_EDGE('',*,*,#5354,.T.);
#11339 = ORIENTED_EDGE('',*,*,#11340,.T.);
#11340 = EDGE_CURVE('',#5355,#11341,#11343,.T.);
#11341 = VERTEX_POINT('',#11342);
#11342 = CARTESIAN_POINT('',(14.6,59.184837585314,19.97020561473));
#11343 = SEAM_CURVE('',#11344,(#11348,#11355),.PCURVE_S1.);
#11344 = LINE('',#11345,#11346);
#11345 = CARTESIAN_POINT('',(14.6,59.411111755294,18.386286424872));
#11346 = VECTOR('',#11347,1.);
#11347 = DIRECTION('',(0.,-0.141421356237,0.989949493661));
#11348 = PCURVE('',#5375,#11349);
#11349 = DEFINITIONAL_REPRESENTATION('',(#11350),#11354);
#11350 = LINE('',#11351,#11352);
#11351 = CARTESIAN_POINT('',(-6.28318530718,0.));
#11352 = VECTOR('',#11353,1.);
#11353 = DIRECTION('',(-0.,-1.));
#11354 = ( GEOMETRIC_REPRESENTATION_CONTEXT(2) 
PARAMETRIC_REPRESENTATION_CONTEXT() REPRESENTATION_CONTEXT('2D SPACE',''
  ) );
#11355 = PCURVE('',#5375,#11356);
#11356 = DEFINITIONAL_REPRESENTATION('',(#11357),#11361);
#11357 = LINE('',#11358,#11359);
#11358 = CARTESIAN_POINT('',(-0.,0.));
#11359 = VECTOR('',#11360,1.);
#11360 = DIRECTION('',(-0.,-1.));
#11361 = ( GEOMETRIC_REPRESENTATION_CONTEXT(2) 
PARAMETRIC_REPRESENTATION_CONTEXT() REPRESENTATION_CONTEXT('2D SPACE',''
  ) );
#11362 = ORIENTED_EDGE('',*,*,#11363,.T.);
#11363 = EDGE_CURVE('',#11341,#11341,#11364,.T.);
#11364 = SURFACE_CURVE('',#11365,(#11370,#11377),.PCURVE_S1.);
#11365 = CIRCLE('',#11366,2.6);
#11366 = AXIS2_PLACEMENT_3D('',#11367,#11368,#11369);
#11367 = CARTESIAN_POINT('',(12.,59.184837585314,19.97020561473));
#11368 = DIRECTION('',(0.,-0.141421356237,0.989949493661));
#11369 = DIRECTION('',(1.,0.,0.));
#11370 = PCURVE('',#5375,#11371);
#11371 = DEFINITIONAL_REPRESENTATION('',(#11372),#11376);
#11372 = LINE('',#11373,#11374);
#11373 = CARTESIAN_POINT('',(-0.,-1.6));
#11374 = VECTOR('',#11375,1.);
#11375 = DIRECTION('',(-1.,0.));
#11376 = ( GEOMETRIC_REPRESENTATION_CONTEXT(2) 
PARAMETRIC_REPRESENTATION_CONTEXT() REPRESENTATION_CONTEXT('2D SPACE',''
  ) );
#11377 = PCURVE('',#11378,#11383);
#11378 = PLANE('',#11379);
#11379 = AXIS2_PLACEMENT_3D('',#11380,#11381,#11382);
#11380 = CARTESIAN_POINT('',(12.,59.184837585314,19.97020561473));
#11381 = DIRECTION('',(0.,-0.141421356237,0.989949493661));
#11382 = DIRECTION('',(1.,0.,0.));
#11383 = DEFINITIONAL_REPRESENTATION('',(#11384),#11388);
#11384 = CIRCLE('',#11385,2.6);
#11385 = AXIS2_PLACEMENT_2D('',#11386,#11387);
#11386 = CARTESIAN_POINT('',(1.314846281288E-16,-2.534857220269E-17));
#11387 = DIRECTION('',(1.,0.));
#11388 = ( GEOMETRIC_REPRESENTATION_CONTEXT(2) 
PARAMETRIC_REPRESENTATION_CONTEXT() REPRESENTATION_CONTEXT('2D SPACE',''
  ) );
#11389 = ORIENTED_EDGE('',*,*,#11340,.F.);
#11390 = ADVANCED_FACE('',(#11391),#5410,.F.);
#11391 = FACE_BOUND('',#11392,.T.);
#11392 = EDGE_LOOP('',(#11393,#11394,#11417,#11444));
#11393 = ORIENTED_EDGE('',*,*,#5389,.T.);
#11394 = ORIENTED_EDGE('',*,*,#11395,.T.);
#11395 = EDGE_CURVE('',#5390,#11396,#11398,.T.);
#11396 = VERTEX_POINT('',#11397);
#11397 = CARTESIAN_POINT('',(14.6,35.426049737446,16.576093065035));
#11398 = SEAM_CURVE('',#11399,(#11403,#11410),.PCURVE_S1.);
#11399 = LINE('',#11400,#11401);
#11400 = CARTESIAN_POINT('',(14.6,35.652323907426,14.992173875177));
#11401 = VECTOR('',#11402,1.);
#11402 = DIRECTION('',(0.,-0.141421356237,0.989949493661));
#11403 = PCURVE('',#5410,#11404);
#11404 = DEFINITIONAL_REPRESENTATION('',(#11405),#11409);
#11405 = LINE('',#11406,#11407);
#11406 = CARTESIAN_POINT('',(-6.28318530718,0.));
#11407 = VECTOR('',#11408,1.);
#11408 = DIRECTION('',(-0.,-1.));
#11409 = ( GEOMETRIC_REPRESENTATION_CONTEXT(2) 
PARAMETRIC_REPRESENTATION_CONTEXT() REPRESENTATION_CONTEXT('2D SPACE',''
  ) );
#11410 = PCURVE('',#5410,#11411);
#11411 = DEFINITIONAL_REPRESENTATION('',(#11412),#11416);
#11412 = LINE('',#11413,#11414);
#11413 = CARTESIAN_POINT('',(-0.,0.));
#11414 = VECTOR('',#11415,1.);
#11415 = DIRECTION('',(-0.,-1.));
#11416 = ( GEOMETRIC_REPRESENTATION_CONTEXT(2) 
PARAMETRIC_REPRESENTATION_CONTEXT() REPRESENTATION_CONTEXT('2D SPACE',''
  ) );
#11417 = ORIENTED_EDGE('',*,*,#11418,.T.);
#11418 = EDGE_CURVE('',#11396,#11396,#11419,.T.);
#11419 = SURFACE_CURVE('',#11420,(#11425,#11432),.PCURVE_S1.);
#11420 = CIRCLE('',#11421,2.6);
#11421 = AXIS2_PLACEMENT_3D('',#11422,#11423,#11424);
#11422 = CARTESIAN_POINT('',(12.,35.426049737446,16.576093065035));
#11423 = DIRECTION('',(0.,-0.141421356237,0.989949493661));
#11424 = DIRECTION('',(1.,0.,0.));
#11425 = PCURVE('',#5410,#11426);
#11426 = DEFINITIONAL_REPRESENTATION('',(#11427),#11431);
#11427 = LINE('',#11428,#11429);
#11428 = CARTESIAN_POINT('',(-0.,-1.6));
#11429 = VECTOR('',#11430,1.);
#11430 = DIRECTION('',(-1.,0.));
#11431 = ( GEOMETRIC_REPRESENTATION_CONTEXT(2) 
PARAMETRIC_REPRESENTATION_CONTEXT() REPRESENTATION_CONTEXT('2D SPACE',''
  ) );
#11432 = PCURVE('',#11433,#11438);
#11433 = PLANE('',#11434);
#11434 = AXIS2_PLACEMENT_3D('',#11435,#11436,#11437);
#11435 = CARTESIAN_POINT('',(12.,35.426049737446,16.576093065035));
#11436 = DIRECTION('',(0.,-0.141421356237,0.989949493661));
#11437 = DIRECTION('',(1.,0.,0.));
#11438 = DEFINITIONAL_REPRESENTATION('',(#11439),#11443);
#11439 = CIRCLE('',#11440,2.6);
#11440 = AXIS2_PLACEMENT_2D('',#11441,#11442);
#11441 = CARTESIAN_POINT('',(1.314846281288E-16,-2.534857220269E-17));
#11442 = DIRECTION('',(1.,0.));
#11443 = ( GEOMETRIC_REPRESENTATION_CONTEXT(2) 
PARAMETRIC_REPRESENTATION_CONTEXT() REPRESENTATION_CONTEXT('2D SPACE',''
  ) );
#11444 = ORIENTED_EDGE('',*,*,#11395,.F.);
#11445 = ADVANCED_FACE('',(#11446),#5443,.F.);
#11446 = FACE_BOUND('',#11447,.F.);
#11447 = EDGE_LOOP('',(#11448,#11471,#11493,#11494,#11495,#11517));
#11448 = ORIENTED_EDGE('',*,*,#11449,.T.);
#11449 = EDGE_CURVE('',#5425,#11450,#11452,.T.);
#11450 = VERTEX_POINT('',#11451);
#11451 = CARTESIAN_POINT('',(45.25,-47.25358419248,4.751780336653));
#11452 = SEAM_CURVE('',#11453,(#11457,#11464),.PCURVE_S1.);
#11453 = LINE('',#11454,#11455);
#11454 = CARTESIAN_POINT('',(45.25,-46.82287322635,3.107247556907));
#11455 = VECTOR('',#11456,1.);
#11456 = DIRECTION('',(0.,-0.253359391838,0.96737222338));
#11457 = PCURVE('',#5443,#11458);
#11458 = DEFINITIONAL_REPRESENTATION('',(#11459),#11463);
#11459 = LINE('',#11460,#11461);
#11460 = CARTESIAN_POINT('',(6.28318530718,-0.));
#11461 = VECTOR('',#11462,1.);
#11462 = DIRECTION('',(0.,1.));
#11463 = ( GEOMETRIC_REPRESENTATION_CONTEXT(2) 
PARAMETRIC_REPRESENTATION_CONTEXT() REPRESENTATION_CONTEXT('2D SPACE',''
  ) );
#11464 = PCURVE('',#5443,#11465);
#11465 = DEFINITIONAL_REPRESENTATION('',(#11466),#11470);
#11466 = LINE('',#11467,#11468);
#11467 = CARTESIAN_POINT('',(0.,-0.));
#11468 = VECTOR('',#11469,1.);
#11469 = DIRECTION('',(0.,1.));
#11470 = ( GEOMETRIC_REPRESENTATION_CONTEXT(2) 
PARAMETRIC_REPRESENTATION_CONTEXT() REPRESENTATION_CONTEXT('2D SPACE',''
  ) );
#11471 = ORIENTED_EDGE('',*,*,#11472,.F.);
#11472 = EDGE_CURVE('',#11450,#11450,#11473,.T.);
#11473 = SURFACE_CURVE('',#11474,(#11479,#11486),.PCURVE_S1.);
#11474 = CIRCLE('',#11475,3.25);
#11475 = AXIS2_PLACEMENT_3D('',#11476,#11477,#11478);
#11476 = CARTESIAN_POINT('',(42.,-47.25358419248,4.751780336653));
#11477 = DIRECTION('',(0.,-0.253359391838,0.96737222338));
#11478 = DIRECTION('',(1.,0.,0.));
#11479 = PCURVE('',#5443,#11480);
#11480 = DEFINITIONAL_REPRESENTATION('',(#11481),#11485);
#11481 = LINE('',#11482,#11483);
#11482 = CARTESIAN_POINT('',(0.,1.7));
#11483 = VECTOR('',#11484,1.);
#11484 = DIRECTION('',(1.,0.));
#11485 = ( GEOMETRIC_REPRESENTATION_CONTEXT(2) 
PARAMETRIC_REPRESENTATION_CONTEXT() REPRESENTATION_CONTEXT('2D SPACE',''
  ) );
#11486 = PCURVE('',#8518,#11487);
#11487 = DEFINITIONAL_REPRESENTATION('',(#11488),#11492);
#11488 = CIRCLE('',#11489,3.25);
#11489 = AXIS2_PLACEMENT_2D('',#11490,#11491);
#11490 = CARTESIAN_POINT('',(0.,0.));
#11491 = DIRECTION('',(1.,0.));
#11492 = ( GEOMETRIC_REPRESENTATION_CONTEXT(2) 
PARAMETRIC_REPRESENTATION_CONTEXT() REPRESENTATION_CONTEXT('2D SPACE',''
  ) );
#11493 = ORIENTED_EDGE('',*,*,#11449,.F.);
#11494 = ORIENTED_EDGE('',*,*,#5424,.T.);
#11495 = ORIENTED_EDGE('',*,*,#11496,.T.);
#11496 = EDGE_CURVE('',#5427,#5459,#11497,.T.);
#11497 = SURFACE_CURVE('',#11498,(#11503,#11510),.PCURVE_S1.);
#11498 = CIRCLE('',#11499,3.25);
#11499 = AXIS2_PLACEMENT_3D('',#11500,#11501,#11502);
#11500 = CARTESIAN_POINT('',(42.,-46.82287322635,3.107247556907));
#11501 = DIRECTION('',(0.,-0.253359391838,0.96737222338));
#11502 = DIRECTION('',(1.,0.,0.));
#11503 = PCURVE('',#5443,#11504);
#11504 = DEFINITIONAL_REPRESENTATION('',(#11505),#11509);
#11505 = LINE('',#11506,#11507);
#11506 = CARTESIAN_POINT('',(0.,0.));
#11507 = VECTOR('',#11508,1.);
#11508 = DIRECTION('',(1.,0.));
#11509 = ( GEOMETRIC_REPRESENTATION_CONTEXT(2) 
PARAMETRIC_REPRESENTATION_CONTEXT() REPRESENTATION_CONTEXT('2D SPACE',''
  ) );
#11510 = PCURVE('',#5508,#11511);
#11511 = DEFINITIONAL_REPRESENTATION('',(#11512),#11516);
#11512 = CIRCLE('',#11513,3.25);
#11513 = AXIS2_PLACEMENT_2D('',#11514,#11515);
#11514 = CARTESIAN_POINT('',(0.,0.));
#11515 = DIRECTION('',(1.,0.));
#11516 = ( GEOMETRIC_REPRESENTATION_CONTEXT(2) 
PARAMETRIC_REPRESENTATION_CONTEXT() REPRESENTATION_CONTEXT('2D SPACE',''
  ) );
#11517 = ORIENTED_EDGE('',*,*,#5458,.T.);
#11518 = ADVANCED_FACE('',(#11519),#5508,.T.);
#11519 = FACE_BOUND('',#11520,.T.);
#11520 = EDGE_LOOP('',(#11521,#11522));
#11521 = ORIENTED_EDGE('',*,*,#5495,.T.);
#11522 = ORIENTED_EDGE('',*,*,#11496,.T.);
#11523 = ADVANCED_FACE('',(#11524,#11527),#5560,.F.);
#11524 = FACE_BOUND('',#11525,.F.);
#11525 = EDGE_LOOP('',(#11526));
#11526 = ORIENTED_EDGE('',*,*,#5545,.T.);
#11527 = FACE_BOUND('',#11528,.F.);
#11528 = EDGE_LOOP('',(#11529));
#11529 = ORIENTED_EDGE('',*,*,#10114,.F.);
#11530 = ADVANCED_FACE('',(#11531,#11534),#5673,.F.);
#11531 = FACE_BOUND('',#11532,.F.);
#11532 = EDGE_LOOP('',(#11533));
#11533 = ORIENTED_EDGE('',*,*,#5658,.T.);
#11534 = FACE_BOUND('',#11535,.F.);
#11535 = EDGE_LOOP('',(#11536));
#11536 = ORIENTED_EDGE('',*,*,#6167,.F.);
#11537 = ADVANCED_FACE('',(#11538),#5785,.T.);
#11538 = FACE_BOUND('',#11539,.T.);
#11539 = EDGE_LOOP('',(#11540,#11541,#11542,#11543,#11566,#11589,#11610,
    #11611,#11612,#11613,#11614,#11615,#11616,#11617));
#11540 = ORIENTED_EDGE('',*,*,#8762,.F.);
#11541 = ORIENTED_EDGE('',*,*,#5770,.F.);
#11542 = ORIENTED_EDGE('',*,*,#5904,.F.);
#11543 = ORIENTED_EDGE('',*,*,#11544,.T.);
#11544 = EDGE_CURVE('',#5865,#11545,#11547,.T.);
#11545 = VERTEX_POINT('',#11546);
#11546 = CARTESIAN_POINT('',(-22.75,141.92986492252,34.316305167141));
#11547 = SURFACE_CURVE('',#11548,(#11552,#11559),.PCURVE_S1.);
#11548 = LINE('',#11549,#11550);
#11549 = CARTESIAN_POINT('',(-46.,141.92986492252,34.316305167141));
#11550 = VECTOR('',#11551,1.);
#11551 = DIRECTION('',(1.,0.,0.));
#11552 = PCURVE('',#5785,#11553);
#11553 = DEFINITIONAL_REPRESENTATION('',(#11554),#11558);
#11554 = LINE('',#11555,#11556);
#11555 = CARTESIAN_POINT('',(36.435664254247,-46.));
#11556 = VECTOR('',#11557,1.);
#11557 = DIRECTION('',(0.,1.));
#11558 = ( GEOMETRIC_REPRESENTATION_CONTEXT(2) 
PARAMETRIC_REPRESENTATION_CONTEXT() REPRESENTATION_CONTEXT('2D SPACE',''
  ) );
#11559 = PCURVE('',#5892,#11560);
#11560 = DEFINITIONAL_REPRESENTATION('',(#11561),#11565);
#11561 = LINE('',#11562,#11563);
#11562 = CARTESIAN_POINT('',(-0.,-46.));
#11563 = VECTOR('',#11564,1.);
#11564 = DIRECTION('',(0.,1.));
#11565 = ( GEOMETRIC_REPRESENTATION_CONTEXT(2) 
PARAMETRIC_REPRESENTATION_CONTEXT() REPRESENTATION_CONTEXT('2D SPACE',''
  ) );
#11566 = ORIENTED_EDGE('',*,*,#11567,.T.);
#11567 = EDGE_CURVE('',#11545,#11568,#11570,.T.);
#11568 = VERTEX_POINT('',#11569);
#11569 = CARTESIAN_POINT('',(22.75,141.92986492252,34.316305167141));
#11570 = SURFACE_CURVE('',#11571,(#11575,#11582),.PCURVE_S1.);
#11571 = LINE('',#11572,#11573);
#11572 = CARTESIAN_POINT('',(-46.,141.92986492252,34.316305167141));
#11573 = VECTOR('',#11574,1.);
#11574 = DIRECTION('',(1.,0.,0.));
#11575 = PCURVE('',#5785,#11576);
#11576 = DEFINITIONAL_REPRESENTATION('',(#11577),#11581);
#11577 = LINE('',#11578,#11579);
#11578 = CARTESIAN_POINT('',(36.435664254247,-46.));
#11579 = VECTOR('',#11580,1.);
#11580 = DIRECTION('',(0.,1.));
#11581 = ( GEOMETRIC_REPRESENTATION_CONTEXT(2) 
PARAMETRIC_REPRESENTATION_CONTEXT() REPRESENTATION_CONTEXT('2D SPACE',''
  ) );
#11582 = PCURVE('',#8999,#11583);
#11583 = DEFINITIONAL_REPRESENTATION('',(#11584),#11588);
#11584 = LINE('',#11585,#11586);
#11585 = CARTESIAN_POINT('',(66.75,3.832757229132));
#11586 = VECTOR('',#11587,1.);
#11587 = DIRECTION('',(-1.,-8.659560562355E-17));
#11588 = ( GEOMETRIC_REPRESENTATION_CONTEXT(2) 
PARAMETRIC_REPRESENTATION_CONTEXT() REPRESENTATION_CONTEXT('2D SPACE',''
  ) );
#11589 = ORIENTED_EDGE('',*,*,#11590,.T.);
#11590 = EDGE_CURVE('',#11568,#10024,#11591,.T.);
#11591 = SURFACE_CURVE('',#11592,(#11596,#11603),.PCURVE_S1.);
#11592 = LINE('',#11593,#11594);
#11593 = CARTESIAN_POINT('',(-46.,141.92986492252,34.316305167141));
#11594 = VECTOR('',#11595,1.);
#11595 = DIRECTION('',(1.,0.,0.));
#11596 = PCURVE('',#5785,#11597);
#11597 = DEFINITIONAL_REPRESENTATION('',(#11598),#11602);
#11598 = LINE('',#11599,#11600);
#11599 = CARTESIAN_POINT('',(36.435664254247,-46.));
#11600 = VECTOR('',#11601,1.);
#11601 = DIRECTION('',(0.,1.));
#11602 = ( GEOMETRIC_REPRESENTATION_CONTEXT(2) 
PARAMETRIC_REPRESENTATION_CONTEXT() REPRESENTATION_CONTEXT('2D SPACE',''
  ) );
#11603 = PCURVE('',#5892,#11604);
#11604 = DEFINITIONAL_REPRESENTATION('',(#11605),#11609);
#11605 = LINE('',#11606,#11607);
#11606 = CARTESIAN_POINT('',(-0.,-46.));
#11607 = VECTOR('',#11608,1.);
#11608 = DIRECTION('',(0.,1.));
#11609 = ( GEOMETRIC_REPRESENTATION_CONTEXT(2) 
PARAMETRIC_REPRESENTATION_CONTEXT() REPRESENTATION_CONTEXT('2D SPACE',''
  ) );
#11610 = ORIENTED_EDGE('',*,*,#10023,.F.);
#11611 = ORIENTED_EDGE('',*,*,#9623,.F.);
#11612 = ORIENTED_EDGE('',*,*,#8648,.T.);
#11613 = ORIENTED_EDGE('',*,*,#8696,.T.);
#11614 = ORIENTED_EDGE('',*,*,#8789,.F.);
#11615 = ORIENTED_EDGE('',*,*,#8907,.F.);
#11616 = ORIENTED_EDGE('',*,*,#8933,.T.);
#11617 = ORIENTED_EDGE('',*,*,#8838,.T.);
#11618 = ADVANCED_FACE('',(#11619,#12237,#12268,#12274,#12280,#12286,
    #12317,#12323,#12329,#12360,#12391,#12422),#5892,.T.);
#11619 = FACE_BOUND('',#11620,.T.);
#11620 = EDGE_LOOP('',(#11621,#11622,#11623,#11624,#11625,#11626,#11627,
    #11628,#11629,#11630,#11653,#11674,#11675,#11698,#11726,#11759,
    #11760,#11783,#11811,#11834,#11861,#11889,#11910,#11911,#11912,
    #11913,#11914,#11937,#11965,#11986,#11987,#11988,#11989,#11990,
    #11991,#11992,#11993,#12014,#12015,#12016,#12017,#12038,#12039,
    #12040,#12041,#12042,#12043,#12071,#12099,#12127,#12155,#12183,
    #12211));
#11621 = ORIENTED_EDGE('',*,*,#11544,.F.);
#11622 = ORIENTED_EDGE('',*,*,#5864,.F.);
#11623 = ORIENTED_EDGE('',*,*,#5937,.T.);
#11624 = ORIENTED_EDGE('',*,*,#5984,.T.);
#11625 = ORIENTED_EDGE('',*,*,#6029,.T.);
#11626 = ORIENTED_EDGE('',*,*,#6193,.T.);
#11627 = ORIENTED_EDGE('',*,*,#6758,.T.);
#11628 = ORIENTED_EDGE('',*,*,#6733,.T.);
#11629 = ORIENTED_EDGE('',*,*,#6612,.F.);
#11630 = ORIENTED_EDGE('',*,*,#11631,.F.);
#11631 = EDGE_CURVE('',#11632,#6613,#11634,.T.);
#11632 = VERTEX_POINT('',#11633);
#11633 = CARTESIAN_POINT('',(-39.5,7.403407999023,15.098239892355));
#11634 = SURFACE_CURVE('',#11635,(#11639,#11646),.PCURVE_S1.);
#11635 = LINE('',#11636,#11637);
#11636 = CARTESIAN_POINT('',(-39.5,9.878281733176,15.451793282948));
#11637 = VECTOR('',#11638,1.);
#11638 = DIRECTION('',(0.,0.989949493661,0.141421356237));
#11639 = PCURVE('',#5892,#11640);
#11640 = DEFINITIONAL_REPRESENTATION('',(#11641),#11645);
#11641 = LINE('',#11642,#11643);
#11642 = CARTESIAN_POINT('',(133.39224277086,-39.5));
#11643 = VECTOR('',#11644,1.);
#11644 = DIRECTION('',(-1.,0.));
#11645 = ( GEOMETRIC_REPRESENTATION_CONTEXT(2) 
PARAMETRIC_REPRESENTATION_CONTEXT() REPRESENTATION_CONTEXT('2D SPACE',''
  ) );
#11646 = PCURVE('',#6653,#11647);
#11647 = DEFINITIONAL_REPRESENTATION('',(#11648),#11652);
#11648 = LINE('',#11649,#11650);
#11649 = CARTESIAN_POINT('',(2.5,8.326672684689E-16));
#11650 = VECTOR('',#11651,1.);
#11651 = DIRECTION('',(1.,0.));
#11652 = ( GEOMETRIC_REPRESENTATION_CONTEXT(2) 
PARAMETRIC_REPRESENTATION_CONTEXT() REPRESENTATION_CONTEXT('2D SPACE',''
  ) );
#11653 = ORIENTED_EDGE('',*,*,#11654,.F.);
#11654 = EDGE_CURVE('',#6533,#11632,#11655,.T.);
#11655 = SURFACE_CURVE('',#11656,(#11660,#11667),.PCURVE_S1.);
#11656 = LINE('',#11657,#11658);
#11657 = CARTESIAN_POINT('',(-42.,7.403407999023,15.098239892355));
#11658 = VECTOR('',#11659,1.);
#11659 = DIRECTION('',(1.,0.,0.));
#11660 = PCURVE('',#5892,#11661);
#11661 = DEFINITIONAL_REPRESENTATION('',(#11662),#11666);
#11662 = LINE('',#11663,#11664);
#11663 = CARTESIAN_POINT('',(135.89224277086,-42.));
#11664 = VECTOR('',#11665,1.);
#11665 = DIRECTION('',(0.,1.));
#11666 = ( GEOMETRIC_REPRESENTATION_CONTEXT(2) 
PARAMETRIC_REPRESENTATION_CONTEXT() REPRESENTATION_CONTEXT('2D SPACE',''
  ) );
#11667 = PCURVE('',#6548,#11668);
#11668 = DEFINITIONAL_REPRESENTATION('',(#11669),#11673);
#11669 = LINE('',#11670,#11671);
#11670 = CARTESIAN_POINT('',(2.5,0.));
#11671 = VECTOR('',#11672,1.);
#11672 = DIRECTION('',(1.,0.));
#11673 = ( GEOMETRIC_REPRESENTATION_CONTEXT(2) 
PARAMETRIC_REPRESENTATION_CONTEXT() REPRESENTATION_CONTEXT('2D SPACE',''
  ) );
#11674 = ORIENTED_EDGE('',*,*,#6560,.F.);
#11675 = ORIENTED_EDGE('',*,*,#11676,.T.);
#11676 = EDGE_CURVE('',#6561,#11677,#11679,.T.);
#11677 = VERTEX_POINT('',#11678);
#11678 = CARTESIAN_POINT('',(-39.5,-39.22321315241,8.437294013578));
#11679 = SURFACE_CURVE('',#11680,(#11684,#11691),.PCURVE_S1.);
#11680 = LINE('',#11681,#11682);
#11681 = CARTESIAN_POINT('',(-42.,-39.22321315241,8.437294013578));
#11682 = VECTOR('',#11683,1.);
#11683 = DIRECTION('',(1.,0.,0.));
#11684 = PCURVE('',#5892,#11685);
#11685 = DEFINITIONAL_REPRESENTATION('',(#11686),#11690);
#11686 = LINE('',#11687,#11688);
#11687 = CARTESIAN_POINT('',(182.99224277086,-42.));
#11688 = VECTOR('',#11689,1.);
#11689 = DIRECTION('',(0.,1.));
#11690 = ( GEOMETRIC_REPRESENTATION_CONTEXT(2) 
PARAMETRIC_REPRESENTATION_CONTEXT() REPRESENTATION_CONTEXT('2D SPACE',''
  ) );
#11691 = PCURVE('',#6597,#11692);
#11692 = DEFINITIONAL_REPRESENTATION('',(#11693),#11697);
#11693 = LINE('',#11694,#11695);
#11694 = CARTESIAN_POINT('',(2.5,0.));
#11695 = VECTOR('',#11696,1.);
#11696 = DIRECTION('',(1.,0.));
#11697 = ( GEOMETRIC_REPRESENTATION_CONTEXT(2) 
PARAMETRIC_REPRESENTATION_CONTEXT() REPRESENTATION_CONTEXT('2D SPACE',''
  ) );
#11698 = ORIENTED_EDGE('',*,*,#11699,.F.);
#11699 = EDGE_CURVE('',#11700,#11677,#11702,.T.);
#11700 = VERTEX_POINT('',#11701);
#11701 = CARTESIAN_POINT('',(-39.5,-43.57966657263,7.814943524976));
#11702 = SURFACE_CURVE('',#11703,(#11707,#11714),.PCURVE_S1.);
#11703 = LINE('',#11704,#11705);
#11704 = CARTESIAN_POINT('',(-39.5,-41.69808688657,8.083740622984));
#11705 = VECTOR('',#11706,1.);
#11706 = DIRECTION('',(0.,0.989949493661,0.141421356237));
#11707 = PCURVE('',#5892,#11708);
#11708 = DEFINITIONAL_REPRESENTATION('',(#11709),#11713);
#11709 = LINE('',#11710,#11711);
#11710 = CARTESIAN_POINT('',(185.49224277086,-39.5));
#11711 = VECTOR('',#11712,1.);
#11712 = DIRECTION('',(-1.,0.));
#11713 = ( GEOMETRIC_REPRESENTATION_CONTEXT(2) 
PARAMETRIC_REPRESENTATION_CONTEXT() REPRESENTATION_CONTEXT('2D SPACE',''
  ) );
#11714 = PCURVE('',#11715,#11720);
#11715 = PLANE('',#11716);
#11716 = AXIS2_PLACEMENT_3D('',#11717,#11718,#11719);
#11717 = CARTESIAN_POINT('',(-39.5,-44.17296062072,7.730187232391));
#11718 = DIRECTION('',(-1.,0.,0.));
#11719 = DIRECTION('',(0.,0.989949493661,0.141421356237));
#11720 = DEFINITIONAL_REPRESENTATION('',(#11721),#11725);
#11721 = LINE('',#11722,#11723);
#11722 = CARTESIAN_POINT('',(2.5,-3.330669073875E-16));
#11723 = VECTOR('',#11724,1.);
#11724 = DIRECTION('',(1.,0.));
#11725 = ( GEOMETRIC_REPRESENTATION_CONTEXT(2) 
PARAMETRIC_REPRESENTATION_CONTEXT() REPRESENTATION_CONTEXT('2D SPACE',''
  ) );
#11726 = ORIENTED_EDGE('',*,*,#11727,.F.);
#11727 = EDGE_CURVE('',#6983,#11700,#11728,.T.);
#11728 = SURFACE_CURVE('',#11729,(#11734,#11741),.PCURVE_S1.);
#11729 = ELLIPSE('',#11730,5.032813584593,5.);
#11730 = AXIS2_PLACEMENT_3D('',#11731,#11732,#11733);
#11731 = CARTESIAN_POINT('',(-42.,-47.89440541111,7.198552262336));
#11732 = DIRECTION('',(0.,-0.141421356237,0.989949493661));
#11733 = DIRECTION('',(0.,-0.989949493661,-0.141421356237));
#11734 = PCURVE('',#5892,#11735);
#11735 = DEFINITIONAL_REPRESENTATION('',(#11736),#11740);
#11736 = ELLIPSE('',#11737,5.032813584593,5.);
#11737 = AXIS2_PLACEMENT_2D('',#11738,#11739);
#11738 = CARTESIAN_POINT('',(191.75146969528,-42.));
#11739 = DIRECTION('',(1.,0.));
#11740 = ( GEOMETRIC_REPRESENTATION_CONTEXT(2) 
PARAMETRIC_REPRESENTATION_CONTEXT() REPRESENTATION_CONTEXT('2D SPACE',''
  ) );
#11741 = PCURVE('',#7020,#11742);
#11742 = DEFINITIONAL_REPRESENTATION('',(#11743),#11758);
#11743 = B_SPLINE_CURVE_WITH_KNOTS('',7,(#11744,#11745,#11746,#11747,
    #11748,#11749,#11750,#11751,#11752,#11753,#11754,#11755,#11756,
    #11757),.UNSPECIFIED.,.F.,.F.,(8,6,8),(0.,1.570796326795,
    3.14159265359),.UNSPECIFIED.);
#11744 = CARTESIAN_POINT('',(4.712388980385,67.263067763884));
#11745 = CARTESIAN_POINT('',(4.936788455641,67.263067763884));
#11746 = CARTESIAN_POINT('',(5.161187930898,67.229359509105));
#11747 = CARTESIAN_POINT('',(5.385587406154,67.161947889494));
#11748 = CARTESIAN_POINT('',(5.60998688141,67.064971680324));
#11749 = CARTESIAN_POINT('',(5.834386356667,66.946804343825));
#11750 = CARTESIAN_POINT('',(6.058785831923,66.818051069359));
#11751 = CARTESIAN_POINT('',(6.507584782436,66.560543474803));
#11752 = CARTESIAN_POINT('',(6.731984257693,66.431790200348));
#11753 = CARTESIAN_POINT('',(6.956383732949,66.313622863803));
#11754 = CARTESIAN_POINT('',(7.180783208205,66.216646654706));
#11755 = CARTESIAN_POINT('',(7.405182683462,66.149235035049));
#11756 = CARTESIAN_POINT('',(7.629582158718,66.115526780278));
#11757 = CARTESIAN_POINT('',(7.853981633974,66.115526780278));
#11758 = ( GEOMETRIC_REPRESENTATION_CONTEXT(2) 
PARAMETRIC_REPRESENTATION_CONTEXT() REPRESENTATION_CONTEXT('2D SPACE',''
  ) );
#11759 = ORIENTED_EDGE('',*,*,#6982,.T.);
#11760 = ORIENTED_EDGE('',*,*,#11761,.T.);
#11761 = EDGE_CURVE('',#6955,#11762,#11764,.T.);
#11762 = VERTEX_POINT('',#11763);
#11763 = CARTESIAN_POINT('',(30.4,-39.22321315241,8.437294013578));
#11764 = SURFACE_CURVE('',#11765,(#11769,#11776),.PCURVE_S1.);
#11765 = LINE('',#11766,#11767);
#11766 = CARTESIAN_POINT('',(30.4,-41.69808688657,8.083740622984));
#11767 = VECTOR('',#11768,1.);
#11768 = DIRECTION('',(0.,0.989949493661,0.141421356237));
#11769 = PCURVE('',#5892,#11770);
#11770 = DEFINITIONAL_REPRESENTATION('',(#11771),#11775);
#11771 = LINE('',#11772,#11773);
#11772 = CARTESIAN_POINT('',(185.49224277086,30.4));
#11773 = VECTOR('',#11774,1.);
#11774 = DIRECTION('',(-1.,0.));
#11775 = ( GEOMETRIC_REPRESENTATION_CONTEXT(2) 
PARAMETRIC_REPRESENTATION_CONTEXT() REPRESENTATION_CONTEXT('2D SPACE',''
  ) );
#11776 = PCURVE('',#6970,#11777);
#11777 = DEFINITIONAL_REPRESENTATION('',(#11778),#11782);
#11778 = LINE('',#11779,#11780);
#11779 = CARTESIAN_POINT('',(2.5,-3.330669073875E-16));
#11780 = VECTOR('',#11781,1.);
#11781 = DIRECTION('',(1.,0.));
#11782 = ( GEOMETRIC_REPRESENTATION_CONTEXT(2) 
PARAMETRIC_REPRESENTATION_CONTEXT() REPRESENTATION_CONTEXT('2D SPACE',''
  ) );
#11783 = ORIENTED_EDGE('',*,*,#11784,.T.);
#11784 = EDGE_CURVE('',#11762,#11785,#11787,.T.);
#11785 = VERTEX_POINT('',#11786);
#11786 = CARTESIAN_POINT('',(35.4,-39.22321315241,8.437294013578));
#11787 = SURFACE_CURVE('',#11788,(#11792,#11799),.PCURVE_S1.);
#11788 = LINE('',#11789,#11790);
#11789 = CARTESIAN_POINT('',(32.9,-39.22321315241,8.437294013578));
#11790 = VECTOR('',#11791,1.);
#11791 = DIRECTION('',(1.,0.,0.));
#11792 = PCURVE('',#5892,#11793);
#11793 = DEFINITIONAL_REPRESENTATION('',(#11794),#11798);
#11794 = LINE('',#11795,#11796);
#11795 = CARTESIAN_POINT('',(182.99224277086,32.9));
#11796 = VECTOR('',#11797,1.);
#11797 = DIRECTION('',(0.,1.));
#11798 = ( GEOMETRIC_REPRESENTATION_CONTEXT(2) 
PARAMETRIC_REPRESENTATION_CONTEXT() REPRESENTATION_CONTEXT('2D SPACE',''
  ) );
#11799 = PCURVE('',#11800,#11805);
#11800 = PLANE('',#11801);
#11801 = AXIS2_PLACEMENT_3D('',#11802,#11803,#11804);
#11802 = CARTESIAN_POINT('',(30.4,-39.22321315241,8.437294013578));
#11803 = DIRECTION('',(-0.,0.989949493661,0.141421356237));
#11804 = DIRECTION('',(1.,0.,0.));
#11805 = DEFINITIONAL_REPRESENTATION('',(#11806),#11810);
#11806 = LINE('',#11807,#11808);
#11807 = CARTESIAN_POINT('',(2.5,0.));
#11808 = VECTOR('',#11809,1.);
#11809 = DIRECTION('',(1.,0.));
#11810 = ( GEOMETRIC_REPRESENTATION_CONTEXT(2) 
PARAMETRIC_REPRESENTATION_CONTEXT() REPRESENTATION_CONTEXT('2D SPACE',''
  ) );
#11811 = ORIENTED_EDGE('',*,*,#11812,.T.);
#11812 = EDGE_CURVE('',#11785,#11813,#11815,.T.);
#11813 = VERTEX_POINT('',#11814);
#11814 = CARTESIAN_POINT('',(35.4,-7.495331880577,12.969848480983));
#11815 = SURFACE_CURVE('',#11816,(#11820,#11827),.PCURVE_S1.);
#11816 = LINE('',#11817,#11818);
#11817 = CARTESIAN_POINT('',(35.4,-15.90990257669,11.767766952966));
#11818 = VECTOR('',#11819,1.);
#11819 = DIRECTION('',(0.,0.989949493661,0.141421356237));
#11820 = PCURVE('',#5892,#11821);
#11821 = DEFINITIONAL_REPRESENTATION('',(#11822),#11826);
#11822 = LINE('',#11823,#11824);
#11823 = CARTESIAN_POINT('',(159.44224277086,35.4));
#11824 = VECTOR('',#11825,1.);
#11825 = DIRECTION('',(-1.,0.));
#11826 = ( GEOMETRIC_REPRESENTATION_CONTEXT(2) 
PARAMETRIC_REPRESENTATION_CONTEXT() REPRESENTATION_CONTEXT('2D SPACE',''
  ) );
#11827 = PCURVE('',#6914,#11828);
#11828 = DEFINITIONAL_REPRESENTATION('',(#11829),#11833);
#11829 = LINE('',#11830,#11831);
#11830 = CARTESIAN_POINT('',(28.55,4.440892098501E-16));
#11831 = VECTOR('',#11832,1.);
#11832 = DIRECTION('',(1.,0.));
#11833 = ( GEOMETRIC_REPRESENTATION_CONTEXT(2) 
PARAMETRIC_REPRESENTATION_CONTEXT() REPRESENTATION_CONTEXT('2D SPACE',''
  ) );
#11834 = ORIENTED_EDGE('',*,*,#11835,.F.);
#11835 = EDGE_CURVE('',#11836,#11813,#11838,.T.);
#11836 = VERTEX_POINT('',#11837);
#11837 = CARTESIAN_POINT('',(36.9,-7.495331880577,12.969848480983));
#11838 = SURFACE_CURVE('',#11839,(#11843,#11850),.PCURVE_S1.);
#11839 = LINE('',#11840,#11841);
#11840 = CARTESIAN_POINT('',(-0.775,-7.495331880577,12.969848480983));
#11841 = VECTOR('',#11842,1.);
#11842 = DIRECTION('',(-1.,-0.,0.));
#11843 = PCURVE('',#5892,#11844);
#11844 = DEFINITIONAL_REPRESENTATION('',(#11845),#11849);
#11845 = LINE('',#11846,#11847);
#11846 = CARTESIAN_POINT('',(150.94224277086,-0.775));
#11847 = VECTOR('',#11848,1.);
#11848 = DIRECTION('',(-0.,-1.));
#11849 = ( GEOMETRIC_REPRESENTATION_CONTEXT(2) 
PARAMETRIC_REPRESENTATION_CONTEXT() REPRESENTATION_CONTEXT('2D SPACE',''
  ) );
#11850 = PCURVE('',#11851,#11856);
#11851 = PLANE('',#11852);
#11852 = AXIS2_PLACEMENT_3D('',#11853,#11854,#11855);
#11853 = CARTESIAN_POINT('',(3.,-7.212489168103,10.989949493661));
#11854 = DIRECTION('',(-0.,0.989949493661,0.141421356237));
#11855 = DIRECTION('',(1.,0.,0.));
#11856 = DEFINITIONAL_REPRESENTATION('',(#11857),#11860);
#11857 = B_SPLINE_CURVE_WITH_KNOTS('',1,(#11858,#11859),.UNSPECIFIED.,
  .F.,.F.,(2,2),(-37.675,-3.775),.PIECEWISE_BEZIER_KNOTS.);
#11858 = CARTESIAN_POINT('',(33.9,-2.));
#11859 = CARTESIAN_POINT('',(0.,-2.));
#11860 = ( GEOMETRIC_REPRESENTATION_CONTEXT(2) 
PARAMETRIC_REPRESENTATION_CONTEXT() REPRESENTATION_CONTEXT('2D SPACE',''
  ) );
#11861 = ORIENTED_EDGE('',*,*,#11862,.F.);
#11862 = EDGE_CURVE('',#11863,#11836,#11865,.T.);
#11863 = VERTEX_POINT('',#11864);
#11864 = CARTESIAN_POINT('',(36.9,-45.65788486121,7.518055198035));
#11865 = SURFACE_CURVE('',#11866,(#11870,#11877),.PCURVE_S1.);
#11866 = LINE('',#11867,#11868);
#11867 = CARTESIAN_POINT('',(36.9,-15.90990257669,11.767766952966));
#11868 = VECTOR('',#11869,1.);
#11869 = DIRECTION('',(0.,0.989949493661,0.141421356237));
#11870 = PCURVE('',#5892,#11871);
#11871 = DEFINITIONAL_REPRESENTATION('',(#11872),#11876);
#11872 = LINE('',#11873,#11874);
#11873 = CARTESIAN_POINT('',(159.44224277086,36.9));
#11874 = VECTOR('',#11875,1.);
#11875 = DIRECTION('',(-1.,0.));
#11876 = ( GEOMETRIC_REPRESENTATION_CONTEXT(2) 
PARAMETRIC_REPRESENTATION_CONTEXT() REPRESENTATION_CONTEXT('2D SPACE',''
  ) );
#11877 = PCURVE('',#11878,#11883);
#11878 = PLANE('',#11879);
#11879 = AXIS2_PLACEMENT_3D('',#11880,#11881,#11882);
#11880 = CARTESIAN_POINT('',(36.9,-45.65788486121,7.518055198035));
#11881 = DIRECTION('',(-1.,0.,0.));
#11882 = DIRECTION('',(0.,0.989949493661,0.141421356237));
#11883 = DEFINITIONAL_REPRESENTATION('',(#11884),#11888);
#11884 = LINE('',#11885,#11886);
#11885 = CARTESIAN_POINT('',(30.05,0.));
#11886 = VECTOR('',#11887,1.);
#11887 = DIRECTION('',(1.,0.));
#11888 = ( GEOMETRIC_REPRESENTATION_CONTEXT(2) 
PARAMETRIC_REPRESENTATION_CONTEXT() REPRESENTATION_CONTEXT('2D SPACE',''
  ) );
#11889 = ORIENTED_EDGE('',*,*,#11890,.F.);
#11890 = EDGE_CURVE('',#7061,#11863,#11891,.T.);
#11891 = SURFACE_CURVE('',#11892,(#11896,#11903),.PCURVE_S1.);
#11892 = LINE('',#11893,#11894);
#11893 = CARTESIAN_POINT('',(-4.55,-45.65788486121,7.518055198035));
#11894 = VECTOR('',#11895,1.);
#11895 = DIRECTION('',(1.,0.,0.));
#11896 = PCURVE('',#5892,#11897);
#11897 = DEFINITIONAL_REPRESENTATION('',(#11898),#11902);
#11898 = LINE('',#11899,#11900);
#11899 = CARTESIAN_POINT('',(189.49224277086,-4.55));
#11900 = VECTOR('',#11901,1.);
#11901 = DIRECTION('',(0.,1.));
#11902 = ( GEOMETRIC_REPRESENTATION_CONTEXT(2) 
PARAMETRIC_REPRESENTATION_CONTEXT() REPRESENTATION_CONTEXT('2D SPACE',''
  ) );
#11903 = PCURVE('',#7115,#11904);
#11904 = DEFINITIONAL_REPRESENTATION('',(#11905),#11909);
#11905 = LINE('',#11906,#11907);
#11906 = CARTESIAN_POINT('',(41.45,0.));
#11907 = VECTOR('',#11908,1.);
#11908 = DIRECTION('',(1.,0.));
#11909 = ( GEOMETRIC_REPRESENTATION_CONTEXT(2) 
PARAMETRIC_REPRESENTATION_CONTEXT() REPRESENTATION_CONTEXT('2D SPACE',''
  ) );
#11910 = ORIENTED_EDGE('',*,*,#7060,.F.);
#11911 = ORIENTED_EDGE('',*,*,#7161,.T.);
#11912 = ORIENTED_EDGE('',*,*,#7208,.T.);
#11913 = ORIENTED_EDGE('',*,*,#7253,.T.);
#11914 = ORIENTED_EDGE('',*,*,#11915,.T.);
#11915 = EDGE_CURVE('',#7254,#11916,#11918,.T.);
#11916 = VERTEX_POINT('',#11917);
#11917 = CARTESIAN_POINT('',(-45.,-66.,4.612038749637));
#11918 = SURFACE_CURVE('',#11919,(#11923,#11930),.PCURVE_S1.);
#11919 = LINE('',#11920,#11921);
#11920 = CARTESIAN_POINT('',(-45.,139.43431457505,33.959797974645));
#11921 = VECTOR('',#11922,1.);
#11922 = DIRECTION('',(0.,-0.989949493661,-0.141421356237));
#11923 = PCURVE('',#5892,#11924);
#11924 = DEFINITIONAL_REPRESENTATION('',(#11925),#11929);
#11925 = LINE('',#11926,#11927);
#11926 = CARTESIAN_POINT('',(2.520886533559,-45.));
#11927 = VECTOR('',#11928,1.);
#11928 = DIRECTION('',(1.,0.));
#11929 = ( GEOMETRIC_REPRESENTATION_CONTEXT(2) 
PARAMETRIC_REPRESENTATION_CONTEXT() REPRESENTATION_CONTEXT('2D SPACE',''
  ) );
#11930 = PCURVE('',#7290,#11931);
#11931 = DEFINITIONAL_REPRESENTATION('',(#11932),#11936);
#11932 = LINE('',#11933,#11934);
#11933 = CARTESIAN_POINT('',(-79.34971790847,-1.695008971164));
#11934 = VECTOR('',#11935,1.);
#11935 = DIRECTION('',(0.989949493661,-0.141421356237));
#11936 = ( GEOMETRIC_REPRESENTATION_CONTEXT(2) 
PARAMETRIC_REPRESENTATION_CONTEXT() REPRESENTATION_CONTEXT('2D SPACE',''
  ) );
#11937 = ORIENTED_EDGE('',*,*,#11938,.T.);
#11938 = EDGE_CURVE('',#11916,#11939,#11941,.T.);
#11939 = VERTEX_POINT('',#11940);
#11940 = CARTESIAN_POINT('',(45.,-66.,4.612038749637));
#11941 = SURFACE_CURVE('',#11942,(#11946,#11953),.PCURVE_S1.);
#11942 = LINE('',#11943,#11944);
#11943 = CARTESIAN_POINT('',(-45.,-66.,4.612038749637));
#11944 = VECTOR('',#11945,1.);
#11945 = DIRECTION('',(1.,0.,0.));
#11946 = PCURVE('',#5892,#11947);
#11947 = DEFINITIONAL_REPRESENTATION('',(#11948),#11952);
#11948 = LINE('',#11949,#11950);
#11949 = CARTESIAN_POINT('',(210.04088213988,-45.));
#11950 = VECTOR('',#11951,1.);
#11951 = DIRECTION('',(0.,1.));
#11952 = ( GEOMETRIC_REPRESENTATION_CONTEXT(2) 
PARAMETRIC_REPRESENTATION_CONTEXT() REPRESENTATION_CONTEXT('2D SPACE',''
  ) );
#11953 = PCURVE('',#11954,#11959);
#11954 = PLANE('',#11955);
#11955 = AXIS2_PLACEMENT_3D('',#11956,#11957,#11958);
#11956 = CARTESIAN_POINT('',(0.,-66.,4.612038749637));
#11957 = DIRECTION('',(0.,1.,0.));
#11958 = DIRECTION('',(0.,-0.,1.));
#11959 = DEFINITIONAL_REPRESENTATION('',(#11960),#11964);
#11960 = LINE('',#11961,#11962);
#11961 = CARTESIAN_POINT('',(0.,-45.));
#11962 = VECTOR('',#11963,1.);
#11963 = DIRECTION('',(0.,1.));
#11964 = ( GEOMETRIC_REPRESENTATION_CONTEXT(2) 
PARAMETRIC_REPRESENTATION_CONTEXT() REPRESENTATION_CONTEXT('2D SPACE',''
  ) );
#11965 = ORIENTED_EDGE('',*,*,#11966,.F.);
#11966 = EDGE_CURVE('',#7601,#11939,#11967,.T.);
#11967 = SURFACE_CURVE('',#11968,(#11972,#11979),.PCURVE_S1.);
#11968 = LINE('',#11969,#11970);
#11969 = CARTESIAN_POINT('',(45.,139.43431457505,33.959797974645));
#11970 = VECTOR('',#11971,1.);
#11971 = DIRECTION('',(0.,-0.989949493661,-0.141421356237));
#11972 = PCURVE('',#5892,#11973);
#11973 = DEFINITIONAL_REPRESENTATION('',(#11974),#11978);
#11974 = LINE('',#11975,#11976);
#11975 = CARTESIAN_POINT('',(2.520886533559,45.));
#11976 = VECTOR('',#11977,1.);
#11977 = DIRECTION('',(1.,0.));
#11978 = ( GEOMETRIC_REPRESENTATION_CONTEXT(2) 
PARAMETRIC_REPRESENTATION_CONTEXT() REPRESENTATION_CONTEXT('2D SPACE',''
  ) );
#11979 = PCURVE('',#7617,#11980);
#11980 = DEFINITIONAL_REPRESENTATION('',(#11981),#11985);
#11981 = LINE('',#11982,#11983);
#11982 = CARTESIAN_POINT('',(-79.34971790847,-1.695008971164));
#11983 = VECTOR('',#11984,1.);
#11984 = DIRECTION('',(0.989949493661,-0.141421356237));
#11985 = ( GEOMETRIC_REPRESENTATION_CONTEXT(2) 
PARAMETRIC_REPRESENTATION_CONTEXT() REPRESENTATION_CONTEXT('2D SPACE',''
  ) );
#11986 = ORIENTED_EDGE('',*,*,#7628,.T.);
#11987 = ORIENTED_EDGE('',*,*,#7715,.F.);
#11988 = ORIENTED_EDGE('',*,*,#7741,.T.);
#11989 = ORIENTED_EDGE('',*,*,#7812,.F.);
#11990 = ORIENTED_EDGE('',*,*,#7870,.F.);
#11991 = ORIENTED_EDGE('',*,*,#7917,.F.);
#11992 = ORIENTED_EDGE('',*,*,#7970,.F.);
#11993 = ORIENTED_EDGE('',*,*,#11994,.F.);
#11994 = EDGE_CURVE('',#8086,#7943,#11995,.T.);
#11995 = SURFACE_CURVE('',#11996,(#12000,#12007),.PCURVE_S1.);
#11996 = LINE('',#11997,#11998);
#11997 = CARTESIAN_POINT('',(45.,139.43431457505,33.959797974645));
#11998 = VECTOR('',#11999,1.);
#11999 = DIRECTION('',(0.,-0.989949493661,-0.141421356237));
#12000 = PCURVE('',#5892,#12001);
#12001 = DEFINITIONAL_REPRESENTATION('',(#12002),#12006);
#12002 = LINE('',#12003,#12004);
#12003 = CARTESIAN_POINT('',(2.520886533559,45.));
#12004 = VECTOR('',#12005,1.);
#12005 = DIRECTION('',(1.,0.));
#12006 = ( GEOMETRIC_REPRESENTATION_CONTEXT(2) 
PARAMETRIC_REPRESENTATION_CONTEXT() REPRESENTATION_CONTEXT('2D SPACE',''
  ) );
#12007 = PCURVE('',#7959,#12008);
#12008 = DEFINITIONAL_REPRESENTATION('',(#12009),#12013);
#12009 = LINE('',#12010,#12011);
#12010 = CARTESIAN_POINT('',(-79.34971790847,-1.695008971164));
#12011 = VECTOR('',#12012,1.);
#12012 = DIRECTION('',(0.989949493661,-0.141421356237));
#12013 = ( GEOMETRIC_REPRESENTATION_CONTEXT(2) 
PARAMETRIC_REPRESENTATION_CONTEXT() REPRESENTATION_CONTEXT('2D SPACE',''
  ) );
#12014 = ORIENTED_EDGE('',*,*,#8108,.T.);
#12015 = ORIENTED_EDGE('',*,*,#8270,.F.);
#12016 = ORIENTED_EDGE('',*,*,#9723,.F.);
#12017 = ORIENTED_EDGE('',*,*,#12018,.F.);
#12018 = EDGE_CURVE('',#9839,#9696,#12019,.T.);
#12019 = SURFACE_CURVE('',#12020,(#12024,#12031),.PCURVE_S1.);
#12020 = LINE('',#12021,#12022);
#12021 = CARTESIAN_POINT('',(45.,139.43431457505,33.959797974645));
#12022 = VECTOR('',#12023,1.);
#12023 = DIRECTION('',(0.,-0.989949493661,-0.141421356237));
#12024 = PCURVE('',#5892,#12025);
#12025 = DEFINITIONAL_REPRESENTATION('',(#12026),#12030);
#12026 = LINE('',#12027,#12028);
#12027 = CARTESIAN_POINT('',(2.520886533559,45.));
#12028 = VECTOR('',#12029,1.);
#12029 = DIRECTION('',(1.,0.));
#12030 = ( GEOMETRIC_REPRESENTATION_CONTEXT(2) 
PARAMETRIC_REPRESENTATION_CONTEXT() REPRESENTATION_CONTEXT('2D SPACE',''
  ) );
#12031 = PCURVE('',#9712,#12032);
#12032 = DEFINITIONAL_REPRESENTATION('',(#12033),#12037);
#12033 = LINE('',#12034,#12035);
#12034 = CARTESIAN_POINT('',(-79.34971790847,-1.695008971164));
#12035 = VECTOR('',#12036,1.);
#12036 = DIRECTION('',(0.989949493661,-0.141421356237));
#12037 = ( GEOMETRIC_REPRESENTATION_CONTEXT(2) 
PARAMETRIC_REPRESENTATION_CONTEXT() REPRESENTATION_CONTEXT('2D SPACE',''
  ) );
#12038 = ORIENTED_EDGE('',*,*,#9861,.T.);
#12039 = ORIENTED_EDGE('',*,*,#9948,.F.);
#12040 = ORIENTED_EDGE('',*,*,#9975,.T.);
#12041 = ORIENTED_EDGE('',*,*,#10052,.F.);
#12042 = ORIENTED_EDGE('',*,*,#11590,.F.);
#12043 = ORIENTED_EDGE('',*,*,#12044,.T.);
#12044 = EDGE_CURVE('',#11568,#12045,#12047,.T.);
#12045 = VERTEX_POINT('',#12046);
#12046 = CARTESIAN_POINT('',(22.75,140.97234343125,34.179516382674));
#12047 = SURFACE_CURVE('',#12048,(#12052,#12059),.PCURVE_S1.);
#12048 = LINE('',#12049,#12050);
#12049 = CARTESIAN_POINT('',(22.75,145.72410100083,34.858338892613));
#12050 = VECTOR('',#12051,1.);
#12051 = DIRECTION('',(-8.659560562355E-17,-0.989949493661,
    -0.141421356237));
#12052 = PCURVE('',#5892,#12053);
#12053 = DEFINITIONAL_REPRESENTATION('',(#12054),#12058);
#12054 = LINE('',#12055,#12056);
#12055 = CARTESIAN_POINT('',(-3.832757229132,22.75));
#12056 = VECTOR('',#12057,1.);
#12057 = DIRECTION('',(1.,-8.659560562355E-17));
#12058 = ( GEOMETRIC_REPRESENTATION_CONTEXT(2) 
PARAMETRIC_REPRESENTATION_CONTEXT() REPRESENTATION_CONTEXT('2D SPACE',''
  ) );
#12059 = PCURVE('',#12060,#12065);
#12060 = PLANE('',#12061);
#12061 = AXIS2_PLACEMENT_3D('',#12062,#12063,#12064);
#12062 = CARTESIAN_POINT('',(22.75,136.80041342225,73.989628163477));
#12063 = DIRECTION('',(-1.,9.797174393179E-17,-7.347880794884E-17));
#12064 = DIRECTION('',(8.659560562355E-17,0.141421356237,-0.989949493661
    ));
#12065 = DEFINITIONAL_REPRESENTATION('',(#12066),#12070);
#12066 = LINE('',#12067,#12068);
#12067 = CARTESIAN_POINT('',(40.,-3.3));
#12068 = VECTOR('',#12069,1.);
#12069 = DIRECTION('',(0.,1.));
#12070 = ( GEOMETRIC_REPRESENTATION_CONTEXT(2) 
PARAMETRIC_REPRESENTATION_CONTEXT() REPRESENTATION_CONTEXT('2D SPACE',''
  ) );
#12071 = ORIENTED_EDGE('',*,*,#12072,.T.);
#12072 = EDGE_CURVE('',#12045,#12073,#12075,.T.);
#12073 = VERTEX_POINT('',#12074);
#12074 = CARTESIAN_POINT('',(35.7,140.97234343125,34.179516382674));
#12075 = SURFACE_CURVE('',#12076,(#12080,#12087),.PCURVE_S1.);
#12076 = LINE('',#12077,#12078);
#12077 = CARTESIAN_POINT('',(0.,140.97234343125,34.179516382674));
#12078 = VECTOR('',#12079,1.);
#12079 = DIRECTION('',(1.,0.,0.));
#12080 = PCURVE('',#5892,#12081);
#12081 = DEFINITIONAL_REPRESENTATION('',(#12082),#12086);
#12082 = LINE('',#12083,#12084);
#12083 = CARTESIAN_POINT('',(0.967242770868,0.));
#12084 = VECTOR('',#12085,1.);
#12085 = DIRECTION('',(0.,1.));
#12086 = ( GEOMETRIC_REPRESENTATION_CONTEXT(2) 
PARAMETRIC_REPRESENTATION_CONTEXT() REPRESENTATION_CONTEXT('2D SPACE',''
  ) );
#12087 = PCURVE('',#12088,#12093);
#12088 = PLANE('',#12089);
#12089 = AXIS2_PLACEMENT_3D('',#12090,#12091,#12092);
#12090 = CARTESIAN_POINT('',(-35.7,140.97234343125,34.179516382674));
#12091 = DIRECTION('',(-0.,0.989949493661,0.141421356237));
#12092 = DIRECTION('',(1.,0.,0.));
#12093 = DEFINITIONAL_REPRESENTATION('',(#12094),#12098);
#12094 = LINE('',#12095,#12096);
#12095 = CARTESIAN_POINT('',(35.7,0.));
#12096 = VECTOR('',#12097,1.);
#12097 = DIRECTION('',(1.,0.));
#12098 = ( GEOMETRIC_REPRESENTATION_CONTEXT(2) 
PARAMETRIC_REPRESENTATION_CONTEXT() REPRESENTATION_CONTEXT('2D SPACE',''
  ) );
#12099 = ORIENTED_EDGE('',*,*,#12100,.F.);
#12100 = EDGE_CURVE('',#12101,#12073,#12103,.T.);
#12101 = VERTEX_POINT('',#12102);
#12102 = CARTESIAN_POINT('',(35.7,64.795729894029,23.297143020213));
#12103 = SURFACE_CURVE('',#12104,(#12108,#12115),.PCURVE_S1.);
#12104 = LINE('',#12105,#12106);
#12105 = CARTESIAN_POINT('',(35.7,102.88403666264,28.738329701444));
#12106 = VECTOR('',#12107,1.);
#12107 = DIRECTION('',(0.,0.989949493661,0.141421356237));
#12108 = PCURVE('',#5892,#12109);
#12109 = DEFINITIONAL_REPRESENTATION('',(#12110),#12114);
#12110 = LINE('',#12111,#12112);
#12111 = CARTESIAN_POINT('',(39.442242770868,35.7));
#12112 = VECTOR('',#12113,1.);
#12113 = DIRECTION('',(-1.,0.));
#12114 = ( GEOMETRIC_REPRESENTATION_CONTEXT(2) 
PARAMETRIC_REPRESENTATION_CONTEXT() REPRESENTATION_CONTEXT('2D SPACE',''
  ) );
#12115 = PCURVE('',#12116,#12121);
#12116 = PLANE('',#12117);
#12117 = AXIS2_PLACEMENT_3D('',#12118,#12119,#12120);
#12118 = CARTESIAN_POINT('',(35.7,64.795729894029,23.297143020213));
#12119 = DIRECTION('',(-1.,0.,0.));
#12120 = DIRECTION('',(0.,0.989949493661,0.141421356237));
#12121 = DEFINITIONAL_REPRESENTATION('',(#12122),#12126);
#12122 = LINE('',#12123,#12124);
#12123 = CARTESIAN_POINT('',(38.475,0.));
#12124 = VECTOR('',#12125,1.);
#12125 = DIRECTION('',(1.,0.));
#12126 = ( GEOMETRIC_REPRESENTATION_CONTEXT(2) 
PARAMETRIC_REPRESENTATION_CONTEXT() REPRESENTATION_CONTEXT('2D SPACE',''
  ) );
#12127 = ORIENTED_EDGE('',*,*,#12128,.F.);
#12128 = EDGE_CURVE('',#12129,#12101,#12131,.T.);
#12129 = VERTEX_POINT('',#12130);
#12130 = CARTESIAN_POINT('',(-35.7,64.795729894029,23.297143020213));
#12131 = SURFACE_CURVE('',#12132,(#12136,#12143),.PCURVE_S1.);
#12132 = LINE('',#12133,#12134);
#12133 = CARTESIAN_POINT('',(0.,64.795729894029,23.297143020213));
#12134 = VECTOR('',#12135,1.);
#12135 = DIRECTION('',(1.,0.,0.));
#12136 = PCURVE('',#5892,#12137);
#12137 = DEFINITIONAL_REPRESENTATION('',(#12138),#12142);
#12138 = LINE('',#12139,#12140);
#12139 = CARTESIAN_POINT('',(77.917242770868,0.));
#12140 = VECTOR('',#12141,1.);
#12141 = DIRECTION('',(0.,1.));
#12142 = ( GEOMETRIC_REPRESENTATION_CONTEXT(2) 
PARAMETRIC_REPRESENTATION_CONTEXT() REPRESENTATION_CONTEXT('2D SPACE',''
  ) );
#12143 = PCURVE('',#12144,#12149);
#12144 = PLANE('',#12145);
#12145 = AXIS2_PLACEMENT_3D('',#12146,#12147,#12148);
#12146 = CARTESIAN_POINT('',(-35.7,64.795729894029,23.297143020213));
#12147 = DIRECTION('',(-0.,0.989949493661,0.141421356237));
#12148 = DIRECTION('',(1.,0.,0.));
#12149 = DEFINITIONAL_REPRESENTATION('',(#12150),#12154);
#12150 = LINE('',#12151,#12152);
#12151 = CARTESIAN_POINT('',(35.7,0.));
#12152 = VECTOR('',#12153,1.);
#12153 = DIRECTION('',(1.,0.));
#12154 = ( GEOMETRIC_REPRESENTATION_CONTEXT(2) 
PARAMETRIC_REPRESENTATION_CONTEXT() REPRESENTATION_CONTEXT('2D SPACE',''
  ) );
#12155 = ORIENTED_EDGE('',*,*,#12156,.T.);
#12156 = EDGE_CURVE('',#12129,#12157,#12159,.T.);
#12157 = VERTEX_POINT('',#12158);
#12158 = CARTESIAN_POINT('',(-35.7,140.97234343125,34.179516382674));
#12159 = SURFACE_CURVE('',#12160,(#12164,#12171),.PCURVE_S1.);
#12160 = LINE('',#12161,#12162);
#12161 = CARTESIAN_POINT('',(-35.7,102.88403666264,28.738329701444));
#12162 = VECTOR('',#12163,1.);
#12163 = DIRECTION('',(0.,0.989949493661,0.141421356237));
#12164 = PCURVE('',#5892,#12165);
#12165 = DEFINITIONAL_REPRESENTATION('',(#12166),#12170);
#12166 = LINE('',#12167,#12168);
#12167 = CARTESIAN_POINT('',(39.442242770868,-35.7));
#12168 = VECTOR('',#12169,1.);
#12169 = DIRECTION('',(-1.,0.));
#12170 = ( GEOMETRIC_REPRESENTATION_CONTEXT(2) 
PARAMETRIC_REPRESENTATION_CONTEXT() REPRESENTATION_CONTEXT('2D SPACE',''
  ) );
#12171 = PCURVE('',#12172,#12177);
#12172 = PLANE('',#12173);
#12173 = AXIS2_PLACEMENT_3D('',#12174,#12175,#12176);
#12174 = CARTESIAN_POINT('',(-35.7,64.795729894029,23.297143020213));
#12175 = DIRECTION('',(-1.,0.,0.));
#12176 = DIRECTION('',(0.,0.989949493661,0.141421356237));
#12177 = DEFINITIONAL_REPRESENTATION('',(#12178),#12182);
#12178 = LINE('',#12179,#12180);
#12179 = CARTESIAN_POINT('',(38.475,0.));
#12180 = VECTOR('',#12181,1.);
#12181 = DIRECTION('',(1.,0.));
#12182 = ( GEOMETRIC_REPRESENTATION_CONTEXT(2) 
PARAMETRIC_REPRESENTATION_CONTEXT() REPRESENTATION_CONTEXT('2D SPACE',''
  ) );
#12183 = ORIENTED_EDGE('',*,*,#12184,.T.);
#12184 = EDGE_CURVE('',#12157,#12185,#12187,.T.);
#12185 = VERTEX_POINT('',#12186);
#12186 = CARTESIAN_POINT('',(-22.75,140.97234343125,34.179516382674));
#12187 = SURFACE_CURVE('',#12188,(#12192,#12199),.PCURVE_S1.);
#12188 = LINE('',#12189,#12190);
#12189 = CARTESIAN_POINT('',(0.,140.97234343125,34.179516382674));
#12190 = VECTOR('',#12191,1.);
#12191 = DIRECTION('',(1.,0.,0.));
#12192 = PCURVE('',#5892,#12193);
#12193 = DEFINITIONAL_REPRESENTATION('',(#12194),#12198);
#12194 = LINE('',#12195,#12196);
#12195 = CARTESIAN_POINT('',(0.967242770868,0.));
#12196 = VECTOR('',#12197,1.);
#12197 = DIRECTION('',(0.,1.));
#12198 = ( GEOMETRIC_REPRESENTATION_CONTEXT(2) 
PARAMETRIC_REPRESENTATION_CONTEXT() REPRESENTATION_CONTEXT('2D SPACE',''
  ) );
#12199 = PCURVE('',#12200,#12205);
#12200 = PLANE('',#12201);
#12201 = AXIS2_PLACEMENT_3D('',#12202,#12203,#12204);
#12202 = CARTESIAN_POINT('',(-35.7,140.97234343125,34.179516382674));
#12203 = DIRECTION('',(-0.,0.989949493661,0.141421356237));
#12204 = DIRECTION('',(1.,0.,0.));
#12205 = DEFINITIONAL_REPRESENTATION('',(#12206),#12210);
#12206 = LINE('',#12207,#12208);
#12207 = CARTESIAN_POINT('',(35.7,0.));
#12208 = VECTOR('',#12209,1.);
#12209 = DIRECTION('',(1.,0.));
#12210 = ( GEOMETRIC_REPRESENTATION_CONTEXT(2) 
PARAMETRIC_REPRESENTATION_CONTEXT() REPRESENTATION_CONTEXT('2D SPACE',''
  ) );
#12211 = ORIENTED_EDGE('',*,*,#12212,.T.);
#12212 = EDGE_CURVE('',#12185,#11545,#12213,.T.);
#12213 = SURFACE_CURVE('',#12214,(#12218,#12225),.PCURVE_S1.);
#12214 = LINE('',#12215,#12216);
#12215 = CARTESIAN_POINT('',(-22.75,140.97234343125,34.179516382674));
#12216 = VECTOR('',#12217,1.);
#12217 = DIRECTION('',(8.659560562355E-17,0.989949493661,0.141421356237)
  );
#12218 = PCURVE('',#5892,#12219);
#12219 = DEFINITIONAL_REPRESENTATION('',(#12220),#12224);
#12220 = LINE('',#12221,#12222);
#12221 = CARTESIAN_POINT('',(0.967242770868,-22.75));
#12222 = VECTOR('',#12223,1.);
#12223 = DIRECTION('',(-1.,8.659560562355E-17));
#12224 = ( GEOMETRIC_REPRESENTATION_CONTEXT(2) 
PARAMETRIC_REPRESENTATION_CONTEXT() REPRESENTATION_CONTEXT('2D SPACE',''
  ) );
#12225 = PCURVE('',#12226,#12231);
#12226 = PLANE('',#12227);
#12227 = AXIS2_PLACEMENT_3D('',#12228,#12229,#12230);
#12228 = CARTESIAN_POINT('',(-22.75,142.45726767174,34.39164841703));
#12229 = DIRECTION('',(1.,-9.797174393179E-17,7.347880794884E-17));
#12230 = DIRECTION('',(-8.659560562355E-17,-0.141421356237,
    0.989949493661));
#12231 = DEFINITIONAL_REPRESENTATION('',(#12232),#12236);
#12232 = LINE('',#12233,#12234);
#12233 = CARTESIAN_POINT('',(0.,1.5));
#12234 = VECTOR('',#12235,1.);
#12235 = DIRECTION('',(0.,-1.));
#12236 = ( GEOMETRIC_REPRESENTATION_CONTEXT(2) 
PARAMETRIC_REPRESENTATION_CONTEXT() REPRESENTATION_CONTEXT('2D SPACE',''
  ) );
#12237 = FACE_BOUND('',#12238,.T.);
#12238 = EDGE_LOOP('',(#12239));
#12239 = ORIENTED_EDGE('',*,*,#12240,.F.);
#12240 = EDGE_CURVE('',#12241,#12241,#12243,.T.);
#12241 = VERTEX_POINT('',#12242);
#12242 = CARTESIAN_POINT('',(-9.25,58.831284194721,22.445079348883));
#12243 = SURFACE_CURVE('',#12244,(#12249,#12256),.PCURVE_S1.);
#12244 = CIRCLE('',#12245,2.75);
#12245 = AXIS2_PLACEMENT_3D('',#12246,#12247,#12248);
#12246 = CARTESIAN_POINT('',(-12.,58.831284194721,22.445079348883));
#12247 = DIRECTION('',(0.,-0.141421356237,0.989949493661));
#12248 = DIRECTION('',(1.,0.,0.));
#12249 = PCURVE('',#5892,#12250);
#12250 = DEFINITIONAL_REPRESENTATION('',(#12251),#12255);
#12251 = CIRCLE('',#12252,2.75);
#12252 = AXIS2_PLACEMENT_2D('',#12253,#12254);
#12253 = CARTESIAN_POINT('',(83.942242770868,-12.));
#12254 = DIRECTION('',(0.,1.));
#12255 = ( GEOMETRIC_REPRESENTATION_CONTEXT(2) 
PARAMETRIC_REPRESENTATION_CONTEXT() REPRESENTATION_CONTEXT('2D SPACE',''
  ) );
#12256 = PCURVE('',#12257,#12262);
#12257 = CYLINDRICAL_SURFACE('',#12258,2.75);
#12258 = AXIS2_PLACEMENT_3D('',#12259,#12260,#12261);
#12259 = CARTESIAN_POINT('',(-12.,58.831284194721,22.445079348883));
#12260 = DIRECTION('',(-0.,0.141421356237,-0.989949493661));
#12261 = DIRECTION('',(1.,0.,0.));
#12262 = DEFINITIONAL_REPRESENTATION('',(#12263),#12267);
#12263 = LINE('',#12264,#12265);
#12264 = CARTESIAN_POINT('',(-0.,0.));
#12265 = VECTOR('',#12266,1.);
#12266 = DIRECTION('',(-1.,0.));
#12267 = ( GEOMETRIC_REPRESENTATION_CONTEXT(2) 
PARAMETRIC_REPRESENTATION_CONTEXT() REPRESENTATION_CONTEXT('2D SPACE',''
  ) );
#12268 = FACE_BOUND('',#12269,.T.);
#12269 = EDGE_LOOP('',(#12270,#12271,#12272,#12273));
#12270 = ORIENTED_EDGE('',*,*,#10281,.F.);
#12271 = ORIENTED_EDGE('',*,*,#10352,.T.);
#12272 = ORIENTED_EDGE('',*,*,#10401,.T.);
#12273 = ORIENTED_EDGE('',*,*,#10450,.F.);
#12274 = FACE_BOUND('',#12275,.T.);
#12275 = EDGE_LOOP('',(#12276,#12277,#12278,#12279));
#12276 = ORIENTED_EDGE('',*,*,#10477,.F.);
#12277 = ORIENTED_EDGE('',*,*,#10548,.T.);
#12278 = ORIENTED_EDGE('',*,*,#10597,.T.);
#12279 = ORIENTED_EDGE('',*,*,#10646,.F.);
#12280 = FACE_BOUND('',#12281,.T.);
#12281 = EDGE_LOOP('',(#12282,#12283,#12284,#12285));
#12282 = ORIENTED_EDGE('',*,*,#10673,.F.);
#12283 = ORIENTED_EDGE('',*,*,#10744,.T.);
#12284 = ORIENTED_EDGE('',*,*,#10793,.T.);
#12285 = ORIENTED_EDGE('',*,*,#10842,.F.);
#12286 = FACE_BOUND('',#12287,.T.);
#12287 = EDGE_LOOP('',(#12288));
#12288 = ORIENTED_EDGE('',*,*,#12289,.F.);
#12289 = EDGE_CURVE('',#12290,#12290,#12292,.T.);
#12290 = VERTEX_POINT('',#12291);
#12291 = CARTESIAN_POINT('',(-9.25,35.072496346853,19.050966799188));
#12292 = SURFACE_CURVE('',#12293,(#12298,#12305),.PCURVE_S1.);
#12293 = CIRCLE('',#12294,2.75);
#12294 = AXIS2_PLACEMENT_3D('',#12295,#12296,#12297);
#12295 = CARTESIAN_POINT('',(-12.,35.072496346853,19.050966799188));
#12296 = DIRECTION('',(0.,-0.141421356237,0.989949493661));
#12297 = DIRECTION('',(1.,0.,0.));
#12298 = PCURVE('',#5892,#12299);
#12299 = DEFINITIONAL_REPRESENTATION('',(#12300),#12304);
#12300 = CIRCLE('',#12301,2.75);
#12301 = AXIS2_PLACEMENT_2D('',#12302,#12303);
#12302 = CARTESIAN_POINT('',(107.94224277086,-12.));
#12303 = DIRECTION('',(0.,1.));
#12304 = ( GEOMETRIC_REPRESENTATION_CONTEXT(2) 
PARAMETRIC_REPRESENTATION_CONTEXT() REPRESENTATION_CONTEXT('2D SPACE',''
  ) );
#12305 = PCURVE('',#12306,#12311);
#12306 = CYLINDRICAL_SURFACE('',#12307,2.75);
#12307 = AXIS2_PLACEMENT_3D('',#12308,#12309,#12310);
#12308 = CARTESIAN_POINT('',(-12.,35.072496346853,19.050966799188));
#12309 = DIRECTION('',(-0.,0.141421356237,-0.989949493661));
#12310 = DIRECTION('',(1.,0.,0.));
#12311 = DEFINITIONAL_REPRESENTATION('',(#12312),#12316);
#12312 = LINE('',#12313,#12314);
#12313 = CARTESIAN_POINT('',(-0.,0.));
#12314 = VECTOR('',#12315,1.);
#12315 = DIRECTION('',(-1.,0.));
#12316 = ( GEOMETRIC_REPRESENTATION_CONTEXT(2) 
PARAMETRIC_REPRESENTATION_CONTEXT() REPRESENTATION_CONTEXT('2D SPACE',''
  ) );
#12317 = FACE_BOUND('',#12318,.T.);
#12318 = EDGE_LOOP('',(#12319,#12320,#12321,#12322));
#12319 = ORIENTED_EDGE('',*,*,#10869,.F.);
#12320 = ORIENTED_EDGE('',*,*,#10940,.T.);
#12321 = ORIENTED_EDGE('',*,*,#10989,.T.);
#12322 = ORIENTED_EDGE('',*,*,#11038,.F.);
#12323 = FACE_BOUND('',#12324,.T.);
#12324 = EDGE_LOOP('',(#12325,#12326,#12327,#12328));
#12325 = ORIENTED_EDGE('',*,*,#11065,.F.);
#12326 = ORIENTED_EDGE('',*,*,#11136,.T.);
#12327 = ORIENTED_EDGE('',*,*,#11185,.T.);
#12328 = ORIENTED_EDGE('',*,*,#11234,.F.);
#12329 = FACE_BOUND('',#12330,.T.);
#12330 = EDGE_LOOP('',(#12331));
#12331 = ORIENTED_EDGE('',*,*,#12332,.F.);
#12332 = EDGE_CURVE('',#12333,#12333,#12335,.T.);
#12333 = VERTEX_POINT('',#12334);
#12334 = CARTESIAN_POINT('',(14.75,58.831284194721,22.445079348883));
#12335 = SURFACE_CURVE('',#12336,(#12341,#12348),.PCURVE_S1.);
#12336 = CIRCLE('',#12337,2.75);
#12337 = AXIS2_PLACEMENT_3D('',#12338,#12339,#12340);
#12338 = CARTESIAN_POINT('',(12.,58.831284194721,22.445079348883));
#12339 = DIRECTION('',(0.,-0.141421356237,0.989949493661));
#12340 = DIRECTION('',(1.,0.,0.));
#12341 = PCURVE('',#5892,#12342);
#12342 = DEFINITIONAL_REPRESENTATION('',(#12343),#12347);
#12343 = CIRCLE('',#12344,2.75);
#12344 = AXIS2_PLACEMENT_2D('',#12345,#12346);
#12345 = CARTESIAN_POINT('',(83.942242770868,12.));
#12346 = DIRECTION('',(0.,1.));
#12347 = ( GEOMETRIC_REPRESENTATION_CONTEXT(2) 
PARAMETRIC_REPRESENTATION_CONTEXT() REPRESENTATION_CONTEXT('2D SPACE',''
  ) );
#12348 = PCURVE('',#12349,#12354);
#12349 = CYLINDRICAL_SURFACE('',#12350,2.75);
#12350 = AXIS2_PLACEMENT_3D('',#12351,#12352,#12353);
#12351 = CARTESIAN_POINT('',(12.,58.831284194721,22.445079348883));
#12352 = DIRECTION('',(-0.,0.141421356237,-0.989949493661));
#12353 = DIRECTION('',(1.,0.,0.));
#12354 = DEFINITIONAL_REPRESENTATION('',(#12355),#12359);
#12355 = LINE('',#12356,#12357);
#12356 = CARTESIAN_POINT('',(-0.,0.));
#12357 = VECTOR('',#12358,1.);
#12358 = DIRECTION('',(-1.,0.));
#12359 = ( GEOMETRIC_REPRESENTATION_CONTEXT(2) 
PARAMETRIC_REPRESENTATION_CONTEXT() REPRESENTATION_CONTEXT('2D SPACE',''
  ) );
#12360 = FACE_BOUND('',#12361,.T.);
#12361 = EDGE_LOOP('',(#12362));
#12362 = ORIENTED_EDGE('',*,*,#12363,.F.);
#12363 = EDGE_CURVE('',#12364,#12364,#12366,.T.);
#12364 = VERTEX_POINT('',#12365);
#12365 = CARTESIAN_POINT('',(14.75,35.072496346853,19.050966799188));
#12366 = SURFACE_CURVE('',#12367,(#12372,#12379),.PCURVE_S1.);
#12367 = CIRCLE('',#12368,2.75);
#12368 = AXIS2_PLACEMENT_3D('',#12369,#12370,#12371);
#12369 = CARTESIAN_POINT('',(12.,35.072496346853,19.050966799188));
#12370 = DIRECTION('',(0.,-0.141421356237,0.989949493661));
#12371 = DIRECTION('',(1.,0.,0.));
#12372 = PCURVE('',#5892,#12373);
#12373 = DEFINITIONAL_REPRESENTATION('',(#12374),#12378);
#12374 = CIRCLE('',#12375,2.75);
#12375 = AXIS2_PLACEMENT_2D('',#12376,#12377);
#12376 = CARTESIAN_POINT('',(107.94224277086,12.));
#12377 = DIRECTION('',(0.,1.));
#12378 = ( GEOMETRIC_REPRESENTATION_CONTEXT(2) 
PARAMETRIC_REPRESENTATION_CONTEXT() REPRESENTATION_CONTEXT('2D SPACE',''
  ) );
#12379 = PCURVE('',#12380,#12385);
#12380 = CYLINDRICAL_SURFACE('',#12381,2.75);
#12381 = AXIS2_PLACEMENT_3D('',#12382,#12383,#12384);
#12382 = CARTESIAN_POINT('',(12.,35.072496346853,19.050966799188));
#12383 = DIRECTION('',(-0.,0.141421356237,-0.989949493661));
#12384 = DIRECTION('',(1.,0.,0.));
#12385 = DEFINITIONAL_REPRESENTATION('',(#12386),#12390);
#12386 = LINE('',#12387,#12388);
#12387 = CARTESIAN_POINT('',(-0.,0.));
#12388 = VECTOR('',#12389,1.);
#12389 = DIRECTION('',(-1.,0.));
#12390 = ( GEOMETRIC_REPRESENTATION_CONTEXT(2) 
PARAMETRIC_REPRESENTATION_CONTEXT() REPRESENTATION_CONTEXT('2D SPACE',''
  ) );
#12391 = FACE_BOUND('',#12392,.T.);
#12392 = EDGE_LOOP('',(#12393));
#12393 = ORIENTED_EDGE('',*,*,#12394,.F.);
#12394 = EDGE_CURVE('',#12395,#12395,#12397,.T.);
#12395 = VERTEX_POINT('',#12396);
#12396 = CARTESIAN_POINT('',(-0.5,-7.643824304627,12.948635277548));
#12397 = SURFACE_CURVE('',#12398,(#12403,#12410),.PCURVE_S1.);
#12398 = CIRCLE('',#12399,4.);
#12399 = AXIS2_PLACEMENT_3D('',#12400,#12401,#12402);
#12400 = CARTESIAN_POINT('',(-4.5,-7.643824304627,12.948635277548));
#12401 = DIRECTION('',(0.,-0.141421356237,0.989949493661));
#12402 = DIRECTION('',(1.,0.,0.));
#12403 = PCURVE('',#5892,#12404);
#12404 = DEFINITIONAL_REPRESENTATION('',(#12405),#12409);
#12405 = CIRCLE('',#12406,4.);
#12406 = AXIS2_PLACEMENT_2D('',#12407,#12408);
#12407 = CARTESIAN_POINT('',(151.09224277086,-4.5));
#12408 = DIRECTION('',(0.,1.));
#12409 = ( GEOMETRIC_REPRESENTATION_CONTEXT(2) 
PARAMETRIC_REPRESENTATION_CONTEXT() REPRESENTATION_CONTEXT('2D SPACE',''
  ) );
#12410 = PCURVE('',#12411,#12416);
#12411 = CYLINDRICAL_SURFACE('',#12412,4.);
#12412 = AXIS2_PLACEMENT_3D('',#12413,#12414,#12415);
#12413 = CARTESIAN_POINT('',(-4.5,-7.643824304627,12.948635277548));
#12414 = DIRECTION('',(-0.,0.141421356237,-0.989949493661));
#12415 = DIRECTION('',(1.,0.,0.));
#12416 = DEFINITIONAL_REPRESENTATION('',(#12417),#12421);
#12417 = LINE('',#12418,#12419);
#12418 = CARTESIAN_POINT('',(-0.,0.));
#12419 = VECTOR('',#12420,1.);
#12420 = DIRECTION('',(-1.,0.));
#12421 = ( GEOMETRIC_REPRESENTATION_CONTEXT(2) 
PARAMETRIC_REPRESENTATION_CONTEXT() REPRESENTATION_CONTEXT('2D SPACE',''
  ) );
#12422 = FACE_BOUND('',#12423,.T.);
#12423 = EDGE_LOOP('',(#12424,#12452,#12478,#12504));
#12424 = ORIENTED_EDGE('',*,*,#12425,.T.);
#12425 = EDGE_CURVE('',#12426,#12428,#12430,.T.);
#12426 = VERTEX_POINT('',#12427);
#12427 = CARTESIAN_POINT('',(45.5,25.,17.612038749637));
#12428 = VERTEX_POINT('',#12429);
#12429 = CARTESIAN_POINT('',(37.,25.,17.612038749637));
#12430 = SURFACE_CURVE('',#12431,(#12435,#12441),.PCURVE_S1.);
#12431 = LINE('',#12432,#12433);
#12432 = CARTESIAN_POINT('',(18.5,25.,17.612038749637));
#12433 = VECTOR('',#12434,1.);
#12434 = DIRECTION('',(-1.,0.,0.));
#12435 = PCURVE('',#5892,#12436);
#12436 = DEFINITIONAL_REPRESENTATION('',(#12437),#12440);
#12437 = B_SPLINE_CURVE_WITH_KNOTS('',1,(#12438,#12439),.UNSPECIFIED.,
  .F.,.F.,(2,2),(-27.,-18.5),.PIECEWISE_BEZIER_KNOTS.);
#12438 = CARTESIAN_POINT('',(118.11700058563,45.5));
#12439 = CARTESIAN_POINT('',(118.11700058563,37.));
#12440 = ( GEOMETRIC_REPRESENTATION_CONTEXT(2) 
PARAMETRIC_REPRESENTATION_CONTEXT() REPRESENTATION_CONTEXT('2D SPACE',''
  ) );
#12441 = PCURVE('',#12442,#12447);
#12442 = PLANE('',#12443);
#12443 = AXIS2_PLACEMENT_3D('',#12444,#12445,#12446);
#12444 = CARTESIAN_POINT('',(37.,25.,10.));
#12445 = DIRECTION('',(0.,1.,0.));
#12446 = DIRECTION('',(0.,0.,1.));
#12447 = DEFINITIONAL_REPRESENTATION('',(#12448),#12451);
#12448 = B_SPLINE_CURVE_WITH_KNOTS('',1,(#12449,#12450),.UNSPECIFIED.,
  .F.,.F.,(2,2),(-27.,-18.5),.PIECEWISE_BEZIER_KNOTS.);
#12449 = CARTESIAN_POINT('',(7.612038749637,8.5));
#12450 = CARTESIAN_POINT('',(7.612038749637,0.));
#12451 = ( GEOMETRIC_REPRESENTATION_CONTEXT(2) 
PARAMETRIC_REPRESENTATION_CONTEXT() REPRESENTATION_CONTEXT('2D SPACE',''
  ) );
#12452 = ORIENTED_EDGE('',*,*,#12453,.T.);
#12453 = EDGE_CURVE('',#12428,#12454,#12456,.T.);
#12454 = VERTEX_POINT('',#12455);
#12455 = CARTESIAN_POINT('',(37.,39.,19.612038749637));
#12456 = SURFACE_CURVE('',#12457,(#12461,#12467),.PCURVE_S1.);
#12457 = LINE('',#12458,#12459);
#12458 = CARTESIAN_POINT('',(37.,82.932089748788,25.888051570893));
#12459 = VECTOR('',#12460,1.);
#12460 = DIRECTION('',(-0.,0.989949493661,0.141421356237));
#12461 = PCURVE('',#5892,#12462);
#12462 = DEFINITIONAL_REPRESENTATION('',(#12463),#12466);
#12463 = B_SPLINE_CURVE_WITH_KNOTS('',1,(#12464,#12465),.UNSPECIFIED.,
  .F.,.F.,(2,2),(-58.52024787096,-44.37811224723),
  .PIECEWISE_BEZIER_KNOTS.);
#12464 = CARTESIAN_POINT('',(118.11700058563,37.));
#12465 = CARTESIAN_POINT('',(103.9748649619,37.));
#12466 = ( GEOMETRIC_REPRESENTATION_CONTEXT(2) 
PARAMETRIC_REPRESENTATION_CONTEXT() REPRESENTATION_CONTEXT('2D SPACE',''
  ) );
#12467 = PCURVE('',#12468,#12473);
#12468 = PLANE('',#12469);
#12469 = AXIS2_PLACEMENT_3D('',#12470,#12471,#12472);
#12470 = CARTESIAN_POINT('',(37.,25.,10.));
#12471 = DIRECTION('',(1.,0.,0.));
#12472 = DIRECTION('',(0.,0.,1.));
#12473 = DEFINITIONAL_REPRESENTATION('',(#12474),#12477);
#12474 = B_SPLINE_CURVE_WITH_KNOTS('',1,(#12475,#12476),.UNSPECIFIED.,
  .F.,.F.,(2,2),(-58.52024787096,-44.37811224723),
  .PIECEWISE_BEZIER_KNOTS.);
#12475 = CARTESIAN_POINT('',(7.612038749637,1.42108547152E-14));
#12476 = CARTESIAN_POINT('',(9.612038749637,-14.));
#12477 = ( GEOMETRIC_REPRESENTATION_CONTEXT(2) 
PARAMETRIC_REPRESENTATION_CONTEXT() REPRESENTATION_CONTEXT('2D SPACE',''
  ) );
#12478 = ORIENTED_EDGE('',*,*,#12479,.F.);
#12479 = EDGE_CURVE('',#12480,#12454,#12482,.T.);
#12480 = VERTEX_POINT('',#12481);
#12481 = CARTESIAN_POINT('',(45.5,39.,19.612038749637));
#12482 = SURFACE_CURVE('',#12483,(#12487,#12493),.PCURVE_S1.);
#12483 = LINE('',#12484,#12485);
#12484 = CARTESIAN_POINT('',(18.5,39.,19.612038749637));
#12485 = VECTOR('',#12486,1.);
#12486 = DIRECTION('',(-1.,0.,0.));
#12487 = PCURVE('',#5892,#12488);
#12488 = DEFINITIONAL_REPRESENTATION('',(#12489),#12492);
#12489 = B_SPLINE_CURVE_WITH_KNOTS('',1,(#12490,#12491),.UNSPECIFIED.,
  .F.,.F.,(2,2),(-27.,-18.5),.PIECEWISE_BEZIER_KNOTS.);
#12490 = CARTESIAN_POINT('',(103.9748649619,45.5));
#12491 = CARTESIAN_POINT('',(103.9748649619,37.));
#12492 = ( GEOMETRIC_REPRESENTATION_CONTEXT(2) 
PARAMETRIC_REPRESENTATION_CONTEXT() REPRESENTATION_CONTEXT('2D SPACE',''
  ) );
#12493 = PCURVE('',#12494,#12499);
#12494 = PLANE('',#12495);
#12495 = AXIS2_PLACEMENT_3D('',#12496,#12497,#12498);
#12496 = CARTESIAN_POINT('',(37.,39.,10.));
#12497 = DIRECTION('',(0.,1.,0.));
#12498 = DIRECTION('',(0.,0.,1.));
#12499 = DEFINITIONAL_REPRESENTATION('',(#12500),#12503);
#12500 = B_SPLINE_CURVE_WITH_KNOTS('',1,(#12501,#12502),.UNSPECIFIED.,
  .F.,.F.,(2,2),(-27.,-18.5),.PIECEWISE_BEZIER_KNOTS.);
#12501 = CARTESIAN_POINT('',(9.612038749637,8.5));
#12502 = CARTESIAN_POINT('',(9.612038749637,0.));
#12503 = ( GEOMETRIC_REPRESENTATION_CONTEXT(2) 
PARAMETRIC_REPRESENTATION_CONTEXT() REPRESENTATION_CONTEXT('2D SPACE',''
  ) );
#12504 = ORIENTED_EDGE('',*,*,#12505,.F.);
#12505 = EDGE_CURVE('',#12426,#12480,#12506,.T.);
#12506 = SURFACE_CURVE('',#12507,(#12511,#12517),.PCURVE_S1.);
#12507 = LINE('',#12508,#12509);
#12508 = CARTESIAN_POINT('',(45.5,82.932089748788,25.888051570893));
#12509 = VECTOR('',#12510,1.);
#12510 = DIRECTION('',(-0.,0.989949493661,0.141421356237));
#12511 = PCURVE('',#5892,#12512);
#12512 = DEFINITIONAL_REPRESENTATION('',(#12513),#12516);
#12513 = B_SPLINE_CURVE_WITH_KNOTS('',1,(#12514,#12515),.UNSPECIFIED.,
  .F.,.F.,(2,2),(-58.52024787096,-44.37811224723),
  .PIECEWISE_BEZIER_KNOTS.);
#12514 = CARTESIAN_POINT('',(118.11700058563,45.5));
#12515 = CARTESIAN_POINT('',(103.9748649619,45.5));
#12516 = ( GEOMETRIC_REPRESENTATION_CONTEXT(2) 
PARAMETRIC_REPRESENTATION_CONTEXT() REPRESENTATION_CONTEXT('2D SPACE',''
  ) );
#12517 = PCURVE('',#12518,#12523);
#12518 = PLANE('',#12519);
#12519 = AXIS2_PLACEMENT_3D('',#12520,#12521,#12522);
#12520 = CARTESIAN_POINT('',(45.5,25.,10.));
#12521 = DIRECTION('',(1.,0.,0.));
#12522 = DIRECTION('',(0.,0.,1.));
#12523 = DEFINITIONAL_REPRESENTATION('',(#12524),#12527);
#12524 = B_SPLINE_CURVE_WITH_KNOTS('',1,(#12525,#12526),.UNSPECIFIED.,
  .F.,.F.,(2,2),(-58.52024787096,-44.37811224723),
  .PIECEWISE_BEZIER_KNOTS.);
#12525 = CARTESIAN_POINT('',(7.612038749637,1.42108547152E-14));
#12526 = CARTESIAN_POINT('',(9.612038749637,-14.));
#12527 = ( GEOMETRIC_REPRESENTATION_CONTEXT(2) 
PARAMETRIC_REPRESENTATION_CONTEXT() REPRESENTATION_CONTEXT('2D SPACE',''
  ) );
#12528 = ADVANCED_FACE('',(#12529),#6445,.T.);
#12529 = FACE_BOUND('',#12530,.T.);
#12530 = EDGE_LOOP('',(#12531,#12532,#12533,#12563,#12586));
#12531 = ORIENTED_EDGE('',*,*,#6427,.F.);
#12532 = ORIENTED_EDGE('',*,*,#6817,.T.);
#12533 = ORIENTED_EDGE('',*,*,#12534,.T.);
#12534 = EDGE_CURVE('',#6818,#12535,#12537,.T.);
#12535 = VERTEX_POINT('',#12536);
#12536 = CARTESIAN_POINT('',(-39.5,-44.47224398494,11.222966372006));
#12537 = SURFACE_CURVE('',#12538,(#12543,#12550),.PCURVE_S1.);
#12538 = ELLIPSE('',#12539,5.032813584593,5.);
#12539 = AXIS2_PLACEMENT_3D('',#12540,#12541,#12542);
#12540 = CARTESIAN_POINT('',(-42.,-48.78698282342,10.606575109366));
#12541 = DIRECTION('',(0.,-0.141421356237,0.989949493661));
#12542 = DIRECTION('',(0.,-0.989949493661,-0.141421356237));
#12543 = PCURVE('',#6445,#12544);
#12544 = DEFINITIONAL_REPRESENTATION('',(#12545),#12549);
#12545 = ELLIPSE('',#12546,5.032813584593,5.);
#12546 = AXIS2_PLACEMENT_2D('',#12547,#12548);
#12547 = CARTESIAN_POINT('',(-37.45,-32.71086626868));
#12548 = DIRECTION('',(0.,-1.));
#12549 = ( GEOMETRIC_REPRESENTATION_CONTEXT(2) 
PARAMETRIC_REPRESENTATION_CONTEXT() REPRESENTATION_CONTEXT('2D SPACE',''
  ) );
#12550 = PCURVE('',#7020,#12551);
#12551 = DEFINITIONAL_REPRESENTATION('',(#12552),#12562);
#12552 = B_SPLINE_CURVE_WITH_KNOTS('',8,(#12553,#12554,#12555,#12556,
    #12557,#12558,#12559,#12560,#12561),.UNSPECIFIED.,.F.,.F.,(9,9),(
    1.257909379668,3.14159265359),.PIECEWISE_BEZIER_KNOTS.);
#12553 = CARTESIAN_POINT('',(5.970298360053,70.38887718181));
#12554 = CARTESIAN_POINT('',(6.205758769293,70.26033621007));
#12555 = CARTESIAN_POINT('',(6.441219178533,70.120604725031));
#12556 = CARTESIAN_POINT('',(6.676679587772,69.98054359763));
#12557 = CARTESIAN_POINT('',(6.912139997013,69.852329622256));
#12558 = CARTESIAN_POINT('',(7.147600406253,69.747560905525));
#12559 = CARTESIAN_POINT('',(7.383060815494,69.674851581076));
#12560 = CARTESIAN_POINT('',(7.618521224734,69.638496289493));
#12561 = CARTESIAN_POINT('',(7.853981633974,69.638496289493));
#12562 = ( GEOMETRIC_REPRESENTATION_CONTEXT(2) 
PARAMETRIC_REPRESENTATION_CONTEXT() REPRESENTATION_CONTEXT('2D SPACE',''
  ) );
#12563 = ORIENTED_EDGE('',*,*,#12564,.T.);
#12564 = EDGE_CURVE('',#12535,#12565,#12567,.T.);
#12565 = VERTEX_POINT('',#12566);
#12566 = CARTESIAN_POINT('',(-39.5,-39.71818789924,11.902117241392));
#12567 = SURFACE_CURVE('',#12568,(#12572,#12579),.PCURVE_S1.);
#12568 = LINE('',#12569,#12570);
#12569 = CARTESIAN_POINT('',(-39.5,-42.1930616334,11.548563850799));
#12570 = VECTOR('',#12571,1.);
#12571 = DIRECTION('',(0.,0.989949493661,0.141421356237));
#12572 = PCURVE('',#6445,#12573);
#12573 = DEFINITIONAL_REPRESENTATION('',(#12574),#12578);
#12574 = LINE('',#12575,#12576);
#12575 = CARTESIAN_POINT('',(-34.95,-26.05));
#12576 = VECTOR('',#12577,1.);
#12577 = DIRECTION('',(0.,1.));
#12578 = ( GEOMETRIC_REPRESENTATION_CONTEXT(2) 
PARAMETRIC_REPRESENTATION_CONTEXT() REPRESENTATION_CONTEXT('2D SPACE',''
  ) );
#12579 = PCURVE('',#11715,#12580);
#12580 = DEFINITIONAL_REPRESENTATION('',(#12581),#12585);
#12581 = LINE('',#12582,#12583);
#12582 = CARTESIAN_POINT('',(2.5,-3.5));
#12583 = VECTOR('',#12584,1.);
#12584 = DIRECTION('',(1.,0.));
#12585 = ( GEOMETRIC_REPRESENTATION_CONTEXT(2) 
PARAMETRIC_REPRESENTATION_CONTEXT() REPRESENTATION_CONTEXT('2D SPACE',''
  ) );
#12586 = ORIENTED_EDGE('',*,*,#12587,.F.);
#12587 = EDGE_CURVE('',#6430,#12565,#12588,.T.);
#12588 = SURFACE_CURVE('',#12589,(#12593,#12600),.PCURVE_S1.);
#12589 = LINE('',#12590,#12591);
#12590 = CARTESIAN_POINT('',(-42.,-39.71818789924,11.902117241392));
#12591 = VECTOR('',#12592,1.);
#12592 = DIRECTION('',(1.,0.,0.));
#12593 = PCURVE('',#6445,#12594);
#12594 = DEFINITIONAL_REPRESENTATION('',(#12595),#12599);
#12595 = LINE('',#12596,#12597);
#12596 = CARTESIAN_POINT('',(-37.45,-23.55));
#12597 = VECTOR('',#12598,1.);
#12598 = DIRECTION('',(1.,0.));
#12599 = ( GEOMETRIC_REPRESENTATION_CONTEXT(2) 
PARAMETRIC_REPRESENTATION_CONTEXT() REPRESENTATION_CONTEXT('2D SPACE',''
  ) );
#12600 = PCURVE('',#6597,#12601);
#12601 = DEFINITIONAL_REPRESENTATION('',(#12602),#12606);
#12602 = LINE('',#12603,#12604);
#12603 = CARTESIAN_POINT('',(2.5,-3.5));
#12604 = VECTOR('',#12605,1.);
#12605 = DIRECTION('',(1.,0.));
#12606 = ( GEOMETRIC_REPRESENTATION_CONTEXT(2) 
PARAMETRIC_REPRESENTATION_CONTEXT() REPRESENTATION_CONTEXT('2D SPACE',''
  ) );
#12607 = ADVANCED_FACE('',(#12608),#6520,.T.);
#12608 = FACE_BOUND('',#12609,.T.);
#12609 = EDGE_LOOP('',(#12610,#12611,#12634,#12655));
#12610 = ORIENTED_EDGE('',*,*,#6504,.F.);
#12611 = ORIENTED_EDGE('',*,*,#12612,.T.);
#12612 = EDGE_CURVE('',#6505,#12613,#12615,.T.);
#12613 = VERTEX_POINT('',#12614);
#12614 = CARTESIAN_POINT('',(-39.5,6.908433252193,18.563063120169));
#12615 = SURFACE_CURVE('',#12616,(#12620,#12627),.PCURVE_S1.);
#12616 = LINE('',#12617,#12618);
#12617 = CARTESIAN_POINT('',(-42.,6.908433252193,18.563063120169));
#12618 = VECTOR('',#12619,1.);
#12619 = DIRECTION('',(1.,0.,0.));
#12620 = PCURVE('',#6520,#12621);
#12621 = DEFINITIONAL_REPRESENTATION('',(#12622),#12626);
#12622 = LINE('',#12623,#12624);
#12623 = CARTESIAN_POINT('',(0.,-2.5));
#12624 = VECTOR('',#12625,1.);
#12625 = DIRECTION('',(1.,0.));
#12626 = ( GEOMETRIC_REPRESENTATION_CONTEXT(2) 
PARAMETRIC_REPRESENTATION_CONTEXT() REPRESENTATION_CONTEXT('2D SPACE',''
  ) );
#12627 = PCURVE('',#6548,#12628);
#12628 = DEFINITIONAL_REPRESENTATION('',(#12629),#12633);
#12629 = LINE('',#12630,#12631);
#12630 = CARTESIAN_POINT('',(2.5,-3.5));
#12631 = VECTOR('',#12632,1.);
#12632 = DIRECTION('',(1.,0.));
#12633 = ( GEOMETRIC_REPRESENTATION_CONTEXT(2) 
PARAMETRIC_REPRESENTATION_CONTEXT() REPRESENTATION_CONTEXT('2D SPACE',''
  ) );
#12634 = ORIENTED_EDGE('',*,*,#12635,.T.);
#12635 = EDGE_CURVE('',#12613,#6638,#12636,.T.);
#12636 = SURFACE_CURVE('',#12637,(#12641,#12648),.PCURVE_S1.);
#12637 = LINE('',#12638,#12639);
#12638 = CARTESIAN_POINT('',(-39.5,9.383306986345,18.916616510762));
#12639 = VECTOR('',#12640,1.);
#12640 = DIRECTION('',(0.,0.989949493661,0.141421356237));
#12641 = PCURVE('',#6520,#12642);
#12642 = DEFINITIONAL_REPRESENTATION('',(#12643),#12647);
#12643 = LINE('',#12644,#12645);
#12644 = CARTESIAN_POINT('',(2.5,0.));
#12645 = VECTOR('',#12646,1.);
#12646 = DIRECTION('',(0.,1.));
#12647 = ( GEOMETRIC_REPRESENTATION_CONTEXT(2) 
PARAMETRIC_REPRESENTATION_CONTEXT() REPRESENTATION_CONTEXT('2D SPACE',''
  ) );
#12648 = PCURVE('',#6653,#12649);
#12649 = DEFINITIONAL_REPRESENTATION('',(#12650),#12654);
#12650 = LINE('',#12651,#12652);
#12651 = CARTESIAN_POINT('',(2.5,-3.5));
#12652 = VECTOR('',#12653,1.);
#12653 = DIRECTION('',(1.,0.));
#12654 = ( GEOMETRIC_REPRESENTATION_CONTEXT(2) 
PARAMETRIC_REPRESENTATION_CONTEXT() REPRESENTATION_CONTEXT('2D SPACE',''
  ) );
#12655 = ORIENTED_EDGE('',*,*,#6665,.F.);
#12656 = ADVANCED_FACE('',(#12657),#6548,.F.);
#12657 = FACE_BOUND('',#12658,.F.);
#12658 = EDGE_LOOP('',(#12659,#12660,#12661,#12682));
#12659 = ORIENTED_EDGE('',*,*,#6532,.T.);
#12660 = ORIENTED_EDGE('',*,*,#12612,.T.);
#12661 = ORIENTED_EDGE('',*,*,#12662,.F.);
#12662 = EDGE_CURVE('',#11632,#12613,#12663,.T.);
#12663 = SURFACE_CURVE('',#12664,(#12668,#12675),.PCURVE_S1.);
#12664 = LINE('',#12665,#12666);
#12665 = CARTESIAN_POINT('',(-39.5,7.403407999023,15.098239892355));
#12666 = VECTOR('',#12667,1.);
#12667 = DIRECTION('',(0.,-0.141421356237,0.989949493661));
#12668 = PCURVE('',#6548,#12669);
#12669 = DEFINITIONAL_REPRESENTATION('',(#12670),#12674);
#12670 = LINE('',#12671,#12672);
#12671 = CARTESIAN_POINT('',(5.,0.));
#12672 = VECTOR('',#12673,1.);
#12673 = DIRECTION('',(0.,-1.));
#12674 = ( GEOMETRIC_REPRESENTATION_CONTEXT(2) 
PARAMETRIC_REPRESENTATION_CONTEXT() REPRESENTATION_CONTEXT('2D SPACE',''
  ) );
#12675 = PCURVE('',#6653,#12676);
#12676 = DEFINITIONAL_REPRESENTATION('',(#12677),#12681);
#12677 = LINE('',#12678,#12679);
#12678 = CARTESIAN_POINT('',(0.,0.));
#12679 = VECTOR('',#12680,1.);
#12680 = DIRECTION('',(0.,-1.));
#12681 = ( GEOMETRIC_REPRESENTATION_CONTEXT(2) 
PARAMETRIC_REPRESENTATION_CONTEXT() REPRESENTATION_CONTEXT('2D SPACE',''
  ) );
#12682 = ORIENTED_EDGE('',*,*,#11654,.F.);
#12683 = ADVANCED_FACE('',(#12684),#6597,.T.);
#12684 = FACE_BOUND('',#12685,.T.);
#12685 = EDGE_LOOP('',(#12686,#12687,#12688,#12709));
#12686 = ORIENTED_EDGE('',*,*,#6583,.T.);
#12687 = ORIENTED_EDGE('',*,*,#12587,.T.);
#12688 = ORIENTED_EDGE('',*,*,#12689,.F.);
#12689 = EDGE_CURVE('',#11677,#12565,#12690,.T.);
#12690 = SURFACE_CURVE('',#12691,(#12695,#12702),.PCURVE_S1.);
#12691 = LINE('',#12692,#12693);
#12692 = CARTESIAN_POINT('',(-39.5,-39.22321315241,8.437294013578));
#12693 = VECTOR('',#12694,1.);
#12694 = DIRECTION('',(0.,-0.141421356237,0.989949493661));
#12695 = PCURVE('',#6597,#12696);
#12696 = DEFINITIONAL_REPRESENTATION('',(#12697),#12701);
#12697 = LINE('',#12698,#12699);
#12698 = CARTESIAN_POINT('',(5.,0.));
#12699 = VECTOR('',#12700,1.);
#12700 = DIRECTION('',(0.,-1.));
#12701 = ( GEOMETRIC_REPRESENTATION_CONTEXT(2) 
PARAMETRIC_REPRESENTATION_CONTEXT() REPRESENTATION_CONTEXT('2D SPACE',''
  ) );
#12702 = PCURVE('',#11715,#12703);
#12703 = DEFINITIONAL_REPRESENTATION('',(#12704),#12708);
#12704 = LINE('',#12705,#12706);
#12705 = CARTESIAN_POINT('',(5.,2.22044604925E-16));
#12706 = VECTOR('',#12707,1.);
#12707 = DIRECTION('',(0.,-1.));
#12708 = ( GEOMETRIC_REPRESENTATION_CONTEXT(2) 
PARAMETRIC_REPRESENTATION_CONTEXT() REPRESENTATION_CONTEXT('2D SPACE',''
  ) );
#12709 = ORIENTED_EDGE('',*,*,#11676,.F.);
#12710 = ADVANCED_FACE('',(#12711),#6653,.F.);
#12711 = FACE_BOUND('',#12712,.F.);
#12712 = EDGE_LOOP('',(#12713,#12714,#12715,#12716));
#12713 = ORIENTED_EDGE('',*,*,#12662,.T.);
#12714 = ORIENTED_EDGE('',*,*,#12635,.T.);
#12715 = ORIENTED_EDGE('',*,*,#6637,.F.);
#12716 = ORIENTED_EDGE('',*,*,#11631,.F.);
#12717 = ADVANCED_FACE('',(#12718),#6886,.T.);
#12718 = FACE_BOUND('',#12719,.T.);
#12719 = EDGE_LOOP('',(#12720,#12721,#12744,#12767,#12789,#12810));
#12720 = ORIENTED_EDGE('',*,*,#7127,.F.);
#12721 = ORIENTED_EDGE('',*,*,#12722,.T.);
#12722 = EDGE_CURVE('',#7096,#12723,#12725,.T.);
#12723 = VERTEX_POINT('',#12724);
#12724 = CARTESIAN_POINT('',(36.9,-46.37913377802,12.566797615707));
#12725 = SURFACE_CURVE('',#12726,(#12730,#12737),.PCURVE_S1.);
#12726 = LINE('',#12727,#12728);
#12727 = CARTESIAN_POINT('',(-4.55,-46.37913377802,12.566797615707));
#12728 = VECTOR('',#12729,1.);
#12729 = DIRECTION('',(1.,0.,0.));
#12730 = PCURVE('',#6886,#12731);
#12731 = DEFINITIONAL_REPRESENTATION('',(#12732),#12736);
#12732 = LINE('',#12733,#12734);
#12733 = CARTESIAN_POINT('',(0.,-30.05));
#12734 = VECTOR('',#12735,1.);
#12735 = DIRECTION('',(1.,0.));
#12736 = ( GEOMETRIC_REPRESENTATION_CONTEXT(2) 
PARAMETRIC_REPRESENTATION_CONTEXT() REPRESENTATION_CONTEXT('2D SPACE',''
  ) );
#12737 = PCURVE('',#7115,#12738);
#12738 = DEFINITIONAL_REPRESENTATION('',(#12739),#12743);
#12739 = LINE('',#12740,#12741);
#12740 = CARTESIAN_POINT('',(41.45,-5.1));
#12741 = VECTOR('',#12742,1.);
#12742 = DIRECTION('',(1.,0.));
#12743 = ( GEOMETRIC_REPRESENTATION_CONTEXT(2) 
PARAMETRIC_REPRESENTATION_CONTEXT() REPRESENTATION_CONTEXT('2D SPACE',''
  ) );
#12744 = ORIENTED_EDGE('',*,*,#12745,.T.);
#12745 = EDGE_CURVE('',#12723,#12746,#12748,.T.);
#12746 = VERTEX_POINT('',#12747);
#12747 = CARTESIAN_POINT('',(36.9,-8.216580797388,18.018590898655));
#12748 = SURFACE_CURVE('',#12749,(#12753,#12760),.PCURVE_S1.);
#12749 = LINE('',#12750,#12751);
#12750 = CARTESIAN_POINT('',(36.9,-16.6311514935,16.816509370638));
#12751 = VECTOR('',#12752,1.);
#12752 = DIRECTION('',(0.,0.989949493661,0.141421356237));
#12753 = PCURVE('',#6886,#12754);
#12754 = DEFINITIONAL_REPRESENTATION('',(#12755),#12759);
#12755 = LINE('',#12756,#12757);
#12756 = CARTESIAN_POINT('',(41.45,0.));
#12757 = VECTOR('',#12758,1.);
#12758 = DIRECTION('',(0.,1.));
#12759 = ( GEOMETRIC_REPRESENTATION_CONTEXT(2) 
PARAMETRIC_REPRESENTATION_CONTEXT() REPRESENTATION_CONTEXT('2D SPACE',''
  ) );
#12760 = PCURVE('',#11878,#12761);
#12761 = DEFINITIONAL_REPRESENTATION('',(#12762),#12766);
#12762 = LINE('',#12763,#12764);
#12763 = CARTESIAN_POINT('',(30.05,-5.1));
#12764 = VECTOR('',#12765,1.);
#12765 = DIRECTION('',(1.,0.));
#12766 = ( GEOMETRIC_REPRESENTATION_CONTEXT(2) 
PARAMETRIC_REPRESENTATION_CONTEXT() REPRESENTATION_CONTEXT('2D SPACE',''
  ) );
#12767 = ORIENTED_EDGE('',*,*,#12768,.T.);
#12768 = EDGE_CURVE('',#12746,#12769,#12771,.T.);
#12769 = VERTEX_POINT('',#12770);
#12770 = CARTESIAN_POINT('',(35.4,-8.216580797388,18.018590898655));
#12771 = SURFACE_CURVE('',#12772,(#12776,#12783),.PCURVE_S1.);
#12772 = LINE('',#12773,#12774);
#12773 = CARTESIAN_POINT('',(-0.775,-8.216580797388,18.018590898655));
#12774 = VECTOR('',#12775,1.);
#12775 = DIRECTION('',(-1.,-0.,0.));
#12776 = PCURVE('',#6886,#12777);
#12777 = DEFINITIONAL_REPRESENTATION('',(#12778),#12782);
#12778 = LINE('',#12779,#12780);
#12779 = CARTESIAN_POINT('',(3.775,8.5));
#12780 = VECTOR('',#12781,1.);
#12781 = DIRECTION('',(-1.,0.));
#12782 = ( GEOMETRIC_REPRESENTATION_CONTEXT(2) 
PARAMETRIC_REPRESENTATION_CONTEXT() REPRESENTATION_CONTEXT('2D SPACE',''
  ) );
#12783 = PCURVE('',#11851,#12784);
#12784 = DEFINITIONAL_REPRESENTATION('',(#12785),#12788);
#12785 = B_SPLINE_CURVE_WITH_KNOTS('',1,(#12786,#12787),.UNSPECIFIED.,
  .F.,.F.,(2,2),(-37.675,-3.775),.PIECEWISE_BEZIER_KNOTS.);
#12786 = CARTESIAN_POINT('',(33.9,-7.1));
#12787 = CARTESIAN_POINT('',(0.,-7.1));
#12788 = ( GEOMETRIC_REPRESENTATION_CONTEXT(2) 
PARAMETRIC_REPRESENTATION_CONTEXT() REPRESENTATION_CONTEXT('2D SPACE',''
  ) );
#12789 = ORIENTED_EDGE('',*,*,#12790,.F.);
#12790 = EDGE_CURVE('',#6871,#12769,#12791,.T.);
#12791 = SURFACE_CURVE('',#12792,(#12796,#12803),.PCURVE_S1.);
#12792 = LINE('',#12793,#12794);
#12793 = CARTESIAN_POINT('',(35.4,-16.6311514935,16.816509370638));
#12794 = VECTOR('',#12795,1.);
#12795 = DIRECTION('',(0.,0.989949493661,0.141421356237));
#12796 = PCURVE('',#6886,#12797);
#12797 = DEFINITIONAL_REPRESENTATION('',(#12798),#12802);
#12798 = LINE('',#12799,#12800);
#12799 = CARTESIAN_POINT('',(39.95,0.));
#12800 = VECTOR('',#12801,1.);
#12801 = DIRECTION('',(0.,1.));
#12802 = ( GEOMETRIC_REPRESENTATION_CONTEXT(2) 
PARAMETRIC_REPRESENTATION_CONTEXT() REPRESENTATION_CONTEXT('2D SPACE',''
  ) );
#12803 = PCURVE('',#6914,#12804);
#12804 = DEFINITIONAL_REPRESENTATION('',(#12805),#12809);
#12805 = LINE('',#12806,#12807);
#12806 = CARTESIAN_POINT('',(28.55,-5.1));
#12807 = VECTOR('',#12808,1.);
#12808 = DIRECTION('',(1.,0.));
#12809 = ( GEOMETRIC_REPRESENTATION_CONTEXT(2) 
PARAMETRIC_REPRESENTATION_CONTEXT() REPRESENTATION_CONTEXT('2D SPACE',''
  ) );
#12810 = ORIENTED_EDGE('',*,*,#6870,.F.);
#12811 = ADVANCED_FACE('',(#12812),#6914,.T.);
#12812 = FACE_BOUND('',#12813,.T.);
#12813 = EDGE_LOOP('',(#12814,#12815,#12838,#12859,#12860,#12861));
#12814 = ORIENTED_EDGE('',*,*,#11812,.F.);
#12815 = ORIENTED_EDGE('',*,*,#12816,.T.);
#12816 = EDGE_CURVE('',#11785,#12817,#12819,.T.);
#12817 = VERTEX_POINT('',#12818);
#12818 = CARTESIAN_POINT('',(35.4,-39.71818789924,11.902117241392));
#12819 = SURFACE_CURVE('',#12820,(#12824,#12831),.PCURVE_S1.);
#12820 = LINE('',#12821,#12822);
#12821 = CARTESIAN_POINT('',(35.4,-39.22321315241,8.437294013578));
#12822 = VECTOR('',#12823,1.);
#12823 = DIRECTION('',(0.,-0.141421356237,0.989949493661));
#12824 = PCURVE('',#6914,#12825);
#12825 = DEFINITIONAL_REPRESENTATION('',(#12826),#12830);
#12826 = LINE('',#12827,#12828);
#12827 = CARTESIAN_POINT('',(5.,1.221245327088E-15));
#12828 = VECTOR('',#12829,1.);
#12829 = DIRECTION('',(0.,-1.));
#12830 = ( GEOMETRIC_REPRESENTATION_CONTEXT(2) 
PARAMETRIC_REPRESENTATION_CONTEXT() REPRESENTATION_CONTEXT('2D SPACE',''
  ) );
#12831 = PCURVE('',#11800,#12832);
#12832 = DEFINITIONAL_REPRESENTATION('',(#12833),#12837);
#12833 = LINE('',#12834,#12835);
#12834 = CARTESIAN_POINT('',(5.,0.));
#12835 = VECTOR('',#12836,1.);
#12836 = DIRECTION('',(0.,-1.));
#12837 = ( GEOMETRIC_REPRESENTATION_CONTEXT(2) 
PARAMETRIC_REPRESENTATION_CONTEXT() REPRESENTATION_CONTEXT('2D SPACE',''
  ) );
#12838 = ORIENTED_EDGE('',*,*,#12839,.F.);
#12839 = EDGE_CURVE('',#6899,#12817,#12840,.T.);
#12840 = SURFACE_CURVE('',#12841,(#12845,#12852),.PCURVE_S1.);
#12841 = LINE('',#12842,#12843);
#12842 = CARTESIAN_POINT('',(35.4,-42.1930616334,11.548563850799));
#12843 = VECTOR('',#12844,1.);
#12844 = DIRECTION('',(0.,0.989949493661,0.141421356237));
#12845 = PCURVE('',#6914,#12846);
#12846 = DEFINITIONAL_REPRESENTATION('',(#12847),#12851);
#12847 = LINE('',#12848,#12849);
#12848 = CARTESIAN_POINT('',(2.5,-3.5));
#12849 = VECTOR('',#12850,1.);
#12850 = DIRECTION('',(1.,0.));
#12851 = ( GEOMETRIC_REPRESENTATION_CONTEXT(2) 
PARAMETRIC_REPRESENTATION_CONTEXT() REPRESENTATION_CONTEXT('2D SPACE',''
  ) );
#12852 = PCURVE('',#6942,#12853);
#12853 = DEFINITIONAL_REPRESENTATION('',(#12854),#12858);
#12854 = LINE('',#12855,#12856);
#12855 = CARTESIAN_POINT('',(2.5,0.));
#12856 = VECTOR('',#12857,1.);
#12857 = DIRECTION('',(0.,1.));
#12858 = ( GEOMETRIC_REPRESENTATION_CONTEXT(2) 
PARAMETRIC_REPRESENTATION_CONTEXT() REPRESENTATION_CONTEXT('2D SPACE',''
  ) );
#12859 = ORIENTED_EDGE('',*,*,#6898,.T.);
#12860 = ORIENTED_EDGE('',*,*,#12790,.T.);
#12861 = ORIENTED_EDGE('',*,*,#12862,.F.);
#12862 = EDGE_CURVE('',#11813,#12769,#12863,.T.);
#12863 = SURFACE_CURVE('',#12864,(#12868,#12875),.PCURVE_S1.);
#12864 = LINE('',#12865,#12866);
#12865 = CARTESIAN_POINT('',(35.4,-7.495331880577,12.969848480983));
#12866 = VECTOR('',#12867,1.);
#12867 = DIRECTION('',(0.,-0.141421356237,0.989949493661));
#12868 = PCURVE('',#6914,#12869);
#12869 = DEFINITIONAL_REPRESENTATION('',(#12870),#12874);
#12870 = LINE('',#12871,#12872);
#12871 = CARTESIAN_POINT('',(37.05,1.7763568394E-15));
#12872 = VECTOR('',#12873,1.);
#12873 = DIRECTION('',(1.110223024625E-16,-1.));
#12874 = ( GEOMETRIC_REPRESENTATION_CONTEXT(2) 
PARAMETRIC_REPRESENTATION_CONTEXT() REPRESENTATION_CONTEXT('2D SPACE',''
  ) );
#12875 = PCURVE('',#11851,#12876);
#12876 = DEFINITIONAL_REPRESENTATION('',(#12877),#12881);
#12877 = LINE('',#12878,#12879);
#12878 = CARTESIAN_POINT('',(32.4,-2.));
#12879 = VECTOR('',#12880,1.);
#12880 = DIRECTION('',(0.,-1.));
#12881 = ( GEOMETRIC_REPRESENTATION_CONTEXT(2) 
PARAMETRIC_REPRESENTATION_CONTEXT() REPRESENTATION_CONTEXT('2D SPACE',''
  ) );
#12882 = ADVANCED_FACE('',(#12883),#6942,.T.);
#12883 = FACE_BOUND('',#12884,.T.);
#12884 = EDGE_LOOP('',(#12885,#12908,#12909,#12910));
#12885 = ORIENTED_EDGE('',*,*,#12886,.F.);
#12886 = EDGE_CURVE('',#6927,#12887,#12889,.T.);
#12887 = VERTEX_POINT('',#12888);
#12888 = CARTESIAN_POINT('',(30.4,-39.71818789924,11.902117241392));
#12889 = SURFACE_CURVE('',#12890,(#12894,#12901),.PCURVE_S1.);
#12890 = LINE('',#12891,#12892);
#12891 = CARTESIAN_POINT('',(30.4,-42.1930616334,11.548563850799));
#12892 = VECTOR('',#12893,1.);
#12893 = DIRECTION('',(0.,0.989949493661,0.141421356237));
#12894 = PCURVE('',#6942,#12895);
#12895 = DEFINITIONAL_REPRESENTATION('',(#12896),#12900);
#12896 = LINE('',#12897,#12898);
#12897 = CARTESIAN_POINT('',(-2.5,0.));
#12898 = VECTOR('',#12899,1.);
#12899 = DIRECTION('',(0.,1.));
#12900 = ( GEOMETRIC_REPRESENTATION_CONTEXT(2) 
PARAMETRIC_REPRESENTATION_CONTEXT() REPRESENTATION_CONTEXT('2D SPACE',''
  ) );
#12901 = PCURVE('',#6970,#12902);
#12902 = DEFINITIONAL_REPRESENTATION('',(#12903),#12907);
#12903 = LINE('',#12904,#12905);
#12904 = CARTESIAN_POINT('',(2.5,-3.5));
#12905 = VECTOR('',#12906,1.);
#12906 = DIRECTION('',(1.,0.));
#12907 = ( GEOMETRIC_REPRESENTATION_CONTEXT(2) 
PARAMETRIC_REPRESENTATION_CONTEXT() REPRESENTATION_CONTEXT('2D SPACE',''
  ) );
#12908 = ORIENTED_EDGE('',*,*,#6926,.T.);
#12909 = ORIENTED_EDGE('',*,*,#12839,.T.);
#12910 = ORIENTED_EDGE('',*,*,#12911,.F.);
#12911 = EDGE_CURVE('',#12887,#12817,#12912,.T.);
#12912 = SURFACE_CURVE('',#12913,(#12917,#12924),.PCURVE_S1.);
#12913 = LINE('',#12914,#12915);
#12914 = CARTESIAN_POINT('',(32.9,-39.71818789924,11.902117241392));
#12915 = VECTOR('',#12916,1.);
#12916 = DIRECTION('',(1.,0.,0.));
#12917 = PCURVE('',#6942,#12918);
#12918 = DEFINITIONAL_REPRESENTATION('',(#12919),#12923);
#12919 = LINE('',#12920,#12921);
#12920 = CARTESIAN_POINT('',(0.,2.5));
#12921 = VECTOR('',#12922,1.);
#12922 = DIRECTION('',(1.,0.));
#12923 = ( GEOMETRIC_REPRESENTATION_CONTEXT(2) 
PARAMETRIC_REPRESENTATION_CONTEXT() REPRESENTATION_CONTEXT('2D SPACE',''
  ) );
#12924 = PCURVE('',#11800,#12925);
#12925 = DEFINITIONAL_REPRESENTATION('',(#12926),#12930);
#12926 = LINE('',#12927,#12928);
#12927 = CARTESIAN_POINT('',(2.5,-3.5));
#12928 = VECTOR('',#12929,1.);
#12929 = DIRECTION('',(1.,0.));
#12930 = ( GEOMETRIC_REPRESENTATION_CONTEXT(2) 
PARAMETRIC_REPRESENTATION_CONTEXT() REPRESENTATION_CONTEXT('2D SPACE',''
  ) );
#12931 = ADVANCED_FACE('',(#12932),#6970,.T.);
#12932 = FACE_BOUND('',#12933,.T.);
#12933 = EDGE_LOOP('',(#12934,#12935,#12936,#12957));
#12934 = ORIENTED_EDGE('',*,*,#6954,.T.);
#12935 = ORIENTED_EDGE('',*,*,#12886,.T.);
#12936 = ORIENTED_EDGE('',*,*,#12937,.F.);
#12937 = EDGE_CURVE('',#11762,#12887,#12938,.T.);
#12938 = SURFACE_CURVE('',#12939,(#12943,#12950),.PCURVE_S1.);
#12939 = LINE('',#12940,#12941);
#12940 = CARTESIAN_POINT('',(30.4,-39.22321315241,8.437294013578));
#12941 = VECTOR('',#12942,1.);
#12942 = DIRECTION('',(0.,-0.141421356237,0.989949493661));
#12943 = PCURVE('',#6970,#12944);
#12944 = DEFINITIONAL_REPRESENTATION('',(#12945),#12949);
#12945 = LINE('',#12946,#12947);
#12946 = CARTESIAN_POINT('',(5.,2.22044604925E-16));
#12947 = VECTOR('',#12948,1.);
#12948 = DIRECTION('',(0.,-1.));
#12949 = ( GEOMETRIC_REPRESENTATION_CONTEXT(2) 
PARAMETRIC_REPRESENTATION_CONTEXT() REPRESENTATION_CONTEXT('2D SPACE',''
  ) );
#12950 = PCURVE('',#11800,#12951);
#12951 = DEFINITIONAL_REPRESENTATION('',(#12952),#12956);
#12952 = LINE('',#12953,#12954);
#12953 = CARTESIAN_POINT('',(0.,0.));
#12954 = VECTOR('',#12955,1.);
#12955 = DIRECTION('',(0.,-1.));
#12956 = ( GEOMETRIC_REPRESENTATION_CONTEXT(2) 
PARAMETRIC_REPRESENTATION_CONTEXT() REPRESENTATION_CONTEXT('2D SPACE',''
  ) );
#12957 = ORIENTED_EDGE('',*,*,#11761,.F.);
#12958 = ADVANCED_FACE('',(#12959),#7020,.T.);
#12959 = FACE_BOUND('',#12960,.T.);
#12960 = EDGE_LOOP('',(#12961,#12962,#12963,#12964));
#12961 = ORIENTED_EDGE('',*,*,#12534,.F.);
#12962 = ORIENTED_EDGE('',*,*,#7005,.T.);
#12963 = ORIENTED_EDGE('',*,*,#11727,.T.);
#12964 = ORIENTED_EDGE('',*,*,#12965,.T.);
#12965 = EDGE_CURVE('',#11700,#12535,#12966,.T.);
#12966 = SURFACE_CURVE('',#12967,(#12971,#12977),.PCURVE_S1.);
#12967 = LINE('',#12968,#12969);
#12968 = CARTESIAN_POINT('',(-39.5,-26.80920101036,-56.21774316732));
#12969 = VECTOR('',#12970,1.);
#12970 = DIRECTION('',(0.,-0.253359391838,0.96737222338));
#12971 = PCURVE('',#7020,#12972);
#12972 = DEFINITIONAL_REPRESENTATION('',(#12973),#12976);
#12973 = B_SPLINE_CURVE_WITH_KNOTS('',1,(#12974,#12975),.UNSPECIFIED.,
  .F.,.F.,(2,2),(66.115524380278,70.067663910374),
  .PIECEWISE_BEZIER_KNOTS.);
#12974 = CARTESIAN_POINT('',(7.330382858376,66.115524380278));
#12975 = CARTESIAN_POINT('',(7.330382858376,70.067663910374));
#12976 = ( GEOMETRIC_REPRESENTATION_CONTEXT(2) 
PARAMETRIC_REPRESENTATION_CONTEXT() REPRESENTATION_CONTEXT('2D SPACE',''
  ) );
#12977 = PCURVE('',#11715,#12978);
#12978 = DEFINITIONAL_REPRESENTATION('',(#12979),#12982);
#12979 = B_SPLINE_CURVE_WITH_KNOTS('',1,(#12980,#12981),.UNSPECIFIED.,
  .F.,.F.,(2,2),(66.115524380278,70.067663910374),
  .PIECEWISE_BEZIER_KNOTS.);
#12980 = CARTESIAN_POINT('',(0.608081476632,7.637186304207E-02));
#12981 = CARTESIAN_POINT('',(0.15751421366,-3.85));
#12982 = ( GEOMETRIC_REPRESENTATION_CONTEXT(2) 
PARAMETRIC_REPRESENTATION_CONTEXT() REPRESENTATION_CONTEXT('2D SPACE',''
  ) );
#12983 = ADVANCED_FACE('',(#12984),#7115,.F.);
#12984 = FACE_BOUND('',#12985,.F.);
#12985 = EDGE_LOOP('',(#12986,#12987,#12988,#12989));
#12986 = ORIENTED_EDGE('',*,*,#11890,.F.);
#12987 = ORIENTED_EDGE('',*,*,#7095,.F.);
#12988 = ORIENTED_EDGE('',*,*,#12722,.T.);
#12989 = ORIENTED_EDGE('',*,*,#12990,.F.);
#12990 = EDGE_CURVE('',#11863,#12723,#12991,.T.);
#12991 = SURFACE_CURVE('',#12992,(#12996,#13003),.PCURVE_S1.);
#12992 = LINE('',#12993,#12994);
#12993 = CARTESIAN_POINT('',(36.9,-45.65788486121,7.518055198035));
#12994 = VECTOR('',#12995,1.);
#12995 = DIRECTION('',(0.,-0.141421356237,0.989949493661));
#12996 = PCURVE('',#7115,#12997);
#12997 = DEFINITIONAL_REPRESENTATION('',(#12998),#13002);
#12998 = LINE('',#12999,#13000);
#12999 = CARTESIAN_POINT('',(82.9,0.));
#13000 = VECTOR('',#13001,1.);
#13001 = DIRECTION('',(0.,-1.));
#13002 = ( GEOMETRIC_REPRESENTATION_CONTEXT(2) 
PARAMETRIC_REPRESENTATION_CONTEXT() REPRESENTATION_CONTEXT('2D SPACE',''
  ) );
#13003 = PCURVE('',#11878,#13004);
#13004 = DEFINITIONAL_REPRESENTATION('',(#13005),#13009);
#13005 = LINE('',#13006,#13007);
#13006 = CARTESIAN_POINT('',(0.,0.));
#13007 = VECTOR('',#13008,1.);
#13008 = DIRECTION('',(0.,-1.));
#13009 = ( GEOMETRIC_REPRESENTATION_CONTEXT(2) 
PARAMETRIC_REPRESENTATION_CONTEXT() REPRESENTATION_CONTEXT('2D SPACE',''
  ) );
#13010 = ADVANCED_FACE('',(#13011),#7316,.T.);
#13011 = FACE_BOUND('',#13012,.T.);
#13012 = EDGE_LOOP('',(#13013,#13014,#13015,#13016,#13017,#13018,#13019,
    #13020,#13041,#13063));
#13013 = ORIENTED_EDGE('',*,*,#7301,.F.);
#13014 = ORIENTED_EDGE('',*,*,#7376,.F.);
#13015 = ORIENTED_EDGE('',*,*,#7423,.T.);
#13016 = ORIENTED_EDGE('',*,*,#7455,.T.);
#13017 = ORIENTED_EDGE('',*,*,#7525,.T.);
#13018 = ORIENTED_EDGE('',*,*,#7578,.T.);
#13019 = ORIENTED_EDGE('',*,*,#7671,.F.);
#13020 = ORIENTED_EDGE('',*,*,#13021,.F.);
#13021 = EDGE_CURVE('',#13022,#7603,#13024,.T.);
#13022 = VERTEX_POINT('',#13023);
#13023 = CARTESIAN_POINT('',(45.,-66.,13.047619047619));
#13024 = SURFACE_CURVE('',#13025,(#13029,#13035),.PCURVE_S1.);
#13025 = LINE('',#13026,#13027);
#13026 = CARTESIAN_POINT('',(45.,98.765981254325,56.200614138038));
#13027 = VECTOR('',#13028,1.);
#13028 = DIRECTION('',(-0.,0.96737222338,0.253359391838));
#13029 = PCURVE('',#7316,#13030);
#13030 = DEFINITIONAL_REPRESENTATION('',(#13031),#13034);
#13031 = B_SPLINE_CURVE_WITH_KNOTS('',1,(#13032,#13033),.UNSPECIFIED.,
  .F.,.F.,(2,2),(-170.3232502155,42.624770227114),
  .PIECEWISE_BEZIER_KNOTS.);
#13032 = CARTESIAN_POINT('',(212.94802044262,45.));
#13033 = CARTESIAN_POINT('',(0.,45.));
#13034 = ( GEOMETRIC_REPRESENTATION_CONTEXT(2) 
PARAMETRIC_REPRESENTATION_CONTEXT() REPRESENTATION_CONTEXT('2D SPACE',''
  ) );
#13035 = PCURVE('',#7617,#13036);
#13036 = DEFINITIONAL_REPRESENTATION('',(#13037),#13040);
#13037 = B_SPLINE_CURVE_WITH_KNOTS('',1,(#13038,#13039),.UNSPECIFIED.,
  .F.,.F.,(2,2),(-170.3232502155,42.624770227114),
  .PIECEWISE_BEZIER_KNOTS.);
#13038 = CARTESIAN_POINT('',(126.08459666657,-22.60718789819));
#13039 = CARTESIAN_POINT('',(-79.91540333342,31.345193054191));
#13040 = ( GEOMETRIC_REPRESENTATION_CONTEXT(2) 
PARAMETRIC_REPRESENTATION_CONTEXT() REPRESENTATION_CONTEXT('2D SPACE',''
  ) );
#13041 = ORIENTED_EDGE('',*,*,#13042,.F.);
#13042 = EDGE_CURVE('',#13043,#13022,#13045,.T.);
#13043 = VERTEX_POINT('',#13044);
#13044 = CARTESIAN_POINT('',(-45.,-66.,13.047619047619));
#13045 = SURFACE_CURVE('',#13046,(#13050,#13056),.PCURVE_S1.);
#13046 = LINE('',#13047,#13048);
#13047 = CARTESIAN_POINT('',(0.,-66.,13.047619047619));
#13048 = VECTOR('',#13049,1.);
#13049 = DIRECTION('',(1.,0.,-0.));
#13050 = PCURVE('',#7316,#13051);
#13051 = DEFINITIONAL_REPRESENTATION('',(#13052),#13055);
#13052 = B_SPLINE_CURVE_WITH_KNOTS('',1,(#13053,#13054),.UNSPECIFIED.,
  .F.,.F.,(2,2),(-45.,45.),.PIECEWISE_BEZIER_KNOTS.);
#13053 = CARTESIAN_POINT('',(212.94802044262,-45.));
#13054 = CARTESIAN_POINT('',(212.94802044262,45.));
#13055 = ( GEOMETRIC_REPRESENTATION_CONTEXT(2) 
PARAMETRIC_REPRESENTATION_CONTEXT() REPRESENTATION_CONTEXT('2D SPACE',''
  ) );
#13056 = PCURVE('',#11954,#13057);
#13057 = DEFINITIONAL_REPRESENTATION('',(#13058),#13062);
#13058 = LINE('',#13059,#13060);
#13059 = CARTESIAN_POINT('',(8.435580297982,0.));
#13060 = VECTOR('',#13061,1.);
#13061 = DIRECTION('',(0.,1.));
#13062 = ( GEOMETRIC_REPRESENTATION_CONTEXT(2) 
PARAMETRIC_REPRESENTATION_CONTEXT() REPRESENTATION_CONTEXT('2D SPACE',''
  ) );
#13063 = ORIENTED_EDGE('',*,*,#13064,.T.);
#13064 = EDGE_CURVE('',#13043,#7276,#13065,.T.);
#13065 = SURFACE_CURVE('',#13066,(#13070,#13076),.PCURVE_S1.);
#13066 = LINE('',#13067,#13068);
#13067 = CARTESIAN_POINT('',(-45.,98.765981254325,56.200614138038));
#13068 = VECTOR('',#13069,1.);
#13069 = DIRECTION('',(-0.,0.96737222338,0.253359391838));
#13070 = PCURVE('',#7316,#13071);
#13071 = DEFINITIONAL_REPRESENTATION('',(#13072),#13075);
#13072 = B_SPLINE_CURVE_WITH_KNOTS('',1,(#13073,#13074),.UNSPECIFIED.,
  .F.,.F.,(2,2),(-170.3232502155,42.624770227114),
  .PIECEWISE_BEZIER_KNOTS.);
#13073 = CARTESIAN_POINT('',(212.94802044262,-45.));
#13074 = CARTESIAN_POINT('',(0.,-45.));
#13075 = ( GEOMETRIC_REPRESENTATION_CONTEXT(2) 
PARAMETRIC_REPRESENTATION_CONTEXT() REPRESENTATION_CONTEXT('2D SPACE',''
  ) );
#13076 = PCURVE('',#7290,#13077);
#13077 = DEFINITIONAL_REPRESENTATION('',(#13078),#13081);
#13078 = B_SPLINE_CURVE_WITH_KNOTS('',1,(#13079,#13080),.UNSPECIFIED.,
  .F.,.F.,(2,2),(-170.3232502155,42.624770227114),
  .PIECEWISE_BEZIER_KNOTS.);
#13079 = CARTESIAN_POINT('',(126.08459666657,-22.60718789819));
#13080 = CARTESIAN_POINT('',(-79.91540333342,31.345193054191));
#13081 = ( GEOMETRIC_REPRESENTATION_CONTEXT(2) 
PARAMETRIC_REPRESENTATION_CONTEXT() REPRESENTATION_CONTEXT('2D SPACE',''
  ) );
#13082 = ADVANCED_FACE('',(#13083),#7290,.F.);
#13083 = FACE_BOUND('',#13084,.F.);
#13084 = EDGE_LOOP('',(#13085,#13086,#13087,#13108));
#13085 = ORIENTED_EDGE('',*,*,#7275,.F.);
#13086 = ORIENTED_EDGE('',*,*,#11915,.T.);
#13087 = ORIENTED_EDGE('',*,*,#13088,.F.);
#13088 = EDGE_CURVE('',#13043,#11916,#13089,.T.);
#13089 = SURFACE_CURVE('',#13090,(#13094,#13101),.PCURVE_S1.);
#13090 = LINE('',#13091,#13092);
#13091 = CARTESIAN_POINT('',(-45.,-66.,13.047619047619));
#13092 = VECTOR('',#13093,1.);
#13093 = DIRECTION('',(0.,0.,-1.));
#13094 = PCURVE('',#7290,#13095);
#13095 = DEFINITIONAL_REPRESENTATION('',(#13096),#13100);
#13096 = LINE('',#13097,#13098);
#13097 = CARTESIAN_POINT('',(126.08459666657,-22.60718789819));
#13098 = VECTOR('',#13099,1.);
#13099 = DIRECTION('',(0.,-1.));
#13100 = ( GEOMETRIC_REPRESENTATION_CONTEXT(2) 
PARAMETRIC_REPRESENTATION_CONTEXT() REPRESENTATION_CONTEXT('2D SPACE',''
  ) );
#13101 = PCURVE('',#11954,#13102);
#13102 = DEFINITIONAL_REPRESENTATION('',(#13103),#13107);
#13103 = LINE('',#13104,#13105);
#13104 = CARTESIAN_POINT('',(8.435580297982,-45.));
#13105 = VECTOR('',#13106,1.);
#13106 = DIRECTION('',(-1.,0.));
#13107 = ( GEOMETRIC_REPRESENTATION_CONTEXT(2) 
PARAMETRIC_REPRESENTATION_CONTEXT() REPRESENTATION_CONTEXT('2D SPACE',''
  ) );
#13108 = ORIENTED_EDGE('',*,*,#13064,.T.);
#13109 = ADVANCED_FACE('',(#13110),#7617,.T.);
#13110 = FACE_BOUND('',#13111,.T.);
#13111 = EDGE_LOOP('',(#13112,#13113,#13114,#13135));
#13112 = ORIENTED_EDGE('',*,*,#7600,.F.);
#13113 = ORIENTED_EDGE('',*,*,#11966,.T.);
#13114 = ORIENTED_EDGE('',*,*,#13115,.T.);
#13115 = EDGE_CURVE('',#11939,#13022,#13116,.T.);
#13116 = SURFACE_CURVE('',#13117,(#13121,#13128),.PCURVE_S1.);
#13117 = LINE('',#13118,#13119);
#13118 = CARTESIAN_POINT('',(45.,-66.,4.612038749637));
#13119 = VECTOR('',#13120,1.);
#13120 = DIRECTION('',(0.,0.,1.));
#13121 = PCURVE('',#7617,#13122);
#13122 = DEFINITIONAL_REPRESENTATION('',(#13123),#13127);
#13123 = LINE('',#13124,#13125);
#13124 = CARTESIAN_POINT('',(126.08459666657,-31.04276819617));
#13125 = VECTOR('',#13126,1.);
#13126 = DIRECTION('',(0.,1.));
#13127 = ( GEOMETRIC_REPRESENTATION_CONTEXT(2) 
PARAMETRIC_REPRESENTATION_CONTEXT() REPRESENTATION_CONTEXT('2D SPACE',''
  ) );
#13128 = PCURVE('',#11954,#13129);
#13129 = DEFINITIONAL_REPRESENTATION('',(#13130),#13134);
#13130 = LINE('',#13131,#13132);
#13131 = CARTESIAN_POINT('',(0.,45.));
#13132 = VECTOR('',#13133,1.);
#13133 = DIRECTION('',(1.,0.));
#13134 = ( GEOMETRIC_REPRESENTATION_CONTEXT(2) 
PARAMETRIC_REPRESENTATION_CONTEXT() REPRESENTATION_CONTEXT('2D SPACE',''
  ) );
#13135 = ORIENTED_EDGE('',*,*,#13021,.T.);
#13136 = ADVANCED_FACE('',(#13137),#7959,.T.);
#13137 = FACE_BOUND('',#13138,.T.);
#13138 = EDGE_LOOP('',(#13139,#13140,#13141,#13142));
#13139 = ORIENTED_EDGE('',*,*,#8085,.F.);
#13140 = ORIENTED_EDGE('',*,*,#11994,.T.);
#13141 = ORIENTED_EDGE('',*,*,#7942,.T.);
#13142 = ORIENTED_EDGE('',*,*,#13143,.T.);
#13143 = EDGE_CURVE('',#7945,#8088,#13144,.T.);
#13144 = SURFACE_CURVE('',#13145,(#13149,#13155),.PCURVE_S1.);
#13145 = LINE('',#13146,#13147);
#13146 = CARTESIAN_POINT('',(45.,98.765981254325,56.200614138038));
#13147 = VECTOR('',#13148,1.);
#13148 = DIRECTION('',(-0.,0.96737222338,0.253359391838));
#13149 = PCURVE('',#7959,#13150);
#13150 = DEFINITIONAL_REPRESENTATION('',(#13151),#13154);
#13151 = B_SPLINE_CURVE_WITH_KNOTS('',1,(#13152,#13153),.UNSPECIFIED.,
  .F.,.F.,(2,2),(-170.3232502155,42.624770227114),
  .PIECEWISE_BEZIER_KNOTS.);
#13152 = CARTESIAN_POINT('',(126.08459666657,-22.60718789819));
#13153 = CARTESIAN_POINT('',(-79.91540333342,31.345193054191));
#13154 = ( GEOMETRIC_REPRESENTATION_CONTEXT(2) 
PARAMETRIC_REPRESENTATION_CONTEXT() REPRESENTATION_CONTEXT('2D SPACE',''
  ) );
#13155 = PCURVE('',#8026,#13156);
#13156 = DEFINITIONAL_REPRESENTATION('',(#13157),#13160);
#13157 = B_SPLINE_CURVE_WITH_KNOTS('',1,(#13158,#13159),.UNSPECIFIED.,
  .F.,.F.,(2,2),(-170.3232502155,42.624770227114),
  .PIECEWISE_BEZIER_KNOTS.);
#13158 = CARTESIAN_POINT('',(212.94802044262,45.));
#13159 = CARTESIAN_POINT('',(0.,45.));
#13160 = ( GEOMETRIC_REPRESENTATION_CONTEXT(2) 
PARAMETRIC_REPRESENTATION_CONTEXT() REPRESENTATION_CONTEXT('2D SPACE',''
  ) );
#13161 = ADVANCED_FACE('',(#13162),#8026,.T.);
#13162 = FACE_BOUND('',#13163,.T.);
#13163 = EDGE_LOOP('',(#13164,#13165,#13166,#13167));
#13164 = ORIENTED_EDGE('',*,*,#13143,.F.);
#13165 = ORIENTED_EDGE('',*,*,#8013,.T.);
#13166 = ORIENTED_EDGE('',*,*,#8063,.T.);
#13167 = ORIENTED_EDGE('',*,*,#8151,.F.);
#13168 = ADVANCED_FACE('',(#13169),#8215,.F.);
#13169 = FACE_BOUND('',#13170,.F.);
#13170 = EDGE_LOOP('',(#13171,#13172,#13173,#13174));
#13171 = ORIENTED_EDGE('',*,*,#8348,.F.);
#13172 = ORIENTED_EDGE('',*,*,#8317,.F.);
#13173 = ORIENTED_EDGE('',*,*,#8198,.F.);
#13174 = ORIENTED_EDGE('',*,*,#9670,.T.);
#13175 = ADVANCED_FACE('',(#13176,#13179),#8463,.F.);
#13176 = FACE_BOUND('',#13177,.F.);
#13177 = EDGE_LOOP('',(#13178));
#13178 = ORIENTED_EDGE('',*,*,#11284,.T.);
#13179 = FACE_BOUND('',#13180,.F.);
#13180 = EDGE_LOOP('',(#13181));
#13181 = ORIENTED_EDGE('',*,*,#8448,.F.);
#13182 = ADVANCED_FACE('',(#13183,#13186),#8518,.F.);
#13183 = FACE_BOUND('',#13184,.F.);
#13184 = EDGE_LOOP('',(#13185));
#13185 = ORIENTED_EDGE('',*,*,#11472,.T.);
#13186 = FACE_BOUND('',#13187,.F.);
#13187 = EDGE_LOOP('',(#13188));
#13188 = ORIENTED_EDGE('',*,*,#8503,.F.);
#13189 = ADVANCED_FACE('',(#13190),#9179,.T.);
#13190 = FACE_BOUND('',#13191,.T.);
#13191 = EDGE_LOOP('',(#13192,#13193,#13194,#13195));
#13192 = ORIENTED_EDGE('',*,*,#9514,.T.);
#13193 = ORIENTED_EDGE('',*,*,#9163,.T.);
#13194 = ORIENTED_EDGE('',*,*,#9246,.F.);
#13195 = ORIENTED_EDGE('',*,*,#13196,.F.);
#13196 = EDGE_CURVE('',#9492,#9217,#13197,.T.);
#13197 = SURFACE_CURVE('',#13198,(#13202,#13209),.PCURVE_S1.);
#13198 = LINE('',#13199,#13200);
#13199 = CARTESIAN_POINT('',(1.931082005405E-15,145.22912625399,
    38.323162120427));
#13200 = VECTOR('',#13201,1.);
#13201 = DIRECTION('',(-1.,9.797174393179E-17,-7.347880794884E-17));
#13202 = PCURVE('',#9179,#13203);
#13203 = DEFINITIONAL_REPRESENTATION('',(#13204),#13208);
#13204 = LINE('',#13205,#13206);
#13205 = CARTESIAN_POINT('',(19.25,0.));
#13206 = VECTOR('',#13207,1.);
#13207 = DIRECTION('',(1.,0.));
#13208 = ( GEOMETRIC_REPRESENTATION_CONTEXT(2) 
PARAMETRIC_REPRESENTATION_CONTEXT() REPRESENTATION_CONTEXT('2D SPACE',''
  ) );
#13209 = PCURVE('',#9234,#13210);
#13210 = DEFINITIONAL_REPRESENTATION('',(#13211),#13215);
#13211 = LINE('',#13212,#13213);
#13212 = CARTESIAN_POINT('',(20.,-16.5));
#13213 = VECTOR('',#13214,1.);
#13214 = DIRECTION('',(1.,0.));
#13215 = ( GEOMETRIC_REPRESENTATION_CONTEXT(2) 
PARAMETRIC_REPRESENTATION_CONTEXT() REPRESENTATION_CONTEXT('2D SPACE',''
  ) );
#13216 = ADVANCED_FACE('',(#13217),#8999,.F.);
#13217 = FACE_BOUND('',#13218,.F.);
#13218 = EDGE_LOOP('',(#13219,#13242,#13243,#13244,#13267,#13295,#13316,
    #13317,#13318,#13341,#13362,#13363));
#13219 = ORIENTED_EDGE('',*,*,#13220,.T.);
#13220 = EDGE_CURVE('',#13221,#9568,#13223,.T.);
#13221 = VERTEX_POINT('',#13222);
#13222 = CARTESIAN_POINT('',(22.75,145.72410100083,34.858338892613));
#13223 = SURFACE_CURVE('',#13224,(#13228,#13235),.PCURVE_S1.);
#13224 = LINE('',#13225,#13226);
#13225 = CARTESIAN_POINT('',(22.75,145.72410100083,34.858338892613));
#13226 = VECTOR('',#13227,1.);
#13227 = DIRECTION('',(-1.,9.797174393179E-17,-7.347880794884E-17));
#13228 = PCURVE('',#8999,#13229);
#13229 = DEFINITIONAL_REPRESENTATION('',(#13230),#13234);
#13230 = LINE('',#13231,#13232);
#13231 = CARTESIAN_POINT('',(-2.,-1.731912112471E-16));
#13232 = VECTOR('',#13233,1.);
#13233 = DIRECTION('',(1.,-1.232595164408E-32));
#13234 = ( GEOMETRIC_REPRESENTATION_CONTEXT(2) 
PARAMETRIC_REPRESENTATION_CONTEXT() REPRESENTATION_CONTEXT('2D SPACE',''
  ) );
#13235 = PCURVE('',#9604,#13236);
#13236 = DEFINITIONAL_REPRESENTATION('',(#13237),#13241);
#13237 = LINE('',#13238,#13239);
#13238 = CARTESIAN_POINT('',(-1.,-20.));
#13239 = VECTOR('',#13240,1.);
#13240 = DIRECTION('',(1.,0.));
#13241 = ( GEOMETRIC_REPRESENTATION_CONTEXT(2) 
PARAMETRIC_REPRESENTATION_CONTEXT() REPRESENTATION_CONTEXT('2D SPACE',''
  ) );
#13242 = ORIENTED_EDGE('',*,*,#9567,.T.);
#13243 = ORIENTED_EDGE('',*,*,#8983,.T.);
#13244 = ORIENTED_EDGE('',*,*,#13245,.F.);
#13245 = EDGE_CURVE('',#13246,#8984,#13248,.T.);
#13246 = VERTEX_POINT('',#13247);
#13247 = CARTESIAN_POINT('',(19.25,145.72410100083,34.858338892613));
#13248 = SURFACE_CURVE('',#13249,(#13253,#13260),.PCURVE_S1.);
#13249 = LINE('',#13250,#13251);
#13250 = CARTESIAN_POINT('',(19.25,145.72410100083,34.858338892613));
#13251 = VECTOR('',#13252,1.);
#13252 = DIRECTION('',(8.659560562355E-17,0.989949493661,0.141421356237)
  );
#13253 = PCURVE('',#8999,#13254);
#13254 = DEFINITIONAL_REPRESENTATION('',(#13255),#13259);
#13255 = LINE('',#13256,#13257);
#13256 = CARTESIAN_POINT('',(1.5,1.298934084353E-16));
#13257 = VECTOR('',#13258,1.);
#13258 = DIRECTION('',(1.54074395551E-33,-1.));
#13259 = ( GEOMETRIC_REPRESENTATION_CONTEXT(2) 
PARAMETRIC_REPRESENTATION_CONTEXT() REPRESENTATION_CONTEXT('2D SPACE',''
  ) );
#13260 = PCURVE('',#9027,#13261);
#13261 = DEFINITIONAL_REPRESENTATION('',(#13262),#13266);
#13262 = LINE('',#13263,#13264);
#13263 = CARTESIAN_POINT('',(0.,0.));
#13264 = VECTOR('',#13265,1.);
#13265 = DIRECTION('',(0.,-1.));
#13266 = ( GEOMETRIC_REPRESENTATION_CONTEXT(2) 
PARAMETRIC_REPRESENTATION_CONTEXT() REPRESENTATION_CONTEXT('2D SPACE',''
  ) );
#13267 = ORIENTED_EDGE('',*,*,#13268,.T.);
#13268 = EDGE_CURVE('',#13246,#13269,#13271,.T.);
#13269 = VERTEX_POINT('',#13270);
#13270 = CARTESIAN_POINT('',(-19.25,145.72410100083,34.858338892613));
#13271 = SURFACE_CURVE('',#13272,(#13276,#13283),.PCURVE_S1.);
#13272 = LINE('',#13273,#13274);
#13273 = CARTESIAN_POINT('',(22.75,145.72410100083,34.858338892613));
#13274 = VECTOR('',#13275,1.);
#13275 = DIRECTION('',(-1.,9.797174393179E-17,-7.347880794884E-17));
#13276 = PCURVE('',#8999,#13277);
#13277 = DEFINITIONAL_REPRESENTATION('',(#13278),#13282);
#13278 = LINE('',#13279,#13280);
#13279 = CARTESIAN_POINT('',(-2.,-1.731912112471E-16));
#13280 = VECTOR('',#13281,1.);
#13281 = DIRECTION('',(1.,-1.232595164408E-32));
#13282 = ( GEOMETRIC_REPRESENTATION_CONTEXT(2) 
PARAMETRIC_REPRESENTATION_CONTEXT() REPRESENTATION_CONTEXT('2D SPACE',''
  ) );
#13283 = PCURVE('',#13284,#13289);
#13284 = PLANE('',#13285);
#13285 = AXIS2_PLACEMENT_3D('',#13286,#13287,#13288);
#13286 = CARTESIAN_POINT('',(21.75,142.89567387608,54.657328765836));
#13287 = DIRECTION('',(8.659560562355E-17,0.989949493661,0.141421356237)
  );
#13288 = DIRECTION('',(-1.,9.797174393179E-17,-7.347880794884E-17));
#13289 = DEFINITIONAL_REPRESENTATION('',(#13290),#13294);
#13290 = LINE('',#13291,#13292);
#13291 = CARTESIAN_POINT('',(-1.,-20.));
#13292 = VECTOR('',#13293,1.);
#13293 = DIRECTION('',(1.,0.));
#13294 = ( GEOMETRIC_REPRESENTATION_CONTEXT(2) 
PARAMETRIC_REPRESENTATION_CONTEXT() REPRESENTATION_CONTEXT('2D SPACE',''
  ) );
#13295 = ORIENTED_EDGE('',*,*,#13296,.T.);
#13296 = EDGE_CURVE('',#13269,#9068,#13297,.T.);
#13297 = SURFACE_CURVE('',#13298,(#13302,#13309),.PCURVE_S1.);
#13298 = LINE('',#13299,#13300);
#13299 = CARTESIAN_POINT('',(-19.25,145.72410100083,34.858338892613));
#13300 = VECTOR('',#13301,1.);
#13301 = DIRECTION('',(8.659560562355E-17,0.989949493661,0.141421356237)
  );
#13302 = PCURVE('',#8999,#13303);
#13303 = DEFINITIONAL_REPRESENTATION('',(#13304),#13308);
#13304 = LINE('',#13305,#13306);
#13305 = CARTESIAN_POINT('',(40.,3.463824224942E-15));
#13306 = VECTOR('',#13307,1.);
#13307 = DIRECTION('',(1.54074395551E-33,-1.));
#13308 = ( GEOMETRIC_REPRESENTATION_CONTEXT(2) 
PARAMETRIC_REPRESENTATION_CONTEXT() REPRESENTATION_CONTEXT('2D SPACE',''
  ) );
#13309 = PCURVE('',#9083,#13310);
#13310 = DEFINITIONAL_REPRESENTATION('',(#13311),#13315);
#13311 = LINE('',#13312,#13313);
#13312 = CARTESIAN_POINT('',(0.,0.));
#13313 = VECTOR('',#13314,1.);
#13314 = DIRECTION('',(0.,-1.));
#13315 = ( GEOMETRIC_REPRESENTATION_CONTEXT(2) 
PARAMETRIC_REPRESENTATION_CONTEXT() REPRESENTATION_CONTEXT('2D SPACE',''
  ) );
#13316 = ORIENTED_EDGE('',*,*,#9095,.T.);
#13317 = ORIENTED_EDGE('',*,*,#9372,.F.);
#13318 = ORIENTED_EDGE('',*,*,#13319,.T.);
#13319 = EDGE_CURVE('',#9343,#13320,#13322,.T.);
#13320 = VERTEX_POINT('',#13321);
#13321 = CARTESIAN_POINT('',(-22.75,145.72410100083,34.858338892613));
#13322 = SURFACE_CURVE('',#13323,(#13327,#13334),.PCURVE_S1.);
#13323 = LINE('',#13324,#13325);
#13324 = CARTESIAN_POINT('',(22.75,145.72410100083,34.858338892613));
#13325 = VECTOR('',#13326,1.);
#13326 = DIRECTION('',(-1.,9.797174393179E-17,-7.347880794884E-17));
#13327 = PCURVE('',#8999,#13328);
#13328 = DEFINITIONAL_REPRESENTATION('',(#13329),#13333);
#13329 = LINE('',#13330,#13331);
#13330 = CARTESIAN_POINT('',(-2.,-1.731912112471E-16));
#13331 = VECTOR('',#13332,1.);
#13332 = DIRECTION('',(1.,-1.232595164408E-32));
#13333 = ( GEOMETRIC_REPRESENTATION_CONTEXT(2) 
PARAMETRIC_REPRESENTATION_CONTEXT() REPRESENTATION_CONTEXT('2D SPACE',''
  ) );
#13334 = PCURVE('',#9360,#13335);
#13335 = DEFINITIONAL_REPRESENTATION('',(#13336),#13340);
#13336 = LINE('',#13337,#13338);
#13337 = CARTESIAN_POINT('',(-1.,-20.));
#13338 = VECTOR('',#13339,1.);
#13339 = DIRECTION('',(1.,0.));
#13340 = ( GEOMETRIC_REPRESENTATION_CONTEXT(2) 
PARAMETRIC_REPRESENTATION_CONTEXT() REPRESENTATION_CONTEXT('2D SPACE',''
  ) );
#13341 = ORIENTED_EDGE('',*,*,#13342,.F.);
#13342 = EDGE_CURVE('',#11545,#13320,#13343,.T.);
#13343 = SURFACE_CURVE('',#13344,(#13348,#13355),.PCURVE_S1.);
#13344 = LINE('',#13345,#13346);
#13345 = CARTESIAN_POINT('',(-22.75,140.97234343125,34.179516382674));
#13346 = VECTOR('',#13347,1.);
#13347 = DIRECTION('',(8.659560562355E-17,0.989949493661,0.141421356237)
  );
#13348 = PCURVE('',#8999,#13349);
#13349 = DEFINITIONAL_REPRESENTATION('',(#13350),#13354);
#13350 = LINE('',#13351,#13352);
#13351 = CARTESIAN_POINT('',(43.5,4.8));
#13352 = VECTOR('',#13353,1.);
#13353 = DIRECTION('',(1.54074395551E-33,-1.));
#13354 = ( GEOMETRIC_REPRESENTATION_CONTEXT(2) 
PARAMETRIC_REPRESENTATION_CONTEXT() REPRESENTATION_CONTEXT('2D SPACE',''
  ) );
#13355 = PCURVE('',#12226,#13356);
#13356 = DEFINITIONAL_REPRESENTATION('',(#13357),#13361);
#13357 = LINE('',#13358,#13359);
#13358 = CARTESIAN_POINT('',(0.,1.5));
#13359 = VECTOR('',#13360,1.);
#13360 = DIRECTION('',(0.,-1.));
#13361 = ( GEOMETRIC_REPRESENTATION_CONTEXT(2) 
PARAMETRIC_REPRESENTATION_CONTEXT() REPRESENTATION_CONTEXT('2D SPACE',''
  ) );
#13362 = ORIENTED_EDGE('',*,*,#11567,.T.);
#13363 = ORIENTED_EDGE('',*,*,#13364,.F.);
#13364 = EDGE_CURVE('',#13221,#11568,#13365,.T.);
#13365 = SURFACE_CURVE('',#13366,(#13370,#13377),.PCURVE_S1.);
#13366 = LINE('',#13367,#13368);
#13367 = CARTESIAN_POINT('',(22.75,145.72410100083,34.858338892613));
#13368 = VECTOR('',#13369,1.);
#13369 = DIRECTION('',(-8.659560562355E-17,-0.989949493661,
    -0.141421356237));
#13370 = PCURVE('',#8999,#13371);
#13371 = DEFINITIONAL_REPRESENTATION('',(#13372),#13376);
#13372 = LINE('',#13373,#13374);
#13373 = CARTESIAN_POINT('',(-2.,-1.731912112471E-16));
#13374 = VECTOR('',#13375,1.);
#13375 = DIRECTION('',(-1.54074395551E-33,1.));
#13376 = ( GEOMETRIC_REPRESENTATION_CONTEXT(2) 
PARAMETRIC_REPRESENTATION_CONTEXT() REPRESENTATION_CONTEXT('2D SPACE',''
  ) );
#13377 = PCURVE('',#12060,#13378);
#13378 = DEFINITIONAL_REPRESENTATION('',(#13379),#13383);
#13379 = LINE('',#13380,#13381);
#13380 = CARTESIAN_POINT('',(40.,-3.3));
#13381 = VECTOR('',#13382,1.);
#13382 = DIRECTION('',(0.,1.));
#13383 = ( GEOMETRIC_REPRESENTATION_CONTEXT(2) 
PARAMETRIC_REPRESENTATION_CONTEXT() REPRESENTATION_CONTEXT('2D SPACE',''
  ) );
#13384 = ADVANCED_FACE('',(#13385),#9083,.T.);
#13385 = FACE_BOUND('',#13386,.T.);
#13386 = EDGE_LOOP('',(#13387,#13388,#13389,#13412));
#13387 = ORIENTED_EDGE('',*,*,#13296,.T.);
#13388 = ORIENTED_EDGE('',*,*,#9067,.T.);
#13389 = ORIENTED_EDGE('',*,*,#13390,.F.);
#13390 = EDGE_CURVE('',#13391,#9040,#13393,.T.);
#13391 = VERTEX_POINT('',#13392);
#13392 = CARTESIAN_POINT('',(-19.25,145.44125828835,36.838237879935));
#13393 = SURFACE_CURVE('',#13394,(#13398,#13405),.PCURVE_S1.);
#13394 = LINE('',#13395,#13396);
#13395 = CARTESIAN_POINT('',(-19.25,145.44125828835,36.838237879935));
#13396 = VECTOR('',#13397,1.);
#13397 = DIRECTION('',(8.659560562355E-17,0.989949493661,0.141421356237)
  );
#13398 = PCURVE('',#9083,#13399);
#13399 = DEFINITIONAL_REPRESENTATION('',(#13400),#13404);
#13400 = LINE('',#13401,#13402);
#13401 = CARTESIAN_POINT('',(2.,0.));
#13402 = VECTOR('',#13403,1.);
#13403 = DIRECTION('',(0.,-1.));
#13404 = ( GEOMETRIC_REPRESENTATION_CONTEXT(2) 
PARAMETRIC_REPRESENTATION_CONTEXT() REPRESENTATION_CONTEXT('2D SPACE',''
  ) );
#13405 = PCURVE('',#9055,#13406);
#13406 = DEFINITIONAL_REPRESENTATION('',(#13407),#13411);
#13407 = LINE('',#13408,#13409);
#13408 = CARTESIAN_POINT('',(38.5,0.));
#13409 = VECTOR('',#13410,1.);
#13410 = DIRECTION('',(0.,-1.));
#13411 = ( GEOMETRIC_REPRESENTATION_CONTEXT(2) 
PARAMETRIC_REPRESENTATION_CONTEXT() REPRESENTATION_CONTEXT('2D SPACE',''
  ) );
#13412 = ORIENTED_EDGE('',*,*,#13413,.F.);
#13413 = EDGE_CURVE('',#13269,#13391,#13414,.T.);
#13414 = SURFACE_CURVE('',#13415,(#13419,#13426),.PCURVE_S1.);
#13415 = LINE('',#13416,#13417);
#13416 = CARTESIAN_POINT('',(-19.25,142.89567387608,54.657328765836));
#13417 = VECTOR('',#13418,1.);
#13418 = DIRECTION('',(-8.659560562355E-17,-0.141421356237,
    0.989949493661));
#13419 = PCURVE('',#9083,#13420);
#13420 = DEFINITIONAL_REPRESENTATION('',(#13421),#13425);
#13421 = LINE('',#13422,#13423);
#13422 = CARTESIAN_POINT('',(20.,0.));
#13423 = VECTOR('',#13424,1.);
#13424 = DIRECTION('',(1.,0.));
#13425 = ( GEOMETRIC_REPRESENTATION_CONTEXT(2) 
PARAMETRIC_REPRESENTATION_CONTEXT() REPRESENTATION_CONTEXT('2D SPACE',''
  ) );
#13426 = PCURVE('',#13284,#13427);
#13427 = DEFINITIONAL_REPRESENTATION('',(#13428),#13432);
#13428 = LINE('',#13429,#13430);
#13429 = CARTESIAN_POINT('',(41.,0.));
#13430 = VECTOR('',#13431,1.);
#13431 = DIRECTION('',(0.,1.));
#13432 = ( GEOMETRIC_REPRESENTATION_CONTEXT(2) 
PARAMETRIC_REPRESENTATION_CONTEXT() REPRESENTATION_CONTEXT('2D SPACE',''
  ) );
#13433 = ADVANCED_FACE('',(#13434),#9055,.F.);
#13434 = FACE_BOUND('',#13435,.F.);
#13435 = EDGE_LOOP('',(#13436,#13459,#13460,#13461));
#13436 = ORIENTED_EDGE('',*,*,#13437,.T.);
#13437 = EDGE_CURVE('',#13438,#9012,#13440,.T.);
#13438 = VERTEX_POINT('',#13439);
#13439 = CARTESIAN_POINT('',(19.25,145.44125828835,36.838237879935));
#13440 = SURFACE_CURVE('',#13441,(#13445,#13452),.PCURVE_S1.);
#13441 = LINE('',#13442,#13443);
#13442 = CARTESIAN_POINT('',(19.25,145.44125828835,36.838237879935));
#13443 = VECTOR('',#13444,1.);
#13444 = DIRECTION('',(8.659560562355E-17,0.989949493661,0.141421356237)
  );
#13445 = PCURVE('',#9055,#13446);
#13446 = DEFINITIONAL_REPRESENTATION('',(#13447),#13451);
#13447 = LINE('',#13448,#13449);
#13448 = CARTESIAN_POINT('',(0.,0.));
#13449 = VECTOR('',#13450,1.);
#13450 = DIRECTION('',(0.,-1.));
#13451 = ( GEOMETRIC_REPRESENTATION_CONTEXT(2) 
PARAMETRIC_REPRESENTATION_CONTEXT() REPRESENTATION_CONTEXT('2D SPACE',''
  ) );
#13452 = PCURVE('',#9027,#13453);
#13453 = DEFINITIONAL_REPRESENTATION('',(#13454),#13458);
#13454 = LINE('',#13455,#13456);
#13455 = CARTESIAN_POINT('',(2.,0.));
#13456 = VECTOR('',#13457,1.);
#13457 = DIRECTION('',(0.,-1.));
#13458 = ( GEOMETRIC_REPRESENTATION_CONTEXT(2) 
PARAMETRIC_REPRESENTATION_CONTEXT() REPRESENTATION_CONTEXT('2D SPACE',''
  ) );
#13459 = ORIENTED_EDGE('',*,*,#9039,.T.);
#13460 = ORIENTED_EDGE('',*,*,#13390,.F.);
#13461 = ORIENTED_EDGE('',*,*,#13462,.F.);
#13462 = EDGE_CURVE('',#13438,#13391,#13463,.T.);
#13463 = SURFACE_CURVE('',#13464,(#13468,#13475),.PCURVE_S1.);
#13464 = LINE('',#13465,#13466);
#13465 = CARTESIAN_POINT('',(2.06097541384E-15,145.44125828835,
    36.838237879935));
#13466 = VECTOR('',#13467,1.);
#13467 = DIRECTION('',(-1.,9.797174393179E-17,-7.347880794884E-17));
#13468 = PCURVE('',#9055,#13469);
#13469 = DEFINITIONAL_REPRESENTATION('',(#13470),#13474);
#13470 = LINE('',#13471,#13472);
#13471 = CARTESIAN_POINT('',(19.25,0.));
#13472 = VECTOR('',#13473,1.);
#13473 = DIRECTION('',(1.,0.));
#13474 = ( GEOMETRIC_REPRESENTATION_CONTEXT(2) 
PARAMETRIC_REPRESENTATION_CONTEXT() REPRESENTATION_CONTEXT('2D SPACE',''
  ) );
#13475 = PCURVE('',#9234,#13476);
#13476 = DEFINITIONAL_REPRESENTATION('',(#13477),#13481);
#13477 = LINE('',#13478,#13479);
#13478 = CARTESIAN_POINT('',(20.,-18.));
#13479 = VECTOR('',#13480,1.);
#13480 = DIRECTION('',(1.,0.));
#13481 = ( GEOMETRIC_REPRESENTATION_CONTEXT(2) 
PARAMETRIC_REPRESENTATION_CONTEXT() REPRESENTATION_CONTEXT('2D SPACE',''
  ) );
#13482 = ADVANCED_FACE('',(#13483),#9027,.F.);
#13483 = FACE_BOUND('',#13484,.F.);
#13484 = EDGE_LOOP('',(#13485,#13486,#13487,#13488));
#13485 = ORIENTED_EDGE('',*,*,#13245,.T.);
#13486 = ORIENTED_EDGE('',*,*,#9011,.T.);
#13487 = ORIENTED_EDGE('',*,*,#13437,.F.);
#13488 = ORIENTED_EDGE('',*,*,#13489,.F.);
#13489 = EDGE_CURVE('',#13246,#13438,#13490,.T.);
#13490 = SURFACE_CURVE('',#13491,(#13495,#13502),.PCURVE_S1.);
#13491 = LINE('',#13492,#13493);
#13492 = CARTESIAN_POINT('',(19.25,142.89567387608,54.657328765836));
#13493 = VECTOR('',#13494,1.);
#13494 = DIRECTION('',(-8.659560562355E-17,-0.141421356237,
    0.989949493661));
#13495 = PCURVE('',#9027,#13496);
#13496 = DEFINITIONAL_REPRESENTATION('',(#13497),#13501);
#13497 = LINE('',#13498,#13499);
#13498 = CARTESIAN_POINT('',(20.,0.));
#13499 = VECTOR('',#13500,1.);
#13500 = DIRECTION('',(1.,0.));
#13501 = ( GEOMETRIC_REPRESENTATION_CONTEXT(2) 
PARAMETRIC_REPRESENTATION_CONTEXT() REPRESENTATION_CONTEXT('2D SPACE',''
  ) );
#13502 = PCURVE('',#13284,#13503);
#13503 = DEFINITIONAL_REPRESENTATION('',(#13504),#13508);
#13504 = LINE('',#13505,#13506);
#13505 = CARTESIAN_POINT('',(2.5,0.));
#13506 = VECTOR('',#13507,1.);
#13507 = DIRECTION('',(0.,1.));
#13508 = ( GEOMETRIC_REPRESENTATION_CONTEXT(2) 
PARAMETRIC_REPRESENTATION_CONTEXT() REPRESENTATION_CONTEXT('2D SPACE',''
  ) );
#13509 = ADVANCED_FACE('',(#13510),#9234,.F.);
#13510 = FACE_BOUND('',#13511,.F.);
#13511 = EDGE_LOOP('',(#13512,#13513,#13539,#13540,#13561,#13562,#13563,
    #13564,#13565,#13566));
#13512 = ORIENTED_EDGE('',*,*,#9541,.F.);
#13513 = ORIENTED_EDGE('',*,*,#13514,.T.);
#13514 = EDGE_CURVE('',#9542,#13438,#13515,.T.);
#13515 = SURFACE_CURVE('',#13516,(#13520,#13527),.PCURVE_S1.);
#13516 = LINE('',#13517,#13518);
#13517 = CARTESIAN_POINT('',(2.06097541384E-15,145.44125828835,
    36.838237879935));
#13518 = VECTOR('',#13519,1.);
#13519 = DIRECTION('',(-1.,9.797174393179E-17,-7.347880794884E-17));
#13520 = PCURVE('',#9234,#13521);
#13521 = DEFINITIONAL_REPRESENTATION('',(#13522),#13526);
#13522 = LINE('',#13523,#13524);
#13523 = CARTESIAN_POINT('',(20.,-18.));
#13524 = VECTOR('',#13525,1.);
#13525 = DIRECTION('',(1.,0.));
#13526 = ( GEOMETRIC_REPRESENTATION_CONTEXT(2) 
PARAMETRIC_REPRESENTATION_CONTEXT() REPRESENTATION_CONTEXT('2D SPACE',''
  ) );
#13527 = PCURVE('',#13528,#13533);
#13528 = PLANE('',#13529);
#13529 = AXIS2_PLACEMENT_3D('',#13530,#13531,#13532);
#13530 = CARTESIAN_POINT('',(20.75,142.17442495927,36.371547404352));
#13531 = DIRECTION('',(-8.659560562355E-17,-0.141421356237,
    0.989949493661));
#13532 = DIRECTION('',(-1.,9.797174393179E-17,-7.347880794884E-17));
#13533 = DEFINITIONAL_REPRESENTATION('',(#13534),#13538);
#13534 = LINE('',#13535,#13536);
#13535 = CARTESIAN_POINT('',(20.75,-3.3));
#13536 = VECTOR('',#13537,1.);
#13537 = DIRECTION('',(1.,0.));
#13538 = ( GEOMETRIC_REPRESENTATION_CONTEXT(2) 
PARAMETRIC_REPRESENTATION_CONTEXT() REPRESENTATION_CONTEXT('2D SPACE',''
  ) );
#13539 = ORIENTED_EDGE('',*,*,#13462,.T.);
#13540 = ORIENTED_EDGE('',*,*,#13541,.T.);
#13541 = EDGE_CURVE('',#13391,#9345,#13542,.T.);
#13542 = SURFACE_CURVE('',#13543,(#13547,#13554),.PCURVE_S1.);
#13543 = LINE('',#13544,#13545);
#13544 = CARTESIAN_POINT('',(2.06097541384E-15,145.44125828835,
    36.838237879935));
#13545 = VECTOR('',#13546,1.);
#13546 = DIRECTION('',(-1.,9.797174393179E-17,-7.347880794884E-17));
#13547 = PCURVE('',#9234,#13548);
#13548 = DEFINITIONAL_REPRESENTATION('',(#13549),#13553);
#13549 = LINE('',#13550,#13551);
#13550 = CARTESIAN_POINT('',(20.,-18.));
#13551 = VECTOR('',#13552,1.);
#13552 = DIRECTION('',(1.,0.));
#13553 = ( GEOMETRIC_REPRESENTATION_CONTEXT(2) 
PARAMETRIC_REPRESENTATION_CONTEXT() REPRESENTATION_CONTEXT('2D SPACE',''
  ) );
#13554 = PCURVE('',#13528,#13555);
#13555 = DEFINITIONAL_REPRESENTATION('',(#13556),#13560);
#13556 = LINE('',#13557,#13558);
#13557 = CARTESIAN_POINT('',(20.75,-3.3));
#13558 = VECTOR('',#13559,1.);
#13559 = DIRECTION('',(1.,0.));
#13560 = ( GEOMETRIC_REPRESENTATION_CONTEXT(2) 
PARAMETRIC_REPRESENTATION_CONTEXT() REPRESENTATION_CONTEXT('2D SPACE',''
  ) );
#13561 = ORIENTED_EDGE('',*,*,#9396,.T.);
#13562 = ORIENTED_EDGE('',*,*,#9293,.F.);
#13563 = ORIENTED_EDGE('',*,*,#9216,.F.);
#13564 = ORIENTED_EDGE('',*,*,#13196,.F.);
#13565 = ORIENTED_EDGE('',*,*,#9491,.T.);
#13566 = ORIENTED_EDGE('',*,*,#9420,.F.);
#13567 = ADVANCED_FACE('',(#13568),#9360,.T.);
#13568 = FACE_BOUND('',#13569,.T.);
#13569 = EDGE_LOOP('',(#13570,#13571,#13572,#13595,#13621));
#13570 = ORIENTED_EDGE('',*,*,#9342,.F.);
#13571 = ORIENTED_EDGE('',*,*,#13319,.T.);
#13572 = ORIENTED_EDGE('',*,*,#13573,.T.);
#13573 = EDGE_CURVE('',#13320,#13574,#13576,.T.);
#13574 = VERTEX_POINT('',#13575);
#13575 = CARTESIAN_POINT('',(-22.75,140.06724675133,74.45631863906));
#13576 = SURFACE_CURVE('',#13577,(#13581,#13588),.PCURVE_S1.);
#13577 = LINE('',#13578,#13579);
#13578 = CARTESIAN_POINT('',(-22.75,145.72410100083,34.858338892613));
#13579 = VECTOR('',#13580,1.);
#13580 = DIRECTION('',(-8.659560562355E-17,-0.141421356237,
    0.989949493661));
#13581 = PCURVE('',#9360,#13582);
#13582 = DEFINITIONAL_REPRESENTATION('',(#13583),#13587);
#13583 = LINE('',#13584,#13585);
#13584 = CARTESIAN_POINT('',(44.5,-20.));
#13585 = VECTOR('',#13586,1.);
#13586 = DIRECTION('',(0.,1.));
#13587 = ( GEOMETRIC_REPRESENTATION_CONTEXT(2) 
PARAMETRIC_REPRESENTATION_CONTEXT() REPRESENTATION_CONTEXT('2D SPACE',''
  ) );
#13588 = PCURVE('',#12226,#13589);
#13589 = DEFINITIONAL_REPRESENTATION('',(#13590),#13594);
#13590 = LINE('',#13591,#13592);
#13591 = CARTESIAN_POINT('',(0.,-3.3));
#13592 = VECTOR('',#13593,1.);
#13593 = DIRECTION('',(1.,0.));
#13594 = ( GEOMETRIC_REPRESENTATION_CONTEXT(2) 
PARAMETRIC_REPRESENTATION_CONTEXT() REPRESENTATION_CONTEXT('2D SPACE',''
  ) );
#13595 = ORIENTED_EDGE('',*,*,#13596,.F.);
#13596 = EDGE_CURVE('',#9294,#13574,#13597,.T.);
#13597 = SURFACE_CURVE('',#13598,(#13602,#13609),.PCURVE_S1.);
#13598 = LINE('',#13599,#13600);
#13599 = CARTESIAN_POINT('',(-21.75,140.06724675133,74.45631863906));
#13600 = VECTOR('',#13601,1.);
#13601 = DIRECTION('',(-1.,9.797174393179E-17,-7.347880794884E-17));
#13602 = PCURVE('',#9360,#13603);
#13603 = DEFINITIONAL_REPRESENTATION('',(#13604),#13608);
#13604 = LINE('',#13605,#13606);
#13605 = CARTESIAN_POINT('',(43.5,20.));
#13606 = VECTOR('',#13607,1.);
#13607 = DIRECTION('',(1.,0.));
#13608 = ( GEOMETRIC_REPRESENTATION_CONTEXT(2) 
PARAMETRIC_REPRESENTATION_CONTEXT() REPRESENTATION_CONTEXT('2D SPACE',''
  ) );
#13609 = PCURVE('',#13610,#13615);
#13610 = PLANE('',#13611);
#13611 = AXIS2_PLACEMENT_3D('',#13612,#13613,#13614);
#13612 = CARTESIAN_POINT('',(22.75,136.80041342225,73.989628163477));
#13613 = DIRECTION('',(-8.659560562355E-17,-0.141421356237,
    0.989949493661));
#13614 = DIRECTION('',(-1.,9.797174393179E-17,-7.347880794884E-17));
#13615 = DEFINITIONAL_REPRESENTATION('',(#13616),#13620);
#13616 = LINE('',#13617,#13618);
#13617 = CARTESIAN_POINT('',(44.5,-3.3));
#13618 = VECTOR('',#13619,1.);
#13619 = DIRECTION('',(1.,0.));
#13620 = ( GEOMETRIC_REPRESENTATION_CONTEXT(2) 
PARAMETRIC_REPRESENTATION_CONTEXT() REPRESENTATION_CONTEXT('2D SPACE',''
  ) );
#13621 = ORIENTED_EDGE('',*,*,#9396,.F.);
#13622 = ADVANCED_FACE('',(#13623),#9604,.T.);
#13623 = FACE_BOUND('',#13624,.T.);
#13624 = EDGE_LOOP('',(#13625,#13648,#13649,#13650,#13651));
#13625 = ORIENTED_EDGE('',*,*,#13626,.T.);
#13626 = EDGE_CURVE('',#13627,#13221,#13629,.T.);
#13627 = VERTEX_POINT('',#13628);
#13628 = CARTESIAN_POINT('',(22.75,140.06724675133,74.45631863906));
#13629 = SURFACE_CURVE('',#13630,(#13634,#13641),.PCURVE_S1.);
#13630 = LINE('',#13631,#13632);
#13631 = CARTESIAN_POINT('',(22.75,140.06724675133,74.45631863906));
#13632 = VECTOR('',#13633,1.);
#13633 = DIRECTION('',(8.659560562355E-17,0.141421356237,-0.989949493661
    ));
#13634 = PCURVE('',#9604,#13635);
#13635 = DEFINITIONAL_REPRESENTATION('',(#13636),#13640);
#13636 = LINE('',#13637,#13638);
#13637 = CARTESIAN_POINT('',(-1.,20.));
#13638 = VECTOR('',#13639,1.);
#13639 = DIRECTION('',(0.,-1.));
#13640 = ( GEOMETRIC_REPRESENTATION_CONTEXT(2) 
PARAMETRIC_REPRESENTATION_CONTEXT() REPRESENTATION_CONTEXT('2D SPACE',''
  ) );
#13641 = PCURVE('',#12060,#13642);
#13642 = DEFINITIONAL_REPRESENTATION('',(#13643),#13647);
#13643 = LINE('',#13644,#13645);
#13644 = CARTESIAN_POINT('',(0.,-3.3));
#13645 = VECTOR('',#13646,1.);
#13646 = DIRECTION('',(1.,0.));
#13647 = ( GEOMETRIC_REPRESENTATION_CONTEXT(2) 
PARAMETRIC_REPRESENTATION_CONTEXT() REPRESENTATION_CONTEXT('2D SPACE',''
  ) );
#13648 = ORIENTED_EDGE('',*,*,#13220,.T.);
#13649 = ORIENTED_EDGE('',*,*,#9590,.F.);
#13650 = ORIENTED_EDGE('',*,*,#9541,.T.);
#13651 = ORIENTED_EDGE('',*,*,#13652,.F.);
#13652 = EDGE_CURVE('',#13627,#9421,#13653,.T.);
#13653 = SURFACE_CURVE('',#13654,(#13658,#13665),.PCURVE_S1.);
#13654 = LINE('',#13655,#13656);
#13655 = CARTESIAN_POINT('',(21.75,140.06724675133,74.45631863906));
#13656 = VECTOR('',#13657,1.);
#13657 = DIRECTION('',(-1.,9.797174393179E-17,-7.347880794884E-17));
#13658 = PCURVE('',#9604,#13659);
#13659 = DEFINITIONAL_REPRESENTATION('',(#13660),#13664);
#13660 = LINE('',#13661,#13662);
#13661 = CARTESIAN_POINT('',(0.,20.));
#13662 = VECTOR('',#13663,1.);
#13663 = DIRECTION('',(1.,0.));
#13664 = ( GEOMETRIC_REPRESENTATION_CONTEXT(2) 
PARAMETRIC_REPRESENTATION_CONTEXT() REPRESENTATION_CONTEXT('2D SPACE',''
  ) );
#13665 = PCURVE('',#13610,#13666);
#13666 = DEFINITIONAL_REPRESENTATION('',(#13667),#13671);
#13667 = LINE('',#13668,#13669);
#13668 = CARTESIAN_POINT('',(1.,-3.3));
#13669 = VECTOR('',#13670,1.);
#13670 = DIRECTION('',(1.,0.));
#13671 = ( GEOMETRIC_REPRESENTATION_CONTEXT(2) 
PARAMETRIC_REPRESENTATION_CONTEXT() REPRESENTATION_CONTEXT('2D SPACE',''
  ) );
#13672 = ADVANCED_FACE('',(#13673),#9712,.T.);
#13673 = FACE_BOUND('',#13674,.T.);
#13674 = EDGE_LOOP('',(#13675,#13676,#13677,#13678));
#13675 = ORIENTED_EDGE('',*,*,#9838,.F.);
#13676 = ORIENTED_EDGE('',*,*,#12018,.T.);
#13677 = ORIENTED_EDGE('',*,*,#9695,.T.);
#13678 = ORIENTED_EDGE('',*,*,#13679,.T.);
#13679 = EDGE_CURVE('',#9698,#9841,#13680,.T.);
#13680 = SURFACE_CURVE('',#13681,(#13685,#13691),.PCURVE_S1.);
#13681 = LINE('',#13682,#13683);
#13682 = CARTESIAN_POINT('',(45.,98.765981254325,56.200614138038));
#13683 = VECTOR('',#13684,1.);
#13684 = DIRECTION('',(-0.,0.96737222338,0.253359391838));
#13685 = PCURVE('',#9712,#13686);
#13686 = DEFINITIONAL_REPRESENTATION('',(#13687),#13690);
#13687 = B_SPLINE_CURVE_WITH_KNOTS('',1,(#13688,#13689),.UNSPECIFIED.,
  .F.,.F.,(2,2),(-170.3232502155,42.624770227114),
  .PIECEWISE_BEZIER_KNOTS.);
#13688 = CARTESIAN_POINT('',(126.08459666657,-22.60718789819));
#13689 = CARTESIAN_POINT('',(-79.91540333342,31.345193054191));
#13690 = ( GEOMETRIC_REPRESENTATION_CONTEXT(2) 
PARAMETRIC_REPRESENTATION_CONTEXT() REPRESENTATION_CONTEXT('2D SPACE',''
  ) );
#13691 = PCURVE('',#9779,#13692);
#13692 = DEFINITIONAL_REPRESENTATION('',(#13693),#13696);
#13693 = B_SPLINE_CURVE_WITH_KNOTS('',1,(#13694,#13695),.UNSPECIFIED.,
  .F.,.F.,(2,2),(-170.3232502155,42.624770227114),
  .PIECEWISE_BEZIER_KNOTS.);
#13694 = CARTESIAN_POINT('',(212.94802044262,45.));
#13695 = CARTESIAN_POINT('',(0.,45.));
#13696 = ( GEOMETRIC_REPRESENTATION_CONTEXT(2) 
PARAMETRIC_REPRESENTATION_CONTEXT() REPRESENTATION_CONTEXT('2D SPACE',''
  ) );
#13697 = ADVANCED_FACE('',(#13698),#9779,.T.);
#13698 = FACE_BOUND('',#13699,.T.);
#13699 = EDGE_LOOP('',(#13700,#13701,#13702,#13703));
#13700 = ORIENTED_EDGE('',*,*,#13679,.F.);
#13701 = ORIENTED_EDGE('',*,*,#9766,.T.);
#13702 = ORIENTED_EDGE('',*,*,#9816,.T.);
#13703 = ORIENTED_EDGE('',*,*,#9904,.F.);
#13704 = ADVANCED_FACE('',(#13705,#13708),#10210,.F.);
#13705 = FACE_BOUND('',#13706,.F.);
#13706 = EDGE_LOOP('',(#13707));
#13707 = ORIENTED_EDGE('',*,*,#10195,.T.);
#13708 = FACE_BOUND('',#13709,.F.);
#13709 = EDGE_LOOP('',(#13710));
#13710 = ORIENTED_EDGE('',*,*,#13711,.F.);
#13711 = EDGE_CURVE('',#13712,#13712,#13714,.T.);
#13712 = VERTEX_POINT('',#13713);
#13713 = CARTESIAN_POINT('',(-10.7,59.184837585314,19.97020561473));
#13714 = SURFACE_CURVE('',#13715,(#13720,#13727),.PCURVE_S1.);
#13715 = CIRCLE('',#13716,1.3);
#13716 = AXIS2_PLACEMENT_3D('',#13717,#13718,#13719);
#13717 = CARTESIAN_POINT('',(-12.,59.184837585314,19.97020561473));
#13718 = DIRECTION('',(0.,-0.141421356237,0.989949493661));
#13719 = DIRECTION('',(1.,0.,0.));
#13720 = PCURVE('',#10210,#13721);
#13721 = DEFINITIONAL_REPRESENTATION('',(#13722),#13726);
#13722 = CIRCLE('',#13723,1.3);
#13723 = AXIS2_PLACEMENT_2D('',#13724,#13725);
#13724 = CARTESIAN_POINT('',(0.,7.034014214903E-15));
#13725 = DIRECTION('',(1.,0.));
#13726 = ( GEOMETRIC_REPRESENTATION_CONTEXT(2) 
PARAMETRIC_REPRESENTATION_CONTEXT() REPRESENTATION_CONTEXT('2D SPACE',''
  ) );
#13727 = PCURVE('',#13728,#13733);
#13728 = CYLINDRICAL_SURFACE('',#13729,1.3);
#13729 = AXIS2_PLACEMENT_3D('',#13730,#13731,#13732);
#13730 = CARTESIAN_POINT('',(-12.,58.831284194721,22.445079348883));
#13731 = DIRECTION('',(0.,-0.141421356237,0.989949493661));
#13732 = DIRECTION('',(1.,0.,0.));
#13733 = DEFINITIONAL_REPRESENTATION('',(#13734),#13738);
#13734 = LINE('',#13735,#13736);
#13735 = CARTESIAN_POINT('',(0.,-2.5));
#13736 = VECTOR('',#13737,1.);
#13737 = DIRECTION('',(1.,0.));
#13738 = ( GEOMETRIC_REPRESENTATION_CONTEXT(2) 
PARAMETRIC_REPRESENTATION_CONTEXT() REPRESENTATION_CONTEXT('2D SPACE',''
  ) );
#13739 = ADVANCED_FACE('',(#13740,#13743),#10265,.F.);
#13740 = FACE_BOUND('',#13741,.F.);
#13741 = EDGE_LOOP('',(#13742));
#13742 = ORIENTED_EDGE('',*,*,#10250,.T.);
#13743 = FACE_BOUND('',#13744,.F.);
#13744 = EDGE_LOOP('',(#13745));
#13745 = ORIENTED_EDGE('',*,*,#13746,.F.);
#13746 = EDGE_CURVE('',#13747,#13747,#13749,.T.);
#13747 = VERTEX_POINT('',#13748);
#13748 = CARTESIAN_POINT('',(-10.7,35.426049737446,16.576093065035));
#13749 = SURFACE_CURVE('',#13750,(#13755,#13762),.PCURVE_S1.);
#13750 = CIRCLE('',#13751,1.3);
#13751 = AXIS2_PLACEMENT_3D('',#13752,#13753,#13754);
#13752 = CARTESIAN_POINT('',(-12.,35.426049737446,16.576093065035));
#13753 = DIRECTION('',(0.,-0.141421356237,0.989949493661));
#13754 = DIRECTION('',(1.,0.,0.));
#13755 = PCURVE('',#10265,#13756);
#13756 = DEFINITIONAL_REPRESENTATION('',(#13757),#13761);
#13757 = CIRCLE('',#13758,1.3);
#13758 = AXIS2_PLACEMENT_2D('',#13759,#13760);
#13759 = CARTESIAN_POINT('',(0.,7.536443801682E-15));
#13760 = DIRECTION('',(1.,0.));
#13761 = ( GEOMETRIC_REPRESENTATION_CONTEXT(2) 
PARAMETRIC_REPRESENTATION_CONTEXT() REPRESENTATION_CONTEXT('2D SPACE',''
  ) );
#13762 = PCURVE('',#13763,#13768);
#13763 = CYLINDRICAL_SURFACE('',#13764,1.3);
#13764 = AXIS2_PLACEMENT_3D('',#13765,#13766,#13767);
#13765 = CARTESIAN_POINT('',(-12.,35.072496346853,19.050966799188));
#13766 = DIRECTION('',(0.,-0.141421356237,0.989949493661));
#13767 = DIRECTION('',(1.,0.,0.));
#13768 = DEFINITIONAL_REPRESENTATION('',(#13769),#13773);
#13769 = LINE('',#13770,#13771);
#13770 = CARTESIAN_POINT('',(0.,-2.5));
#13771 = VECTOR('',#13772,1.);
#13772 = DIRECTION('',(1.,0.));
#13773 = ( GEOMETRIC_REPRESENTATION_CONTEXT(2) 
PARAMETRIC_REPRESENTATION_CONTEXT() REPRESENTATION_CONTEXT('2D SPACE',''
  ) );
#13774 = ADVANCED_FACE('',(#13775,#13778),#11378,.F.);
#13775 = FACE_BOUND('',#13776,.F.);
#13776 = EDGE_LOOP('',(#13777));
#13777 = ORIENTED_EDGE('',*,*,#11363,.T.);
#13778 = FACE_BOUND('',#13779,.F.);
#13779 = EDGE_LOOP('',(#13780));
#13780 = ORIENTED_EDGE('',*,*,#13781,.F.);
#13781 = EDGE_CURVE('',#13782,#13782,#13784,.T.);
#13782 = VERTEX_POINT('',#13783);
#13783 = CARTESIAN_POINT('',(13.3,59.184837585314,19.97020561473));
#13784 = SURFACE_CURVE('',#13785,(#13790,#13797),.PCURVE_S1.);
#13785 = CIRCLE('',#13786,1.3);
#13786 = AXIS2_PLACEMENT_3D('',#13787,#13788,#13789);
#13787 = CARTESIAN_POINT('',(12.,59.184837585314,19.97020561473));
#13788 = DIRECTION('',(0.,-0.141421356237,0.989949493661));
#13789 = DIRECTION('',(1.,0.,0.));
#13790 = PCURVE('',#11378,#13791);
#13791 = DEFINITIONAL_REPRESENTATION('',(#13792),#13796);
#13792 = CIRCLE('',#13793,1.3);
#13793 = AXIS2_PLACEMENT_2D('',#13794,#13795);
#13794 = CARTESIAN_POINT('',(0.,7.034014214903E-15));
#13795 = DIRECTION('',(1.,0.));
#13796 = ( GEOMETRIC_REPRESENTATION_CONTEXT(2) 
PARAMETRIC_REPRESENTATION_CONTEXT() REPRESENTATION_CONTEXT('2D SPACE',''
  ) );
#13797 = PCURVE('',#13798,#13803);
#13798 = CYLINDRICAL_SURFACE('',#13799,1.3);
#13799 = AXIS2_PLACEMENT_3D('',#13800,#13801,#13802);
#13800 = CARTESIAN_POINT('',(12.,58.831284194721,22.445079348883));
#13801 = DIRECTION('',(0.,-0.141421356237,0.989949493661));
#13802 = DIRECTION('',(1.,0.,0.));
#13803 = DEFINITIONAL_REPRESENTATION('',(#13804),#13808);
#13804 = LINE('',#13805,#13806);
#13805 = CARTESIAN_POINT('',(0.,-2.5));
#13806 = VECTOR('',#13807,1.);
#13807 = DIRECTION('',(1.,0.));
#13808 = ( GEOMETRIC_REPRESENTATION_CONTEXT(2) 
PARAMETRIC_REPRESENTATION_CONTEXT() REPRESENTATION_CONTEXT('2D SPACE',''
  ) );
#13809 = ADVANCED_FACE('',(#13810,#13813),#11433,.F.);
#13810 = FACE_BOUND('',#13811,.F.);
#13811 = EDGE_LOOP('',(#13812));
#13812 = ORIENTED_EDGE('',*,*,#11418,.T.);
#13813 = FACE_BOUND('',#13814,.F.);
#13814 = EDGE_LOOP('',(#13815));
#13815 = ORIENTED_EDGE('',*,*,#13816,.F.);
#13816 = EDGE_CURVE('',#13817,#13817,#13819,.T.);
#13817 = VERTEX_POINT('',#13818);
#13818 = CARTESIAN_POINT('',(13.3,35.426049737446,16.576093065035));
#13819 = SURFACE_CURVE('',#13820,(#13825,#13832),.PCURVE_S1.);
#13820 = CIRCLE('',#13821,1.3);
#13821 = AXIS2_PLACEMENT_3D('',#13822,#13823,#13824);
#13822 = CARTESIAN_POINT('',(12.,35.426049737446,16.576093065035));
#13823 = DIRECTION('',(0.,-0.141421356237,0.989949493661));
#13824 = DIRECTION('',(1.,0.,0.));
#13825 = PCURVE('',#11433,#13826);
#13826 = DEFINITIONAL_REPRESENTATION('',(#13827),#13831);
#13827 = CIRCLE('',#13828,1.3);
#13828 = AXIS2_PLACEMENT_2D('',#13829,#13830);
#13829 = CARTESIAN_POINT('',(0.,7.536443801682E-15));
#13830 = DIRECTION('',(1.,0.));
#13831 = ( GEOMETRIC_REPRESENTATION_CONTEXT(2) 
PARAMETRIC_REPRESENTATION_CONTEXT() REPRESENTATION_CONTEXT('2D SPACE',''
  ) );
#13832 = PCURVE('',#13833,#13838);
#13833 = CYLINDRICAL_SURFACE('',#13834,1.3);
#13834 = AXIS2_PLACEMENT_3D('',#13835,#13836,#13837);
#13835 = CARTESIAN_POINT('',(12.,35.072496346853,19.050966799188));
#13836 = DIRECTION('',(0.,-0.141421356237,0.989949493661));
#13837 = DIRECTION('',(1.,0.,0.));
#13838 = DEFINITIONAL_REPRESENTATION('',(#13839),#13843);
#13839 = LINE('',#13840,#13841);
#13840 = CARTESIAN_POINT('',(0.,-2.5));
#13841 = VECTOR('',#13842,1.);
#13842 = DIRECTION('',(1.,0.));
#13843 = ( GEOMETRIC_REPRESENTATION_CONTEXT(2) 
PARAMETRIC_REPRESENTATION_CONTEXT() REPRESENTATION_CONTEXT('2D SPACE',''
  ) );
#13844 = ADVANCED_FACE('',(#13845),#12226,.F.);
#13845 = FACE_BOUND('',#13846,.F.);
#13846 = EDGE_LOOP('',(#13847,#13848,#13871,#13899,#13920,#13921));
#13847 = ORIENTED_EDGE('',*,*,#13573,.T.);
#13848 = ORIENTED_EDGE('',*,*,#13849,.F.);
#13849 = EDGE_CURVE('',#13850,#13574,#13852,.T.);
#13850 = VERTEX_POINT('',#13851);
#13851 = CARTESIAN_POINT('',(-22.75,135.31548918176,73.777496129121));
#13852 = SURFACE_CURVE('',#13853,(#13857,#13864),.PCURVE_S1.);
#13853 = LINE('',#13854,#13855);
#13854 = CARTESIAN_POINT('',(-22.75,135.31548918176,73.777496129121));
#13855 = VECTOR('',#13856,1.);
#13856 = DIRECTION('',(8.659560562355E-17,0.989949493661,0.141421356237)
  );
#13857 = PCURVE('',#12226,#13858);
#13858 = DEFINITIONAL_REPRESENTATION('',(#13859),#13863);
#13859 = LINE('',#13860,#13861);
#13860 = CARTESIAN_POINT('',(40.,1.5));
#13861 = VECTOR('',#13862,1.);
#13862 = DIRECTION('',(0.,-1.));
#13863 = ( GEOMETRIC_REPRESENTATION_CONTEXT(2) 
PARAMETRIC_REPRESENTATION_CONTEXT() REPRESENTATION_CONTEXT('2D SPACE',''
  ) );
#13864 = PCURVE('',#13610,#13865);
#13865 = DEFINITIONAL_REPRESENTATION('',(#13866),#13870);
#13866 = LINE('',#13867,#13868);
#13867 = CARTESIAN_POINT('',(45.5,1.5));
#13868 = VECTOR('',#13869,1.);
#13869 = DIRECTION('',(0.,-1.));
#13870 = ( GEOMETRIC_REPRESENTATION_CONTEXT(2) 
PARAMETRIC_REPRESENTATION_CONTEXT() REPRESENTATION_CONTEXT('2D SPACE',''
  ) );
#13871 = ORIENTED_EDGE('',*,*,#13872,.F.);
#13872 = EDGE_CURVE('',#13873,#13850,#13875,.T.);
#13873 = VERTEX_POINT('',#13874);
#13874 = CARTESIAN_POINT('',(-22.75,139.55812986888,44.079011319286));
#13875 = SURFACE_CURVE('',#13876,(#13880,#13887),.PCURVE_S1.);
#13876 = LINE('',#13877,#13878);
#13877 = CARTESIAN_POINT('',(-22.75,138.14391630651,53.978506255897));
#13878 = VECTOR('',#13879,1.);
#13879 = DIRECTION('',(-8.659560562355E-17,-0.141421356237,
    0.989949493661));
#13880 = PCURVE('',#12226,#13881);
#13881 = DEFINITIONAL_REPRESENTATION('',(#13882),#13886);
#13882 = LINE('',#13883,#13884);
#13883 = CARTESIAN_POINT('',(20.,1.5));
#13884 = VECTOR('',#13885,1.);
#13885 = DIRECTION('',(1.,0.));
#13886 = ( GEOMETRIC_REPRESENTATION_CONTEXT(2) 
PARAMETRIC_REPRESENTATION_CONTEXT() REPRESENTATION_CONTEXT('2D SPACE',''
  ) );
#13887 = PCURVE('',#13888,#13893);
#13888 = PLANE('',#13889);
#13889 = AXIS2_PLACEMENT_3D('',#13890,#13891,#13892);
#13890 = CARTESIAN_POINT('',(8.659560562355E-17,138.14391630651,
    53.978506255897));
#13891 = DIRECTION('',(8.659560562355E-17,0.989949493661,0.141421356237)
  );
#13892 = DIRECTION('',(-1.,9.797174393179E-17,-7.347880794884E-17));
#13893 = DEFINITIONAL_REPRESENTATION('',(#13894),#13898);
#13894 = LINE('',#13895,#13896);
#13895 = CARTESIAN_POINT('',(22.75,0.));
#13896 = VECTOR('',#13897,1.);
#13897 = DIRECTION('',(0.,1.));
#13898 = ( GEOMETRIC_REPRESENTATION_CONTEXT(2) 
PARAMETRIC_REPRESENTATION_CONTEXT() REPRESENTATION_CONTEXT('2D SPACE',''
  ) );
#13899 = ORIENTED_EDGE('',*,*,#13900,.F.);
#13900 = EDGE_CURVE('',#12185,#13873,#13901,.T.);
#13901 = SURFACE_CURVE('',#13902,(#13906,#13913),.PCURVE_S1.);
#13902 = LINE('',#13903,#13904);
#13903 = CARTESIAN_POINT('',(-22.75,138.14391630651,53.978506255897));
#13904 = VECTOR('',#13905,1.);
#13905 = DIRECTION('',(-8.659560562355E-17,-0.141421356237,
    0.989949493661));
#13906 = PCURVE('',#12226,#13907);
#13907 = DEFINITIONAL_REPRESENTATION('',(#13908),#13912);
#13908 = LINE('',#13909,#13910);
#13909 = CARTESIAN_POINT('',(20.,1.5));
#13910 = VECTOR('',#13911,1.);
#13911 = DIRECTION('',(1.,0.));
#13912 = ( GEOMETRIC_REPRESENTATION_CONTEXT(2) 
PARAMETRIC_REPRESENTATION_CONTEXT() REPRESENTATION_CONTEXT('2D SPACE',''
  ) );
#13913 = PCURVE('',#12200,#13914);
#13914 = DEFINITIONAL_REPRESENTATION('',(#13915),#13919);
#13915 = LINE('',#13916,#13917);
#13916 = CARTESIAN_POINT('',(12.95,-20.));
#13917 = VECTOR('',#13918,1.);
#13918 = DIRECTION('',(-8.659560562355E-17,-1.));
#13919 = ( GEOMETRIC_REPRESENTATION_CONTEXT(2) 
PARAMETRIC_REPRESENTATION_CONTEXT() REPRESENTATION_CONTEXT('2D SPACE',''
  ) );
#13920 = ORIENTED_EDGE('',*,*,#12212,.T.);
#13921 = ORIENTED_EDGE('',*,*,#13342,.T.);
#13922 = ADVANCED_FACE('',(#13923),#12200,.T.);
#13923 = FACE_BOUND('',#13924,.T.);
#13924 = EDGE_LOOP('',(#13925,#13926,#13949,#13975));
#13925 = ORIENTED_EDGE('',*,*,#12184,.F.);
#13926 = ORIENTED_EDGE('',*,*,#13927,.T.);
#13927 = EDGE_CURVE('',#12157,#13928,#13930,.T.);
#13928 = VERTEX_POINT('',#13929);
#13929 = CARTESIAN_POINT('',(-35.7,139.55812986888,44.079011319286));
#13930 = SURFACE_CURVE('',#13931,(#13935,#13942),.PCURVE_S1.);
#13931 = LINE('',#13932,#13933);
#13932 = CARTESIAN_POINT('',(-35.7,140.97234343125,34.179516382674));
#13933 = VECTOR('',#13934,1.);
#13934 = DIRECTION('',(0.,-0.141421356237,0.989949493661));
#13935 = PCURVE('',#12200,#13936);
#13936 = DEFINITIONAL_REPRESENTATION('',(#13937),#13941);
#13937 = LINE('',#13938,#13939);
#13938 = CARTESIAN_POINT('',(0.,0.));
#13939 = VECTOR('',#13940,1.);
#13940 = DIRECTION('',(0.,-1.));
#13941 = ( GEOMETRIC_REPRESENTATION_CONTEXT(2) 
PARAMETRIC_REPRESENTATION_CONTEXT() REPRESENTATION_CONTEXT('2D SPACE',''
  ) );
#13942 = PCURVE('',#12172,#13943);
#13943 = DEFINITIONAL_REPRESENTATION('',(#13944),#13948);
#13944 = LINE('',#13945,#13946);
#13945 = CARTESIAN_POINT('',(76.95,-1.7763568394E-15));
#13946 = VECTOR('',#13947,1.);
#13947 = DIRECTION('',(0.,-1.));
#13948 = ( GEOMETRIC_REPRESENTATION_CONTEXT(2) 
PARAMETRIC_REPRESENTATION_CONTEXT() REPRESENTATION_CONTEXT('2D SPACE',''
  ) );
#13949 = ORIENTED_EDGE('',*,*,#13950,.T.);
#13950 = EDGE_CURVE('',#13928,#13873,#13951,.T.);
#13951 = SURFACE_CURVE('',#13952,(#13956,#13963),.PCURVE_S1.);
#13952 = LINE('',#13953,#13954);
#13953 = CARTESIAN_POINT('',(0.,139.55812986888,44.079011319286));
#13954 = VECTOR('',#13955,1.);
#13955 = DIRECTION('',(1.,0.,0.));
#13956 = PCURVE('',#12200,#13957);
#13957 = DEFINITIONAL_REPRESENTATION('',(#13958),#13962);
#13958 = LINE('',#13959,#13960);
#13959 = CARTESIAN_POINT('',(35.7,-10.));
#13960 = VECTOR('',#13961,1.);
#13961 = DIRECTION('',(1.,0.));
#13962 = ( GEOMETRIC_REPRESENTATION_CONTEXT(2) 
PARAMETRIC_REPRESENTATION_CONTEXT() REPRESENTATION_CONTEXT('2D SPACE',''
  ) );
#13963 = PCURVE('',#13964,#13969);
#13964 = PLANE('',#13965);
#13965 = AXIS2_PLACEMENT_3D('',#13966,#13967,#13968);
#13966 = CARTESIAN_POINT('',(0.,101.46982310027,38.637824638055));
#13967 = DIRECTION('',(0.,-0.141421356237,0.989949493661));
#13968 = DIRECTION('',(1.,0.,0.));
#13969 = DEFINITIONAL_REPRESENTATION('',(#13970),#13974);
#13970 = LINE('',#13971,#13972);
#13971 = CARTESIAN_POINT('',(0.,38.475));
#13972 = VECTOR('',#13973,1.);
#13973 = DIRECTION('',(1.,0.));
#13974 = ( GEOMETRIC_REPRESENTATION_CONTEXT(2) 
PARAMETRIC_REPRESENTATION_CONTEXT() REPRESENTATION_CONTEXT('2D SPACE',''
  ) );
#13975 = ORIENTED_EDGE('',*,*,#13900,.F.);
#13976 = ADVANCED_FACE('',(#13977),#12172,.T.);
#13977 = FACE_BOUND('',#13978,.T.);
#13978 = EDGE_LOOP('',(#13979,#14002,#14023,#14024));
#13979 = ORIENTED_EDGE('',*,*,#13980,.T.);
#13980 = EDGE_CURVE('',#12129,#13981,#13983,.T.);
#13981 = VERTEX_POINT('',#13982);
#13982 = CARTESIAN_POINT('',(-35.7,63.381516331656,33.196637956825));
#13983 = SURFACE_CURVE('',#13984,(#13988,#13995),.PCURVE_S1.);
#13984 = LINE('',#13985,#13986);
#13985 = CARTESIAN_POINT('',(-35.7,64.795729894029,23.297143020213));
#13986 = VECTOR('',#13987,1.);
#13987 = DIRECTION('',(0.,-0.141421356237,0.989949493661));
#13988 = PCURVE('',#12172,#13989);
#13989 = DEFINITIONAL_REPRESENTATION('',(#13990),#13994);
#13990 = LINE('',#13991,#13992);
#13991 = CARTESIAN_POINT('',(0.,0.));
#13992 = VECTOR('',#13993,1.);
#13993 = DIRECTION('',(0.,-1.));
#13994 = ( GEOMETRIC_REPRESENTATION_CONTEXT(2) 
PARAMETRIC_REPRESENTATION_CONTEXT() REPRESENTATION_CONTEXT('2D SPACE',''
  ) );
#13995 = PCURVE('',#12144,#13996);
#13996 = DEFINITIONAL_REPRESENTATION('',(#13997),#14001);
#13997 = LINE('',#13998,#13999);
#13998 = CARTESIAN_POINT('',(0.,0.));
#13999 = VECTOR('',#14000,1.);
#14000 = DIRECTION('',(0.,-1.));
#14001 = ( GEOMETRIC_REPRESENTATION_CONTEXT(2) 
PARAMETRIC_REPRESENTATION_CONTEXT() REPRESENTATION_CONTEXT('2D SPACE',''
  ) );
#14002 = ORIENTED_EDGE('',*,*,#14003,.T.);
#14003 = EDGE_CURVE('',#13981,#13928,#14004,.T.);
#14004 = SURFACE_CURVE('',#14005,(#14009,#14016),.PCURVE_S1.);
#14005 = LINE('',#14006,#14007);
#14006 = CARTESIAN_POINT('',(-35.7,101.46982310027,38.637824638055));
#14007 = VECTOR('',#14008,1.);
#14008 = DIRECTION('',(0.,0.989949493661,0.141421356237));
#14009 = PCURVE('',#12172,#14010);
#14010 = DEFINITIONAL_REPRESENTATION('',(#14011),#14015);
#14011 = LINE('',#14012,#14013);
#14012 = CARTESIAN_POINT('',(38.475,-10.));
#14013 = VECTOR('',#14014,1.);
#14014 = DIRECTION('',(1.,0.));
#14015 = ( GEOMETRIC_REPRESENTATION_CONTEXT(2) 
PARAMETRIC_REPRESENTATION_CONTEXT() REPRESENTATION_CONTEXT('2D SPACE',''
  ) );
#14016 = PCURVE('',#13964,#14017);
#14017 = DEFINITIONAL_REPRESENTATION('',(#14018),#14022);
#14018 = LINE('',#14019,#14020);
#14019 = CARTESIAN_POINT('',(-35.7,0.));
#14020 = VECTOR('',#14021,1.);
#14021 = DIRECTION('',(0.,1.));
#14022 = ( GEOMETRIC_REPRESENTATION_CONTEXT(2) 
PARAMETRIC_REPRESENTATION_CONTEXT() REPRESENTATION_CONTEXT('2D SPACE',''
  ) );
#14023 = ORIENTED_EDGE('',*,*,#13927,.F.);
#14024 = ORIENTED_EDGE('',*,*,#12156,.F.);
#14025 = ADVANCED_FACE('',(#14026),#12144,.F.);
#14026 = FACE_BOUND('',#14027,.F.);
#14027 = EDGE_LOOP('',(#14028,#14029,#14052,#14073));
#14028 = ORIENTED_EDGE('',*,*,#13980,.T.);
#14029 = ORIENTED_EDGE('',*,*,#14030,.T.);
#14030 = EDGE_CURVE('',#13981,#14031,#14033,.T.);
#14031 = VERTEX_POINT('',#14032);
#14032 = CARTESIAN_POINT('',(35.7,63.381516331656,33.196637956825));
#14033 = SURFACE_CURVE('',#14034,(#14038,#14045),.PCURVE_S1.);
#14034 = LINE('',#14035,#14036);
#14035 = CARTESIAN_POINT('',(0.,63.381516331656,33.196637956825));
#14036 = VECTOR('',#14037,1.);
#14037 = DIRECTION('',(1.,0.,0.));
#14038 = PCURVE('',#12144,#14039);
#14039 = DEFINITIONAL_REPRESENTATION('',(#14040),#14044);
#14040 = LINE('',#14041,#14042);
#14041 = CARTESIAN_POINT('',(35.7,-10.));
#14042 = VECTOR('',#14043,1.);
#14043 = DIRECTION('',(1.,0.));
#14044 = ( GEOMETRIC_REPRESENTATION_CONTEXT(2) 
PARAMETRIC_REPRESENTATION_CONTEXT() REPRESENTATION_CONTEXT('2D SPACE',''
  ) );
#14045 = PCURVE('',#13964,#14046);
#14046 = DEFINITIONAL_REPRESENTATION('',(#14047),#14051);
#14047 = LINE('',#14048,#14049);
#14048 = CARTESIAN_POINT('',(0.,-38.475));
#14049 = VECTOR('',#14050,1.);
#14050 = DIRECTION('',(1.,0.));
#14051 = ( GEOMETRIC_REPRESENTATION_CONTEXT(2) 
PARAMETRIC_REPRESENTATION_CONTEXT() REPRESENTATION_CONTEXT('2D SPACE',''
  ) );
#14052 = ORIENTED_EDGE('',*,*,#14053,.F.);
#14053 = EDGE_CURVE('',#12101,#14031,#14054,.T.);
#14054 = SURFACE_CURVE('',#14055,(#14059,#14066),.PCURVE_S1.);
#14055 = LINE('',#14056,#14057);
#14056 = CARTESIAN_POINT('',(35.7,64.795729894029,23.297143020213));
#14057 = VECTOR('',#14058,1.);
#14058 = DIRECTION('',(0.,-0.141421356237,0.989949493661));
#14059 = PCURVE('',#12144,#14060);
#14060 = DEFINITIONAL_REPRESENTATION('',(#14061),#14065);
#14061 = LINE('',#14062,#14063);
#14062 = CARTESIAN_POINT('',(71.4,0.));
#14063 = VECTOR('',#14064,1.);
#14064 = DIRECTION('',(0.,-1.));
#14065 = ( GEOMETRIC_REPRESENTATION_CONTEXT(2) 
PARAMETRIC_REPRESENTATION_CONTEXT() REPRESENTATION_CONTEXT('2D SPACE',''
  ) );
#14066 = PCURVE('',#12116,#14067);
#14067 = DEFINITIONAL_REPRESENTATION('',(#14068),#14072);
#14068 = LINE('',#14069,#14070);
#14069 = CARTESIAN_POINT('',(0.,0.));
#14070 = VECTOR('',#14071,1.);
#14071 = DIRECTION('',(0.,-1.));
#14072 = ( GEOMETRIC_REPRESENTATION_CONTEXT(2) 
PARAMETRIC_REPRESENTATION_CONTEXT() REPRESENTATION_CONTEXT('2D SPACE',''
  ) );
#14073 = ORIENTED_EDGE('',*,*,#12128,.F.);
#14074 = ADVANCED_FACE('',(#14075),#12116,.F.);
#14075 = FACE_BOUND('',#14076,.F.);
#14076 = EDGE_LOOP('',(#14077,#14078,#14101,#14122));
#14077 = ORIENTED_EDGE('',*,*,#14053,.T.);
#14078 = ORIENTED_EDGE('',*,*,#14079,.T.);
#14079 = EDGE_CURVE('',#14031,#14080,#14082,.T.);
#14080 = VERTEX_POINT('',#14081);
#14081 = CARTESIAN_POINT('',(35.7,139.55812986888,44.079011319286));
#14082 = SURFACE_CURVE('',#14083,(#14087,#14094),.PCURVE_S1.);
#14083 = LINE('',#14084,#14085);
#14084 = CARTESIAN_POINT('',(35.7,101.46982310027,38.637824638055));
#14085 = VECTOR('',#14086,1.);
#14086 = DIRECTION('',(0.,0.989949493661,0.141421356237));
#14087 = PCURVE('',#12116,#14088);
#14088 = DEFINITIONAL_REPRESENTATION('',(#14089),#14093);
#14089 = LINE('',#14090,#14091);
#14090 = CARTESIAN_POINT('',(38.475,-10.));
#14091 = VECTOR('',#14092,1.);
#14092 = DIRECTION('',(1.,0.));
#14093 = ( GEOMETRIC_REPRESENTATION_CONTEXT(2) 
PARAMETRIC_REPRESENTATION_CONTEXT() REPRESENTATION_CONTEXT('2D SPACE',''
  ) );
#14094 = PCURVE('',#13964,#14095);
#14095 = DEFINITIONAL_REPRESENTATION('',(#14096),#14100);
#14096 = LINE('',#14097,#14098);
#14097 = CARTESIAN_POINT('',(35.7,0.));
#14098 = VECTOR('',#14099,1.);
#14099 = DIRECTION('',(0.,1.));
#14100 = ( GEOMETRIC_REPRESENTATION_CONTEXT(2) 
PARAMETRIC_REPRESENTATION_CONTEXT() REPRESENTATION_CONTEXT('2D SPACE',''
  ) );
#14101 = ORIENTED_EDGE('',*,*,#14102,.F.);
#14102 = EDGE_CURVE('',#12073,#14080,#14103,.T.);
#14103 = SURFACE_CURVE('',#14104,(#14108,#14115),.PCURVE_S1.);
#14104 = LINE('',#14105,#14106);
#14105 = CARTESIAN_POINT('',(35.7,140.97234343125,34.179516382674));
#14106 = VECTOR('',#14107,1.);
#14107 = DIRECTION('',(0.,-0.141421356237,0.989949493661));
#14108 = PCURVE('',#12116,#14109);
#14109 = DEFINITIONAL_REPRESENTATION('',(#14110),#14114);
#14110 = LINE('',#14111,#14112);
#14111 = CARTESIAN_POINT('',(76.95,-1.7763568394E-15));
#14112 = VECTOR('',#14113,1.);
#14113 = DIRECTION('',(0.,-1.));
#14114 = ( GEOMETRIC_REPRESENTATION_CONTEXT(2) 
PARAMETRIC_REPRESENTATION_CONTEXT() REPRESENTATION_CONTEXT('2D SPACE',''
  ) );
#14115 = PCURVE('',#12088,#14116);
#14116 = DEFINITIONAL_REPRESENTATION('',(#14117),#14121);
#14117 = LINE('',#14118,#14119);
#14118 = CARTESIAN_POINT('',(71.4,0.));
#14119 = VECTOR('',#14120,1.);
#14120 = DIRECTION('',(0.,-1.));
#14121 = ( GEOMETRIC_REPRESENTATION_CONTEXT(2) 
PARAMETRIC_REPRESENTATION_CONTEXT() REPRESENTATION_CONTEXT('2D SPACE',''
  ) );
#14122 = ORIENTED_EDGE('',*,*,#12100,.F.);
#14123 = ADVANCED_FACE('',(#14124),#12088,.T.);
#14124 = FACE_BOUND('',#14125,.T.);
#14125 = EDGE_LOOP('',(#14126,#14127,#14150,#14171));
#14126 = ORIENTED_EDGE('',*,*,#12072,.F.);
#14127 = ORIENTED_EDGE('',*,*,#14128,.T.);
#14128 = EDGE_CURVE('',#12045,#14129,#14131,.T.);
#14129 = VERTEX_POINT('',#14130);
#14130 = CARTESIAN_POINT('',(22.75,139.55812986888,44.079011319286));
#14131 = SURFACE_CURVE('',#14132,(#14136,#14143),.PCURVE_S1.);
#14132 = LINE('',#14133,#14134);
#14133 = CARTESIAN_POINT('',(22.75,138.14391630651,53.978506255897));
#14134 = VECTOR('',#14135,1.);
#14135 = DIRECTION('',(-8.659560562355E-17,-0.141421356237,
    0.989949493661));
#14136 = PCURVE('',#12088,#14137);
#14137 = DEFINITIONAL_REPRESENTATION('',(#14138),#14142);
#14138 = LINE('',#14139,#14140);
#14139 = CARTESIAN_POINT('',(58.45,-20.));
#14140 = VECTOR('',#14141,1.);
#14141 = DIRECTION('',(-8.659560562355E-17,-1.));
#14142 = ( GEOMETRIC_REPRESENTATION_CONTEXT(2) 
PARAMETRIC_REPRESENTATION_CONTEXT() REPRESENTATION_CONTEXT('2D SPACE',''
  ) );
#14143 = PCURVE('',#12060,#14144);
#14144 = DEFINITIONAL_REPRESENTATION('',(#14145),#14149);
#14145 = LINE('',#14146,#14147);
#14146 = CARTESIAN_POINT('',(20.,1.5));
#14147 = VECTOR('',#14148,1.);
#14148 = DIRECTION('',(-1.,0.));
#14149 = ( GEOMETRIC_REPRESENTATION_CONTEXT(2) 
PARAMETRIC_REPRESENTATION_CONTEXT() REPRESENTATION_CONTEXT('2D SPACE',''
  ) );
#14150 = ORIENTED_EDGE('',*,*,#14151,.T.);
#14151 = EDGE_CURVE('',#14129,#14080,#14152,.T.);
#14152 = SURFACE_CURVE('',#14153,(#14157,#14164),.PCURVE_S1.);
#14153 = LINE('',#14154,#14155);
#14154 = CARTESIAN_POINT('',(0.,139.55812986888,44.079011319286));
#14155 = VECTOR('',#14156,1.);
#14156 = DIRECTION('',(1.,0.,0.));
#14157 = PCURVE('',#12088,#14158);
#14158 = DEFINITIONAL_REPRESENTATION('',(#14159),#14163);
#14159 = LINE('',#14160,#14161);
#14160 = CARTESIAN_POINT('',(35.7,-10.));
#14161 = VECTOR('',#14162,1.);
#14162 = DIRECTION('',(1.,0.));
#14163 = ( GEOMETRIC_REPRESENTATION_CONTEXT(2) 
PARAMETRIC_REPRESENTATION_CONTEXT() REPRESENTATION_CONTEXT('2D SPACE',''
  ) );
#14164 = PCURVE('',#13964,#14165);
#14165 = DEFINITIONAL_REPRESENTATION('',(#14166),#14170);
#14166 = LINE('',#14167,#14168);
#14167 = CARTESIAN_POINT('',(0.,38.475));
#14168 = VECTOR('',#14169,1.);
#14169 = DIRECTION('',(1.,0.));
#14170 = ( GEOMETRIC_REPRESENTATION_CONTEXT(2) 
PARAMETRIC_REPRESENTATION_CONTEXT() REPRESENTATION_CONTEXT('2D SPACE',''
  ) );
#14171 = ORIENTED_EDGE('',*,*,#14102,.F.);
#14172 = ADVANCED_FACE('',(#14173),#12060,.F.);
#14173 = FACE_BOUND('',#14174,.F.);
#14174 = EDGE_LOOP('',(#14175,#14198,#14199,#14200,#14201,#14202));
#14175 = ORIENTED_EDGE('',*,*,#14176,.F.);
#14176 = EDGE_CURVE('',#13627,#14177,#14179,.T.);
#14177 = VERTEX_POINT('',#14178);
#14178 = CARTESIAN_POINT('',(22.75,135.31548918176,73.777496129121));
#14179 = SURFACE_CURVE('',#14180,(#14184,#14191),.PCURVE_S1.);
#14180 = LINE('',#14181,#14182);
#14181 = CARTESIAN_POINT('',(22.75,140.06724675133,74.45631863906));
#14182 = VECTOR('',#14183,1.);
#14183 = DIRECTION('',(-8.659560562355E-17,-0.989949493661,
    -0.141421356237));
#14184 = PCURVE('',#12060,#14185);
#14185 = DEFINITIONAL_REPRESENTATION('',(#14186),#14190);
#14186 = LINE('',#14187,#14188);
#14187 = CARTESIAN_POINT('',(0.,-3.3));
#14188 = VECTOR('',#14189,1.);
#14189 = DIRECTION('',(0.,1.));
#14190 = ( GEOMETRIC_REPRESENTATION_CONTEXT(2) 
PARAMETRIC_REPRESENTATION_CONTEXT() REPRESENTATION_CONTEXT('2D SPACE',''
  ) );
#14191 = PCURVE('',#13610,#14192);
#14192 = DEFINITIONAL_REPRESENTATION('',(#14193),#14197);
#14193 = LINE('',#14194,#14195);
#14194 = CARTESIAN_POINT('',(0.,-3.3));
#14195 = VECTOR('',#14196,1.);
#14196 = DIRECTION('',(0.,1.));
#14197 = ( GEOMETRIC_REPRESENTATION_CONTEXT(2) 
PARAMETRIC_REPRESENTATION_CONTEXT() REPRESENTATION_CONTEXT('2D SPACE',''
  ) );
#14198 = ORIENTED_EDGE('',*,*,#13626,.T.);
#14199 = ORIENTED_EDGE('',*,*,#13364,.T.);
#14200 = ORIENTED_EDGE('',*,*,#12044,.T.);
#14201 = ORIENTED_EDGE('',*,*,#14128,.T.);
#14202 = ORIENTED_EDGE('',*,*,#14203,.T.);
#14203 = EDGE_CURVE('',#14129,#14177,#14204,.T.);
#14204 = SURFACE_CURVE('',#14205,(#14209,#14216),.PCURVE_S1.);
#14205 = LINE('',#14206,#14207);
#14206 = CARTESIAN_POINT('',(22.75,138.14391630651,53.978506255897));
#14207 = VECTOR('',#14208,1.);
#14208 = DIRECTION('',(-8.659560562355E-17,-0.141421356237,
    0.989949493661));
#14209 = PCURVE('',#12060,#14210);
#14210 = DEFINITIONAL_REPRESENTATION('',(#14211),#14215);
#14211 = LINE('',#14212,#14213);
#14212 = CARTESIAN_POINT('',(20.,1.5));
#14213 = VECTOR('',#14214,1.);
#14214 = DIRECTION('',(-1.,0.));
#14215 = ( GEOMETRIC_REPRESENTATION_CONTEXT(2) 
PARAMETRIC_REPRESENTATION_CONTEXT() REPRESENTATION_CONTEXT('2D SPACE',''
  ) );
#14216 = PCURVE('',#13888,#14217);
#14217 = DEFINITIONAL_REPRESENTATION('',(#14218),#14222);
#14218 = LINE('',#14219,#14220);
#14219 = CARTESIAN_POINT('',(-22.75,0.));
#14220 = VECTOR('',#14221,1.);
#14221 = DIRECTION('',(0.,1.));
#14222 = ( GEOMETRIC_REPRESENTATION_CONTEXT(2) 
PARAMETRIC_REPRESENTATION_CONTEXT() REPRESENTATION_CONTEXT('2D SPACE',''
  ) );
#14223 = ADVANCED_FACE('',(#14224),#11715,.F.);
#14224 = FACE_BOUND('',#14225,.F.);
#14225 = EDGE_LOOP('',(#14226,#14227,#14228,#14229));
#14226 = ORIENTED_EDGE('',*,*,#11699,.F.);
#14227 = ORIENTED_EDGE('',*,*,#12965,.T.);
#14228 = ORIENTED_EDGE('',*,*,#12564,.T.);
#14229 = ORIENTED_EDGE('',*,*,#12689,.F.);
#14230 = ADVANCED_FACE('',(#14231),#11800,.T.);
#14231 = FACE_BOUND('',#14232,.T.);
#14232 = EDGE_LOOP('',(#14233,#14234,#14235,#14236));
#14233 = ORIENTED_EDGE('',*,*,#12937,.T.);
#14234 = ORIENTED_EDGE('',*,*,#12911,.T.);
#14235 = ORIENTED_EDGE('',*,*,#12816,.F.);
#14236 = ORIENTED_EDGE('',*,*,#11784,.F.);
#14237 = ADVANCED_FACE('',(#14238),#11851,.T.);
#14238 = FACE_BOUND('',#14239,.T.);
#14239 = EDGE_LOOP('',(#14240,#14241,#14260,#14261));
#14240 = ORIENTED_EDGE('',*,*,#12768,.F.);
#14241 = ORIENTED_EDGE('',*,*,#14242,.T.);
#14242 = EDGE_CURVE('',#12746,#11836,#14243,.T.);
#14243 = SURFACE_CURVE('',#14244,(#14248,#14254),.PCURVE_S1.);
#14244 = LINE('',#14245,#14246);
#14245 = CARTESIAN_POINT('',(36.9,-7.35391052434,11.979898987322));
#14246 = VECTOR('',#14247,1.);
#14247 = DIRECTION('',(0.,0.141421356237,-0.989949493661));
#14248 = PCURVE('',#11851,#14249);
#14249 = DEFINITIONAL_REPRESENTATION('',(#14250),#14253);
#14250 = B_SPLINE_CURVE_WITH_KNOTS('',1,(#14251,#14252),.UNSPECIFIED.,
  .F.,.F.,(2,2),(-6.1,-1.),.PIECEWISE_BEZIER_KNOTS.);
#14251 = CARTESIAN_POINT('',(33.9,-7.1));
#14252 = CARTESIAN_POINT('',(33.9,-2.));
#14253 = ( GEOMETRIC_REPRESENTATION_CONTEXT(2) 
PARAMETRIC_REPRESENTATION_CONTEXT() REPRESENTATION_CONTEXT('2D SPACE',''
  ) );
#14254 = PCURVE('',#11878,#14255);
#14255 = DEFINITIONAL_REPRESENTATION('',(#14256),#14259);
#14256 = B_SPLINE_CURVE_WITH_KNOTS('',1,(#14257,#14258),.UNSPECIFIED.,
  .F.,.F.,(2,2),(-6.1,-1.),.PIECEWISE_BEZIER_KNOTS.);
#14257 = CARTESIAN_POINT('',(38.55,-5.1));
#14258 = CARTESIAN_POINT('',(38.55,1.7763568394E-15));
#14259 = ( GEOMETRIC_REPRESENTATION_CONTEXT(2) 
PARAMETRIC_REPRESENTATION_CONTEXT() REPRESENTATION_CONTEXT('2D SPACE',''
  ) );
#14260 = ORIENTED_EDGE('',*,*,#11835,.T.);
#14261 = ORIENTED_EDGE('',*,*,#12862,.T.);
#14262 = ADVANCED_FACE('',(#14263),#11878,.F.);
#14263 = FACE_BOUND('',#14264,.F.);
#14264 = EDGE_LOOP('',(#14265,#14266,#14267,#14268));
#14265 = ORIENTED_EDGE('',*,*,#11862,.F.);
#14266 = ORIENTED_EDGE('',*,*,#12990,.T.);
#14267 = ORIENTED_EDGE('',*,*,#12745,.T.);
#14268 = ORIENTED_EDGE('',*,*,#14242,.T.);
#14269 = ADVANCED_FACE('',(#14270),#11954,.T.);
#14270 = FACE_BOUND('',#14271,.T.);
#14271 = EDGE_LOOP('',(#14272,#14273,#14274,#14275));
#14272 = ORIENTED_EDGE('',*,*,#13115,.F.);
#14273 = ORIENTED_EDGE('',*,*,#11938,.F.);
#14274 = ORIENTED_EDGE('',*,*,#13088,.F.);
#14275 = ORIENTED_EDGE('',*,*,#13042,.T.);
#14276 = ADVANCED_FACE('',(#14277),#12257,.T.);
#14277 = FACE_BOUND('',#14278,.F.);
#14278 = EDGE_LOOP('',(#14279,#14302,#14329,#14330));
#14279 = ORIENTED_EDGE('',*,*,#14280,.T.);
#14280 = EDGE_CURVE('',#12241,#14281,#14283,.T.);
#14281 = VERTEX_POINT('',#14282);
#14282 = CARTESIAN_POINT('',(-9.25,58.548441482246,24.424978336206));
#14283 = SEAM_CURVE('',#14284,(#14288,#14295),.PCURVE_S1.);
#14284 = LINE('',#14285,#14286);
#14285 = CARTESIAN_POINT('',(-9.25,58.831284194721,22.445079348883));
#14286 = VECTOR('',#14287,1.);
#14287 = DIRECTION('',(0.,-0.141421356237,0.989949493661));
#14288 = PCURVE('',#12257,#14289);
#14289 = DEFINITIONAL_REPRESENTATION('',(#14290),#14294);
#14290 = LINE('',#14291,#14292);
#14291 = CARTESIAN_POINT('',(-0.,0.));
#14292 = VECTOR('',#14293,1.);
#14293 = DIRECTION('',(-0.,-1.));
#14294 = ( GEOMETRIC_REPRESENTATION_CONTEXT(2) 
PARAMETRIC_REPRESENTATION_CONTEXT() REPRESENTATION_CONTEXT('2D SPACE',''
  ) );
#14295 = PCURVE('',#12257,#14296);
#14296 = DEFINITIONAL_REPRESENTATION('',(#14297),#14301);
#14297 = LINE('',#14298,#14299);
#14298 = CARTESIAN_POINT('',(-6.28318530718,0.));
#14299 = VECTOR('',#14300,1.);
#14300 = DIRECTION('',(-0.,-1.));
#14301 = ( GEOMETRIC_REPRESENTATION_CONTEXT(2) 
PARAMETRIC_REPRESENTATION_CONTEXT() REPRESENTATION_CONTEXT('2D SPACE',''
  ) );
#14302 = ORIENTED_EDGE('',*,*,#14303,.T.);
#14303 = EDGE_CURVE('',#14281,#14281,#14304,.T.);
#14304 = SURFACE_CURVE('',#14305,(#14310,#14317),.PCURVE_S1.);
#14305 = CIRCLE('',#14306,2.75);
#14306 = AXIS2_PLACEMENT_3D('',#14307,#14308,#14309);
#14307 = CARTESIAN_POINT('',(-12.,58.548441482246,24.424978336206));
#14308 = DIRECTION('',(0.,-0.141421356237,0.989949493661));
#14309 = DIRECTION('',(1.,0.,0.));
#14310 = PCURVE('',#12257,#14311);
#14311 = DEFINITIONAL_REPRESENTATION('',(#14312),#14316);
#14312 = LINE('',#14313,#14314);
#14313 = CARTESIAN_POINT('',(-0.,-2.));
#14314 = VECTOR('',#14315,1.);
#14315 = DIRECTION('',(-1.,0.));
#14316 = ( GEOMETRIC_REPRESENTATION_CONTEXT(2) 
PARAMETRIC_REPRESENTATION_CONTEXT() REPRESENTATION_CONTEXT('2D SPACE',''
  ) );
#14317 = PCURVE('',#14318,#14323);
#14318 = PLANE('',#14319);
#14319 = AXIS2_PLACEMENT_3D('',#14320,#14321,#14322);
#14320 = CARTESIAN_POINT('',(-12.,58.548441482246,24.424978336206));
#14321 = DIRECTION('',(0.,-0.141421356237,0.989949493661));
#14322 = DIRECTION('',(1.,0.,0.));
#14323 = DEFINITIONAL_REPRESENTATION('',(#14324),#14328);
#14324 = CIRCLE('',#14325,2.75);
#14325 = AXIS2_PLACEMENT_2D('',#14326,#14327);
#14326 = CARTESIAN_POINT('',(1.864691089826E-16,1.122592899218E-16));
#14327 = DIRECTION('',(1.,0.));
#14328 = ( GEOMETRIC_REPRESENTATION_CONTEXT(2) 
PARAMETRIC_REPRESENTATION_CONTEXT() REPRESENTATION_CONTEXT('2D SPACE',''
  ) );
#14329 = ORIENTED_EDGE('',*,*,#14280,.F.);
#14330 = ORIENTED_EDGE('',*,*,#12240,.F.);
#14331 = ADVANCED_FACE('',(#14332),#12306,.T.);
#14332 = FACE_BOUND('',#14333,.F.);
#14333 = EDGE_LOOP('',(#14334,#14357,#14384,#14385));
#14334 = ORIENTED_EDGE('',*,*,#14335,.T.);
#14335 = EDGE_CURVE('',#12290,#14336,#14338,.T.);
#14336 = VERTEX_POINT('',#14337);
#14337 = CARTESIAN_POINT('',(-9.25,34.789653634378,21.03086578651));
#14338 = SEAM_CURVE('',#14339,(#14343,#14350),.PCURVE_S1.);
#14339 = LINE('',#14340,#14341);
#14340 = CARTESIAN_POINT('',(-9.25,35.072496346853,19.050966799188));
#14341 = VECTOR('',#14342,1.);
#14342 = DIRECTION('',(0.,-0.141421356237,0.989949493661));
#14343 = PCURVE('',#12306,#14344);
#14344 = DEFINITIONAL_REPRESENTATION('',(#14345),#14349);
#14345 = LINE('',#14346,#14347);
#14346 = CARTESIAN_POINT('',(-0.,0.));
#14347 = VECTOR('',#14348,1.);
#14348 = DIRECTION('',(-0.,-1.));
#14349 = ( GEOMETRIC_REPRESENTATION_CONTEXT(2) 
PARAMETRIC_REPRESENTATION_CONTEXT() REPRESENTATION_CONTEXT('2D SPACE',''
  ) );
#14350 = PCURVE('',#12306,#14351);
#14351 = DEFINITIONAL_REPRESENTATION('',(#14352),#14356);
#14352 = LINE('',#14353,#14354);
#14353 = CARTESIAN_POINT('',(-6.28318530718,0.));
#14354 = VECTOR('',#14355,1.);
#14355 = DIRECTION('',(-0.,-1.));
#14356 = ( GEOMETRIC_REPRESENTATION_CONTEXT(2) 
PARAMETRIC_REPRESENTATION_CONTEXT() REPRESENTATION_CONTEXT('2D SPACE',''
  ) );
#14357 = ORIENTED_EDGE('',*,*,#14358,.T.);
#14358 = EDGE_CURVE('',#14336,#14336,#14359,.T.);
#14359 = SURFACE_CURVE('',#14360,(#14365,#14372),.PCURVE_S1.);
#14360 = CIRCLE('',#14361,2.75);
#14361 = AXIS2_PLACEMENT_3D('',#14362,#14363,#14364);
#14362 = CARTESIAN_POINT('',(-12.,34.789653634378,21.03086578651));
#14363 = DIRECTION('',(0.,-0.141421356237,0.989949493661));
#14364 = DIRECTION('',(1.,0.,0.));
#14365 = PCURVE('',#12306,#14366);
#14366 = DEFINITIONAL_REPRESENTATION('',(#14367),#14371);
#14367 = LINE('',#14368,#14369);
#14368 = CARTESIAN_POINT('',(-0.,-2.));
#14369 = VECTOR('',#14370,1.);
#14370 = DIRECTION('',(-1.,0.));
#14371 = ( GEOMETRIC_REPRESENTATION_CONTEXT(2) 
PARAMETRIC_REPRESENTATION_CONTEXT() REPRESENTATION_CONTEXT('2D SPACE',''
  ) );
#14372 = PCURVE('',#14373,#14378);
#14373 = PLANE('',#14374);
#14374 = AXIS2_PLACEMENT_3D('',#14375,#14376,#14377);
#14375 = CARTESIAN_POINT('',(-12.,34.789653634378,21.03086578651));
#14376 = DIRECTION('',(0.,-0.141421356237,0.989949493661));
#14377 = DIRECTION('',(1.,0.,0.));
#14378 = DEFINITIONAL_REPRESENTATION('',(#14379),#14383);
#14379 = CIRCLE('',#14380,2.75);
#14380 = AXIS2_PLACEMENT_2D('',#14381,#14382);
#14381 = CARTESIAN_POINT('',(1.864691089826E-16,1.122592899218E-16));
#14382 = DIRECTION('',(1.,0.));
#14383 = ( GEOMETRIC_REPRESENTATION_CONTEXT(2) 
PARAMETRIC_REPRESENTATION_CONTEXT() REPRESENTATION_CONTEXT('2D SPACE',''
  ) );
#14384 = ORIENTED_EDGE('',*,*,#14335,.F.);
#14385 = ORIENTED_EDGE('',*,*,#12289,.F.);
#14386 = ADVANCED_FACE('',(#14387),#12349,.T.);
#14387 = FACE_BOUND('',#14388,.F.);
#14388 = EDGE_LOOP('',(#14389,#14412,#14439,#14440));
#14389 = ORIENTED_EDGE('',*,*,#14390,.T.);
#14390 = EDGE_CURVE('',#12333,#14391,#14393,.T.);
#14391 = VERTEX_POINT('',#14392);
#14392 = CARTESIAN_POINT('',(14.75,58.548441482246,24.424978336206));
#14393 = SEAM_CURVE('',#14394,(#14398,#14405),.PCURVE_S1.);
#14394 = LINE('',#14395,#14396);
#14395 = CARTESIAN_POINT('',(14.75,58.831284194721,22.445079348883));
#14396 = VECTOR('',#14397,1.);
#14397 = DIRECTION('',(0.,-0.141421356237,0.989949493661));
#14398 = PCURVE('',#12349,#14399);
#14399 = DEFINITIONAL_REPRESENTATION('',(#14400),#14404);
#14400 = LINE('',#14401,#14402);
#14401 = CARTESIAN_POINT('',(-0.,0.));
#14402 = VECTOR('',#14403,1.);
#14403 = DIRECTION('',(-0.,-1.));
#14404 = ( GEOMETRIC_REPRESENTATION_CONTEXT(2) 
PARAMETRIC_REPRESENTATION_CONTEXT() REPRESENTATION_CONTEXT('2D SPACE',''
  ) );
#14405 = PCURVE('',#12349,#14406);
#14406 = DEFINITIONAL_REPRESENTATION('',(#14407),#14411);
#14407 = LINE('',#14408,#14409);
#14408 = CARTESIAN_POINT('',(-6.28318530718,0.));
#14409 = VECTOR('',#14410,1.);
#14410 = DIRECTION('',(-0.,-1.));
#14411 = ( GEOMETRIC_REPRESENTATION_CONTEXT(2) 
PARAMETRIC_REPRESENTATION_CONTEXT() REPRESENTATION_CONTEXT('2D SPACE',''
  ) );
#14412 = ORIENTED_EDGE('',*,*,#14413,.T.);
#14413 = EDGE_CURVE('',#14391,#14391,#14414,.T.);
#14414 = SURFACE_CURVE('',#14415,(#14420,#14427),.PCURVE_S1.);
#14415 = CIRCLE('',#14416,2.75);
#14416 = AXIS2_PLACEMENT_3D('',#14417,#14418,#14419);
#14417 = CARTESIAN_POINT('',(12.,58.548441482246,24.424978336206));
#14418 = DIRECTION('',(0.,-0.141421356237,0.989949493661));
#14419 = DIRECTION('',(1.,0.,0.));
#14420 = PCURVE('',#12349,#14421);
#14421 = DEFINITIONAL_REPRESENTATION('',(#14422),#14426);
#14422 = LINE('',#14423,#14424);
#14423 = CARTESIAN_POINT('',(-0.,-2.));
#14424 = VECTOR('',#14425,1.);
#14425 = DIRECTION('',(-1.,0.));
#14426 = ( GEOMETRIC_REPRESENTATION_CONTEXT(2) 
PARAMETRIC_REPRESENTATION_CONTEXT() REPRESENTATION_CONTEXT('2D SPACE',''
  ) );
#14427 = PCURVE('',#14428,#14433);
#14428 = PLANE('',#14429);
#14429 = AXIS2_PLACEMENT_3D('',#14430,#14431,#14432);
#14430 = CARTESIAN_POINT('',(12.,58.548441482246,24.424978336206));
#14431 = DIRECTION('',(0.,-0.141421356237,0.989949493661));
#14432 = DIRECTION('',(1.,0.,0.));
#14433 = DEFINITIONAL_REPRESENTATION('',(#14434),#14438);
#14434 = CIRCLE('',#14435,2.75);
#14435 = AXIS2_PLACEMENT_2D('',#14436,#14437);
#14436 = CARTESIAN_POINT('',(1.864691089826E-16,1.122592899218E-16));
#14437 = DIRECTION('',(1.,0.));
#14438 = ( GEOMETRIC_REPRESENTATION_CONTEXT(2) 
PARAMETRIC_REPRESENTATION_CONTEXT() REPRESENTATION_CONTEXT('2D SPACE',''
  ) );
#14439 = ORIENTED_EDGE('',*,*,#14390,.F.);
#14440 = ORIENTED_EDGE('',*,*,#12332,.F.);
#14441 = ADVANCED_FACE('',(#14442),#12380,.T.);
#14442 = FACE_BOUND('',#14443,.F.);
#14443 = EDGE_LOOP('',(#14444,#14467,#14494,#14495));
#14444 = ORIENTED_EDGE('',*,*,#14445,.T.);
#14445 = EDGE_CURVE('',#12364,#14446,#14448,.T.);
#14446 = VERTEX_POINT('',#14447);
#14447 = CARTESIAN_POINT('',(14.75,34.789653634378,21.03086578651));
#14448 = SEAM_CURVE('',#14449,(#14453,#14460),.PCURVE_S1.);
#14449 = LINE('',#14450,#14451);
#14450 = CARTESIAN_POINT('',(14.75,35.072496346853,19.050966799188));
#14451 = VECTOR('',#14452,1.);
#14452 = DIRECTION('',(0.,-0.141421356237,0.989949493661));
#14453 = PCURVE('',#12380,#14454);
#14454 = DEFINITIONAL_REPRESENTATION('',(#14455),#14459);
#14455 = LINE('',#14456,#14457);
#14456 = CARTESIAN_POINT('',(-0.,0.));
#14457 = VECTOR('',#14458,1.);
#14458 = DIRECTION('',(-0.,-1.));
#14459 = ( GEOMETRIC_REPRESENTATION_CONTEXT(2) 
PARAMETRIC_REPRESENTATION_CONTEXT() REPRESENTATION_CONTEXT('2D SPACE',''
  ) );
#14460 = PCURVE('',#12380,#14461);
#14461 = DEFINITIONAL_REPRESENTATION('',(#14462),#14466);
#14462 = LINE('',#14463,#14464);
#14463 = CARTESIAN_POINT('',(-6.28318530718,0.));
#14464 = VECTOR('',#14465,1.);
#14465 = DIRECTION('',(-0.,-1.));
#14466 = ( GEOMETRIC_REPRESENTATION_CONTEXT(2) 
PARAMETRIC_REPRESENTATION_CONTEXT() REPRESENTATION_CONTEXT('2D SPACE',''
  ) );
#14467 = ORIENTED_EDGE('',*,*,#14468,.T.);
#14468 = EDGE_CURVE('',#14446,#14446,#14469,.T.);
#14469 = SURFACE_CURVE('',#14470,(#14475,#14482),.PCURVE_S1.);
#14470 = CIRCLE('',#14471,2.75);
#14471 = AXIS2_PLACEMENT_3D('',#14472,#14473,#14474);
#14472 = CARTESIAN_POINT('',(12.,34.789653634378,21.03086578651));
#14473 = DIRECTION('',(0.,-0.141421356237,0.989949493661));
#14474 = DIRECTION('',(1.,0.,0.));
#14475 = PCURVE('',#12380,#14476);
#14476 = DEFINITIONAL_REPRESENTATION('',(#14477),#14481);
#14477 = LINE('',#14478,#14479);
#14478 = CARTESIAN_POINT('',(-0.,-2.));
#14479 = VECTOR('',#14480,1.);
#14480 = DIRECTION('',(-1.,0.));
#14481 = ( GEOMETRIC_REPRESENTATION_CONTEXT(2) 
PARAMETRIC_REPRESENTATION_CONTEXT() REPRESENTATION_CONTEXT('2D SPACE',''
  ) );
#14482 = PCURVE('',#14483,#14488);
#14483 = PLANE('',#14484);
#14484 = AXIS2_PLACEMENT_3D('',#14485,#14486,#14487);
#14485 = CARTESIAN_POINT('',(12.,34.789653634378,21.03086578651));
#14486 = DIRECTION('',(0.,-0.141421356237,0.989949493661));
#14487 = DIRECTION('',(1.,0.,0.));
#14488 = DEFINITIONAL_REPRESENTATION('',(#14489),#14493);
#14489 = CIRCLE('',#14490,2.75);
#14490 = AXIS2_PLACEMENT_2D('',#14491,#14492);
#14491 = CARTESIAN_POINT('',(1.864691089826E-16,1.122592899218E-16));
#14492 = DIRECTION('',(1.,0.));
#14493 = ( GEOMETRIC_REPRESENTATION_CONTEXT(2) 
PARAMETRIC_REPRESENTATION_CONTEXT() REPRESENTATION_CONTEXT('2D SPACE',''
  ) );
#14494 = ORIENTED_EDGE('',*,*,#14445,.F.);
#14495 = ORIENTED_EDGE('',*,*,#12363,.F.);
#14496 = ADVANCED_FACE('',(#14497),#12411,.T.);
#14497 = FACE_BOUND('',#14498,.F.);
#14498 = EDGE_LOOP('',(#14499,#14522,#14549,#14550));
#14499 = ORIENTED_EDGE('',*,*,#14500,.T.);
#14500 = EDGE_CURVE('',#12395,#14501,#14503,.T.);
#14501 = VERTEX_POINT('',#14502);
#14502 = CARTESIAN_POINT('',(-0.5,-8.138799051457,16.413458505362));
#14503 = SEAM_CURVE('',#14504,(#14508,#14515),.PCURVE_S1.);
#14504 = LINE('',#14505,#14506);
#14505 = CARTESIAN_POINT('',(-0.5,-7.643824304627,12.948635277548));
#14506 = VECTOR('',#14507,1.);
#14507 = DIRECTION('',(0.,-0.141421356237,0.989949493661));
#14508 = PCURVE('',#12411,#14509);
#14509 = DEFINITIONAL_REPRESENTATION('',(#14510),#14514);
#14510 = LINE('',#14511,#14512);
#14511 = CARTESIAN_POINT('',(-0.,0.));
#14512 = VECTOR('',#14513,1.);
#14513 = DIRECTION('',(-0.,-1.));
#14514 = ( GEOMETRIC_REPRESENTATION_CONTEXT(2) 
PARAMETRIC_REPRESENTATION_CONTEXT() REPRESENTATION_CONTEXT('2D SPACE',''
  ) );
#14515 = PCURVE('',#12411,#14516);
#14516 = DEFINITIONAL_REPRESENTATION('',(#14517),#14521);
#14517 = LINE('',#14518,#14519);
#14518 = CARTESIAN_POINT('',(-6.28318530718,0.));
#14519 = VECTOR('',#14520,1.);
#14520 = DIRECTION('',(-0.,-1.));
#14521 = ( GEOMETRIC_REPRESENTATION_CONTEXT(2) 
PARAMETRIC_REPRESENTATION_CONTEXT() REPRESENTATION_CONTEXT('2D SPACE',''
  ) );
#14522 = ORIENTED_EDGE('',*,*,#14523,.T.);
#14523 = EDGE_CURVE('',#14501,#14501,#14524,.T.);
#14524 = SURFACE_CURVE('',#14525,(#14530,#14537),.PCURVE_S1.);
#14525 = CIRCLE('',#14526,4.);
#14526 = AXIS2_PLACEMENT_3D('',#14527,#14528,#14529);
#14527 = CARTESIAN_POINT('',(-4.5,-8.138799051457,16.413458505362));
#14528 = DIRECTION('',(0.,-0.141421356237,0.989949493661));
#14529 = DIRECTION('',(1.,0.,0.));
#14530 = PCURVE('',#12411,#14531);
#14531 = DEFINITIONAL_REPRESENTATION('',(#14532),#14536);
#14532 = LINE('',#14533,#14534);
#14533 = CARTESIAN_POINT('',(-0.,-3.5));
#14534 = VECTOR('',#14535,1.);
#14535 = DIRECTION('',(-1.,0.));
#14536 = ( GEOMETRIC_REPRESENTATION_CONTEXT(2) 
PARAMETRIC_REPRESENTATION_CONTEXT() REPRESENTATION_CONTEXT('2D SPACE',''
  ) );
#14537 = PCURVE('',#14538,#14543);
#14538 = PLANE('',#14539);
#14539 = AXIS2_PLACEMENT_3D('',#14540,#14541,#14542);
#14540 = CARTESIAN_POINT('',(-4.5,-8.138799051457,16.413458505362));
#14541 = DIRECTION('',(0.,-0.141421356237,0.989949493661));
#14542 = DIRECTION('',(1.,0.,0.));
#14543 = DEFINITIONAL_REPRESENTATION('',(#14544),#14548);
#14544 = CIRCLE('',#14545,4.);
#14545 = AXIS2_PLACEMENT_2D('',#14546,#14547);
#14546 = CARTESIAN_POINT('',(0.,0.));
#14547 = DIRECTION('',(1.,0.));
#14548 = ( GEOMETRIC_REPRESENTATION_CONTEXT(2) 
PARAMETRIC_REPRESENTATION_CONTEXT() REPRESENTATION_CONTEXT('2D SPACE',''
  ) );
#14549 = ORIENTED_EDGE('',*,*,#14500,.F.);
#14550 = ORIENTED_EDGE('',*,*,#12394,.F.);
#14551 = ADVANCED_FACE('',(#14552),#12442,.F.);
#14552 = FACE_BOUND('',#14553,.F.);
#14553 = EDGE_LOOP('',(#14554,#14577,#14578,#14601));
#14554 = ORIENTED_EDGE('',*,*,#14555,.F.);
#14555 = EDGE_CURVE('',#12426,#14556,#14558,.T.);
#14556 = VERTEX_POINT('',#14557);
#14557 = CARTESIAN_POINT('',(45.5,25.,34.880952380952));
#14558 = SURFACE_CURVE('',#14559,(#14563,#14570),.PCURVE_S1.);
#14559 = LINE('',#14560,#14561);
#14560 = CARTESIAN_POINT('',(45.5,25.,10.));
#14561 = VECTOR('',#14562,1.);
#14562 = DIRECTION('',(0.,0.,1.));
#14563 = PCURVE('',#12442,#14564);
#14564 = DEFINITIONAL_REPRESENTATION('',(#14565),#14569);
#14565 = LINE('',#14566,#14567);
#14566 = CARTESIAN_POINT('',(0.,8.5));
#14567 = VECTOR('',#14568,1.);
#14568 = DIRECTION('',(1.,0.));
#14569 = ( GEOMETRIC_REPRESENTATION_CONTEXT(2) 
PARAMETRIC_REPRESENTATION_CONTEXT() REPRESENTATION_CONTEXT('2D SPACE',''
  ) );
#14570 = PCURVE('',#12518,#14571);
#14571 = DEFINITIONAL_REPRESENTATION('',(#14572),#14576);
#14572 = LINE('',#14573,#14574);
#14573 = CARTESIAN_POINT('',(0.,0.));
#14574 = VECTOR('',#14575,1.);
#14575 = DIRECTION('',(1.,0.));
#14576 = ( GEOMETRIC_REPRESENTATION_CONTEXT(2) 
PARAMETRIC_REPRESENTATION_CONTEXT() REPRESENTATION_CONTEXT('2D SPACE',''
  ) );
#14577 = ORIENTED_EDGE('',*,*,#12425,.T.);
#14578 = ORIENTED_EDGE('',*,*,#14579,.T.);
#14579 = EDGE_CURVE('',#12428,#14580,#14582,.T.);
#14580 = VERTEX_POINT('',#14581);
#14581 = CARTESIAN_POINT('',(37.,25.,34.880952380952));
#14582 = SURFACE_CURVE('',#14583,(#14587,#14594),.PCURVE_S1.);
#14583 = LINE('',#14584,#14585);
#14584 = CARTESIAN_POINT('',(37.,25.,10.));
#14585 = VECTOR('',#14586,1.);
#14586 = DIRECTION('',(0.,0.,1.));
#14587 = PCURVE('',#12442,#14588);
#14588 = DEFINITIONAL_REPRESENTATION('',(#14589),#14593);
#14589 = LINE('',#14590,#14591);
#14590 = CARTESIAN_POINT('',(0.,0.));
#14591 = VECTOR('',#14592,1.);
#14592 = DIRECTION('',(1.,0.));
#14593 = ( GEOMETRIC_REPRESENTATION_CONTEXT(2) 
PARAMETRIC_REPRESENTATION_CONTEXT() REPRESENTATION_CONTEXT('2D SPACE',''
  ) );
#14594 = PCURVE('',#12468,#14595);
#14595 = DEFINITIONAL_REPRESENTATION('',(#14596),#14600);
#14596 = LINE('',#14597,#14598);
#14597 = CARTESIAN_POINT('',(0.,0.));
#14598 = VECTOR('',#14599,1.);
#14599 = DIRECTION('',(1.,0.));
#14600 = ( GEOMETRIC_REPRESENTATION_CONTEXT(2) 
PARAMETRIC_REPRESENTATION_CONTEXT() REPRESENTATION_CONTEXT('2D SPACE',''
  ) );
#14601 = ORIENTED_EDGE('',*,*,#14602,.T.);
#14602 = EDGE_CURVE('',#14580,#14556,#14603,.T.);
#14603 = SURFACE_CURVE('',#14604,(#14608,#14614),.PCURVE_S1.);
#14604 = LINE('',#14605,#14606);
#14605 = CARTESIAN_POINT('',(18.5,25.,34.880952380952));
#14606 = VECTOR('',#14607,1.);
#14607 = DIRECTION('',(1.,0.,-0.));
#14608 = PCURVE('',#12442,#14609);
#14609 = DEFINITIONAL_REPRESENTATION('',(#14610),#14613);
#14610 = B_SPLINE_CURVE_WITH_KNOTS('',1,(#14611,#14612),.UNSPECIFIED.,
  .F.,.F.,(2,2),(18.5,27.),.PIECEWISE_BEZIER_KNOTS.);
#14611 = CARTESIAN_POINT('',(24.880952380952,0.));
#14612 = CARTESIAN_POINT('',(24.880952380952,8.5));
#14613 = ( GEOMETRIC_REPRESENTATION_CONTEXT(2) 
PARAMETRIC_REPRESENTATION_CONTEXT() REPRESENTATION_CONTEXT('2D SPACE',''
  ) );
#14614 = PCURVE('',#14615,#14620);
#14615 = PLANE('',#14616);
#14616 = AXIS2_PLACEMENT_3D('',#14617,#14618,#14619);
#14617 = CARTESIAN_POINT('',(0.,140.,65.));
#14618 = DIRECTION('',(0.,-0.253359391838,0.96737222338));
#14619 = DIRECTION('',(0.,-0.96737222338,-0.253359391838));
#14620 = DEFINITIONAL_REPRESENTATION('',(#14621),#14624);
#14621 = B_SPLINE_CURVE_WITH_KNOTS('',1,(#14622,#14623),.UNSPECIFIED.,
  .F.,.F.,(2,2),(18.5,27.),.PIECEWISE_BEZIER_KNOTS.);
#14622 = CARTESIAN_POINT('',(118.87874927622,37.));
#14623 = CARTESIAN_POINT('',(118.87874927622,45.5));
#14624 = ( GEOMETRIC_REPRESENTATION_CONTEXT(2) 
PARAMETRIC_REPRESENTATION_CONTEXT() REPRESENTATION_CONTEXT('2D SPACE',''
  ) );
#14625 = ADVANCED_FACE('',(#14626),#12518,.T.);
#14626 = FACE_BOUND('',#14627,.T.);
#14627 = EDGE_LOOP('',(#14628,#14629,#14630,#14653,#14681,#14707,#14736,
    #14762));
#14628 = ORIENTED_EDGE('',*,*,#14555,.F.);
#14629 = ORIENTED_EDGE('',*,*,#12505,.T.);
#14630 = ORIENTED_EDGE('',*,*,#14631,.T.);
#14631 = EDGE_CURVE('',#12480,#14632,#14634,.T.);
#14632 = VERTEX_POINT('',#14633);
#14633 = CARTESIAN_POINT('',(45.5,39.,36.714285714286));
#14634 = SURFACE_CURVE('',#14635,(#14639,#14646),.PCURVE_S1.);
#14635 = LINE('',#14636,#14637);
#14636 = CARTESIAN_POINT('',(45.5,39.,10.));
#14637 = VECTOR('',#14638,1.);
#14638 = DIRECTION('',(0.,0.,1.));
#14639 = PCURVE('',#12518,#14640);
#14640 = DEFINITIONAL_REPRESENTATION('',(#14641),#14645);
#14641 = LINE('',#14642,#14643);
#14642 = CARTESIAN_POINT('',(0.,-14.));
#14643 = VECTOR('',#14644,1.);
#14644 = DIRECTION('',(1.,0.));
#14645 = ( GEOMETRIC_REPRESENTATION_CONTEXT(2) 
PARAMETRIC_REPRESENTATION_CONTEXT() REPRESENTATION_CONTEXT('2D SPACE',''
  ) );
#14646 = PCURVE('',#12494,#14647);
#14647 = DEFINITIONAL_REPRESENTATION('',(#14648),#14652);
#14648 = LINE('',#14649,#14650);
#14649 = CARTESIAN_POINT('',(0.,8.5));
#14650 = VECTOR('',#14651,1.);
#14651 = DIRECTION('',(1.,0.));
#14652 = ( GEOMETRIC_REPRESENTATION_CONTEXT(2) 
PARAMETRIC_REPRESENTATION_CONTEXT() REPRESENTATION_CONTEXT('2D SPACE',''
  ) );
#14653 = ORIENTED_EDGE('',*,*,#14654,.F.);
#14654 = EDGE_CURVE('',#14655,#14632,#14657,.T.);
#14655 = VERTEX_POINT('',#14656);
#14656 = CARTESIAN_POINT('',(45.5,34.7,36.714285714286));
#14657 = SURFACE_CURVE('',#14658,(#14662,#14669),.PCURVE_S1.);
#14658 = LINE('',#14659,#14660);
#14659 = CARTESIAN_POINT('',(45.5,25.,36.714285714286));
#14660 = VECTOR('',#14661,1.);
#14661 = DIRECTION('',(0.,1.,0.));
#14662 = PCURVE('',#12518,#14663);
#14663 = DEFINITIONAL_REPRESENTATION('',(#14664),#14668);
#14664 = LINE('',#14665,#14666);
#14665 = CARTESIAN_POINT('',(26.714285714286,0.));
#14666 = VECTOR('',#14667,1.);
#14667 = DIRECTION('',(0.,-1.));
#14668 = ( GEOMETRIC_REPRESENTATION_CONTEXT(2) 
PARAMETRIC_REPRESENTATION_CONTEXT() REPRESENTATION_CONTEXT('2D SPACE',''
  ) );
#14669 = PCURVE('',#14670,#14675);
#14670 = PLANE('',#14671);
#14671 = AXIS2_PLACEMENT_3D('',#14672,#14673,#14674);
#14672 = CARTESIAN_POINT('',(37.,25.,36.714285714286));
#14673 = DIRECTION('',(0.,0.,1.));
#14674 = DIRECTION('',(1.,0.,0.));
#14675 = DEFINITIONAL_REPRESENTATION('',(#14676),#14680);
#14676 = LINE('',#14677,#14678);
#14677 = CARTESIAN_POINT('',(8.5,0.));
#14678 = VECTOR('',#14679,1.);
#14679 = DIRECTION('',(0.,1.));
#14680 = ( GEOMETRIC_REPRESENTATION_CONTEXT(2) 
PARAMETRIC_REPRESENTATION_CONTEXT() REPRESENTATION_CONTEXT('2D SPACE',''
  ) );
#14681 = ORIENTED_EDGE('',*,*,#14682,.F.);
#14682 = EDGE_CURVE('',#14683,#14655,#14685,.T.);
#14683 = VERTEX_POINT('',#14684);
#14684 = CARTESIAN_POINT('',(45.5,34.7,28.));
#14685 = SURFACE_CURVE('',#14686,(#14690,#14696),.PCURVE_S1.);
#14686 = LINE('',#14687,#14688);
#14687 = CARTESIAN_POINT('',(45.5,34.7,19.));
#14688 = VECTOR('',#14689,1.);
#14689 = DIRECTION('',(0.,0.,1.));
#14690 = PCURVE('',#12518,#14691);
#14691 = DEFINITIONAL_REPRESENTATION('',(#14692),#14695);
#14692 = B_SPLINE_CURVE_WITH_KNOTS('',1,(#14693,#14694),.UNSPECIFIED.,
  .F.,.F.,(2,2),(9.,17.714285714286),.PIECEWISE_BEZIER_KNOTS.);
#14693 = CARTESIAN_POINT('',(18.,-9.7));
#14694 = CARTESIAN_POINT('',(26.714285714286,-9.7));
#14695 = ( GEOMETRIC_REPRESENTATION_CONTEXT(2) 
PARAMETRIC_REPRESENTATION_CONTEXT() REPRESENTATION_CONTEXT('2D SPACE',''
  ) );
#14696 = PCURVE('',#14697,#14702);
#14697 = PLANE('',#14698);
#14698 = AXIS2_PLACEMENT_3D('',#14699,#14700,#14701);
#14699 = CARTESIAN_POINT('',(44.7,34.7,28.));
#14700 = DIRECTION('',(0.,1.,0.));
#14701 = DIRECTION('',(0.,0.,1.));
#14702 = DEFINITIONAL_REPRESENTATION('',(#14703),#14706);
#14703 = B_SPLINE_CURVE_WITH_KNOTS('',1,(#14704,#14705),.UNSPECIFIED.,
  .F.,.F.,(2,2),(9.,17.714285714286),.PIECEWISE_BEZIER_KNOTS.);
#14704 = CARTESIAN_POINT('',(0.,0.8));
#14705 = CARTESIAN_POINT('',(8.714285714286,0.8));
#14706 = ( GEOMETRIC_REPRESENTATION_CONTEXT(2) 
PARAMETRIC_REPRESENTATION_CONTEXT() REPRESENTATION_CONTEXT('2D SPACE',''
  ) );
#14707 = ORIENTED_EDGE('',*,*,#14708,.F.);
#14708 = EDGE_CURVE('',#14709,#14683,#14711,.T.);
#14709 = VERTEX_POINT('',#14710);
#14710 = CARTESIAN_POINT('',(45.5,29.3,28.));
#14711 = SURFACE_CURVE('',#14712,(#14717,#14724),.PCURVE_S1.);
#14712 = CIRCLE('',#14713,2.7);
#14713 = AXIS2_PLACEMENT_3D('',#14714,#14715,#14716);
#14714 = CARTESIAN_POINT('',(45.5,32.,28.));
#14715 = DIRECTION('',(1.,0.,2.22044604925E-16));
#14716 = DIRECTION('',(2.22044604925E-16,0.,-1.));
#14717 = PCURVE('',#12518,#14718);
#14718 = DEFINITIONAL_REPRESENTATION('',(#14719),#14723);
#14719 = CIRCLE('',#14720,2.7);
#14720 = AXIS2_PLACEMENT_2D('',#14721,#14722);
#14721 = CARTESIAN_POINT('',(18.,-7.));
#14722 = DIRECTION('',(-1.,0.));
#14723 = ( GEOMETRIC_REPRESENTATION_CONTEXT(2) 
PARAMETRIC_REPRESENTATION_CONTEXT() REPRESENTATION_CONTEXT('2D SPACE',''
  ) );
#14724 = PCURVE('',#14725,#14730);
#14725 = CYLINDRICAL_SURFACE('',#14726,2.7);
#14726 = AXIS2_PLACEMENT_3D('',#14727,#14728,#14729);
#14727 = CARTESIAN_POINT('',(44.7,32.,28.));
#14728 = DIRECTION('',(1.,0.,2.22044604925E-16));
#14729 = DIRECTION('',(2.22044604925E-16,0.,-1.));
#14730 = DEFINITIONAL_REPRESENTATION('',(#14731),#14735);
#14731 = LINE('',#14732,#14733);
#14732 = CARTESIAN_POINT('',(0.,0.8));
#14733 = VECTOR('',#14734,1.);
#14734 = DIRECTION('',(1.,0.));
#14735 = ( GEOMETRIC_REPRESENTATION_CONTEXT(2) 
PARAMETRIC_REPRESENTATION_CONTEXT() REPRESENTATION_CONTEXT('2D SPACE',''
  ) );
#14736 = ORIENTED_EDGE('',*,*,#14737,.T.);
#14737 = EDGE_CURVE('',#14709,#14738,#14740,.T.);
#14738 = VERTEX_POINT('',#14739);
#14739 = CARTESIAN_POINT('',(45.5,29.3,36.007142857143));
#14740 = SURFACE_CURVE('',#14741,(#14745,#14751),.PCURVE_S1.);
#14741 = LINE('',#14742,#14743);
#14742 = CARTESIAN_POINT('',(45.5,29.3,19.));
#14743 = VECTOR('',#14744,1.);
#14744 = DIRECTION('',(0.,0.,1.));
#14745 = PCURVE('',#12518,#14746);
#14746 = DEFINITIONAL_REPRESENTATION('',(#14747),#14750);
#14747 = B_SPLINE_CURVE_WITH_KNOTS('',1,(#14748,#14749),.UNSPECIFIED.,
  .F.,.F.,(2,2),(9.,17.714285714286),.PIECEWISE_BEZIER_KNOTS.);
#14748 = CARTESIAN_POINT('',(18.,-4.3));
#14749 = CARTESIAN_POINT('',(26.714285714286,-4.3));
#14750 = ( GEOMETRIC_REPRESENTATION_CONTEXT(2) 
PARAMETRIC_REPRESENTATION_CONTEXT() REPRESENTATION_CONTEXT('2D SPACE',''
  ) );
#14751 = PCURVE('',#14752,#14757);
#14752 = PLANE('',#14753);
#14753 = AXIS2_PLACEMENT_3D('',#14754,#14755,#14756);
#14754 = CARTESIAN_POINT('',(44.7,29.3,28.));
#14755 = DIRECTION('',(0.,1.,0.));
#14756 = DIRECTION('',(0.,0.,1.));
#14757 = DEFINITIONAL_REPRESENTATION('',(#14758),#14761);
#14758 = B_SPLINE_CURVE_WITH_KNOTS('',1,(#14759,#14760),.UNSPECIFIED.,
  .F.,.F.,(2,2),(9.,17.714285714286),.PIECEWISE_BEZIER_KNOTS.);
#14759 = CARTESIAN_POINT('',(0.,0.8));
#14760 = CARTESIAN_POINT('',(8.714285714286,0.8));
#14761 = ( GEOMETRIC_REPRESENTATION_CONTEXT(2) 
PARAMETRIC_REPRESENTATION_CONTEXT() REPRESENTATION_CONTEXT('2D SPACE',''
  ) );
#14762 = ORIENTED_EDGE('',*,*,#14763,.T.);
#14763 = EDGE_CURVE('',#14738,#14556,#14764,.T.);
#14764 = SURFACE_CURVE('',#14765,(#14769,#14775),.PCURVE_S1.);
#14765 = LINE('',#14766,#14767);
#14766 = CARTESIAN_POINT('',(45.5,79.450928381963,49.141909814324));
#14767 = VECTOR('',#14768,1.);
#14768 = DIRECTION('',(0.,-0.96737222338,-0.253359391838));
#14769 = PCURVE('',#12518,#14770);
#14770 = DEFINITIONAL_REPRESENTATION('',(#14771),#14774);
#14771 = B_SPLINE_CURVE_WITH_KNOTS('',1,(#14772,#14773),.UNSPECIFIED.,
  .F.,.F.,(2,2),(49.051365374289,56.28746315632),
  .PIECEWISE_BEZIER_KNOTS.);
#14772 = CARTESIAN_POINT('',(26.714285714286,-7.));
#14773 = CARTESIAN_POINT('',(24.880952380952,0.));
#14774 = ( GEOMETRIC_REPRESENTATION_CONTEXT(2) 
PARAMETRIC_REPRESENTATION_CONTEXT() REPRESENTATION_CONTEXT('2D SPACE',''
  ) );
#14775 = PCURVE('',#14615,#14776);
#14776 = DEFINITIONAL_REPRESENTATION('',(#14777),#14780);
#14777 = B_SPLINE_CURVE_WITH_KNOTS('',1,(#14778,#14779),.UNSPECIFIED.,
  .F.,.F.,(2,2),(49.051365374289,56.28746315632),
  .PIECEWISE_BEZIER_KNOTS.);
#14778 = CARTESIAN_POINT('',(111.64265149419,45.5));
#14779 = CARTESIAN_POINT('',(118.87874927622,45.5));
#14780 = ( GEOMETRIC_REPRESENTATION_CONTEXT(2) 
PARAMETRIC_REPRESENTATION_CONTEXT() REPRESENTATION_CONTEXT('2D SPACE',''
  ) );
#14781 = ADVANCED_FACE('',(#14782),#12494,.T.);
#14782 = FACE_BOUND('',#14783,.T.);
#14783 = EDGE_LOOP('',(#14784,#14785,#14786,#14809));
#14784 = ORIENTED_EDGE('',*,*,#14631,.F.);
#14785 = ORIENTED_EDGE('',*,*,#12479,.T.);
#14786 = ORIENTED_EDGE('',*,*,#14787,.T.);
#14787 = EDGE_CURVE('',#12454,#14788,#14790,.T.);
#14788 = VERTEX_POINT('',#14789);
#14789 = CARTESIAN_POINT('',(37.,39.,36.714285714286));
#14790 = SURFACE_CURVE('',#14791,(#14795,#14802),.PCURVE_S1.);
#14791 = LINE('',#14792,#14793);
#14792 = CARTESIAN_POINT('',(37.,39.,10.));
#14793 = VECTOR('',#14794,1.);
#14794 = DIRECTION('',(0.,0.,1.));
#14795 = PCURVE('',#12494,#14796);
#14796 = DEFINITIONAL_REPRESENTATION('',(#14797),#14801);
#14797 = LINE('',#14798,#14799);
#14798 = CARTESIAN_POINT('',(0.,0.));
#14799 = VECTOR('',#14800,1.);
#14800 = DIRECTION('',(1.,0.));
#14801 = ( GEOMETRIC_REPRESENTATION_CONTEXT(2) 
PARAMETRIC_REPRESENTATION_CONTEXT() REPRESENTATION_CONTEXT('2D SPACE',''
  ) );
#14802 = PCURVE('',#12468,#14803);
#14803 = DEFINITIONAL_REPRESENTATION('',(#14804),#14808);
#14804 = LINE('',#14805,#14806);
#14805 = CARTESIAN_POINT('',(0.,-14.));
#14806 = VECTOR('',#14807,1.);
#14807 = DIRECTION('',(1.,0.));
#14808 = ( GEOMETRIC_REPRESENTATION_CONTEXT(2) 
PARAMETRIC_REPRESENTATION_CONTEXT() REPRESENTATION_CONTEXT('2D SPACE',''
  ) );
#14809 = ORIENTED_EDGE('',*,*,#14810,.T.);
#14810 = EDGE_CURVE('',#14788,#14632,#14811,.T.);
#14811 = SURFACE_CURVE('',#14812,(#14816,#14823),.PCURVE_S1.);
#14812 = LINE('',#14813,#14814);
#14813 = CARTESIAN_POINT('',(37.,39.,36.714285714286));
#14814 = VECTOR('',#14815,1.);
#14815 = DIRECTION('',(1.,0.,0.));
#14816 = PCURVE('',#12494,#14817);
#14817 = DEFINITIONAL_REPRESENTATION('',(#14818),#14822);
#14818 = LINE('',#14819,#14820);
#14819 = CARTESIAN_POINT('',(26.714285714286,0.));
#14820 = VECTOR('',#14821,1.);
#14821 = DIRECTION('',(0.,1.));
#14822 = ( GEOMETRIC_REPRESENTATION_CONTEXT(2) 
PARAMETRIC_REPRESENTATION_CONTEXT() REPRESENTATION_CONTEXT('2D SPACE',''
  ) );
#14823 = PCURVE('',#14670,#14824);
#14824 = DEFINITIONAL_REPRESENTATION('',(#14825),#14829);
#14825 = LINE('',#14826,#14827);
#14826 = CARTESIAN_POINT('',(0.,14.));
#14827 = VECTOR('',#14828,1.);
#14828 = DIRECTION('',(1.,0.));
#14829 = ( GEOMETRIC_REPRESENTATION_CONTEXT(2) 
PARAMETRIC_REPRESENTATION_CONTEXT() REPRESENTATION_CONTEXT('2D SPACE',''
  ) );
#14830 = ADVANCED_FACE('',(#14831),#12468,.F.);
#14831 = FACE_BOUND('',#14832,.F.);
#14832 = EDGE_LOOP('',(#14833,#14834,#14835,#14836,#14859,#14885,#14911,
    #14937));
#14833 = ORIENTED_EDGE('',*,*,#14579,.F.);
#14834 = ORIENTED_EDGE('',*,*,#12453,.T.);
#14835 = ORIENTED_EDGE('',*,*,#14787,.T.);
#14836 = ORIENTED_EDGE('',*,*,#14837,.F.);
#14837 = EDGE_CURVE('',#14838,#14788,#14840,.T.);
#14838 = VERTEX_POINT('',#14839);
#14839 = CARTESIAN_POINT('',(37.,32.8,36.714285714286));
#14840 = SURFACE_CURVE('',#14841,(#14845,#14852),.PCURVE_S1.);
#14841 = LINE('',#14842,#14843);
#14842 = CARTESIAN_POINT('',(37.,25.,36.714285714286));
#14843 = VECTOR('',#14844,1.);
#14844 = DIRECTION('',(0.,1.,0.));
#14845 = PCURVE('',#12468,#14846);
#14846 = DEFINITIONAL_REPRESENTATION('',(#14847),#14851);
#14847 = LINE('',#14848,#14849);
#14848 = CARTESIAN_POINT('',(26.714285714286,0.));
#14849 = VECTOR('',#14850,1.);
#14850 = DIRECTION('',(0.,-1.));
#14851 = ( GEOMETRIC_REPRESENTATION_CONTEXT(2) 
PARAMETRIC_REPRESENTATION_CONTEXT() REPRESENTATION_CONTEXT('2D SPACE',''
  ) );
#14852 = PCURVE('',#14670,#14853);
#14853 = DEFINITIONAL_REPRESENTATION('',(#14854),#14858);
#14854 = LINE('',#14855,#14856);
#14855 = CARTESIAN_POINT('',(0.,0.));
#14856 = VECTOR('',#14857,1.);
#14857 = DIRECTION('',(0.,1.));
#14858 = ( GEOMETRIC_REPRESENTATION_CONTEXT(2) 
PARAMETRIC_REPRESENTATION_CONTEXT() REPRESENTATION_CONTEXT('2D SPACE',''
  ) );
#14859 = ORIENTED_EDGE('',*,*,#14860,.F.);
#14860 = EDGE_CURVE('',#14861,#14838,#14863,.T.);
#14861 = VERTEX_POINT('',#14862);
#14862 = CARTESIAN_POINT('',(37.,32.8,24.5));
#14863 = SURFACE_CURVE('',#14864,(#14868,#14874),.PCURVE_S1.);
#14864 = LINE('',#14865,#14866);
#14865 = CARTESIAN_POINT('',(37.,32.8,17.25));
#14866 = VECTOR('',#14867,1.);
#14867 = DIRECTION('',(0.,0.,1.));
#14868 = PCURVE('',#12468,#14869);
#14869 = DEFINITIONAL_REPRESENTATION('',(#14870),#14873);
#14870 = B_SPLINE_CURVE_WITH_KNOTS('',1,(#14871,#14872),.UNSPECIFIED.,
  .F.,.F.,(2,2),(7.25,19.464285714286),.PIECEWISE_BEZIER_KNOTS.);
#14871 = CARTESIAN_POINT('',(14.5,-7.8));
#14872 = CARTESIAN_POINT('',(26.714285714286,-7.8));
#14873 = ( GEOMETRIC_REPRESENTATION_CONTEXT(2) 
PARAMETRIC_REPRESENTATION_CONTEXT() REPRESENTATION_CONTEXT('2D SPACE',''
  ) );
#14874 = PCURVE('',#14875,#14880);
#14875 = PLANE('',#14876);
#14876 = AXIS2_PLACEMENT_3D('',#14877,#14878,#14879);
#14877 = CARTESIAN_POINT('',(36.,32.8,24.5));
#14878 = DIRECTION('',(0.,1.,0.));
#14879 = DIRECTION('',(0.,0.,1.));
#14880 = DEFINITIONAL_REPRESENTATION('',(#14881),#14884);
#14881 = B_SPLINE_CURVE_WITH_KNOTS('',1,(#14882,#14883),.UNSPECIFIED.,
  .F.,.F.,(2,2),(7.25,19.464285714286),.PIECEWISE_BEZIER_KNOTS.);
#14882 = CARTESIAN_POINT('',(0.,1.));
#14883 = CARTESIAN_POINT('',(12.214285714286,1.));
#14884 = ( GEOMETRIC_REPRESENTATION_CONTEXT(2) 
PARAMETRIC_REPRESENTATION_CONTEXT() REPRESENTATION_CONTEXT('2D SPACE',''
  ) );
#14885 = ORIENTED_EDGE('',*,*,#14886,.T.);
#14886 = EDGE_CURVE('',#14861,#14887,#14889,.T.);
#14887 = VERTEX_POINT('',#14888);
#14888 = CARTESIAN_POINT('',(37.,31.2,24.5));
#14889 = SURFACE_CURVE('',#14890,(#14894,#14900),.PCURVE_S1.);
#14890 = LINE('',#14891,#14892);
#14891 = CARTESIAN_POINT('',(37.,28.1,24.5));
#14892 = VECTOR('',#14893,1.);
#14893 = DIRECTION('',(0.,-1.,0.));
#14894 = PCURVE('',#12468,#14895);
#14895 = DEFINITIONAL_REPRESENTATION('',(#14896),#14899);
#14896 = B_SPLINE_CURVE_WITH_KNOTS('',1,(#14897,#14898),.UNSPECIFIED.,
  .F.,.F.,(2,2),(-4.7,-3.1),.PIECEWISE_BEZIER_KNOTS.);
#14897 = CARTESIAN_POINT('',(14.5,-7.8));
#14898 = CARTESIAN_POINT('',(14.5,-6.2));
#14899 = ( GEOMETRIC_REPRESENTATION_CONTEXT(2) 
PARAMETRIC_REPRESENTATION_CONTEXT() REPRESENTATION_CONTEXT('2D SPACE',''
  ) );
#14900 = PCURVE('',#14901,#14906);
#14901 = PLANE('',#14902);
#14902 = AXIS2_PLACEMENT_3D('',#14903,#14904,#14905);
#14903 = CARTESIAN_POINT('',(36.,31.2,24.5));
#14904 = DIRECTION('',(0.,0.,1.));
#14905 = DIRECTION('',(1.,0.,0.));
#14906 = DEFINITIONAL_REPRESENTATION('',(#14907),#14910);
#14907 = B_SPLINE_CURVE_WITH_KNOTS('',1,(#14908,#14909),.UNSPECIFIED.,
  .F.,.F.,(2,2),(-4.7,-3.1),.PIECEWISE_BEZIER_KNOTS.);
#14908 = CARTESIAN_POINT('',(1.,1.6));
#14909 = CARTESIAN_POINT('',(1.,0.));
#14910 = ( GEOMETRIC_REPRESENTATION_CONTEXT(2) 
PARAMETRIC_REPRESENTATION_CONTEXT() REPRESENTATION_CONTEXT('2D SPACE',''
  ) );
#14911 = ORIENTED_EDGE('',*,*,#14912,.T.);
#14912 = EDGE_CURVE('',#14887,#14913,#14915,.T.);
#14913 = VERTEX_POINT('',#14914);
#14914 = CARTESIAN_POINT('',(37.,31.2,36.504761904762));
#14915 = SURFACE_CURVE('',#14916,(#14920,#14926),.PCURVE_S1.);
#14916 = LINE('',#14917,#14918);
#14917 = CARTESIAN_POINT('',(37.,31.2,17.25));
#14918 = VECTOR('',#14919,1.);
#14919 = DIRECTION('',(0.,0.,1.));
#14920 = PCURVE('',#12468,#14921);
#14921 = DEFINITIONAL_REPRESENTATION('',(#14922),#14925);
#14922 = B_SPLINE_CURVE_WITH_KNOTS('',1,(#14923,#14924),.UNSPECIFIED.,
  .F.,.F.,(2,2),(7.25,19.464285714286),.PIECEWISE_BEZIER_KNOTS.);
#14923 = CARTESIAN_POINT('',(14.5,-6.2));
#14924 = CARTESIAN_POINT('',(26.714285714286,-6.2));
#14925 = ( GEOMETRIC_REPRESENTATION_CONTEXT(2) 
PARAMETRIC_REPRESENTATION_CONTEXT() REPRESENTATION_CONTEXT('2D SPACE',''
  ) );
#14926 = PCURVE('',#14927,#14932);
#14927 = PLANE('',#14928);
#14928 = AXIS2_PLACEMENT_3D('',#14929,#14930,#14931);
#14929 = CARTESIAN_POINT('',(36.,31.2,24.5));
#14930 = DIRECTION('',(0.,1.,0.));
#14931 = DIRECTION('',(0.,0.,1.));
#14932 = DEFINITIONAL_REPRESENTATION('',(#14933),#14936);
#14933 = B_SPLINE_CURVE_WITH_KNOTS('',1,(#14934,#14935),.UNSPECIFIED.,
  .F.,.F.,(2,2),(7.25,19.464285714286),.PIECEWISE_BEZIER_KNOTS.);
#14934 = CARTESIAN_POINT('',(0.,1.));
#14935 = CARTESIAN_POINT('',(12.214285714286,1.));
#14936 = ( GEOMETRIC_REPRESENTATION_CONTEXT(2) 
PARAMETRIC_REPRESENTATION_CONTEXT() REPRESENTATION_CONTEXT('2D SPACE',''
  ) );
#14937 = ORIENTED_EDGE('',*,*,#14938,.T.);
#14938 = EDGE_CURVE('',#14913,#14580,#14939,.T.);
#14939 = SURFACE_CURVE('',#14940,(#14944,#14950),.PCURVE_S1.);
#14940 = LINE('',#14941,#14942);
#14941 = CARTESIAN_POINT('',(37.,79.450928381963,49.141909814324));
#14942 = VECTOR('',#14943,1.);
#14943 = DIRECTION('',(0.,-0.96737222338,-0.253359391838));
#14944 = PCURVE('',#12468,#14945);
#14945 = DEFINITIONAL_REPRESENTATION('',(#14946),#14949);
#14946 = B_SPLINE_CURVE_WITH_KNOTS('',1,(#14947,#14948),.UNSPECIFIED.,
  .F.,.F.,(2,2),(49.051365374289,56.28746315632),
  .PIECEWISE_BEZIER_KNOTS.);
#14947 = CARTESIAN_POINT('',(26.714285714286,-7.));
#14948 = CARTESIAN_POINT('',(24.880952380952,0.));
#14949 = ( GEOMETRIC_REPRESENTATION_CONTEXT(2) 
PARAMETRIC_REPRESENTATION_CONTEXT() REPRESENTATION_CONTEXT('2D SPACE',''
  ) );
#14950 = PCURVE('',#14615,#14951);
#14951 = DEFINITIONAL_REPRESENTATION('',(#14952),#14955);
#14952 = B_SPLINE_CURVE_WITH_KNOTS('',1,(#14953,#14954),.UNSPECIFIED.,
  .F.,.F.,(2,2),(49.051365374289,56.28746315632),
  .PIECEWISE_BEZIER_KNOTS.);
#14953 = CARTESIAN_POINT('',(111.64265149419,37.));
#14954 = CARTESIAN_POINT('',(118.87874927622,37.));
#14955 = ( GEOMETRIC_REPRESENTATION_CONTEXT(2) 
PARAMETRIC_REPRESENTATION_CONTEXT() REPRESENTATION_CONTEXT('2D SPACE',''
  ) );
#14956 = ADVANCED_FACE('',(#14957),#13284,.T.);
#14957 = FACE_BOUND('',#14958,.T.);
#14958 = EDGE_LOOP('',(#14959,#14960,#14961,#14962));
#14959 = ORIENTED_EDGE('',*,*,#13489,.F.);
#14960 = ORIENTED_EDGE('',*,*,#13268,.T.);
#14961 = ORIENTED_EDGE('',*,*,#13413,.T.);
#14962 = ORIENTED_EDGE('',*,*,#13462,.F.);
#14963 = ADVANCED_FACE('',(#14964),#13528,.T.);
#14964 = FACE_BOUND('',#14965,.T.);
#14965 = EDGE_LOOP('',(#14966,#14994,#14995,#14996,#14997,#15025));
#14966 = ORIENTED_EDGE('',*,*,#14967,.T.);
#14967 = EDGE_CURVE('',#14968,#9542,#14970,.T.);
#14968 = VERTEX_POINT('',#14969);
#14969 = CARTESIAN_POINT('',(20.75,142.17442495927,36.371547404352));
#14970 = SURFACE_CURVE('',#14971,(#14975,#14982),.PCURVE_S1.);
#14971 = LINE('',#14972,#14973);
#14972 = CARTESIAN_POINT('',(20.75,142.17442495927,36.371547404352));
#14973 = VECTOR('',#14974,1.);
#14974 = DIRECTION('',(8.659560562355E-17,0.989949493661,0.141421356237)
  );
#14975 = PCURVE('',#13528,#14976);
#14976 = DEFINITIONAL_REPRESENTATION('',(#14977),#14981);
#14977 = LINE('',#14978,#14979);
#14978 = CARTESIAN_POINT('',(0.,0.));
#14979 = VECTOR('',#14980,1.);
#14980 = DIRECTION('',(0.,-1.));
#14981 = ( GEOMETRIC_REPRESENTATION_CONTEXT(2) 
PARAMETRIC_REPRESENTATION_CONTEXT() REPRESENTATION_CONTEXT('2D SPACE',''
  ) );
#14982 = PCURVE('',#14983,#14988);
#14983 = PLANE('',#14984);
#14984 = AXIS2_PLACEMENT_3D('',#14985,#14986,#14987);
#14985 = CARTESIAN_POINT('',(20.75,142.17442495927,36.371547404352));
#14986 = DIRECTION('',(1.,-9.797174393179E-17,7.347880794884E-17));
#14987 = DIRECTION('',(-8.659560562355E-17,-0.141421356237,
    0.989949493661));
#14988 = DEFINITIONAL_REPRESENTATION('',(#14989),#14993);
#14989 = LINE('',#14990,#14991);
#14990 = CARTESIAN_POINT('',(0.,0.));
#14991 = VECTOR('',#14992,1.);
#14992 = DIRECTION('',(0.,-1.));
#14993 = ( GEOMETRIC_REPRESENTATION_CONTEXT(2) 
PARAMETRIC_REPRESENTATION_CONTEXT() REPRESENTATION_CONTEXT('2D SPACE',''
  ) );
#14994 = ORIENTED_EDGE('',*,*,#13514,.T.);
#14995 = ORIENTED_EDGE('',*,*,#13462,.T.);
#14996 = ORIENTED_EDGE('',*,*,#13541,.T.);
#14997 = ORIENTED_EDGE('',*,*,#14998,.F.);
#14998 = EDGE_CURVE('',#14999,#9345,#15001,.T.);
#14999 = VERTEX_POINT('',#15000);
#15000 = CARTESIAN_POINT('',(-20.75,142.17442495927,36.371547404352));
#15001 = SURFACE_CURVE('',#15002,(#15006,#15013),.PCURVE_S1.);
#15002 = LINE('',#15003,#15004);
#15003 = CARTESIAN_POINT('',(-20.75,142.17442495927,36.371547404352));
#15004 = VECTOR('',#15005,1.);
#15005 = DIRECTION('',(8.659560562355E-17,0.989949493661,0.141421356237)
  );
#15006 = PCURVE('',#13528,#15007);
#15007 = DEFINITIONAL_REPRESENTATION('',(#15008),#15012);
#15008 = LINE('',#15009,#15010);
#15009 = CARTESIAN_POINT('',(41.5,0.));
#15010 = VECTOR('',#15011,1.);
#15011 = DIRECTION('',(0.,-1.));
#15012 = ( GEOMETRIC_REPRESENTATION_CONTEXT(2) 
PARAMETRIC_REPRESENTATION_CONTEXT() REPRESENTATION_CONTEXT('2D SPACE',''
  ) );
#15013 = PCURVE('',#15014,#15019);
#15014 = PLANE('',#15015);
#15015 = AXIS2_PLACEMENT_3D('',#15016,#15017,#15018);
#15016 = CARTESIAN_POINT('',(-20.75,142.17442495927,36.371547404352));
#15017 = DIRECTION('',(1.,-9.797174393179E-17,7.347880794884E-17));
#15018 = DIRECTION('',(-8.659560562355E-17,-0.141421356237,
    0.989949493661));
#15019 = DEFINITIONAL_REPRESENTATION('',(#15020),#15024);
#15020 = LINE('',#15021,#15022);
#15021 = CARTESIAN_POINT('',(0.,0.));
#15022 = VECTOR('',#15023,1.);
#15023 = DIRECTION('',(0.,-1.));
#15024 = ( GEOMETRIC_REPRESENTATION_CONTEXT(2) 
PARAMETRIC_REPRESENTATION_CONTEXT() REPRESENTATION_CONTEXT('2D SPACE',''
  ) );
#15025 = ORIENTED_EDGE('',*,*,#15026,.F.);
#15026 = EDGE_CURVE('',#14968,#14999,#15027,.T.);
#15027 = SURFACE_CURVE('',#15028,(#15032,#15039),.PCURVE_S1.);
#15028 = LINE('',#15029,#15030);
#15029 = CARTESIAN_POINT('',(1.775209915283E-15,142.17442495927,
    36.371547404352));
#15030 = VECTOR('',#15031,1.);
#15031 = DIRECTION('',(-1.,9.797174393179E-17,-7.347880794884E-17));
#15032 = PCURVE('',#13528,#15033);
#15033 = DEFINITIONAL_REPRESENTATION('',(#15034),#15038);
#15034 = LINE('',#15035,#15036);
#15035 = CARTESIAN_POINT('',(20.75,0.));
#15036 = VECTOR('',#15037,1.);
#15037 = DIRECTION('',(1.,0.));
#15038 = ( GEOMETRIC_REPRESENTATION_CONTEXT(2) 
PARAMETRIC_REPRESENTATION_CONTEXT() REPRESENTATION_CONTEXT('2D SPACE',''
  ) );
#15039 = PCURVE('',#15040,#15045);
#15040 = PLANE('',#15041);
#15041 = AXIS2_PLACEMENT_3D('',#15042,#15043,#15044);
#15042 = CARTESIAN_POINT('',(2.164890140589E-16,139.628840547,
    54.190638290253));
#15043 = DIRECTION('',(8.659560562355E-17,0.989949493661,0.141421356237)
  );
#15044 = DIRECTION('',(-1.,9.797174393179E-17,-7.347880794884E-17));
#15045 = DEFINITIONAL_REPRESENTATION('',(#15046),#15050);
#15046 = LINE('',#15047,#15048);
#15047 = CARTESIAN_POINT('',(0.,-18.));
#15048 = VECTOR('',#15049,1.);
#15049 = DIRECTION('',(1.,0.));
#15050 = ( GEOMETRIC_REPRESENTATION_CONTEXT(2) 
PARAMETRIC_REPRESENTATION_CONTEXT() REPRESENTATION_CONTEXT('2D SPACE',''
  ) );
#15051 = ADVANCED_FACE('',(#15052),#13610,.T.);
#15052 = FACE_BOUND('',#15053,.T.);
#15053 = EDGE_LOOP('',(#15054,#15055,#15056,#15079,#15102,#15123,#15124,
    #15125));
#15054 = ORIENTED_EDGE('',*,*,#14176,.F.);
#15055 = ORIENTED_EDGE('',*,*,#13652,.T.);
#15056 = ORIENTED_EDGE('',*,*,#15057,.F.);
#15057 = EDGE_CURVE('',#15058,#9421,#15060,.T.);
#15058 = VERTEX_POINT('',#15059);
#15059 = CARTESIAN_POINT('',(20.75,136.80041342225,73.989628163477));
#15060 = SURFACE_CURVE('',#15061,(#15065,#15072),.PCURVE_S1.);
#15061 = LINE('',#15062,#15063);
#15062 = CARTESIAN_POINT('',(20.75,136.80041342225,73.989628163477));
#15063 = VECTOR('',#15064,1.);
#15064 = DIRECTION('',(8.659560562355E-17,0.989949493661,0.141421356237)
  );
#15065 = PCURVE('',#13610,#15066);
#15066 = DEFINITIONAL_REPRESENTATION('',(#15067),#15071);
#15067 = LINE('',#15068,#15069);
#15068 = CARTESIAN_POINT('',(2.,0.));
#15069 = VECTOR('',#15070,1.);
#15070 = DIRECTION('',(0.,-1.));
#15071 = ( GEOMETRIC_REPRESENTATION_CONTEXT(2) 
PARAMETRIC_REPRESENTATION_CONTEXT() REPRESENTATION_CONTEXT('2D SPACE',''
  ) );
#15072 = PCURVE('',#14983,#15073);
#15073 = DEFINITIONAL_REPRESENTATION('',(#15074),#15078);
#15074 = LINE('',#15075,#15076);
#15075 = CARTESIAN_POINT('',(38.,0.));
#15076 = VECTOR('',#15077,1.);
#15077 = DIRECTION('',(0.,-1.));
#15078 = ( GEOMETRIC_REPRESENTATION_CONTEXT(2) 
PARAMETRIC_REPRESENTATION_CONTEXT() REPRESENTATION_CONTEXT('2D SPACE',''
  ) );
#15079 = ORIENTED_EDGE('',*,*,#15080,.T.);
#15080 = EDGE_CURVE('',#15058,#15081,#15083,.T.);
#15081 = VERTEX_POINT('',#15082);
#15082 = CARTESIAN_POINT('',(-20.75,136.80041342225,73.989628163477));
#15083 = SURFACE_CURVE('',#15084,(#15088,#15095),.PCURVE_S1.);
#15084 = LINE('',#15085,#15086);
#15085 = CARTESIAN_POINT('',(-1.515423098412E-15,136.80041342225,
    73.989628163477));
#15086 = VECTOR('',#15087,1.);
#15087 = DIRECTION('',(-1.,9.797174393179E-17,-7.347880794884E-17));
#15088 = PCURVE('',#13610,#15089);
#15089 = DEFINITIONAL_REPRESENTATION('',(#15090),#15094);
#15090 = LINE('',#15091,#15092);
#15091 = CARTESIAN_POINT('',(22.75,0.));
#15092 = VECTOR('',#15093,1.);
#15093 = DIRECTION('',(1.,0.));
#15094 = ( GEOMETRIC_REPRESENTATION_CONTEXT(2) 
PARAMETRIC_REPRESENTATION_CONTEXT() REPRESENTATION_CONTEXT('2D SPACE',''
  ) );
#15095 = PCURVE('',#15040,#15096);
#15096 = DEFINITIONAL_REPRESENTATION('',(#15097),#15101);
#15097 = LINE('',#15098,#15099);
#15098 = CARTESIAN_POINT('',(0.,20.));
#15099 = VECTOR('',#15100,1.);
#15100 = DIRECTION('',(1.,0.));
#15101 = ( GEOMETRIC_REPRESENTATION_CONTEXT(2) 
PARAMETRIC_REPRESENTATION_CONTEXT() REPRESENTATION_CONTEXT('2D SPACE',''
  ) );
#15102 = ORIENTED_EDGE('',*,*,#15103,.T.);
#15103 = EDGE_CURVE('',#15081,#9294,#15104,.T.);
#15104 = SURFACE_CURVE('',#15105,(#15109,#15116),.PCURVE_S1.);
#15105 = LINE('',#15106,#15107);
#15106 = CARTESIAN_POINT('',(-20.75,136.80041342225,73.989628163477));
#15107 = VECTOR('',#15108,1.);
#15108 = DIRECTION('',(8.659560562355E-17,0.989949493661,0.141421356237)
  );
#15109 = PCURVE('',#13610,#15110);
#15110 = DEFINITIONAL_REPRESENTATION('',(#15111),#15115);
#15111 = LINE('',#15112,#15113);
#15112 = CARTESIAN_POINT('',(43.5,0.));
#15113 = VECTOR('',#15114,1.);
#15114 = DIRECTION('',(0.,-1.));
#15115 = ( GEOMETRIC_REPRESENTATION_CONTEXT(2) 
PARAMETRIC_REPRESENTATION_CONTEXT() REPRESENTATION_CONTEXT('2D SPACE',''
  ) );
#15116 = PCURVE('',#15014,#15117);
#15117 = DEFINITIONAL_REPRESENTATION('',(#15118),#15122);
#15118 = LINE('',#15119,#15120);
#15119 = CARTESIAN_POINT('',(38.,0.));
#15120 = VECTOR('',#15121,1.);
#15121 = DIRECTION('',(0.,-1.));
#15122 = ( GEOMETRIC_REPRESENTATION_CONTEXT(2) 
PARAMETRIC_REPRESENTATION_CONTEXT() REPRESENTATION_CONTEXT('2D SPACE',''
  ) );
#15123 = ORIENTED_EDGE('',*,*,#13596,.T.);
#15124 = ORIENTED_EDGE('',*,*,#13849,.F.);
#15125 = ORIENTED_EDGE('',*,*,#15126,.F.);
#15126 = EDGE_CURVE('',#14177,#13850,#15127,.T.);
#15127 = SURFACE_CURVE('',#15128,(#15132,#15139),.PCURVE_S1.);
#15128 = LINE('',#15129,#15130);
#15129 = CARTESIAN_POINT('',(-1.645316506847E-15,135.31548918176,
    73.777496129121));
#15130 = VECTOR('',#15131,1.);
#15131 = DIRECTION('',(-1.,9.797174393179E-17,-7.347880794884E-17));
#15132 = PCURVE('',#13610,#15133);
#15133 = DEFINITIONAL_REPRESENTATION('',(#15134),#15138);
#15134 = LINE('',#15135,#15136);
#15135 = CARTESIAN_POINT('',(22.75,1.5));
#15136 = VECTOR('',#15137,1.);
#15137 = DIRECTION('',(1.,0.));
#15138 = ( GEOMETRIC_REPRESENTATION_CONTEXT(2) 
PARAMETRIC_REPRESENTATION_CONTEXT() REPRESENTATION_CONTEXT('2D SPACE',''
  ) );
#15139 = PCURVE('',#13888,#15140);
#15140 = DEFINITIONAL_REPRESENTATION('',(#15141),#15145);
#15141 = LINE('',#15142,#15143);
#15142 = CARTESIAN_POINT('',(0.,20.));
#15143 = VECTOR('',#15144,1.);
#15144 = DIRECTION('',(1.,0.));
#15145 = ( GEOMETRIC_REPRESENTATION_CONTEXT(2) 
PARAMETRIC_REPRESENTATION_CONTEXT() REPRESENTATION_CONTEXT('2D SPACE',''
  ) );
#15146 = ADVANCED_FACE('',(#15147),#13728,.F.);
#15147 = FACE_BOUND('',#15148,.F.);
#15148 = EDGE_LOOP('',(#15149,#15172,#15173,#15174));
#15149 = ORIENTED_EDGE('',*,*,#15150,.F.);
#15150 = EDGE_CURVE('',#13712,#15151,#15153,.T.);
#15151 = VERTEX_POINT('',#15152);
#15152 = CARTESIAN_POINT('',(-10.7,58.548441482246,24.424978336206));
#15153 = SEAM_CURVE('',#15154,(#15158,#15165),.PCURVE_S1.);
#15154 = LINE('',#15155,#15156);
#15155 = CARTESIAN_POINT('',(-10.7,59.184837585314,19.97020561473));
#15156 = VECTOR('',#15157,1.);
#15157 = DIRECTION('',(0.,-0.141421356237,0.989949493661));
#15158 = PCURVE('',#13728,#15159);
#15159 = DEFINITIONAL_REPRESENTATION('',(#15160),#15164);
#15160 = LINE('',#15161,#15162);
#15161 = CARTESIAN_POINT('',(0.,-2.5));
#15162 = VECTOR('',#15163,1.);
#15163 = DIRECTION('',(-0.,1.));
#15164 = ( GEOMETRIC_REPRESENTATION_CONTEXT(2) 
PARAMETRIC_REPRESENTATION_CONTEXT() REPRESENTATION_CONTEXT('2D SPACE',''
  ) );
#15165 = PCURVE('',#13728,#15166);
#15166 = DEFINITIONAL_REPRESENTATION('',(#15167),#15171);
#15167 = LINE('',#15168,#15169);
#15168 = CARTESIAN_POINT('',(6.28318530718,-2.5));
#15169 = VECTOR('',#15170,1.);
#15170 = DIRECTION('',(-0.,1.));
#15171 = ( GEOMETRIC_REPRESENTATION_CONTEXT(2) 
PARAMETRIC_REPRESENTATION_CONTEXT() REPRESENTATION_CONTEXT('2D SPACE',''
  ) );
#15172 = ORIENTED_EDGE('',*,*,#13711,.T.);
#15173 = ORIENTED_EDGE('',*,*,#15150,.T.);
#15174 = ORIENTED_EDGE('',*,*,#15175,.F.);
#15175 = EDGE_CURVE('',#15151,#15151,#15176,.T.);
#15176 = SURFACE_CURVE('',#15177,(#15182,#15189),.PCURVE_S1.);
#15177 = CIRCLE('',#15178,1.3);
#15178 = AXIS2_PLACEMENT_3D('',#15179,#15180,#15181);
#15179 = CARTESIAN_POINT('',(-12.,58.548441482246,24.424978336206));
#15180 = DIRECTION('',(0.,-0.141421356237,0.989949493661));
#15181 = DIRECTION('',(1.,0.,0.));
#15182 = PCURVE('',#13728,#15183);
#15183 = DEFINITIONAL_REPRESENTATION('',(#15184),#15188);
#15184 = LINE('',#15185,#15186);
#15185 = CARTESIAN_POINT('',(0.,2.));
#15186 = VECTOR('',#15187,1.);
#15187 = DIRECTION('',(1.,0.));
#15188 = ( GEOMETRIC_REPRESENTATION_CONTEXT(2) 
PARAMETRIC_REPRESENTATION_CONTEXT() REPRESENTATION_CONTEXT('2D SPACE',''
  ) );
#15189 = PCURVE('',#14318,#15190);
#15190 = DEFINITIONAL_REPRESENTATION('',(#15191),#15195);
#15191 = CIRCLE('',#15192,1.3);
#15192 = AXIS2_PLACEMENT_2D('',#15193,#15194);
#15193 = CARTESIAN_POINT('',(0.,-5.024295867788E-16));
#15194 = DIRECTION('',(1.,0.));
#15195 = ( GEOMETRIC_REPRESENTATION_CONTEXT(2) 
PARAMETRIC_REPRESENTATION_CONTEXT() REPRESENTATION_CONTEXT('2D SPACE',''
  ) );
#15196 = ADVANCED_FACE('',(#15197),#13763,.F.);
#15197 = FACE_BOUND('',#15198,.F.);
#15198 = EDGE_LOOP('',(#15199,#15222,#15223,#15224));
#15199 = ORIENTED_EDGE('',*,*,#15200,.F.);
#15200 = EDGE_CURVE('',#13747,#15201,#15203,.T.);
#15201 = VERTEX_POINT('',#15202);
#15202 = CARTESIAN_POINT('',(-10.7,34.789653634378,21.03086578651));
#15203 = SEAM_CURVE('',#15204,(#15208,#15215),.PCURVE_S1.);
#15204 = LINE('',#15205,#15206);
#15205 = CARTESIAN_POINT('',(-10.7,35.426049737446,16.576093065035));
#15206 = VECTOR('',#15207,1.);
#15207 = DIRECTION('',(0.,-0.141421356237,0.989949493661));
#15208 = PCURVE('',#13763,#15209);
#15209 = DEFINITIONAL_REPRESENTATION('',(#15210),#15214);
#15210 = LINE('',#15211,#15212);
#15211 = CARTESIAN_POINT('',(0.,-2.5));
#15212 = VECTOR('',#15213,1.);
#15213 = DIRECTION('',(-0.,1.));
#15214 = ( GEOMETRIC_REPRESENTATION_CONTEXT(2) 
PARAMETRIC_REPRESENTATION_CONTEXT() REPRESENTATION_CONTEXT('2D SPACE',''
  ) );
#15215 = PCURVE('',#13763,#15216);
#15216 = DEFINITIONAL_REPRESENTATION('',(#15217),#15221);
#15217 = LINE('',#15218,#15219);
#15218 = CARTESIAN_POINT('',(6.28318530718,-2.5));
#15219 = VECTOR('',#15220,1.);
#15220 = DIRECTION('',(-0.,1.));
#15221 = ( GEOMETRIC_REPRESENTATION_CONTEXT(2) 
PARAMETRIC_REPRESENTATION_CONTEXT() REPRESENTATION_CONTEXT('2D SPACE',''
  ) );
#15222 = ORIENTED_EDGE('',*,*,#13746,.T.);
#15223 = ORIENTED_EDGE('',*,*,#15200,.T.);
#15224 = ORIENTED_EDGE('',*,*,#15225,.F.);
#15225 = EDGE_CURVE('',#15201,#15201,#15226,.T.);
#15226 = SURFACE_CURVE('',#15227,(#15232,#15239),.PCURVE_S1.);
#15227 = CIRCLE('',#15228,1.3);
#15228 = AXIS2_PLACEMENT_3D('',#15229,#15230,#15231);
#15229 = CARTESIAN_POINT('',(-12.,34.789653634378,21.03086578651));
#15230 = DIRECTION('',(0.,-0.141421356237,0.989949493661));
#15231 = DIRECTION('',(1.,0.,0.));
#15232 = PCURVE('',#13763,#15233);
#15233 = DEFINITIONAL_REPRESENTATION('',(#15234),#15238);
#15234 = LINE('',#15235,#15236);
#15235 = CARTESIAN_POINT('',(0.,2.));
#15236 = VECTOR('',#15237,1.);
#15237 = DIRECTION('',(1.,0.));
#15238 = ( GEOMETRIC_REPRESENTATION_CONTEXT(2) 
PARAMETRIC_REPRESENTATION_CONTEXT() REPRESENTATION_CONTEXT('2D SPACE',''
  ) );
#15239 = PCURVE('',#14373,#15240);
#15240 = DEFINITIONAL_REPRESENTATION('',(#15241),#15245);
#15241 = CIRCLE('',#15242,1.3);
#15242 = AXIS2_PLACEMENT_2D('',#15243,#15244);
#15243 = CARTESIAN_POINT('',(0.,0.));
#15244 = DIRECTION('',(1.,0.));
#15245 = ( GEOMETRIC_REPRESENTATION_CONTEXT(2) 
PARAMETRIC_REPRESENTATION_CONTEXT() REPRESENTATION_CONTEXT('2D SPACE',''
  ) );
#15246 = ADVANCED_FACE('',(#15247),#13798,.F.);
#15247 = FACE_BOUND('',#15248,.F.);
#15248 = EDGE_LOOP('',(#15249,#15272,#15273,#15274));
#15249 = ORIENTED_EDGE('',*,*,#15250,.F.);
#15250 = EDGE_CURVE('',#13782,#15251,#15253,.T.);
#15251 = VERTEX_POINT('',#15252);
#15252 = CARTESIAN_POINT('',(13.3,58.548441482246,24.424978336206));
#15253 = SEAM_CURVE('',#15254,(#15258,#15265),.PCURVE_S1.);
#15254 = LINE('',#15255,#15256);
#15255 = CARTESIAN_POINT('',(13.3,60.245497757094,12.545584412272));
#15256 = VECTOR('',#15257,1.);
#15257 = DIRECTION('',(0.,-0.141421356237,0.989949493661));
#15258 = PCURVE('',#13798,#15259);
#15259 = DEFINITIONAL_REPRESENTATION('',(#15260),#15264);
#15260 = LINE('',#15261,#15262);
#15261 = CARTESIAN_POINT('',(0.,-10.));
#15262 = VECTOR('',#15263,1.);
#15263 = DIRECTION('',(-0.,1.));
#15264 = ( GEOMETRIC_REPRESENTATION_CONTEXT(2) 
PARAMETRIC_REPRESENTATION_CONTEXT() REPRESENTATION_CONTEXT('2D SPACE',''
  ) );
#15265 = PCURVE('',#13798,#15266);
#15266 = DEFINITIONAL_REPRESENTATION('',(#15267),#15271);
#15267 = LINE('',#15268,#15269);
#15268 = CARTESIAN_POINT('',(6.28318530718,-10.));
#15269 = VECTOR('',#15270,1.);
#15270 = DIRECTION('',(-0.,1.));
#15271 = ( GEOMETRIC_REPRESENTATION_CONTEXT(2) 
PARAMETRIC_REPRESENTATION_CONTEXT() REPRESENTATION_CONTEXT('2D SPACE',''
  ) );
#15272 = ORIENTED_EDGE('',*,*,#13781,.T.);
#15273 = ORIENTED_EDGE('',*,*,#15250,.T.);
#15274 = ORIENTED_EDGE('',*,*,#15275,.F.);
#15275 = EDGE_CURVE('',#15251,#15251,#15276,.T.);
#15276 = SURFACE_CURVE('',#15277,(#15282,#15289),.PCURVE_S1.);
#15277 = CIRCLE('',#15278,1.3);
#15278 = AXIS2_PLACEMENT_3D('',#15279,#15280,#15281);
#15279 = CARTESIAN_POINT('',(12.,58.548441482246,24.424978336206));
#15280 = DIRECTION('',(0.,-0.141421356237,0.989949493661));
#15281 = DIRECTION('',(1.,0.,0.));
#15282 = PCURVE('',#13798,#15283);
#15283 = DEFINITIONAL_REPRESENTATION('',(#15284),#15288);
#15284 = LINE('',#15285,#15286);
#15285 = CARTESIAN_POINT('',(0.,2.));
#15286 = VECTOR('',#15287,1.);
#15287 = DIRECTION('',(1.,0.));
#15288 = ( GEOMETRIC_REPRESENTATION_CONTEXT(2) 
PARAMETRIC_REPRESENTATION_CONTEXT() REPRESENTATION_CONTEXT('2D SPACE',''
  ) );
#15289 = PCURVE('',#14428,#15290);
#15290 = DEFINITIONAL_REPRESENTATION('',(#15291),#15295);
#15291 = CIRCLE('',#15292,1.3);
#15292 = AXIS2_PLACEMENT_2D('',#15293,#15294);
#15293 = CARTESIAN_POINT('',(0.,-5.024295867788E-16));
#15294 = DIRECTION('',(1.,0.));
#15295 = ( GEOMETRIC_REPRESENTATION_CONTEXT(2) 
PARAMETRIC_REPRESENTATION_CONTEXT() REPRESENTATION_CONTEXT('2D SPACE',''
  ) );
#15296 = ADVANCED_FACE('',(#15297),#13833,.F.);
#15297 = FACE_BOUND('',#15298,.F.);
#15298 = EDGE_LOOP('',(#15299,#15322,#15323,#15324));
#15299 = ORIENTED_EDGE('',*,*,#15300,.F.);
#15300 = EDGE_CURVE('',#13817,#15301,#15303,.T.);
#15301 = VERTEX_POINT('',#15302);
#15302 = CARTESIAN_POINT('',(13.3,34.789653634378,21.03086578651));
#15303 = SEAM_CURVE('',#15304,(#15308,#15315),.PCURVE_S1.);
#15304 = LINE('',#15305,#15306);
#15305 = CARTESIAN_POINT('',(13.3,35.426049737446,16.576093065035));
#15306 = VECTOR('',#15307,1.);
#15307 = DIRECTION('',(0.,-0.141421356237,0.989949493661));
#15308 = PCURVE('',#13833,#15309);
#15309 = DEFINITIONAL_REPRESENTATION('',(#15310),#15314);
#15310 = LINE('',#15311,#15312);
#15311 = CARTESIAN_POINT('',(0.,-2.5));
#15312 = VECTOR('',#15313,1.);
#15313 = DIRECTION('',(-0.,1.));
#15314 = ( GEOMETRIC_REPRESENTATION_CONTEXT(2) 
PARAMETRIC_REPRESENTATION_CONTEXT() REPRESENTATION_CONTEXT('2D SPACE',''
  ) );
#15315 = PCURVE('',#13833,#15316);
#15316 = DEFINITIONAL_REPRESENTATION('',(#15317),#15321);
#15317 = LINE('',#15318,#15319);
#15318 = CARTESIAN_POINT('',(6.28318530718,-2.5));
#15319 = VECTOR('',#15320,1.);
#15320 = DIRECTION('',(-0.,1.));
#15321 = ( GEOMETRIC_REPRESENTATION_CONTEXT(2) 
PARAMETRIC_REPRESENTATION_CONTEXT() REPRESENTATION_CONTEXT('2D SPACE',''
  ) );
#15322 = ORIENTED_EDGE('',*,*,#13816,.T.);
#15323 = ORIENTED_EDGE('',*,*,#15300,.T.);
#15324 = ORIENTED_EDGE('',*,*,#15325,.F.);
#15325 = EDGE_CURVE('',#15301,#15301,#15326,.T.);
#15326 = SURFACE_CURVE('',#15327,(#15332,#15339),.PCURVE_S1.);
#15327 = CIRCLE('',#15328,1.3);
#15328 = AXIS2_PLACEMENT_3D('',#15329,#15330,#15331);
#15329 = CARTESIAN_POINT('',(12.,34.789653634378,21.03086578651));
#15330 = DIRECTION('',(0.,-0.141421356237,0.989949493661));
#15331 = DIRECTION('',(1.,0.,0.));
#15332 = PCURVE('',#13833,#15333);
#15333 = DEFINITIONAL_REPRESENTATION('',(#15334),#15338);
#15334 = LINE('',#15335,#15336);
#15335 = CARTESIAN_POINT('',(0.,2.));
#15336 = VECTOR('',#15337,1.);
#15337 = DIRECTION('',(1.,0.));
#15338 = ( GEOMETRIC_REPRESENTATION_CONTEXT(2) 
PARAMETRIC_REPRESENTATION_CONTEXT() REPRESENTATION_CONTEXT('2D SPACE',''
  ) );
#15339 = PCURVE('',#14483,#15340);
#15340 = DEFINITIONAL_REPRESENTATION('',(#15341),#15345);
#15341 = CIRCLE('',#15342,1.3);
#15342 = AXIS2_PLACEMENT_2D('',#15343,#15344);
#15343 = CARTESIAN_POINT('',(0.,0.));
#15344 = DIRECTION('',(1.,0.));
#15345 = ( GEOMETRIC_REPRESENTATION_CONTEXT(2) 
PARAMETRIC_REPRESENTATION_CONTEXT() REPRESENTATION_CONTEXT('2D SPACE',''
  ) );
#15346 = ADVANCED_FACE('',(#15347),#13888,.F.);
#15347 = FACE_BOUND('',#15348,.F.);
#15348 = EDGE_LOOP('',(#15349,#15350,#15371,#15372));
#15349 = ORIENTED_EDGE('',*,*,#14203,.F.);
#15350 = ORIENTED_EDGE('',*,*,#15351,.F.);
#15351 = EDGE_CURVE('',#13873,#14129,#15352,.T.);
#15352 = SURFACE_CURVE('',#15353,(#15357,#15364),.PCURVE_S1.);
#15353 = LINE('',#15354,#15355);
#15354 = CARTESIAN_POINT('',(0.,139.55812986888,44.079011319286));
#15355 = VECTOR('',#15356,1.);
#15356 = DIRECTION('',(1.,0.,0.));
#15357 = PCURVE('',#13888,#15358);
#15358 = DEFINITIONAL_REPRESENTATION('',(#15359),#15363);
#15359 = LINE('',#15360,#15361);
#15360 = CARTESIAN_POINT('',(9.52551661859E-16,-10.));
#15361 = VECTOR('',#15362,1.);
#15362 = DIRECTION('',(-1.,-8.659560562355E-17));
#15363 = ( GEOMETRIC_REPRESENTATION_CONTEXT(2) 
PARAMETRIC_REPRESENTATION_CONTEXT() REPRESENTATION_CONTEXT('2D SPACE',''
  ) );
#15364 = PCURVE('',#13964,#15365);
#15365 = DEFINITIONAL_REPRESENTATION('',(#15366),#15370);
#15366 = LINE('',#15367,#15368);
#15367 = CARTESIAN_POINT('',(0.,38.475));
#15368 = VECTOR('',#15369,1.);
#15369 = DIRECTION('',(1.,0.));
#15370 = ( GEOMETRIC_REPRESENTATION_CONTEXT(2) 
PARAMETRIC_REPRESENTATION_CONTEXT() REPRESENTATION_CONTEXT('2D SPACE',''
  ) );
#15371 = ORIENTED_EDGE('',*,*,#13872,.T.);
#15372 = ORIENTED_EDGE('',*,*,#15126,.F.);
#15373 = ADVANCED_FACE('',(#15374,#15382),#13964,.T.);
#15374 = FACE_BOUND('',#15375,.T.);
#15375 = EDGE_LOOP('',(#15376,#15377,#15378,#15379,#15380,#15381));
#15376 = ORIENTED_EDGE('',*,*,#14003,.F.);
#15377 = ORIENTED_EDGE('',*,*,#14030,.T.);
#15378 = ORIENTED_EDGE('',*,*,#14079,.T.);
#15379 = ORIENTED_EDGE('',*,*,#14151,.F.);
#15380 = ORIENTED_EDGE('',*,*,#15351,.F.);
#15381 = ORIENTED_EDGE('',*,*,#13950,.F.);
#15382 = FACE_BOUND('',#15383,.T.);
#15383 = EDGE_LOOP('',(#15384,#15414,#15442,#15470));
#15384 = ORIENTED_EDGE('',*,*,#15385,.F.);
#15385 = EDGE_CURVE('',#15386,#15388,#15390,.T.);
#15386 = VERTEX_POINT('',#15387);
#15387 = CARTESIAN_POINT('',(-34.2,64.866440572148,33.408769991181));
#15388 = VERTEX_POINT('',#15389);
#15389 = CARTESIAN_POINT('',(34.2,64.866440572148,33.408769991181));
#15390 = SURFACE_CURVE('',#15391,(#15395,#15402),.PCURVE_S1.);
#15391 = LINE('',#15392,#15393);
#15392 = CARTESIAN_POINT('',(0.,64.866440572148,33.408769991181));
#15393 = VECTOR('',#15394,1.);
#15394 = DIRECTION('',(1.,0.,0.));
#15395 = PCURVE('',#13964,#15396);
#15396 = DEFINITIONAL_REPRESENTATION('',(#15397),#15401);
#15397 = LINE('',#15398,#15399);
#15398 = CARTESIAN_POINT('',(0.,-36.975));
#15399 = VECTOR('',#15400,1.);
#15400 = DIRECTION('',(1.,0.));
#15401 = ( GEOMETRIC_REPRESENTATION_CONTEXT(2) 
PARAMETRIC_REPRESENTATION_CONTEXT() REPRESENTATION_CONTEXT('2D SPACE',''
  ) );
#15402 = PCURVE('',#15403,#15408);
#15403 = PLANE('',#15404);
#15404 = AXIS2_PLACEMENT_3D('',#15405,#15406,#15407);
#15405 = CARTESIAN_POINT('',(-34.2,66.280654134521,23.509275054569));
#15406 = DIRECTION('',(-0.,0.989949493661,0.141421356237));
#15407 = DIRECTION('',(1.,0.,0.));
#15408 = DEFINITIONAL_REPRESENTATION('',(#15409),#15413);
#15409 = LINE('',#15410,#15411);
#15410 = CARTESIAN_POINT('',(34.2,-10.));
#15411 = VECTOR('',#15412,1.);
#15412 = DIRECTION('',(1.,0.));
#15413 = ( GEOMETRIC_REPRESENTATION_CONTEXT(2) 
PARAMETRIC_REPRESENTATION_CONTEXT() REPRESENTATION_CONTEXT('2D SPACE',''
  ) );
#15414 = ORIENTED_EDGE('',*,*,#15415,.T.);
#15415 = EDGE_CURVE('',#15386,#15416,#15418,.T.);
#15416 = VERTEX_POINT('',#15417);
#15417 = CARTESIAN_POINT('',(-34.2,138.07320562839,43.86687928493));
#15418 = SURFACE_CURVE('',#15419,(#15423,#15430),.PCURVE_S1.);
#15419 = LINE('',#15420,#15421);
#15420 = CARTESIAN_POINT('',(-34.2,101.46982310027,38.637824638055));
#15421 = VECTOR('',#15422,1.);
#15422 = DIRECTION('',(0.,0.989949493661,0.141421356237));
#15423 = PCURVE('',#13964,#15424);
#15424 = DEFINITIONAL_REPRESENTATION('',(#15425),#15429);
#15425 = LINE('',#15426,#15427);
#15426 = CARTESIAN_POINT('',(-34.2,0.));
#15427 = VECTOR('',#15428,1.);
#15428 = DIRECTION('',(0.,1.));
#15429 = ( GEOMETRIC_REPRESENTATION_CONTEXT(2) 
PARAMETRIC_REPRESENTATION_CONTEXT() REPRESENTATION_CONTEXT('2D SPACE',''
  ) );
#15430 = PCURVE('',#15431,#15436);
#15431 = PLANE('',#15432);
#15432 = AXIS2_PLACEMENT_3D('',#15433,#15434,#15435);
#15433 = CARTESIAN_POINT('',(-34.2,66.280654134521,23.509275054569));
#15434 = DIRECTION('',(-1.,0.,0.));
#15435 = DIRECTION('',(0.,0.989949493661,0.141421356237));
#15436 = DEFINITIONAL_REPRESENTATION('',(#15437),#15441);
#15437 = LINE('',#15438,#15439);
#15438 = CARTESIAN_POINT('',(36.975,-10.));
#15439 = VECTOR('',#15440,1.);
#15440 = DIRECTION('',(1.,0.));
#15441 = ( GEOMETRIC_REPRESENTATION_CONTEXT(2) 
PARAMETRIC_REPRESENTATION_CONTEXT() REPRESENTATION_CONTEXT('2D SPACE',''
  ) );
#15442 = ORIENTED_EDGE('',*,*,#15443,.T.);
#15443 = EDGE_CURVE('',#15416,#15444,#15446,.T.);
#15444 = VERTEX_POINT('',#15445);
#15445 = CARTESIAN_POINT('',(34.2,138.07320562839,43.86687928493));
#15446 = SURFACE_CURVE('',#15447,(#15451,#15458),.PCURVE_S1.);
#15447 = LINE('',#15448,#15449);
#15448 = CARTESIAN_POINT('',(0.,138.07320562839,43.86687928493));
#15449 = VECTOR('',#15450,1.);
#15450 = DIRECTION('',(1.,0.,0.));
#15451 = PCURVE('',#13964,#15452);
#15452 = DEFINITIONAL_REPRESENTATION('',(#15453),#15457);
#15453 = LINE('',#15454,#15455);
#15454 = CARTESIAN_POINT('',(0.,36.975));
#15455 = VECTOR('',#15456,1.);
#15456 = DIRECTION('',(1.,0.));
#15457 = ( GEOMETRIC_REPRESENTATION_CONTEXT(2) 
PARAMETRIC_REPRESENTATION_CONTEXT() REPRESENTATION_CONTEXT('2D SPACE',''
  ) );
#15458 = PCURVE('',#15459,#15464);
#15459 = PLANE('',#15460);
#15460 = AXIS2_PLACEMENT_3D('',#15461,#15462,#15463);
#15461 = CARTESIAN_POINT('',(-34.2,139.48741919076,33.967384348318));
#15462 = DIRECTION('',(-0.,0.989949493661,0.141421356237));
#15463 = DIRECTION('',(1.,0.,0.));
#15464 = DEFINITIONAL_REPRESENTATION('',(#15465),#15469);
#15465 = LINE('',#15466,#15467);
#15466 = CARTESIAN_POINT('',(34.2,-10.));
#15467 = VECTOR('',#15468,1.);
#15468 = DIRECTION('',(1.,0.));
#15469 = ( GEOMETRIC_REPRESENTATION_CONTEXT(2) 
PARAMETRIC_REPRESENTATION_CONTEXT() REPRESENTATION_CONTEXT('2D SPACE',''
  ) );
#15470 = ORIENTED_EDGE('',*,*,#15471,.F.);
#15471 = EDGE_CURVE('',#15388,#15444,#15472,.T.);
#15472 = SURFACE_CURVE('',#15473,(#15477,#15484),.PCURVE_S1.);
#15473 = LINE('',#15474,#15475);
#15474 = CARTESIAN_POINT('',(34.2,101.46982310027,38.637824638055));
#15475 = VECTOR('',#15476,1.);
#15476 = DIRECTION('',(0.,0.989949493661,0.141421356237));
#15477 = PCURVE('',#13964,#15478);
#15478 = DEFINITIONAL_REPRESENTATION('',(#15479),#15483);
#15479 = LINE('',#15480,#15481);
#15480 = CARTESIAN_POINT('',(34.2,0.));
#15481 = VECTOR('',#15482,1.);
#15482 = DIRECTION('',(0.,1.));
#15483 = ( GEOMETRIC_REPRESENTATION_CONTEXT(2) 
PARAMETRIC_REPRESENTATION_CONTEXT() REPRESENTATION_CONTEXT('2D SPACE',''
  ) );
#15484 = PCURVE('',#15485,#15490);
#15485 = PLANE('',#15486);
#15486 = AXIS2_PLACEMENT_3D('',#15487,#15488,#15489);
#15487 = CARTESIAN_POINT('',(34.2,66.280654134521,23.509275054569));
#15488 = DIRECTION('',(-1.,0.,0.));
#15489 = DIRECTION('',(0.,0.989949493661,0.141421356237));
#15490 = DEFINITIONAL_REPRESENTATION('',(#15491),#15495);
#15491 = LINE('',#15492,#15493);
#15492 = CARTESIAN_POINT('',(36.975,-10.));
#15493 = VECTOR('',#15494,1.);
#15494 = DIRECTION('',(1.,0.));
#15495 = ( GEOMETRIC_REPRESENTATION_CONTEXT(2) 
PARAMETRIC_REPRESENTATION_CONTEXT() REPRESENTATION_CONTEXT('2D SPACE',''
  ) );
#15496 = ADVANCED_FACE('',(#15497,#15500),#14318,.T.);
#15497 = FACE_BOUND('',#15498,.T.);
#15498 = EDGE_LOOP('',(#15499));
#15499 = ORIENTED_EDGE('',*,*,#14303,.T.);
#15500 = FACE_BOUND('',#15501,.T.);
#15501 = EDGE_LOOP('',(#15502));
#15502 = ORIENTED_EDGE('',*,*,#15175,.F.);
#15503 = ADVANCED_FACE('',(#15504,#15507),#14373,.T.);
#15504 = FACE_BOUND('',#15505,.T.);
#15505 = EDGE_LOOP('',(#15506));
#15506 = ORIENTED_EDGE('',*,*,#14358,.T.);
#15507 = FACE_BOUND('',#15508,.T.);
#15508 = EDGE_LOOP('',(#15509));
#15509 = ORIENTED_EDGE('',*,*,#15225,.F.);
#15510 = ADVANCED_FACE('',(#15511,#15514),#14428,.T.);
#15511 = FACE_BOUND('',#15512,.T.);
#15512 = EDGE_LOOP('',(#15513));
#15513 = ORIENTED_EDGE('',*,*,#14413,.T.);
#15514 = FACE_BOUND('',#15515,.T.);
#15515 = EDGE_LOOP('',(#15516));
#15516 = ORIENTED_EDGE('',*,*,#15275,.F.);
#15517 = ADVANCED_FACE('',(#15518,#15521),#14483,.T.);
#15518 = FACE_BOUND('',#15519,.T.);
#15519 = EDGE_LOOP('',(#15520));
#15520 = ORIENTED_EDGE('',*,*,#14468,.T.);
#15521 = FACE_BOUND('',#15522,.T.);
#15522 = EDGE_LOOP('',(#15523));
#15523 = ORIENTED_EDGE('',*,*,#15325,.F.);
#15524 = ADVANCED_FACE('',(#15525),#14538,.T.);
#15525 = FACE_BOUND('',#15526,.T.);
#15526 = EDGE_LOOP('',(#15527));
#15527 = ORIENTED_EDGE('',*,*,#14523,.T.);
#15528 = ADVANCED_FACE('',(#15529),#14615,.T.);
#15529 = FACE_BOUND('',#15530,.T.);
#15530 = EDGE_LOOP('',(#15531,#15552,#15553,#15554,#15555,#15576,#15602,
    #15628));
#15531 = ORIENTED_EDGE('',*,*,#15532,.T.);
#15532 = EDGE_CURVE('',#15533,#14913,#15535,.T.);
#15533 = VERTEX_POINT('',#15534);
#15534 = CARTESIAN_POINT('',(40.9,31.2,36.504761904762));
#15535 = SURFACE_CURVE('',#15536,(#15540,#15546),.PCURVE_S1.);
#15536 = LINE('',#15537,#15538);
#15537 = CARTESIAN_POINT('',(18.,31.2,36.504761904762));
#15538 = VECTOR('',#15539,1.);
#15539 = DIRECTION('',(-1.,0.,0.));
#15540 = PCURVE('',#14615,#15541);
#15541 = DEFINITIONAL_REPRESENTATION('',(#15542),#15545);
#15542 = B_SPLINE_CURVE_WITH_KNOTS('',1,(#15543,#15544),.UNSPECIFIED.,
  .F.,.F.,(2,2),(-23.5,-19.),.PIECEWISE_BEZIER_KNOTS.);
#15543 = CARTESIAN_POINT('',(112.46963409785,41.5));
#15544 = CARTESIAN_POINT('',(112.46963409785,37.));
#15545 = ( GEOMETRIC_REPRESENTATION_CONTEXT(2) 
PARAMETRIC_REPRESENTATION_CONTEXT() REPRESENTATION_CONTEXT('2D SPACE',''
  ) );
#15546 = PCURVE('',#14927,#15547);
#15547 = DEFINITIONAL_REPRESENTATION('',(#15548),#15551);
#15548 = B_SPLINE_CURVE_WITH_KNOTS('',1,(#15549,#15550),.UNSPECIFIED.,
  .F.,.F.,(2,2),(-23.5,-19.),.PIECEWISE_BEZIER_KNOTS.);
#15549 = CARTESIAN_POINT('',(12.004761904762,5.5));
#15550 = CARTESIAN_POINT('',(12.004761904762,1.));
#15551 = ( GEOMETRIC_REPRESENTATION_CONTEXT(2) 
PARAMETRIC_REPRESENTATION_CONTEXT() REPRESENTATION_CONTEXT('2D SPACE',''
  ) );
#15552 = ORIENTED_EDGE('',*,*,#14938,.T.);
#15553 = ORIENTED_EDGE('',*,*,#14602,.T.);
#15554 = ORIENTED_EDGE('',*,*,#14763,.F.);
#15555 = ORIENTED_EDGE('',*,*,#15556,.T.);
#15556 = EDGE_CURVE('',#14738,#15557,#15559,.T.);
#15557 = VERTEX_POINT('',#15558);
#15558 = CARTESIAN_POINT('',(44.7,29.3,36.007142857143));
#15559 = SURFACE_CURVE('',#15560,(#15564,#15570),.PCURVE_S1.);
#15560 = LINE('',#15561,#15562);
#15561 = CARTESIAN_POINT('',(22.35,29.3,36.007142857143));
#15562 = VECTOR('',#15563,1.);
#15563 = DIRECTION('',(-1.,0.,0.));
#15564 = PCURVE('',#14615,#15565);
#15565 = DEFINITIONAL_REPRESENTATION('',(#15566),#15569);
#15566 = B_SPLINE_CURVE_WITH_KNOTS('',1,(#15567,#15568),.UNSPECIFIED.,
  .F.,.F.,(2,2),(-23.15,-22.35),.PIECEWISE_BEZIER_KNOTS.);
#15567 = CARTESIAN_POINT('',(114.43371778154,45.5));
#15568 = CARTESIAN_POINT('',(114.43371778154,44.7));
#15569 = ( GEOMETRIC_REPRESENTATION_CONTEXT(2) 
PARAMETRIC_REPRESENTATION_CONTEXT() REPRESENTATION_CONTEXT('2D SPACE',''
  ) );
#15570 = PCURVE('',#14752,#15571);
#15571 = DEFINITIONAL_REPRESENTATION('',(#15572),#15575);
#15572 = B_SPLINE_CURVE_WITH_KNOTS('',1,(#15573,#15574),.UNSPECIFIED.,
  .F.,.F.,(2,2),(-23.15,-22.35),.PIECEWISE_BEZIER_KNOTS.);
#15573 = CARTESIAN_POINT('',(8.007142857143,0.8));
#15574 = CARTESIAN_POINT('',(8.007142857143,0.));
#15575 = ( GEOMETRIC_REPRESENTATION_CONTEXT(2) 
PARAMETRIC_REPRESENTATION_CONTEXT() REPRESENTATION_CONTEXT('2D SPACE',''
  ) );
#15576 = ORIENTED_EDGE('',*,*,#15577,.F.);
#15577 = EDGE_CURVE('',#15578,#15557,#15580,.T.);
#15578 = VERTEX_POINT('',#15579);
#15579 = CARTESIAN_POINT('',(44.7,28.7,35.85));
#15580 = SURFACE_CURVE('',#15581,(#15585,#15591),.PCURVE_S1.);
#15581 = LINE('',#15582,#15583);
#15582 = CARTESIAN_POINT('',(44.7,83.020371352785,50.076763925729));
#15583 = VECTOR('',#15584,1.);
#15584 = DIRECTION('',(-0.,0.96737222338,0.253359391838));
#15585 = PCURVE('',#14615,#15586);
#15586 = DEFINITIONAL_REPRESENTATION('',(#15587),#15590);
#15587 = B_SPLINE_CURVE_WITH_KNOTS('',1,(#15588,#15589),.UNSPECIFIED.,
  .F.,.F.,(2,2),(-56.15250266642,-52.74119942632),
  .PIECEWISE_BEZIER_KNOTS.);
#15588 = CARTESIAN_POINT('',(115.05395473429,44.7));
#15589 = CARTESIAN_POINT('',(111.64265149418,44.7));
#15590 = ( GEOMETRIC_REPRESENTATION_CONTEXT(2) 
PARAMETRIC_REPRESENTATION_CONTEXT() REPRESENTATION_CONTEXT('2D SPACE',''
  ) );
#15591 = PCURVE('',#15592,#15597);
#15592 = PLANE('',#15593);
#15593 = AXIS2_PLACEMENT_3D('',#15594,#15595,#15596);
#15594 = CARTESIAN_POINT('',(44.7,28.7,25.));
#15595 = DIRECTION('',(1.,0.,0.));
#15596 = DIRECTION('',(0.,0.,1.));
#15597 = DEFINITIONAL_REPRESENTATION('',(#15598),#15601);
#15598 = B_SPLINE_CURVE_WITH_KNOTS('',1,(#15599,#15600),.UNSPECIFIED.,
  .F.,.F.,(2,2),(-56.15250266642,-52.74119942632),
  .PIECEWISE_BEZIER_KNOTS.);
#15599 = CARTESIAN_POINT('',(10.85,0.));
#15600 = CARTESIAN_POINT('',(11.714285714286,-3.3));
#15601 = ( GEOMETRIC_REPRESENTATION_CONTEXT(2) 
PARAMETRIC_REPRESENTATION_CONTEXT() REPRESENTATION_CONTEXT('2D SPACE',''
  ) );
#15602 = ORIENTED_EDGE('',*,*,#15603,.T.);
#15603 = EDGE_CURVE('',#15578,#15604,#15606,.T.);
#15604 = VERTEX_POINT('',#15605);
#15605 = CARTESIAN_POINT('',(40.9,28.7,35.85));
#15606 = SURFACE_CURVE('',#15607,(#15611,#15617),.PCURVE_S1.);
#15607 = LINE('',#15608,#15609);
#15608 = CARTESIAN_POINT('',(20.45,28.7,35.85));
#15609 = VECTOR('',#15610,1.);
#15610 = DIRECTION('',(-1.,0.,0.));
#15611 = PCURVE('',#14615,#15612);
#15612 = DEFINITIONAL_REPRESENTATION('',(#15613),#15616);
#15613 = B_SPLINE_CURVE_WITH_KNOTS('',1,(#15614,#15615),.UNSPECIFIED.,
  .F.,.F.,(2,2),(-24.25,-20.45),.PIECEWISE_BEZIER_KNOTS.);
#15614 = CARTESIAN_POINT('',(115.05395473429,44.7));
#15615 = CARTESIAN_POINT('',(115.05395473429,40.9));
#15616 = ( GEOMETRIC_REPRESENTATION_CONTEXT(2) 
PARAMETRIC_REPRESENTATION_CONTEXT() REPRESENTATION_CONTEXT('2D SPACE',''
  ) );
#15617 = PCURVE('',#15618,#15623);
#15618 = PLANE('',#15619);
#15619 = AXIS2_PLACEMENT_3D('',#15620,#15621,#15622);
#15620 = CARTESIAN_POINT('',(40.9,28.7,25.));
#15621 = DIRECTION('',(0.,1.,0.));
#15622 = DIRECTION('',(0.,0.,1.));
#15623 = DEFINITIONAL_REPRESENTATION('',(#15624),#15627);
#15624 = B_SPLINE_CURVE_WITH_KNOTS('',1,(#15625,#15626),.UNSPECIFIED.,
  .F.,.F.,(2,2),(-24.25,-20.45),.PIECEWISE_BEZIER_KNOTS.);
#15625 = CARTESIAN_POINT('',(10.85,3.8));
#15626 = CARTESIAN_POINT('',(10.85,0.));
#15627 = ( GEOMETRIC_REPRESENTATION_CONTEXT(2) 
PARAMETRIC_REPRESENTATION_CONTEXT() REPRESENTATION_CONTEXT('2D SPACE',''
  ) );
#15628 = ORIENTED_EDGE('',*,*,#15629,.T.);
#15629 = EDGE_CURVE('',#15604,#15533,#15630,.T.);
#15630 = SURFACE_CURVE('',#15631,(#15635,#15641),.PCURVE_S1.);
#15631 = LINE('',#15632,#15633);
#15632 = CARTESIAN_POINT('',(40.9,83.020371352785,50.076763925729));
#15633 = VECTOR('',#15634,1.);
#15634 = DIRECTION('',(-0.,0.96737222338,0.253359391838));
#15635 = PCURVE('',#14615,#15636);
#15636 = DEFINITIONAL_REPRESENTATION('',(#15637),#15640);
#15637 = B_SPLINE_CURVE_WITH_KNOTS('',1,(#15638,#15639),.UNSPECIFIED.,
  .F.,.F.,(2,2),(-56.15250266642,-53.56818202998),
  .PIECEWISE_BEZIER_KNOTS.);
#15638 = CARTESIAN_POINT('',(115.05395473429,40.9));
#15639 = CARTESIAN_POINT('',(112.46963409785,40.9));
#15640 = ( GEOMETRIC_REPRESENTATION_CONTEXT(2) 
PARAMETRIC_REPRESENTATION_CONTEXT() REPRESENTATION_CONTEXT('2D SPACE',''
  ) );
#15641 = PCURVE('',#15642,#15647);
#15642 = PLANE('',#15643);
#15643 = AXIS2_PLACEMENT_3D('',#15644,#15645,#15646);
#15644 = CARTESIAN_POINT('',(40.9,28.7,25.));
#15645 = DIRECTION('',(1.,0.,0.));
#15646 = DIRECTION('',(0.,0.,1.));
#15647 = DEFINITIONAL_REPRESENTATION('',(#15648),#15651);
#15648 = B_SPLINE_CURVE_WITH_KNOTS('',1,(#15649,#15650),.UNSPECIFIED.,
  .F.,.F.,(2,2),(-56.15250266642,-53.56818202998),
  .PIECEWISE_BEZIER_KNOTS.);
#15649 = CARTESIAN_POINT('',(10.85,0.));
#15650 = CARTESIAN_POINT('',(11.504761904762,-2.5));
#15651 = ( GEOMETRIC_REPRESENTATION_CONTEXT(2) 
PARAMETRIC_REPRESENTATION_CONTEXT() REPRESENTATION_CONTEXT('2D SPACE',''
  ) );
#15652 = ADVANCED_FACE('',(#15653),#14752,.T.);
#15653 = FACE_BOUND('',#15654,.T.);
#15654 = EDGE_LOOP('',(#15655,#15677,#15698,#15699));
#15655 = ORIENTED_EDGE('',*,*,#15656,.F.);
#15656 = EDGE_CURVE('',#15657,#14709,#15659,.T.);
#15657 = VERTEX_POINT('',#15658);
#15658 = CARTESIAN_POINT('',(44.7,29.3,28.));
#15659 = SURFACE_CURVE('',#15660,(#15664,#15671),.PCURVE_S1.);
#15660 = LINE('',#15661,#15662);
#15661 = CARTESIAN_POINT('',(44.7,29.3,28.));
#15662 = VECTOR('',#15663,1.);
#15663 = DIRECTION('',(1.,0.,0.));
#15664 = PCURVE('',#14752,#15665);
#15665 = DEFINITIONAL_REPRESENTATION('',(#15666),#15670);
#15666 = LINE('',#15667,#15668);
#15667 = CARTESIAN_POINT('',(0.,0.));
#15668 = VECTOR('',#15669,1.);
#15669 = DIRECTION('',(0.,1.));
#15670 = ( GEOMETRIC_REPRESENTATION_CONTEXT(2) 
PARAMETRIC_REPRESENTATION_CONTEXT() REPRESENTATION_CONTEXT('2D SPACE',''
  ) );
#15671 = PCURVE('',#14725,#15672);
#15672 = DEFINITIONAL_REPRESENTATION('',(#15673),#15676);
#15673 = B_SPLINE_CURVE_WITH_KNOTS('',1,(#15674,#15675),.UNSPECIFIED.,
  .F.,.F.,(2,2),(0.,1.3),.PIECEWISE_BEZIER_KNOTS.);
#15674 = CARTESIAN_POINT('',(4.712388980385,0.));
#15675 = CARTESIAN_POINT('',(4.712388980385,1.3));
#15676 = ( GEOMETRIC_REPRESENTATION_CONTEXT(2) 
PARAMETRIC_REPRESENTATION_CONTEXT() REPRESENTATION_CONTEXT('2D SPACE',''
  ) );
#15677 = ORIENTED_EDGE('',*,*,#15678,.T.);
#15678 = EDGE_CURVE('',#15657,#15557,#15679,.T.);
#15679 = SURFACE_CURVE('',#15680,(#15684,#15691),.PCURVE_S1.);
#15680 = LINE('',#15681,#15682);
#15681 = CARTESIAN_POINT('',(44.7,29.3,28.));
#15682 = VECTOR('',#15683,1.);
#15683 = DIRECTION('',(0.,0.,1.));
#15684 = PCURVE('',#14752,#15685);
#15685 = DEFINITIONAL_REPRESENTATION('',(#15686),#15690);
#15686 = LINE('',#15687,#15688);
#15687 = CARTESIAN_POINT('',(0.,0.));
#15688 = VECTOR('',#15689,1.);
#15689 = DIRECTION('',(1.,0.));
#15690 = ( GEOMETRIC_REPRESENTATION_CONTEXT(2) 
PARAMETRIC_REPRESENTATION_CONTEXT() REPRESENTATION_CONTEXT('2D SPACE',''
  ) );
#15691 = PCURVE('',#15592,#15692);
#15692 = DEFINITIONAL_REPRESENTATION('',(#15693),#15697);
#15693 = LINE('',#15694,#15695);
#15694 = CARTESIAN_POINT('',(3.,-0.6));
#15695 = VECTOR('',#15696,1.);
#15696 = DIRECTION('',(1.,0.));
#15697 = ( GEOMETRIC_REPRESENTATION_CONTEXT(2) 
PARAMETRIC_REPRESENTATION_CONTEXT() REPRESENTATION_CONTEXT('2D SPACE',''
  ) );
#15698 = ORIENTED_EDGE('',*,*,#15556,.F.);
#15699 = ORIENTED_EDGE('',*,*,#14737,.F.);
#15700 = ADVANCED_FACE('',(#15701),#14725,.F.);
#15701 = FACE_BOUND('',#15702,.F.);
#15702 = EDGE_LOOP('',(#15703,#15725,#15726,#15727));
#15703 = ORIENTED_EDGE('',*,*,#15704,.T.);
#15704 = EDGE_CURVE('',#15705,#14683,#15707,.T.);
#15705 = VERTEX_POINT('',#15706);
#15706 = CARTESIAN_POINT('',(44.7,34.7,28.));
#15707 = SURFACE_CURVE('',#15708,(#15712,#15718),.PCURVE_S1.);
#15708 = LINE('',#15709,#15710);
#15709 = CARTESIAN_POINT('',(44.7,34.7,28.));
#15710 = VECTOR('',#15711,1.);
#15711 = DIRECTION('',(1.,0.,0.));
#15712 = PCURVE('',#14725,#15713);
#15713 = DEFINITIONAL_REPRESENTATION('',(#15714),#15717);
#15714 = B_SPLINE_CURVE_WITH_KNOTS('',1,(#15715,#15716),.UNSPECIFIED.,
  .F.,.F.,(2,2),(0.,1.3),.PIECEWISE_BEZIER_KNOTS.);
#15715 = CARTESIAN_POINT('',(7.853981633974,0.));
#15716 = CARTESIAN_POINT('',(7.853981633974,1.3));
#15717 = ( GEOMETRIC_REPRESENTATION_CONTEXT(2) 
PARAMETRIC_REPRESENTATION_CONTEXT() REPRESENTATION_CONTEXT('2D SPACE',''
  ) );
#15718 = PCURVE('',#14697,#15719);
#15719 = DEFINITIONAL_REPRESENTATION('',(#15720),#15724);
#15720 = LINE('',#15721,#15722);
#15721 = CARTESIAN_POINT('',(0.,0.));
#15722 = VECTOR('',#15723,1.);
#15723 = DIRECTION('',(0.,1.));
#15724 = ( GEOMETRIC_REPRESENTATION_CONTEXT(2) 
PARAMETRIC_REPRESENTATION_CONTEXT() REPRESENTATION_CONTEXT('2D SPACE',''
  ) );
#15725 = ORIENTED_EDGE('',*,*,#14708,.F.);
#15726 = ORIENTED_EDGE('',*,*,#15656,.F.);
#15727 = ORIENTED_EDGE('',*,*,#15728,.F.);
#15728 = EDGE_CURVE('',#15705,#15657,#15729,.T.);
#15729 = SURFACE_CURVE('',#15730,(#15735,#15742),.PCURVE_S1.);
#15730 = CIRCLE('',#15731,2.7);
#15731 = AXIS2_PLACEMENT_3D('',#15732,#15733,#15734);
#15732 = CARTESIAN_POINT('',(44.7,32.,28.));
#15733 = DIRECTION('',(-1.,0.,0.));
#15734 = DIRECTION('',(0.,1.,0.));
#15735 = PCURVE('',#14725,#15736);
#15736 = DEFINITIONAL_REPRESENTATION('',(#15737),#15741);
#15737 = LINE('',#15738,#15739);
#15738 = CARTESIAN_POINT('',(7.853981633974,0.));
#15739 = VECTOR('',#15740,1.);
#15740 = DIRECTION('',(-1.,-0.));
#15741 = ( GEOMETRIC_REPRESENTATION_CONTEXT(2) 
PARAMETRIC_REPRESENTATION_CONTEXT() REPRESENTATION_CONTEXT('2D SPACE',''
  ) );
#15742 = PCURVE('',#15592,#15743);
#15743 = DEFINITIONAL_REPRESENTATION('',(#15744),#15752);
#15744 = ( BOUNDED_CURVE() B_SPLINE_CURVE(2,(#15745,#15746,#15747,#15748
    ,#15749,#15750,#15751),.UNSPECIFIED.,.T.,.F.) 
B_SPLINE_CURVE_WITH_KNOTS((1,2,2,2,2,1),(-2.094395102393,0.,
    2.094395102393,4.188790204786,6.28318530718,8.377580409573),
.UNSPECIFIED.) CURVE() GEOMETRIC_REPRESENTATION_ITEM() 
RATIONAL_B_SPLINE_CURVE((1.,0.5,1.,0.5,1.,0.5,1.)) REPRESENTATION_ITEM(
  '') );
#15745 = CARTESIAN_POINT('',(3.,-6.));
#15746 = CARTESIAN_POINT('',(-1.676537180436,-6.));
#15747 = CARTESIAN_POINT('',(0.661731409782,-1.95));
#15748 = CARTESIAN_POINT('',(3.,2.1));
#15749 = CARTESIAN_POINT('',(5.338268590218,-1.95));
#15750 = CARTESIAN_POINT('',(7.676537180436,-6.));
#15751 = CARTESIAN_POINT('',(3.,-6.));
#15752 = ( GEOMETRIC_REPRESENTATION_CONTEXT(2) 
PARAMETRIC_REPRESENTATION_CONTEXT() REPRESENTATION_CONTEXT('2D SPACE',''
  ) );
#15753 = ADVANCED_FACE('',(#15754),#14697,.F.);
#15754 = FACE_BOUND('',#15755,.F.);
#15755 = EDGE_LOOP('',(#15756,#15757,#15780,#15799));
#15756 = ORIENTED_EDGE('',*,*,#15704,.F.);
#15757 = ORIENTED_EDGE('',*,*,#15758,.T.);
#15758 = EDGE_CURVE('',#15705,#15759,#15761,.T.);
#15759 = VERTEX_POINT('',#15760);
#15760 = CARTESIAN_POINT('',(44.7,34.7,36.714285714286));
#15761 = SURFACE_CURVE('',#15762,(#15766,#15773),.PCURVE_S1.);
#15762 = LINE('',#15763,#15764);
#15763 = CARTESIAN_POINT('',(44.7,34.7,28.));
#15764 = VECTOR('',#15765,1.);
#15765 = DIRECTION('',(0.,0.,1.));
#15766 = PCURVE('',#14697,#15767);
#15767 = DEFINITIONAL_REPRESENTATION('',(#15768),#15772);
#15768 = LINE('',#15769,#15770);
#15769 = CARTESIAN_POINT('',(0.,0.));
#15770 = VECTOR('',#15771,1.);
#15771 = DIRECTION('',(1.,0.));
#15772 = ( GEOMETRIC_REPRESENTATION_CONTEXT(2) 
PARAMETRIC_REPRESENTATION_CONTEXT() REPRESENTATION_CONTEXT('2D SPACE',''
  ) );
#15773 = PCURVE('',#15592,#15774);
#15774 = DEFINITIONAL_REPRESENTATION('',(#15775),#15779);
#15775 = LINE('',#15776,#15777);
#15776 = CARTESIAN_POINT('',(3.,-6.));
#15777 = VECTOR('',#15778,1.);
#15778 = DIRECTION('',(1.,0.));
#15779 = ( GEOMETRIC_REPRESENTATION_CONTEXT(2) 
PARAMETRIC_REPRESENTATION_CONTEXT() REPRESENTATION_CONTEXT('2D SPACE',''
  ) );
#15780 = ORIENTED_EDGE('',*,*,#15781,.F.);
#15781 = EDGE_CURVE('',#14655,#15759,#15782,.T.);
#15782 = SURFACE_CURVE('',#15783,(#15787,#15793),.PCURVE_S1.);
#15783 = LINE('',#15784,#15785);
#15784 = CARTESIAN_POINT('',(40.85,34.7,36.714285714286));
#15785 = VECTOR('',#15786,1.);
#15786 = DIRECTION('',(-1.,0.,0.));
#15787 = PCURVE('',#14697,#15788);
#15788 = DEFINITIONAL_REPRESENTATION('',(#15789),#15792);
#15789 = B_SPLINE_CURVE_WITH_KNOTS('',1,(#15790,#15791),.UNSPECIFIED.,
  .F.,.F.,(2,2),(-4.65,-3.85),.PIECEWISE_BEZIER_KNOTS.);
#15790 = CARTESIAN_POINT('',(8.714285714286,0.8));
#15791 = CARTESIAN_POINT('',(8.714285714286,0.));
#15792 = ( GEOMETRIC_REPRESENTATION_CONTEXT(2) 
PARAMETRIC_REPRESENTATION_CONTEXT() REPRESENTATION_CONTEXT('2D SPACE',''
  ) );
#15793 = PCURVE('',#14670,#15794);
#15794 = DEFINITIONAL_REPRESENTATION('',(#15795),#15798);
#15795 = B_SPLINE_CURVE_WITH_KNOTS('',1,(#15796,#15797),.UNSPECIFIED.,
  .F.,.F.,(2,2),(-4.65,-3.85),.PIECEWISE_BEZIER_KNOTS.);
#15796 = CARTESIAN_POINT('',(8.5,9.7));
#15797 = CARTESIAN_POINT('',(7.7,9.7));
#15798 = ( GEOMETRIC_REPRESENTATION_CONTEXT(2) 
PARAMETRIC_REPRESENTATION_CONTEXT() REPRESENTATION_CONTEXT('2D SPACE',''
  ) );
#15799 = ORIENTED_EDGE('',*,*,#14682,.F.);
#15800 = ADVANCED_FACE('',(#15801),#14670,.T.);
#15801 = FACE_BOUND('',#15802,.T.);
#15802 = EDGE_LOOP('',(#15803,#15804,#15825,#15851,#15877,#15896,#15897,
    #15898));
#15803 = ORIENTED_EDGE('',*,*,#14837,.F.);
#15804 = ORIENTED_EDGE('',*,*,#15805,.F.);
#15805 = EDGE_CURVE('',#15806,#14838,#15808,.T.);
#15806 = VERTEX_POINT('',#15807);
#15807 = CARTESIAN_POINT('',(40.9,32.8,36.714285714286));
#15808 = SURFACE_CURVE('',#15809,(#15813,#15819),.PCURVE_S1.);
#15809 = LINE('',#15810,#15811);
#15810 = CARTESIAN_POINT('',(36.5,32.8,36.714285714286));
#15811 = VECTOR('',#15812,1.);
#15812 = DIRECTION('',(-1.,0.,0.));
#15813 = PCURVE('',#14670,#15814);
#15814 = DEFINITIONAL_REPRESENTATION('',(#15815),#15818);
#15815 = B_SPLINE_CURVE_WITH_KNOTS('',1,(#15816,#15817),.UNSPECIFIED.,
  .F.,.F.,(2,2),(-5.,-0.5),.PIECEWISE_BEZIER_KNOTS.);
#15816 = CARTESIAN_POINT('',(4.5,7.8));
#15817 = CARTESIAN_POINT('',(0.,7.8));
#15818 = ( GEOMETRIC_REPRESENTATION_CONTEXT(2) 
PARAMETRIC_REPRESENTATION_CONTEXT() REPRESENTATION_CONTEXT('2D SPACE',''
  ) );
#15819 = PCURVE('',#14875,#15820);
#15820 = DEFINITIONAL_REPRESENTATION('',(#15821),#15824);
#15821 = B_SPLINE_CURVE_WITH_KNOTS('',1,(#15822,#15823),.UNSPECIFIED.,
  .F.,.F.,(2,2),(-5.,-0.5),.PIECEWISE_BEZIER_KNOTS.);
#15822 = CARTESIAN_POINT('',(12.214285714286,5.5));
#15823 = CARTESIAN_POINT('',(12.214285714286,1.));
#15824 = ( GEOMETRIC_REPRESENTATION_CONTEXT(2) 
PARAMETRIC_REPRESENTATION_CONTEXT() REPRESENTATION_CONTEXT('2D SPACE',''
  ) );
#15825 = ORIENTED_EDGE('',*,*,#15826,.T.);
#15826 = EDGE_CURVE('',#15806,#15827,#15829,.T.);
#15827 = VERTEX_POINT('',#15828);
#15828 = CARTESIAN_POINT('',(40.9,35.3,36.714285714286));
#15829 = SURFACE_CURVE('',#15830,(#15834,#15840),.PCURVE_S1.);
#15830 = LINE('',#15831,#15832);
#15831 = CARTESIAN_POINT('',(40.9,26.85,36.714285714286));
#15832 = VECTOR('',#15833,1.);
#15833 = DIRECTION('',(0.,1.,0.));
#15834 = PCURVE('',#14670,#15835);
#15835 = DEFINITIONAL_REPRESENTATION('',(#15836),#15839);
#15836 = B_SPLINE_CURVE_WITH_KNOTS('',1,(#15837,#15838),.UNSPECIFIED.,
  .F.,.F.,(2,2),(5.95,8.45),.PIECEWISE_BEZIER_KNOTS.);
#15837 = CARTESIAN_POINT('',(3.9,7.8));
#15838 = CARTESIAN_POINT('',(3.9,10.3));
#15839 = ( GEOMETRIC_REPRESENTATION_CONTEXT(2) 
PARAMETRIC_REPRESENTATION_CONTEXT() REPRESENTATION_CONTEXT('2D SPACE',''
  ) );
#15840 = PCURVE('',#15841,#15846);
#15841 = PLANE('',#15842);
#15842 = AXIS2_PLACEMENT_3D('',#15843,#15844,#15845);
#15843 = CARTESIAN_POINT('',(40.9,28.7,25.));
#15844 = DIRECTION('',(1.,0.,0.));
#15845 = DIRECTION('',(0.,0.,1.));
#15846 = DEFINITIONAL_REPRESENTATION('',(#15847),#15850);
#15847 = B_SPLINE_CURVE_WITH_KNOTS('',1,(#15848,#15849),.UNSPECIFIED.,
  .F.,.F.,(2,2),(5.95,8.45),.PIECEWISE_BEZIER_KNOTS.);
#15848 = CARTESIAN_POINT('',(11.714285714286,-4.1));
#15849 = CARTESIAN_POINT('',(11.714285714286,-6.6));
#15850 = ( GEOMETRIC_REPRESENTATION_CONTEXT(2) 
PARAMETRIC_REPRESENTATION_CONTEXT() REPRESENTATION_CONTEXT('2D SPACE',''
  ) );
#15851 = ORIENTED_EDGE('',*,*,#15852,.F.);
#15852 = EDGE_CURVE('',#15853,#15827,#15855,.T.);
#15853 = VERTEX_POINT('',#15854);
#15854 = CARTESIAN_POINT('',(44.7,35.3,36.714285714286));
#15855 = SURFACE_CURVE('',#15856,(#15860,#15866),.PCURVE_S1.);
#15856 = LINE('',#15857,#15858);
#15857 = CARTESIAN_POINT('',(38.95,35.3,36.714285714286));
#15858 = VECTOR('',#15859,1.);
#15859 = DIRECTION('',(-1.,0.,0.));
#15860 = PCURVE('',#14670,#15861);
#15861 = DEFINITIONAL_REPRESENTATION('',(#15862),#15865);
#15862 = B_SPLINE_CURVE_WITH_KNOTS('',1,(#15863,#15864),.UNSPECIFIED.,
  .F.,.F.,(2,2),(-5.75,-1.95),.PIECEWISE_BEZIER_KNOTS.);
#15863 = CARTESIAN_POINT('',(7.7,10.3));
#15864 = CARTESIAN_POINT('',(3.9,10.3));
#15865 = ( GEOMETRIC_REPRESENTATION_CONTEXT(2) 
PARAMETRIC_REPRESENTATION_CONTEXT() REPRESENTATION_CONTEXT('2D SPACE',''
  ) );
#15866 = PCURVE('',#15867,#15872);
#15867 = PLANE('',#15868);
#15868 = AXIS2_PLACEMENT_3D('',#15869,#15870,#15871);
#15869 = CARTESIAN_POINT('',(40.9,35.3,25.));
#15870 = DIRECTION('',(0.,1.,0.));
#15871 = DIRECTION('',(0.,0.,1.));
#15872 = DEFINITIONAL_REPRESENTATION('',(#15873),#15876);
#15873 = B_SPLINE_CURVE_WITH_KNOTS('',1,(#15874,#15875),.UNSPECIFIED.,
  .F.,.F.,(2,2),(-5.75,-1.95),.PIECEWISE_BEZIER_KNOTS.);
#15874 = CARTESIAN_POINT('',(11.714285714286,3.8));
#15875 = CARTESIAN_POINT('',(11.714285714286,0.));
#15876 = ( GEOMETRIC_REPRESENTATION_CONTEXT(2) 
PARAMETRIC_REPRESENTATION_CONTEXT() REPRESENTATION_CONTEXT('2D SPACE',''
  ) );
#15877 = ORIENTED_EDGE('',*,*,#15878,.F.);
#15878 = EDGE_CURVE('',#15759,#15853,#15879,.T.);
#15879 = SURFACE_CURVE('',#15880,(#15884,#15890),.PCURVE_S1.);
#15880 = LINE('',#15881,#15882);
#15881 = CARTESIAN_POINT('',(44.7,26.85,36.714285714286));
#15882 = VECTOR('',#15883,1.);
#15883 = DIRECTION('',(0.,1.,0.));
#15884 = PCURVE('',#14670,#15885);
#15885 = DEFINITIONAL_REPRESENTATION('',(#15886),#15889);
#15886 = B_SPLINE_CURVE_WITH_KNOTS('',1,(#15887,#15888),.UNSPECIFIED.,
  .F.,.F.,(2,2),(5.15,8.45),.PIECEWISE_BEZIER_KNOTS.);
#15887 = CARTESIAN_POINT('',(7.7,7.));
#15888 = CARTESIAN_POINT('',(7.7,10.3));
#15889 = ( GEOMETRIC_REPRESENTATION_CONTEXT(2) 
PARAMETRIC_REPRESENTATION_CONTEXT() REPRESENTATION_CONTEXT('2D SPACE',''
  ) );
#15890 = PCURVE('',#15592,#15891);
#15891 = DEFINITIONAL_REPRESENTATION('',(#15892),#15895);
#15892 = B_SPLINE_CURVE_WITH_KNOTS('',1,(#15893,#15894),.UNSPECIFIED.,
  .F.,.F.,(2,2),(5.15,8.45),.PIECEWISE_BEZIER_KNOTS.);
#15893 = CARTESIAN_POINT('',(11.714285714286,-3.3));
#15894 = CARTESIAN_POINT('',(11.714285714286,-6.6));
#15895 = ( GEOMETRIC_REPRESENTATION_CONTEXT(2) 
PARAMETRIC_REPRESENTATION_CONTEXT() REPRESENTATION_CONTEXT('2D SPACE',''
  ) );
#15896 = ORIENTED_EDGE('',*,*,#15781,.F.);
#15897 = ORIENTED_EDGE('',*,*,#14654,.T.);
#15898 = ORIENTED_EDGE('',*,*,#14810,.F.);
#15899 = ADVANCED_FACE('',(#15900),#14927,.T.);
#15900 = FACE_BOUND('',#15901,.T.);
#15901 = EDGE_LOOP('',(#15902,#15932,#15953,#15954,#15955,#15976));
#15902 = ORIENTED_EDGE('',*,*,#15903,.F.);
#15903 = EDGE_CURVE('',#15904,#15906,#15908,.T.);
#15904 = VERTEX_POINT('',#15905);
#15905 = CARTESIAN_POINT('',(41.5,31.2,24.5));
#15906 = VERTEX_POINT('',#15907);
#15907 = CARTESIAN_POINT('',(41.5,31.2,25.));
#15908 = SURFACE_CURVE('',#15909,(#15913,#15920),.PCURVE_S1.);
#15909 = LINE('',#15910,#15911);
#15910 = CARTESIAN_POINT('',(41.5,31.2,24.5));
#15911 = VECTOR('',#15912,1.);
#15912 = DIRECTION('',(0.,0.,1.));
#15913 = PCURVE('',#14927,#15914);
#15914 = DEFINITIONAL_REPRESENTATION('',(#15915),#15919);
#15915 = LINE('',#15916,#15917);
#15916 = CARTESIAN_POINT('',(0.,5.5));
#15917 = VECTOR('',#15918,1.);
#15918 = DIRECTION('',(1.,0.));
#15919 = ( GEOMETRIC_REPRESENTATION_CONTEXT(2) 
PARAMETRIC_REPRESENTATION_CONTEXT() REPRESENTATION_CONTEXT('2D SPACE',''
  ) );
#15920 = PCURVE('',#15921,#15926);
#15921 = PLANE('',#15922);
#15922 = AXIS2_PLACEMENT_3D('',#15923,#15924,#15925);
#15923 = CARTESIAN_POINT('',(41.5,31.2,24.5));
#15924 = DIRECTION('',(1.,0.,0.));
#15925 = DIRECTION('',(0.,0.,1.));
#15926 = DEFINITIONAL_REPRESENTATION('',(#15927),#15931);
#15927 = LINE('',#15928,#15929);
#15928 = CARTESIAN_POINT('',(0.,0.));
#15929 = VECTOR('',#15930,1.);
#15930 = DIRECTION('',(1.,0.));
#15931 = ( GEOMETRIC_REPRESENTATION_CONTEXT(2) 
PARAMETRIC_REPRESENTATION_CONTEXT() REPRESENTATION_CONTEXT('2D SPACE',''
  ) );
#15932 = ORIENTED_EDGE('',*,*,#15933,.F.);
#15933 = EDGE_CURVE('',#14887,#15904,#15934,.T.);
#15934 = SURFACE_CURVE('',#15935,(#15939,#15946),.PCURVE_S1.);
#15935 = LINE('',#15936,#15937);
#15936 = CARTESIAN_POINT('',(36.,31.2,24.5));
#15937 = VECTOR('',#15938,1.);
#15938 = DIRECTION('',(1.,0.,0.));
#15939 = PCURVE('',#14927,#15940);
#15940 = DEFINITIONAL_REPRESENTATION('',(#15941),#15945);
#15941 = LINE('',#15942,#15943);
#15942 = CARTESIAN_POINT('',(0.,0.));
#15943 = VECTOR('',#15944,1.);
#15944 = DIRECTION('',(0.,1.));
#15945 = ( GEOMETRIC_REPRESENTATION_CONTEXT(2) 
PARAMETRIC_REPRESENTATION_CONTEXT() REPRESENTATION_CONTEXT('2D SPACE',''
  ) );
#15946 = PCURVE('',#14901,#15947);
#15947 = DEFINITIONAL_REPRESENTATION('',(#15948),#15952);
#15948 = LINE('',#15949,#15950);
#15949 = CARTESIAN_POINT('',(0.,0.));
#15950 = VECTOR('',#15951,1.);
#15951 = DIRECTION('',(1.,0.));
#15952 = ( GEOMETRIC_REPRESENTATION_CONTEXT(2) 
PARAMETRIC_REPRESENTATION_CONTEXT() REPRESENTATION_CONTEXT('2D SPACE',''
  ) );
#15953 = ORIENTED_EDGE('',*,*,#14912,.T.);
#15954 = ORIENTED_EDGE('',*,*,#15532,.F.);
#15955 = ORIENTED_EDGE('',*,*,#15956,.F.);
#15956 = EDGE_CURVE('',#15957,#15533,#15959,.T.);
#15957 = VERTEX_POINT('',#15958);
#15958 = CARTESIAN_POINT('',(40.9,31.2,25.));
#15959 = SURFACE_CURVE('',#15960,(#15964,#15970),.PCURVE_S1.);
#15960 = LINE('',#15961,#15962);
#15961 = CARTESIAN_POINT('',(40.9,31.2,24.75));
#15962 = VECTOR('',#15963,1.);
#15963 = DIRECTION('',(0.,0.,1.));
#15964 = PCURVE('',#14927,#15965);
#15965 = DEFINITIONAL_REPRESENTATION('',(#15966),#15969);
#15966 = B_SPLINE_CURVE_WITH_KNOTS('',1,(#15967,#15968),.UNSPECIFIED.,
  .F.,.F.,(2,2),(0.25,15.25),.PIECEWISE_BEZIER_KNOTS.);
#15967 = CARTESIAN_POINT('',(0.5,4.9));
#15968 = CARTESIAN_POINT('',(15.5,4.9));
#15969 = ( GEOMETRIC_REPRESENTATION_CONTEXT(2) 
PARAMETRIC_REPRESENTATION_CONTEXT() REPRESENTATION_CONTEXT('2D SPACE',''
  ) );
#15970 = PCURVE('',#15642,#15971);
#15971 = DEFINITIONAL_REPRESENTATION('',(#15972),#15975);
#15972 = B_SPLINE_CURVE_WITH_KNOTS('',1,(#15973,#15974),.UNSPECIFIED.,
  .F.,.F.,(2,2),(0.25,15.25),.PIECEWISE_BEZIER_KNOTS.);
#15973 = CARTESIAN_POINT('',(0.,-2.5));
#15974 = CARTESIAN_POINT('',(15.,-2.5));
#15975 = ( GEOMETRIC_REPRESENTATION_CONTEXT(2) 
PARAMETRIC_REPRESENTATION_CONTEXT() REPRESENTATION_CONTEXT('2D SPACE',''
  ) );
#15976 = ORIENTED_EDGE('',*,*,#15977,.F.);
#15977 = EDGE_CURVE('',#15906,#15957,#15978,.T.);
#15978 = SURFACE_CURVE('',#15979,(#15983,#15989),.PCURVE_S1.);
#15979 = LINE('',#15980,#15981);
#15980 = CARTESIAN_POINT('',(38.45,31.2,25.));
#15981 = VECTOR('',#15982,1.);
#15982 = DIRECTION('',(-1.,0.,0.));
#15983 = PCURVE('',#14927,#15984);
#15984 = DEFINITIONAL_REPRESENTATION('',(#15985),#15988);
#15985 = B_SPLINE_CURVE_WITH_KNOTS('',1,(#15986,#15987),.UNSPECIFIED.,
  .F.,.F.,(2,2),(-3.05,-2.45),.PIECEWISE_BEZIER_KNOTS.);
#15986 = CARTESIAN_POINT('',(0.5,5.5));
#15987 = CARTESIAN_POINT('',(0.5,4.9));
#15988 = ( GEOMETRIC_REPRESENTATION_CONTEXT(2) 
PARAMETRIC_REPRESENTATION_CONTEXT() REPRESENTATION_CONTEXT('2D SPACE',''
  ) );
#15989 = PCURVE('',#15990,#15995);
#15990 = PLANE('',#15991);
#15991 = AXIS2_PLACEMENT_3D('',#15992,#15993,#15994);
#15992 = CARTESIAN_POINT('',(40.9,28.7,25.));
#15993 = DIRECTION('',(0.,0.,1.));
#15994 = DIRECTION('',(1.,0.,0.));
#15995 = DEFINITIONAL_REPRESENTATION('',(#15996),#15999);
#15996 = B_SPLINE_CURVE_WITH_KNOTS('',1,(#15997,#15998),.UNSPECIFIED.,
  .F.,.F.,(2,2),(-3.05,-2.45),.PIECEWISE_BEZIER_KNOTS.);
#15997 = CARTESIAN_POINT('',(0.6,2.5));
#15998 = CARTESIAN_POINT('',(0.,2.5));
#15999 = ( GEOMETRIC_REPRESENTATION_CONTEXT(2) 
PARAMETRIC_REPRESENTATION_CONTEXT() REPRESENTATION_CONTEXT('2D SPACE',''
  ) );
#16000 = ADVANCED_FACE('',(#16001),#14901,.T.);
#16001 = FACE_BOUND('',#16002,.T.);
#16002 = EDGE_LOOP('',(#16003,#16026,#16027,#16028));
#16003 = ORIENTED_EDGE('',*,*,#16004,.F.);
#16004 = EDGE_CURVE('',#14861,#16005,#16007,.T.);
#16005 = VERTEX_POINT('',#16006);
#16006 = CARTESIAN_POINT('',(41.5,32.8,24.5));
#16007 = SURFACE_CURVE('',#16008,(#16012,#16019),.PCURVE_S1.);
#16008 = LINE('',#16009,#16010);
#16009 = CARTESIAN_POINT('',(36.,32.8,24.5));
#16010 = VECTOR('',#16011,1.);
#16011 = DIRECTION('',(1.,0.,0.));
#16012 = PCURVE('',#14901,#16013);
#16013 = DEFINITIONAL_REPRESENTATION('',(#16014),#16018);
#16014 = LINE('',#16015,#16016);
#16015 = CARTESIAN_POINT('',(0.,1.6));
#16016 = VECTOR('',#16017,1.);
#16017 = DIRECTION('',(1.,0.));
#16018 = ( GEOMETRIC_REPRESENTATION_CONTEXT(2) 
PARAMETRIC_REPRESENTATION_CONTEXT() REPRESENTATION_CONTEXT('2D SPACE',''
  ) );
#16019 = PCURVE('',#14875,#16020);
#16020 = DEFINITIONAL_REPRESENTATION('',(#16021),#16025);
#16021 = LINE('',#16022,#16023);
#16022 = CARTESIAN_POINT('',(0.,0.));
#16023 = VECTOR('',#16024,1.);
#16024 = DIRECTION('',(0.,1.));
#16025 = ( GEOMETRIC_REPRESENTATION_CONTEXT(2) 
PARAMETRIC_REPRESENTATION_CONTEXT() REPRESENTATION_CONTEXT('2D SPACE',''
  ) );
#16026 = ORIENTED_EDGE('',*,*,#14886,.T.);
#16027 = ORIENTED_EDGE('',*,*,#15933,.T.);
#16028 = ORIENTED_EDGE('',*,*,#16029,.T.);
#16029 = EDGE_CURVE('',#15904,#16005,#16030,.T.);
#16030 = SURFACE_CURVE('',#16031,(#16035,#16042),.PCURVE_S1.);
#16031 = LINE('',#16032,#16033);
#16032 = CARTESIAN_POINT('',(41.5,31.2,24.5));
#16033 = VECTOR('',#16034,1.);
#16034 = DIRECTION('',(0.,1.,0.));
#16035 = PCURVE('',#14901,#16036);
#16036 = DEFINITIONAL_REPRESENTATION('',(#16037),#16041);
#16037 = LINE('',#16038,#16039);
#16038 = CARTESIAN_POINT('',(5.5,0.));
#16039 = VECTOR('',#16040,1.);
#16040 = DIRECTION('',(0.,1.));
#16041 = ( GEOMETRIC_REPRESENTATION_CONTEXT(2) 
PARAMETRIC_REPRESENTATION_CONTEXT() REPRESENTATION_CONTEXT('2D SPACE',''
  ) );
#16042 = PCURVE('',#15921,#16043);
#16043 = DEFINITIONAL_REPRESENTATION('',(#16044),#16048);
#16044 = LINE('',#16045,#16046);
#16045 = CARTESIAN_POINT('',(0.,0.));
#16046 = VECTOR('',#16047,1.);
#16047 = DIRECTION('',(0.,-1.));
#16048 = ( GEOMETRIC_REPRESENTATION_CONTEXT(2) 
PARAMETRIC_REPRESENTATION_CONTEXT() REPRESENTATION_CONTEXT('2D SPACE',''
  ) );
#16049 = ADVANCED_FACE('',(#16050),#14875,.F.);
#16050 = FACE_BOUND('',#16051,.F.);
#16051 = EDGE_LOOP('',(#16052,#16075,#16076,#16077,#16078,#16099));
#16052 = ORIENTED_EDGE('',*,*,#16053,.F.);
#16053 = EDGE_CURVE('',#16005,#16054,#16056,.T.);
#16054 = VERTEX_POINT('',#16055);
#16055 = CARTESIAN_POINT('',(41.5,32.8,25.));
#16056 = SURFACE_CURVE('',#16057,(#16061,#16068),.PCURVE_S1.);
#16057 = LINE('',#16058,#16059);
#16058 = CARTESIAN_POINT('',(41.5,32.8,24.5));
#16059 = VECTOR('',#16060,1.);
#16060 = DIRECTION('',(0.,0.,1.));
#16061 = PCURVE('',#14875,#16062);
#16062 = DEFINITIONAL_REPRESENTATION('',(#16063),#16067);
#16063 = LINE('',#16064,#16065);
#16064 = CARTESIAN_POINT('',(0.,5.5));
#16065 = VECTOR('',#16066,1.);
#16066 = DIRECTION('',(1.,0.));
#16067 = ( GEOMETRIC_REPRESENTATION_CONTEXT(2) 
PARAMETRIC_REPRESENTATION_CONTEXT() REPRESENTATION_CONTEXT('2D SPACE',''
  ) );
#16068 = PCURVE('',#15921,#16069);
#16069 = DEFINITIONAL_REPRESENTATION('',(#16070),#16074);
#16070 = LINE('',#16071,#16072);
#16071 = CARTESIAN_POINT('',(0.,-1.6));
#16072 = VECTOR('',#16073,1.);
#16073 = DIRECTION('',(1.,0.));
#16074 = ( GEOMETRIC_REPRESENTATION_CONTEXT(2) 
PARAMETRIC_REPRESENTATION_CONTEXT() REPRESENTATION_CONTEXT('2D SPACE',''
  ) );
#16075 = ORIENTED_EDGE('',*,*,#16004,.F.);
#16076 = ORIENTED_EDGE('',*,*,#14860,.T.);
#16077 = ORIENTED_EDGE('',*,*,#15805,.F.);
#16078 = ORIENTED_EDGE('',*,*,#16079,.F.);
#16079 = EDGE_CURVE('',#16080,#15806,#16082,.T.);
#16080 = VERTEX_POINT('',#16081);
#16081 = CARTESIAN_POINT('',(40.9,32.8,25.));
#16082 = SURFACE_CURVE('',#16083,(#16087,#16093),.PCURVE_S1.);
#16083 = LINE('',#16084,#16085);
#16084 = CARTESIAN_POINT('',(40.9,32.8,24.75));
#16085 = VECTOR('',#16086,1.);
#16086 = DIRECTION('',(0.,0.,1.));
#16087 = PCURVE('',#14875,#16088);
#16088 = DEFINITIONAL_REPRESENTATION('',(#16089),#16092);
#16089 = B_SPLINE_CURVE_WITH_KNOTS('',1,(#16090,#16091),.UNSPECIFIED.,
  .F.,.F.,(2,2),(0.25,15.25),.PIECEWISE_BEZIER_KNOTS.);
#16090 = CARTESIAN_POINT('',(0.5,4.9));
#16091 = CARTESIAN_POINT('',(15.5,4.9));
#16092 = ( GEOMETRIC_REPRESENTATION_CONTEXT(2) 
PARAMETRIC_REPRESENTATION_CONTEXT() REPRESENTATION_CONTEXT('2D SPACE',''
  ) );
#16093 = PCURVE('',#15841,#16094);
#16094 = DEFINITIONAL_REPRESENTATION('',(#16095),#16098);
#16095 = B_SPLINE_CURVE_WITH_KNOTS('',1,(#16096,#16097),.UNSPECIFIED.,
  .F.,.F.,(2,2),(0.25,15.25),.PIECEWISE_BEZIER_KNOTS.);
#16096 = CARTESIAN_POINT('',(0.,-4.1));
#16097 = CARTESIAN_POINT('',(15.,-4.1));
#16098 = ( GEOMETRIC_REPRESENTATION_CONTEXT(2) 
PARAMETRIC_REPRESENTATION_CONTEXT() REPRESENTATION_CONTEXT('2D SPACE',''
  ) );
#16099 = ORIENTED_EDGE('',*,*,#16100,.F.);
#16100 = EDGE_CURVE('',#16054,#16080,#16101,.T.);
#16101 = SURFACE_CURVE('',#16102,(#16106,#16112),.PCURVE_S1.);
#16102 = LINE('',#16103,#16104);
#16103 = CARTESIAN_POINT('',(38.45,32.8,25.));
#16104 = VECTOR('',#16105,1.);
#16105 = DIRECTION('',(-1.,0.,0.));
#16106 = PCURVE('',#14875,#16107);
#16107 = DEFINITIONAL_REPRESENTATION('',(#16108),#16111);
#16108 = B_SPLINE_CURVE_WITH_KNOTS('',1,(#16109,#16110),.UNSPECIFIED.,
  .F.,.F.,(2,2),(-3.05,-2.45),.PIECEWISE_BEZIER_KNOTS.);
#16109 = CARTESIAN_POINT('',(0.5,5.5));
#16110 = CARTESIAN_POINT('',(0.5,4.9));
#16111 = ( GEOMETRIC_REPRESENTATION_CONTEXT(2) 
PARAMETRIC_REPRESENTATION_CONTEXT() REPRESENTATION_CONTEXT('2D SPACE',''
  ) );
#16112 = PCURVE('',#15990,#16113);
#16113 = DEFINITIONAL_REPRESENTATION('',(#16114),#16117);
#16114 = B_SPLINE_CURVE_WITH_KNOTS('',1,(#16115,#16116),.UNSPECIFIED.,
  .F.,.F.,(2,2),(-3.05,-2.45),.PIECEWISE_BEZIER_KNOTS.);
#16115 = CARTESIAN_POINT('',(0.6,4.1));
#16116 = CARTESIAN_POINT('',(0.,4.1));
#16117 = ( GEOMETRIC_REPRESENTATION_CONTEXT(2) 
PARAMETRIC_REPRESENTATION_CONTEXT() REPRESENTATION_CONTEXT('2D SPACE',''
  ) );
#16118 = ADVANCED_FACE('',(#16119),#14983,.F.);
#16119 = FACE_BOUND('',#16120,.F.);
#16120 = EDGE_LOOP('',(#16121,#16122,#16123,#16124));
#16121 = ORIENTED_EDGE('',*,*,#14967,.T.);
#16122 = ORIENTED_EDGE('',*,*,#9541,.T.);
#16123 = ORIENTED_EDGE('',*,*,#15057,.F.);
#16124 = ORIENTED_EDGE('',*,*,#16125,.F.);
#16125 = EDGE_CURVE('',#14968,#15058,#16126,.T.);
#16126 = SURFACE_CURVE('',#16127,(#16131,#16138),.PCURVE_S1.);
#16127 = LINE('',#16128,#16129);
#16128 = CARTESIAN_POINT('',(20.75,139.628840547,54.190638290253));
#16129 = VECTOR('',#16130,1.);
#16130 = DIRECTION('',(-8.659560562355E-17,-0.141421356237,
    0.989949493661));
#16131 = PCURVE('',#14983,#16132);
#16132 = DEFINITIONAL_REPRESENTATION('',(#16133),#16137);
#16133 = LINE('',#16134,#16135);
#16134 = CARTESIAN_POINT('',(18.,0.));
#16135 = VECTOR('',#16136,1.);
#16136 = DIRECTION('',(1.,0.));
#16137 = ( GEOMETRIC_REPRESENTATION_CONTEXT(2) 
PARAMETRIC_REPRESENTATION_CONTEXT() REPRESENTATION_CONTEXT('2D SPACE',''
  ) );
#16138 = PCURVE('',#15040,#16139);
#16139 = DEFINITIONAL_REPRESENTATION('',(#16140),#16144);
#16140 = LINE('',#16141,#16142);
#16141 = CARTESIAN_POINT('',(-20.75,0.));
#16142 = VECTOR('',#16143,1.);
#16143 = DIRECTION('',(0.,1.));
#16144 = ( GEOMETRIC_REPRESENTATION_CONTEXT(2) 
PARAMETRIC_REPRESENTATION_CONTEXT() REPRESENTATION_CONTEXT('2D SPACE',''
  ) );
#16145 = ADVANCED_FACE('',(#16146),#15014,.T.);
#16146 = FACE_BOUND('',#16147,.T.);
#16147 = EDGE_LOOP('',(#16148,#16149,#16150,#16151));
#16148 = ORIENTED_EDGE('',*,*,#14998,.T.);
#16149 = ORIENTED_EDGE('',*,*,#9396,.T.);
#16150 = ORIENTED_EDGE('',*,*,#15103,.F.);
#16151 = ORIENTED_EDGE('',*,*,#16152,.F.);
#16152 = EDGE_CURVE('',#14999,#15081,#16153,.T.);
#16153 = SURFACE_CURVE('',#16154,(#16158,#16165),.PCURVE_S1.);
#16154 = LINE('',#16155,#16156);
#16155 = CARTESIAN_POINT('',(-20.75,139.628840547,54.190638290253));
#16156 = VECTOR('',#16157,1.);
#16157 = DIRECTION('',(-8.659560562355E-17,-0.141421356237,
    0.989949493661));
#16158 = PCURVE('',#15014,#16159);
#16159 = DEFINITIONAL_REPRESENTATION('',(#16160),#16164);
#16160 = LINE('',#16161,#16162);
#16161 = CARTESIAN_POINT('',(18.,0.));
#16162 = VECTOR('',#16163,1.);
#16163 = DIRECTION('',(1.,0.));
#16164 = ( GEOMETRIC_REPRESENTATION_CONTEXT(2) 
PARAMETRIC_REPRESENTATION_CONTEXT() REPRESENTATION_CONTEXT('2D SPACE',''
  ) );
#16165 = PCURVE('',#15040,#16166);
#16166 = DEFINITIONAL_REPRESENTATION('',(#16167),#16171);
#16167 = LINE('',#16168,#16169);
#16168 = CARTESIAN_POINT('',(20.75,0.));
#16169 = VECTOR('',#16170,1.);
#16170 = DIRECTION('',(0.,1.));
#16171 = ( GEOMETRIC_REPRESENTATION_CONTEXT(2) 
PARAMETRIC_REPRESENTATION_CONTEXT() REPRESENTATION_CONTEXT('2D SPACE',''
  ) );
#16172 = ADVANCED_FACE('',(#16173),#15040,.T.);
#16173 = FACE_BOUND('',#16174,.T.);
#16174 = EDGE_LOOP('',(#16175,#16176,#16177,#16178));
#16175 = ORIENTED_EDGE('',*,*,#15080,.F.);
#16176 = ORIENTED_EDGE('',*,*,#16125,.F.);
#16177 = ORIENTED_EDGE('',*,*,#15026,.T.);
#16178 = ORIENTED_EDGE('',*,*,#16152,.T.);
#16179 = ADVANCED_FACE('',(#16180),#15403,.T.);
#16180 = FACE_BOUND('',#16181,.T.);
#16181 = EDGE_LOOP('',(#16182,#16205,#16206,#16229));
#16182 = ORIENTED_EDGE('',*,*,#16183,.T.);
#16183 = EDGE_CURVE('',#16184,#15386,#16186,.T.);
#16184 = VERTEX_POINT('',#16185);
#16185 = CARTESIAN_POINT('',(-34.2,66.280654134521,23.509275054569));
#16186 = SURFACE_CURVE('',#16187,(#16191,#16198),.PCURVE_S1.);
#16187 = LINE('',#16188,#16189);
#16188 = CARTESIAN_POINT('',(-34.2,66.280654134521,23.509275054569));
#16189 = VECTOR('',#16190,1.);
#16190 = DIRECTION('',(0.,-0.141421356237,0.989949493661));
#16191 = PCURVE('',#15403,#16192);
#16192 = DEFINITIONAL_REPRESENTATION('',(#16193),#16197);
#16193 = LINE('',#16194,#16195);
#16194 = CARTESIAN_POINT('',(0.,0.));
#16195 = VECTOR('',#16196,1.);
#16196 = DIRECTION('',(0.,-1.));
#16197 = ( GEOMETRIC_REPRESENTATION_CONTEXT(2) 
PARAMETRIC_REPRESENTATION_CONTEXT() REPRESENTATION_CONTEXT('2D SPACE',''
  ) );
#16198 = PCURVE('',#15431,#16199);
#16199 = DEFINITIONAL_REPRESENTATION('',(#16200),#16204);
#16200 = LINE('',#16201,#16202);
#16201 = CARTESIAN_POINT('',(0.,0.));
#16202 = VECTOR('',#16203,1.);
#16203 = DIRECTION('',(0.,-1.));
#16204 = ( GEOMETRIC_REPRESENTATION_CONTEXT(2) 
PARAMETRIC_REPRESENTATION_CONTEXT() REPRESENTATION_CONTEXT('2D SPACE',''
  ) );
#16205 = ORIENTED_EDGE('',*,*,#15385,.T.);
#16206 = ORIENTED_EDGE('',*,*,#16207,.F.);
#16207 = EDGE_CURVE('',#16208,#15388,#16210,.T.);
#16208 = VERTEX_POINT('',#16209);
#16209 = CARTESIAN_POINT('',(34.2,66.280654134521,23.509275054569));
#16210 = SURFACE_CURVE('',#16211,(#16215,#16222),.PCURVE_S1.);
#16211 = LINE('',#16212,#16213);
#16212 = CARTESIAN_POINT('',(34.2,66.280654134521,23.509275054569));
#16213 = VECTOR('',#16214,1.);
#16214 = DIRECTION('',(0.,-0.141421356237,0.989949493661));
#16215 = PCURVE('',#15403,#16216);
#16216 = DEFINITIONAL_REPRESENTATION('',(#16217),#16221);
#16217 = LINE('',#16218,#16219);
#16218 = CARTESIAN_POINT('',(68.4,0.));
#16219 = VECTOR('',#16220,1.);
#16220 = DIRECTION('',(0.,-1.));
#16221 = ( GEOMETRIC_REPRESENTATION_CONTEXT(2) 
PARAMETRIC_REPRESENTATION_CONTEXT() REPRESENTATION_CONTEXT('2D SPACE',''
  ) );
#16222 = PCURVE('',#15485,#16223);
#16223 = DEFINITIONAL_REPRESENTATION('',(#16224),#16228);
#16224 = LINE('',#16225,#16226);
#16225 = CARTESIAN_POINT('',(0.,0.));
#16226 = VECTOR('',#16227,1.);
#16227 = DIRECTION('',(0.,-1.));
#16228 = ( GEOMETRIC_REPRESENTATION_CONTEXT(2) 
PARAMETRIC_REPRESENTATION_CONTEXT() REPRESENTATION_CONTEXT('2D SPACE',''
  ) );
#16229 = ORIENTED_EDGE('',*,*,#16230,.F.);
#16230 = EDGE_CURVE('',#16184,#16208,#16231,.T.);
#16231 = SURFACE_CURVE('',#16232,(#16236,#16243),.PCURVE_S1.);
#16232 = LINE('',#16233,#16234);
#16233 = CARTESIAN_POINT('',(0.,66.280654134521,23.509275054569));
#16234 = VECTOR('',#16235,1.);
#16235 = DIRECTION('',(1.,0.,0.));
#16236 = PCURVE('',#15403,#16237);
#16237 = DEFINITIONAL_REPRESENTATION('',(#16238),#16242);
#16238 = LINE('',#16239,#16240);
#16239 = CARTESIAN_POINT('',(34.2,0.));
#16240 = VECTOR('',#16241,1.);
#16241 = DIRECTION('',(1.,0.));
#16242 = ( GEOMETRIC_REPRESENTATION_CONTEXT(2) 
PARAMETRIC_REPRESENTATION_CONTEXT() REPRESENTATION_CONTEXT('2D SPACE',''
  ) );
#16243 = PCURVE('',#16244,#16249);
#16244 = PLANE('',#16245);
#16245 = AXIS2_PLACEMENT_3D('',#16246,#16247,#16248);
#16246 = CARTESIAN_POINT('',(0.,141.92986492252,34.316305167141));
#16247 = DIRECTION('',(0.,-0.141421356237,0.989949493661));
#16248 = DIRECTION('',(0.,-0.989949493661,-0.141421356237));
#16249 = DEFINITIONAL_REPRESENTATION('',(#16250),#16254);
#16250 = LINE('',#16251,#16252);
#16251 = CARTESIAN_POINT('',(76.417242770868,0.));
#16252 = VECTOR('',#16253,1.);
#16253 = DIRECTION('',(0.,1.));
#16254 = ( GEOMETRIC_REPRESENTATION_CONTEXT(2) 
PARAMETRIC_REPRESENTATION_CONTEXT() REPRESENTATION_CONTEXT('2D SPACE',''
  ) );
#16255 = ADVANCED_FACE('',(#16256),#15485,.T.);
#16256 = FACE_BOUND('',#16257,.T.);
#16257 = EDGE_LOOP('',(#16258,#16259,#16260,#16283));
#16258 = ORIENTED_EDGE('',*,*,#16207,.T.);
#16259 = ORIENTED_EDGE('',*,*,#15471,.T.);
#16260 = ORIENTED_EDGE('',*,*,#16261,.F.);
#16261 = EDGE_CURVE('',#16262,#15444,#16264,.T.);
#16262 = VERTEX_POINT('',#16263);
#16263 = CARTESIAN_POINT('',(34.2,139.48741919076,33.967384348318));
#16264 = SURFACE_CURVE('',#16265,(#16269,#16276),.PCURVE_S1.);
#16265 = LINE('',#16266,#16267);
#16266 = CARTESIAN_POINT('',(34.2,139.48741919076,33.967384348318));
#16267 = VECTOR('',#16268,1.);
#16268 = DIRECTION('',(0.,-0.141421356237,0.989949493661));
#16269 = PCURVE('',#15485,#16270);
#16270 = DEFINITIONAL_REPRESENTATION('',(#16271),#16275);
#16271 = LINE('',#16272,#16273);
#16272 = CARTESIAN_POINT('',(73.95,0.));
#16273 = VECTOR('',#16274,1.);
#16274 = DIRECTION('',(0.,-1.));
#16275 = ( GEOMETRIC_REPRESENTATION_CONTEXT(2) 
PARAMETRIC_REPRESENTATION_CONTEXT() REPRESENTATION_CONTEXT('2D SPACE',''
  ) );
#16276 = PCURVE('',#15459,#16277);
#16277 = DEFINITIONAL_REPRESENTATION('',(#16278),#16282);
#16278 = LINE('',#16279,#16280);
#16279 = CARTESIAN_POINT('',(68.4,0.));
#16280 = VECTOR('',#16281,1.);
#16281 = DIRECTION('',(0.,-1.));
#16282 = ( GEOMETRIC_REPRESENTATION_CONTEXT(2) 
PARAMETRIC_REPRESENTATION_CONTEXT() REPRESENTATION_CONTEXT('2D SPACE',''
  ) );
#16283 = ORIENTED_EDGE('',*,*,#16284,.F.);
#16284 = EDGE_CURVE('',#16208,#16262,#16285,.T.);
#16285 = SURFACE_CURVE('',#16286,(#16290,#16297),.PCURVE_S1.);
#16286 = LINE('',#16287,#16288);
#16287 = CARTESIAN_POINT('',(34.2,102.88403666264,28.738329701444));
#16288 = VECTOR('',#16289,1.);
#16289 = DIRECTION('',(0.,0.989949493661,0.141421356237));
#16290 = PCURVE('',#15485,#16291);
#16291 = DEFINITIONAL_REPRESENTATION('',(#16292),#16296);
#16292 = LINE('',#16293,#16294);
#16293 = CARTESIAN_POINT('',(36.975,-8.881784197001E-16));
#16294 = VECTOR('',#16295,1.);
#16295 = DIRECTION('',(1.,0.));
#16296 = ( GEOMETRIC_REPRESENTATION_CONTEXT(2) 
PARAMETRIC_REPRESENTATION_CONTEXT() REPRESENTATION_CONTEXT('2D SPACE',''
  ) );
#16297 = PCURVE('',#16244,#16298);
#16298 = DEFINITIONAL_REPRESENTATION('',(#16299),#16303);
#16299 = LINE('',#16300,#16301);
#16300 = CARTESIAN_POINT('',(39.442242770868,34.2));
#16301 = VECTOR('',#16302,1.);
#16302 = DIRECTION('',(-1.,0.));
#16303 = ( GEOMETRIC_REPRESENTATION_CONTEXT(2) 
PARAMETRIC_REPRESENTATION_CONTEXT() REPRESENTATION_CONTEXT('2D SPACE',''
  ) );
#16304 = ADVANCED_FACE('',(#16305),#15459,.F.);
#16305 = FACE_BOUND('',#16306,.F.);
#16306 = EDGE_LOOP('',(#16307,#16330,#16331,#16332));
#16307 = ORIENTED_EDGE('',*,*,#16308,.T.);
#16308 = EDGE_CURVE('',#16309,#15416,#16311,.T.);
#16309 = VERTEX_POINT('',#16310);
#16310 = CARTESIAN_POINT('',(-34.2,139.48741919076,33.967384348318));
#16311 = SURFACE_CURVE('',#16312,(#16316,#16323),.PCURVE_S1.);
#16312 = LINE('',#16313,#16314);
#16313 = CARTESIAN_POINT('',(-34.2,139.48741919076,33.967384348318));
#16314 = VECTOR('',#16315,1.);
#16315 = DIRECTION('',(0.,-0.141421356237,0.989949493661));
#16316 = PCURVE('',#15459,#16317);
#16317 = DEFINITIONAL_REPRESENTATION('',(#16318),#16322);
#16318 = LINE('',#16319,#16320);
#16319 = CARTESIAN_POINT('',(0.,0.));
#16320 = VECTOR('',#16321,1.);
#16321 = DIRECTION('',(0.,-1.));
#16322 = ( GEOMETRIC_REPRESENTATION_CONTEXT(2) 
PARAMETRIC_REPRESENTATION_CONTEXT() REPRESENTATION_CONTEXT('2D SPACE',''
  ) );
#16323 = PCURVE('',#15431,#16324);
#16324 = DEFINITIONAL_REPRESENTATION('',(#16325),#16329);
#16325 = LINE('',#16326,#16327);
#16326 = CARTESIAN_POINT('',(73.95,0.));
#16327 = VECTOR('',#16328,1.);
#16328 = DIRECTION('',(0.,-1.));
#16329 = ( GEOMETRIC_REPRESENTATION_CONTEXT(2) 
PARAMETRIC_REPRESENTATION_CONTEXT() REPRESENTATION_CONTEXT('2D SPACE',''
  ) );
#16330 = ORIENTED_EDGE('',*,*,#15443,.T.);
#16331 = ORIENTED_EDGE('',*,*,#16261,.F.);
#16332 = ORIENTED_EDGE('',*,*,#16333,.F.);
#16333 = EDGE_CURVE('',#16309,#16262,#16334,.T.);
#16334 = SURFACE_CURVE('',#16335,(#16339,#16346),.PCURVE_S1.);
#16335 = LINE('',#16336,#16337);
#16336 = CARTESIAN_POINT('',(0.,139.48741919076,33.967384348318));
#16337 = VECTOR('',#16338,1.);
#16338 = DIRECTION('',(1.,0.,0.));
#16339 = PCURVE('',#15459,#16340);
#16340 = DEFINITIONAL_REPRESENTATION('',(#16341),#16345);
#16341 = LINE('',#16342,#16343);
#16342 = CARTESIAN_POINT('',(34.2,0.));
#16343 = VECTOR('',#16344,1.);
#16344 = DIRECTION('',(1.,0.));
#16345 = ( GEOMETRIC_REPRESENTATION_CONTEXT(2) 
PARAMETRIC_REPRESENTATION_CONTEXT() REPRESENTATION_CONTEXT('2D SPACE',''
  ) );
#16346 = PCURVE('',#16244,#16347);
#16347 = DEFINITIONAL_REPRESENTATION('',(#16348),#16352);
#16348 = LINE('',#16349,#16350);
#16349 = CARTESIAN_POINT('',(2.467242770868,0.));
#16350 = VECTOR('',#16351,1.);
#16351 = DIRECTION('',(0.,1.));
#16352 = ( GEOMETRIC_REPRESENTATION_CONTEXT(2) 
PARAMETRIC_REPRESENTATION_CONTEXT() REPRESENTATION_CONTEXT('2D SPACE',''
  ) );
#16353 = ADVANCED_FACE('',(#16354),#15431,.F.);
#16354 = FACE_BOUND('',#16355,.F.);
#16355 = EDGE_LOOP('',(#16356,#16357,#16358,#16359));
#16356 = ORIENTED_EDGE('',*,*,#16183,.T.);
#16357 = ORIENTED_EDGE('',*,*,#15415,.T.);
#16358 = ORIENTED_EDGE('',*,*,#16308,.F.);
#16359 = ORIENTED_EDGE('',*,*,#16360,.F.);
#16360 = EDGE_CURVE('',#16184,#16309,#16361,.T.);
#16361 = SURFACE_CURVE('',#16362,(#16366,#16373),.PCURVE_S1.);
#16362 = LINE('',#16363,#16364);
#16363 = CARTESIAN_POINT('',(-34.2,102.88403666264,28.738329701444));
#16364 = VECTOR('',#16365,1.);
#16365 = DIRECTION('',(0.,0.989949493661,0.141421356237));
#16366 = PCURVE('',#15431,#16367);
#16367 = DEFINITIONAL_REPRESENTATION('',(#16368),#16372);
#16368 = LINE('',#16369,#16370);
#16369 = CARTESIAN_POINT('',(36.975,-8.881784197001E-16));
#16370 = VECTOR('',#16371,1.);
#16371 = DIRECTION('',(1.,0.));
#16372 = ( GEOMETRIC_REPRESENTATION_CONTEXT(2) 
PARAMETRIC_REPRESENTATION_CONTEXT() REPRESENTATION_CONTEXT('2D SPACE',''
  ) );
#16373 = PCURVE('',#16244,#16374);
#16374 = DEFINITIONAL_REPRESENTATION('',(#16375),#16379);
#16375 = LINE('',#16376,#16377);
#16376 = CARTESIAN_POINT('',(39.442242770868,-34.2));
#16377 = VECTOR('',#16378,1.);
#16378 = DIRECTION('',(-1.,0.));
#16379 = ( GEOMETRIC_REPRESENTATION_CONTEXT(2) 
PARAMETRIC_REPRESENTATION_CONTEXT() REPRESENTATION_CONTEXT('2D SPACE',''
  ) );
#16380 = ADVANCED_FACE('',(#16381),#15642,.T.);
#16381 = FACE_BOUND('',#16382,.T.);
#16382 = EDGE_LOOP('',(#16383,#16384,#16407,#16428));
#16383 = ORIENTED_EDGE('',*,*,#15629,.F.);
#16384 = ORIENTED_EDGE('',*,*,#16385,.F.);
#16385 = EDGE_CURVE('',#16386,#15604,#16388,.T.);
#16386 = VERTEX_POINT('',#16387);
#16387 = CARTESIAN_POINT('',(40.9,28.7,25.));
#16388 = SURFACE_CURVE('',#16389,(#16393,#16400),.PCURVE_S1.);
#16389 = LINE('',#16390,#16391);
#16390 = CARTESIAN_POINT('',(40.9,28.7,25.));
#16391 = VECTOR('',#16392,1.);
#16392 = DIRECTION('',(0.,0.,1.));
#16393 = PCURVE('',#15642,#16394);
#16394 = DEFINITIONAL_REPRESENTATION('',(#16395),#16399);
#16395 = LINE('',#16396,#16397);
#16396 = CARTESIAN_POINT('',(0.,0.));
#16397 = VECTOR('',#16398,1.);
#16398 = DIRECTION('',(1.,0.));
#16399 = ( GEOMETRIC_REPRESENTATION_CONTEXT(2) 
PARAMETRIC_REPRESENTATION_CONTEXT() REPRESENTATION_CONTEXT('2D SPACE',''
  ) );
#16400 = PCURVE('',#15618,#16401);
#16401 = DEFINITIONAL_REPRESENTATION('',(#16402),#16406);
#16402 = LINE('',#16403,#16404);
#16403 = CARTESIAN_POINT('',(0.,0.));
#16404 = VECTOR('',#16405,1.);
#16405 = DIRECTION('',(1.,0.));
#16406 = ( GEOMETRIC_REPRESENTATION_CONTEXT(2) 
PARAMETRIC_REPRESENTATION_CONTEXT() REPRESENTATION_CONTEXT('2D SPACE',''
  ) );
#16407 = ORIENTED_EDGE('',*,*,#16408,.T.);
#16408 = EDGE_CURVE('',#16386,#15957,#16409,.T.);
#16409 = SURFACE_CURVE('',#16410,(#16414,#16421),.PCURVE_S1.);
#16410 = LINE('',#16411,#16412);
#16411 = CARTESIAN_POINT('',(40.9,28.7,25.));
#16412 = VECTOR('',#16413,1.);
#16413 = DIRECTION('',(0.,1.,0.));
#16414 = PCURVE('',#15642,#16415);
#16415 = DEFINITIONAL_REPRESENTATION('',(#16416),#16420);
#16416 = LINE('',#16417,#16418);
#16417 = CARTESIAN_POINT('',(0.,0.));
#16418 = VECTOR('',#16419,1.);
#16419 = DIRECTION('',(0.,-1.));
#16420 = ( GEOMETRIC_REPRESENTATION_CONTEXT(2) 
PARAMETRIC_REPRESENTATION_CONTEXT() REPRESENTATION_CONTEXT('2D SPACE',''
  ) );
#16421 = PCURVE('',#15990,#16422);
#16422 = DEFINITIONAL_REPRESENTATION('',(#16423),#16427);
#16423 = LINE('',#16424,#16425);
#16424 = CARTESIAN_POINT('',(0.,0.));
#16425 = VECTOR('',#16426,1.);
#16426 = DIRECTION('',(0.,1.));
#16427 = ( GEOMETRIC_REPRESENTATION_CONTEXT(2) 
PARAMETRIC_REPRESENTATION_CONTEXT() REPRESENTATION_CONTEXT('2D SPACE',''
  ) );
#16428 = ORIENTED_EDGE('',*,*,#15956,.T.);
#16429 = ADVANCED_FACE('',(#16430),#15618,.T.);
#16430 = FACE_BOUND('',#16431,.T.);
#16431 = EDGE_LOOP('',(#16432,#16455,#16476,#16477));
#16432 = ORIENTED_EDGE('',*,*,#16433,.F.);
#16433 = EDGE_CURVE('',#16434,#15578,#16436,.T.);
#16434 = VERTEX_POINT('',#16435);
#16435 = CARTESIAN_POINT('',(44.7,28.7,25.));
#16436 = SURFACE_CURVE('',#16437,(#16441,#16448),.PCURVE_S1.);
#16437 = LINE('',#16438,#16439);
#16438 = CARTESIAN_POINT('',(44.7,28.7,25.));
#16439 = VECTOR('',#16440,1.);
#16440 = DIRECTION('',(0.,0.,1.));
#16441 = PCURVE('',#15618,#16442);
#16442 = DEFINITIONAL_REPRESENTATION('',(#16443),#16447);
#16443 = LINE('',#16444,#16445);
#16444 = CARTESIAN_POINT('',(0.,3.8));
#16445 = VECTOR('',#16446,1.);
#16446 = DIRECTION('',(1.,0.));
#16447 = ( GEOMETRIC_REPRESENTATION_CONTEXT(2) 
PARAMETRIC_REPRESENTATION_CONTEXT() REPRESENTATION_CONTEXT('2D SPACE',''
  ) );
#16448 = PCURVE('',#15592,#16449);
#16449 = DEFINITIONAL_REPRESENTATION('',(#16450),#16454);
#16450 = LINE('',#16451,#16452);
#16451 = CARTESIAN_POINT('',(0.,0.));
#16452 = VECTOR('',#16453,1.);
#16453 = DIRECTION('',(1.,0.));
#16454 = ( GEOMETRIC_REPRESENTATION_CONTEXT(2) 
PARAMETRIC_REPRESENTATION_CONTEXT() REPRESENTATION_CONTEXT('2D SPACE',''
  ) );
#16455 = ORIENTED_EDGE('',*,*,#16456,.F.);
#16456 = EDGE_CURVE('',#16386,#16434,#16457,.T.);
#16457 = SURFACE_CURVE('',#16458,(#16462,#16469),.PCURVE_S1.);
#16458 = LINE('',#16459,#16460);
#16459 = CARTESIAN_POINT('',(40.9,28.7,25.));
#16460 = VECTOR('',#16461,1.);
#16461 = DIRECTION('',(1.,0.,0.));
#16462 = PCURVE('',#15618,#16463);
#16463 = DEFINITIONAL_REPRESENTATION('',(#16464),#16468);
#16464 = LINE('',#16465,#16466);
#16465 = CARTESIAN_POINT('',(0.,0.));
#16466 = VECTOR('',#16467,1.);
#16467 = DIRECTION('',(0.,1.));
#16468 = ( GEOMETRIC_REPRESENTATION_CONTEXT(2) 
PARAMETRIC_REPRESENTATION_CONTEXT() REPRESENTATION_CONTEXT('2D SPACE',''
  ) );
#16469 = PCURVE('',#15990,#16470);
#16470 = DEFINITIONAL_REPRESENTATION('',(#16471),#16475);
#16471 = LINE('',#16472,#16473);
#16472 = CARTESIAN_POINT('',(0.,0.));
#16473 = VECTOR('',#16474,1.);
#16474 = DIRECTION('',(1.,0.));
#16475 = ( GEOMETRIC_REPRESENTATION_CONTEXT(2) 
PARAMETRIC_REPRESENTATION_CONTEXT() REPRESENTATION_CONTEXT('2D SPACE',''
  ) );
#16476 = ORIENTED_EDGE('',*,*,#16385,.T.);
#16477 = ORIENTED_EDGE('',*,*,#15603,.F.);
#16478 = ADVANCED_FACE('',(#16479),#15592,.F.);
#16479 = FACE_BOUND('',#16480,.F.);
#16480 = EDGE_LOOP('',(#16481,#16482,#16483,#16506,#16527,#16528,#16529,
    #16530));
#16481 = ORIENTED_EDGE('',*,*,#15577,.F.);
#16482 = ORIENTED_EDGE('',*,*,#16433,.F.);
#16483 = ORIENTED_EDGE('',*,*,#16484,.T.);
#16484 = EDGE_CURVE('',#16434,#16485,#16487,.T.);
#16485 = VERTEX_POINT('',#16486);
#16486 = CARTESIAN_POINT('',(44.7,35.3,25.));
#16487 = SURFACE_CURVE('',#16488,(#16492,#16499),.PCURVE_S1.);
#16488 = LINE('',#16489,#16490);
#16489 = CARTESIAN_POINT('',(44.7,28.7,25.));
#16490 = VECTOR('',#16491,1.);
#16491 = DIRECTION('',(0.,1.,0.));
#16492 = PCURVE('',#15592,#16493);
#16493 = DEFINITIONAL_REPRESENTATION('',(#16494),#16498);
#16494 = LINE('',#16495,#16496);
#16495 = CARTESIAN_POINT('',(0.,0.));
#16496 = VECTOR('',#16497,1.);
#16497 = DIRECTION('',(0.,-1.));
#16498 = ( GEOMETRIC_REPRESENTATION_CONTEXT(2) 
PARAMETRIC_REPRESENTATION_CONTEXT() REPRESENTATION_CONTEXT('2D SPACE',''
  ) );
#16499 = PCURVE('',#15990,#16500);
#16500 = DEFINITIONAL_REPRESENTATION('',(#16501),#16505);
#16501 = LINE('',#16502,#16503);
#16502 = CARTESIAN_POINT('',(3.8,0.));
#16503 = VECTOR('',#16504,1.);
#16504 = DIRECTION('',(0.,1.));
#16505 = ( GEOMETRIC_REPRESENTATION_CONTEXT(2) 
PARAMETRIC_REPRESENTATION_CONTEXT() REPRESENTATION_CONTEXT('2D SPACE',''
  ) );
#16506 = ORIENTED_EDGE('',*,*,#16507,.T.);
#16507 = EDGE_CURVE('',#16485,#15853,#16508,.T.);
#16508 = SURFACE_CURVE('',#16509,(#16513,#16520),.PCURVE_S1.);
#16509 = LINE('',#16510,#16511);
#16510 = CARTESIAN_POINT('',(44.7,35.3,25.));
#16511 = VECTOR('',#16512,1.);
#16512 = DIRECTION('',(0.,0.,1.));
#16513 = PCURVE('',#15592,#16514);
#16514 = DEFINITIONAL_REPRESENTATION('',(#16515),#16519);
#16515 = LINE('',#16516,#16517);
#16516 = CARTESIAN_POINT('',(0.,-6.6));
#16517 = VECTOR('',#16518,1.);
#16518 = DIRECTION('',(1.,0.));
#16519 = ( GEOMETRIC_REPRESENTATION_CONTEXT(2) 
PARAMETRIC_REPRESENTATION_CONTEXT() REPRESENTATION_CONTEXT('2D SPACE',''
  ) );
#16520 = PCURVE('',#15867,#16521);
#16521 = DEFINITIONAL_REPRESENTATION('',(#16522),#16526);
#16522 = LINE('',#16523,#16524);
#16523 = CARTESIAN_POINT('',(0.,3.8));
#16524 = VECTOR('',#16525,1.);
#16525 = DIRECTION('',(1.,0.));
#16526 = ( GEOMETRIC_REPRESENTATION_CONTEXT(2) 
PARAMETRIC_REPRESENTATION_CONTEXT() REPRESENTATION_CONTEXT('2D SPACE',''
  ) );
#16527 = ORIENTED_EDGE('',*,*,#15878,.F.);
#16528 = ORIENTED_EDGE('',*,*,#15758,.F.);
#16529 = ORIENTED_EDGE('',*,*,#15728,.T.);
#16530 = ORIENTED_EDGE('',*,*,#15678,.T.);
#16531 = ADVANCED_FACE('',(#16532),#15867,.F.);
#16532 = FACE_BOUND('',#16533,.F.);
#16533 = EDGE_LOOP('',(#16534,#16535,#16558,#16579));
#16534 = ORIENTED_EDGE('',*,*,#16507,.F.);
#16535 = ORIENTED_EDGE('',*,*,#16536,.F.);
#16536 = EDGE_CURVE('',#16537,#16485,#16539,.T.);
#16537 = VERTEX_POINT('',#16538);
#16538 = CARTESIAN_POINT('',(40.9,35.3,25.));
#16539 = SURFACE_CURVE('',#16540,(#16544,#16551),.PCURVE_S1.);
#16540 = LINE('',#16541,#16542);
#16541 = CARTESIAN_POINT('',(40.9,35.3,25.));
#16542 = VECTOR('',#16543,1.);
#16543 = DIRECTION('',(1.,0.,0.));
#16544 = PCURVE('',#15867,#16545);
#16545 = DEFINITIONAL_REPRESENTATION('',(#16546),#16550);
#16546 = LINE('',#16547,#16548);
#16547 = CARTESIAN_POINT('',(0.,0.));
#16548 = VECTOR('',#16549,1.);
#16549 = DIRECTION('',(0.,1.));
#16550 = ( GEOMETRIC_REPRESENTATION_CONTEXT(2) 
PARAMETRIC_REPRESENTATION_CONTEXT() REPRESENTATION_CONTEXT('2D SPACE',''
  ) );
#16551 = PCURVE('',#15990,#16552);
#16552 = DEFINITIONAL_REPRESENTATION('',(#16553),#16557);
#16553 = LINE('',#16554,#16555);
#16554 = CARTESIAN_POINT('',(0.,6.6));
#16555 = VECTOR('',#16556,1.);
#16556 = DIRECTION('',(1.,0.));
#16557 = ( GEOMETRIC_REPRESENTATION_CONTEXT(2) 
PARAMETRIC_REPRESENTATION_CONTEXT() REPRESENTATION_CONTEXT('2D SPACE',''
  ) );
#16558 = ORIENTED_EDGE('',*,*,#16559,.T.);
#16559 = EDGE_CURVE('',#16537,#15827,#16560,.T.);
#16560 = SURFACE_CURVE('',#16561,(#16565,#16572),.PCURVE_S1.);
#16561 = LINE('',#16562,#16563);
#16562 = CARTESIAN_POINT('',(40.9,35.3,25.));
#16563 = VECTOR('',#16564,1.);
#16564 = DIRECTION('',(0.,0.,1.));
#16565 = PCURVE('',#15867,#16566);
#16566 = DEFINITIONAL_REPRESENTATION('',(#16567),#16571);
#16567 = LINE('',#16568,#16569);
#16568 = CARTESIAN_POINT('',(0.,0.));
#16569 = VECTOR('',#16570,1.);
#16570 = DIRECTION('',(1.,0.));
#16571 = ( GEOMETRIC_REPRESENTATION_CONTEXT(2) 
PARAMETRIC_REPRESENTATION_CONTEXT() REPRESENTATION_CONTEXT('2D SPACE',''
  ) );
#16572 = PCURVE('',#15841,#16573);
#16573 = DEFINITIONAL_REPRESENTATION('',(#16574),#16578);
#16574 = LINE('',#16575,#16576);
#16575 = CARTESIAN_POINT('',(0.,-6.6));
#16576 = VECTOR('',#16577,1.);
#16577 = DIRECTION('',(1.,0.));
#16578 = ( GEOMETRIC_REPRESENTATION_CONTEXT(2) 
PARAMETRIC_REPRESENTATION_CONTEXT() REPRESENTATION_CONTEXT('2D SPACE',''
  ) );
#16579 = ORIENTED_EDGE('',*,*,#15852,.F.);
#16580 = ADVANCED_FACE('',(#16581),#15841,.T.);
#16581 = FACE_BOUND('',#16582,.T.);
#16582 = EDGE_LOOP('',(#16583,#16584,#16585,#16606));
#16583 = ORIENTED_EDGE('',*,*,#15826,.F.);
#16584 = ORIENTED_EDGE('',*,*,#16079,.F.);
#16585 = ORIENTED_EDGE('',*,*,#16586,.T.);
#16586 = EDGE_CURVE('',#16080,#16537,#16587,.T.);
#16587 = SURFACE_CURVE('',#16588,(#16592,#16599),.PCURVE_S1.);
#16588 = LINE('',#16589,#16590);
#16589 = CARTESIAN_POINT('',(40.9,28.7,25.));
#16590 = VECTOR('',#16591,1.);
#16591 = DIRECTION('',(0.,1.,0.));
#16592 = PCURVE('',#15841,#16593);
#16593 = DEFINITIONAL_REPRESENTATION('',(#16594),#16598);
#16594 = LINE('',#16595,#16596);
#16595 = CARTESIAN_POINT('',(0.,0.));
#16596 = VECTOR('',#16597,1.);
#16597 = DIRECTION('',(0.,-1.));
#16598 = ( GEOMETRIC_REPRESENTATION_CONTEXT(2) 
PARAMETRIC_REPRESENTATION_CONTEXT() REPRESENTATION_CONTEXT('2D SPACE',''
  ) );
#16599 = PCURVE('',#15990,#16600);
#16600 = DEFINITIONAL_REPRESENTATION('',(#16601),#16605);
#16601 = LINE('',#16602,#16603);
#16602 = CARTESIAN_POINT('',(0.,0.));
#16603 = VECTOR('',#16604,1.);
#16604 = DIRECTION('',(0.,1.));
#16605 = ( GEOMETRIC_REPRESENTATION_CONTEXT(2) 
PARAMETRIC_REPRESENTATION_CONTEXT() REPRESENTATION_CONTEXT('2D SPACE',''
  ) );
#16606 = ORIENTED_EDGE('',*,*,#16559,.T.);
#16607 = ADVANCED_FACE('',(#16608),#15921,.F.);
#16608 = FACE_BOUND('',#16609,.F.);
#16609 = EDGE_LOOP('',(#16610,#16611,#16612,#16613));
#16610 = ORIENTED_EDGE('',*,*,#15903,.F.);
#16611 = ORIENTED_EDGE('',*,*,#16029,.T.);
#16612 = ORIENTED_EDGE('',*,*,#16053,.T.);
#16613 = ORIENTED_EDGE('',*,*,#16614,.F.);
#16614 = EDGE_CURVE('',#15906,#16054,#16615,.T.);
#16615 = SURFACE_CURVE('',#16616,(#16620,#16626),.PCURVE_S1.);
#16616 = LINE('',#16617,#16618);
#16617 = CARTESIAN_POINT('',(41.5,29.95,25.));
#16618 = VECTOR('',#16619,1.);
#16619 = DIRECTION('',(0.,1.,0.));
#16620 = PCURVE('',#15921,#16621);
#16621 = DEFINITIONAL_REPRESENTATION('',(#16622),#16625);
#16622 = B_SPLINE_CURVE_WITH_KNOTS('',1,(#16623,#16624),.UNSPECIFIED.,
  .F.,.F.,(2,2),(1.25,2.85),.PIECEWISE_BEZIER_KNOTS.);
#16623 = CARTESIAN_POINT('',(0.5,0.));
#16624 = CARTESIAN_POINT('',(0.5,-1.6));
#16625 = ( GEOMETRIC_REPRESENTATION_CONTEXT(2) 
PARAMETRIC_REPRESENTATION_CONTEXT() REPRESENTATION_CONTEXT('2D SPACE',''
  ) );
#16626 = PCURVE('',#15990,#16627);
#16627 = DEFINITIONAL_REPRESENTATION('',(#16628),#16631);
#16628 = B_SPLINE_CURVE_WITH_KNOTS('',1,(#16629,#16630),.UNSPECIFIED.,
  .F.,.F.,(2,2),(1.25,2.85),.PIECEWISE_BEZIER_KNOTS.);
#16629 = CARTESIAN_POINT('',(0.6,2.5));
#16630 = CARTESIAN_POINT('',(0.6,4.1));
#16631 = ( GEOMETRIC_REPRESENTATION_CONTEXT(2) 
PARAMETRIC_REPRESENTATION_CONTEXT() REPRESENTATION_CONTEXT('2D SPACE',''
  ) );
#16632 = ADVANCED_FACE('',(#16633),#15990,.T.);
#16633 = FACE_BOUND('',#16634,.T.);
#16634 = EDGE_LOOP('',(#16635,#16636,#16637,#16638,#16639,#16640,#16641,
    #16642));
#16635 = ORIENTED_EDGE('',*,*,#16408,.F.);
#16636 = ORIENTED_EDGE('',*,*,#16456,.T.);
#16637 = ORIENTED_EDGE('',*,*,#16484,.T.);
#16638 = ORIENTED_EDGE('',*,*,#16536,.F.);
#16639 = ORIENTED_EDGE('',*,*,#16586,.F.);
#16640 = ORIENTED_EDGE('',*,*,#16100,.F.);
#16641 = ORIENTED_EDGE('',*,*,#16614,.F.);
#16642 = ORIENTED_EDGE('',*,*,#15977,.T.);
#16643 = ADVANCED_FACE('',(#16644),#16244,.T.);
#16644 = FACE_BOUND('',#16645,.T.);
#16645 = EDGE_LOOP('',(#16646,#16647,#16648,#16649));
#16646 = ORIENTED_EDGE('',*,*,#16360,.F.);
#16647 = ORIENTED_EDGE('',*,*,#16230,.T.);
#16648 = ORIENTED_EDGE('',*,*,#16284,.T.);
#16649 = ORIENTED_EDGE('',*,*,#16333,.F.);
#16650 = ( GEOMETRIC_REPRESENTATION_CONTEXT(3) 
GLOBAL_UNCERTAINTY_ASSIGNED_CONTEXT((#16654)) 
GLOBAL_UNIT_ASSIGNED_CONTEXT((#16651,#16652,#16653)) 
REPRESENTATION_CONTEXT('Context #1',
  '3D Context with UNIT and UNCERTAINTY') );
#16651 = ( LENGTH_UNIT() NAMED_UNIT(*) SI_UNIT(.MILLI.,.METRE.) );
#16652 = ( NAMED_UNIT(*) PLANE_ANGLE_UNIT() SI_UNIT($,.RADIAN.) );
#16653 = ( NAMED_UNIT(*) SI_UNIT($,.STERADIAN.) SOLID_ANGLE_UNIT() );
#16654 = UNCERTAINTY_MEASURE_WITH_UNIT(LENGTH_MEASURE(5.E-06),#16651,
  'distance_accuracy_value','confusion accuracy');
#16655 = PRODUCT_RELATED_PRODUCT_CATEGORY('part',$,(#7));
ENDSEC;
END-ISO-10303-21;
